t,t_read,q_target_1,q_target_2,q_target_3,q_target_4,q_target_5,q_target_6,q_1,q_2,q_3,q_4,q_5,q_6,dq_1,dq_2,dq_3,dq_4,dq_5,dq_6,load_1,load_2,load_3,load_4,load_5,load_6
1.334003172814846e-06,0.004132542002480477,4.42175041540616e-22,2.947833610270773e-22,-3.6847920124464315e-22,1.4067801338024323e-16,2.1101702007036486e-16,6.63262562310924e-22,0.703125,0.52734375,-0.615234375,-0.615234375,-0.87890625,0.615234375,0.0,0.0,0.0,0.0,0.0,0.0,4.0,2.4,-3.2,-3.2,-5.6,3.2
0.004219041991746053,0.008091458992566913,4.405401085386944e-08,2.9369340569246294e-08,-3.671167571155818e-08,4.431534271226288e-06,6.647301406839432e-06,6.608101628080415e-08,0.703125,0.52734375,-0.615234375,-0.615234375,-0.87890625,0.615234375,0.0,0.0,0.0,0.0,0.0,0.0,4.0,2.4,-3.2,-3.2,-5.6,3.2
0.008155458985129371,0.012077708990545943,6.126331329744858e-07,4.084220886496573e-07,-5.105276108120689e-07,3.187991675073116e-05,4.7819875126096735e-05,9.189496994617288e-07,0.703125,0.52734375,-0.615234375,-0.615234375,-0.87890625,0.615234375,0.0,0.0,0.0,0.0,0.0,0.0,4.0,2.4,-3.2,-3.2,-5.6,3.2
0.01212870900053531,0.016096334002213553,2.9848121011596284e-06,1.989874734106419e-06,-2.4873434176330078e-06,0.00010443323586939904,0.00015664985380409857,4.477218151739442e-06,0.703125,0.52734375,-0.615234375,-0.615234375,-0.87890625,0.615234375,0.0,0.0,0.0,0.0,0.0,0.0,4.0,2.4,-3.2,-3.2,-5.6,3.2
0.016148249997058883,0.02011558398953639,9.34077682072859e-06,6.227184547152393e-06,-7.783980683940515e-06,0.000245444462008492,0.000368166693012738,1.4011165231092882e-05,0.703125,0.52734375,-0.615234375,-0.615234375,-0.87890625,0.615234375,0.0,0.0,0.0,0.0,0.0,0.0,4.0,2.4,-3.2,-3.2,-5.6,3.2
0.020176958991214633,0.023982999991858378,2.267322267641936e-05,1.5115481784279574e-05,-1.8894352230349362e-05,0.0004767612558902165,0.0007151418838353248,3.400983401462904e-05,0.703125,0.52734375,-0.615234375,-0.615234375,-0.87890625,0.615234375,0.0,0.0,0.0,0.0,0.0,0.0,4.0,2.4,-3.2,-3.2,-5.6,3.2
0.02401570900110528,0.027036874991608784,4.5327029069401855e-05,3.0218019379601237e-05,-3.777252422450138e-05,0.000800653533812281,0.0012009803007184214,6.799054360410279e-05,0.703125,0.52734375,-0.615234375,-0.615234375,-0.87890625,0.615234375,0.0,0.0,0.0,0.0,0.0,0.0,4.0,2.4,-3.2,-3.2,-5.6,3.2
0.027089458977570757,0.03104237499064766,7.314722676936213e-05,4.8764817846241416e-05,-6.095602230780134e-05,0.0011453129332917196,0.0017179693999375795,0.00010972084015404319,0.703125,0.52734375,-0.615234375,-0.615234375,-0.87890625,0.615234375,0.0,0.0,0.0,0.0,0.0,0.0,4.0,2.4,-3.2,-3.2,-5.6,3.2
0.03107804199680686,0.03446562497993,0.0001261867247696354,8.412448317975692e-05,-0.0001051556039746957,0.0017218832369170238,0.002582824855375536,0.00018928008715445306,0.703125,0.52734375,-0.615234375,-0.615234375,-0.87890625,0.615234375,0.0,0.0,0.0,0.0,0.0,0.0,4.0,2.4,-3.2,-3.2,-5.6,3.2
0.034562916989671066,0.038102458987850696,0.00019233697892175348,0.0001282246526145023,-0.0001602808157681274,0.002359468975395861,0.0035392034630937915,0.0002885054683826302,0.703125,0.52734375,-0.615234375,-0.615234375,-0.87890625,0.615234375,0.0,0.0,0.0,0.0,0.0,0.0,4.0,2.4,-3.2,-3.2,-5.6,3.2
0.03814424999291077,0.041997874999651685,0.0002842555060248515,0.00018950367068323434,-0.0002368795883540425,0.0031589919843213196,0.004738487976481979,0.0004263832590372772,0.703125,0.52734375,-0.615234375,-0.615234375,-0.87890625,0.615234375,0.0,0.0,0.0,0.0,0.0,0.0,4.0,2.4,-3.2,-3.2,-5.6,3.2
0.04203558398876339,0.04498299999977462,0.00041752550947185443,0.00027835033964790297,-0.0003479379245598778,0.0042094271123533,0.006314140668529951,0.0006262882642077816,0.703125,0.52734375,-0.615234375,-0.615234375,-0.87890625,0.615234375,0.0,0.0,0.0,0.0,0.0,0.0,4.0,2.4,-3.2,-3.2,-5.6,3.2
0.04501074997824617,0.047977874986827374,0.0005471602811862002,0.0003647735207908001,-0.00045596690098849885,0.005150657503968265,0.007725986255952398,0.0008207404217793003,0.703125,0.52734375,-0.615234375,-0.615234375,-0.87890625,0.615234375,0.0,0.0,0.0,0.0,0.0,0.0,4.0,2.4,-3.2,-3.2,-5.6,3.2
0.04800179199082777,0.05108633398776874,0.000705507944110642,0.00047033862940709464,-0.0005879232867588672,0.006226001115414454,0.009339001673121681,0.001058261916165963,0.703125,0.52734375,-0.615234375,-0.615234375,-0.87890625,0.615234375,0.0,0.0,0.0,0.0,0.0,0.0,4.0,2.4,-3.2,-3.2,-5.6,3.2
0.051104624988511205,0.05410591699182987,0.0009033969221353579,0.0006022646147569052,-0.0007528307684461304,0.007486399262057531,0.011229598893086296,0.001355095383203037,0.703125,0.52734375,-0.615234375,-0.615234375,-0.87890625,0.615234375,0.0,0.0,0.0,0.0,0.0,0.0,4.0,2.4,-3.2,-3.2,-5.6,3.2
0.05411720898700878,0.05696654200437479,0.001132352116936063,0.0007549014112907087,-0.0009436267641133839,0.00885904895212205,0.013288573428183072,0.0016985281754040946,0.703125,0.52734375,-0.615234375,-0.615234375,-0.87890625,0.615234375,0.0,0.0,0.0,0.0,0.0,0.0,4.0,2.4,-3.2,-3.2,-5.6,3.2
0.05699404198094271,0.059964791988022625,0.0013887308302478986,0.0009258205534985989,-0.001157275691873245,0.01031371273931561,0.015470569108973414,0.002083096245371848,0.703125,0.52734375,-0.615234375,-0.615234375,-0.87890625,0.615234375,0.0,0.0,0.0,0.0,0.0,0.0,4.0,2.4,-3.2,-3.2,-5.6,3.2
0.059988041990436614,0.06296779197873548,0.0016988683483459615,0.0011325788988973077,-0.0014157236236216327,0.011983835821575263,0.017975753732362897,0.002548302522518942,0.703125,0.52734375,-0.615234375,-0.615234375,-0.87890625,0.615234375,0.0,0.0,0.0,0.0,0.0,0.0,4.0,2.4,-3.2,-3.2,-5.6,3.2
0.06298887499724515,0.06617591698886827,0.002058490113813223,0.0013723267425421485,-0.0017154084281776844,0.013824624806485955,0.020736937209728936,0.003087735170719834,0.703125,0.52734375,-0.615234375,-0.615234375,-0.87890625,0.615234375,0.0,0.0,0.0,0.0,0.0,0.0,4.0,2.4,-3.2,-3.2,-5.6,3.2
0.0662067919911351,0.07070437498623505,0.0025037352789490023,0.0016691568526326682,-0.002086446065790832,0.015992084169510562,0.023988126254265843,0.003755602918423503,0.703125,0.52734375,-0.615234375,-0.615234375,-0.87890625,0.615234375,0.0,0.0,0.0,0.0,0.0,0.0,4.0,2.4,-3.2,-3.2,-5.6,3.2
0.0707388749870006,0.07398399998783134,0.0032468845362700065,0.002164589690846671,-0.002705737113558336,0.019400146239141543,0.029100219358712317,0.00487032680440501,0.703125,0.52734375,-0.615234375,-0.615234375,-0.87890625,0.615234375,0.0,0.0,0.0,0.0,0.0,0.0,4.0,2.4,-3.2,-3.2,-5.6,3.2
0.07401275000302121,0.07699012500233948,0.003877076094215277,0.002584717396143518,-0.0032308967451793956,0.02213215947660283,0.033198239214904245,0.0058156141413229145,0.703125,0.52734375,-0.615234375,-0.615234375,-0.87890625,0.615234375,0.0,0.0,0.0,0.0,0.0,0.0,4.0,2.4,-3.2,-3.2,-5.6,3.2
0.07701379200443625,0.07998204199247994,0.004530231274998818,0.0030201541833325455,-0.0037751927291656707,0.02484362187698223,0.03726543281547334,0.006795346912498227,0.703125,0.52734375,-0.615234375,-0.615234375,-0.87890625,0.615234375,0.0,0.0,0.0,0.0,0.0,0.0,4.0,2.4,-3.2,-3.2,-5.6,3.2
0.08000575000187382,0.08301595898228697,0.005258943546224227,0.0035059623641494845,-0.004382452955186857,0.027750534054809387,0.04162580108221408,0.007888415319336338,0.703125,0.52734375,-0.615234375,-0.615234375,-0.87890625,0.615234375,0.0,0.0,0.0,0.0,0.0,0.0,4.0,2.4,-3.2,-3.2,-5.6,3.2
0.08304516700445674,0.08609987498493865,0.006084298589046032,0.0040561990593640206,-0.005070248824205016,0.030918029808710067,0.0463770447130651,0.009126447883569047,0.703125,0.52734375,-0.615234375,-0.615234375,-0.87890625,0.615234375,0.0,0.0,0.0,0.0,0.0,0.0,4.0,2.4,-3.2,-3.2,-5.6,3.2
0.08613441698253155,0.09004608399118297,0.007017297698297373,0.004678198465531582,-0.005847748081914468,0.03436533685537389,0.05154800528306084,0.010525946547446059,0.703125,0.52734375,-0.615234375,-0.615234375,-0.87890625,0.615234375,0.0,0.0,0.0,0.0,0.0,0.0,4.0,2.4,-3.2,-3.2,-6.4,3.2
0.090073792001931,0.09300166700268164,0.008355044043246163,0.005570029362164109,-0.006962536702705135,0.03910457217994446,0.058656858269916685,0.012532566064869246,0.703125,0.52734375,-0.615234375,-0.615234375,-0.87890625,0.615234375,0.0,0.0,0.0,0.0,0.0,0.0,4.0,2.4,-3.2,-3.2,-6.5,3.2
0.09302699999534525,0.09598583399201743,0.009474465747764293,0.006316310498509528,-0.007895388123136893,0.04291685892135592,0.06437528838203388,0.014211698621646437,0.703125,0.52734375,-0.615234375,-0.615234375,-0.87890625,0.615234375,0.0,0.0,0.0,0.0,0.0,0.0,4.0,2.4,-3.2,-3.2,-6.5,3.2
0.09601258399197832,0.09897508399444632,0.010714554898440072,0.0071430365989600475,-0.008928795748700046,0.0470028832594227,0.07050432488913405,0.01607183234766011,0.703125,0.52734375,-0.615234375,-0.615234375,-0.87890625,0.615234375,0.0,0.0,0.0,0.0,0.0,0.0,4.0,2.4,-3.2,-3.2,-6.5,3.2
0.09900208399631083,0.10205845898599364,0.012071871397351948,0.008047914264901299,-0.010059892831126606,0.05133318856571411,0.07699978284857117,0.018107807096027922,0.703125,0.52734375,-0.615234375,-0.615234375,-0.87890625,0.615234375,0.0,0.0,0.0,0.0,0.0,0.0,4.0,2.4,-3.2,-4.0,-6.4,3.2
0.10209187498549,0.1050743339874316,0.013603264974768261,0.009068843316512174,-0.011336054145640219,0.05606546211341888,0.08409819317012832,0.02040489746215239,0.703125,0.52734375,-0.615234375,-0.615234375,-0.87890625,0.615234375,0.0,0.0,0.0,0.0,0.0,0.0,4.0,2.4,-3.2,-4.0,-6.4,3.2
0.10510195899405517,0.10805879198596813,0.015227784303468205,0.010151856202312137,-0.012689820252890161,0.06093176783772471,0.09139765175658705,0.022841676455202308,0.703125,0.52734375,-0.615234375,-0.615234375,-0.87890625,0.615234375,0.0,0.0,0.0,0.0,0.0,0.0,4.0,2.4,-3.2,-4.0,-6.4,3.2
0.10809174997848459,0.11114812499727122,0.016977881513995104,0.011318587675996737,-0.01414823459499593,0.06602039704904082,0.09903059557356123,0.025466822270992655,0.703125,0.52734375,-0.615234375,-0.615234375,-0.87890625,0.615234375,0.0,0.0,0.0,0.0,0.0,0.0,4.0,2.4,-3.2,-4.0,-6.4,3.2
0.11120612500235438,0.11509866698179394,0.018953122163360543,0.012635414775573695,-0.015794268469467125,0.07159651125670936,0.10739476688506404,0.02842968324504081,0.703125,0.52734375,-0.615234375,-0.615234375,-0.87890625,0.615234375,0.0,0.0,0.0,0.0,0.0,0.0,4.0,2.4,-3.2,-4.0,-6.4,3.2
0.11515087500447407,0.11915858398424461,0.021690363929286013,0.014460242619524008,-0.018075303274404986,0.07907071910377723,0.11860607865566584,0.03253554589392902,0.703125,0.52734375,-0.615234375,-0.615234375,-0.87890625,0.615234375,0.0,0.0,0.0,0.0,0.0,0.0,4.0,2.4,-3.2,-4.0,-6.4,3.2
0.11922129199956544,0.12300749999121763,0.02480692240257358,0.016537948268382386,-0.020672435335477968,0.08727481339330591,0.13091222008995887,0.03721038360386037,0.703125,0.52734375,-0.615234375,-0.615234375,-0.87890625,0.615234375,0.0,0.0,0.0,0.0,0.0,0.0,4.0,2.4,-3.2,-4.0,-6.4,3.2
0.12304449998191558,0.12600670900428668,0.028020845167987172,0.01868056344532478,-0.02335070430665596,0.09544482099787734,0.14316723149681598,0.04203126775198076,0.703125,0.52734375,-0.615234375,-0.615234375,-0.87890625,0.615234375,0.0,0.0,0.0,0.0,0.0,0.0,4.0,2.4,-3.2,-4.0,-6.4,3.2
0.12603154199314304,0.12900983399595134,0.030735431928704447,0.02049028795246963,-0.02561285994058702,0.1021463465060577,0.15321951975908654,0.046103147893056674,0.703125,0.52734375,-0.615234375,-0.615234375,-0.87890625,0.615234375,0.0,0.0,0.0,0.0,0.0,0.0,4.0,2.4,-3.2,-4.0,-7.2,3.2
0.12903854198521003,0.1320374589995481,0.03365694178021432,0.022437961186809546,-0.028047451483511926,0.10917891791367862,0.16376837687051796,0.05048541267032148,0.703125,0.52734375,-0.615234375,-0.615234375,-0.87890625,0.615234375,0.0,0.0,0.0,0.0,0.0,0.0,4.0,2.4,-3.2,-4.0,-7.3,2.3
0.13206733399420045,0.1350702499912586,0.03679905168491422,0.024532701123276147,-0.030665876404095176,0.11655654676127025,0.17483482014190538,0.05519857752737133,0.703125,0.52734375,-0.615234375,-0.615234375,-0.87890625,0.615234375,0.0,0.0,0.0,0.0,0.0,0.0,4.0,2.4,-3.2,-4.0,-7.3,2.3
0.1350977919937577,0.13903587497770786,0.040151323406826235,0.026767548937884158,-0.03345943617235516,0.12423724695018645,0.18635587042527968,0.06022698511023935,0.703125,0.52734375,-0.615234375,-0.615234375,-0.87890625,0.615234375,0.0,0.0,0.0,0.0,0.0,0.0,4.0,2.4,-3.2,-4.0,-7.3,2.3
0.13906499999575317,0.14200945899938233,0.04486868950993404,0.02991245967328936,-0.037390574591611686,0.13474996789588192,0.20212495184382293,0.06730303426490106,0.703125,0.52734375,-0.615234375,-0.615234375,-0.87890625,0.615234375,0.0,0.0,0.0,0.0,0.0,0.0,4.0,2.4,-3.2,-4.0,-7.2,2.4
0.14203762498800643,0.1450634170032572,0.04865806706348855,0.032438711375659034,-0.0405483892195738,0.14297139960410632,0.21445709940615948,0.07298710059523282,0.703125,0.52734375,-0.615234375,-0.615234375,-0.87890625,0.615234375,0.0,0.0,0.0,0.0,0.0,0.0,3.2,2.4,-3.2,-4.8,-7.2,2.4
0.14509899998665787,0.14807408399065025,0.05279794131950726,0.03519862754633817,-0.04399828443292273,0.15174999559140284,0.2276249933871043,0.07919691197926089,0.703125,0.52734375,-0.615234375,-0.615234375,-0.87890625,0.615234375,0.0,0.0,0.0,0.0,0.0,0.0,3.2,2.4,-3.2,-4.8,-7.2,2.4
0.14811091698356904,0.1520652089966461,0.05711442550815465,0.0380762836721031,-0.047595354590128834,0.16069835376826838,0.2410475306524026,0.08567163826223197,0.703125,0.52734375,-0.615234375,-0.615234375,-0.87890625,0.615234375,0.0,0.0,0.0,0.0,0.0,0.0,3.2,2.4,-2.4,-4.8,-8.1,2.4
0.15212183399125934,0.15614816697780043,0.06325219583631368,0.042168130557542455,-0.05271016319692805,0.17309924519612682,0.2596488677941902,0.09487829375447053,0.703125,0.52734375,-0.615234375,-0.615234375,-0.87890625,0.615234375,0.0,0.0,0.0,0.0,0.0,0.0,3.1,2.4,-2.4,-4.8,-8.1,2.4
0.1562033339869231,0.15997195898671634,0.06997387466460869,0.0466492497764058,-0.05831156222050719,0.18629218073854203,0.279438271107813,0.10496081199691305,0.703125,0.52734375,-0.615234375,-0.615234375,-0.87890625,0.615234375,0.0,0.0,0.0,0.0,0.0,0.0,3.1,2.4,-2.3,-4.8,-8.0,2.4
0.16000845900271088,0.16296733397757635,0.07669154073936874,0.051127693826245824,-0.06390961728280724,0.19911823632008804,0.2986773544801321,0.1150373111090531,0.703125,0.52734375,-0.615234375,-0.615234375,-0.87890625,0.615234375,0.0,0.0,0.0,0.0,0.0,0.0,3.1,1.6,-2.3,-4.8,-8.0,2.4
0.16301074999500997,0.16599083397886716,0.08231089678447366,0.05487393118964911,-0.06859241398706138,0.20959962626996737,0.3143994394049511,0.12346634517671048,0.703125,0.52734375,-0.615234375,-0.615234375,-0.87890625,0.615234375,0.0,0.0,0.0,0.0,0.0,0.0,3.1,1.6,-2.3,-4.8,-8.0,2.4
0.1660244170052465,0.1689959589857608,0.08824405691660463,0.058829371277736416,-0.07353671409717054,0.22044353451187224,0.3306653017678084,0.13236608537490696,0.703125,0.52734375,-0.615234375,-0.615234375,-0.87890625,0.615234375,0.0,0.0,0.0,0.0,0.0,0.0,3.1,1.6,-2.3,-4.8,-8.9,2.4
0.16903012499096803,0.17194779199780896,0.09446221737842016,0.06297481158561344,-0.07871851448201676,0.23158274167760504,0.3473741125164076,0.14169332606763022,0.703125,0.52734375,-0.615234375,-0.52734375,-0.87890625,0.615234375,0.0,0.0,0.0,0.0,0.0,0.0,3.1,1.6,-2.3,-4.8,-8.9,1.5
0.17197195900371298,0.17495504199177958,0.10084746915074547,0.06723164610049698,-0.08403955762562122,0.24280008706690992,0.3642001306003648,0.15127120372611821,0.703125,0.52734375,-0.615234375,-0.52734375,-0.87890625,0.615234375,0.0,0.0,0.0,0.0,0.0,0.0,3.2,1.6,-2.3,-4.8,-8.9,1.5
0.17497674998594448,0.17797858398989774,0.1076836364327736,0.07178909095518239,-0.08973636369397793,0.25458050441672037,0.3818707566250805,0.16152545464916038,0.703125,0.52734375,-0.615234375,-0.52734375,-0.87890625,0.615234375,0.0,0.0,0.0,0.0,0.0,0.0,3.2,1.5,-2.4,-4.8,-8.9,1.5
0.1780079169839155,0.1809404999949038,0.11491055071521203,0.07660703381014136,-0.0957587922626767,0.2667964305724741,0.4001946458587111,0.17236582607281803,0.703125,0.52734375,-0.615234375,-0.52734375,-0.87890625,0.615234375,0.0,0.0,0.0,0.0,0.0,0.0,3.2,1.5,-2.4,-4.8,-8.8,1.5
0.18096445899573155,0.18397749998257495,0.12228827138162367,0.08152551425441579,-0.10190689281801964,0.27903411175029463,0.4185511676254419,0.1834324070724355,0.703125,0.52734375,-0.615234375,-0.52734375,-0.87890625,0.615234375,0.0,0.0,0.0,0.0,0.0,0.0,3.2,1.5,-2.4,-4.8,-9.6,1.6
0.18400716700125486,0.1869615839968901,0.13022902058741664,0.08681934705827778,-0.10852418382284726,0.2919620450149717,0.43794306752245754,0.195343530881125,0.703125,0.52734375,-0.615234375,-0.52734375,-0.87890625,0.615234375,0.0,0.0,0.0,0.0,0.0,0.0,3.2,1.5,-2.4,-4.8,-9.6,1.6
0.18699608399765566,0.18996529199648649,0.1383820166592137,0.09225467777280914,-0.1153183472160113,0.3049917817476996,0.4574876726215494,0.20757302498882058,0.703125,0.52734375,-0.615234375,-0.52734375,-0.87890625,0.615234375,0.0,0.0,0.0,0.0,0.0,0.0,3.2,1.5,-2.4,-4.8,-9.7,1.6
0.18999587500002235,0.19299012498231605,0.14692502897444068,0.0979500193162938,-0.12243752414536714,0.31839885458132233,0.4775982818719835,0.22038754346166106,0.703125,0.52734375,-0.615234375,-0.439453125,-0.87890625,0.615234375,0.0,0.0,0.0,0.0,0.0,0.0,2.4,1.5,-2.4,-4.0,-9.7,1.6
0.19301733397878706,0.19596216699574143,0.1559037537783859,0.10393583585225727,-0.1299197948153216,0.3322374840629935,0.4983562260944902,0.23385563066757886,0.703125,0.52734375,-0.615234375,-0.439453125,-0.791015625,0.615234375,0.0,0.0,0.0,0.0,0.0,0.0,2.3,1.5,-2.4,-4.8,-8.9,0.8
0.19598916699760593,0.19899212499149144,0.165110046213876,0.110073364142584,-0.1375917051782299,0.3461769434407704,0.5192654151611557,0.247665069320814,0.703125,0.52734375,-0.615234375,-0.439453125,-0.791015625,0.615234375,0.0,0.0,0.0,0.0,0.0,0.0,2.3,1.6,-2.4,-4.8,-9.6,0.8
0.1990186249895487,0.2020362089970149,0.17488678613789085,0.11659119075859391,-0.14573898844824232,0.36072191925500136,0.5410828788825021,0.26233017920683627,0.703125,0.52734375,-0.615234375,-0.439453125,-0.703125,0.615234375,0.0,0.0,0.0,0.0,0.0,0.0,2.3,1.6,-1.6,-4.8,-8.8,0.7
0.2020699589920696,0.20501558398245834,0.18514346016843503,0.12342897344562336,-0.1542862168070292,0.37571419113139753,0.5635712866970962,0.2777151902526525,0.703125,0.52734375,-0.615234375,-0.439453125,-0.615234375,0.615234375,0.0,0.0,0.0,0.0,13.18359375,0.0,2.3,1.6,-1.6,-4.8,-8.0,0.7
0.20504741699551232,0.20797958399634808,0.1955568682160833,0.13037124547738888,-0.16296405684673612,0.39067460131434734,0.5860119019715211,0.293335302324125,0.703125,0.52734375,-0.615234375,-0.439453125,-0.615234375,0.615234375,0.0,0.0,0.0,0.0,13.18359375,0.0,2.3,1.6,-1.6,-4.8,-8.0,0.7
0.20800608399440534,0.21097604199894704,0.20630966015105623,0.13753977343403748,-0.17192471679254664,0.4058644164001046,0.6087966246001569,0.30946449022658434,0.703125,0.52734375,-0.615234375,-0.439453125,-0.52734375,0.615234375,0.0,0.0,0.0,0.0,13.18359375,0.0,2.3,1.6,-1.6,-4.8,-7.8,0.7
0.21100283399573527,0.21396433399058878,0.2176213857182764,0.1450809238121843,-0.18135115476523023,0.42157851215930525,0.6323677682389578,0.32643207857741463,0.703125,0.52734375,-0.615234375,-0.439453125,-0.439453125,0.615234375,0.0,0.0,0.0,0.0,13.18359375,0.0,2.3,0.8,-1.6,-5.6,-7.0,-0.1
0.21399808398564346,0.21697604199289344,0.22935928730283237,0.15290619153522156,-0.19113273941902692,0.4376149201382602,0.6564223802073903,0.34403893095424853,0.703125,0.52734375,-0.615234375,-0.439453125,-0.3515625,0.615234375,0.0,0.0,0.0,0.0,13.18359375,0.0,2.4,0.8,-1.5,-5.6,-6.2,-0.1
0.21700395899824798,0.2201060839870479,0.24158188140161566,0.1610545876010771,-0.20131823450134637,0.454039480508858,0.681059220763287,0.36237282210242344,0.703125,0.52734375,-0.615234375,-0.439453125,-0.263671875,0.615234375,0.0,0.0,0.0,0.0,13.18359375,0.0,1.6,0.7,-1.5,-5.6,-5.3,-0.1
0.2201451669970993,0.22404062500572763,0.2548388384325013,0.16989255895500086,-0.2123656986937511,0.4715573249632008,0.7073359874448013,0.38225825764875193,0.703125,0.52734375,-0.615234375,-0.3515625,-0.17578125,0.615234375,0.0,0.0,0.0,0.0,13.18359375,0.0,1.6,0.7,-1.5,-4.8,-5.3,-0.0
0.22411149999243207,0.22804679197724909,0.27230062883202966,0.18153375255468643,-0.22691719069335792,0.4941916949114824,0.7412875423672237,0.40845094324804443,0.703125,0.52734375,-0.615234375,-0.3515625,-0.087890625,0.615234375,0.0,0.0,0.0,0.0,21.97265625,0.0,1.6,0.7,-1.5,-4.8,-4.5,-0.0
0.22809508399222977,0.23205812499509193,0.29066946868687166,0.1937796457912478,-0.24222455723905967,0.5175007441814067,0.77625111627211,0.4360042030303075,0.703125,0.52734375,-0.615234375,-0.3515625,-0.087890625,0.615234375,0.0,0.0,0.0,0.0,21.97265625,0.0,1.6,0.7,-0.7,-5.6,-4.7,-0.0
0.2321080839901697,0.23607212500064634,0.3100372688900738,0.20669151259338253,-0.25836439074172807,0.5415628926633334,0.8123443389950001,0.4650559033351107,0.703125,0.52734375,-0.615234375,-0.3515625,-0.087890625,0.615234375,0.0,0.0,0.0,0.0,21.97265625,0.0,1.5,0.7,-0.7,-5.6,-5.5,-0.0
0.2361361249932088,0.24001120898174122,0.3303704221598208,0.22024694810654724,-0.2753086851331839,0.5662982156922444,0.8494473235383665,0.49555563323973123,0.703125,0.52734375,-0.615234375,-0.263671875,-0.087890625,0.615234375,0.0,0.0,0.0,0.0,21.97265625,0.0,0.7,0.8,-0.7,-4.8,-5.7,-0.0
0.24005933399894275,0.24405249999836087,0.3510546125677013,0.23403640837846754,-0.29254551047308447,0.5909475705048318,0.8864213557572478,0.526581918851552,0.703125,0.52734375,-0.615234375,-0.263671875,0.0,0.615234375,0.0,0.0,0.0,0.0,21.97265625,0.0,0.7,-0.0,-0.7,-4.8,-5.7,-0.0
0.24410329200327396,0.24807912498363294,0.37330556481130367,0.2488703765408691,-0.3110879706760862,0.61692742511634,0.9253911376745099,0.5599583472169555,0.703125,0.52734375,-0.615234375,-0.263671875,0.0,0.615234375,0.0,0.0,0.0,0.0,8.7890625,0.0,0.7,-0.0,-0.7,-5.6,-5.7,-0.0
0.24812766700051725,0.251947583979927,0.39640720298116444,0.26427146865410966,-0.3303393358176369,0.6433530359185421,0.9650295538778131,0.5946108044717466,0.703125,0.52734375,-0.615234375,-0.17578125,0.0,0.615234375,0.0,0.0,0.0,8.7890625,8.7890625,0.0,0.7,-0.0,0.1,-4.8,-6.5,-0.0
0.25197791698155925,0.2559667919995263,0.4194236463948398,0.27961576426322654,-0.349519705329033,0.6691641909034118,1.0037462863551176,0.6291354695922597,0.703125,0.52734375,-0.615234375,-0.17578125,0.0,0.615234375,0.0,0.0,0.0,8.7890625,8.7890625,0.0,-0.2,-0.0,0.1,-4.8,-6.5,-0.0
0.2560139589768369,0.2600391669839155,0.4445308469329209,0.2963538979552806,-0.3704423724441007,0.6967706714203173,1.045156007130476,0.6667962703993814,0.703125,0.52734375,-0.615234375,-0.17578125,0.0,0.615234375,0.0,0.0,0.0,8.7890625,8.7890625,0.0,-0.2,-0.1,0.1,-5.6,-6.4,-0.0
0.2601022919989191,0.26404383400222287,0.47100715098543894,0.3140047673236259,-0.3925059591545323,0.7253024381340439,1.087953657201066,0.7065107264781584,0.703125,0.52734375,-0.615234375,-0.087890625,0.0,0.615234375,0.0,0.0,0.0,8.7890625,8.7890625,0.0,-0.2,-0.1,0.1,-4.8,-7.2,-0.0
0.2640910839836579,0.2680618339800276,0.4978717584648733,0.33191450564324887,-0.414893132054061,0.753683654532162,1.1305254817982429,0.7468076376973101,0.703125,0.52734375,-0.615234375,-0.087890625,0.0,0.615234375,0.0,0.0,0.0,8.7890625,0.0,0.0,-0.2,-0.1,0.1,-4.8,-7.2,-0.0
0.26811229198938236,0.2721257919911295,0.5260076041768221,0.3506717361178814,-0.43833967014735137,0.7828326556108944,1.1742489834163417,0.7890114062652331,0.703125,0.52734375,-0.615234375,-0.087890625,0.087890625,0.615234375,0.0,0.0,0.0,0.0,0.0,0.0,-0.2,-0.1,0.1,-5.6,-7.4,-0.0
0.2721919169998728,0.2760546249919571,0.5556530489837538,0.3704353659891692,-0.4630442074864615,0.8129487753216224,1.2194231629824335,0.8334795734756307,0.703125,0.52734375,-0.615234375,-0.087890625,0.17578125,0.615234375,0.0,0.0,0.0,0.0,0.0,0.0,-0.0,-0.1,0.0,-5.6,-6.6,-0.0
0.27610795898362994,0.27993545899516903,0.5851719194014995,0.390114612934333,-0.48764326616791637,0.8423649889112097,1.2635474833668146,0.8777578791022492,0.703125,0.52734375,-0.615234375,0.0,0.17578125,0.615234375,0.0,0.0,0.0,0.0,0.0,0.0,-0.0,-0.0,0.0,-4.8,-7.1,-0.0
0.279967416980071,0.28298624997842126,0.6153001115238977,0.41020007434926514,-0.5127500929365812,0.8718353510438759,1.3077530265658137,0.9229501672858464,0.703125,0.52734375,-0.615234375,0.0,0.263671875,0.615234375,0.0,0.0,0.0,0.0,0.0,0.0,-0.0,-0.0,0.0,-5.6,-6.3,-0.8
0.28301729197846726,0.28702254200470634,0.6398471474075351,0.4265647649383567,-0.5332059561729456,0.8954553808164781,1.3431830712247175,0.9597707211113027,0.703125,0.52734375,-0.615234375,0.0,0.263671875,0.615234375,0.0,0.0,0.0,0.0,13.18359375,0.0,-0.0,-0.0,0.0,-5.6,-7.1,-0.8
0.28705970899318345,0.29104529198957607,0.6734031570724542,0.44893543804830294,-0.5611692975603784,0.9272062251740317,1.3908093377610473,1.0101047356086814,0.703125,0.52734375,-0.615234375,0.087890625,0.3515625,0.615234375,0.0,0.0,0.0,8.7890625,13.18359375,0.0,-0.0,-0.0,0.0,-4.8,-6.3,-0.8
0.29107350000413135,0.2950131249963306,0.7078898936416496,0.4719265957610997,-0.5899082447013744,0.9592245332984107,1.4388367999476162,1.0618348404624742,0.703125,0.52734375,-0.615234375,0.087890625,0.439453125,0.615234375,0.0,0.0,0.0,8.7890625,13.18359375,0.0,-0.0,-0.0,0.0,-5.6,-6.3,-0.9
0.29503870898042805,0.29904479198739864,0.7431205421945781,0.4954136947963854,-0.6192671184954814,0.99132768367175,1.486991525507625,1.1146808132918673,0.703125,0.52734375,-0.615234375,0.087890625,0.52734375,0.615234375,0.0,0.0,0.0,8.7890625,13.18359375,0.0,-0.0,-0.0,0.0,-5.6,-5.5,-2.5
0.29906412499258295,0.30298312500235625,0.7800849890083129,0.5200566593388753,-0.6500708241735937,1.02438872353658,1.53658308530487,1.1701274835124693,0.703125,0.52734375,-0.615234375,0.17578125,0.615234375,0.615234375,0.0,0.0,0.0,8.7890625,13.18359375,0.0,-0.0,-0.0,0.0,-4.8,-5.5,-2.6
0.30301237499224953,0.30606524998438545,0.8175316360495666,0.545021090699711,-0.6812763633746387,1.0572665264445165,1.5858997896667748,1.2262974540743499,0.703125,0.52734375,-0.615234375,0.17578125,0.615234375,0.615234375,0.0,0.0,0.0,8.7890625,17.578125,0.0,-0.0,-0.0,0.0,-5.6,-5.5,-2.6
0.3060869589971844,0.3099775000009686,0.8475197135094026,0.5650131423396018,-0.7062664279245022,1.083171655790681,1.6247574836860215,1.271279570264104,0.703125,0.52734375,-0.615234375,0.17578125,0.615234375,0.615234375,0.0,0.0,0.0,0.0,17.578125,0.0,-0.0,-0.0,0.0,-5.6,-6.5,-3.4
0.3099933339981362,0.313081833999604,0.8866792863554862,0.5911195242369908,-0.7388994052962382,1.1164587737305651,1.6746881605958477,1.3300189295332294,0.703125,0.52734375,-0.615234375,0.17578125,0.703125,0.615234375,0.0,0.0,0.0,0.0,17.578125,0.0,-0.0,-0.0,0.0,-5.6,-5.7,-3.3
0.31309645899455063,0.3169884170056321,0.9186406844033431,0.6124271229355621,-0.7655339036694523,1.1431929246327317,1.7147893869490975,1.3779610266050146,0.703125,0.52734375,-0.615234375,0.17578125,0.703125,0.615234375,0.0,0.0,0.0,0.0,17.578125,0.0,-0.0,-0.0,0.0,-6.4,-6.5,-4.1
0.3170057089882903,0.3201904169982299,0.9599942714867806,0.639996180991187,-0.7999952262389836,1.1772307878062127,1.7658461817093192,1.439991407230171,0.703125,0.52734375,-0.615234375,0.263671875,0.703125,0.615234375,0.0,0.0,0.0,0.0,17.578125,0.0,-0.0,-0.0,0.0,-5.6,-7.3,-4.9
0.3202128339908086,0.32402133400319144,0.9948373503110135,0.6632249002073423,-0.8290311252591779,1.2054468254609918,1.808170238191488,1.4922560254665203,0.703125,0.52734375,-0.615234375,0.263671875,0.791015625,0.615234375,0.0,0.0,0.0,0.0,17.578125,0.0,-0.0,-0.0,0.0,-5.6,-6.5,-5.0
0.32403795898426324,0.32801654198556207,1.0374874417863056,0.6916582945242037,-0.8645728681552545,1.239434445739135,1.8591516686087026,1.5562311626794585,0.703125,0.52734375,-0.615234375,0.3515625,0.791015625,0.615234375,0.0,0.0,0.0,0.0,8.7890625,0.0,-0.0,-0.0,0.0,-5.6,-7.3,-6.6
0.32803320899256505,0.33199979198980145,1.0833179578525909,0.7222119719017274,-0.9027649648771593,1.2753111499102447,1.9129667248653668,1.6249769367788864,0.703125,0.52734375,-0.615234375,0.3515625,0.87890625,0.703125,0.0,0.0,0.0,8.7890625,8.7890625,0.0,-0.0,-0.0,0.0,-5.6,-6.3,-5.7
0.3320191669918131,0.33513812499586493,1.1303638050997984,0.7535758700665323,-0.9419698375831655,1.3114764203801133,1.9672146305701699,1.6955457076496976,0.703125,0.52734375,-0.615234375,0.439453125,0.966796875,0.703125,0.0,0.0,0.0,8.7890625,8.7890625,0.0,-0.8,-0.0,0.0,-5.6,-6.3,-5.7
0.3351559169823304,0.33900337500381283,1.1683246477721798,0.7788830985147867,-0.9736038731434832,1.3401896047828907,2.010284407174336,1.7524869716582698,0.703125,0.52734375,-0.615234375,0.439453125,0.966796875,0.703125,0.0,0.0,0.0,8.7890625,8.7890625,0.0,-0.8,-0.0,0.0,-5.6,-6.4,-6.5
0.3390204999886919,0.3420288339839317,1.2162411464257534,0.8108274309505022,-1.0135342886881278,1.3758613205866148,2.0637919808799223,1.82436171963863,0.703125,0.52734375,-0.615234375,0.439453125,1.0546875,0.703125,0.0,0.0,0.0,8.7890625,8.7890625,0.0,-0.8,-0.0,0.8,-5.6,-6.4,-8.2
0.34204595899791457,0.34598104198812507,1.2546452674227468,0.8364301782818313,-1.0455377228522889,1.404008368636661,2.1060125529549913,1.8819679011341204,0.703125,0.52734375,-0.615234375,0.52734375,1.142578125,0.703125,0.0,0.0,0.0,8.7890625,13.18359375,0.0,-1.6,-0.0,0.8,-5.6,-5.6,-8.2
0.34599775000242516,0.34910391698940657,1.305998429865319,0.8706656199102127,-1.0883320248877657,1.441054831103878,2.161582246655817,1.9589976447979787,0.703125,0.52734375,-0.615234375,0.52734375,1.142578125,0.791015625,0.0,0.0,0.0,8.7890625,13.18359375,4.39453125,-1.6,-0.0,0.8,-5.6,-7.2,-7.4
0.3491208339983132,0.3530770420038607,1.3475445593563096,0.8983630395708732,-1.1229537994635905,1.4705498657697822,2.2058247986546733,2.0213168390344647,0.703125,0.52734375,-0.615234375,0.615234375,1.23046875,0.87890625,0.0,0.0,0.0,8.7890625,13.18359375,4.39453125,-2.4,-0.8,1.6,-4.8,-6.4,-7.2
0.35309891699580476,0.35702291698544286,1.4017052997011423,0.9344701998007616,-1.1680877497509514,1.5083860319626217,2.2625790479439325,2.1025579495517133,0.703125,0.52734375,-0.615234375,0.615234375,1.23046875,0.966796875,0.0,0.0,0.0,8.7890625,13.18359375,4.39453125,-2.7,-0.8,1.8,-5.6,-6.4,-8.0
0.3570647089800332,0.35995520898723044,1.4570939607860582,0.9713959738573721,-1.214244967321715,1.5463891872970918,2.3195837809456377,2.1856409411790874,0.703125,0.52734375,-0.615234375,0.615234375,1.318359375,1.142578125,0.0,0.0,0.0,8.7890625,13.18359375,4.39453125,-3.5,-0.9,2.6,-5.6,-6.4,-6.4
0.35998374997870997,0.36292483398574404,1.4987602451483317,0.9991734967655544,-1.2489668709569424,1.5745343341069824,2.3618015011604734,2.2481403677224976,0.703125,0.52734375,-0.615234375,0.703125,1.40625,1.23046875,0.0,0.0,0.0,8.7890625,13.18359375,4.39453125,-3.5,-1.7,2.6,-5.6,-5.6,-6.4
0.3629485839919653,0.36593562498455867,1.5418643795121216,1.0279095863414145,-1.2848869829267677,1.6032642612466736,2.4048963918700106,2.3127965692681824,0.703125,0.52734375,-0.615234375,0.703125,1.40625,1.318359375,0.0,0.0,0.0,8.7890625,17.578125,4.39453125,-4.3,-1.7,2.6,-5.6,-6.4,-6.4
0.36596433399245143,0.3690379589970689,1.5865244574917727,1.0576829716611817,-1.3221037145764762,1.6326293419188216,2.4489440128782323,2.379786686237659,0.703125,0.52734375,-0.615234375,0.703125,1.494140625,1.40625,0.0,0.0,0.0,8.7890625,17.578125,30.76171875,-4.3,-1.7,3.4,-5.6,-5.5,-5.6
0.36910316700232215,0.37290779198519886,1.633886210488685,1.0892574736591234,-1.3615718420739042,1.6633377121739148,2.495006568260872,2.450829315733028,0.703125,0.52734375,-0.615234375,0.791015625,1.494140625,1.494140625,0.0,0.0,0.0,8.7890625,17.578125,30.76171875,-5.1,-2.5,3.4,-5.6,-6.3,-5.5
0.3729319999984,0.37593508398276754,1.6928808402518687,1.1285872268345791,-1.4107340335432237,1.700985785630605,2.551478678445908,2.5393212603778026,0.703125,0.52734375,-0.615234375,0.791015625,1.494140625,1.58203125,0.0,0.0,0.0,8.7890625,17.578125,30.76171875,-5.1,-2.5,4.2,-5.6,-6.3,-6.3
0.3759669169958215,0.37892933399416506,1.740602398882,1.1604015992546668,-1.4505019990683337,1.7309666221116964,2.5964499331675444,2.6109035983230005,0.703125,0.52734375,-0.615234375,0.791015625,1.58203125,1.669921875,0.0,0.0,0.0,8.7890625,17.578125,30.76171875,-5.9,-2.6,4.2,-5.6,-6.5,-5.5
0.3789610419771634,0.3819680839951616,1.7885188807963912,1.1923459205309275,-1.4904324006636593,1.7606576946550638,2.640986541982596,2.682778321194587,0.703125,0.52734375,-0.615234375,0.87890625,1.669921875,1.669921875,0.0,0.0,0.0,8.7890625,17.578125,30.76171875,-5.9,-3.4,4.2,-5.6,-6.5,-6.4
0.38199824999901466,0.38510470898472704,1.8379778488301937,1.2253185658867958,-1.5316482073584945,1.7908838952818025,2.6863258429227037,2.7569667732452903,0.703125,0.52734375,-0.615234375,0.87890625,1.669921875,1.7578125,0.0,0.0,0.0,8.7890625,13.18359375,30.76171875,-6.7,-3.4,5.0,-5.6,-6.5,-6.4
0.385123208980076,0.388878958998248,1.8897668807374606,1.259844587158307,-1.5748057339478834,1.8220893230584108,2.7331339845876164,2.834650321106191,0.703125,0.52734375,-0.615234375,0.87890625,1.7578125,1.845703125,0.0,0.0,0.0,8.7890625,13.18359375,26.3671875,-6.7,-3.4,5.0,-5.6,-6.4,-5.6
0.3888985420053359,0.39201574999606237,1.9535596158904687,1.3023730772603124,-1.6279663465753904,1.8599214895096543,2.789882234264482,2.930339423835703,0.703125,0.52734375,-0.615234375,0.966796875,1.7578125,1.93359375,0.0,0.0,0.0,8.7890625,13.18359375,26.3671875,-7.5,-4.2,5.8,-5.6,-6.4,-5.5
0.392033416981576,0.3959958750056103,2.0075542166572156,1.338369477771477,-1.672961847214346,1.891436185964288,2.837154278946432,3.011331324985823,0.703125,0.52734375,-0.615234375,0.966796875,1.845703125,2.021484375,0.0,0.0,0.0,8.7890625,13.18359375,26.3671875,-7.5,-4.2,5.9,-5.6,-6.4,-5.5
0.3960134999942966,0.3999632500053849,2.0774516897483988,1.384967793165599,-1.731209741456999,1.931565524633944,2.8973482869509164,3.116177534622598,0.703125,0.52734375,-0.615234375,0.966796875,1.93359375,2.109375,0.0,0.0,0.0,8.7890625,13.18359375,26.3671875,-8.3,-5.0,6.7,-6.4,-5.6,-5.5
0.39998024998931214,0.4030874999880325,2.1486196065572765,1.4324130710381844,-1.7905163387977296,1.971676081962573,2.9575141229438597,3.2229294098359147,0.703125,0.52734375,-0.615234375,1.0546875,1.93359375,2.197265625,0.0,0.0,0.0,8.7890625,13.18359375,26.3671875,-9.1,-5.0,6.7,-5.6,-7.2,-5.7
0.40310466699884273,0.40694862499367446,2.2057374084776864,1.4704916056517907,-1.8381145070647382,2.0033395107132703,3.005009266069906,3.3086061127165296,0.703125,0.52734375,-0.615234375,1.0546875,2.021484375,2.28515625,0.0,0.0,0.0,8.7890625,13.18359375,26.3671875,-9.1,-5.0,7.5,-5.6,-6.4,-6.5
0.40696529200067744,0.41010774997994304,2.277612246627906,1.518408164418604,-1.8980102055232546,2.0425359746299443,3.0638039619449167,3.416418369941859,0.703125,0.52734375,-0.615234375,1.142578125,2.021484375,2.28515625,0.0,0.0,0.0,8.7890625,13.18359375,21.97265625,-9.9,-5.8,7.5,-5.6,-6.4,-7.3
0.4101245839847252,0.41396608398645185,2.3375017156277575,1.5583344770851715,-1.9479180963564646,2.0746609509491627,3.111991426423744,3.506252573441636,0.703125,0.52734375,-0.615234375,1.142578125,2.109375,2.4609375,0.0,0.0,0.0,8.7890625,13.18359375,21.97265625,-9.9,-5.8,8.3,-5.6,-6.4,-6.4
0.4139827089966275,0.4170762919820845,2.4119516028308183,1.6079677352205455,-2.0099596690256814,2.113938256251574,3.1709073843773607,3.6179274042462275,0.703125,0.52734375,-0.615234375,1.142578125,2.197265625,2.548828125,0.0,0.0,0.0,8.7890625,13.18359375,21.97265625,-10.7,-6.7,9.1,-6.4,-5.6,-6.4
0.41709350000019185,0.4210423339973204,2.4730347781976274,1.6486898521317515,-2.060862315164689,2.145634259178708,3.218451388768062,3.7095521672964407,0.703125,0.52734375,-0.615234375,1.23046875,2.197265625,2.63671875,0.0,0.0,0.0,8.7890625,13.18359375,21.97265625,-11.5,-6.7,9.1,-5.6,-6.4,-6.4
0.42105883397744037,0.42498866698588245,2.5522667250256497,1.7015111500170998,-2.1268889375213744,2.186057629094958,3.2790864436424365,3.828400087538475,0.703125,0.52734375,-0.615234375,1.23046875,2.28515625,2.724609375,0.0,0.0,0.0,8.7890625,17.578125,21.97265625,-11.5,-7.5,9.9,-5.6,-6.4,-7.2
0.4250100420031231,0.42905958398478106,2.6327468633391584,1.7551645755594392,-2.1939557194492987,2.2263434170680165,3.339515125602025,3.9491202950087385,0.703125,0.52734375,-0.615234375,1.318359375,2.373046875,2.900390625,0.0,0.0,0.0,8.7890625,17.578125,26.3671875,-12.3,-7.5,9.9,-5.6,-5.5,-7.2
0.42910024998127483,0.4330256669782102,2.7176718457033067,1.811781230468871,-2.264726538086089,2.268034360578564,3.4020515408678462,4.07650776855496,0.703125,0.52734375,-0.615234375,1.318359375,2.373046875,2.98828125,0.0,0.0,0.0,13.18359375,17.578125,26.3671875,-13.1,-8.3,10.7,-5.6,-7.1,-6.5
0.43306091698468663,0.4370115000056103,2.801475214316361,1.867650142877574,-2.334562678596966,2.308374842579791,3.4625622638696862,4.202212821474541,0.703125,0.52734375,-0.615234375,1.40625,2.4609375,3.1640625,0.0,0.0,0.0,13.18359375,17.578125,26.3671875,-14.0,-8.3,11.5,-5.6,-6.3,-6.5
0.43704408398480155,0.44102974998531863,2.8873137831163698,1.924875855410913,-2.4060948192636413,2.3488962427027795,3.5233443640541693,4.330970674674554,0.703125,0.615234375,-0.703125,1.40625,2.4609375,3.251953125,0.0,0.0,0.0,13.18359375,17.578125,26.3671875,-14.8,-8.1,10.7,-5.6,-6.5,-7.2
0.4410551250039134,0.4439192499849014,2.9753356575459993,1.9835571050306662,-2.479446381288333,2.3896336487229504,3.5844504730844258,4.463003486318999,0.791015625,0.615234375,-0.703125,1.40625,2.548828125,3.427734375,0.0,0.0,-4.39453125,13.18359375,13.18359375,26.3671875,-14.8,-8.1,11.5,-6.4,-6.5,-5.6
0.4439474589889869,0.44691537498147227,3.039794312689933,2.0265295417932885,-2.5331619272416095,2.4189563942622185,3.628434591393328,4.559691469034899,0.87890625,0.615234375,-0.791015625,1.494140625,2.548828125,3.427734375,0.0,4.39453125,-4.39453125,13.18359375,13.18359375,30.76171875,-14.0,-8.9,11.5,-5.6,-7.3,-6.4
0.4469497090030927,0.44992533398908563,3.107577833996689,2.071718555997793,-2.589648194997241,2.449338124088886,3.674007186133329,4.661366750995034,0.87890625,0.703125,-0.791015625,1.494140625,2.63671875,3.603515625,0.0,4.39453125,-4.39453125,8.7890625,13.18359375,30.76171875,-14.8,-8.1,11.5,-6.4,-6.5,-5.4
0.44995374997961335,0.4540056249825284,3.1762946880182277,2.1175297920121516,-2.6469122400151885,2.4796736000889448,3.7195104001334176,4.764442032027341,0.966796875,0.703125,-0.791015625,1.58203125,2.724609375,3.69140625,0.0,4.39453125,-4.39453125,8.7890625,13.18359375,30.76171875,-14.6,-8.9,12.3,-5.6,-6.5,-6.2
0.4540408749890048,0.45799562497995794,3.2712217073827357,2.1808144715884903,-2.726018089485613,2.5208283620967644,3.7812425431451464,4.906832561074103,1.0546875,0.791015625,-0.87890625,1.58203125,2.724609375,3.779296875,0.0,4.39453125,-4.39453125,8.7890625,13.18359375,30.76171875,-13.8,-9.0,11.4,-5.6,-6.3,-7.0
0.45802758398349397,0.4609752089891117,3.3654102564849713,2.2436068376566474,-2.804508547070809,2.560823230269995,3.8412348454049923,5.048115384727456,1.142578125,0.791015625,-0.966796875,1.669921875,2.8125,3.8671875,17.578125,4.39453125,-13.18359375,8.7890625,13.18359375,30.76171875,-13.8,-9.0,11.4,-5.6,-7.1,-7.4
0.4610019589890726,0.46394145899103023,3.4367068354335,2.2911378902890003,-2.86392236286125,2.590555162420542,3.8858327436308127,5.155060253150251,1.142578125,0.791015625,-0.966796875,1.669921875,2.900390625,3.955078125,17.578125,4.39453125,-13.18359375,8.7890625,17.578125,30.76171875,-14.6,-9.8,12.2,-5.6,-6.3,-8.2
0.4639681249973364,0.46694016698165797,3.508678694927354,2.3391191299515697,-2.9238989124394617,2.620105057433482,3.930157586150223,5.263018042391032,1.23046875,0.791015625,-0.966796875,1.669921875,2.98828125,4.130859375,17.578125,8.7890625,-13.18359375,8.7890625,17.578125,30.76171875,-14.6,-9.8,12.2,-5.6,-5.5,-7.4
0.4669739999808371,0.4709851249936037,3.5825019953985486,2.3883346635990326,-2.98541832949879,2.649940594507518,3.9749108917612763,5.373752993097823,1.318359375,0.87890625,-1.0546875,1.7578125,2.98828125,4.21875,17.578125,8.7890625,-13.18359375,8.7890625,17.578125,30.76171875,-13.8,-9.8,12.2,-5.6,-6.3,-8.1
0.4710157499939669,0.47405983399949037,3.6831738116903825,2.4554492077935888,-3.069311509741985,2.68986907024363,4.034803605365445,5.524760717535574,1.40625,0.87890625,-1.142578125,1.7578125,3.076171875,4.306640625,17.578125,8.7890625,-13.18359375,8.7890625,17.578125,30.76171875,-13.5,-9.8,12.2,-5.6,-5.5,-7.3
0.4741017920023296,0.4779982499894686,3.7611267909960486,2.5074178606640323,-3.1342723258300405,2.7201989384828633,4.080298407724295,5.641690186494073,1.494140625,0.966796875,-1.142578125,1.7578125,3.076171875,4.39453125,17.578125,8.7890625,-13.18359375,8.7890625,17.578125,30.76171875,-13.5,-9.7,12.8,-6.4,-6.5,-7.3
0.47803374999784864,0.4820178340014536,3.8618077193690072,2.574538479579338,-3.218173099474172,2.7586298759267773,4.137944813890166,5.792711579053511,1.58203125,0.966796875,-1.23046875,1.845703125,3.1640625,4.5703125,21.97265625,8.7890625,-13.18359375,8.7890625,17.578125,30.76171875,-13.5,-10.5,12.0,-5.6,-5.7,-7.1
0.48205749999033287,0.4861103339935653,3.966414189522022,2.644276126348015,-3.305345157935018,2.7976932875210627,4.196539931281594,5.949621284283033,1.58203125,1.0546875,-1.318359375,1.93359375,3.1640625,4.74609375,21.97265625,13.18359375,-13.18359375,8.7890625,13.18359375,30.76171875,-14.3,-9.7,12.0,-4.8,-7.3,-7.9
0.4861801670049317,0.49013966700294986,4.0752409465957875,2.7168272977305254,-3.3960341221631563,2.8374186047309027,4.256127907096354,6.112861419893682,1.669921875,1.0546875,-1.40625,1.93359375,3.251953125,4.921875,21.97265625,13.18359375,-13.18359375,13.18359375,13.18359375,35.15625,-14.3,-10.5,12.0,-5.6,-6.4,-8.1
0.4901934590016026,0.4940069169970229,4.182779093611263,2.7885193957408414,-3.485649244676051,2.8757796046102584,4.3136694069153885,6.274168640416893,1.7578125,1.142578125,-1.40625,2.021484375,3.33984375,5.009765625,21.97265625,13.18359375,-13.18359375,13.18359375,13.18359375,35.15625,-14.5,-10.5,12.8,-4.8,-5.6,-8.9
0.4940637089894153,0.4978891249920707,4.287973597308724,2.858649064872483,-3.5733113310906037,2.912464551517969,4.368696827276953,6.431960395963086,1.845703125,1.142578125,-1.494140625,2.021484375,3.427734375,5.185546875,21.97265625,13.18359375,-13.18359375,13.18359375,13.18359375,35.15625,-14.5,-10.5,12.9,-5.6,-6.4,-7.3
0.4979277499951422,0.5015407920000143,4.394453176507859,2.9296354510052396,-3.6620443137565486,2.9487702151494664,4.4231553227242,6.59167976476179,1.93359375,1.23046875,-1.494140625,2.021484375,3.427734375,5.361328125,17.578125,13.18359375,-13.18359375,13.18359375,13.18359375,35.15625,-14.5,-10.5,13.7,-5.6,-6.4,-7.0
0.5015753339976072,0.5049483339826111,4.496296074652653,2.997530716435102,-3.7469133955438783,2.982732352693672,4.474098529040507,6.74444411197898,2.021484375,1.23046875,-1.58203125,2.109375,3.515625,5.537109375,17.578125,8.7890625,-13.18359375,13.18359375,17.578125,35.15625,-14.5,-11.3,13.7,-5.8,-5.6,-7.0
0.504990083980374,0.5080831249943003,4.592802692825418,3.061868461883612,-3.8273355773545146,3.014240480171765,4.521360720257648,6.889204039238128,2.109375,1.318359375,-1.669921875,2.109375,3.603515625,5.625,17.578125,8.7890625,-13.18359375,8.7890625,17.578125,43.9453125,-14.5,-10.5,13.7,-5.8,-5.6,-7.8
0.5081118749803863,0.5119133749976754,4.682011485586146,3.121340990390763,-3.901676237988453,3.0427927101572325,4.564189065235849,7.023017228379217,2.109375,1.318359375,-1.669921875,2.109375,3.603515625,5.80078125,17.578125,8.7890625,-13.18359375,8.7890625,17.578125,43.9453125,-15.3,-11.3,13.7,-5.8,-5.6,-8.2
0.5119333750044461,0.5149861669924576,4.792486498059193,3.194990998706129,-3.9937387483826607,3.0774018392077034,4.616102758811555,7.18872974708879,2.197265625,1.318359375,-1.7578125,2.197265625,3.69140625,5.9765625,17.578125,8.7890625,-13.18359375,8.7890625,17.578125,43.9453125,-15.2,-12.1,13.7,-5.6,-6.4,-8.2
0.5150136669981293,0.5179426669783425,4.882548248229223,3.2550321654861487,-4.0687902068576856,3.105012785394028,4.657519178091042,7.323822372343836,2.28515625,1.40625,-1.845703125,2.197265625,3.69140625,6.064453125,17.578125,8.7890625,-13.18359375,8.7890625,17.578125,43.9453125,-15.2,-11.3,13.7,-5.6,-6.4,-8.2
0.5179655840038322,0.5208776249783114,4.969702222684471,3.313134815122981,-4.141418518903725,3.131224928909113,4.696837393363669,7.454553334026707,2.373046875,1.40625,-1.93359375,2.197265625,3.69140625,6.15234375,21.97265625,8.7890625,-17.578125,8.7890625,17.578125,43.9453125,-15.2,-12.1,13.7,-5.6,-6.4,-8.0
0.5208868339832406,0.5238809589936864,5.056762072288623,3.371174714859082,-4.213968393573853,3.1569178891673984,4.735376833751097,7.585143108432934,2.373046875,1.494140625,-1.93359375,2.28515625,3.779296875,6.328125,21.97265625,13.18359375,-17.578125,8.7890625,13.18359375,43.9453125,-16.0,-12.1,13.7,-5.6,-5.6,-7.2
0.5238898749812506,0.5269817090011202,5.1470969835132685,3.431397989008845,-4.289247486261058,3.183066182002754,4.774599273004132,7.720645475269903,2.4609375,1.494140625,-2.021484375,2.28515625,3.779296875,6.50390625,21.97265625,13.18359375,-17.578125,8.7890625,13.18359375,39.55078125,-15.2,-12.1,13.7,-5.6,-6.4,-6.4
0.5269989169901237,0.5299052920017857,5.241510785601116,3.4943405237340768,-4.367925654667596,3.2098467035654354,4.814770055348154,7.862266178401672,2.548828125,1.494140625,-2.021484375,2.28515625,3.8671875,6.591796875,21.97265625,13.18359375,-17.578125,8.7890625,13.18359375,39.55078125,-15.2,-12.9,14.5,-5.6,-5.6,-8.0
0.5299202919995878,0.5328762919816654,5.331046803361037,3.5540312022406915,-4.442539002800864,3.234733078513752,4.8520996177706275,7.9965702050415555,2.63671875,1.58203125,-2.109375,2.373046875,3.8671875,6.6796875,21.97265625,13.18359375,-17.578125,8.7890625,13.18359375,39.55078125,-15.3,-12.1,14.5,-5.6,-6.4,-8.0
0.5328912919794675,0.535892708983738,5.422915495458036,3.6152769969720246,-4.519096246215031,3.259758329466516,4.889637494199774,8.134373243187055,2.63671875,1.669921875,-2.197265625,2.373046875,3.8671875,6.767578125,21.97265625,13.18359375,-17.578125,8.7890625,13.18359375,39.55078125,-16.1,-12.1,13.7,-5.6,-6.4,-8.8
0.5359092919970863,0.5390050839923788,5.517071061007587,3.6780473740050583,-4.597559217506322,3.2848782455739958,4.927317368360994,8.275606591511382,2.724609375,1.669921875,-2.197265625,2.373046875,3.955078125,6.943359375,21.97265625,13.18359375,-17.578125,8.7890625,13.18359375,39.55078125,-16.1,-12.9,14.5,-5.6,-6.4,-9.6
0.5390197919914499,0.5429499169986229,5.614986451718349,3.7433243011455652,-4.6791553764319564,3.3104416398881633,4.965662459832245,8.422479677577522,2.8125,1.7578125,-2.28515625,2.4609375,4.04296875,7.03125,21.97265625,13.18359375,-17.578125,8.7890625,13.18359375,39.55078125,-16.1,-12.1,14.5,-4.8,-5.6,-9.8
0.5429643339884933,0.5460365839826409,5.740424011505973,3.826949341003982,-4.783686676254977,3.3423689050845473,5.013553357626821,8.610636017258958,2.900390625,1.7578125,-2.373046875,2.4609375,4.04296875,7.294921875,21.97265625,13.18359375,-17.578125,8.7890625,13.18359375,43.9453125,-16.1,-12.9,14.5,-5.6,-5.6,-8.2
0.5460505420051049,0.5498761250055395,5.839547499083217,3.8930316660554785,-4.866289582569346,3.366955208818432,5.050432813227648,8.759321248624826,2.98828125,1.845703125,-2.4609375,2.4609375,4.130859375,7.3828125,21.97265625,13.18359375,-17.578125,8.7890625,13.18359375,43.9453125,-16.1,-12.9,14.5,-5.6,-5.5,-8.2
0.5498903749976307,0.552811749977991,5.964069147203433,3.976046098135622,-4.970057622669528,3.397048455182864,5.095572682774296,8.94610372080515,3.076171875,1.93359375,-2.548828125,2.548828125,4.21875,7.646484375,21.97265625,13.18359375,-17.578125,8.7890625,13.18359375,43.9453125,-16.1,-12.9,14.5,-4.8,-4.7,-6.9
0.5528273340023588,0.5559920420055278,6.0601977226227985,4.040131815081865,-5.050164768852333,3.4196841992608915,5.129526298891338,9.090296583934197,3.1640625,1.93359375,-2.63671875,2.548828125,4.21875,7.734375,21.97265625,13.18359375,-17.578125,8.7890625,13.18359375,43.9453125,-16.1,-12.9,13.6,-5.6,-5.5,-8.5
0.5560095839900896,0.5599223749886733,6.1652149680218225,4.110143312014548,-5.137679140018185,3.4438275344380376,5.165741301657056,9.247822452032734,3.251953125,2.021484375,-2.724609375,2.548828125,4.21875,7.91015625,26.3671875,13.18359375,-17.578125,8.7890625,13.18359375,43.9453125,-16.1,-12.9,13.6,-5.6,-5.6,-8.5
0.5599396250036079,0.5630476670048665,6.2961343874741145,4.197422924982743,-5.246778656228429,3.4730807849550502,5.209621177432575,9.444201581211171,3.33984375,2.021484375,-2.724609375,2.63671875,4.306640625,8.173828125,26.3671875,13.18359375,-26.3671875,8.7890625,13.18359375,43.9453125,-16.1,-13.7,14.4,-4.8,-5.6,-7.3
0.5630650419916492,0.5668839169957209,6.4012071674932,4.267471444995467,-5.334339306244333,3.4958892132251895,5.243833819837784,9.6018107512398,3.427734375,2.109375,-2.8125,2.63671875,4.306640625,8.349609375,26.3671875,17.578125,-26.3671875,8.7890625,13.18359375,52.734375,-16.9,-13.7,14.4,-5.6,-5.6,-6.5
0.5669030839926563,0.5699998749769293,6.531386535048686,4.354257690032457,-5.442822112540572,3.5233317902925725,5.284997685438858,9.79707980257303,3.515625,2.197265625,-2.900390625,2.63671875,4.306640625,8.525390625,26.3671875,17.578125,-26.3671875,8.7890625,13.18359375,52.734375,-16.9,-13.7,14.4,-5.6,-6.4,-6.2
0.5700174169905949,0.5739804589829873,6.637941083876621,4.425294055917747,-5.5316175698971835,3.545130297502952,5.317695446254428,9.95691162581493,3.603515625,2.197265625,-2.900390625,2.63671875,4.39453125,8.701171875,26.3671875,17.578125,-26.3671875,8.7890625,13.18359375,52.734375,-17.0,-13.7,15.2,-5.6,-5.6,-7.0
0.5740088339953218,0.5779400419851299,6.775699348261764,4.517132898841176,-5.646416123551471,3.572437994583881,5.358656991875821,10.163549022392646,3.69140625,2.28515625,-2.98828125,2.724609375,4.39453125,8.7890625,26.3671875,17.578125,-26.3671875,8.7890625,13.18359375,52.734375,-17.0,-13.7,15.2,-4.8,-6.5,-7.8
0.5779575420019682,0.5810252919909544,6.913289731365696,4.608859820910464,-5.76107477613808,3.598740582724237,5.398110874086355,10.369934597048543,3.779296875,2.373046875,-3.076171875,2.724609375,4.39453125,8.96484375,21.97265625,17.578125,-17.578125,8.7890625,13.18359375,52.734375,-17.8,-13.7,15.2,-5.6,-6.5,-7.3
0.5810502090025693,0.5849356669932604,7.021948517850589,4.681299011900394,-5.851623764875492,3.6188344448585394,5.4282516672878085,10.532922776775886,3.8671875,2.4609375,-3.1640625,2.724609375,4.482421875,9.140625,21.97265625,17.578125,-17.578125,8.7890625,8.7890625,52.734375,-17.8,-13.7,15.2,-5.6,-5.7,-7.3
0.5849563340016175,0.5880626669968478,7.160299708236876,4.773533138824583,-5.966916423530728,3.6435634676385216,5.465345201457783,10.740449562355312,3.955078125,2.548828125,-3.251953125,2.8125,4.5703125,9.228515625,21.97265625,17.578125,-17.578125,8.7890625,8.7890625,39.55078125,-17.8,-13.7,15.2,-4.8,-5.6,-8.9
0.588085499999579,0.5920233340002596,7.272016950773495,4.8480113005156635,-6.060014125644581,3.662839750319599,5.4942596254793985,10.908025426160243,4.04296875,2.548828125,-3.33984375,2.8125,4.5703125,9.404296875,21.97265625,17.578125,-17.578125,8.7890625,8.7890625,39.55078125,-17.8,-13.7,15.2,-4.8,-5.6,-9.8
0.5920603339909576,0.5949402090045623,7.4150467693347055,4.943364512889803,-6.1792056411122545,3.6866261947191528,5.529939292078729,11.122570154002057,4.130859375,2.63671875,-3.427734375,2.8125,4.658203125,9.4921875,21.97265625,17.578125,-17.578125,8.7890625,8.7890625,39.55078125,-17.5,-13.7,16.2,-5.6,-5.6,-10.6
0.5949657500023022,0.5978728339832742,7.5203783683702765,5.013585578913518,-6.2669819736418955,3.70350866423317,5.555262996349755,11.280567552555414,4.306640625,2.724609375,-3.427734375,2.8125,4.658203125,9.580078125,30.76171875,17.578125,-17.578125,8.7890625,8.7890625,39.55078125,-16.7,-13.7,16.2,-5.6,-5.5,-11.4
0.5978996669873595,0.6008582919894252,7.627406384096137,5.084937589397425,-6.356171986746782,3.7201168482672746,5.580175272400911,11.441109576144207,4.306640625,2.8125,-3.515625,2.8125,4.658203125,9.66796875,30.76171875,17.578125,-21.97265625,8.7890625,8.7890625,39.55078125,-17.5,-13.7,16.2,-5.6,-5.5,-12.4
0.6008890419907402,0.6038552089885343,7.737134937607646,5.158089958405097,-6.447612448006369,3.736577214212613,5.60486582131892,11.605702406411469,4.39453125,2.8125,-3.603515625,2.900390625,4.74609375,9.84375,30.76171875,17.578125,-21.97265625,8.7890625,13.18359375,39.55078125,-18.3,-14.5,16.2,-4.8,-4.7,-12.4
0.6038816249929368,0.6069688749848865,7.847657869045789,5.231771912697193,-6.539714890871491,3.752581227753766,5.628871841630648,11.771486803568683,4.482421875,2.900390625,-3.69140625,2.900390625,4.74609375,10.01953125,30.76171875,17.578125,-21.97265625,8.7890625,13.18359375,39.55078125,-17.5,-13.7,16.2,-5.6,-5.6,-12.4
0.6069993749842979,0.6109019589785021,7.963514402867771,5.309009601911847,-6.636262002389809,3.7687424332883683,5.653113649932553,11.945271604301656,4.5703125,2.98828125,-3.69140625,2.900390625,4.833984375,10.283203125,30.76171875,17.578125,-21.97265625,0.0,13.18359375,39.55078125,-18.3,-13.7,17.0,-5.6,-4.8,-12.0
0.6109223339881282,0.6139871669874992,8.110308525824856,5.406872350549904,-6.758590438187379,3.788322660297479,5.682483990446219,12.165462788737283,4.658203125,3.076171875,-3.8671875,2.900390625,4.833984375,10.458984375,30.76171875,17.578125,-21.97265625,0.0,13.18359375,39.55078125,-18.6,-13.7,16.0,-5.6,-4.8,-11.2
0.61400808399776,0.6169089589966461,8.226558276479876,5.484372184319918,-6.855465230399898,3.8031235400584533,5.7046853100876795,12.339837414719815,4.74609375,3.1640625,-3.8671875,2.98828125,4.833984375,10.634765625,30.76171875,17.578125,-21.97265625,0.0,13.18359375,39.55078125,-18.6,-13.5,16.8,-4.8,-5.6,-11.2
0.6169353339937516,0.6199497089837678,8.337464602500635,5.558309735000424,-6.947887168750528,3.816667700909136,5.725001551363704,12.506196903750952,4.833984375,3.251953125,-3.955078125,2.98828125,4.833984375,10.986328125,26.3671875,17.578125,-21.97265625,0.0,13.18359375,39.55078125,-18.6,-13.5,16.8,-4.8,-5.6,-9.4
0.6199656249955297,0.6228762090031523,8.452909472741966,5.635272981827978,-7.044091227284974,3.8301723976731283,5.745258596509692,12.67936420911295,4.921875,3.251953125,-4.04296875,2.98828125,4.833984375,11.07421875,26.3671875,17.578125,-21.97265625,0.0,4.39453125,39.55078125,-18.6,-13.5,16.8,-4.8,-5.6,-10.2
0.6228945420007221,0.6259540419850964,8.56509684721633,5.710064564810886,-7.137580706013606,3.8427196102070345,5.764079415310552,12.847645270824493,5.009765625,3.33984375,-4.130859375,3.076171875,4.833984375,11.25,26.3671875,26.3671875,-21.97265625,0.0,4.39453125,65.91796875,-19.4,-13.5,16.8,-4.8,-5.6,-10.2
0.6259694999898784,0.6290401250007562,8.683507730169675,5.789005153446451,-7.236256441808063,3.855350514972379,5.7830257724585685,13.025261595254513,5.09765625,3.427734375,-4.21875,3.076171875,4.921875,11.42578125,26.3671875,26.3671875,-21.97265625,8.7890625,4.39453125,65.91796875,-19.4,-13.5,16.8,-4.8,-5.5,-10.4
0.6290569590055384,0.6328682089806534,8.803038585471096,5.868692390314065,-7.3358654878925815,3.8674670427099818,5.801200564064973,13.204557878206645,5.185546875,3.515625,-4.306640625,3.076171875,4.921875,11.689453125,26.3671875,26.3671875,-21.97265625,8.7890625,4.39453125,65.91796875,-19.3,-13.5,16.8,-4.8,-5.5,-9.6
0.6328847089898773,0.6358250420016702,8.952102152240002,5.968068101493335,-7.4600851268666695,3.881690826346621,5.822536239519932,13.428153228360005,5.361328125,3.603515625,-4.39453125,3.076171875,4.921875,11.77734375,26.3671875,26.3671875,-21.97265625,8.7890625,4.39453125,65.91796875,-18.5,-13.6,17.0,-4.8,-5.5,-10.4
0.6358399589953478,0.6389328340010252,9.067836529690933,6.0452243531272885,-7.55653044140911,3.892060060729525,5.838090091094287,13.601754794536399,5.361328125,3.69140625,-4.482421875,3.076171875,4.921875,11.953125,26.3671875,26.3671875,-21.97265625,8.7890625,4.39453125,65.91796875,-19.3,-13.6,17.0,-4.8,-5.7,-10.4
0.6389472089940682,0.6420232089876663,9.190121317651439,6.126747545100959,-7.6584344313761985,3.9023796429604722,5.853569464440709,13.785181976477158,5.537109375,3.779296875,-4.482421875,3.076171875,4.921875,12.216796875,26.3671875,26.3671875,-26.3671875,8.7890625,4.39453125,65.91796875,-19.3,-13.6,17.8,-4.8,-5.7,-10.4
0.6420379589835647,0.6459404999914113,9.312353480123537,6.2082356534156915,-7.7602945667696135,3.9120446017114596,5.868066902567189,13.968530220185306,5.625,3.8671875,-4.658203125,3.1640625,4.921875,12.392578125,26.3671875,26.3671875,-26.3671875,8.7890625,4.39453125,57.12890625,-19.3,-12.8,17.8,-4.0,-6.5,-11.2
0.6459565839904826,0.6499049999983981,9.46816393294072,6.312109288627147,-7.890136610783931,3.9234274144799093,5.885141121719864,14.20224589941108,5.712890625,3.955078125,-4.74609375,3.1640625,5.009765625,12.65625,26.3671875,26.3671875,-26.3671875,0.0,4.39453125,57.12890625,-19.3,-13.6,17.8,-4.8,-5.7,-10.4
0.6499243339931127,0.6529798340052366,9.626859544007582,6.417906362671721,-8.02238295333965,3.9339474121861597,5.90092111827924,14.440289316011375,5.888671875,4.04296875,-4.833984375,3.1640625,5.009765625,12.919921875,26.3671875,26.3671875,-26.3671875,0.0,4.39453125,57.12890625,-19.3,-13.6,17.8,-4.8,-5.7,-9.6
0.6529938750027213,0.6560635839996394,9.750257647104192,6.500171764736127,-8.12521470592016,3.941382759816535,5.912074139724803,14.625386470656286,5.9765625,4.130859375,-4.921875,3.1640625,5.09765625,13.095703125,26.3671875,26.3671875,-26.3671875,0.0,4.39453125,57.12890625,-19.3,-12.7,17.6,-4.8,-4.6,-10.4
0.656080958986422,0.6599046670016833,9.874900230094651,6.583266820063099,-8.229083525078874,3.948234697841489,5.922352046762233,14.812350345141974,6.064453125,4.21875,-5.009765625,3.1640625,5.09765625,13.271484375,30.76171875,26.3671875,-26.3671875,0.0,4.39453125,57.12890625,-19.3,-12.7,17.6,-4.8,-4.6,-9.5
0.6599236250040121,0.6630197089980356,10.030787151884871,6.6871914345899155,-8.358989293237391,3.9558769180330415,5.933815377049562,15.046180727827307,6.15234375,4.306640625,-5.09765625,3.1640625,5.09765625,13.53515625,30.76171875,26.3671875,-26.3671875,0.0,8.7890625,57.12890625,-20.1,-12.7,18.4,-4.8,-4.6,-9.5
0.6630399589776061,0.6669384169799741,10.157794103318107,6.771862735545404,-8.464828419431752,3.9613445086256984,5.942016762938548,15.23669115497716,6.240234375,4.39453125,-5.185546875,3.251953125,5.09765625,13.7109375,30.76171875,21.97265625,-26.3671875,0.0,8.7890625,61.5234375,-20.1,-12.7,18.4,-4.0,-5.7,-9.5
0.6669558749999851,0.6700193339784164,10.318110611632989,6.878740407755325,-8.598425509694156,3.9672771516691823,5.950915727503774,15.477165917449483,6.416015625,4.39453125,-5.2734375,3.251953125,5.185546875,13.88671875,30.76171875,21.97265625,-26.3671875,0.0,8.7890625,61.5234375,-20.1,-13.5,18.4,-4.0,-4.9,-9.6
0.6700369169993792,0.6739677919831593,10.44479767123918,6.963198447492785,-8.703998059365983,3.9712031301767503,5.9568046952651255,15.667196506858769,6.50390625,4.482421875,-5.361328125,3.251953125,5.185546875,14.0625,30.76171875,21.97265625,-26.3671875,0.0,8.7890625,61.5234375,-20.1,-13.5,18.5,-4.0,-4.9,-9.6
0.6739848339930177,0.677933667000616,10.607815346406593,7.071876897604396,-8.839846122005497,3.9752683503338266,5.96290252550074,15.91172301960989,6.591796875,4.658203125,-5.44921875,3.251953125,5.185546875,14.326171875,30.76171875,21.97265625,-26.3671875,0.0,8.7890625,61.5234375,-20.9,-12.9,18.5,-4.0,-4.7,-9.6
0.677953083999455,0.6810504169843625,10.772424309589855,7.181616206393237,-8.977020257991544,3.9782500216636647,5.967375032495497,16.15863646438478,6.6796875,4.74609375,-5.537109375,3.251953125,5.185546875,14.501953125,30.76171875,21.97265625,-26.3671875,0.0,8.7890625,61.5234375,-20.9,-12.9,19.3,-4.0,-4.7,-10.5
0.6810681249771733,0.6849405419779941,10.902150956855019,7.268100637903347,-9.085125797379183,3.979806752334897,5.969710128502346,16.35322643528253,6.85546875,4.833984375,-5.625,3.251953125,5.185546875,14.765625,30.76171875,21.97265625,-26.3671875,0.0,4.39453125,61.5234375,-20.9,-13.7,19.3,-4.0,-4.7,-10.5
0.684957958990708,0.6879946669796482,11.064751667868181,7.3765011119121215,-9.220626389890153,3.9807730075294105,5.971159511294115,16.597127501802273,6.943359375,4.833984375,-5.80078125,3.251953125,5.185546875,14.94140625,30.76171875,21.97265625,-26.3671875,0.0,4.39453125,57.12890625,-20.9,-13.7,18.5,-4.0,-4.8,-11.3
0.6880165839975234,0.6918518749880604,11.193064455553804,7.462042970369204,-9.327553712961505,3.980763432165389,5.971145148248082,16.789596683330707,7.03125,4.921875,-5.888671875,3.251953125,5.185546875,15.1171875,30.76171875,21.97265625,-26.3671875,0.0,4.39453125,57.12890625,-21.7,-14.5,18.5,-4.0,-4.8,-11.2
0.6918966249795631,0.6948987089854199,11.356394338145268,7.5709295587635115,-9.463661948454389,3.9797676404372866,5.96965146065593,17.034591507217904,7.20703125,5.009765625,-5.9765625,3.33984375,5.185546875,15.380859375,30.76171875,21.97265625,-26.3671875,0.0,4.39453125,57.12890625,-20.8,-13.7,19.3,-3.2,-4.8,-10.4
0.6949271250050515,0.6978452499897685,11.484380712382961,7.656253808255306,-9.570317260319133,3.9782183810440923,5.967327571566139,17.22657106857444,7.294921875,5.09765625,-6.064453125,3.33984375,5.185546875,15.556640625,35.15625,21.97265625,-26.3671875,0.0,4.39453125,57.12890625,-21.6,-13.6,19.3,-3.2,-4.8,-11.2
0.6978696669975761,0.7008844999945723,11.608989595186575,7.73932639679105,-9.67415799598881,3.9760614632768956,5.964092194915343,17.41348439277986,7.3828125,5.185546875,-6.15234375,3.33984375,5.185546875,15.732421875,35.15625,21.97265625,-26.3671875,0.0,4.39453125,57.12890625,-21.6,-13.6,19.3,-3.2,-4.8,-11.2
0.7009132919774856,0.7038633339980152,11.738215783703328,7.825477189135552,-9.781846486419443,3.9731491517466186,5.959723727619928,17.60732367555499,7.470703125,5.2734375,-6.240234375,3.33984375,5.185546875,15.908203125,35.15625,26.3671875,-26.3671875,0.0,0.0,57.12890625,-21.6,-13.6,19.3,-3.2,-4.8,-11.2
0.7039114589861128,0.706841874984093,11.865833835644361,7.910555890429574,-9.888194863036963,3.969598351075257,5.954397526612886,17.798750753466543,7.55859375,5.2734375,-6.328125,3.33984375,5.185546875,16.171875,35.15625,26.3671875,-26.3671875,0.0,0.0,61.5234375,-21.6,-14.4,19.3,-3.2,-4.8,-11.2
0.706868334003957,0.7098617919837125,11.991994602028225,7.9946630680188155,-9.993328835023519,3.9654291116698017,5.948143667504703,17.987991903042335,7.734375,5.361328125,-6.416015625,3.33984375,5.185546875,16.34765625,35.15625,26.3671875,-26.3671875,0.0,0.0,61.5234375,-21.6,-14.4,19.3,-3.2,-4.8,-11.3
0.7098884589795489,0.7128547089814674,12.121148943865288,8.080765962576859,-10.100957453221074,3.9604821561924064,5.940723234288609,18.181723415797933,7.822265625,5.44921875,-6.50390625,3.33984375,5.185546875,16.5234375,35.15625,26.3671875,-26.3671875,0.0,0.0,61.5234375,-21.8,-14.4,19.2,-3.2,-4.8,-11.3
0.7128798339981586,0.7158474589814432,12.249354559394614,8.166236372929744,-10.207795466162176,3.9548920983090947,5.932338147463641,18.37403183909192,7.91015625,5.537109375,-6.50390625,3.33984375,5.185546875,16.69921875,35.15625,26.3671875,-26.3671875,0.0,0.0,61.5234375,-21.8,-14.5,20.8,-3.2,-4.8,-12.1
0.7158739169826731,0.7189921669778414,12.377942902207778,8.251961934805186,-10.314952418506483,3.9486049733250588,5.922907459987588,18.566914353311667,7.998046875,5.625,-6.591796875,3.33984375,5.185546875,16.962890625,35.15625,26.3671875,-26.3671875,0.0,0.0,61.5234375,-22.6,-14.5,20.8,-3.2,-4.8,-10.3
0.7190136669960339,0.7228386669885367,12.513059462968124,8.342039641978749,-10.427549552473435,3.941263870451296,5.911895805676944,18.769589194452188,8.0859375,5.712890625,-6.6796875,3.33984375,5.185546875,17.138671875,35.15625,26.3671875,-26.3671875,0.0,0.0,61.5234375,-22.6,-14.5,20.8,-3.2,-4.0,-11.1
0.7228659169923048,0.7259762089815922,12.67919636570302,8.452797577135346,-10.565996971419183,3.9312039797550966,5.896805969632646,19.01879454855453,8.26171875,5.80078125,-6.85546875,3.33984375,5.185546875,17.40234375,35.15625,21.97265625,-26.3671875,0.0,0.0,65.91796875,-22.6,-14.5,20.0,-3.2,-3.9,-10.3
0.7259959589864593,0.7299324999912642,12.814458936119864,8.54297262407991,-10.678715780099887,3.92217051719054,5.88325577578581,19.221688404179798,8.349609375,5.888671875,-6.943359375,3.33984375,5.185546875,17.578125,35.15625,21.97265625,-26.3671875,0.0,0.0,65.91796875,-22.6,-14.5,20.0,-3.2,-3.9,-10.4
0.7299504999828059,0.7329642089898698,12.985675346131686,8.657116897421124,-10.821396121776402,3.9096485478274476,5.864472821741171,19.478513019197525,8.525390625,5.9765625,-7.03125,3.33984375,5.185546875,17.9296875,35.15625,21.97265625,-26.3671875,0.0,0.0,65.91796875,-22.4,-14.5,21.0,-3.2,-3.9,-10.4
0.7329818339785561,0.7360650000046007,13.117147064744373,8.744764709829582,-10.930955887286977,3.899206902525827,5.84881035378874,19.67572059711656,8.61328125,6.064453125,-7.119140625,3.33984375,5.185546875,18.10546875,35.15625,21.97265625,-26.3671875,0.0,0.0,65.91796875,-22.4,-14.5,21.0,-3.2,-4.0,-10.4
0.7360822499904316,0.7398878749809228,13.25180211998394,8.83453474665596,-11.04316843331995,3.887766389770953,5.831649584656429,19.87770317997591,8.701171875,6.064453125,-7.20703125,3.33984375,5.185546875,18.28125,35.15625,21.97265625,-30.76171875,0.0,0.0,65.91796875,-22.4,-15.3,21.0,-2.4,-4.0,-10.4
0.7399069999810308,0.7439386250043754,13.418154224226534,8.945436149484355,-11.18179518685544,3.8725874899146557,5.8088812348719845,20.127231336339797,8.876953125,6.15234375,-7.3828125,3.33984375,5.185546875,18.544921875,35.15625,21.97265625,-30.76171875,0.0,0.0,65.91796875,-22.4,-15.3,21.0,-2.4,-4.0,-9.6
0.7439614169998094,0.7478124589833897,13.594752653385566,9.063168435590377,-11.328960544487972,3.855204952247408,5.782807428371112,20.392128980078347,9.052734375,6.328125,-7.470703125,3.33984375,5.185546875,18.720703125,35.15625,21.97265625,-30.76171875,0.0,0.0,65.91796875,-22.4,-15.3,21.0,-2.4,-3.1,-9.6
0.7478475839889143,0.7508624169859104,13.764239763416185,9.176159842277457,-11.47019980284682,3.8372886235050294,5.755932935257544,20.646359645124278,9.140625,6.416015625,-7.646484375,3.33984375,5.185546875,19.072265625,35.15625,21.97265625,-30.76171875,0.0,0.0,65.91796875,-23.2,-15.3,21.0,-2.4,-3.1,-7.8
0.7508924169815145,0.7538933749892749,13.897162193876117,9.26477479591741,-11.580968494896764,3.8223884947271105,5.733582742090666,20.845743290814173,9.228515625,6.416015625,-7.734375,3.33984375,5.185546875,19.16015625,35.15625,21.97265625,-30.76171875,0.0,0.0,65.91796875,-23.3,-16.1,20.8,-2.4,-3.1,-9.4
0.7539212499978021,0.7568448339879978,14.029482019425583,9.352988012950389,-11.691235016187985,3.806811562813783,5.710217344220674,21.044223029138372,9.404296875,6.50390625,-7.822265625,3.33984375,5.185546875,19.423828125,35.15625,21.97265625,-30.76171875,0.0,0.0,65.91796875,-23.3,-16.1,20.8,-2.4,-2.3,-9.4
0.756866749987239,0.7598384589946363,14.158239072392513,9.438826048261676,-11.798532560327093,3.7909382511200134,5.68640737668002,21.23735860858877,9.4921875,6.591796875,-7.91015625,3.33984375,5.185546875,19.51171875,35.15625,21.97265625,-35.15625,0.0,0.0,65.91796875,-23.3,-16.1,20.8,-1.6,-2.3,-11.4
0.7598643339879345,0.7628011670021806,14.289337522577723,9.526225015051814,-11.907781268814764,3.774047805575344,5.661071708363016,21.43400628386658,9.580078125,6.6796875,-7.998046875,3.33984375,5.185546875,19.775390625,35.15625,26.3671875,-35.15625,0.0,0.0,65.91796875,-23.3,-16.1,20.8,-1.6,-2.3,-10.6
0.7628276670002379,0.7658479169767816,14.418988181219445,9.612658787479631,-12.01582348434954,3.7566177417054187,5.634926612558127,21.628482271829167,9.66796875,6.767578125,-8.0859375,3.33984375,5.185546875,19.86328125,35.15625,26.3671875,-35.15625,0.0,0.0,61.5234375,-24.1,-16.1,21.6,-1.6,-2.4,-12.2
0.7658745420048945,0.768843249999918,14.552331283671835,9.701554189114557,-12.126942736393197,3.737934409745567,5.60690161461835,21.828496925507753,9.84375,6.85546875,-8.173828125,3.33984375,5.185546875,20.0390625,35.15625,26.3671875,-35.15625,0.0,0.0,61.5234375,-23.3,-16.1,21.6,-1.6,-1.6,-12.2
0.7688772919937037,0.7718812089879066,14.68376574451481,9.789177163009873,-12.236471453762338,3.718763627777305,5.578145441665957,22.025648616772212,9.931640625,6.85546875,-8.349609375,3.33984375,5.185546875,20.302734375,35.15625,26.3671875,-35.15625,0.0,0.0,61.5234375,-24.0,-16.1,20.8,-1.6,-1.6,-12.2
0.7719138340034988,0.7748796670057345,14.816687066803754,9.877791377869167,-12.347239222336462,3.698609689961163,5.547914534941746,22.22503060020563,10.107421875,6.943359375,-8.349609375,3.33984375,5.185546875,20.478515625,35.15625,26.3671875,-35.15625,0.0,0.0,61.5234375,-23.2,-16.0,21.6,-1.6,-1.6,-12.2
0.7749069589772262,0.777836416993523,14.947700830566728,9.965133887044484,-12.456417358805606,3.6779866783949324,5.516980017592399,22.42155124585009,10.1953125,7.03125,-8.525390625,3.33984375,5.185546875,20.654296875,39.55078125,26.3671875,-35.15625,0.0,0.0,61.5234375,-24.0,-16.0,20.8,-0.8,-0.7,-12.2
0.7778608340013307,0.7808724999777041,15.076975506982548,10.051317004655033,-12.56414625581879,3.6568952174457,5.48534282616855,22.615463260473824,10.283203125,7.119140625,-8.61328125,3.33984375,5.185546875,20.91796875,39.55078125,26.3671875,-30.76171875,0.0,0.0,61.5234375,-24.0,-16.0,20.8,-0.8,-0.7,-11.1
0.7808990000048652,0.7838909999991301,15.20990252982075,10.139935019880499,-12.674918774850624,3.6344343993488852,5.451651599023329,22.814853794731125,10.458984375,7.20703125,-8.701171875,3.33984375,5.185546875,21.09375,39.55078125,26.3671875,-30.76171875,0.0,0.0,61.5234375,-24.0,-16.0,21.6,-0.8,-0.7,-11.1
0.7839210419915617,0.7869517919898499,15.342072309481177,10.228048206320784,-12.785060257900978,3.611319011165006,5.41697851674751,23.013108464221766,10.546875,7.294921875,-8.7890625,3.33984375,5.185546875,21.26953125,39.55078125,26.3671875,-30.76171875,0.0,0.0,65.91796875,-24.0,-16.0,21.6,-0.8,0.2,-11.1
0.7869887090055272,0.7909387499967124,15.47616920419133,10.317446136127554,-12.89680767015944,3.587063769292408,5.380595653938612,23.214253806286997,10.634765625,7.3828125,-8.876953125,3.33984375,5.185546875,21.533203125,39.55078125,26.3671875,-30.76171875,0.0,0.0,65.91796875,-24.0,-16.0,21.6,-0.0,0.2,-10.4
0.7909641669830307,0.7938959589810111,15.649820306951325,10.43321353796755,-13.041516922459437,3.554443089236486,5.3316646338547296,23.474730460426986,10.810546875,7.470703125,-9.052734375,3.33984375,5.185546875,21.796875,39.55078125,26.3671875,-30.76171875,0.0,0.0,65.91796875,-24.1,-16.0,21.7,-0.0,0.2,-10.4
0.7939308749919292,0.7969379169808235,15.779295415873586,10.519530277249057,-13.149412846561319,3.5292244548296554,5.293836682244483,23.668943123810376,10.8984375,7.55859375,-9.140625,3.33984375,5.185546875,21.97265625,35.15625,26.3671875,-30.76171875,0.0,0.0,65.91796875,-24.9,-16.1,21.7,-0.0,-0.0,-10.4
0.7969703339913394,0.8009284589788876,15.91182873068768,10.607885820458453,-13.259857275573065,3.5026103121478416,5.253915468221763,23.86774309603152,10.986328125,7.646484375,-9.228515625,3.33984375,5.185546875,22.236328125,35.15625,26.3671875,-30.76171875,0.0,0.0,65.91796875,-24.9,-16.1,21.7,-0.0,-0.0,-10.2
0.8009816669800784,0.8050165839958936,16.08653287454438,10.72435524969625,-13.405444062120312,3.466280595646426,5.1994208934696395,24.129799311816562,11.162109375,7.734375,-9.404296875,3.33984375,5.185546875,22.5,35.15625,26.3671875,-30.76171875,0.0,0.0,65.91796875,-24.9,-16.9,21.7,-0.0,-0.0,-10.2
0.8050773750001099,0.8089526249968912,16.26463475427263,10.843089836181756,-13.553862295227194,3.427769396290861,5.141654094436292,24.396952131408952,11.337890625,7.822265625,-9.4921875,3.33984375,5.185546875,22.763671875,35.15625,26.3671875,-30.76171875,0.0,0.0,65.91796875,-24.9,-16.9,22.5,-0.0,-0.0,-11.4
0.8090014589834027,0.8129259169800207,16.434976163301418,10.956650775534278,-13.69581346941785,3.3895270411014216,5.084290561652132,24.652464244952128,11.513671875,7.998046875,-9.66796875,3.33984375,5.185546875,23.02734375,35.15625,26.3671875,-30.76171875,0.0,0.0,65.91796875,-24.9,-16.1,21.6,-0.0,-0.0,-11.4
0.8129811669932678,0.8169283339811955,16.607400126516918,11.071600084344611,-13.839500105430764,3.3493971508836244,5.024095726325436,24.911100189775375,11.6015625,8.0859375,-9.84375,3.33984375,5.185546875,23.291015625,35.15625,26.3671875,-30.76171875,0.0,0.0,65.91796875,-25.7,-16.7,21.6,-0.0,-0.0,-9.8
0.8169889589771628,0.8209357089945115,16.780667733299587,11.187111822199723,-13.983889777749654,3.3076139441961874,4.961420916294281,25.171001599949378,11.77734375,8.173828125,-9.931640625,3.33984375,5.185546875,23.466796875,39.55078125,26.3671875,-39.55078125,0.0,0.0,65.91796875,-24.9,-16.7,21.6,-0.0,-0.0,-9.4
0.820992833992932,0.8249555839865934,16.953356586718012,11.302237724478676,-14.127797155598346,3.2644981871675105,4.896747280751265,25.43003488007702,11.953125,8.26171875,-10.107421875,3.33984375,5.185546875,23.642578125,39.55078125,26.3671875,-39.55078125,0.0,0.0,57.12890625,-24.9,-16.7,21.6,-0.0,-0.0,-9.4
0.8250125419872347,0.8289291669789236,17.126280812206673,11.417520541471117,-14.271900676838895,3.219830996744638,4.829746495116956,25.68942121831001,12.12890625,8.4375,-10.1953125,3.33984375,5.185546875,23.90625,39.55078125,26.3671875,-39.55078125,0.0,0.0,57.12890625,-24.9,-16.7,21.6,-0.0,-0.0,-10.5
0.8289782089996152,0.8329122089780867,17.296405744540078,11.530937163026717,-14.413671453783396,3.1744087476134144,4.761613121420122,25.94460861681011,12.3046875,8.525390625,-10.37109375,3.33984375,5.185546875,24.08203125,39.55078125,26.3671875,-39.55078125,0.0,0.0,57.12890625,-24.9,-16.7,21.6,-0.0,0.8,-12.1
0.8330092089890968,0.8368638749816455,17.468814610684806,11.645876407123202,-14.557345508904001,3.12685905476098,4.69028858214147,26.203221916027204,12.48046875,8.701171875,-10.458984375,3.33984375,5.185546875,24.345703125,39.55078125,26.3671875,-39.55078125,0.0,0.0,57.12890625,-24.9,-16.1,22.4,-0.0,1.8,-12.1
0.8369307089888025,0.8398486670048442,17.636003787967063,11.757335858644709,-14.696669823305886,3.0792678334980734,4.61890175024711,26.45400568195059,12.65625,8.7890625,-10.634765625,3.33984375,5.185546875,24.609375,43.9453125,26.3671875,-30.76171875,0.0,0.0,57.12890625,-24.9,-16.1,21.6,-0.0,2.6,-12.1
0.8398732499917969,0.8427956249797717,17.761088373958874,11.84072558263925,-14.800906978299063,3.0426946167411955,4.564041925111793,26.641632560938312,12.744140625,8.876953125,-10.72265625,3.33984375,5.185546875,24.78515625,43.9453125,30.76171875,-30.76171875,0.0,0.0,57.12890625,-24.9,-16.1,21.6,-0.0,2.6,-12.1
0.8428204589872621,0.845771499996772,17.886039687716735,11.924026458477822,-14.90503307309728,3.00532282836482,4.507984242547231,26.8290595315751,12.83203125,8.96484375,-10.810546875,3.33984375,5.185546875,25.048828125,43.9453125,30.76171875,-30.76171875,0.0,0.0,61.5234375,-25.7,-16.1,22.4,-0.0,2.5,-12.1
0.8457964590052143,0.8487775840039831,18.011860376272615,12.007906917515074,-15.009883646893845,2.966834781117204,4.450252171675806,27.01779056440892,13.0078125,9.052734375,-10.8984375,3.33984375,5.185546875,25.224609375,43.9453125,30.76171875,-30.76171875,0.0,0.0,61.5234375,-24.9,-16.1,22.4,-0.0,3.3,-12.1
0.8487996670010034,0.8518274590023793,18.13845877876261,12.092305852508407,-15.11538231563551,2.9272306468941562,4.390845970341235,27.207688168143918,13.18359375,9.140625,-11.07421875,3.33984375,5.185546875,25.48828125,43.9453125,30.76171875,-30.76171875,0.0,0.0,61.5234375,-24.7,-16.1,21.6,0.8,4.1,-11.3
0.8518516249896493,0.8548125420056749,18.266713389776555,12.177808926517704,-15.22226115814713,2.8861983183580024,4.329297477537003,27.400070084664833,13.271484375,9.228515625,-11.162109375,3.33984375,5.185546875,25.6640625,43.9453125,30.76171875,-30.76171875,0.0,0.0,61.5234375,-24.7,-15.9,21.6,0.8,4.2,-12.1
0.8548447919893079,0.8578456249961164,18.392091849495944,12.261394566330628,-15.326743207913285,2.8451887706894983,4.267783156034247,27.588137774243915,13.359375,9.31640625,-11.25,3.33984375,5.185546875,25.927734375,39.55078125,30.76171875,-35.15625,0.0,0.0,61.5234375,-25.5,-15.9,22.4,1.6,5.0,-11.1
0.857873999979347,0.860827166994568,18.518555935358982,12.345703956905988,-15.432129946132488,2.8029128738190536,4.2043693107285804,27.777833903038477,13.53515625,9.404296875,-11.337890625,3.33984375,5.185546875,26.103515625,39.55078125,30.76171875,-35.15625,0.0,0.0,61.5234375,-24.7,-15.9,22.4,1.6,5.8,-11.9
0.860853166988818,0.8638030839792918,18.642500044294316,12.428333362862876,-15.535416703578596,2.760578826664636,4.140868239996954,27.963750066441474,13.623046875,9.4921875,-11.42578125,3.33984375,5.185546875,26.279296875,39.55078125,26.3671875,-35.15625,0.0,0.0,70.3125,-25.5,-15.9,22.4,2.4,5.8,-11.1
0.8638260839798022,0.8668648749880958,18.765743674699802,12.510495783133202,-15.638119728916504,2.7175873194294278,4.076380979144141,28.148615512049705,13.798828125,9.4921875,-11.6015625,3.33984375,5.185546875,26.54296875,39.55078125,26.3671875,-35.15625,0.0,0.0,70.3125,-24.7,-16.7,21.6,2.4,7.5,-10.3
0.8669006669952068,0.8700120839930605,18.892723780715123,12.595149187143415,-15.74393648392927,2.672343258497014,4.0085148877455214,28.339085671072684,13.88671875,9.580078125,-11.689453125,3.33984375,5.185546875,26.71875,39.55078125,26.3671875,-35.15625,0.0,0.0,70.3125,-24.7,-16.7,21.6,3.4,8.3,-11.2
0.8700572089874186,0.8739146669977345,19.022566519170788,12.681711012780527,-15.852138765975656,2.6250676198272056,3.9376014297408086,28.533849778756185,14.0625,9.66796875,-11.77734375,3.33984375,5.185546875,26.89453125,39.55078125,26.3671875,-35.15625,0.0,0.0,70.3125,-24.8,-16.7,22.4,3.4,8.3,-10.4
0.8739544589770958,0.8769392499816604,19.18212266312442,12.78808177541628,-15.985102219270349,2.565548029329916,3.8483220439948735,28.773183994686633,14.150390625,9.84375,-11.953125,3.33984375,5.185546875,27.158203125,39.55078125,26.3671875,-35.15625,0.0,0.0,70.3125,-25.6,-16.9,21.6,4.2,9.0,-10.4
0.8769689170003403,0.8799249589792453,19.304945295276145,12.869963530184096,-16.08745441273012,2.5186415335238466,3.7779623002857696,28.957417942914216,14.326171875,9.931640625,-12.041015625,3.33984375,5.185546875,27.333984375,39.55078125,26.3671875,-35.15625,0.0,0.0,70.3125,-24.8,-16.1,21.6,4.0,9.8,-10.3
0.879955374985002,0.8829040419950616,19.42610237776236,12.950734918508239,-16.1884186481353,2.47142566425257,3.7071384963788545,29.139153566643536,14.4140625,10.01953125,-12.12890625,3.33984375,5.185546875,27.59765625,39.55078125,30.76171875,-35.15625,0.0,0.0,70.3125,-25.6,-16.1,22.4,4.8,9.8,-9.5
0.8829369169834536,0.8858307499904186,19.546524680476903,13.031016453651269,-16.288770567064088,2.4235501188528676,3.6353251782793015,29.319787020715356,14.58984375,10.01953125,-12.216796875,3.33984375,5.185546875,27.7734375,39.55078125,30.76171875,-35.15625,0.0,0.0,70.3125,-24.8,-16.9,22.4,4.8,11.5,-9.5
0.8858600419771392,0.8888683340046555,19.664054515845084,13.109369677230058,-16.386712096537572,2.3758996977223035,3.5638495465834548,29.496081773767628,14.677734375,10.107421875,-12.3046875,3.33984375,5.185546875,27.94921875,39.55078125,30.76171875,-35.15625,0.0,0.0,70.3125,-24.8,-16.9,22.4,5.6,12.3,-10.4
0.8888987919781357,0.8918349589803256,19.78565929464723,13.190439529764818,-16.488049412206024,2.3256188105726086,3.4884282158589124,29.678488941970844,14.853515625,10.1953125,-12.48046875,3.33984375,5.009765625,28.125,39.55078125,30.76171875,-35.15625,0.0,0.0,70.3125,-24.8,-16.9,21.6,5.8,10.7,-10.4
0.891860584000824,0.8948786669934634,19.903607170470618,13.269071446980412,-16.58633930872551,2.2758825374664204,3.413823806199631,29.855410755705925,14.94140625,10.283203125,-12.568359375,3.33984375,4.833984375,28.30078125,39.55078125,30.76171875,-35.15625,0.0,0.0,70.3125,-24.8,-16.8,21.6,6.6,8.6,-10.4
0.8949119589815382,0.8980033749830909,20.02451188124744,13.349674587498294,-16.687093234372867,2.2238924746665347,3.335838711999802,30.03676782187116,15.1171875,10.37109375,-12.65625,3.33984375,4.74609375,28.4765625,48.33984375,30.76171875,-35.15625,0.0,0.0,70.3125,-24.8,-16.8,22.4,7.4,9.4,-10.4
0.8980627089913469,0.9059264590032399,20.148687968260404,13.432458645506935,-16.790573306883665,2.1694143594544752,3.254121539181713,30.223031952390606,15.46875,10.634765625,-12.919921875,3.251953125,4.39453125,28.916015625,48.33984375,26.3671875,-35.15625,0.0,-30.76171875,57.12890625,-24.0,-16.8,21.6,7.2,7.8,-9.6
0.9060262919811066,0.909814999991795,20.459418078197317,13.639612052131545,-17.04951506516443,2.0281439971117545,3.0422159956676316,30.689127117295975,15.64453125,10.72265625,-13.0078125,3.1640625,4.21875,29.091796875,48.33984375,26.3671875,-35.15625,0.0,-30.76171875,57.12890625,-24.0,-16.8,22.4,6.4,6.2,-7.7
0.9098417089844588,0.9129402499820571,20.60664488782807,13.737763258552048,-17.17220407319006,1.9586583540070603,2.9379875310105903,30.90996733174211,15.732421875,10.810546875,-13.18359375,3.1640625,4.130859375,29.35546875,48.33984375,26.3671875,-35.15625,0.0,-30.76171875,57.12890625,-24.8,-16.8,21.7,6.4,5.4,-6.9
0.9129700000048615,0.916849250002997,20.726533478874636,13.817688985916424,-17.27211123239553,1.900822620474624,2.8512339307119356,31.089800218311957,15.908203125,10.8984375,-13.271484375,3.076171875,3.955078125,29.53125,39.55078125,26.3671875,-35.15625,0.0,-30.76171875,57.12890625,-24.0,-16.8,21.7,7.2,5.4,-6.1
0.9168668749916833,0.919861583999591,20.87481347721376,13.916542318142508,-17.395677897678134,1.8276953171628856,2.741542975744328,31.31222021582064,16.083984375,10.986328125,-13.447265625,3.076171875,3.955078125,29.70703125,39.55078125,26.3671875,-35.15625,0.0,-30.76171875,57.12890625,-24.0,-16.8,21.7,8.2,7.0,-7.9
0.9198809590016026,0.9230363749957178,20.988675111781745,13.992450074521166,-17.49056259315146,1.7703157762086088,2.655473664312913,31.48301266767262,16.171875,11.07421875,-13.53515625,2.98828125,3.8671875,29.8828125,39.55078125,26.3671875,-35.15625,0.0,-35.15625,57.12890625,-24.0,-16.8,21.7,7.4,7.8,-8.7
0.9230584589822683,0.926896916993428,21.107911841977614,14.071941227985077,-17.589926534981352,1.7090571635609966,2.5635857453414945,31.661867762966423,16.34765625,11.162109375,-13.623046875,2.98828125,3.779296875,29.970703125,39.55078125,26.3671875,-35.15625,-13.18359375,-35.15625,52.734375,-24.0,-16.8,21.7,8.2,7.5,-10.3
0.926935625000624,0.9298756670032162,21.252270849268914,14.168180566179277,-17.710225707724096,1.633248829897383,2.4498732448460743,31.878406273903376,16.435546875,11.25,-13.798828125,2.900390625,3.779296875,30.146484375,39.55078125,26.3671875,-35.15625,-13.18359375,-35.15625,52.734375,-24.0,-16.8,21.7,8.8,8.3,-11.7
0.9299061250058003,0.934829334000824,21.362012257320316,14.241341504880209,-17.80167688110026,1.5743843767304704,2.3615765650957057,32.04301838598047,16.611328125,11.42578125,-13.974609375,2.8125,3.603515625,30.41015625,39.55078125,26.3671875,-35.15625,-13.18359375,-35.15625,52.734375,-24.7,-15.9,21.5,8.0,8.0,-12.5
0.9348648749873973,0.9379546669952106,21.543506937182165,14.362337958121444,-17.952922447651805,1.4746175671948036,2.2119263507922056,32.31526040577325,16.787109375,11.513671875,-14.0625,2.724609375,3.515625,30.5859375,39.55078125,26.3671875,-35.15625,-13.18359375,-35.15625,52.734375,-24.7,-15.9,21.5,8.0,8.0,-11.2
0.9379867090028711,0.9409095839946531,21.656655125503256,14.43777008366884,-18.047212604586047,1.4108520250767145,2.1162780376150714,32.48498268825489,16.962890625,11.6015625,-14.150390625,2.724609375,3.427734375,30.76171875,39.55078125,26.3671875,-35.15625,-13.18359375,-21.97265625,52.734375,-23.9,-15.9,21.5,8.0,7.2,-10.4
0.9409396669943817,0.9438279589812737,21.762874398440847,14.508582932293898,-18.13572866536737,1.3498614844635537,2.0247922266953307,32.64431159766127,17.05078125,11.689453125,-14.23828125,2.548828125,3.33984375,30.9375,39.55078125,26.3671875,-35.15625,-13.18359375,-21.97265625,52.734375,-23.9,-15.9,21.5,7.2,7.2,-10.4
0.9438544169825036,0.9468025419919286,21.86693635650957,14.577957571006378,-18.222446963757974,1.289021590000538,1.933532385000807,32.800404534764354,17.138671875,11.689453125,-14.326171875,2.548828125,3.251953125,31.11328125,39.55078125,26.3671875,-35.15625,-21.97265625,-21.97265625,52.734375,-23.9,-16.7,21.5,8.0,8.0,-10.4
0.9468343339976855,0.9499102089903317,21.97250826284128,14.648338841894185,-18.310423552367734,1.226170311105327,1.8392554666579906,32.95876239426192,17.314453125,11.77734375,-14.501953125,2.4609375,3.1640625,31.376953125,39.55078125,26.3671875,-35.15625,-21.97265625,-21.97265625,52.734375,-24.0,-16.7,21.5,8.0,8.8,-10.3
0.9499297500005923,0.9538738339906558,22.081284267026398,14.720856178017598,-18.401070222521998,1.1601910064733527,1.740286509710029,33.1219264005396,17.40234375,11.865234375,-14.58984375,2.373046875,3.076171875,31.552734375,39.55078125,26.3671875,-35.15625,-21.97265625,-21.97265625,52.734375,-24.0,-16.7,21.5,7.2,8.8,-10.3
0.9538995419861749,0.9578323339810595,22.219440364801724,14.812960243201148,-18.516200304001437,1.0745509925235666,1.61182648878535,33.329160547202584,17.578125,12.041015625,-14.677734375,2.28515625,2.98828125,31.728515625,43.9453125,26.3671875,-35.15625,-21.97265625,-21.97265625,52.734375,-24.0,-16.0,21.5,8.0,8.9,-10.3
0.9578531250008382,0.9609816249867436,22.355501594312056,14.90366772954137,-18.629584661926714,0.9881288248537968,1.4821932372806954,33.53325239146808,17.75390625,12.12890625,-14.853515625,2.197265625,2.8125,31.9921875,43.9453125,26.3671875,-35.15625,-21.97265625,-26.3671875,52.734375,-24.0,-16.0,21.5,8.0,8.9,-9.6
0.9610060839913785,0.9649152499914635,22.46289543864976,14.975263625766505,-18.71907953220813,0.9184061901787618,1.3776092852681427,33.694343157974636,17.841796875,12.216796875,-14.94140625,2.109375,2.724609375,32.16796875,43.9453125,26.3671875,-35.15625,-21.97265625,-26.3671875,61.5234375,-24.0,-16.0,21.5,7.2,8.8,-9.6
0.9649351669941097,0.9688444999919739,22.59531785008157,15.063545233387712,-18.82943154173464,0.8305357723772074,1.2458036585658112,33.89297677512235,18.017578125,12.3046875,-15.1171875,2.021484375,2.63671875,32.34375,43.9453125,26.3671875,-35.15625,-26.3671875,-26.3671875,61.5234375,-24.0,-16.0,20.7,8.0,8.8,-9.5
0.968862874986371,0.9728460419864859,22.726107532451124,15.150738354967416,-18.938422943709273,0.7416153066257565,1.1124229599386346,34.089161298676686,18.193359375,12.392578125,-15.205078125,1.93359375,2.4609375,32.607421875,43.9453125,26.3671875,-35.15625,-26.3671875,-26.3671875,61.5234375,-24.0,-16.8,21.7,8.0,8.0,-9.5
0.972864249983104,0.9759174170030747,22.857691055942457,15.238460703961637,-19.048075879952048,0.6499290309021152,0.9748935463531728,34.28653658391369,18.369140625,12.568359375,-15.380859375,1.7578125,2.373046875,32.87109375,39.55078125,26.3671875,-35.15625,-26.3671875,-26.3671875,61.5234375,-24.0,-16.0,20.9,6.4,8.7,-8.7
0.975935374997789,0.9798702499829233,22.957530107814378,15.30502007187625,-19.131275089845314,0.5788150310057952,0.8682225465086928,34.43629516172156,18.45703125,12.65625,-15.46875,1.669921875,2.197265625,33.046875,39.55078125,26.3671875,-30.76171875,-26.3671875,-26.3671875,61.5234375,-24.0,-15.2,20.9,7.2,7.9,-8.7
0.9798925420036539,0.9838794169772882,23.084673901452113,15.389782600968076,-19.237228251210094,0.48624369431047954,0.7293655414657192,34.62701085217817,18.6328125,12.744140625,-15.64453125,1.58203125,2.109375,33.310546875,39.55078125,26.3671875,-30.76171875,-26.3671875,-35.15625,57.12890625,-24.0,-16.0,20.9,6.4,8.7,-7.9
0.9839022499800194,0.9877706669794861,23.21175801445593,15.474505342970621,-19.34313167871327,0.3913761954968407,0.587064293245261,34.81763702168389,18.80859375,12.83203125,-15.8203125,1.494140625,2.021484375,33.486328125,39.55078125,26.3671875,-30.76171875,-21.97265625,-35.15625,57.12890625,-23.2,-16.0,20.1,5.6,8.8,-7.9
0.9878054169821553,0.9907875419885386,23.333749460133365,15.555832973422245,-19.444791216777805,0.2980116382862497,0.44701745742937454,35.00062419020005,18.896484375,12.919921875,-15.908203125,1.40625,1.845703125,33.57421875,39.55078125,26.3671875,-30.76171875,-21.97265625,-35.15625,57.12890625,-24.0,-16.0,20.1,6.2,8.8,-7.9
0.9908179589838255,0.9937868749839254,23.42673140600187,15.61782093733458,-19.522276171668228,0.22527326887945043,0.33790990331917564,35.1400971090028,19.072265625,13.0078125,-15.99609375,1.318359375,1.7578125,33.75,39.55078125,26.3671875,-30.76171875,-21.97265625,-35.15625,57.12890625,-23.2,-16.0,19.9,6.2,8.9,-8.7
0.9938110839866567,0.9968099999823608,23.518089218702443,15.678726145801628,-19.598407682252038,0.15242595420749594,0.22863893131124394,35.27713382805367,19.16015625,13.095703125,-16.083984375,1.23046875,1.669921875,33.92578125,35.15625,26.3671875,-30.76171875,-21.97265625,-35.15625,57.12890625,-23.2,-15.2,19.9,6.2,9.7,-8.7
0.9968376669858117,0.9997898750007153,23.609418298319078,15.739612198879387,-19.674515248599235,0.0781852949589976,0.1172779424384964,35.41412744747862,19.248046875,13.18359375,-16.171875,1.23046875,1.494140625,34.013671875,35.15625,26.3671875,-39.55078125,-21.97265625,-35.15625,57.12890625,-24.0,-15.2,19.9,6.4,8.1,-8.9
0.9998207919998094,1.0028646669816226,23.69839194667927,15.798927964452844,-19.748659955566055,0.004447386781473323,0.006671080172209984,35.547587920018906,19.423828125,13.271484375,-16.34765625,1.142578125,1.40625,34.189453125,35.15625,26.3671875,-39.55078125,-21.97265625,-35.15625,57.12890625,-23.2,-15.2,19.1,6.4,8.9,-8.9
1.0028952499851584,1.0058409589983057,23.788993786819738,15.85932919121316,-19.82416148901645,-0.07212631646882553,-0.1081894747032383,35.68349068022961,19.51171875,13.271484375,-16.435546875,1.142578125,1.318359375,34.365234375,35.15625,26.3671875,-39.55078125,-21.97265625,-35.15625,43.9453125,-23.2,-16.0,19.9,7.2,9.5,-8.1
1.0058726249844767,1.008797833987046,23.875663696466304,15.917109130977536,-19.896386413721924,-0.1468346858467158,-0.22025202877007372,35.81349554469946,19.599609375,13.359375,-16.5234375,1.0546875,1.23046875,34.541015625,35.15625,26.3671875,-39.55078125,-21.97265625,-35.15625,43.9453125,-24.0,-16.0,19.9,7.2,9.5,-7.1
1.0088255839946214,1.0128329169820063,23.960571768232153,15.973714512154768,-19.96714314019346,-0.22146090545829974,-0.33219135818744966,35.94085765234823,19.6875,13.447265625,-16.69921875,1.0546875,1.142578125,34.62890625,35.15625,26.3671875,-39.55078125,-21.97265625,-35.15625,43.9453125,-24.0,-15.2,19.0,9.0,10.3,-7.1
1.0128589999803808,1.015887291985564,24.07483751987089,16.049891679913927,-20.06236459989241,-0.32423377090171024,-0.4863506563525654,36.11225627980633,19.86328125,13.53515625,-16.787109375,0.966796875,0.966796875,34.8046875,39.55078125,26.3671875,-39.55078125,-21.97265625,-35.15625,43.9453125,-23.2,-15.1,19.0,8.2,9.8,-7.9
1.0159100419841707,1.0198586669866927,24.159948043258524,16.106632028839016,-20.13329003604877,-0.4026116790618976,-0.6039175185928464,36.239922064887786,20.0390625,13.623046875,-16.875,0.87890625,0.791015625,34.98046875,39.55078125,26.3671875,-35.15625,-21.97265625,-35.15625,43.9453125,-23.2,-15.1,19.0,8.8,8.2,-8.0
1.0198816249903757,1.0228797500021756,24.26900903031757,16.179339353545043,-20.224174191931308,-0.5054448339433445,-0.7581672509150169,36.40351354547635,20.126953125,13.798828125,-17.05078125,0.791015625,0.703125,35.15625,39.55078125,26.3671875,-35.15625,-21.97265625,-35.15625,48.33984375,-23.2,-14.3,18.2,8.8,9.0,-7.2
1.0228994589997455,1.026774583995575,24.350559642406743,16.233706428271162,-20.292133035338953,-0.584184662253649,-0.8762769933804734,36.52583946361012,20.302734375,13.798828125,-17.138671875,0.703125,0.615234375,35.244140625,39.55078125,26.3671875,-35.15625,-21.97265625,-35.15625,48.33984375,-22.4,-15.1,18.2,8.0,9.5,-7.2
1.0267928749963176,1.0297980420000385,24.45406945384459,16.302712969229727,-20.378391211537156,-0.6865237989621605,-1.0297856984432407,36.68110418076688,20.390625,13.88671875,-17.2265625,0.615234375,0.439453125,35.419921875,39.55078125,26.3671875,-35.15625,-21.97265625,-35.15625,48.33984375,-23.1,-15.1,18.2,8.8,9.5,-7.1
1.0298157919896767,1.0327877499803435,24.533102035732778,16.355401357155188,-20.44425169644398,-0.7665581995416234,-1.149837299312435,36.79965305359917,20.56640625,13.974609375,-17.40234375,0.52734375,0.263671875,35.5078125,39.55078125,26.3671875,-35.15625,-21.97265625,-35.15625,48.33984375,-22.3,-15.1,17.5,8.8,8.7,-7.9
1.0328096250013914,1.0357783749932423,24.61021440252063,16.406809601680422,-20.508512002100527,-0.8463110830634114,-1.269466624595117,36.915321603780946,20.654296875,14.0625,-17.490234375,0.439453125,0.17578125,35.595703125,39.55078125,26.3671875,-35.15625,-21.97265625,-35.15625,48.33984375,-22.3,-14.3,17.5,8.8,9.7,-8.7
1.0358071249793284,1.038768667000113,24.686255727362376,16.457503818241587,-20.57187977280198,-0.9266412025818174,-1.389961803872726,37.02938359104357,20.7421875,14.150390625,-17.578125,0.3515625,0.087890625,35.771484375,39.55078125,26.3671875,-30.76171875,-21.97265625,-35.15625,48.33984375,-22.3,-14.3,17.5,8.8,9.7,-8.2
1.038784125004895,1.0417710839828942,24.760613879550213,16.507075919700142,-20.633844899625178,-1.0068894304358744,-1.5103341456538115,37.140920819325316,20.91796875,14.23828125,-17.666015625,0.263671875,0.0,35.859375,39.55078125,26.3671875,-30.76171875,-21.97265625,-35.15625,48.33984375,-21.5,-14.3,17.5,8.8,8.9,-9.0
1.0418066669953987,1.0447710839798674,24.834914795911562,16.55660986394104,-20.695762329926303,-1.088834234478615,-1.6332513517179228,37.252372193867345,21.005859375,14.326171875,-17.75390625,0.17578125,-0.17578125,36.03515625,39.55078125,26.3671875,-30.76171875,-26.3671875,-35.15625,39.55078125,-22.3,-14.3,17.5,8.0,8.7,-8.2
1.0448010419786442,1.0477648749947548,24.907327577196774,16.604885051464517,-20.756106314330648,-1.1704736166696788,-1.7557104250045181,37.360991365795165,21.09375,14.4140625,-17.841796875,0.087890625,-0.263671875,36.123046875,39.55078125,26.3671875,-30.76171875,-26.3671875,-35.15625,39.55078125,-22.3,-13.5,17.5,7.2,9.5,-8.7
1.0477901669801213,1.0508793339831755,24.97841794358161,16.652278629054408,-20.81534828631801,-1.2524170208631784,-1.8786255312947675,37.46762691537241,21.181640625,14.4140625,-17.9296875,0.0,-0.3515625,36.298828125,39.55078125,26.3671875,-30.76171875,-26.3671875,-35.15625,39.55078125,-22.2,-14.3,17.5,7.0,9.5,-7.1
1.0509116250032093,1.0538667920045555,25.051371758692838,16.700914505795225,-20.87614313224403,-1.338456665282113,-2.0076849979231697,37.57705763803926,21.357421875,14.501953125,-18.017578125,-0.087890625,-0.52734375,36.38671875,39.55078125,26.3671875,-30.76171875,-26.3671875,-35.15625,39.55078125,-21.4,-13.5,17.5,7.0,9.7,-7.1
1.053891333984211,1.0568869999842718,25.11978068859778,16.746520459065188,-20.933150573831483,-1.4210276228430438,-2.1315414342645655,37.67967103289667,21.4453125,14.58984375,-18.10546875,-0.087890625,-0.615234375,36.474609375,39.55078125,26.3671875,-30.76171875,-26.3671875,-35.15625,39.55078125,-21.4,-13.5,17.5,8.6,10.5,-7.1
1.056907833990408,1.0599671249801759,25.187800416358108,16.791866944238738,-20.989833680298425,-1.5050462593166016,-2.2575693889749027,37.781700624537166,21.533203125,14.677734375,-18.193359375,-0.17578125,-0.703125,36.650390625,39.55078125,26.3671875,-30.76171875,-26.3671875,-39.55078125,39.55078125,-21.4,-13.5,16.7,9.0,10.5,-7.1
1.0599909589800518,1.0638366249913815,25.256031383406096,16.837354255604062,-21.04669281950508,-1.5913573268815868,-2.3870359903223806,37.884047075109144,21.708984375,14.765625,-18.28125,-0.263671875,-0.87890625,36.73828125,39.55078125,21.97265625,-30.76171875,-26.3671875,-39.55078125,39.55078125,-20.6,-12.7,16.7,8.2,8.9,-7.9
1.0638532500015572,1.0668304589926265,25.33965140276015,16.893100935173436,-21.116376168966795,-1.7000905348288788,-2.550135802243318,38.00947710414023,21.796875,14.853515625,-18.369140625,-0.3515625,-1.0546875,36.9140625,39.55078125,21.97265625,-30.76171875,-26.3671875,-39.55078125,39.55078125,-20.6,-12.7,16.7,9.0,8.7,-6.3
1.0668491669930518,1.0698226669919677,25.40308447137564,16.935389647583754,-21.1692370594797,-1.7848898396867936,-2.677334759530191,38.10462670706345,21.97265625,14.94140625,-18.45703125,-0.439453125,-1.142578125,37.001953125,39.55078125,21.97265625,-30.76171875,-26.3671875,-39.55078125,39.55078125,-19.8,-12.7,16.7,8.8,9.5,-6.3
1.0698429589974694,1.0728634999832138,25.465216933281255,16.97681128885417,-21.22101411106771,-1.8700186576507436,-2.805027986476116,38.197825399921875,22.060546875,14.94140625,-18.544921875,-0.52734375,-1.318359375,37.08984375,39.55078125,21.97265625,-30.76171875,-26.3671875,-39.55078125,39.55078125,-19.8,-13.5,16.7,8.8,9.5,-6.3
1.0728822919772938,1.0768653340055607,25.527003371653695,17.018002247769132,-21.272502809711415,-1.9568324728419535,-2.9352487092629302,38.290505057480544,22.1484375,15.029296875,-18.6328125,-0.615234375,-1.40625,37.177734375,35.15625,21.97265625,-30.76171875,-26.3671875,-39.55078125,39.55078125,-19.8,-12.7,16.7,8.8,9.7,-7.1
1.0768832500034478,1.0808462919958401,25.60634322140153,17.070895480934354,-21.338619351167946,-2.071698292864797,-3.1075474392971953,38.4095148321023,22.236328125,15.1171875,-18.720703125,-0.703125,-1.58203125,37.353515625,35.15625,21.97265625,-26.3671875,-26.3671875,-43.9453125,39.55078125,-20.6,-12.7,16.7,8.8,9.7,-7.3
1.0808637919835746,1.083836124977097,25.683013197563643,17.122008798375763,-21.402510997969706,-2.1866193980397877,-3.2799290970596813,38.52451979634546,22.412109375,15.205078125,-18.80859375,-0.87890625,-1.7578125,37.529296875,35.15625,26.3671875,-26.3671875,-26.3671875,-43.9453125,35.15625,-19.8,-12.7,16.7,7.2,7.8,-5.7
1.0838563339784741,1.0868659589905292,25.739156328305448,17.15943755220363,-21.449296940254538,-2.2734256488276157,-3.410138473241424,38.60873449245817,22.5,15.29296875,-18.896484375,-0.87890625,-1.845703125,37.6171875,35.15625,26.3671875,-26.3671875,-26.3671875,-43.9453125,35.15625,-19.8,-11.9,15.9,8.8,8.6,-5.4
1.0868846669909544,1.0898883749905508,25.794656070815353,17.196437380543568,-21.495546725679464,-2.361618329705379,-3.5424274945580683,38.69198410622303,22.67578125,15.380859375,-18.984375,-0.966796875,-1.93359375,37.705078125,35.15625,26.3671875,-26.3671875,-26.3671875,-43.9453125,35.15625,-19.1,-11.9,15.9,8.8,9.4,-5.4
1.0899060840019956,1.0938427920045797,25.848704762310472,17.232469841540315,-21.540587301925388,-2.449950022625687,-3.6749250339385306,38.77305714346571,22.67578125,15.46875,-19.072265625,-1.0546875,-2.109375,37.79296875,35.15625,26.3671875,-26.3671875,-26.3671875,-43.9453125,35.15625,-19.1,-11.1,15.9,9.6,9.4,-5.4
1.0938603339891415,1.0969764170004055,25.91743210488571,17.278288069923807,-21.597860087404758,-2.5660524316071274,-3.8490786474106904,38.876148157328565,22.8515625,15.556640625,-19.16015625,-1.142578125,-2.197265625,37.880859375,35.15625,26.3671875,-26.3671875,-26.3671875,-43.9453125,35.15625,-19.1,-11.1,15.9,8.8,10.6,-6.5
1.0969938339840155,1.1007987920020241,25.970269439265564,17.313512959510376,-21.64189119938797,-2.6584464785799504,-3.9876697178699256,38.95540415889835,23.02734375,15.556640625,-19.248046875,-1.23046875,-2.373046875,37.96875,35.15625,26.3671875,-26.3671875,-26.3671875,-39.55078125,35.15625,-18.3,-11.9,15.9,9.6,11.4,-5.7
1.1008326250012033,1.1047585000051185,26.033031540319964,17.35535436021331,-21.694192950266636,-2.7720911302020226,-4.1581366953030345,39.049547310479944,23.115234375,15.64453125,-19.3359375,-1.40625,-2.548828125,38.056640625,35.15625,17.578125,-26.3671875,-26.3671875,-39.55078125,30.76171875,-18.3,-11.1,15.1,8.0,10.6,-5.7
1.1047949999920093,1.1077627500053495,26.095530650883983,17.39702043392266,-21.746275542403318,-2.8899011933727565,-4.334851790059134,39.14329597632598,23.203125,15.732421875,-19.423828125,-1.494140625,-2.724609375,38.14453125,35.15625,17.578125,-26.3671875,-26.3671875,-39.55078125,30.76171875,-18.3,-11.1,15.1,8.8,9.8,-6.3
1.1077915839850903,1.1107812499976717,26.141248833773844,17.427499222515895,-21.784374028144867,-2.979325986168715,-4.468988979253073,39.211873250660766,23.291015625,15.8203125,-19.51171875,-1.58203125,-2.8125,38.232421875,35.15625,17.578125,-26.3671875,-26.3671875,-39.55078125,30.76171875,-18.2,-10.3,15.1,8.8,10.6,-5.5
1.1108066249871626,1.113767499977257,26.185898385294315,17.45726559019621,-21.82158198774526,-3.069578500164419,-4.604367750246629,39.27884757794148,23.37890625,15.8203125,-19.599609375,-1.669921875,-2.98828125,38.3203125,35.15625,17.578125,-26.3671875,-26.3671875,-39.55078125,30.76171875,-17.4,-11.1,15.1,9.6,10.3,-5.5
1.1137913749844301,1.1167779589886777,26.228760840660943,17.48584056044063,-21.857300700550788,-3.159189172496002,-4.7387837587440025,39.343141260991416,23.466796875,15.908203125,-19.599609375,-1.7578125,-3.076171875,38.3203125,30.76171875,17.578125,-21.97265625,-26.3671875,-39.55078125,30.76171875,-17.4,-10.3,15.1,9.6,11.1,-6.5
1.1168083339871373,1.119769874989288,26.2707280839253,17.513818722616865,-21.892273403271084,-3.2500258369117994,-4.875038755367699,39.406092125887945,23.5546875,15.908203125,-19.6875,-1.845703125,-3.251953125,38.408203125,30.76171875,17.578125,-21.97265625,-26.3671875,-43.9453125,30.76171875,-17.4,-11.1,15.1,8.8,10.3,-6.5
1.1197980839933734,1.122766166983638,26.31096610157244,17.54064406771496,-21.925805084643702,-3.340291363704127,-5.01043704555619,39.46644915235866,23.642578125,15.99609375,-19.775390625,-1.93359375,-3.427734375,38.49609375,30.76171875,21.97265625,-21.97265625,-26.3671875,-43.9453125,21.97265625,-17.4,-10.3,14.3,8.8,10.4,-5.7
1.1227925419807434,1.1257290419889614,26.349915774423003,17.566610516282005,-21.958263145352504,-3.4309377961847853,-5.146406694277178,39.5248736616345,23.73046875,16.083984375,-19.86328125,-2.021484375,-3.515625,38.583984375,30.76171875,21.97265625,-21.97265625,-26.3671875,-43.9453125,21.97265625,-16.6,-10.3,14.3,8.8,9.6,-5.7
1.1257547089771833,1.1289678339962848,26.38711082383045,17.591407215886964,-21.989259019858707,-3.5208332199797647,-5.2812498299696475,39.580666235745674,23.90625,16.171875,-19.86328125,-2.109375,-3.69140625,38.671875,30.76171875,21.97265625,-21.97265625,-26.3671875,-43.9453125,21.97265625,-15.8,-9.5,14.3,9.6,9.6,-5.5
1.1289887089806143,1.1328557919769082,26.426199506167276,17.61746633744485,-22.02183292180606,-3.619225335409676,-5.428838003114515,39.63929925925091,23.90625,16.171875,-19.951171875,-2.197265625,-3.8671875,38.759765625,30.76171875,21.97265625,-21.97265625,-26.3671875,-43.9453125,21.97265625,-16.6,-9.5,14.3,8.8,9.6,-4.7
1.1328744999773335,1.1359819999779575,26.47106237370142,17.64737491580095,-22.059218644751184,-3.737773659054031,-5.6066604885810465,39.70659356055213,24.08203125,16.259765625,-20.0390625,-2.28515625,-3.955078125,38.84765625,26.3671875,21.97265625,-21.97265625,-26.3671875,-43.9453125,21.97265625,-15.8,-9.4,14.3,8.8,11.2,-4.7
1.1359996249957476,1.1398350840026978,26.505472626457284,17.670315084304853,-22.08789385538107,-3.8333612763821945,-5.750041914573292,39.75820893968592,24.169921875,16.259765625,-20.126953125,-2.373046875,-4.130859375,38.84765625,26.3671875,21.97265625,-21.97265625,-26.3671875,-43.9453125,21.97265625,-15.8,-9.4,13.5,9.6,11.2,-5.6
1.1398578749794979,1.1438592500053346,26.545895802266745,17.697263868177828,-22.121579835222285,-3.9516590483346423,-5.927488572501964,39.81884370340012,24.2578125,16.34765625,-20.21484375,-2.548828125,-4.306640625,38.935546875,26.3671875,17.578125,-21.97265625,-30.76171875,-43.9453125,21.97265625,-15.0,-9.4,13.5,9.6,10.4,-4.8
1.1438940840016585,1.1468152499874122,26.585742339134647,17.723828226089765,-22.15478528261221,-4.0757323738820554,-6.1135985608230845,39.87861350870197,24.345703125,16.435546875,-20.302734375,-2.63671875,-4.482421875,39.0234375,26.3671875,17.578125,-21.97265625,-30.76171875,-43.9453125,21.97265625,-15.0,-8.6,12.7,8.8,9.6,-4.7
1.1468437500006985,1.1498617919860408,26.613280286399544,17.742186857599695,-22.17773357199962,-4.166599396360162,-6.249899094540242,39.91992042959931,24.43359375,16.5234375,-20.302734375,-2.724609375,-4.658203125,39.0234375,26.3671875,17.578125,-21.97265625,-30.76171875,-43.9453125,21.97265625,-15.1,-7.8,13.5,9.6,8.8,-5.5
1.1498949170054402,1.1539124999835622,26.640357759350785,17.760238506233858,-22.200298132792323,-4.260755599089253,-6.3911333986338805,39.960536639026174,24.521484375,16.5234375,-20.390625,-2.8125,-4.74609375,39.111328125,26.3671875,17.578125,-21.97265625,-30.76171875,-43.9453125,21.97265625,-14.3,-8.6,12.6,9.6,10.4,-4.7
1.1539518749923445,1.1578255420026835,26.674139945661903,17.782759963774602,-22.22844995471825,-4.386189327563303,-6.579283991344955,40.01120991849285,24.609375,16.611328125,-20.478515625,-2.98828125,-4.921875,39.19921875,30.76171875,17.578125,-21.97265625,-30.76171875,-43.9453125,21.97265625,-14.3,-7.9,12.6,8.0,10.4,-4.8
1.1578619169886224,1.1608339170052204,26.704295841893945,17.802863894595962,-22.253579868244955,-4.507320777848359,-6.76098116677254,40.05644376284092,24.697265625,16.69921875,-20.56640625,-3.076171875,-5.09765625,39.19921875,30.76171875,17.578125,-21.97265625,-30.76171875,-43.9453125,21.97265625,-14.3,-7.1,11.8,9.6,11.2,-4.8
1.16086291699321,1.1637526669946965,26.725838970017715,17.81722598001181,-22.271532475014766,-4.6004378354537465,-6.900656753180621,40.08875845502658,24.78515625,16.69921875,-20.654296875,-3.1640625,-5.185546875,39.287109375,30.76171875,17.578125,-21.97265625,-26.3671875,-43.9453125,17.578125,-13.5,-7.1,11.8,9.6,12.1,-4.8
1.1637815419817343,1.1668165419832803,26.7454550938092,17.830303395872797,-22.287879244840997,-4.691112319320435,-7.036668478980653,40.1181826407138,24.873046875,16.787109375,-20.654296875,-3.251953125,-5.361328125,39.287109375,30.76171875,17.578125,-21.97265625,-26.3671875,-43.9453125,17.578125,-13.5,-7.1,11.8,9.6,12.1,-4.8
1.166853375005303,1.1698667499877047,26.76467732428022,17.843118216186813,-22.30389777023352,-4.786658316549643,-7.179987474824464,40.14701598642033,24.9609375,16.787109375,-20.7421875,-3.33984375,-5.537109375,39.375,30.76171875,17.578125,-21.97265625,-26.3671875,-43.9453125,17.578125,-12.6,-7.1,11.0,8.8,11.3,-4.0
1.1699132499925327,1.1738340839801822,26.782372402449365,17.854914934966242,-22.318643668707804,-4.881936974213431,-7.322905461320147,40.173558603674046,24.9609375,16.875,-20.830078125,-3.427734375,-5.625,39.375,30.76171875,17.578125,-21.97265625,-26.3671875,-43.9453125,17.578125,-12.6,-6.3,11.0,8.8,10.3,-4.8
1.1738764589827042,1.176838791987393,26.803135897247323,17.86875726483155,-22.335946581039437,-5.0054835340411,-7.50822530106165,40.20470384587099,25.048828125,16.875,-20.830078125,-3.515625,-5.80078125,39.462890625,21.97265625,17.578125,-17.578125,-26.3671875,-43.9453125,17.578125,-12.6,-6.1,11.0,9.6,10.3,-4.0
1.176872708980227,1.1798047499905806,26.817218155748648,17.878145437165763,-22.34768179645721,-5.098980062888907,-7.648470094333361,40.22582723362297,25.13671875,16.875,-20.91796875,-3.603515625,-5.9765625,39.462890625,21.97265625,17.578125,-17.578125,-26.3671875,-48.33984375,17.578125,-11.8,-6.1,10.2,10.4,10.3,-4.0
1.1798322919930797,1.1828139169956557,26.829762527015852,17.8865083513439,-22.358135439179875,-5.19140179079031,-7.787102686185466,40.24464379052378,25.13671875,16.962890625,-20.91796875,-3.69140625,-6.15234375,39.462890625,21.97265625,13.18359375,-17.578125,-30.76171875,-48.33984375,8.7890625,-12.6,-5.3,10.2,10.4,10.4,-4.8
1.1828443749982398,1.1858536249783356,26.841136047802955,17.894090698535305,-22.36761337316913,-5.285525015935373,-7.928287523903058,40.26170407170443,25.224609375,16.962890625,-21.005859375,-3.779296875,-6.240234375,39.55078125,21.97265625,13.18359375,-17.578125,-30.76171875,-48.33984375,8.7890625,-11.8,-6.1,9.4,9.6,11.2,-3.9
1.185886416991707,1.1888535839971155,26.851196335904206,17.90079755726947,-22.375996946586845,-5.380638933436325,-8.070958400154487,40.27679450385631,25.3125,17.05078125,-21.005859375,-3.955078125,-6.416015625,39.55078125,21.97265625,13.18359375,-17.578125,-30.76171875,-48.33984375,8.7890625,-10.9,-5.3,9.4,8.8,11.2,-3.9
1.1888847499794792,1.1918027499923483,26.859709915945526,17.906473277297017,-22.383091596621274,-5.474430979360115,-8.211646469040172,40.28956487391829,25.3125,17.05078125,-21.09375,-3.955078125,-6.591796875,39.55078125,21.97265625,13.18359375,-17.578125,-30.76171875,-48.33984375,8.7890625,-10.9,-5.3,9.5,9.6,10.4,-3.9
1.19183116700151,1.1947903340042103,26.866720704449413,17.91114713629961,-22.388933920374512,-5.566633827746333,-8.3499507416195,40.30008105667412,25.400390625,17.05078125,-21.09375,-4.130859375,-6.6796875,39.55078125,17.578125,13.18359375,-17.578125,-30.76171875,-48.33984375,8.7890625,-10.9,-5.5,9.5,9.6,11.3,-3.9
1.1948177089798264,1.197793500003172,26.872456744559944,17.91497116303996,-22.393713953799956,-5.6601190316620285,-8.490178547493043,40.30868511683992,25.48828125,17.138671875,-21.181640625,-4.21875,-6.85546875,39.638671875,17.578125,13.18359375,-13.18359375,-30.76171875,-48.33984375,8.7890625,-10.1,-4.7,8.7,9.6,10.5,-4.1
1.1978296249872074,1.2007940420007799,26.876845508463,17.917897005642,-22.397371257052498,-5.7544170968454065,-8.631625645268109,40.315268262694495,25.48828125,17.138671875,-21.26953125,-4.306640625,-6.943359375,39.638671875,17.578125,13.18359375,-13.18359375,-30.76171875,-43.9453125,8.7890625,-10.1,-4.7,7.9,8.8,11.3,-4.1
1.2008268339850474,1.2037512499955483,26.879822492387113,17.919881661591408,-22.399852076989255,-5.848264621733261,-8.772396932599891,40.319733738580666,25.576171875,17.138671875,-21.26953125,-4.39453125,-7.119140625,39.638671875,17.578125,8.7890625,-13.18359375,-30.76171875,-43.9453125,8.7890625,-9.3,-4.7,7.9,8.8,11.1,-4.1
1.2037805839790963,1.2067804590042215,26.881400857209897,17.9209339048066,-22.401167381008253,-5.940752690749117,-8.911129036123675,40.32210128581485,25.6640625,17.138671875,-21.26953125,-4.482421875,-7.294921875,39.638671875,17.578125,8.7890625,-13.18359375,-30.76171875,-43.9453125,8.7890625,-8.5,-4.7,7.9,9.6,10.3,-3.9
1.206805791996885,1.2098253750009462,26.881624350783728,17.921082900522485,-22.40135362565311,-6.0354710410692824,-9.053206561603925,40.32243652617559,25.6640625,17.2265625,-21.357421875,-4.5703125,-7.3828125,39.638671875,17.578125,8.7890625,-13.18359375,-30.76171875,-43.9453125,8.7890625,-8.5,-3.9,6.8,10.4,11.1,-3.9
1.2098522919986863,1.2128247089858633,26.880426772797517,17.920284515198347,-22.400355643997933,-6.130839881290416,-9.196259821935623,40.32064015919627,25.6640625,17.2265625,-21.357421875,-4.658203125,-7.55859375,39.638671875,17.578125,8.7890625,-13.18359375,-30.76171875,-43.9453125,8.7890625,-8.5,-3.8,6.8,10.4,10.4,-3.9
1.2128490420000162,1.215794374991674,26.877858047941103,17.918572031960736,-22.398215039950923,-6.224626923005046,-9.336940384507571,40.316787071911655,25.751953125,17.2265625,-21.357421875,-4.74609375,-7.734375,39.638671875,17.578125,8.7890625,-13.18359375,-30.76171875,-43.9453125,8.7890625,-7.7,-3.8,6.8,10.4,10.4,-4.0
1.2158287499914877,1.2189047089777887,26.87393872242606,17.915959148284042,-22.394948935355053,-6.317848258834849,-9.476772388252273,40.31090808363909,25.751953125,17.314453125,-21.4453125,-4.921875,-7.822265625,39.638671875,17.578125,8.7890625,-13.18359375,-30.76171875,-48.33984375,8.7890625,-7.7,-3.0,6.0,9.6,11.2,-4.0
1.2189402499934658,1.2228338339773472,26.86839576648494,17.912263844323295,-22.390329805404118,-6.415149417459913,-9.622724126189869,40.30259364972741,25.751953125,17.314453125,-21.4453125,-5.009765625,-7.998046875,39.7265625,17.578125,8.7890625,-13.18359375,-30.76171875,-48.33984375,4.39453125,-7.7,-3.0,6.0,9.6,10.4,-3.2
1.2228773749957327,1.22682983399136,26.85926316882547,17.906175445883648,-22.382719307354563,-6.538191315580547,-9.80728697337082,40.2888947532382,25.83984375,17.314453125,-21.533203125,-5.09765625,-8.173828125,39.7265625,17.578125,8.7890625,-13.18359375,-35.15625,-48.33984375,4.39453125,-6.9,-3.0,5.2,9.6,10.5,-3.1
1.2268918750050943,1.2308467499969993,26.847520314789346,17.89834687652623,-22.372933595657784,-6.6635438535709515,-9.995315780356428,40.27128047218402,25.927734375,17.314453125,-21.533203125,-5.2734375,-8.349609375,39.7265625,17.578125,8.7890625,-13.18359375,-35.15625,-48.33984375,4.39453125,-6.2,-3.0,5.4,8.0,10.5,-2.3
1.2308995419880375,1.2348609589971602,26.83335692930641,17.88890461953761,-22.361130774422012,-6.788555352298291,-10.182833028447437,40.25003539395962,25.927734375,17.40234375,-21.533203125,-5.361328125,-8.525390625,39.7265625,17.578125,8.7890625,-13.18359375,-35.15625,-48.33984375,4.39453125,-6.2,-2.2,5.4,9.6,11.2,-2.3
1.2349161249876488,1.2387837499845773,26.81672379685084,17.87781586456723,-22.34726983070904,-6.913697531227543,-10.370546296841313,40.22508569527626,25.927734375,17.40234375,-21.533203125,-5.44921875,-8.701171875,39.7265625,8.7890625,8.7890625,-8.7890625,-35.15625,-48.33984375,4.39453125,-6.2,-2.2,5.4,9.6,10.4,-2.3
1.2388281250023283,1.2428557499952149,26.798185875277788,17.865457250185194,-22.33182156273149,-7.035421029202344,-10.553131543803515,40.197278812916686,26.015625,17.40234375,-21.62109375,-5.625,-8.876953125,39.7265625,8.7890625,4.39453125,-8.7890625,-35.15625,-43.9453125,0.0,-5.4,-2.2,4.6,8.0,10.4,-2.3
1.2429094999970403,1.2468465419951826,26.776395985576187,17.850930657050792,-22.31366332131349,-7.1622269078929,-10.74334036183935,40.16459397836428,26.015625,17.40234375,-21.62109375,-5.712890625,-9.052734375,39.7265625,8.7890625,4.39453125,-8.7890625,-30.76171875,-43.9453125,0.0,-5.4,-2.2,4.6,8.8,11.2,-1.5
1.2468956669908948,1.250863583991304,26.752710132521468,17.835140088347647,-22.293925110434554,-7.285870917803996,-10.928806376705996,40.1290651987822,26.015625,17.40234375,-21.62109375,-5.888671875,-9.228515625,39.7265625,8.7890625,4.39453125,-8.7890625,-30.76171875,-43.9453125,0.0,-4.5,-2.2,4.7,8.8,11.2,-1.5
1.2509202919900417,1.254758833994856,26.72639625367185,17.8175975024479,-22.271996878059877,-7.410484795104947,-11.11572719265742,40.089594380507776,26.103515625,17.40234375,-21.62109375,-5.9765625,-9.404296875,39.7265625,8.7890625,4.39453125,-8.7890625,-30.76171875,-43.9453125,0.0,-3.7,-2.4,3.9,8.0,11.2,-1.5
1.2548325840034522,1.2588607920042705,26.698516721476548,17.799011147651033,-22.24876393456379,-7.531388174079723,-11.297082261119584,40.04777508221482,26.103515625,17.40234375,-21.708984375,-6.064453125,-9.580078125,39.7265625,8.7890625,4.39453125,-8.7890625,-30.76171875,-43.9453125,0.0,-3.7,-1.6,3.1,8.8,11.2,-0.8
1.2589097089949064,1.2628421669942327,26.667061837573307,17.778041225048874,-22.222551531311094,-7.657123426354493,-11.485685139531741,40.000592756359964,26.19140625,17.40234375,-21.708984375,-6.240234375,-9.755859375,39.7265625,8.7890625,0.0,-8.7890625,-30.76171875,-43.9453125,0.0,-2.9,-1.6,3.1,9.6,11.2,-0.8
1.2628978339780588,1.2668279589852318,26.633935526120055,17.755957017413373,-22.194946271766717,-7.779837475322109,-11.669756212983163,39.95090328918008,26.19140625,17.40234375,-21.708984375,-6.328125,-9.931640625,39.7265625,8.7890625,0.0,-8.7890625,-30.76171875,-43.9453125,0.0,-2.1,-1.6,3.1,9.6,12.0,0.2
1.266877708985703,1.2707678339793347,26.598565964296423,17.732377309530946,-22.16547163691369,-7.9020076993368935,-11.853011549005341,39.89784894644464,26.19140625,17.40234375,-21.708984375,-6.416015625,-10.107421875,39.7265625,8.7890625,0.0,-8.7890625,-30.76171875,-43.9453125,0.0,-2.1,-1.6,3.0,8.8,12.0,0.2
1.2708069999935105,1.274021499993978,26.56139358096133,17.70759572064089,-22.134494650801116,-8.02232442373283,-12.033486635599244,39.842090371442,26.19140625,17.40234375,-21.708984375,-6.50390625,-10.283203125,39.7265625,8.7890625,0.0,-8.7890625,-30.76171875,-43.9453125,0.0,-2.1,-1.5,2.2,9.6,11.2,0.2
1.2740713749954011,1.2778550839866512,26.528819304267703,17.68587953617847,-22.107349420223095,-8.12204231127245,-12.183063466908676,39.793228956401556,26.19140625,17.40234375,-21.708984375,-6.591796875,-10.458984375,39.7265625,4.39453125,0.0,0.0,-30.76171875,-43.9453125,0.0,-2.1,-1.5,2.2,10.4,10.4,-0.0
1.2779002499883063,1.2818493749946356,26.48866641314942,17.659110942099613,-22.073888677624524,-8.238714985485103,-12.358072478227655,39.73299961972413,26.19140625,17.40234375,-21.796875,-6.767578125,-10.634765625,39.7265625,4.39453125,0.0,0.0,-30.76171875,-43.9453125,0.0,-1.3,-0.7,1.4,9.6,12.0,-0.0
1.2819063749921042,1.2858473339874763,26.444420034427434,17.629613356284956,-22.03701669535619,-8.360439721164795,-12.540659581747192,39.66663005164116,26.19140625,17.40234375,-21.796875,-6.943359375,-10.810546875,39.7265625,4.39453125,0.0,0.0,-26.3671875,-43.9453125,0.0,-1.3,-0.7,0.6,8.0,12.0,-0.0
1.2859063749783672,1.2897591670043766,26.39797692150407,17.598651281002716,-21.998314101253396,-8.481606314998158,-12.722409472497237,39.59696538225611,26.19140625,17.40234375,-21.796875,-7.03125,-10.986328125,39.7265625,4.39453125,0.0,0.0,-26.3671875,-43.9453125,0.0,-0.6,-0.7,0.6,9.4,11.2,-0.0
1.2897979169792961,1.292773249995662,26.350637215245516,17.567091476830345,-21.958864346037934,-8.599115737858686,-12.898673606788028,39.525955822868276,26.19140625,17.40234375,-21.796875,-7.119140625,-11.162109375,39.7265625,4.39453125,0.0,0.0,-26.3671875,-43.9453125,0.0,-0.6,0.2,0.5,10.2,11.2,-0.0
1.2928009589959402,1.2957327920012176,26.31266234332757,17.541774895551715,-21.927218619439643,-8.68953614708465,-13.034304220626977,39.46899351499136,26.19140625,17.40234375,-21.796875,-7.20703125,-11.25,39.7265625,0.0,0.0,-4.39453125,-26.3671875,-43.9453125,0.0,-0.6,0.2,-0.3,10.2,12.0,-0.0
1.2957570839789696,1.2987132089911029,26.274060387468843,17.51604025831256,-21.895050322890704,-8.778316005118523,-13.167474007677784,39.41109058120326,26.19140625,17.40234375,-21.796875,-7.294921875,-11.42578125,39.7265625,0.0,0.0,-4.39453125,-26.3671875,-43.9453125,0.0,0.2,0.2,-0.3,9.6,12.0,-0.0
1.2987397499964572,1.3018192499876022,26.23389206844135,17.489261378960897,-21.861576723701127,-8.867657631836542,-13.301486447754813,39.350838102662024,26.19140625,17.40234375,-21.796875,-7.3828125,-11.6015625,39.7265625,0.0,0.0,-4.39453125,-26.3671875,-43.9453125,0.0,0.2,0.2,-0.3,9.6,12.1,0.8
1.3018401250010356,1.3057527499913704,26.19084788788466,17.460565258589778,-21.825706573237216,-8.96026799019239,-13.440401985288585,39.286271831827,26.19140625,17.40234375,-21.796875,-7.55859375,-11.689453125,39.7265625,0.0,0.0,-4.39453125,-30.76171875,-43.9453125,0.0,0.2,0.2,-0.3,8.8,12.1,0.8
1.3057738749776036,1.309813583997311,26.13435334256212,17.42290222837475,-21.778627785468434,-9.07738425666015,-13.616076384990222,39.20153001384318,26.19140625,17.40234375,-21.796875,-7.646484375,-11.865234375,39.7265625,0.0,0.0,-4.39453125,-30.76171875,-43.9453125,0.0,0.1,0.2,-0.3,9.6,12.1,1.7
1.3098325000028126,1.3129510419967119,26.073879148417394,17.382586098944934,-21.728232623681166,-9.19775074911102,-13.796626123666528,39.11081872262609,26.19140625,17.40234375,-21.796875,-7.734375,-12.12890625,39.7265625,0.0,0.0,-4.39453125,-30.76171875,-43.9453125,0.0,0.1,-0.0,-0.1,8.8,11.1,2.5
1.312968499987619,1.3168114589934703,26.025644329175552,17.3504295527837,-21.688036940979618,-9.290420753351771,-13.935631130027659,39.03846649376332,26.19140625,17.40234375,-21.796875,-7.91015625,-12.216796875,39.7265625,0.0,0.0,0.0,-30.76171875,-43.9453125,0.0,0.1,-0.0,-0.1,8.8,11.9,2.6
1.3168336669914424,1.3207834999775514,25.96440124174486,17.309600827829907,-21.637001034787378,-9.404226587434895,-14.106339881152342,38.94660186261729,26.19140625,17.40234375,-21.796875,-7.998046875,-12.392578125,39.7265625,0.0,0.0,0.0,-30.76171875,-48.33984375,0.0,0.1,-0.0,-0.1,9.6,11.9,4.2
1.320818291977048,1.323786791996099,25.899211251792476,17.266140834528315,-21.582676043160397,-9.521062591219515,-14.281593886829274,38.84881687768871,26.19140625,17.40234375,-21.796875,-8.173828125,-12.568359375,39.7265625,0.0,0.0,0.0,-35.15625,-48.33984375,0.0,0.1,-0.0,-0.1,8.8,11.3,4.2
1.323816624993924,1.3267206249875017,25.84879474347177,17.232529828981182,-21.540662286226475,-9.608645212298393,-14.41296781844759,38.773192115207664,26.19140625,17.40234375,-21.796875,-8.26171875,-12.744140625,39.7265625,0.0,0.0,0.0,-35.15625,-48.33984375,0.0,0.1,-0.0,-0.1,8.0,9.7,5.9
1.3267488749988843,1.3297442089824472,25.798367200485625,17.198911466990417,-21.49863933373802,-9.694014858350439,-14.541022287525657,38.697550800728436,26.19140625,17.40234375,-21.796875,-8.349609375,-12.919921875,39.7265625,0.0,0.0,0.0,-35.15625,-48.33984375,0.0,-0.0,-0.0,0.0,8.0,9.7,5.9
1.3297676669899374,1.3327356670051813,25.745301101971368,17.163534067980915,-21.454417584976138,-9.781607030469273,-14.672410545703908,38.61795165295706,26.19140625,17.40234375,-21.796875,-8.4375,-13.0078125,39.7265625,0.0,0.0,0.0,-35.15625,-48.33984375,0.0,-0.0,-0.0,0.0,8.0,10.1,6.7
1.3327630839776248,1.3357539589924272,25.69150168964432,17.12766779309621,-21.409584741370267,-9.868218135095056,-14.802327202642584,38.537252534466475,26.19140625,17.40234375,-21.796875,-8.525390625,-13.095703125,39.7265625,0.0,0.0,0.0,-35.15625,-48.33984375,0.0,-0.0,-0.0,0.0,8.8,10.9,8.4
1.3357850419997703,1.3387493749905843,25.63608019109501,17.090720127396676,-21.36340015924584,-9.955286089713283,-14.932929134569925,38.45412028664252,26.19140625,17.40234375,-21.796875,-8.61328125,-13.271484375,39.7265625,0.0,0.0,0.0,-35.15625,-43.9453125,0.0,-0.0,-0.0,0.0,8.8,10.9,8.4
1.3387755839794409,1.3417412499838974,25.5801118526457,17.0534079017638,-21.31675987720476,-10.041137101326047,-15.06170565198907,38.37016777896855,26.19140625,17.40234375,-21.796875,-8.701171875,-13.359375,39.638671875,0.0,0.0,0.0,-30.76171875,-43.9453125,-4.39453125,-0.0,-0.0,0.0,8.0,11.4,8.4
1.341763959004311,1.3447329589980654,25.523077794366742,17.015385196244495,-21.26923149530562,-10.126611550563151,-15.189917325844728,38.28461669155012,26.19140625,17.40234375,-21.796875,-8.7890625,-13.447265625,39.638671875,0.0,0.0,0.0,-30.76171875,-43.9453125,-4.39453125,0.8,-0.0,0.0,8.0,12.2,8.4
1.3447581249929499,1.3477362919948064,25.46483389506381,16.97655593004254,-21.220694912553178,-10.211932089615248,-15.317898134422872,38.197250842595714,26.19140625,17.40234375,-21.796875,-8.876953125,-13.623046875,39.462890625,0.0,0.0,0.0,-30.76171875,-43.9453125,-4.39453125,0.9,-0.0,0.0,8.0,12.2,7.1
1.3477595419972204,1.3508277089858893,25.405354524640874,16.936903016427248,-21.171128770534065,-10.29713395606169,-15.445700934092539,38.10803178696131,26.19140625,17.40234375,-21.796875,-8.96484375,-13.7109375,39.375,0.0,0.0,0.0,-30.76171875,-43.9453125,-4.39453125,1.7,-0.0,-0.8,8.8,12.2,7.9
1.3508610419812612,1.3548096669837832,25.3427513912808,16.8951675941872,-21.118959492734007,-10.384830335859158,-15.577245503788735,38.0141270869212,26.19140625,17.40234375,-21.796875,-9.052734375,-13.798828125,39.19921875,0.0,0.0,0.0,-30.76171875,-43.9453125,-4.39453125,1.7,-0.0,-0.8,8.8,11.3,6.3
1.3548411669908091,1.357763416977832,25.260733216944587,16.840488811296392,-21.050611014120495,-10.496847195504529,-15.745270793256793,37.89109982541688,26.19140625,17.40234375,-21.796875,-9.140625,-13.974609375,39.111328125,0.0,0.0,0.0,-30.76171875,-39.55078125,-4.39453125,2.5,0.8,-1.6,8.0,11.3,6.4
1.3577909589803312,1.3607437500031665,25.19874164851073,16.79916109900715,-20.998951373758935,-10.579482108450028,-15.869223162675045,37.79811247276609,26.19140625,17.40234375,-21.796875,-9.228515625,-14.150390625,39.0234375,0.0,0.0,0.0,-30.76171875,-39.55078125,-4.39453125,3.3,0.8,-1.6,8.8,11.3,7.2
1.3607691249926575,1.36375954200048,25.1351241147878,16.756749409858532,-20.94593676232317,-10.662576115023715,-15.99386417253557,37.70268617218171,26.19140625,17.40234375,-21.796875,-9.31640625,-14.23828125,38.84765625,0.0,0.0,0.0,-26.3671875,-39.55078125,-35.15625,3.3,1.6,-2.4,8.8,12.0,7.2
1.363822833984159,1.366775709000649,25.068829471559216,16.712552981039476,-20.890691226299346,-10.747423946243405,-16.121135919365106,37.60324420733882,26.19140625,17.40234375,-21.796875,-9.404296875,-14.4140625,38.759765625,0.0,0.0,0.0,-26.3671875,-39.55078125,-35.15625,4.1,1.6,-2.4,8.0,12.0,7.2
1.3668057920003776,1.3699128750013188,25.00304199604708,16.668694664031385,-20.835868330039244,-10.829956606439788,-16.244934909659683,37.50456299407062,26.19140625,17.40234375,-21.796875,-9.4921875,-14.501953125,38.671875,0.0,0.0,0.0,-26.3671875,-39.55078125,-35.15625,5.2,1.6,-3.6,8.0,12.0,6.4
1.3699594999779947,1.3738094589789398,24.93239496873126,16.62159664582084,-20.776995807276045,-10.916834614886103,-16.375251922329152,37.39859245309689,26.19140625,17.40234375,-21.796875,-9.580078125,-14.677734375,38.583984375,0.0,0.0,0.0,-26.3671875,-39.55078125,-35.15625,5.2,2.7,-3.6,8.0,11.2,7.2
1.3738509999820963,1.3778074999863748,24.843689708745117,16.56245980583008,-20.7030747572876,-11.02349523191462,-16.535242847871928,37.265534563117676,26.19140625,17.40234375,-21.796875,-9.66796875,-14.765625,38.49609375,0.0,0.0,0.0,-26.3671875,-39.55078125,-35.15625,6.0,2.7,-4.4,8.8,12.0,7.2
1.3778582919912878,1.3818593749892898,24.750601771834948,16.5004011812233,-20.62550147652913,-11.132697643957313,-16.699046465935968,37.12590265775242,26.19140625,17.40234375,-21.796875,-9.755859375,-14.94140625,38.3203125,0.0,0.0,0.0,-26.3671875,-43.9453125,-30.76171875,6.8,3.5,-5.2,8.8,11.2,6.4
1.381914625002537,1.3858850419928785,24.65460043178482,16.436400287856546,-20.545500359820682,-11.242577100053918,-16.86386565008088,36.98190064767723,26.19140625,17.40234375,-21.796875,-9.931640625,-15.205078125,38.14453125,0.0,0.0,0.0,-30.76171875,-43.9453125,-30.76171875,7.6,4.3,-6.0,8.0,11.0,6.3
1.3859413339814637,1.389764583989745,24.55756242085294,16.371708280568626,-20.464635350710783,-11.350992060203804,-17.026488090305705,36.836343631279405,26.19140625,17.40234375,-21.796875,-10.01953125,-15.380859375,38.056640625,0.0,0.0,0.0,-30.76171875,-43.9453125,-30.76171875,7.6,4.3,-5.9,8.8,11.0,7.1
1.3898068749986123,1.3927996249985881,24.46280542465484,16.308536949769895,-20.385671187212363,-11.454442236852776,-17.18166335527916,36.69420813698226,26.19140625,17.40234375,-21.796875,-10.107421875,-15.46875,37.96875,0.0,0.0,0.0,-30.76171875,-43.9453125,-30.76171875,8.4,5.1,-6.7,8.0,10.4,7.1
1.392831125005614,1.3957326249801554,24.38759279819255,16.258395198795032,-20.32299399849379,-11.534947638170484,-17.302421457255726,36.58138919728882,26.19140625,17.40234375,-21.796875,-10.1953125,-15.64453125,37.880859375,0.0,0.0,0.0,-30.76171875,-43.9453125,-30.76171875,9.2,5.1,-7.5,8.0,10.4,7.3
1.3957570839847904,1.3988348339917138,24.313935971577283,16.209290647718188,-20.26161330964773,-11.612475322176175,-17.418712983264264,36.47090395736593,26.19140625,17.40234375,-21.796875,-10.283203125,-15.732421875,37.79296875,0.0,0.0,0.0,-30.76171875,-43.9453125,-30.76171875,10.0,5.9,-7.5,8.8,11.2,8.1
1.3988691249978729,1.4017852499964647,24.23464809570254,16.156432063801695,-20.195540079752114,-11.69454196838046,-17.541812952570687,36.35197214355381,26.103515625,17.40234375,-21.796875,-10.37109375,-15.908203125,37.705078125,0.0,0.0,0.0,-26.3671875,-43.9453125,-30.76171875,9.2,5.9,-8.3,8.8,10.4,8.9
1.4018137090024538,1.4058023749967106,24.158739917958666,16.105826611972446,-20.132283264965558,-11.77181959028642,-17.65772938542963,36.238109876938,26.103515625,17.40234375,-21.796875,-10.458984375,-15.908203125,37.529296875,0.0,0.0,0.0,-26.3671875,-43.9453125,-30.76171875,10.0,6.7,-9.1,8.0,12.0,8.1
1.405837458994938,1.4087911669921596,24.05363884472334,16.03575922981556,-20.044699037269456,-11.876830093370472,-17.81524514005571,36.080458267085014,26.103515625,17.40234375,-21.796875,-10.546875,-16.171875,37.44140625,0.0,0.0,0.0,-26.3671875,-43.9453125,-30.76171875,10.8,7.5,-9.2,8.0,10.4,8.1
1.4088176249933895,1.4117503339948598,23.974789643452965,15.983193095635311,-19.978991369544147,-11.954165843201267,-17.9312487648019,35.96218446517945,26.103515625,17.40234375,-21.796875,-10.634765625,-16.259765625,37.265625,0.0,0.0,0.0,-26.3671875,-43.9453125,-30.76171875,11.6,7.5,-10.0,8.0,11.3,7.3
1.4117812500044238,1.4147882499964908,23.89554165781413,15.930361105209421,-19.91295138151178,-12.030700374028452,-18.04605056104268,35.8433124867212,26.103515625,17.40234375,-21.796875,-10.72265625,-16.34765625,37.177734375,-4.39453125,0.0,0.0,-26.3671875,-43.9453125,-30.76171875,12.4,8.3,-10.8,8.0,11.3,8.0
1.4148705840052571,1.4188086669892073,23.81205702453401,15.874704683022673,-19.843380853778346,-12.110085703255551,-18.165128554883328,35.71808553680101,26.015625,17.40234375,-21.796875,-10.810546875,-16.5234375,37.08984375,-4.39453125,0.0,0.0,-26.3671875,-39.55078125,-30.76171875,11.6,8.3,-10.8,8.8,11.3,8.8
1.4188461249868851,1.422836458979873,23.703330875691588,15.802220583794393,-19.752775729742982,-12.21164850439265,-18.317472756588977,35.55499631353738,26.015625,17.314453125,-21.796875,-10.8984375,-16.69921875,36.9140625,-4.39453125,-4.39453125,0.0,-26.3671875,-39.55078125,-39.55078125,12.4,8.3,-11.6,8.8,10.3,8.8
1.4228694170014933,1.4267910839989781,23.59184441947201,15.727896279648007,-19.65987034956001,-12.313748826338186,-18.47062323950728,35.38776662920801,26.015625,17.314453125,-21.796875,-11.07421875,-16.787109375,36.73828125,-4.39453125,-4.39453125,0.0,-26.3671875,-39.55078125,-39.55078125,13.2,9.1,-12.4,7.2,10.3,8.0
1.4268202499952167,1.4297910839959513,23.480970957846743,15.653980638564498,-19.567475798205628,-12.413342228523332,-18.620013342784993,35.22145643677011,26.015625,17.314453125,-21.708984375,-11.162109375,-16.875,36.5625,-4.39453125,-4.39453125,0.0,-26.3671875,-39.55078125,-39.55078125,14.0,9.1,-12.5,8.0,11.1,7.2
1.4298175419971813,1.432751833985094,23.39595259236453,15.597301728243018,-19.49662716030378,-12.488457205520527,-18.73268580828079,35.09392888854679,26.015625,17.314453125,-21.708984375,-11.25,-17.05078125,36.474609375,-4.39453125,-4.39453125,0.0,-26.3671875,-39.55078125,-39.55078125,14.8,9.9,-13.3,7.2,11.3,7.2
1.4328037499799393,1.435930042003747,23.310486401892522,15.540324267928346,-19.425405334910437,-12.562916169841763,-18.844374254762645,34.96572960283878,26.015625,17.314453125,-21.708984375,-11.337890625,-17.138671875,36.298828125,-4.39453125,-4.39453125,4.39453125,-26.3671875,-39.55078125,-39.55078125,15.6,9.9,-14.1,7.2,11.3,8.0
1.4359986250055954,1.4397873749840073,23.218219778373715,15.478813185582478,-19.34851648197811,-12.642160762069139,-18.96324114310371,34.82732966756057,25.927734375,17.314453125,-21.62109375,-11.42578125,-17.314453125,36.2109375,-4.39453125,-4.39453125,4.39453125,-26.3671875,-35.15625,-39.55078125,15.6,10.7,-13.3,7.2,11.3,8.0
1.439844666980207,1.443816874991171,23.106033062997096,15.404022041998065,-19.255027552497577,-12.736985782770939,-19.10547867415641,34.65904959449564,25.927734375,17.314453125,-21.62109375,-11.513671875,-17.40234375,36.03515625,-4.39453125,0.0,4.39453125,-26.3671875,-35.15625,-39.55078125,16.4,11.5,-14.1,8.0,11.2,8.8
1.443868083995767,1.447800666996045,22.987396542167737,15.324931028111825,-19.15616378513979,-12.835518802287863,-19.253278203431794,34.48109481325161,25.83984375,17.314453125,-21.533203125,-11.6015625,-17.578125,35.947265625,-4.39453125,0.0,4.39453125,-26.3671875,-35.15625,-39.55078125,16.3,12.3,-14.1,7.2,11.2,9.8
1.4478518340038136,1.4518192499817815,22.868673918124095,15.24578261208273,-19.057228265103415,-12.932413223065224,-19.398619834597834,34.303010877186146,25.751953125,17.2265625,-21.533203125,-11.689453125,-17.75390625,35.771484375,-4.39453125,0.0,4.39453125,-26.3671875,-35.15625,-39.55078125,17.1,12.3,-14.6,8.0,11.2,9.0
1.4518784589890856,1.4557272089878097,22.747434302597284,15.164956201731522,-18.956195252164406,-13.02967959383639,-19.544519390754584,34.121151453895926,25.6640625,17.2265625,-21.4453125,-11.865234375,-17.841796875,35.5078125,-17.578125,0.0,13.18359375,-26.3671875,-35.15625,-39.55078125,17.1,13.1,-14.6,6.4,12.0,7.8
1.4557646669854876,1.4587338749843184,22.629269927598564,15.086179951732376,-18.857724939665466,-13.122918600539581,-19.68437790080937,33.94390489139785,25.576171875,17.138671875,-21.357421875,-11.953125,-17.9296875,35.33203125,-17.578125,0.0,13.18359375,-26.3671875,-35.15625,-39.55078125,17.1,12.3,-14.6,7.2,12.0,8.6
1.4587666669976898,1.4617312499904074,22.537233565722897,15.024822377148599,-18.78102797143575,-13.194518996433779,-19.791778494650668,33.80585034858434,25.48828125,17.138671875,-21.357421875,-12.041015625,-18.10546875,35.244140625,-17.578125,-8.7890625,13.18359375,-26.3671875,-35.15625,-43.9453125,17.1,13.1,-15.4,6.4,10.3,7.8
1.4617579999903683,1.464705458987737,22.444881649103763,14.963254432735843,-18.7040680409198,-13.265499505158834,-19.89824925773825,33.667322473655645,25.400390625,17.138671875,-21.26953125,-12.041015625,-18.28125,35.068359375,-17.578125,-8.7890625,13.18359375,-26.3671875,-35.15625,-43.9453125,16.3,13.1,-15.4,7.2,10.3,8.0
1.4647345419798512,1.4678700419899542,22.3523622608674,14.901574840578268,-18.62696855072283,-13.335769404951922,-20.00365410742788,33.5285433913011,25.3125,17.05078125,-21.181640625,-12.12890625,-18.369140625,34.892578125,-17.578125,-8.7890625,13.18359375,-26.3671875,-35.15625,-43.9453125,16.8,13.1,-14.6,7.2,11.1,8.0
1.4678921669838019,1.4717137919797096,22.253547713367567,14.835698475578377,-18.544623094472968,-13.409925122948842,-20.114887684423262,33.38032157005135,25.224609375,16.962890625,-21.181640625,-12.12890625,-18.45703125,34.8046875,-17.578125,-8.7890625,13.18359375,-26.3671875,-35.15625,-43.9453125,16.8,13.1,-15.3,8.8,11.3,8.8
1.4717329169798177,1.4748188339872286,22.13245161548077,14.754967743653845,-18.44370967956731,-13.499588619105259,-20.249382928657887,33.19867742322115,25.224609375,16.962890625,-21.09375,-12.3046875,-18.544921875,34.62890625,-21.97265625,-8.7890625,17.578125,-26.3671875,-35.15625,-43.9453125,17.6,13.7,-15.3,8.0,12.1,8.9
1.4748369999870192,1.4786967919790186,22.03387434301273,14.689249562008486,-18.36156195251061,-13.571629447926789,-20.357444171890183,33.05081151451909,25.048828125,16.875,-21.005859375,-12.392578125,-18.720703125,34.541015625,-21.97265625,-8.7890625,17.578125,-26.3671875,-35.15625,-43.9453125,16.8,12.9,-15.3,7.2,10.5,8.1
1.478717958991183,1.4816877089906484,21.90975866899129,14.606505779327527,-18.258132224159404,-13.661172142956591,-20.491758214434885,32.86463800348694,24.9609375,16.875,-21.005859375,-12.48046875,-18.896484375,34.27734375,-21.97265625,-13.18359375,17.578125,-21.97265625,-35.15625,-43.9453125,16.8,13.7,-16.1,7.2,10.4,7.3
1.48170662499615,1.4847564169904217,21.81353863251285,14.542359088341897,-18.177948860427378,-13.729732168558188,-20.594598252837283,32.720307948769275,24.873046875,16.787109375,-20.91796875,-12.568359375,-18.984375,34.189453125,-21.97265625,-13.18359375,17.578125,-21.97265625,-35.15625,-43.9453125,16.8,13.7,-16.1,6.4,11.2,8.8
1.484774374985136,1.4877389589964878,21.71420734252936,14.476138228352909,-18.095172785441143,-13.799752984966737,-20.699629477450106,32.57131101379404,24.697265625,16.787109375,-20.830078125,-12.65625,-19.072265625,34.013671875,-21.97265625,-13.18359375,17.578125,-21.97265625,-35.15625,-43.9453125,16.1,14.5,-16.1,6.2,11.2,8.8
1.4877565419883467,1.490813624986913,21.617111114885493,14.411407409923664,-18.014259262404583,-13.867481356526925,-20.80122203479039,32.42566667232824,24.609375,16.69921875,-20.7421875,-12.65625,-19.16015625,33.92578125,-21.97265625,-13.18359375,17.578125,-21.97265625,-35.15625,-43.9453125,16.1,13.7,-15.3,7.0,12.1,9.6
1.4908329589816276,1.4947590839874465,21.51640568230482,14.344270454869882,-17.930338068587353,-13.937004549233555,-20.90550682385033,32.27460852345723,24.521484375,16.69921875,-20.654296875,-12.744140625,-19.248046875,33.837890625,-30.76171875,-13.18359375,21.97265625,-21.97265625,-35.15625,-43.9453125,16.1,14.5,-16.1,7.8,12.1,10.4
1.4947777089837473,1.4987051249772776,21.386493980497693,14.25766265366513,-17.82207831708141,-14.02564507668997,-21.038467615034953,32.07974097074654,24.43359375,16.611328125,-20.56640625,-12.83203125,-19.423828125,33.57421875,-30.76171875,-13.18359375,21.97265625,-21.97265625,-39.55078125,-43.9453125,16.1,14.5,-16.1,8.3,11.3,8.1
1.4987229169928469,1.5017488749872427,21.25571507039844,14.17047671359896,-17.7130958919987,-14.113737448972655,-21.170606173458985,31.88357260559766,24.2578125,16.611328125,-20.56640625,-12.919921875,-19.599609375,33.3984375,-30.76171875,-13.18359375,21.97265625,-26.3671875,-39.55078125,-43.9453125,15.3,15.3,-16.9,7.5,10.2,8.1
1.5017662919999566,1.504735124995932,21.154266149582277,14.10284409972152,-17.62855512465191,-14.181318284946215,-21.271977427419323,31.731399224373416,24.08203125,16.5234375,-20.478515625,-13.0078125,-19.6875,33.310546875,-30.76171875,-13.18359375,21.97265625,-26.3671875,-39.55078125,-43.9453125,14.5,14.5,-16.1,8.3,10.2,9.6
1.5047582919942215,1.5077963749936316,21.054058366548684,14.036038911032456,-17.545048638790572,-14.247442285827406,-21.37116342874111,31.581087549823025,23.994140625,16.435546875,-20.390625,-13.095703125,-19.775390625,33.134765625,-30.76171875,-13.18359375,21.97265625,-26.3671875,-39.55078125,-43.9453125,14.1,14.5,-16.0,7.2,11.0,10.4
1.507818749989383,1.5107600839983206,20.95107668148924,13.967384454326162,-17.459230567907706,-14.314753630609498,-21.472130445914246,31.426615022233864,23.90625,16.435546875,-20.302734375,-13.18359375,-19.86328125,32.958984375,-30.76171875,-13.18359375,21.97265625,-26.3671875,-39.55078125,-43.9453125,14.1,15.3,-16.0,6.4,11.3,9.6
1.5107797499804292,1.5137878340028692,20.850980799557256,13.900653866371504,-17.37581733296438,-14.379562652853213,-21.569343979279818,31.276471199335884,23.818359375,16.435546875,-20.21484375,-13.18359375,-19.951171875,32.87109375,-39.55078125,-13.18359375,21.97265625,-26.3671875,-39.55078125,-43.9453125,14.1,16.2,-16.0,7.2,10.5,10.4
1.5138089589891024,1.5166874999995343,20.748112371675226,13.83207491445015,-17.29009364306269,-14.445542688353347,-21.66831403253002,31.122168557512836,23.73046875,16.34765625,-20.21484375,-13.271484375,-20.126953125,32.6953125,-39.55078125,-13.18359375,21.97265625,-26.3671875,-35.15625,-43.9453125,14.1,15.4,-16.8,7.2,10.5,8.8
1.5167093749914784,1.519710041990038,20.649177348657382,13.766118232438256,-17.20764779054782,-14.508410967798335,-21.762616451697504,30.973766022986077,23.642578125,16.259765625,-20.126953125,-13.359375,-20.21484375,32.51953125,-39.55078125,-17.578125,21.97265625,-26.3671875,-35.15625,-43.9453125,14.1,15.4,-16.8,7.2,11.3,8.0
1.5197291249933187,1.5226852920022793,20.545716372760385,13.697144248506923,-17.121430310633663,-14.57354587722541,-21.860318815838113,30.818574559140576,23.5546875,16.259765625,-20.0390625,-13.359375,-20.302734375,32.34375,-39.55078125,-17.578125,21.97265625,-21.97265625,-35.15625,-48.33984375,14.9,16.2,-16.8,7.2,11.2,8.0
1.5227039589954074,1.525578291999409,20.443342258118587,13.628894838745724,-17.03611854843215,-14.63739134799675,-21.956087021995128,30.66501338717788,23.5546875,16.259765625,-19.951171875,-13.447265625,-20.390625,32.255859375,-39.55078125,-17.578125,21.97265625,-21.97265625,-35.15625,-48.33984375,15.7,16.2,-16.8,7.2,11.2,8.6
1.525595874991268,1.5287593340035528,20.343393711155613,13.562262474103743,-16.952828092629684,-14.69915087967728,-22.04872631951592,30.515090566733424,23.466796875,16.171875,-19.951171875,-13.53515625,-20.478515625,32.080078125,-39.55078125,-17.578125,21.97265625,-21.97265625,-35.15625,-48.33984375,16.1,16.2,-16.9,7.2,10.4,9.4
1.5287765419925563,1.532675124995876,20.232980859566847,13.488653906377898,-16.860817382972385,-14.766726644519299,-22.15008996677895,30.349471289350273,23.37890625,16.083984375,-19.775390625,-13.623046875,-20.56640625,31.904296875,-39.55078125,-17.578125,21.97265625,-21.97265625,-35.15625,-48.33984375,16.1,16.1,-16.1,7.2,11.1,10.2
1.5326925840054173,1.5356952089932747,20.096346980666258,13.397564653777504,-16.746955817221885,-14.849419562658051,-22.274129343987077,30.144520470999385,23.37890625,15.99609375,-19.6875,-13.7109375,-20.654296875,31.728515625,-21.97265625,-17.578125,21.97265625,-21.97265625,-35.15625,-48.33984375,16.9,16.1,-16.9,6.4,11.1,10.7
1.5357123339781538,1.5388299170008395,19.990465917710072,13.326977278473382,-16.65872159809173,-14.912802440153701,-22.36920366023055,29.98569887656511,23.291015625,15.99609375,-19.6875,-13.798828125,-20.830078125,31.552734375,-21.97265625,-17.578125,21.97265625,-21.97265625,-30.76171875,-48.33984375,16.9,16.9,-17.7,7.2,9.5,9.1
1.5388501249835826,1.5427682919835206,19.879969531530573,13.253313021020382,-16.566641276275483,-14.978307446666046,-22.46746116999907,29.819954297295862,23.203125,15.908203125,-19.599609375,-13.798828125,-20.91796875,31.376953125,-21.97265625,-17.578125,21.97265625,-21.97265625,-30.76171875,-52.734375,16.9,16.1,-16.9,8.0,10.3,9.1
1.5427912499872036,1.5468379170051776,19.74050005601095,13.160333370673968,-16.450416713342452,-15.060067249940325,-22.590100874910487,29.610750084016424,23.02734375,15.8203125,-19.51171875,-13.974609375,-21.005859375,31.201171875,-21.97265625,-17.578125,21.97265625,-21.97265625,-30.76171875,-52.734375,16.9,16.1,-17.7,6.4,11.1,9.4
1.5468766249832697,1.5506804589822423,19.595127304878808,13.063418203252539,-16.329272754065684,-15.144210274785872,-22.71631541217881,29.392690957318212,22.939453125,15.8203125,-19.423828125,-13.974609375,-21.09375,30.9375,-21.97265625,-17.578125,21.97265625,-21.97265625,-30.76171875,-52.734375,17.0,16.9,-17.7,6.4,11.1,9.4
1.5507127500022762,1.553730083978735,19.45788906894002,12.971926045960014,-16.21490755745001,-15.222652024471437,-22.833978036707155,29.18683360341003,22.8515625,15.64453125,-19.3359375,-14.0625,-21.26953125,30.849609375,-26.3671875,-17.578125,21.97265625,-21.97265625,-30.76171875,-52.734375,17.8,16.1,-17.7,7.2,10.5,10.2
1.553766375000123,1.5567344169830903,19.348139667140387,12.898759778093591,-16.123449722616993,-15.284698105851975,-22.927047158777963,29.02220950071058,22.763671875,15.64453125,-19.248046875,-14.150390625,-21.357421875,30.5859375,-26.3671875,-17.578125,21.97265625,-21.97265625,-30.76171875,-52.734375,17.8,16.9,-17.7,6.4,9.7,10.6
1.5567564590019174,1.5597128339868505,19.240242600581155,12.826828400387438,-16.033535500484287,-15.345112354981778,-23.017668532472666,28.860363900871736,22.67578125,15.556640625,-19.16015625,-14.23828125,-21.4453125,30.41015625,-26.3671875,-17.578125,21.97265625,-21.97265625,-30.76171875,-52.734375,17.8,16.9,-17.7,6.4,10.5,10.6
1.559736333991168,1.5626422499772161,19.132291654439772,12.754861102959849,-15.943576378699815,-15.404983552221074,-23.10747532833161,28.69843748165966,22.587890625,15.556640625,-19.16015625,-14.23828125,-21.533203125,30.322265625,-26.3671875,-17.578125,21.97265625,-21.97265625,-30.76171875,-52.734375,17.8,17.7,-18.5,7.2,11.2,10.6
1.5626866249949671,1.5657207499898504,19.024999470134244,12.683332980089496,-15.854166225111882,-15.463927848906106,-23.19589177335916,28.537499205201367,22.5,15.46875,-19.072265625,-14.326171875,-21.533203125,30.146484375,-26.3671875,-17.578125,21.97265625,-21.97265625,-30.76171875,-52.734375,17.8,16.9,-18.5,7.2,12.0,10.4
1.5657421249779873,1.5687824999913573,18.913450506063796,12.60896700404253,-15.761208755053154,-15.524624024142,-23.286936036213,28.370175759095694,22.5,15.380859375,-18.984375,-14.4140625,-21.708984375,29.970703125,-26.3671875,-17.578125,21.97265625,-21.97265625,-30.76171875,-52.734375,18.5,16.9,-18.5,6.4,11.2,8.8
1.56880079198163,1.5726392089854926,18.8013495582975,12.534233038864999,-15.66779129858126,-15.585024931883327,-23.37753739782499,28.202024337446247,22.412109375,15.29296875,-18.896484375,-14.501953125,-21.708984375,29.70703125,-26.3671875,-17.578125,21.97265625,-21.97265625,-30.76171875,-52.734375,18.5,16.8,-18.5,6.4,11.3,8.0
1.572656874981476,1.5757932089909445,18.659404953549647,12.43960330236643,-15.549504127958041,-15.660659937555446,-23.49098990633317,27.98910743032447,22.32421875,15.205078125,-18.80859375,-14.501953125,-21.884765625,29.53125,-26.3671875,-17.578125,26.3671875,-21.97265625,-30.76171875,-52.734375,19.3,16.8,-18.5,7.2,11.3,8.5
1.575809959002072,1.5797442089824472,18.542829150015038,12.361886100010025,-15.452357625012525,-15.722079126196354,-23.58311868929453,27.814243725022553,22.236328125,15.205078125,-18.720703125,-14.58984375,-21.97265625,29.35546875,-26.3671875,-17.578125,26.3671875,-21.97265625,-26.3671875,-52.734375,19.3,17.6,-18.5,6.4,10.5,8.5
1.5797592919843737,1.582775833987398,18.3961731007819,12.264115400521266,-15.330144250651587,-15.798464274817887,-23.69769641222683,27.59425965117285,22.236328125,15.1171875,-18.544921875,-14.677734375,-22.060546875,29.1796875,-26.3671875,-21.97265625,26.3671875,-17.578125,-26.3671875,-57.12890625,20.1,17.6,-17.7,7.2,11.1,10.1
1.5827917919959873,1.585758542001713,18.2830822680403,12.188721512026866,-15.235901890033585,-15.856704194196647,-23.78505629129497,27.424623402060448,22.1484375,15.029296875,-18.544921875,-14.765625,-22.1484375,29.00390625,-26.3671875,-21.97265625,26.3671875,-17.578125,-26.3671875,-57.12890625,20.9,17.6,-18.5,7.2,10.3,9.8
1.585774874984054,1.5888479999848641,18.171429564059164,12.114286376039443,-15.142857970049297,-15.913644007558588,-23.870466011337882,27.257144346088747,22.1484375,14.94140625,-18.45703125,-14.765625,-22.236328125,28.828125,-26.3671875,-21.97265625,26.3671875,-17.578125,-26.3671875,-57.12890625,22.0,16.8,-18.4,7.2,10.3,10.6
1.5888658339972608,1.592704666982172,18.055318349228898,12.036878899485933,-15.046098624357409,-15.97227430139836,-23.95841145209754,27.082977523843347,22.060546875,14.94140625,-18.369140625,-14.853515625,-22.32421875,28.740234375,-26.3671875,-21.97265625,26.3671875,-17.578125,-26.3671875,-57.12890625,22.0,17.7,-18.4,6.4,12.0,11.4
1.5927222500031348,1.59577529199305,17.909856437721714,11.939904291814475,-14.924880364768098,-16.044895933047066,-24.0673438995706,26.86478465658257,21.97265625,14.853515625,-18.28125,-14.94140625,-22.5,28.4765625,-13.18359375,-21.97265625,21.97265625,-17.578125,-26.3671875,-57.12890625,22.0,17.7,-19.2,7.2,11.2,10.5
1.595792416977929,1.599725291976938,17.793581277123614,11.862387518082409,-14.827984397603014,-16.10229059391373,-24.153435890870597,26.69037191568542,21.884765625,14.765625,-18.193359375,-15.029296875,-22.587890625,28.30078125,-13.18359375,-21.97265625,21.97265625,-17.578125,-30.76171875,-57.12890625,22.8,17.7,-19.2,7.2,11.2,10.5
1.5997432089934591,1.602712124993559,17.643346041424298,11.762230694282865,-14.702788367853584,-16.17559671525196,-24.26339507287794,26.465019062136445,21.708984375,14.677734375,-18.10546875,-15.1171875,-22.67578125,28.037109375,-13.18359375,-21.97265625,21.97265625,-21.97265625,-30.76171875,-52.734375,22.0,17.7,-19.2,6.4,10.5,9.7
1.6027314589882735,1.605804166989401,17.529261362734996,11.68617424182333,-14.607717802279174,-16.230629426788866,-24.345944140183303,26.293892044102492,21.62109375,14.58984375,-18.017578125,-15.1171875,-22.763671875,27.861328125,-13.18359375,-21.97265625,21.97265625,-21.97265625,-30.76171875,-52.734375,22.0,17.7,-19.2,6.4,11.3,9.6
1.6058221249841154,1.6097105419903528,17.41086039753691,11.607240265024608,-14.509050331280763,-16.287172051341248,-24.430758077011873,26.11629059630537,21.533203125,14.501953125,-17.9296875,-15.205078125,-22.8515625,27.7734375,-13.18359375,-21.97265625,21.97265625,-21.97265625,-30.76171875,-52.734375,21.8,17.7,-19.3,6.4,10.5,10.4
1.6097280840040185,1.6127980839810334,17.260639544753612,11.507093029835742,-14.38386628729468,-16.35808087774069,-24.537121316611035,25.89095931713042,21.4453125,14.4140625,-17.841796875,-15.205078125,-22.939453125,27.509765625,-30.76171875,-21.97265625,21.97265625,-21.97265625,-30.76171875,-52.734375,22.6,17.6,-19.3,7.2,11.2,10.4
1.6128158339997754,1.6167370000039227,17.141426393722426,11.42761759581495,-14.28452199476869,-16.41370025569556,-24.62055038354334,25.712139590583643,21.26953125,14.326171875,-17.75390625,-15.29296875,-23.02734375,27.333984375,-30.76171875,-21.97265625,30.76171875,-21.97265625,-26.3671875,-52.734375,21.8,17.6,-19.3,6.4,11.2,8.7
1.6167560839967337,1.619779375003418,16.98871432588069,11.325809550587127,-14.157261938233912,-16.48411471762525,-24.726172076437877,25.483071488821036,21.181640625,14.23828125,-17.578125,-15.380859375,-23.115234375,27.0703125,-30.76171875,-21.97265625,30.76171875,-17.578125,-26.3671875,-57.12890625,22.6,17.6,-19.3,7.2,11.2,7.9
1.6198023750039283,1.6237485839810688,16.870203007342155,11.246802004894771,-14.058502506118456,-16.53812095320067,-24.80718142980101,25.305304511013237,21.005859375,14.150390625,-17.578125,-15.46875,-23.203125,26.89453125,-30.76171875,-21.97265625,30.76171875,-17.578125,-26.3671875,-57.12890625,21.8,17.6,-20.1,7.2,11.2,8.7
1.6237800419912674,1.6277190840046387,16.714876853846494,11.143251235897662,-13.929064044872069,-16.60806887912214,-24.912103318683208,25.07231528076974,20.91796875,14.0625,-17.40234375,-15.556640625,-23.291015625,26.71875,-30.76171875,-21.97265625,30.76171875,-17.578125,-26.3671875,-57.12890625,22.4,17.6,-19.3,6.4,11.2,9.6
1.6277445000014268,1.6317467920016497,16.559417218361478,11.039611478907652,-13.79951434863456,-16.677139394835393,-25.015709092253086,24.839125827542215,20.7421875,13.974609375,-17.314453125,-15.64453125,-23.37890625,26.54296875,-30.76171875,-21.97265625,30.76171875,-17.578125,-26.3671875,-57.12890625,22.4,17.6,-19.2,5.6,11.2,10.4
1.6317759999947157,1.6357178750040475,16.400670125075397,10.933780083383597,-13.66722510422951,-16.74671469537246,-25.120072043058695,24.601005187613094,20.56640625,13.88671875,-17.2265625,-15.732421875,-23.5546875,26.279296875,-35.15625,-21.97265625,26.3671875,-17.578125,-26.3671875,-57.12890625,21.6,17.6,-20.0,6.4,10.4,9.7
1.6357400419947226,1.6387929589836858,16.24393797666576,10.829291984443838,-13.5366149805548,-16.814471003146675,-25.221706504720014,24.365906964998636,20.478515625,13.798828125,-17.138671875,-15.8203125,-23.642578125,26.103515625,-35.15625,-21.97265625,26.3671875,-17.578125,-26.3671875,-57.12890625,21.6,17.6,-20.0,6.4,11.2,10.5
1.6388123339856975,1.6427219999895897,16.122030723163444,10.748020482108963,-13.435025602636195,-16.866536565524246,-25.29980484828637,24.183046084745165,20.302734375,13.7109375,-17.05078125,-15.8203125,-23.642578125,25.927734375,-35.15625,-21.97265625,26.3671875,-21.97265625,-26.3671875,-52.734375,21.6,17.6,-20.0,6.4,12.0,11.3
1.6427404999849387,1.6458203340007458,15.96561618752181,10.64374412501454,-13.304680156268178,-16.932534098628548,-25.39880114794282,23.948424281282715,20.21484375,13.623046875,-16.875,-15.908203125,-23.73046875,25.6640625,-35.15625,-21.97265625,26.3671875,-21.97265625,-26.3671875,-52.734375,22.4,17.6,-19.2,5.6,12.0,11.2
1.645838083990384,1.6497337920009159,15.841845408653683,10.56123027243579,-13.201537840544738,-16.984122442227793,-25.47618366334169,23.762768112980524,20.126953125,13.53515625,-16.787109375,-15.99609375,-23.90625,25.48828125,-35.15625,-21.97265625,26.3671875,-21.97265625,-26.3671875,-52.734375,22.4,17.6,-19.3,6.4,10.4,11.2
1.649753666977631,1.653764874994522,15.68485335993833,10.456568906625554,-13.070711133281945,-17.048758509081875,-25.573137763622814,23.527280039907495,19.951171875,13.447265625,-16.69921875,-16.083984375,-23.994140625,25.3125,-35.15625,-21.97265625,26.3671875,-21.97265625,-26.3671875,-52.734375,22.4,17.6,-20.1,5.6,11.2,12.0
1.6537829999870155,1.6567554590001237,15.522681201519791,10.348454134346527,-12.93556766793317,-17.114598944448744,-25.671898416673116,23.284021802279685,19.775390625,13.359375,-16.611328125,-16.083984375,-24.08203125,25.048828125,-35.15625,-21.97265625,26.3671875,-21.97265625,-26.3671875,-52.734375,21.6,17.6,-20.1,5.6,11.2,10.5
1.656773416994838,1.6607303749769926,15.401920857642821,10.267947238428548,-12.834934048035688,-17.163020116193056,-25.744530174289586,23.102881286464232,19.6875,13.271484375,-16.5234375,-16.171875,-24.169921875,24.873046875,-35.15625,-26.3671875,26.3671875,-17.578125,-26.3671875,-57.12890625,21.6,17.6,-20.9,6.4,10.3,9.7
1.6607530420005787,1.6647310419939458,15.240687273447696,10.160458182298465,-12.700572727873084,-17.226871147302525,-25.840306720953787,22.861030910171543,19.599609375,13.18359375,-16.34765625,-16.259765625,-24.2578125,24.609375,-35.15625,-26.3671875,26.3671875,-17.578125,-26.3671875,-57.12890625,22.4,17.6,-20.1,5.6,11.1,10.3
1.6647727089875843,1.668643416982377,15.077226838142485,10.051484558761656,-12.564355698452074,-17.290681252194084,-25.936021878291125,22.615840257213726,19.423828125,13.095703125,-16.259765625,-16.34765625,-24.43359375,24.345703125,-35.15625,-26.3671875,26.3671875,-17.578125,-26.3671875,-57.12890625,22.4,17.6,-20.0,4.8,10.3,10.3
1.6686772919783834,1.6716417919960804,14.917870730322704,9.94524715354847,-12.43155894193559,-17.35200446792347,-26.028006701885204,22.376806095484056,19.248046875,13.0078125,-16.171875,-16.34765625,-24.43359375,24.08203125,-39.55078125,-26.3671875,26.3671875,-17.578125,-26.3671875,-57.12890625,21.6,17.6,-20.8,6.4,11.2,11.1
1.6716675839852542,1.674652874993626,14.79544942918842,9.86363295279228,-12.329541190990362,-17.39852709204403,-26.097790638066044,22.193174143782628,19.248046875,12.919921875,-16.083984375,-16.34765625,-24.609375,23.90625,-39.55078125,-26.3671875,30.76171875,-17.578125,-26.3671875,-57.12890625,22.4,17.6,-20.8,6.4,10.4,11.3
1.6746807500021532,1.6776497919927351,14.67176149436803,9.781174329578686,-12.22646791197335,-17.445017303929255,-26.16752595589388,22.00764224155204,19.072265625,12.83203125,-15.99609375,-16.435546875,-24.609375,23.73046875,-39.55078125,-26.3671875,30.76171875,-17.578125,-26.3671875,-57.12890625,22.4,17.6,-20.8,5.6,10.4,11.3
1.6776737500040326,1.6806786249799188,14.54857596810173,9.699050645401153,-12.123813306751453,-17.490809488927127,-26.236214233390694,21.822863952152595,18.984375,12.744140625,-15.908203125,-16.5234375,-24.697265625,23.5546875,-39.55078125,-21.97265625,30.76171875,-13.18359375,-26.3671875,-61.5234375,22.4,17.6,-20.8,5.6,11.2,11.3
1.6807056249817833,1.6836457919853274,14.423462582143227,9.615641721428819,-12.019552151786016,-17.53680228220406,-26.30520342330609,21.635193873214842,18.896484375,12.744140625,-15.732421875,-16.5234375,-24.697265625,23.37890625,-39.55078125,-21.97265625,30.76171875,-13.18359375,-26.3671875,-61.5234375,23.2,18.4,-20.0,5.6,12.0,11.2
1.6836732919909991,1.686688249988947,14.30068196410102,9.533787976067348,-11.917234970084186,-17.58143585795522,-26.37215378693283,21.451022946151532,18.720703125,12.65625,-15.64453125,-16.611328125,-24.78515625,23.203125,-39.55078125,-21.97265625,30.76171875,-13.18359375,-26.3671875,-61.5234375,22.3,18.4,-20.0,5.6,11.2,11.2
1.6867195419908967,1.6896852499921806,14.174326961338982,9.449551307559322,-11.811939134449155,-17.62685394748036,-26.440280921220538,21.261490442008473,18.6328125,12.568359375,-15.556640625,-16.611328125,-24.873046875,22.939453125,-39.55078125,-21.97265625,30.76171875,-13.18359375,-26.3671875,-61.5234375,22.3,18.4,-20.0,6.4,10.4,11.2
1.689716333989054,1.692593499989016,14.04970672306046,9.366471148706973,-11.708088935883708,-17.671140829625006,-26.50671124443751,21.07456008459069,18.45703125,12.48046875,-15.556640625,-16.69921875,-24.9609375,22.8515625,-35.15625,-21.97265625,30.76171875,-13.18359375,-26.3671875,-61.5234375,21.5,18.4,-20.8,5.6,11.2,11.2
1.6926227499789093,1.6956004169769585,13.92854731653372,9.28569821102248,-11.607122763778102,-17.713718094567664,-26.570577141851498,20.89282097480058,18.369140625,12.392578125,-15.380859375,-16.69921875,-24.9609375,22.587890625,-35.15625,-21.97265625,30.76171875,-13.18359375,-17.578125,-61.5234375,22.3,17.6,-20.8,6.4,12.0,11.2
1.695656791998772,1.6986664999858476,13.801757908069732,9.201171938713154,-11.501464923391445,-17.75777111447936,-26.63665667171904,20.702636862104598,18.28125,12.392578125,-15.29296875,-16.787109375,-25.048828125,22.412109375,-35.15625,-21.97265625,30.76171875,-13.18359375,-17.578125,-61.5234375,22.3,18.4,-20.8,5.6,11.2,11.2
1.698693916987395,1.7016907919896767,13.674525703784296,9.11635046918953,-11.395438086486905,-17.80146494316993,-26.70219741475489,20.511788555676443,18.193359375,12.3046875,-15.205078125,-16.875,-25.13671875,22.236328125,-35.15625,-26.3671875,30.76171875,-17.578125,-17.578125,-65.91796875,22.3,18.4,-20.8,5.6,10.5,10.4
1.7017420420015696,1.705751917004818,13.546519767116628,9.031013178077751,-11.288766472597192,-17.844909665711,-26.767364498566504,20.319779650674942,18.10546875,12.12890625,-15.1171875,-16.875,-25.224609375,22.060546875,-35.15625,-26.3671875,30.76171875,-17.578125,-17.578125,-65.91796875,23.1,17.6,-20.8,5.6,11.3,10.2
1.7057821670023259,1.7097233340027742,13.376376708887868,8.917584472591912,-11.146980590739883,-17.90186267331385,-26.852794009970776,20.064565063331802,17.9296875,12.041015625,-14.94140625,-16.962890625,-25.3125,21.708984375,-35.15625,-26.3671875,30.76171875,-17.578125,-17.578125,-65.91796875,23.3,18.4,-20.1,5.6,11.3,9.4
1.709753584000282,1.7127597919898108,13.208602075150166,8.805734716766779,-11.007168395958475,-17.957144430502538,-26.935716645753804,19.812903112725248,17.75390625,11.953125,-14.853515625,-17.05078125,-25.400390625,21.533203125,-35.15625,-26.3671875,30.76171875,-17.578125,-17.578125,-65.91796875,22.5,18.5,-20.9,5.6,11.2,10.2
1.7127959589997772,1.7166827500041109,13.079727251129032,8.719818167419355,-10.899772709274197,-17.99902139359647,-26.998532090394704,19.61959087669355,17.666015625,11.953125,-14.765625,-17.05078125,-25.400390625,21.26953125,-35.15625,-26.3671875,30.76171875,-17.578125,-21.97265625,-65.91796875,23.3,19.3,-20.9,5.6,11.2,10.5
1.716721000004327,1.7207342500041705,12.913021879461377,8.608681252974252,-10.760851566217827,-18.05244047448127,-27.078660711721902,19.369532819192067,17.490234375,11.865234375,-14.677734375,-17.138671875,-25.48828125,21.005859375,-35.15625,-21.97265625,30.76171875,-13.18359375,-21.97265625,-61.5234375,22.5,19.3,-21.7,5.6,11.2,9.7
1.720786791993305,1.7247449589776807,12.73982099986675,8.493213999911166,-10.616517499888952,-18.10705155324061,-27.16057732986091,19.109731499800127,17.314453125,11.689453125,-14.501953125,-17.138671875,-25.576171875,20.830078125,-35.15625,-21.97265625,30.76171875,-13.18359375,-21.97265625,-61.5234375,22.5,18.5,-20.9,5.6,11.2,10.4
1.7248034999938682,1.7286593339813408,12.56820079238793,8.37880052825862,-10.473500660323278,-18.16027812858749,-27.24041719288123,18.852301188581897,17.138671875,11.6015625,-14.4140625,-17.2265625,-25.6640625,20.56640625,-35.15625,-21.97265625,30.76171875,-13.18359375,-21.97265625,-61.5234375,22.4,18.5,-21.6,4.8,10.4,10.4
1.7286957500036806,1.7317623339768033,12.401420871126662,8.267613914084443,-10.334517392605555,-18.21116581022855,-27.316748715342825,18.602131306689994,17.05078125,11.513671875,-14.23828125,-17.314453125,-25.751953125,20.390625,-39.55078125,-21.97265625,30.76171875,-13.18359375,-21.97265625,-61.5234375,23.2,19.2,-20.8,5.6,11.2,10.4
1.7317935419850983,1.7357757089775987,12.268351269305818,8.178900846203877,-10.223626057754851,-18.25118026177939,-27.37677039266908,18.402526903958726,16.962890625,11.42578125,-14.150390625,-17.314453125,-25.83984375,20.21484375,-39.55078125,-21.97265625,30.76171875,-13.18359375,-21.97265625,-61.5234375,23.2,19.2,-20.8,5.6,10.4,11.3
1.7358115419920068,1.7397594999929424,12.0953206835721,8.063547122381399,-10.079433902976762,-18.30243720943018,-27.453655814145275,18.14298102535815,16.787109375,11.337890625,-14.0625,-17.40234375,-25.927734375,19.951171875,-39.55078125,-26.3671875,30.76171875,-17.578125,-21.97265625,-57.12890625,23.2,19.2,-21.6,5.6,10.4,11.3
1.7397917920025066,1.7437539589882363,11.923440696102322,7.9489604640682145,-9.93620058008527,-18.352493768986285,-27.528740653479428,17.88516104415348,16.611328125,11.25,-13.88671875,-17.40234375,-25.927734375,19.6875,-39.55078125,-26.3671875,30.76171875,-17.578125,-21.97265625,-57.12890625,23.2,19.2,-20.8,5.6,10.3,11.2
1.7437855419993866,1.7477182919974439,11.750509289381291,7.833672859587528,-9.792091074484413,-18.401999063388786,-27.60299859508318,17.625763934071937,16.435546875,11.07421875,-13.798828125,-17.490234375,-26.015625,19.423828125,-39.55078125,-26.3671875,30.76171875,-17.578125,-21.97265625,-57.12890625,22.5,18.4,-21.7,5.6,11.1,11.2
1.747747999994317,1.7517083339917008,11.578475804013113,7.718983869342075,-9.648729836677598,-18.450400755128243,-27.675601132692364,17.36771370601967,16.34765625,10.986328125,-13.623046875,-17.578125,-26.103515625,19.248046875,-39.55078125,-26.3671875,30.76171875,-17.578125,-21.97265625,-57.12890625,23.3,19.3,-20.9,4.8,10.4,12.0
1.7517431669984944,1.7557535420055501,11.404568119909419,7.6030454132729455,-9.503806766591193,-18.498478327789805,-27.747717491684707,17.106852179864127,16.171875,10.8984375,-13.447265625,-17.578125,-26.19140625,18.896484375,-39.55078125,-26.3671875,30.76171875,-17.578125,-21.97265625,-57.12890625,23.3,19.3,-20.9,5.6,11.2,10.4
1.7557890839816537,1.7597097499819938,11.227993603550887,7.4853290690339245,-9.356661336292408,-18.54642414936841,-27.819636224052612,16.84199040532633,15.99609375,10.810546875,-13.359375,-17.666015625,-26.279296875,18.6328125,-39.55078125,-26.3671875,30.76171875,-13.18359375,-17.578125,-65.91796875,23.3,19.3,-20.9,4.8,10.4,10.4
1.7597407089779153,1.7636877089971676,11.055096418583744,7.370064279055829,-9.21258034881978,-18.592529481557516,-27.888794222336273,16.582644627875617,15.8203125,10.72265625,-13.271484375,-17.666015625,-26.3671875,18.369140625,-39.55078125,-26.3671875,30.76171875,-13.18359375,-17.578125,-65.91796875,23.3,19.3,-21.7,4.8,11.3,10.3
1.7637141669983976,1.7677197919983882,10.880814495707941,7.253876330471961,-9.067345413089955,-18.638167243112147,-27.95725086466822,16.321221743561914,15.732421875,10.546875,-13.095703125,-17.666015625,-26.455078125,18.10546875,-39.55078125,-26.3671875,30.76171875,-13.18359375,-17.578125,-65.91796875,24.0,19.3,-21.6,6.4,10.5,10.3
1.7677519589778967,1.7717251669964753,10.703276600817263,7.135517733878175,-8.919397167347721,-18.68380011318656,-28.02570016977984,16.054914901225892,15.556640625,10.458984375,-13.0078125,-17.75390625,-26.54296875,17.841796875,-39.55078125,-26.3671875,30.76171875,-13.18359375,-17.578125,-65.91796875,23.2,19.2,-21.6,5.6,10.3,10.3
1.7717903750017285,1.7757427920005284,10.525280598664448,7.016853732442966,-8.771067165553701,-18.728688253519017,-28.09303238027853,15.787920897996672,15.380859375,10.37109375,-12.83203125,-17.75390625,-26.54296875,17.666015625,-39.55078125,-26.3671875,35.15625,-13.18359375,-17.578125,-65.91796875,23.2,19.2,-21.6,6.4,11.1,11.3
1.7757889999775216,1.7797199589840602,10.348621091039623,6.899080727359749,-8.623850909199678,-18.772391566270223,-28.158587349405334,15.522931636559434,15.205078125,10.283203125,-12.744140625,-17.841796875,-26.630859375,17.40234375,-39.55078125,-26.3671875,35.15625,-8.7890625,-17.578125,-61.5234375,23.2,19.2,-21.6,5.6,11.3,11.3
1.7797791250050068,1.7837391249777284,10.171930142596382,6.781286761730922,-8.476608452163655,-18.815263746627974,-28.222895619941962,15.257895213894573,15.029296875,10.107421875,-12.568359375,-17.9296875,-26.71875,17.138671875,-39.55078125,-26.3671875,35.15625,-8.7890625,-17.578125,-61.5234375,23.2,19.2,-21.6,5.6,10.5,11.2
1.7837917089927942,1.7879906249872874,9.993841708181806,6.662561138787871,-8.328201423484852,-18.857631852168332,-28.286447778252494,14.99076256227271,14.853515625,10.01953125,-12.48046875,-17.9296875,-26.806640625,16.875,-39.55078125,-26.3671875,35.15625,-8.7890625,-17.578125,-61.5234375,23.2,19.2,-21.6,5.6,10.5,11.2
1.7880538339959458,1.7927332919789478,9.804243354983694,6.536162236655796,-8.17020279581975,-18.901814283716647,-28.35272142557497,14.70636503247554,14.677734375,9.931640625,-12.3046875,-18.017578125,-26.89453125,16.5234375,-39.55078125,-26.3671875,35.15625,-8.7890625,-17.578125,-61.5234375,24.0,20.0,-21.6,5.6,10.3,11.2
1.792788874998223,1.7967245419858955,9.593092665526688,6.395395110351125,-7.994243887938921,-18.949905577139344,-28.424858365709014,14.389638998290032,14.501953125,9.755859375,-12.12890625,-18.10546875,-26.982421875,16.259765625,-39.55078125,-26.3671875,30.76171875,-8.7890625,-17.578125,-61.5234375,23.2,19.2,-21.6,4.8,10.3,11.3
1.7967794169962872,1.8007454999897163,9.414729011481505,6.276486007654336,-7.845607509567934,-18.989621465308865,-28.484432197963297,14.122093517222256,14.326171875,9.66796875,-11.953125,-18.10546875,-27.0703125,15.99609375,-39.55078125,-26.3671875,30.76171875,-13.18359375,-17.578125,-65.91796875,23.2,19.2,-21.6,5.6,9.6,12.1
1.8008034589875024,1.8047921669785865,9.234493448585175,6.15632896572345,-7.695411207154315,-19.028915199395747,-28.543372799093618,13.851740172877761,14.150390625,9.580078125,-11.865234375,-18.193359375,-27.0703125,15.732421875,-39.55078125,-26.3671875,30.76171875,-13.18359375,-17.578125,-65.91796875,23.2,19.2,-22.4,4.8,10.4,12.0
1.8048552499967627,1.8087370839784853,9.052642250027265,6.0350948333515095,-7.543868541689401,-19.067711723026804,-28.601567584540206,13.578963375040898,14.0625,9.4921875,-11.689453125,-18.28125,-27.158203125,15.46875,-39.55078125,-26.3671875,30.76171875,-13.18359375,-17.578125,-65.91796875,24.1,20.0,-21.6,4.8,10.4,12.0
1.8087877499929164,1.8127063339925371,8.87579430161086,5.9171962010739065,-7.396495251342386,-19.1046274268303,-28.65694114024545,13.31369145241629,13.88671875,9.31640625,-11.6015625,-18.28125,-27.158203125,15.205078125,-39.55078125,-26.3671875,35.15625,-13.18359375,-17.578125,-65.91796875,24.1,19.2,-22.4,4.8,10.4,12.0
1.8127539999841247,1.8167263339855708,8.697085558775017,5.798057039183345,-7.247571298979183,-19.141121559887143,-28.711682339830716,13.045628338162524,13.7109375,9.228515625,-11.42578125,-18.28125,-27.24609375,14.853515625,-39.55078125,-26.3671875,35.15625,-13.18359375,-17.578125,-65.91796875,24.1,19.2,-21.6,4.8,10.4,12.0
1.8167764999961946,1.8207907089963555,8.515497580352406,5.676998386901603,-7.096247983627007,-19.177374411402532,-28.766061617103794,12.773246370528609,13.53515625,9.140625,-11.337890625,-18.28125,-27.24609375,14.58984375,-39.55078125,-30.76171875,35.15625,-8.7890625,-17.578125,-70.3125,24.1,20.0,-22.4,5.6,11.3,12.0
1.8208549999981187,1.8247482089791447,8.331034522898454,5.554023015265636,-6.942528769082047,-19.21335026344702,-28.820025395170525,12.49655178434768,13.447265625,8.96484375,-11.162109375,-18.369140625,-27.333984375,14.326171875,-39.55078125,-30.76171875,35.15625,-8.7890625,-17.578125,-70.3125,24.9,19.2,-22.4,4.8,10.5,12.0
1.824797666980885,1.828720583987888,8.152389824646313,5.434926549764208,-6.793658187205254,-19.24737835131497,-28.871067526972453,12.22858473696947,13.271484375,8.876953125,-10.986328125,-18.369140625,-27.333984375,14.0625,-39.55078125,-30.76171875,35.15625,-8.7890625,-17.578125,-70.3125,24.8,19.2,-21.6,5.6,11.3,12.0
1.828775208996376,1.8327202090003993,7.971848093979599,5.314565395986399,-6.643206744983002,-19.28095938100031,-28.921439071500465,11.957772140969398,13.095703125,8.7890625,-10.8984375,-18.45703125,-27.421875,13.798828125,-35.15625,-30.76171875,35.15625,-8.7890625,-17.578125,-70.3125,24.8,20.0,-22.4,4.8,10.3,12.0
1.8327710419835057,1.8368667920003645,7.790162801200415,5.193441867466944,-6.491802334333693,-19.313936977458567,-28.97090546618785,11.685244201800623,13.0078125,8.61328125,-10.72265625,-18.45703125,-27.509765625,13.53515625,-35.15625,-30.76171875,35.15625,-8.7890625,-8.7890625,-70.3125,25.6,19.2,-21.6,4.8,10.3,12.0
1.8369234999991022,1.8407297089870553,7.601030890607439,5.067353927071626,-6.334192408839525,-19.347400966997913,-29.02110145049687,11.401546335911158,12.83203125,8.525390625,-10.634765625,-18.544921875,-27.509765625,13.18359375,-35.15625,-30.76171875,35.15625,-8.7890625,-8.7890625,-70.3125,25.6,20.0,-22.4,4.8,11.3,11.2
1.8407875839911867,1.8446139169973321,7.424742898827996,4.949828599218664,-6.187285749023333,-19.377801651331787,-29.06670247699768,11.137114348241994,12.65625,8.4375,-10.458984375,-18.544921875,-27.509765625,12.919921875,-35.15625,-30.76171875,35.15625,-8.7890625,-8.7890625,-70.3125,25.6,20.0,-22.4,4.8,11.3,8.5
1.844646916986676,1.8476361249922775,7.24839862451829,4.83226574967886,-6.040332187098567,-19.407452375942615,-29.111178563913924,10.872597936777435,12.48046875,8.26171875,-10.37109375,-18.544921875,-27.59765625,12.65625,-35.15625,-30.76171875,35.15625,-8.7890625,-8.7890625,-70.3125,25.0,19.2,-22.5,4.8,11.3,7.7
1.847663416992873,1.850628958985908,7.110380066976518,4.740253377984345,-5.925316722480434,-19.430131186188838,-29.145196779283257,10.665570100464777,12.392578125,8.173828125,-10.1953125,-18.6328125,-27.59765625,12.48046875,-39.55078125,-30.76171875,35.15625,-8.7890625,-8.7890625,-70.3125,25.8,19.2,-22.5,4.0,11.2,8.5
1.8506553749903105,1.8537356249871664,6.9733267134876815,4.648884475658455,-5.811105594573071,-19.452194558249253,-29.178291837373877,10.459990070231523,12.216796875,8.0859375,-10.107421875,-18.6328125,-27.685546875,12.3046875,-39.55078125,-30.76171875,35.15625,-8.7890625,-8.7890625,-70.3125,25.0,19.2,-22.5,4.8,10.4,9.6
1.853765833977377,1.8576820000016596,6.830681902603841,4.553787935069227,-5.692234918836526,-19.474676260272417,-29.212014390408626,10.246022853905762,12.12890625,7.998046875,-10.01953125,-18.6328125,-27.685546875,12.216796875,-39.55078125,-30.76171875,35.15625,-8.7890625,-13.18359375,-70.3125,25.8,19.2,-22.5,4.8,11.2,12.0
1.8577034589834511,1.8616888340038713,6.649870042261415,4.4332466948409435,-5.541558368551193,-19.50246968316274,-29.25370452474411,9.974805063392122,11.953125,7.91015625,-9.84375,-18.720703125,-27.685546875,11.953125,-39.55078125,-30.76171875,35.15625,-8.7890625,-13.18359375,-57.12890625,25.8,19.2,-22.5,4.8,11.2,12.0
1.8617077090020757,1.8648098339908756,6.465737972037143,4.310491981358096,-5.3881149766976115,-19.529968225233947,-29.29495233785092,9.698606958055715,11.77734375,7.734375,-9.755859375,-18.720703125,-27.7734375,11.77734375,-39.55078125,-30.76171875,35.15625,-8.7890625,-13.18359375,-57.12890625,25.6,19.2,-22.5,4.8,11.2,14.0
1.8648278749897145,1.8687040419899859,6.322082072386784,4.21472138159119,-5.2684017269890004,-19.5508599216392,-29.326289882458802,9.483123108580177,11.689453125,7.646484375,-9.580078125,-18.720703125,-27.7734375,11.6015625,-39.55078125,-30.76171875,35.15625,-8.7890625,-13.18359375,-57.12890625,25.6,19.2,-22.4,4.8,11.2,14.0
1.8687286670028698,1.8726473749848083,6.142272082282221,4.094848054854815,-5.118560068568521,-19.576317820459796,-29.36447673068969,9.213408123423333,11.513671875,7.55859375,-9.4921875,-18.80859375,-27.7734375,11.25,-43.9453125,-30.76171875,35.15625,-8.7890625,-13.18359375,-57.12890625,25.6,19.2,-22.4,4.0,12.0,13.2
1.8726872919942252,1.8767111669876613,5.959560509876701,3.9730403399178007,-4.966300424897242,-19.601401747257412,-29.40210262088612,8.939340764815052,11.337890625,7.470703125,-9.31640625,-18.80859375,-27.861328125,10.986328125,-43.9453125,-30.76171875,35.15625,-8.7890625,-8.7890625,-57.12890625,25.6,19.2,-22.4,4.8,11.2,12.8
1.8767408339772373,1.8796012089878786,5.772229287534401,3.8481528583562676,-4.810191072945337,-19.626301729534386,-29.43945259430158,8.658343931301602,11.162109375,7.294921875,-9.228515625,-18.80859375,-27.861328125,10.634765625,-43.9453125,-30.76171875,35.15625,-8.7890625,-8.7890625,-70.3125,25.6,19.2,-23.2,4.8,12.0,12.0
1.8796244999975897,1.882668083999306,5.638820051972083,3.7592133679813884,-4.699016709976749,-19.643531119785717,-29.465296679678577,8.458230077958124,11.07421875,7.20703125,-9.140625,-18.80859375,-27.94921875,10.458984375,-43.9453125,-30.76171875,35.15625,-8.7890625,-8.7890625,-70.3125,26.4,19.2,-23.2,4.8,11.2,11.9
1.8827005419880152,1.886721458984539,5.496383317022894,3.664255544681929,-4.580319430852404,-19.661465644841122,-29.492198467261684,8.244574975534341,10.8984375,7.119140625,-8.96484375,-18.896484375,-27.94921875,10.1953125,-43.9453125,-30.76171875,35.15625,-8.7890625,-8.7890625,-70.3125,25.7,19.2,-22.4,4.0,11.2,11.9
1.886761125002522,1.8906952919787727,5.308161256124161,3.538774170749441,-4.423467713436804,-19.684437440994767,-29.52665616149215,7.962241884186242,10.810546875,7.03125,-8.876953125,-18.896484375,-28.037109375,9.931640625,-43.9453125,-30.76171875,35.15625,-8.7890625,-8.7890625,-70.3125,26.5,19.2,-23.2,4.8,11.1,11.9
1.8907200419926085,1.8936428749875631,5.124443795018467,3.4162958633456446,-4.2703698291820595,-19.70606309170067,-29.55909463755101,7.686665692527701,10.634765625,6.85546875,-8.701171875,-18.896484375,-28.037109375,9.580078125,-39.55078125,-30.76171875,35.15625,-8.7890625,-8.7890625,-70.3125,26.5,18.3,-23.2,4.8,11.1,10.3
1.8936711249989457,1.8966375419986434,4.987366556598845,3.324911037732563,-4.156138797165707,-19.721687721672406,-29.58253158250861,7.481049834898267,10.458984375,6.767578125,-8.61328125,-18.984375,-28.125,9.404296875,-39.55078125,-30.76171875,35.15625,-8.7890625,-8.7890625,-70.3125,26.5,18.3,-23.2,4.0,10.3,11.1
1.8967006669845432,1.8996487919939682,4.846533459083502,3.231022306055668,-4.038777882569599,-19.73728691734937,-29.605930376024055,7.269800188625253,10.37109375,6.6796875,-8.525390625,-18.984375,-28.125,9.228515625,-39.55078125,-26.3671875,35.15625,-8.7890625,-8.7890625,-70.3125,26.5,19.1,-23.2,4.0,10.4,11.1
1.8996779169829097,1.902727958979085,4.708024290592616,3.138682860395077,-3.92335357549385,-19.75218139603477,-29.628272094052157,7.062036435888924,10.1953125,6.591796875,-8.4375,-18.984375,-28.125,9.052734375,-39.55078125,-26.3671875,35.15625,-8.7890625,-8.7890625,-70.3125,26.5,19.1,-23.2,4.0,11.2,12.1
1.9027580840047449,1.9066037499869708,4.564618829636414,3.0430792197576095,-3.8038490246970156,-19.76713608144284,-29.65070412216426,6.846928244454621,10.107421875,6.50390625,-8.349609375,-18.984375,-28.125,8.701171875,-39.55078125,-26.3671875,35.15625,-8.7890625,-8.7890625,-70.3125,26.4,19.1,-24.2,4.8,11.2,12.1
1.9066326669999398,1.909635083982721,4.384075859338701,2.922717239559134,-3.65339654944892,-19.785290595227146,-29.677935892840722,6.576113789008051,9.931640625,6.416015625,-8.173828125,-19.072265625,-28.212890625,8.525390625,-39.55078125,-26.3671875,35.15625,-8.7890625,-8.7890625,-70.3125,26.4,19.1,-23.4,4.0,10.5,12.1
1.909659583994653,1.9126204999920446,4.242918041623174,2.8286120277487825,-3.535765034685981,-19.798963457627647,-29.69844518644147,6.364377062434761,9.755859375,6.328125,-8.0859375,-19.072265625,-28.212890625,8.349609375,-43.9453125,-26.3671875,35.15625,-8.7890625,-8.7890625,-70.3125,26.4,19.3,-24.2,4.0,10.5,12.9
1.9126470419869293,1.9156388340052217,4.103506297325925,2.73567086488395,-3.4195885811049402,-19.81201920347911,-29.71802880521867,6.155259445988888,9.66796875,6.240234375,-7.91015625,-19.072265625,-28.212890625,8.173828125,-43.9453125,-26.3671875,35.15625,-8.7890625,-8.7890625,-70.3125,26.4,19.3,-23.4,4.0,11.3,12.9
1.9156952089979313,1.9196069589816034,3.9611684095178337,2.640778939678556,-3.300973674598209,-19.824890582087715,-29.737335873131574,5.9417526142767505,9.4921875,6.064453125,-7.822265625,-19.072265625,-28.212890625,7.822265625,-43.9453125,-35.15625,35.15625,0.0,-8.7890625,-70.3125,26.4,18.5,-23.4,4.0,11.2,12.1
1.9196419589861762,1.9227631669782568,3.7767356536665373,2.517823769111025,-3.147279711388773,-19.840881116213048,-29.761321674319575,5.665103480499806,9.31640625,5.9765625,-7.734375,-19.16015625,-28.30078125,7.55859375,-43.9453125,-35.15625,35.15625,0.0,-8.7890625,-70.3125,26.4,18.5,-24.2,4.0,10.4,11.8
1.922798083978705,1.9266854589805007,3.629144238047429,2.419429492031619,-3.0242868650395383,-19.853119677599476,-29.779679516399217,5.4437163570711435,9.228515625,5.888671875,-7.55859375,-19.16015625,-28.30078125,7.3828125,-43.9453125,-35.15625,35.15625,0.0,-8.7890625,-70.3125,27.2,19.3,-23.1,4.0,10.4,12.6
1.9267319589853287,1.9306964589923155,3.4450580594873346,2.2967053729915565,-2.870881716239449,-19.867690968748022,-29.801536453122033,5.167587089231002,9.052734375,5.80078125,-7.470703125,-19.16015625,-28.30078125,7.03125,-43.9453125,-35.15625,35.15625,0.0,-8.7890625,-70.3125,27.2,19.2,-23.9,4.0,11.2,11.8
1.9307448339823168,1.9347227919788565,3.257139580314135,2.17142638687609,-2.7142829835951154,-19.88177324703152,-29.82265987054728,4.8857093704712025,8.876953125,5.625,-7.294921875,-19.16015625,-28.30078125,6.767578125,-43.9453125,-35.15625,35.15625,0.0,-4.39453125,-70.3125,27.2,18.4,-23.9,4.0,11.2,12.1
1.9347738749929704,1.938770167005714,3.0683338762890826,2.0455559175260554,-2.556944896907572,-19.895117516322294,-29.84267627448344,4.602500814433624,8.61328125,5.44921875,-7.119140625,-19.16015625,-28.388671875,6.50390625,-43.9453125,-30.76171875,35.15625,0.0,-4.39453125,-70.3125,26.4,18.4,-23.9,4.0,10.3,12.1
1.9388295839889906,1.9426965419843327,2.8781543745529103,1.9187695830352736,-2.3984619787940953,-19.907745308980086,-29.86161796347013,4.317231561829366,8.4375,5.361328125,-7.03125,-19.248046875,-28.388671875,6.15234375,-43.9453125,-30.76171875,35.15625,0.0,-4.39453125,-70.3125,26.4,18.4,-23.9,3.2,11.1,12.0
1.9427470839873422,1.9466906249872409,2.6943447500133715,1.7962298333422477,-2.2452872916778017,-19.919175645237214,-29.87876346785582,4.041517125020057,8.349609375,5.2734375,-6.85546875,-19.248046875,-28.388671875,5.888671875,-43.9453125,-30.76171875,35.15625,0.0,-4.39453125,-70.3125,27.2,19.2,-24.1,3.2,11.1,12.0
1.946740958985174,1.9506892499921378,2.506846618153301,1.6712310787688671,-2.089038848461087,-19.93005235019108,-29.89507852528662,3.760269927229951,8.0859375,5.185546875,-6.6796875,-19.248046875,-28.388671875,5.625,-43.9453125,-30.76171875,35.15625,0.0,-4.39453125,-70.3125,26.4,19.2,-24.1,4.0,11.3,12.0
1.9507401250011753,1.9547107919934206,2.319001235891049,1.546000823927366,-1.9325010299092102,-19.94015750821482,-29.910236262322233,3.4785018538365735,7.91015625,5.009765625,-6.591796875,-19.248046875,-28.388671875,5.361328125,-43.9453125,-30.76171875,39.55078125,0.0,-4.39453125,-70.3125,26.4,18.4,-24.1,4.0,11.3,12.0
1.9547716249944642,1.9587066669773776,2.1295444852655736,1.4196963235103823,-1.7746204043879812,-19.949547923424507,-29.924321885136763,3.1943167278983604,7.734375,4.921875,-6.416015625,-19.3359375,-28.388671875,5.009765625,-43.9453125,-26.3671875,39.55078125,0.0,-4.39453125,-74.70703125,26.4,19.2,-24.1,3.2,11.2,11.2
1.9587695419904776,1.9625884169945493,1.94158158087471,1.29438772058314,-1.617984650728917,-19.958070057718597,-29.937105086577898,2.912372371312065,7.55859375,4.74609375,-6.240234375,-19.3359375,-28.388671875,4.74609375,-43.9453125,-26.3671875,39.55078125,0.0,-4.39453125,-74.70703125,26.4,18.4,-24.1,3.2,11.2,11.1
1.9626227089902386,1.9656361249799374,1.7603515809815293,1.1735677206543529,-1.466959650817944,-19.965538780735123,-29.948308171102685,2.6405273714722943,7.3828125,4.658203125,-6.064453125,-19.3359375,-28.388671875,4.482421875,-43.9453125,-26.3671875,39.55078125,0.0,-4.39453125,-74.70703125,26.5,19.2,-23.1,3.2,12.0,11.9
1.9656704170047306,1.9686800419876818,1.6169595654839635,1.0779730436559756,-1.3474663045699724,-19.97092822372438,-29.95639233558657,2.4254393482259453,7.294921875,4.5703125,-5.9765625,-19.3359375,-28.388671875,4.21875,-43.9453125,-26.3671875,39.55078125,0.0,-4.39453125,-74.70703125,27.3,19.2,-23.9,3.2,12.1,11.1
1.968714333983371,1.9725958749768324,1.473708924446328,0.9824726162975519,-1.2280907703719541,-19.975854113359595,-29.963781170039393,2.210563386669492,7.119140625,4.482421875,-5.888671875,-19.3359375,-28.388671875,4.04296875,-43.9453125,-26.3671875,35.15625,0.0,-4.39453125,-74.70703125,27.3,19.2,-23.9,3.2,12.1,11.2
1.9726206249906681,1.9756750839878805,1.2898249467439504,0.8598832978293003,-1.0748541222866286,-19.981506467584325,-29.972259701376487,1.9347374201159258,6.943359375,4.39453125,-5.712890625,-19.3359375,-28.388671875,3.779296875,-43.9453125,-26.3671875,35.15625,0.0,0.0,-74.70703125,26.5,19.2,-23.9,3.2,12.1,11.2
1.975698583992198,1.97870941698784,1.1448991553150605,0.7632661035433737,-0.9540826294292201,-19.985430314486145,-29.978145471729214,1.7173487329725907,6.85546875,4.21875,-5.625,-19.3359375,-28.388671875,3.603515625,-43.9453125,-30.76171875,35.15625,0.0,0.0,-65.91796875,27.3,18.4,-23.9,3.2,12.0,12.0
1.9787344999786,1.9826683749852236,1.0019267284284232,0.6679511522856154,-0.8349389403570223,-19.988842919442845,-29.983264379164265,1.5028900926426347,6.6796875,4.130859375,-5.44921875,-19.3359375,-28.388671875,3.33984375,-43.9453125,-30.76171875,35.15625,0.0,0.0,-65.91796875,27.3,18.4,-23.9,3.2,12.0,11.2
1.9826892919954844,1.9858303339860868,0.8156473751369742,0.5437649167579828,-0.6797061459474926,-19.992606626333224,-29.988909939499838,1.2234710627054612,6.50390625,4.04296875,-5.361328125,-19.3359375,-28.388671875,3.076171875,-43.9453125,-30.76171875,35.15625,0.0,0.0,-65.91796875,26.4,19.2,-24.1,3.2,12.0,11.2
1.9858495419903193,1.9896494999993593,0.6667697165830212,0.4445131443886808,-0.555641430485854,-19.99505959142072,-29.992589387131076,1.0001545748745317,6.328125,3.955078125,-5.185546875,-19.3359375,-28.388671875,2.900390625,-43.9453125,-30.76171875,35.15625,0.0,0.0,-65.91796875,26.4,19.2,-24.1,3.2,12.0,12.0
1.9896760419942439,1.9927828339859843,0.48648373570039855,0.32432249046693234,-0.4054031130836685,-19.997370200158255,-29.99605530023738,0.7297256035505978,6.240234375,3.8671875,-5.09765625,-19.3359375,-28.388671875,2.63671875,-43.9453125,-30.76171875,39.55078125,0.0,0.0,-65.91796875,27.2,19.2,-24.1,3.2,12.0,12.1
1.9928150420018937,1.9966507089848164,0.33857598108867915,0.2257173207257861,-0.28214665090724683,-19.998726251717244,-29.998089377575862,0.5078639716330188,6.064453125,3.779296875,-4.921875,-19.423828125,-28.388671875,2.373046875,-43.9453125,-30.76171875,39.55078125,0.0,0.0,-65.91796875,27.2,19.2,-24.1,2.4,12.0,12.1
1.9966880839783698,1.9995794999995269,0.1560696616520789,0.10404644110138592,-0.13005805137673546,-19.999729356621156,-29.999594034931736,0.23410449247811832,5.888671875,3.603515625,-4.833984375,-19.423828125,-28.388671875,2.109375,-43.9453125,-30.76171875,39.55078125,0.0,0.0,-70.3125,27.2,18.4,-24.1,3.2,12.0,12.1
1.9996110840002075,2.0026154999795835,0.018327233577198922,0.012218155718132614,-0.015272694647668828,-19.999996267916423,-29.999994401874634,0.027490850365798382,5.80078125,3.515625,-4.74609375,-19.423828125,-28.388671875,1.93359375,-43.9453125,-30.76171875,39.55078125,0.0,0.0,-70.3125,27.2,19.2,-24.9,3.2,12.0,12.0
2.0026522089901846,2.0055972499831114,-0.12498204265345216,-0.0833213617689681,0.10415170221119596,-19.99982643801373,-29.999739657020594,-0.18747306398017824,5.625,3.427734375,-4.5703125,-19.423828125,-28.388671875,1.7578125,-43.9453125,-30.76171875,39.55078125,0.0,0.0,-70.3125,26.4,19.2,-24.0,3.2,12.0,12.8
2.005623916978948,2.008576249994803,-0.265017396955244,-0.17667826463682934,0.2208478307960225,-19.999219604544695,-29.998829406817045,-0.397526095432866,5.44921875,3.33984375,-4.482421875,-19.423828125,-28.388671875,1.494140625,-43.9453125,-30.76171875,39.55078125,0.0,0.0,-70.3125,26.4,19.2,-24.0,3.2,12.0,12.0
2.008600999979535,2.0115857499768026,-0.4053002449706303,-0.2702001633137535,0.3377502041421888,-19.99817471350186,-29.997262070252788,-0.6079503674559454,5.361328125,3.251953125,-4.39453125,-19.423828125,-28.388671875,1.318359375,-48.33984375,-30.76171875,35.15625,0.0,0.0,-70.3125,27.2,19.2,-24.8,3.2,12.0,12.0
2.0116126249777153,2.0145835419825744,-0.547201712933593,-0.36480114195572866,0.45600142744466887,-19.996672726401954,-29.99500908960293,-0.8208025694003894,5.2734375,3.1640625,-4.21875,-19.423828125,-28.388671875,1.142578125,-48.33984375,-30.76171875,35.15625,0.0,0.0,-70.3125,27.2,19.2,-24.0,3.2,12.0,12.8
2.0146085419983137,2.017590542003745,-0.6883509091522598,-0.45890060610150657,0.5736257576268802,-19.99473456272225,-29.992101844083376,-1.0325263637283897,5.09765625,3.076171875,-4.130859375,-19.423828125,-28.388671875,0.87890625,-48.33984375,-30.76171875,35.15625,0.0,0.0,-70.3125,28.0,19.2,-24.0,3.2,12.0,12.0
2.017617749981582,2.021677416982129,-0.8301109432625619,-0.5534072955083745,0.6917591193854541,-19.992342043024326,-29.98851306453649,-1.2451664148938428,4.921875,2.98828125,-3.955078125,-19.423828125,-28.388671875,0.703125,-48.33984375,-30.76171875,35.15625,0.0,0.0,-70.3125,27.2,19.2,-24.0,2.4,12.0,12.8
2.0217172499978915,2.0246792499965522,-1.023202814780535,-0.6821352098536899,0.8526690123171093,-19.988363903918646,-29.98254585587797,-1.5348042221708025,4.74609375,2.900390625,-3.779296875,-19.423828125,-28.388671875,0.439453125,-48.33984375,-30.76171875,35.15625,0.0,0.0,-70.3125,27.2,19.2,-24.0,2.4,12.0,12.9
2.0247107920004055,2.027660041989293,-1.1641762529638358,-0.7761175019758905,0.9701468774698713,-19.984935366998982,-29.977403050498474,-1.7462643794457535,4.658203125,2.724609375,-3.69140625,-19.423828125,-28.388671875,0.17578125,-48.33984375,-30.76171875,35.15625,0.0,0.0,-70.3125,28.0,18.4,-24.0,2.4,12.0,12.1
2.027688667003531,2.0306065839831717,-1.3043863586003495,-0.8695909057335662,1.0869886321669546,-19.981086348261083,-29.971629522391623,-1.9565795379005242,4.482421875,2.724609375,-3.603515625,-19.423828125,-28.388671875,-0.087890625,-39.55078125,-30.76171875,39.55078125,0.0,0.0,-70.3125,27.2,19.2,-24.0,2.4,12.0,12.1
2.0306357499794103,2.0336852920008823,-1.4431185653712675,-0.9620790435808451,1.2025988044760534,-19.976846695960365,-29.96527004394055,-2.1646778480569013,4.39453125,2.63671875,-3.427734375,-19.423828125,-28.388671875,-0.263671875,-39.55078125,-30.76171875,39.55078125,0.0,0.0,-70.3125,28.0,20.0,-24.0,2.4,12.0,12.0
2.033722124993801,2.0375397089810576,-1.5883746599114044,-1.058916439940936,1.3236455499261561,-19.971947726078767,-29.95792158911815,-2.3825619898671064,4.21875,2.4609375,-3.33984375,-19.423828125,-28.388671875,-0.52734375,-39.55078125,-30.76171875,39.55078125,0.0,0.0,-70.3125,28.0,19.2,-24.0,2.4,12.0,12.0
2.037578666990157,2.0406101669941563,-1.7698247610706321,-1.179883174047088,1.474853967558857,-19.965166558173276,-29.947749837259916,-2.654737141605948,4.04296875,2.373046875,-3.251953125,-19.423828125,-28.388671875,-0.791015625,-39.55078125,-30.76171875,39.55078125,0.0,0.0,-74.70703125,28.0,19.2,-24.8,2.4,12.0,11.2
2.0406393749872223,2.0436005420051515,-1.9137850128878284,-1.2758566752585523,1.5948208440731872,-19.95926325654828,-29.938894884822417,-2.8706775193317426,3.955078125,2.28515625,-3.076171875,-19.423828125,-28.388671875,-0.966796875,-39.55078125,-30.76171875,39.55078125,0.0,0.0,-74.70703125,28.1,19.2,-24.0,2.4,12.0,11.8
2.0436306670017075,2.0466543340007775,-2.0544375691524546,-1.3696250461016364,1.7120313076270421,-19.95304806873103,-29.929572103096543,-3.0816563537286816,3.779296875,2.197265625,-2.98828125,-19.423828125,-28.388671875,-1.23046875,-39.55078125,-30.76171875,39.55078125,0.0,0.0,-74.70703125,28.1,19.2,-24.0,2.4,12.0,11.8
2.0466937919845805,2.0496457089902833,-2.198420729555587,-1.4656138197037247,1.8320172746296417,-19.946227115208867,-29.919340672813302,-3.2976310943333806,3.603515625,2.109375,-2.900390625,-19.423828125,-28.388671875,-1.40625,-48.33984375,-30.76171875,39.55078125,0.0,0.0,-74.70703125,27.3,19.2,-24.8,2.4,12.0,11.8
2.0496846250025555,2.053569791984046,-2.3389567006446987,-1.559304467096466,1.9491305838705908,-19.93912158493681,-29.908682377405214,-3.5084350509670483,3.515625,2.021484375,-2.724609375,-19.423828125,-28.388671875,-1.58203125,-48.33984375,-30.76171875,39.55078125,0.0,0.0,-74.70703125,28.1,19.2,-24.0,2.4,11.2,12.9
2.0536069170047995,2.056616083980771,-2.5231821793512057,-1.682121452900804,2.102651816126002,-19.929136143287568,-29.893704214931354,-3.7847732690268088,3.33984375,1.845703125,-2.63671875,-19.423828125,-28.388671875,-1.93359375,-48.33984375,-30.76171875,39.55078125,0.0,0.0,-74.70703125,28.1,19.2,-24.8,2.4,11.2,11.3
2.056647624995094,2.0605762919876724,-2.6659351395893753,-1.7772900930595836,2.221612616324465,-19.92087447691773,-29.881311715376597,-3.9989027093840632,3.1640625,1.7578125,-2.4609375,-19.423828125,-28.388671875,-2.109375,-48.33984375,-30.76171875,39.55078125,0.0,0.0,-65.91796875,28.1,19.2,-24.0,2.4,11.1,12.1
2.0606053749797866,2.0636006249987986,-2.8516491360461984,-1.901099424030799,2.376374280038507,-19.909440498917835,-29.864160748376754,-4.277473704069298,2.98828125,1.669921875,-2.28515625,-19.423828125,-28.388671875,-2.373046875,-48.33984375,-30.76171875,39.55078125,0.0,0.0,-65.91796875,28.0,19.2,-24.0,2.4,11.1,11.1
2.063639208994573,2.0675949589931406,-2.9939349295255138,-1.995956619683676,2.4949457746045915,-19.90015470222131,-29.850232053331965,-4.490902394288271,2.8125,1.58203125,-2.197265625,-19.423828125,-28.388671875,-2.548828125,-48.33984375,-30.76171875,39.55078125,0.0,0.0,-65.91796875,27.2,19.2,-24.0,2.4,11.1,11.9
2.06762670900207,2.070608416979667,-3.1808434099406853,-2.12056227329379,2.6507028416172456,-19.887262648365738,-29.83089397254861,-4.771265114911028,2.724609375,1.40625,-2.021484375,-19.423828125,-28.388671875,-2.900390625,-43.9453125,-30.76171875,39.55078125,0.0,0.0,-65.91796875,28.0,19.2,-24.0,1.6,11.2,11.1
2.0706404589873273,2.0736295839888044,-3.3220263165737185,-2.214684211049146,2.7683552638114293,-19.877001128070845,-29.815501692106267,-4.983039474860578,2.548828125,1.318359375,-1.93359375,-19.423828125,-28.388671875,-3.076171875,-43.9453125,-30.76171875,39.55078125,0.0,0.0,-65.91796875,28.0,19.2,-24.0,1.6,10.4,11.1
2.0736541249789298,2.07762187498156,-3.4631308429740204,-2.3087538953160136,2.8859423691450248,-19.866294456965626,-29.79944168544844,-5.19469626446103,2.373046875,1.23046875,-1.845703125,-19.423828125,-28.388671875,-3.251953125,-43.9453125,-30.76171875,39.55078125,0.0,0.0,-65.91796875,28.0,19.2,-24.8,1.6,10.4,11.9
2.0776445840019733,2.0815433749812655,-3.6498503982575574,-2.4332335988383718,3.0415419985479724,-19.851432549150804,-29.777148823726208,-5.474775597386336,2.197265625,1.0546875,-1.669921875,-19.423828125,-28.388671875,-3.515625,-43.9453125,-30.76171875,39.55078125,0.0,0.0,-70.3125,28.0,18.4,-24.0,1.6,10.3,11.9
2.0815739590034354,2.0845764169935137,-3.8335716498606396,-2.5557144332404262,3.1946430415505294,-19.836035988466207,-29.75405398269931,-5.75035747479096,2.021484375,0.966796875,-1.494140625,-19.423828125,-28.388671875,-3.8671875,-43.9453125,-30.76171875,39.55078125,0.0,0.0,-70.3125,28.0,19.2,-24.0,1.6,10.3,11.4
2.0846091249841265,2.0875589589995798,-3.9753837916708483,-2.650255861113899,3.31281982639237,-19.823625901197577,-29.735438851796367,-5.963075687506272,1.845703125,0.87890625,-1.40625,-19.423828125,-28.388671875,-4.04296875,-43.9453125,-30.76171875,39.55078125,0.0,0.0,-70.3125,27.2,19.2,-24.0,1.6,10.4,11.4
2.08759079198353,2.0905706670018844,-4.114608331263255,-2.74307222084217,3.42884027605272,-19.810995805139225,-29.716493707708835,-6.171912496894882,1.7578125,0.791015625,-1.318359375,-19.423828125,-28.388671875,-4.21875,-48.33984375,-30.76171875,35.15625,0.0,0.0,-70.3125,28.0,19.2,-24.8,1.6,9.6,12.2
2.0905949999869335,2.0934877499821596,-4.254794097893464,-2.8365293985956432,3.5456617482445614,-19.797830713765148,-29.69674607064772,-6.382191146840197,1.669921875,0.703125,-1.142578125,-19.423828125,-28.388671875,-4.39453125,-48.33984375,-30.76171875,35.15625,0.0,0.0,-70.3125,28.8,19.2,-24.0,0.8,9.6,11.9
2.0935147919808514,2.0965693339821883,-4.3909499833592225,-2.9272999889061486,3.659124986132672,-19.784613081254587,-29.67691962188188,-6.586424975038834,1.494140625,0.52734375,-1.0546875,-19.423828125,-28.388671875,-4.5703125,-48.33984375,-30.76171875,35.15625,0.0,0.0,-70.3125,28.0,18.4,-24.0,0.8,9.6,12.7
2.0965964589850046,2.0995649169781245,-4.53455418827877,-3.02303612551918,3.778795156898961,-19.770211242771435,-29.65531686415715,-6.8018312824181555,1.318359375,0.439453125,-0.966796875,-19.423828125,-28.388671875,-4.833984375,-48.33984375,-35.15625,35.15625,0.0,0.0,-65.91796875,28.0,18.4,-24.8,0.8,9.5,11.9
2.0995906669995748,2.1026834170043003,-4.673981103283451,-3.115987402188967,3.894984252736206,-19.75577440925563,-29.633661613883447,-7.010971654925176,1.23046875,0.3515625,-0.87890625,-19.51171875,-28.388671875,-5.009765625,-48.33984375,-35.15625,35.15625,0.0,0.0,-65.91796875,28.0,18.4,-24.8,-0.0,8.7,12.2
2.1027871669793967,2.106611166993389,-4.822713669760969,-3.2151424465073126,4.018928058134137,-19.739879914747885,-29.609819872121825,-7.234070504641453,1.0546875,0.263671875,-0.703125,-19.51171875,-28.388671875,-5.2734375,-48.33984375,-35.15625,35.15625,0.0,0.0,-65.91796875,28.0,18.4,-24.1,-0.0,8.7,12.2
2.10664512499352,2.109630416991422,-5.002061486994407,-3.3347076579962716,4.168384572495348,-19.72003359114028,-29.58005038671042,-7.50309223049161,0.87890625,0.17578125,-0.52734375,-19.51171875,-28.388671875,-5.537109375,-43.9453125,-35.15625,35.15625,0.0,0.0,-65.91796875,28.0,19.2,-24.1,-0.0,8.7,13.0
2.1096603339829016,2.11259429200436,-5.142104236863893,-3.4280694912425953,4.2850868640532305,-19.704018360811883,-29.556027541217826,-7.7131563552958395,0.703125,0.087890625,-0.439453125,-19.51171875,-28.388671875,-5.80078125,-43.9453125,-35.15625,39.55078125,0.0,0.0,-65.91796875,28.0,19.2,-24.1,-0.0,8.7,12.0
2.1126209590001963,2.115542416984681,-5.279499591922834,-3.5196663946152222,4.399582993269025,-19.687862973685494,-29.531794460528243,-7.919249387884251,0.615234375,-0.087890625,-0.3515625,-19.51171875,-28.388671875,-5.9765625,-43.9453125,-35.15625,39.55078125,0.0,0.0,-65.91796875,28.0,18.4,-24.9,-0.0,7.9,12.0
2.1155904170009308,2.118714583979454,-5.417190167405181,-3.6114601116034537,4.514325139504326,-19.671231681374127,-29.50684752206119,-8.125785251107772,0.439453125,-0.17578125,-0.263671875,-19.51171875,-28.388671875,-6.240234375,-43.9453125,-30.76171875,39.55078125,0.0,0.0,-70.3125,28.0,18.4,-24.9,-0.0,7.9,12.0
2.1187439170025755,2.121679417003179,-5.56328546110899,-3.70885697407266,4.636071217590822,-19.65310102619616,-29.47965153929424,-8.344928191663485,0.3515625,-0.263671875,-0.087890625,-19.51171875,-28.388671875,-6.416015625,-43.9453125,-30.76171875,39.55078125,0.0,0.0,-70.3125,28.8,18.4,-24.1,-0.0,7.9,12.0
2.1217019589967094,2.1247796249808744,-5.70020156872247,-3.8001343791483135,4.750167973935389,-19.63565580011055,-29.453483700165826,-8.550302353083705,0.17578125,-0.3515625,0.087890625,-19.51171875,-28.388671875,-6.6796875,-43.9453125,-30.76171875,39.55078125,0.0,0.0,-70.3125,28.0,18.4,-23.9,-0.0,7.1,12.0
2.124799749988597,2.1286433339992072,-5.843454132467891,-3.895636088311927,4.869545110389895,-19.616931958577055,-29.425397937865583,-8.765181198701837,0.0,-0.439453125,0.17578125,-19.51171875,-28.388671875,-6.85546875,-43.9453125,-30.76171875,39.55078125,0.0,0.0,-70.3125,28.0,18.4,-23.9,-0.0,7.1,12.0
2.1286620419996325,2.1326137500000186,-6.02186568252099,-4.014577121680659,5.018221402100822,-19.592936751137596,-29.389405126706393,-9.032798523781484,-0.17578125,-0.615234375,0.3515625,-19.51171875,-28.388671875,-7.119140625,-48.33984375,-30.76171875,39.55078125,0.0,0.0,-70.3125,28.0,17.5,-23.9,-0.0,7.1,11.8
2.132631833985215,2.135776374983834,-6.205011949389712,-4.136674632926474,5.17084329115809,-19.56752214720358,-29.35128322080537,-9.307517924084568,-0.3515625,-0.703125,0.439453125,-19.51171875,-28.388671875,-7.470703125,-48.33984375,-30.76171875,39.55078125,0.0,0.0,-70.3125,28.0,18.3,-24.7,-0.0,6.3,11.0
2.135794542002259,2.1396423339901958,-6.350751076126637,-4.233834050751091,5.292292563438862,-19.54672988585816,-29.32009482878724,-9.526126614189955,-0.52734375,-0.87890625,0.52734375,-19.51171875,-28.388671875,-7.646484375,-48.33984375,-35.15625,39.55078125,0.0,0.0,-74.70703125,27.2,17.5,-24.7,-0.0,6.3,11.0
2.1396596249833237,2.1436214999994263,-6.528642802680242,-4.352428535120161,5.440535668900199,-19.52066509744665,-29.280997646169972,-9.792964204020363,-0.703125,-0.966796875,0.703125,-19.51171875,-28.388671875,-7.91015625,-48.33984375,-35.15625,39.55078125,0.0,0.0,-74.70703125,28.0,17.5,-24.7,-0.0,6.3,11.2
2.1436387919820845,2.146720999997342,-6.71153381108232,-4.47435587405488,5.592944842568608,-19.493079272200955,-29.23961890830143,-10.06730071662348,-0.87890625,-1.0546875,0.87890625,-19.51171875,-28.388671875,-8.173828125,-48.33984375,-35.15625,39.55078125,0.0,0.0,-74.70703125,27.9,18.3,-24.1,-0.0,5.5,11.2
2.146738249983173,2.150626916991314,-6.8538102184520335,-4.569206812301355,5.711508515376691,-19.471064406098062,-29.20659660914709,-10.28071532767805,-0.966796875,-1.23046875,0.966796875,-19.51171875,-28.388671875,-8.4375,-43.9453125,-35.15625,39.55078125,0.0,0.0,-74.70703125,27.9,17.5,-24.9,-0.0,5.5,11.2
2.1506528749887366,2.1547123749915045,-7.033273169395438,-4.688848779596959,5.861060974496206,-19.442600060744756,-29.163900091117135,-10.549909754093157,-1.23046875,-1.318359375,1.142578125,-19.51171875,-28.388671875,-8.701171875,-43.9453125,-35.15625,39.55078125,0.0,0.0,-74.70703125,27.1,17.5,-24.1,-0.0,4.7,11.3
2.1547459589783102,2.158619583991822,-7.220632927198409,-4.8137552847989395,6.017194105998682,-19.412051928069587,-29.118077892104385,-10.830949390797613,-1.494140625,-1.494140625,1.318359375,-19.51171875,-28.388671875,-8.96484375,-43.9453125,-35.15625,39.55078125,0.0,0.0,-65.91796875,27.1,17.5,-24.9,-0.0,4.7,11.3
2.1586498749966267,2.161587166978279,-7.399055579382222,-4.932703719588148,6.165879649485171,-19.382167938978377,-29.07325190846757,-11.098583369073333,-1.58203125,-1.58203125,1.40625,-19.51171875,-28.388671875,-9.228515625,-43.9453125,-35.15625,39.55078125,0.0,0.0,-65.91796875,27.1,17.5,-24.9,-0.0,3.9,11.2
2.161611333984183,2.164555041992571,-7.534219409986161,-5.022812939990774,6.278516174988454,-19.359012117612338,-29.038518176418506,-11.301329114979241,-1.7578125,-1.669921875,1.58203125,-19.51171875,-28.388671875,-9.404296875,-43.9453125,-35.15625,39.55078125,0.0,0.0,-65.91796875,27.3,17.5,-23.9,-0.0,3.9,12.0
2.164579459000379,2.167553416977171,-7.669523893502321,-5.1130159290015476,6.391269911251932,-19.335383836629063,-29.003075754943595,-11.504285840253482,-1.845703125,-1.7578125,1.669921875,-19.51171875,-28.388671875,-9.66796875,-43.9453125,-35.15625,39.55078125,0.0,0.0,-65.91796875,28.1,17.5,-24.7,-0.0,3.0,11.2
2.1675830419990234,2.170623624988366,-7.806275033975128,-5.204183355983418,6.505229194979259,-19.311045429942556,-28.966568144913833,-11.709412550962691,-2.021484375,-1.845703125,1.7578125,-19.51171875,-28.388671875,-9.84375,-52.734375,-35.15625,35.15625,0.0,0.0,-65.91796875,27.3,17.6,-24.7,-0.0,3.0,12.0
2.1706511249940377,2.17358887498267,-7.945783391794177,-5.297188927862785,6.621486159828467,-19.285740573349212,-28.92861086002382,-11.918675087691266,-2.109375,-1.93359375,1.93359375,-19.51171875,-28.388671875,-10.01953125,-52.734375,-35.15625,35.15625,0.0,0.0,-65.91796875,28.1,17.6,-23.9,-0.0,3.0,12.0
2.1736167089839,2.1765728339960333,-8.080455663370609,-5.3869704422470726,6.733713052808837,-19.26085536663303,-28.891283049949543,-12.120683495055912,-2.28515625,-2.109375,2.021484375,-19.51171875,-28.388671875,-10.1953125,-52.734375,-35.15625,35.15625,0.0,0.0,-65.91796875,27.3,16.8,-23.9,-0.0,2.3,12.8
2.1766032919986174,2.179601999989245,-8.215904317262495,-5.477269544841664,6.8465869310520775,-19.23537154133369,-28.853057312000534,-12.323856475893745,-2.4609375,-2.197265625,2.197265625,-19.51171875,-28.388671875,-10.458984375,-52.734375,-30.76171875,35.15625,0.0,0.0,-65.91796875,27.3,16.8,-23.9,-0.0,2.3,12.0
2.1796353749814443,2.182591999997385,-8.353231515761856,-5.568821010507904,6.961026263134887,-19.20906641544366,-28.813599623165494,-12.529847273642783,-2.63671875,-2.28515625,2.28515625,-19.51171875,-28.388671875,-10.634765625,-52.734375,-30.76171875,35.15625,0.0,0.0,-65.91796875,26.5,16.8,-24.7,-0.0,1.5,12.0
2.1826167499821167,2.1857130419812165,-8.48807733862641,-5.658718225750939,7.073397782188683,-19.182776338203865,-28.774164507305795,-12.732116007939613,-2.724609375,-2.373046875,2.4609375,-19.51171875,-28.388671875,-10.810546875,-52.734375,-30.76171875,35.15625,0.0,0.0,-65.91796875,27.9,17.6,-24.0,-0.0,1.5,12.8
2.1857325839810073,2.189557249977952,-8.628805674042624,-5.7525371160284156,7.190671395035507,-19.154850997298716,-28.732276495948074,-12.943208511063935,-2.900390625,-2.4609375,2.548828125,-19.51171875,-28.388671875,-11.07421875,-43.9453125,-30.76171875,35.15625,0.0,0.0,-65.91796875,27.1,17.6,-24.0,-0.8,0.6,12.0
2.1895805840031244,2.192679291998502,-8.802317060281531,-5.868211373521021,7.335264216901284,-19.119730523092592,-28.679595784638884,-13.203475590422297,-3.076171875,-2.63671875,2.724609375,-19.51171875,-28.388671875,-11.337890625,-43.9453125,-30.76171875,39.55078125,0.0,0.0,-65.91796875,27.1,16.8,-24.0,-0.8,0.6,11.1
2.1926991249783896,2.196643041999778,-8.94270054630183,-5.9618003642012205,7.452250455251513,-19.09075526052886,-28.63613289079329,-13.414050819452747,-3.251953125,-2.724609375,2.8125,-19.51171875,-28.388671875,-11.6015625,-43.9453125,-30.76171875,39.55078125,0.0,0.0,-65.91796875,27.1,16.8,-24.0,-0.8,-0.2,10.3
2.1966614999982994,2.200612333981553,-9.120759879628885,-6.080506586419256,7.6006332330240785,-19.053278973775406,-28.57991846066311,-13.681139819443327,-3.427734375,-2.8125,2.98828125,-19.51171875,-28.388671875,-11.865234375,-43.9453125,-30.76171875,39.55078125,0.0,0.0,-70.3125,27.1,16.8,-24.0,-1.6,-0.1,11.1
2.2006298750056885,2.203686041990295,-9.298734701112133,-6.1991564674080895,7.748945584260109,-19.0150061554708,-28.522509233206204,-13.9481020516682,-3.603515625,-2.900390625,3.1640625,-19.51171875,-28.388671875,-12.12890625,-43.9453125,-30.76171875,39.55078125,0.0,0.0,-70.3125,27.2,17.6,-24.0,-1.6,-0.1,11.2
2.2037035840039607,2.206690291990526,-9.436337330138652,-6.290891553425768,7.863614441782207,-18.984854054299085,-28.477281081448623,-14.154505995207979,-3.69140625,-3.076171875,3.251953125,-19.51171875,-28.388671875,-12.3046875,-43.9453125,-30.76171875,39.55078125,0.0,0.0,-70.3125,27.2,16.8,-24.0,-2.4,-0.0,12.0
2.206707292003557,2.2106259589781985,-9.57059368995238,-6.380395793301586,7.975494741626971,-18.954961079380233,-28.432441619070353,-14.35589053492857,-3.8671875,-3.1640625,3.33984375,-19.51171875,-28.388671875,-12.568359375,-43.9453125,-30.76171875,39.55078125,0.0,0.0,-70.3125,27.2,16.8,-24.0,-2.4,-0.0,11.2
2.2106428339902777,2.213741999992635,-9.746177197617675,-6.49745146507845,8.121814331348048,-18.915155945932618,-28.372733918898927,-14.619265796426513,-4.04296875,-3.251953125,3.515625,-19.51171875,-28.388671875,-12.83203125,-43.9453125,-30.76171875,39.55078125,0.0,0.0,-70.3125,27.2,16.8,-24.0,-2.4,-0.0,11.3
2.213770417001797,2.2176226250012405,-9.885448473453481,-6.59029898230232,8.237873727877908,-18.883007157861933,-28.324510736792895,-14.82817271018022,-4.21875,-3.33984375,3.603515625,-19.51171875,-28.388671875,-13.0078125,-43.9453125,-30.76171875,39.55078125,0.0,0.0,-70.3125,27.2,16.8,-24.0,-3.2,-0.0,11.3
2.2176452089915983,2.221627083985368,-10.05766169366649,-6.705107795777661,8.381384744722073,-18.842545726281298,-28.26381858942195,-15.086492540499737,-4.39453125,-3.427734375,3.779296875,-19.599609375,-28.388671875,-13.271484375,-43.9453125,-30.76171875,39.55078125,0.0,0.0,-70.3125,27.2,17.6,-24.0,-4.2,-0.0,11.1
2.2216659169935156,2.224570666992804,-10.23596609311641,-6.823977395410941,8.529971744263662,-18.799822672220092,-28.19973400833014,-15.353949139674617,-4.5703125,-3.603515625,3.955078125,-19.599609375,-28.388671875,-13.53515625,-43.9453125,-30.76171875,39.55078125,0.0,0.0,-70.3125,27.2,16.8,-24.0,-5.0,-0.0,11.1
2.224600666988408,2.227543833985692,-10.365854669012357,-6.9105697793415715,8.638212224176971,-18.768165209333887,-28.15224781400083,-15.548782003518534,-4.658203125,-3.69140625,4.04296875,-19.599609375,-28.388671875,-13.7109375,-43.9453125,-30.76171875,39.55078125,0.0,0.0,-70.3125,27.2,16.8,-24.0,-5.0,-0.0,11.9
2.227568041998893,2.230550124979345,-10.496963206633582,-6.997975471089055,8.747469338861306,-18.735750300055667,-28.1036254500835,-15.745444809950374,-4.833984375,-3.779296875,4.130859375,-19.599609375,-28.388671875,-13.974609375,-48.33984375,-30.76171875,39.55078125,0.0,0.0,-70.3125,27.2,16.8,-24.0,-4.8,-0.0,11.2
2.23057641700143,2.233439792005811,-10.629650439911153,-7.086433626607436,8.858042033259292,-18.702471987833253,-28.053707981749877,-15.94447565986673,-4.921875,-3.8671875,4.306640625,-19.599609375,-28.388671875,-14.150390625,-48.33984375,-30.76171875,39.55078125,0.0,0.0,-70.3125,27.2,16.8,-24.0,-5.6,-0.0,11.2
2.2334840419935063,2.236552333983127,-10.757668452965593,-7.1717789686437285,8.964723710804657,-18.669911259160273,-28.00486688874041,-16.136502679448387,-5.09765625,-3.955078125,4.39453125,-19.599609375,-28.388671875,-14.4140625,-48.33984375,-30.76171875,39.55078125,0.0,0.0,-70.3125,27.2,16.8,-24.0,-5.6,-0.9,10.4
2.2365817919780966,2.239575708983466,-10.89381040138628,-7.262540267590854,9.078175334488575,-18.634792965354386,-27.95218944803158,-16.34071560207942,-5.185546875,-4.04296875,4.482421875,-19.599609375,-28.388671875,-14.58984375,-48.33984375,-30.76171875,39.55078125,0.0,0.0,-70.3125,28.0,16.8,-24.0,-6.4,-0.9,11.2
2.239599749998888,2.242600166995544,-11.026197571438539,-7.350798380959026,9.18849797619879,-18.60015492307766,-27.900232384616487,-16.53929635715781,-5.361328125,-4.130859375,4.658203125,-19.599609375,-28.388671875,-14.765625,-48.33984375,-30.76171875,39.55078125,0.0,0.0,-70.3125,27.2,16.8,-23.2,-6.6,-1.7,12.0
2.2426260839856695,2.2455681249848567,-11.158703336089715,-7.4391355573931435,9.298919446741436,-18.565001000773712,-27.847501501160565,-16.738055004134573,-5.44921875,-4.21875,4.74609375,-19.599609375,-28.388671875,-14.94140625,-48.33984375,-30.76171875,39.55078125,0.0,0.0,-70.3125,28.0,16.8,-24.0,-6.6,-2.5,12.0
2.245612958999118,2.248576999991201,-11.289234176385932,-7.526156117590621,9.407695146988274,-18.529894065904784,-27.794841098857177,-16.933851264578898,-5.625,-4.306640625,4.833984375,-19.599609375,-28.388671875,-15.1171875,-43.9453125,-30.76171875,39.55078125,0.0,0.0,-70.3125,27.2,17.6,-24.0,-7.4,-2.6,12.0
2.2486251670052297,2.2516258749819826,-11.4206204207308,-7.613746947153867,9.517183683942331,-18.494076279303737,-27.741114418955604,-17.130930631096202,-5.712890625,-4.39453125,5.009765625,-19.51171875,-28.388671875,-15.380859375,-43.9453125,-30.76171875,39.55078125,0.0,0.0,-70.3125,28.0,17.6,-23.2,-6.4,-3.4,11.2
2.251660624984652,2.255618583993055,-11.552762123960976,-7.701841415973984,9.627301769967476,-18.457563187029535,-27.686344780544303,-17.329143185941465,-5.888671875,-4.482421875,5.09765625,-19.51171875,-28.388671875,-15.556640625,-43.9453125,-30.76171875,39.55078125,0.0,0.0,-70.3125,27.2,17.6,-24.0,-7.2,-3.4,11.2
2.2556479589839,2.2586176249897107,-11.725941985782608,-7.817294657188405,9.771618321485503,-18.40896260636904,-27.613443909553563,-17.58891297867391,-6.064453125,-4.658203125,5.185546875,-19.51171875,-28.388671875,-15.8203125,-43.9453125,-30.76171875,39.55078125,0.0,0.0,-61.5234375,27.2,16.8,-24.0,-7.2,-4.2,10.4
2.2586446669884026,2.2615719589812215,-11.855794093039565,-7.903862728693043,9.879828410866311,-18.371961081114254,-27.557941621671382,-17.783691139559348,-6.240234375,-4.74609375,5.361328125,-19.51171875,-28.388671875,-15.99609375,-43.9453125,-30.76171875,39.55078125,0.0,0.0,-61.5234375,27.2,16.8,-24.0,-8.2,-5.0,10.4
2.2615988749894314,2.264578917005565,-11.983547484128492,-7.989031656085661,9.986289570107074,-18.335085851941386,-27.50262877791208,-17.975321226192737,-6.416015625,-4.833984375,5.44921875,-19.423828125,-28.388671875,-16.171875,-43.9453125,-30.76171875,39.55078125,0.0,0.0,-61.5234375,26.4,16.8,-23.9,-7.4,-5.0,10.4
2.2646050000039395,2.267617249977775,-12.113281092614532,-8.075520728409687,10.094400910512096,-18.29715729191356,-27.445735937870342,-18.169921638921796,-6.50390625,-4.921875,5.625,-19.423828125,-28.388671875,-16.34765625,-43.9453125,-30.76171875,39.55078125,0.0,0.0,-61.5234375,27.2,16.8,-23.1,-7.4,-5.8,11.2
2.267650166992098,2.2716274590056855,-12.24442422189513,-8.162949481263421,10.203686851579272,-18.258320179204365,-27.387480268806545,-18.366636332842695,-6.6796875,-5.009765625,5.712890625,-19.3359375,-28.388671875,-16.611328125,-48.33984375,-30.76171875,35.15625,0.0,0.0,-61.5234375,26.4,16.7,-23.1,-7.2,-6.6,11.2
2.271660083992174,2.2746820419852156,-12.416687431325494,-8.277791620883661,10.347239526104584,-18.20654184300874,-27.30981276451311,-18.62503114698824,-6.85546875,-5.09765625,5.888671875,-19.3359375,-28.388671875,-16.787109375,-48.33984375,-30.76171875,35.15625,8.7890625,0.0,-61.5234375,26.4,16.7,-23.1,-7.2,-6.6,11.2
2.2747181250015274,2.2786094170005526,-12.547727987497677,-8.365151991665117,10.456439989581394,-18.166569080493463,-27.249853620740197,-18.821591981246513,-6.943359375,-5.185546875,5.9765625,-19.248046875,-28.388671875,-17.05078125,-48.33984375,-30.76171875,35.15625,8.7890625,0.0,-65.91796875,27.2,16.7,-23.1,-7.2,-7.4,11.2
2.278650166990701,2.282640666991938,-12.715794587672942,-8.47719639178196,10.59649548972746,-18.114556062326198,-27.171834093489295,-19.073691881509415,-7.119140625,-5.2734375,6.15234375,-19.248046875,-28.388671875,-17.314453125,-48.33984375,-30.76171875,35.15625,8.7890625,0.0,-65.91796875,27.2,17.5,-23.1,-7.2,-9.0,11.1
2.2826913750031963,2.2867254999873694,-12.888021717283983,-8.592014478189324,10.74001809773665,-18.06037893308402,-27.09056839962603,-19.332032575925975,-7.294921875,-5.44921875,6.328125,-19.16015625,-28.388671875,-17.578125,-48.33984375,-30.76171875,35.15625,8.7890625,0.0,-65.91796875,27.1,16.7,-23.2,-7.2,-9.0,11.1
2.286779249989195,2.2906603750016075,-13.061709295846036,-8.70780619723069,10.88475774653836,-18.004835773521258,-27.007253660281886,-19.592563943769054,-7.55859375,-5.537109375,6.50390625,-19.16015625,-28.388671875,-17.841796875,-43.9453125,-30.76171875,39.55078125,8.7890625,0.0,-65.91796875,27.1,16.8,-23.2,-8.0,-10.6,11.3
2.29071324999677,2.2946234999981243,-13.22835051343996,-8.818900342293306,11.023625427866621,-17.9506823478301,-26.92602352174515,-19.84252577015994,-7.646484375,-5.712890625,6.591796875,-19.072265625,-28.388671875,-18.10546875,-43.9453125,-30.76171875,39.55078125,8.7890625,0.0,-65.91796875,27.1,16.8,-23.2,-7.2,-10.6,11.3
2.2946724999928847,2.2985411249974277,-13.395551272545068,-8.930367515030046,11.162959393787544,-17.895489265356684,-26.843233898035024,-20.093326908817602,-7.822265625,-5.80078125,6.6796875,-18.984375,-28.30078125,-18.28125,-43.9453125,-30.76171875,39.55078125,13.18359375,0.0,-61.5234375,27.1,16.8,-24.0,-7.2,-11.5,12.1
2.2985792919935193,2.3016271670057904,-13.560028875068102,-9.0400192500454,11.30002406255676,-17.84034898646348,-26.76052347969522,-20.340043312602152,-7.998046875,-5.888671875,6.85546875,-18.896484375,-28.212890625,-18.544921875,-43.9453125,-30.76171875,39.55078125,13.18359375,0.0,-61.5234375,27.1,16.8,-23.2,-6.4,-10.7,12.0
2.3016614590014797,2.3055170419975184,-13.689429361132014,-9.126286240754677,11.407857800943352,-17.79637321062389,-26.69455981593584,-20.53414404169802,-8.173828125,-5.9765625,7.03125,-18.896484375,-28.037109375,-18.720703125,-43.9453125,-30.76171875,39.55078125,13.18359375,0.0,-61.5234375,27.3,16.8,-23.2,-7.2,-9.9,11.2
2.3055534999875817,2.3085255839978345,-13.85237247546928,-9.234914983646188,11.543643729557731,-17.740246482076486,-26.61036972311473,-20.77855871320392,-8.349609375,-6.15234375,7.119140625,-18.896484375,-27.94921875,-18.984375,-43.9453125,-30.76171875,39.55078125,13.18359375,0.0,-61.5234375,27.3,15.9,-23.2,-8.0,-8.6,11.2
2.308550749992719,2.3116248750011437,-13.977501952366907,-9.318334634911272,11.647918293639096,-17.69657140894283,-26.54485711341425,-20.96625292855036,-8.525390625,-6.240234375,7.20703125,-18.80859375,-27.861328125,-19.16015625,-43.9453125,-30.76171875,39.55078125,13.18359375,26.3671875,-61.5234375,26.5,15.9,-24.0,-7.2,-8.6,10.4
2.3116459589800797,2.315569541999139,-14.106395820505405,-9.404263880336936,11.755329850421155,-17.651057216750225,-26.476585825125337,-21.159593730758107,-8.61328125,-6.328125,7.3828125,-18.80859375,-27.7734375,-19.423828125,-43.9453125,-30.76171875,39.55078125,13.18359375,26.3671875,-61.5234375,27.3,15.9,-23.2,-8.0,-8.6,10.4
2.3156049169774633,2.3185512920026667,-14.27077238170112,-9.513848254467414,11.892310318084265,-17.59223383743427,-26.388350756151407,-21.40615857255168,-8.876953125,-6.416015625,7.55859375,-18.720703125,-27.685546875,-19.6875,-43.9453125,-26.3671875,39.55078125,13.18359375,26.3671875,-65.91796875,26.5,16.7,-22.4,-7.2,-8.8,11.2
2.318580958992243,2.321551166998688,-14.39397509811692,-9.595983398744613,11.994979248430763,-17.54756685728873,-26.321350285933093,-21.59096264717538,-8.96484375,-6.50390625,7.646484375,-18.720703125,-27.59765625,-19.86328125,-43.9453125,-26.3671875,39.55078125,13.18359375,26.3671875,-65.91796875,26.5,16.7,-23.2,-8.0,-8.8,11.2
2.321583084005397,2.3246151249913964,-14.517938891902984,-9.678625927935322,12.09828240991915,-17.502119875806418,-26.25317981370963,-21.776908337854476,-9.140625,-6.591796875,7.734375,-18.6328125,-27.59765625,-20.0390625,-43.9453125,-26.3671875,39.55078125,13.18359375,26.3671875,-65.91796875,26.3,16.7,-23.2,-7.2,-9.6,12.0
2.324643041996751,2.3275334170029964,-14.643958468266808,-9.762638978844539,12.203298723555662,-17.455396878007253,-26.18309531701088,-21.96593770240021,-9.228515625,-6.6796875,7.822265625,-18.6328125,-27.509765625,-20.302734375,-43.9453125,-26.3671875,39.55078125,13.18359375,26.3671875,-65.91796875,26.3,16.7,-23.2,-8.0,-8.7,11.2
2.3275575839797966,2.330444166989764,-14.76367477099923,-9.842449847332821,12.303062309166023,-17.410519262869162,-26.115778894303745,-22.145512156498846,-9.404296875,-6.767578125,7.91015625,-18.544921875,-27.421875,-20.478515625,-43.9453125,-26.3671875,35.15625,13.18359375,26.3671875,-65.91796875,26.3,16.9,-23.2,-7.2,-8.7,11.2
2.330471374996705,2.3334407919901423,-14.883050908892638,-9.922033939261759,12.402542424077206,-17.36528843722838,-26.04793265584257,-22.324576363338956,-9.4921875,-6.85546875,8.0859375,-18.544921875,-27.421875,-20.654296875,-43.9453125,-26.3671875,35.15625,13.18359375,21.97265625,-65.91796875,26.3,16.9,-23.2,-8.0,-9.5,11.2
2.3334678749961313,2.3365853749855887,-15.005490375587456,-10.003660250391636,12.504575312989544,-17.318394313409495,-25.97759147011424,-22.508235563381184,-9.66796875,-6.943359375,8.173828125,-18.45703125,-27.333984375,-20.830078125,-43.9453125,-30.76171875,35.15625,13.18359375,21.97265625,-65.91796875,26.3,16.9,-23.2,-7.2,-9.8,10.4
2.3366278749890625,2.3395834999973886,-15.134250386558818,-10.089500257705879,12.611875322132349,-17.268525836033398,-25.9027887540501,-22.701375579838228,-9.755859375,-7.03125,8.349609375,-18.45703125,-27.333984375,-21.005859375,-43.9453125,-30.76171875,35.15625,13.18359375,21.97265625,-65.91796875,26.3,16.9,-22.4,-8.0,-9.8,10.3
2.3396127089799847,2.3425612919963896,-15.255530538043505,-10.170353692029003,12.712942115036252,-17.221030915105867,-25.831546372658803,-22.88329580706526,-9.931640625,-7.119140625,8.4375,-18.369140625,-27.333984375,-21.181640625,-43.9453125,-30.76171875,35.15625,13.18359375,21.97265625,-65.91796875,26.4,16.9,-23.2,-8.0,-10.6,11.1
2.3425872499938123,2.3455921249988023,-15.376058843279624,-10.250705895519749,12.813382369399683,-17.173323168320003,-25.75998475248001,-23.064088264919437,-10.01953125,-7.119140625,8.525390625,-18.369140625,-27.24609375,-21.357421875,-43.9453125,-30.76171875,35.15625,13.18359375,21.97265625,-65.91796875,26.4,17.7,-23.2,-8.0,-10.4,10.3
2.345620209001936,2.348579791985685,-15.498608593746702,-10.332405729164469,12.915507161455581,-17.124292448096337,-25.686438672144508,-23.247912890620054,-10.1953125,-7.20703125,8.61328125,-18.369140625,-27.24609375,-21.62109375,-48.33984375,-30.76171875,35.15625,13.18359375,21.97265625,-65.91796875,26.4,17.7,-23.2,-8.8,-11.2,10.3
2.348610374989221,2.3515963339887094,-15.619084897214787,-10.412723264809857,13.01590408101231,-17.075573027295093,-25.61335954094264,-23.42862734582218,-10.283203125,-7.294921875,8.7890625,-18.28125,-27.158203125,-21.796875,-48.33984375,-30.76171875,35.15625,13.18359375,13.18359375,-65.91796875,26.4,17.7,-22.4,-8.0,-11.2,10.4
2.351627333991928,2.355598750000354,-15.740291484571108,-10.493527656380738,13.116909570475913,-17.026035279088692,-25.539052918633036,-23.610437226856664,-10.546875,-7.3828125,8.876953125,-18.193359375,-27.0703125,-21.97265625,-48.33984375,-30.76171875,35.15625,17.578125,13.18359375,-65.91796875,25.6,17.7,-22.4,-8.0,-11.2,10.4
2.355633291997947,2.3585978339833673,-15.900684415182942,-10.600456276788627,13.250570345985782,-16.95966764780173,-25.43950147170259,-23.851026622774413,-10.72265625,-7.55859375,9.052734375,-18.193359375,-26.982421875,-22.1484375,-48.33984375,-26.3671875,35.15625,17.578125,13.18359375,-57.12890625,25.6,16.9,-22.4,-8.0,-10.5,11.2
2.358624583983328,2.361571583984187,-16.02004130070517,-10.680027533803447,13.350034417254294,-16.909672139849445,-25.364508209774165,-24.030061951057753,-10.810546875,-7.646484375,9.140625,-18.10546875,-26.89453125,-22.412109375,-48.33984375,-26.3671875,35.15625,17.578125,13.18359375,-57.12890625,25.5,16.9,-22.4,-8.0,-10.5,8.8
2.3616006249794737,2.364567791984882,-16.138438666488543,-10.758959110992363,13.448698888740463,-16.859561051462585,-25.28934157719388,-24.207657999732817,-10.986328125,-7.734375,9.228515625,-18.017578125,-26.89453125,-22.5,-48.33984375,-26.3671875,35.15625,17.578125,13.18359375,-57.12890625,25.5,16.9,-22.4,-8.0,-11.3,9.6
2.364594833983574,2.3676507499767467,-16.25720290011789,-10.838135266745258,13.547669083431579,-16.808772231776256,-25.213158347664386,-24.385804350176834,-11.07421875,-7.822265625,9.31640625,-18.017578125,-26.806640625,-22.67578125,-43.9453125,-26.3671875,35.15625,17.578125,13.18359375,-57.12890625,25.5,16.9,-23.2,-8.0,-12.0,9.6
2.3676910839858465,2.371633499977179,-16.379636305467475,-10.919757536978317,13.649696921222892,-16.75586152167668,-25.133792282515024,-24.56945445820121,-11.25,-7.91015625,9.4921875,-17.9296875,-26.71875,-22.8515625,-43.9453125,-26.3671875,39.55078125,17.578125,13.18359375,-57.12890625,25.5,16.7,-22.4,-8.0,-11.2,10.4
2.3716773339838255,2.375611666997429,-16.536691599434732,-11.02446106628982,13.780576332862285,-16.68715848183446,-25.030737722751688,-24.8050373991521,-11.42578125,-7.998046875,9.580078125,-17.841796875,-26.630859375,-23.115234375,-43.9453125,-26.3671875,39.55078125,17.578125,26.3671875,-57.12890625,25.5,16.7,-22.4,-7.2,-11.2,10.4
2.3756632499862462,2.379628833994502,-16.693085456159544,-11.128723637439695,13.910904546799616,-16.617807021430085,-24.926710532145126,-25.039628184239312,-11.513671875,-8.0859375,9.755859375,-17.75390625,-26.455078125,-23.291015625,-43.9453125,-26.3671875,39.55078125,17.578125,26.3671875,-57.12890625,25.5,16.7,-22.4,-7.2,-11.2,11.2
2.3796796669776086,2.3836125420057215,-16.850014140537652,-11.233342760358436,14.041678450448043,-16.547265950249994,-24.820898925374987,-25.27502121080648,-11.689453125,-8.26171875,9.931640625,-17.75390625,-26.3671875,-23.5546875,-43.9453125,-26.3671875,39.55078125,17.578125,26.3671875,-57.12890625,25.6,16.7,-22.3,-8.0,-10.4,10.4
2.383666583977174,2.3875094169925433,-17.005126911624437,-11.33675127441629,14.170939093020351,-16.476591593591824,-24.714887390387737,-25.507690367436652,-11.865234375,-8.349609375,10.01953125,-17.666015625,-26.279296875,-23.73046875,-43.9453125,-26.3671875,39.55078125,17.578125,26.3671875,-57.12890625,25.6,16.7,-22.3,-8.0,-11.1,12.0
2.387547166988952,2.3906464589817915,-17.155462259462965,-11.436974839641977,14.296218549552458,-16.40718155313083,-24.610772329696246,-25.733193389194444,-12.041015625,-8.4375,10.1953125,-17.666015625,-26.19140625,-23.994140625,-43.9453125,-26.3671875,35.15625,17.578125,26.3671875,-57.12890625,25.6,16.8,-22.3,-9.0,-11.1,11.3
2.3906837919785175,2.394586416980019,-17.27651079308644,-11.517673862057627,14.397092327572041,-16.35063267299692,-24.52594900949538,-25.91476618962966,-12.12890625,-8.525390625,10.283203125,-17.578125,-26.103515625,-24.169921875,-43.9453125,-26.3671875,35.15625,13.18359375,21.97265625,-57.12890625,26.4,16.8,-22.3,-8.2,-11.1,9.7
2.394620999984909,2.3985180000017863,-17.4278614292341,-11.618574286156065,14.523217857695078,-16.279088781534213,-24.418633172301323,-26.141792143851145,-12.392578125,-8.61328125,10.458984375,-17.490234375,-26.015625,-24.43359375,-43.9453125,-30.76171875,35.15625,13.18359375,21.97265625,-61.5234375,24.8,16.8,-21.5,-8.2,-11.3,8.9
2.3985534999810625,2.401661999989301,-17.57836569110763,-11.718910460738421,14.648638075923015,-16.207008903964844,-24.31051335594727,-26.367548536661445,-12.48046875,-8.701171875,10.546875,-17.40234375,-25.927734375,-24.697265625,-43.9453125,-30.76171875,35.15625,13.18359375,21.97265625,-61.5234375,25.6,16.8,-22.3,-8.0,-11.3,8.6
2.401700374990469,2.405481541994959,-17.698319736629117,-11.79887982441941,14.748599780524263,-16.14888339449228,-24.223325091738424,-26.547479604943675,-12.65625,-8.876953125,10.72265625,-17.314453125,-25.751953125,-24.78515625,-43.9453125,-30.76171875,35.15625,13.18359375,21.97265625,-61.5234375,25.6,16.0,-21.5,-8.0,-10.3,10.2
2.405514999991283,2.408528583997395,-17.843147286593705,-11.895431524395804,14.869289405494742,-16.07789503785899,-24.116842556788487,-26.764720929890558,-12.83203125,-8.96484375,10.810546875,-17.314453125,-25.6640625,-25.048828125,-39.55078125,-30.76171875,35.15625,13.18359375,21.97265625,-61.5234375,25.6,15.9,-22.3,-8.0,-10.3,10.2
2.408557999995537,2.4114839590038173,-17.958219907142734,-11.972146604761821,14.965183255952274,-16.020852214351457,-24.031278321527186,-26.9373298607141,-12.919921875,-8.96484375,10.8984375,-17.2265625,-25.6640625,-25.224609375,-39.55078125,-30.76171875,35.15625,13.18359375,26.3671875,-61.5234375,25.6,16.7,-22.3,-8.0,-11.9,11.3
2.4115118339832406,2.414503334002802,-18.069528246731522,-12.046352164487681,15.057940205609599,-15.96513073949421,-23.947696109241317,-27.104292370097284,-13.095703125,-9.052734375,11.07421875,-17.2265625,-25.48828125,-25.400390625,-39.55078125,-30.76171875,35.15625,17.578125,26.3671875,-61.5234375,24.8,16.7,-21.5,-8.8,-11.1,11.3
2.414531583985081,2.4175005839788355,-18.182918333454648,-12.121945555636431,15.152431944545535,-15.90781053275988,-23.86171579913982,-27.27437750018197,-13.18359375,-9.228515625,11.162109375,-17.138671875,-25.400390625,-25.576171875,-39.55078125,-26.3671875,35.15625,17.578125,26.3671875,-57.12890625,25.6,15.9,-21.5,-8.0,-11.4,11.3
2.4175314999883994,2.4207947090035304,-18.295158576738913,-12.19677238449261,15.24596548061577,-15.850512401839831,-23.775768602759747,-27.44273786510837,-13.359375,-9.228515625,11.25,-17.05078125,-25.3125,-25.751953125,-39.55078125,-26.3671875,35.15625,17.578125,26.3671875,-57.12890625,24.8,16.7,-21.5,-8.0,-11.4,11.3
2.420824583998183,2.424472541984869,-18.417899708788987,-12.278599805859326,15.348249757324153,-15.787209595351275,-23.680814393026914,-27.62684956318348,-13.447265625,-9.404296875,11.337890625,-16.962890625,-25.224609375,-25.927734375,-39.55078125,-26.3671875,35.15625,17.578125,26.3671875,-57.12890625,25.6,15.9,-21.6,-8.0,-10.6,11.3
2.4244941670040134,2.4274948749807663,-18.55409316147013,-12.369395440980087,15.461744301225098,-15.716171812011385,-23.57425771801708,-27.831139742205195,-13.623046875,-9.4921875,11.513671875,-16.962890625,-25.13671875,-26.19140625,-43.9453125,-26.3671875,35.15625,17.578125,26.3671875,-57.12890625,24.8,15.9,-21.6,-8.0,-10.3,8.9
2.427518833981594,2.4305136670009233,-18.66588782629339,-12.443925217528927,15.554906521911155,-15.657225973350057,-23.485838960025085,-27.998831739440085,-13.7109375,-9.580078125,11.6015625,-16.875,-25.048828125,-26.3671875,-43.9453125,-26.3671875,35.15625,17.578125,26.3671875,-57.12890625,25.6,16.0,-21.6,-8.0,-11.1,8.5
2.4305338749836665,2.4335579999897163,-18.776907367806412,-12.517938245204274,15.647422806505332,-15.59811597883707,-23.397173968255604,-28.165361051709617,-13.88671875,-9.66796875,11.689453125,-16.787109375,-24.873046875,-26.54296875,-43.9453125,-26.3671875,35.15625,21.97265625,35.15625,-57.12890625,24.8,16.0,-21.6,-8.0,-10.3,8.5
2.433577333984431,2.4366929169918876,-18.88854617073209,-12.592364113821395,15.74045514227674,-15.538094028063515,-23.307141042095274,-28.332819256098137,-13.974609375,-9.755859375,11.865234375,-16.787109375,-24.78515625,-26.71875,-43.9453125,-30.76171875,35.15625,21.97265625,35.15625,-57.12890625,25.6,16.0,-20.8,-8.8,-10.4,9.3
2.4367095839988906,2.4404690839874092,-19.00299117456754,-12.668660783045027,15.835825978806273,-15.475950179686453,-23.21392526952968,-28.50448676185131,-14.0625,-9.755859375,11.953125,-16.69921875,-24.697265625,-26.806640625,-43.9453125,-30.76171875,35.15625,21.97265625,35.15625,-57.12890625,25.6,16.8,-20.8,-8.0,-10.4,10.6
2.440487874991959,2.4436538750014734,-19.140428611990018,-12.760285741326678,15.950357176658345,-15.400490505165576,-23.100735757748364,-28.710642917985027,-14.23828125,-9.931640625,12.041015625,-16.611328125,-24.521484375,-26.982421875,-43.9453125,-30.76171875,35.15625,21.97265625,35.15625,-57.12890625,25.6,16.0,-21.6,-8.0,-10.4,10.6
2.443682833982166,2.4475681250041816,-19.256121126176403,-12.837414084117603,16.046767605147,-15.336257680180621,-23.00438652027093,-28.884181689264604,-14.4140625,-10.01953125,12.12890625,-16.611328125,-24.521484375,-27.24609375,-43.9453125,-30.76171875,35.15625,21.97265625,35.15625,-57.12890625,24.8,16.0,-21.6,-9.6,-10.3,11.4
2.447588458977407,2.4506239169859327,-19.396888428988785,-12.93125895265919,16.164073690823987,-15.257212782788068,-22.885819174182103,-29.09533264348318,-14.501953125,-10.107421875,12.3046875,-16.5234375,-24.345703125,-27.421875,-39.55078125,-30.76171875,35.15625,21.97265625,30.76171875,-57.12890625,25.6,16.0,-21.6,-8.8,-10.3,11.3
2.4506423749844544,2.4536168339836877,-19.506449934481942,-13.004299956321294,16.255374945401616,-15.195005187429915,-22.792507781144874,-29.259674901722914,-14.677734375,-10.1953125,12.48046875,-16.435546875,-24.2578125,-27.59765625,-39.55078125,-30.76171875,35.15625,17.578125,30.76171875,-57.12890625,24.8,16.0,-20.8,-8.0,-10.3,9.7
2.453634499979671,2.456647499988321,-19.6133593085298,-13.0755728723532,16.344466090441507,-15.13371712633023,-22.700575689495345,-29.420038962794703,-14.765625,-10.283203125,12.568359375,-16.435546875,-24.169921875,-27.7734375,-39.55078125,-26.3671875,35.15625,17.578125,30.76171875,-52.734375,25.6,16.0,-20.8,-8.8,-11.3,8.9
2.456664917001035,2.4605973339930642,-19.72119524165513,-13.147463494436755,16.43432936804594,-15.071303980162195,-22.606955970243295,-29.5817928624827,-14.94140625,-10.37109375,12.65625,-16.34765625,-24.08203125,-27.94921875,-39.55078125,-26.3671875,35.15625,17.578125,30.76171875,-52.734375,24.8,16.0,-20.8,-8.8,-10.5,9.3
2.4606149589817505,2.4644930840004236,-19.86108436337887,-13.240722908919246,16.550903636149044,-14.989438176570237,-22.484157264855355,-29.7916265450683,-15.1171875,-10.458984375,12.744140625,-16.259765625,-23.994140625,-28.212890625,-39.55078125,-26.3671875,35.15625,17.578125,30.76171875,-52.734375,24.7,16.0,-20.8,-8.8,-11.3,9.3
2.464513041981263,2.4675222919904627,-19.998383804264638,-13.332255869509758,16.665319836887203,-14.908083492854553,-22.36212523928183,-29.997575706396958,-15.205078125,-10.546875,12.919921875,-16.171875,-23.818359375,-28.388671875,-39.55078125,-26.3671875,35.15625,17.578125,30.76171875,-52.734375,24.7,16.0,-20.8,-8.0,-9.5,9.3
2.4675403339788318,2.4706658340001013,-20.104494997964085,-13.40299666530939,16.753745831636735,-14.844516845950405,-22.26677526892561,-30.156742496946126,-15.380859375,-10.634765625,13.0078125,-16.083984375,-23.73046875,-28.564453125,-39.55078125,-26.3671875,35.15625,17.578125,30.76171875,-52.734375,24.7,16.0,-20.8,-8.0,-9.5,9.7
2.4706840839935467,2.4745724590029567,-20.214207008854864,-13.476138005903241,16.845172507379054,-14.778149560951473,-22.167224341427207,-30.321310513282295,-15.46875,-10.72265625,13.095703125,-16.083984375,-23.642578125,-28.740234375,-39.55078125,-26.3671875,35.15625,17.578125,30.76171875,-52.734375,24.7,16.0,-20.8,-8.8,-9.5,9.7
2.4745948749769013,2.4784865840047132,-20.349999243385557,-13.566666162257038,16.958332702821306,-14.695086568029115,-22.04262985204367,-30.524998865078334,-15.64453125,-10.8984375,13.18359375,-15.99609375,-23.5546875,-29.00390625,-39.55078125,-26.3671875,35.15625,17.578125,30.76171875,-57.12890625,24.7,15.2,-20.8,-9.6,-10.4,9.7
2.4785291669832077,2.4815350839926396,-20.485832596229262,-13.657221730819508,17.071527163524376,-14.610964875573124,-21.916447313359686,-30.728748894343894,-15.8203125,-10.986328125,13.359375,-15.908203125,-23.466796875,-29.091796875,-39.55078125,-26.3671875,35.15625,17.578125,30.76171875,-57.12890625,24.8,15.2,-20.8,-8.8,-11.2,8.8
2.4815641249879263,2.484567249979591,-20.59008170722226,-13.726721138148175,17.158401422685206,-14.545691004401142,-21.818536506601713,-30.88512256083339,-15.908203125,-10.986328125,13.447265625,-15.8203125,-23.291015625,-29.35546875,-39.55078125,-26.3671875,35.15625,17.578125,30.76171875,-57.12890625,24.8,16.0,-20.7,-8.8,-10.4,8.0
2.484595124988118,2.487511666986393,-20.693727825863604,-13.795818550575735,17.244773188219675,-14.480172323546094,-21.720258485319142,-31.040591738795406,-15.99609375,-11.162109375,13.53515625,-15.8203125,-23.203125,-29.443359375,-39.55078125,-26.3671875,35.15625,17.578125,30.76171875,-57.12890625,24.8,15.1,-20.7,-9.6,-11.2,8.8
2.487543499999447,2.490503749984782,-20.79409849781671,-13.862732331877805,17.328415414847253,-14.41612473221253,-21.624187098318796,-31.19114774672506,-16.171875,-11.162109375,13.7109375,-15.732421875,-23.203125,-29.619140625,-39.55078125,-26.3671875,35.15625,17.578125,26.3671875,-57.12890625,24.0,15.1,-19.9,-8.8,-11.2,9.6
2.490527083980851,2.4934932089818176,-20.89521373881218,-13.930142492541453,17.412678115676812,-14.350997531094869,-21.526496296642303,-31.34282060821827,-16.259765625,-11.25,13.798828125,-15.64453125,-23.02734375,-29.70703125,-39.55078125,-26.3671875,35.15625,21.97265625,26.3671875,-57.12890625,24.8,15.1,-19.9,-8.8,-10.4,9.6
2.4935217919992283,2.4964892089774366,-20.996244459876937,-13.997496306584624,17.496870383230778,-14.285310537301939,-21.42796580595291,-31.494366689815404,-16.34765625,-11.337890625,13.88671875,-15.556640625,-22.939453125,-29.8828125,-39.55078125,-26.3671875,35.15625,21.97265625,26.3671875,-48.33984375,24.8,15.1,-19.9,-8.8,-10.4,10.4
2.4965157919796184,2.499489708978217,-21.096786848149787,-14.064524565433192,17.580655706791486,-14.219323076304523,-21.328984614456783,-31.64518027222468,-16.5234375,-11.42578125,13.974609375,-15.46875,-22.939453125,-30.05859375,-39.55078125,-26.3671875,35.15625,21.97265625,26.3671875,-48.33984375,24.0,15.1,-19.9,-8.0,-11.2,10.4
2.499516166979447,2.502542749978602,-21.197075209685618,-14.131383473123746,17.66422934140467,-14.152879605773705,-21.229319408660558,-31.79561281452843,-16.611328125,-11.513671875,14.0625,-15.46875,-22.763671875,-30.234375,-39.55078125,-26.3671875,35.15625,21.97265625,26.3671875,-48.33984375,24.7,15.1,-19.9,-8.8,-10.4,10.4
2.5025755839888006,2.505584792001173,-21.298852230822508,-14.19923482054834,17.749043525685416,-14.084804951114084,-21.127207426671124,-31.948278346233764,-16.787109375,-11.6015625,14.150390625,-15.380859375,-22.67578125,-30.41015625,-39.55078125,-26.3671875,35.15625,21.97265625,26.3671875,-48.33984375,23.9,14.3,-20.7,-8.8,-10.4,10.4
2.5056142089888453,2.508597916981671,-21.399450681542547,-14.266300454361698,17.83287556795212,-14.01687095417088,-21.02530643125632,-32.09917602231382,-16.875,-11.689453125,14.23828125,-15.29296875,-22.587890625,-30.5859375,-43.9453125,-26.3671875,30.76171875,21.97265625,26.3671875,-48.33984375,23.9,14.4,-20.7,-8.8,-11.2,10.5
2.5086443749896716,2.512482916994486,-21.499283596066835,-14.332855730711223,17.916069663389035,-13.94880807103669,-20.923212106555038,-32.24892539410025,-17.05078125,-11.689453125,14.326171875,-15.205078125,-22.412109375,-30.76171875,-43.9453125,-26.3671875,30.76171875,21.97265625,39.55078125,-48.33984375,23.1,15.2,-20.7,-8.8,-11.2,9.7
2.5125163339835126,2.518530708999606,-21.626141377755705,-14.41742758517047,18.021784481463097,-13.861377342326605,-20.792066013489908,-32.43921206663356,-17.138671875,-11.865234375,14.501953125,-15.205078125,-22.32421875,-31.025390625,-43.9453125,-26.3671875,30.76171875,21.97265625,39.55078125,-57.12890625,23.9,14.4,-19.9,-8.8,-10.4,8.1
2.518584124976769,2.5225139999820385,-21.82333073758527,-14.54888715839018,18.186108947987726,-13.72333350365097,-20.585000255476455,-32.734996106377906,-17.40234375,-12.041015625,14.677734375,-15.029296875,-22.060546875,-31.2890625,-43.9453125,-26.3671875,30.76171875,21.97265625,39.55078125,-57.12890625,24.0,14.4,-20.0,-8.0,-8.8,7.8
2.5225501249951776,2.5255685839802027,-21.95114641331868,-14.63409760887912,18.29262201109889,-13.632431447610461,-20.44864717141569,-32.926719619978016,-17.578125,-12.12890625,14.853515625,-14.94140625,-21.97265625,-31.46484375,-43.9453125,-26.3671875,30.76171875,21.97265625,39.55078125,-57.12890625,23.2,14.4,-19.2,-8.0,-9.5,7.0
2.5255887499952223,2.529561959003331,-22.048498636548565,-14.698999091032377,18.37374886379047,-13.562426984940023,-20.343640477410034,-33.072747954822844,-17.75390625,-12.12890625,14.94140625,-14.853515625,-21.796875,-31.640625,-39.55078125,-26.3671875,30.76171875,21.97265625,39.55078125,-57.12890625,23.2,15.1,-19.2,-8.0,-8.7,6.1
2.5295897499891,2.5326236249820795,-22.175917177219908,-14.783944784813272,18.47993098101659,-13.469780124396703,-20.204670186595052,-33.263875765829866,-17.841796875,-12.3046875,15.029296875,-14.765625,-21.796875,-31.728515625,-39.55078125,-26.3671875,30.76171875,21.97265625,30.76171875,-57.12890625,23.2,14.3,-20.0,-9.6,-11.1,8.5
2.532648166990839,2.5355828749889042,-22.272727165970686,-14.848484777313791,18.560605971642243,-13.398600666408434,-20.09790099961265,-33.40909074895603,-18.017578125,-12.392578125,15.1171875,-14.677734375,-21.62109375,-31.904296875,-39.55078125,-26.3671875,30.76171875,21.97265625,30.76171875,-43.9453125,23.2,13.5,-20.0,-8.8,-11.4,8.5
2.5356026249937713,2.538507749995915,-22.365758361708824,-14.91050557447255,18.638131968090686,-13.3295470108186,-19.994320516227898,-33.548637542563235,-18.10546875,-12.392578125,15.205078125,-14.677734375,-21.533203125,-31.9921875,-39.55078125,-26.3671875,30.76171875,21.97265625,30.76171875,-43.9453125,22.4,14.3,-20.0,-9.8,-10.6,10.0
2.538526791991899,2.541516249999404,-22.457361429458313,-14.971574286305543,18.71446785788192,-13.260918648028683,-19.891377972043024,-33.68604214418747,-18.193359375,-12.48046875,15.29296875,-14.58984375,-21.4453125,-32.080078125,-39.55078125,-26.3671875,30.76171875,21.97265625,30.76171875,-43.9453125,23.1,14.3,-20.0,-9.0,-10.6,11.6
2.5415334169811103,2.5444898749992717,-22.551053537406524,-15.034035691604348,18.792544614505427,-13.190063336601789,-19.785095004902683,-33.82658030610978,-18.369140625,-12.568359375,15.46875,-14.501953125,-21.357421875,-32.255859375,-39.55078125,-26.3671875,30.76171875,21.97265625,30.76171875,-43.9453125,22.3,14.3,-19.2,-9.0,-10.3,10.8
2.544508708990179,2.547665916994447,-22.643274097446998,-15.095516064964665,18.869395081205827,-13.11965680695931,-19.679485210438965,-33.96491114617049,-18.45703125,-12.65625,15.556640625,-14.501953125,-21.181640625,-32.34375,-39.55078125,-26.3671875,35.15625,21.97265625,30.76171875,-43.9453125,22.3,14.4,-18.4,-9.6,-10.3,11.6
2.5476821250049397,2.550578541995492,-22.741090475621107,-15.160726983747406,18.950908729684254,-13.044246138595874,-19.56636920789381,-34.11163571343166,-18.6328125,-12.744140625,15.64453125,-14.4140625,-21.181640625,-32.51953125,-39.55078125,-26.3671875,35.15625,21.97265625,30.76171875,-43.9453125,22.3,13.6,-18.4,-9.6,-11.9,10.5
2.550594041997101,2.553549459000351,-22.830349403104425,-15.220232935402949,19.025291169253684,-12.974764328960868,-19.462146493441303,-34.24552410465663,-18.720703125,-12.83203125,15.732421875,-14.326171875,-21.005859375,-32.6953125,-39.55078125,-26.3671875,35.15625,21.97265625,30.76171875,-43.9453125,22.3,13.6,-18.4,-9.6,-10.3,10.5
2.553563833993394,2.556472208991181,-22.920890374959047,-15.28059358330603,19.100741979132536,-12.90362196214019,-19.355432943210285,-34.381335562438565,-18.80859375,-12.919921875,15.8203125,-14.23828125,-20.91796875,-32.87109375,-39.55078125,-21.97265625,35.15625,21.97265625,30.76171875,-48.33984375,22.3,13.6,-18.4,-8.8,-10.4,10.5
2.5564863339823205,2.5594367089797743,-23.00950260661132,-15.339668404407547,19.17458550550943,-12.833338351450914,-19.250007527176372,-34.51425390991698,-18.896484375,-13.0078125,15.908203125,-14.150390625,-20.830078125,-33.046875,-39.55078125,-21.97265625,35.15625,21.97265625,30.76171875,-48.33984375,22.3,13.6,-18.4,-8.8,-10.4,9.5
2.55945079200319,2.56255337499897,-23.098891629902692,-15.399261086601793,19.24907635825224,-12.761769390906254,-19.142654086359382,-34.648337444854036,-19.072265625,-13.0078125,15.99609375,-14.0625,-20.654296875,-33.22265625,-39.55078125,-21.97265625,35.15625,21.97265625,30.76171875,-48.33984375,21.4,13.6,-18.3,-8.8,-9.6,9.5
2.5625671669840813,2.566584291984327,-23.19232143411732,-15.461547622744881,19.326934528431096,-12.68623447322302,-19.029351709834533,-34.78848215117598,-19.16015625,-13.095703125,16.083984375,-14.0625,-20.56640625,-33.3984375,-39.55078125,-21.97265625,35.15625,21.97265625,30.76171875,-48.33984375,21.4,13.6,-18.3,-9.6,-10.4,8.7
2.566641166980844,2.5695543749898206,-23.313622605692554,-15.542415070461704,19.42801883807713,-12.587030379620323,-18.880545569430485,-34.97043390853883,-19.3359375,-13.271484375,16.171875,-13.974609375,-20.478515625,-33.57421875,-35.15625,-21.97265625,30.76171875,21.97265625,30.76171875,-48.33984375,21.4,12.7,-19.1,-9.6,-10.4,8.6
2.569571999978507,2.5725565000029746,-23.400296394619666,-15.60019759641311,19.500246995516385,-12.515343980605033,-18.77301597090755,-35.100444591929495,-19.423828125,-13.271484375,16.259765625,-13.88671875,-20.302734375,-33.75,-35.15625,-21.97265625,30.76171875,21.97265625,35.15625,-48.33984375,21.4,13.5,-18.3,-9.6,-9.6,8.6
2.5725765840034,2.5754698340024333,-23.48863638092568,-15.659090920617121,19.5738636507714,-12.441578337970085,-18.66236750695513,-35.23295457138852,-19.51171875,-13.359375,16.34765625,-13.798828125,-20.302734375,-33.92578125,-35.15625,-26.3671875,30.76171875,21.97265625,35.15625,-52.734375,21.4,13.5,-18.3,-9.6,-10.3,7.8
2.5754837499989662,2.5785271670029033,-23.573614101480494,-15.71574273432033,19.644678417900412,-12.369940594386772,-18.554910891580157,-35.360421152220745,-19.599609375,-13.447265625,16.435546875,-13.7109375,-20.126953125,-34.013671875,-35.15625,-26.3671875,30.76171875,21.97265625,35.15625,-52.734375,21.4,12.7,-18.3,-8.8,-10.3,7.1
2.5785372919926886,2.5815167499822564,-23.662341081256507,-15.774894054171005,19.718617567713753,-12.294418147260178,-18.44162722089027,-35.493511621884764,-19.6875,-13.447265625,16.5234375,-13.623046875,-20.0390625,-34.189453125,-35.15625,-26.3671875,30.76171875,21.97265625,35.15625,-52.734375,21.6,13.5,-18.3,-8.8,-11.1,7.1
2.581531834002817,2.585475083993515,-23.748825000403684,-15.832550000269123,19.7906875003364,-12.220080216143355,-18.33012032421503,-35.623237500605526,-19.775390625,-13.53515625,16.611328125,-13.53515625,-19.951171875,-34.27734375,-35.15625,-26.3671875,30.76171875,21.97265625,35.15625,-52.734375,22.4,13.5,-18.3,-8.8,-12.2,7.9
2.585507041978417,2.5884696249850094,-23.86281897690627,-15.908545984604178,19.88568248075522,-12.120980350439247,-18.18147052565887,-35.7942284653594,-19.951171875,-13.7109375,16.787109375,-13.447265625,-19.775390625,-34.453125,-35.15625,-26.3671875,26.3671875,21.97265625,35.15625,-52.734375,21.6,12.7,-17.5,-9.6,-10.6,8.1
2.588497999997344,2.5914837089949287,-23.947975229649977,-15.96531681976665,19.956646024708313,-12.046105546792958,-18.069158320189437,-35.92196284447496,-20.0390625,-13.7109375,16.875,-13.359375,-19.6875,-34.541015625,-35.15625,-26.3671875,26.3671875,21.97265625,39.55078125,-52.734375,21.6,12.7,-17.5,-9.6,-10.6,8.1
2.591509583988227,2.594495833996916,-24.033184642825532,-16.02212309521702,20.02765386902127,-11.97044575284118,-17.95566862926177,-36.0497769642383,-20.21484375,-13.798828125,16.875,-13.271484375,-19.599609375,-34.716796875,-35.15625,-26.3671875,26.3671875,26.3671875,39.55078125,-43.9453125,20.8,12.7,-18.3,-9.6,-10.3,8.1
2.5945177089888602,2.59765579199302,-24.117759290623116,-16.078506193748744,20.098132742185932,-11.894605440180992,-17.841908160271487,-36.176638935934676,-20.302734375,-13.88671875,16.962890625,-13.271484375,-19.423828125,-34.8046875,-35.15625,-21.97265625,26.3671875,26.3671875,39.55078125,-43.9453125,20.8,12.7,-18.3,-10.4,-11.1,8.9
2.5976665419875644,2.6006250839855056,-24.20571312071289,-16.13714208047526,20.171427600594075,-11.814933155737894,-17.722399733606842,-36.308569681069336,-20.390625,-13.974609375,17.138671875,-13.18359375,-19.3359375,-34.892578125,-35.15625,-21.97265625,26.3671875,26.3671875,39.55078125,-43.9453125,21.6,12.7,-17.5,-10.4,-11.1,8.9
2.6006356669822708,2.6045464589842595,-24.288104895861323,-16.192069930574217,20.24008741321777,-11.739543064506144,-17.609314596759216,-36.432157343791985,-20.478515625,-13.974609375,17.138671875,-13.095703125,-19.16015625,-35.068359375,-35.15625,-21.97265625,26.3671875,26.3671875,39.55078125,-43.9453125,21.6,12.7,-18.3,-9.6,-11.3,8.9
2.6045558339974377,2.6075881669821683,-24.396078084937567,-16.264052056625044,20.330065070781302,-11.639613855252705,-17.459420782879057,-36.59411712740635,-20.654296875,-14.0625,17.314453125,-13.0078125,-18.984375,-35.244140625,-35.15625,-21.97265625,30.76171875,26.3671875,39.55078125,-43.9453125,20.8,12.8,-17.5,-8.6,-11.3,8.9
2.607596833986463,2.611529708985472,-24.479199451395765,-16.31946630093051,20.399332876163136,-11.561791368676113,-17.34268705301417,-36.71879917709364,-20.7421875,-14.150390625,17.40234375,-12.919921875,-18.896484375,-35.33203125,-35.15625,-21.97265625,30.76171875,26.3671875,35.15625,-43.9453125,20.8,12.8,-17.5,-8.6,-10.5,8.0
2.61154162499588,2.6155302499828395,-24.5861921342086,-16.390794756139066,20.488493445173834,-11.460447079504537,-17.190670619256807,-36.8792882013129,-20.830078125,-14.23828125,17.490234375,-12.83203125,-18.720703125,-35.5078125,-35.15625,-21.97265625,30.76171875,21.97265625,35.15625,-39.55078125,21.6,12.8,-17.5,-9.4,-10.3,8.0
2.6155423339805566,2.6183703339775093,-24.69373725450205,-16.462491503001367,20.578114378751707,-11.357216803143622,-17.035825204715433,-37.04060588175307,-21.005859375,-14.326171875,17.578125,-12.744140625,-18.6328125,-35.68359375,-35.15625,-21.97265625,30.76171875,21.97265625,35.15625,-39.55078125,20.8,12.8,-17.5,-10.4,-11.1,8.8
2.618385166977532,2.621508416981669,-24.769564471285026,-16.513042980856685,20.641303726070852,-11.283590364435419,-16.92538554665313,-37.15434670692754,-21.09375,-14.4140625,17.666015625,-12.744140625,-18.544921875,-35.859375,-35.15625,-21.97265625,30.76171875,21.97265625,35.15625,-39.55078125,20.7,12.0,-17.6,-10.4,-11.1,8.0
2.6215185420005582,2.6245067499985453,-24.85256906687221,-16.568379377914805,20.710474222393508,-11.202178573361854,-16.80326786004278,-37.27885360030832,-21.181640625,-14.4140625,17.75390625,-12.65625,-18.369140625,-35.947265625,-35.15625,-21.97265625,30.76171875,21.97265625,35.15625,-39.55078125,20.7,12.8,-17.6,-10.4,-10.4,8.0
2.624519374978263,2.6275415839918423,-24.931498195498754,-16.620998796999167,20.77624849624896,-11.123956085410988,-16.685934128116482,-37.39724729324813,-21.26953125,-14.501953125,17.841796875,-12.568359375,-18.28125,-36.03515625,-35.15625,-21.97265625,26.3671875,21.97265625,35.15625,-39.55078125,20.7,12.8,-17.6,-10.4,-10.4,8.8
2.6275505420053378,2.6305044170003384,-25.0106627983817,-16.67377519892113,20.84221899865141,-11.044691965638634,-16.56703794845795,-37.515994197572546,-21.357421875,-14.58984375,17.9296875,-12.48046875,-18.10546875,-36.2109375,-35.15625,-21.97265625,26.3671875,21.97265625,39.55078125,-39.55078125,20.7,12.0,-17.6,-9.6,-9.6,7.1
2.6305127919767983,2.63353979200474,-25.087479705896452,-16.724986470597635,20.906233088247046,-10.966988080522658,-16.450482120783985,-37.631219558844684,-21.533203125,-14.58984375,18.017578125,-12.392578125,-18.017578125,-36.298828125,-35.15625,-21.97265625,26.3671875,26.3671875,39.55078125,-39.55078125,19.9,12.8,-17.6,-9.6,-11.3,7.1
2.633552499988582,2.636501542001497,-25.16574057122636,-16.777160380817577,20.971450476021968,-10.887005536708665,-16.330508305063,-37.74861085683954,-21.62109375,-14.677734375,18.10546875,-12.3046875,-17.9296875,-36.474609375,-35.15625,-21.97265625,26.3671875,26.3671875,39.55078125,-43.9453125,19.9,12.8,-16.8,-9.6,-11.3,7.1
2.6365214590041433,2.6395869169791695,-25.24162607229494,-16.827750714863296,21.034688393579117,-10.808644960327722,-16.212967440491582,-37.86243910844241,-21.708984375,-14.765625,18.193359375,-12.216796875,-17.75390625,-36.5625,-35.15625,-21.97265625,26.3671875,26.3671875,39.55078125,-43.9453125,19.9,12.0,-16.8,-9.6,-11.3,7.1
2.6395961249945685,2.6434598339837976,-25.319634726528125,-16.879756484352086,21.099695605440104,-10.727246665802637,-16.090869998703955,-37.97945208979219,-21.796875,-14.853515625,18.28125,-12.12890625,-17.666015625,-36.650390625,-35.15625,-21.97265625,26.3671875,26.3671875,39.55078125,-43.9453125,20.0,12.0,-16.8,-9.6,-11.3,7.9
2.643468458991265,2.6465381669986527,-25.417040827334493,-16.94469388488966,21.180867356112078,-10.624375235625996,-15.936562853438993,-38.12556124100174,-21.884765625,-14.94140625,18.369140625,-12.041015625,-17.490234375,-36.826171875,-30.76171875,-21.97265625,26.3671875,26.3671875,39.55078125,-43.9453125,20.8,12.0,-16.8,-9.6,-10.5,7.9
2.646546167001361,2.649527500005206,-25.493788060273317,-16.99585870684888,21.244823383561098,-10.542333082237024,-15.813499623355534,-38.240682090409976,-21.97265625,-15.029296875,18.369140625,-11.953125,-17.40234375,-36.9140625,-30.76171875,-21.97265625,26.3671875,26.3671875,39.55078125,-43.9453125,20.8,11.1,-17.6,-9.6,-10.5,7.2
2.6495353339996655,2.6535492499824613,-25.567757035177372,-17.045171356784913,21.30646419598114,-10.462415276495154,-15.69362291474273,-38.351635552766055,-22.1484375,-15.029296875,18.45703125,-11.865234375,-17.2265625,-37.08984375,-30.76171875,-21.97265625,26.3671875,26.3671875,39.55078125,-43.9453125,20.0,11.9,-17.6,-9.6,-9.7,7.2
2.653558833990246,2.6565636669984087,-25.666430992372252,-17.110953994914833,21.38869249364354,-10.354479870273934,-15.531719805410901,-38.499646488558376,-22.236328125,-15.1171875,18.6328125,-11.77734375,-17.05078125,-37.177734375,-30.76171875,-21.97265625,26.3671875,26.3671875,39.55078125,-39.55078125,20.0,11.9,-16.8,-9.6,-9.4,8.0
2.6565720420039725,2.6605190839909483,-25.739656964718957,-17.15977130981264,21.449714137265797,-10.273375715651163,-15.410063573476744,-38.60948544707844,-22.32421875,-15.205078125,18.6328125,-11.689453125,-16.962890625,-37.353515625,-30.76171875,-21.97265625,26.3671875,26.3671875,39.55078125,-39.55078125,20.0,11.1,-16.8,-9.6,-9.4,6.4
2.6605345839925576,2.6635626670031343,-25.835075311539498,-17.22338354102633,21.52922942628291,-10.166369037109725,-15.249553555664585,-38.75261296730925,-22.5,-15.29296875,18.80859375,-11.6015625,-16.875,-37.44140625,-30.76171875,-21.97265625,26.3671875,26.3671875,39.55078125,-39.55078125,19.0,11.1,-15.9,-9.6,-10.4,7.2
2.663570874981815,2.666585250000935,-25.907512339910276,-17.271674893273516,21.58959361659189,-10.084108606171661,-15.12616290925749,-38.86126850986541,-22.587890625,-15.29296875,18.896484375,-11.513671875,-16.69921875,-37.529296875,-35.15625,-21.97265625,26.3671875,26.3671875,39.55078125,-39.55078125,19.0,11.9,-15.9,-9.6,-10.4,8.0
2.6665938749792986,2.6705136249947827,-25.979046829975584,-17.319364553317055,21.649205691646316,-10.001980377370511,-15.002970566055767,-38.968570244963374,-22.67578125,-15.380859375,18.984375,-11.42578125,-16.611328125,-37.705078125,-35.15625,-21.97265625,26.3671875,26.3671875,39.55078125,-39.55078125,19.0,11.1,-15.9,-10.4,-11.2,8.1
2.6705308340024203,2.6735937089833897,-26.07133025290655,-17.38088683527103,21.72610854408879,-9.89468406870589,-14.842026103058835,-39.10699537935982,-22.763671875,-15.46875,19.072265625,-11.337890625,-16.435546875,-37.79296875,-35.15625,-21.97265625,26.3671875,26.3671875,39.55078125,-30.76171875,19.0,11.1,-15.9,-9.6,-11.3,8.1
2.6736022919940297,2.6775080839870498,-26.14263390076934,-17.428422600512896,21.785528250641114,-9.810712800705737,-14.716069201058607,-39.21395085115401,-22.939453125,-15.556640625,19.16015625,-11.25,-16.259765625,-37.880859375,-35.15625,-17.578125,26.3671875,26.3671875,39.55078125,-30.76171875,18.2,11.1,-15.9,-9.6,-10.5,7.3
2.677520375000313,2.680526749987621,-26.232708416105616,-17.488472277403744,21.860590346754677,-9.703264265311995,-14.554896397967994,-39.34906262415842,-23.02734375,-15.64453125,19.248046875,-11.07421875,-16.171875,-38.056640625,-35.15625,-17.578125,26.3671875,26.3671875,39.55078125,-30.76171875,18.3,10.3,-15.9,-9.6,-12.1,7.2
2.6805355419928674,2.6844541669997852,-26.301349029580685,-17.534232686387124,21.917790857983903,-9.620326610860644,-14.430489916290965,-39.45202354437103,-23.115234375,-15.732421875,19.3359375,-11.07421875,-15.99609375,-38.14453125,-35.15625,-17.578125,26.3671875,26.3671875,39.55078125,-30.76171875,18.3,10.3,-15.9,-10.4,-10.3,8.0
2.6844639999908395,2.6875271250028163,-26.389895477148986,-17.593263651432657,21.991579564290824,-9.511943759883067,-14.267915639824603,-39.58484321572348,-23.203125,-15.732421875,19.423828125,-10.8984375,-15.8203125,-38.3203125,-30.76171875,-17.578125,26.3671875,26.3671875,39.55078125,-30.76171875,19.1,11.2,-15.9,-9.6,-10.3,8.0
2.6875359999830835,2.691521708999062,-26.458437593495677,-17.638958395663785,22.048697994579726,-9.426937292463665,-14.140405938695498,-39.68765639024351,-23.291015625,-15.8203125,19.51171875,-10.8984375,-15.732421875,-38.408203125,-30.76171875,-17.578125,26.3671875,26.3671875,43.9453125,-30.76171875,18.3,11.2,-15.1,-10.4,-10.3,8.0
2.6915309999894816,2.694552625005599,-26.546651781522204,-17.697767854348136,22.12220981793517,-9.316062095842954,-13.974093143764431,-39.81997767228331,-23.466796875,-15.908203125,19.599609375,-10.72265625,-15.556640625,-38.583984375,-30.76171875,-21.97265625,26.3671875,26.3671875,43.9453125,-35.15625,18.3,10.4,-15.1,-10.4,-11.2,7.2
2.694562041986501,2.6985065839835443,-26.612883392202367,-17.741922261468243,22.177402826835305,-9.231695102635136,-13.847542653952706,-39.91932508830355,-23.5546875,-15.908203125,19.6875,-10.72265625,-15.380859375,-38.671875,-30.76171875,-21.97265625,26.3671875,26.3671875,43.9453125,-35.15625,17.5,11.2,-15.1,-11.2,-10.4,7.1
2.6985162920027506,2.7015284999797586,-26.698381009472655,-17.798920672981772,22.248650841227214,-9.121316948604635,-13.681975422906953,-40.04757151420898,-23.642578125,-15.99609375,19.775390625,-10.546875,-15.205078125,-38.759765625,-30.76171875,-21.97265625,26.3671875,26.3671875,43.9453125,-35.15625,18.3,11.2,-15.2,-9.6,-9.6,7.9
2.701537749991985,2.7055003749846946,-26.763016026809854,-17.8420106845399,22.302513355674876,-9.0367391648074,-13.555108747211102,-40.144524040214776,-23.73046875,-16.083984375,19.86328125,-10.458984375,-15.029296875,-38.935546875,-30.76171875,-21.97265625,26.3671875,26.3671875,43.9453125,-35.15625,18.3,10.4,-15.2,-9.6,-8.7,6.3
2.705509583989624,2.7085443339892663,-26.847064153409775,-17.89804276893985,22.372553461174814,-8.92524873833777,-13.387873107506653,-40.27059623011466,-23.90625,-16.171875,19.951171875,-10.37109375,-14.853515625,-39.0234375,-30.76171875,-21.97265625,21.97265625,26.3671875,43.9453125,-35.15625,17.5,10.4,-15.2,-10.4,-8.7,7.2
2.708553624979686,2.712454208987765,-26.91077203359783,-17.940514689065218,22.42564336133152,-8.839566318063072,-13.25934947709461,-40.36615805039674,-23.994140625,-16.171875,20.0390625,-10.283203125,-14.765625,-39.111328125,-30.76171875,-21.97265625,21.97265625,26.3671875,43.9453125,-35.15625,17.5,10.4,-14.4,-10.4,-10.3,8.0
2.7124689589836635,2.7155215419770684,-26.991810121637005,-17.994540081091337,22.493175101364173,-8.729062221682085,-13.09359333252313,-40.48771518245551,-24.08203125,-16.259765625,20.126953125,-10.1953125,-14.677734375,-39.287109375,-30.76171875,-17.578125,21.97265625,26.3671875,43.9453125,-35.15625,17.5,10.4,-14.4,-9.6,-10.5,7.2
2.715533541981131,2.7186376669851597,-27.054527545235587,-18.036351696823726,22.545439621029654,-8.64233865735913,-12.963507986038692,-40.58179131785338,-24.169921875,-16.34765625,20.126953125,-10.107421875,-14.501953125,-39.375,-30.76171875,-17.578125,21.97265625,26.3671875,43.9453125,-35.15625,16.7,10.4,-15.2,-9.6,-9.7,6.3
2.7186486249847803,2.7215872499800753,-27.117635940073402,-18.078423960048934,22.598029950061164,-8.55398077626602,-12.83097116439903,-40.676453910110105,-24.2578125,-16.34765625,20.21484375,-10.01953125,-14.4140625,-39.462890625,-30.76171875,-17.578125,21.97265625,26.3671875,43.9453125,-35.15625,17.5,10.4,-15.0,-9.6,-10.5,7.1
2.721601583994925,2.725467624986777,-27.176860423698603,-18.117906949132404,22.647383686415505,-8.470032336572263,-12.705048504858395,-40.765290635547906,-24.345703125,-16.435546875,20.302734375,-9.931640625,-14.23828125,-39.55078125,-30.76171875,-17.578125,21.97265625,26.3671875,43.9453125,-35.15625,16.7,10.4,-14.2,-10.4,-10.4,7.9
2.725479833985446,2.728541916992981,-27.253754060049673,-18.16916937336645,22.71146171670806,-8.359502633645295,-12.539253950467945,-40.88063109007451,-24.43359375,-16.5234375,20.390625,-9.755859375,-14.150390625,-39.7265625,-26.3671875,-17.578125,21.97265625,26.3671875,43.9453125,-35.15625,16.7,9.4,-14.2,-9.6,-10.4,7.4
2.728554291999899,2.7325063339958433,-27.31399242404445,-18.2093282826963,22.761660353370374,-8.271660262184167,-12.40749039327625,-40.97098863606667,-24.521484375,-16.611328125,20.390625,-9.66796875,-13.974609375,-39.814453125,-26.3671875,-17.578125,21.97265625,30.76171875,39.55078125,-35.15625,16.7,9.4,-15.0,-9.6,-9.6,7.4
2.73251750000054,2.7355141669977456,-27.390704141446395,-18.26046942763093,22.82558678453866,-8.158140491714772,-12.237210737572157,-41.086056212169595,-24.609375,-16.611328125,20.56640625,-9.66796875,-13.798828125,-39.90234375,-26.3671875,-17.578125,21.97265625,30.76171875,39.55078125,-30.76171875,16.7,9.4,-14.2,-11.2,-10.4,7.4
2.735525541997049,2.7385257499990985,-27.448219248430863,-18.29881283228724,22.87351604035905,-8.071768636979122,-12.107652955468684,-41.17232887264629,-24.697265625,-16.69921875,20.56640625,-9.580078125,-13.7109375,-39.990234375,-26.3671875,-17.578125,21.97265625,30.76171875,39.55078125,-30.76171875,16.7,9.4,-14.2,-11.2,-11.2,7.1
2.738535583979683,2.7414914589899126,-27.505159181425547,-18.336772787617033,22.920965984521292,-7.985158967441254,-11.977738451161882,-41.257738772138325,-24.78515625,-16.69921875,20.654296875,-9.404296875,-13.623046875,-40.166015625,-26.3671875,-17.578125,21.97265625,30.76171875,39.55078125,-30.76171875,16.7,9.4,-14.4,-10.4,-11.2,5.5
2.7415016669838224,2.7444977919803932,-27.560666076719453,-18.373777384479634,22.967221730599544,-7.899639525040666,-11.849459287560999,-41.34099911507918,-24.873046875,-16.787109375,20.7421875,-9.31640625,-13.447265625,-40.166015625,-26.3671875,-17.578125,21.97265625,30.76171875,39.55078125,-30.76171875,16.7,9.4,-13.6,-10.4,-10.4,7.1
2.7445129999832716,2.7474848339916207,-27.616407740864666,-18.41093849390978,23.013673117387224,-7.812640000247749,-11.718960000371624,-41.424611611297,-24.9609375,-16.787109375,20.830078125,-9.228515625,-13.271484375,-40.341796875,-26.3671875,-17.578125,26.3671875,30.76171875,39.55078125,-30.76171875,15.9,9.6,-13.6,-10.4,-9.6,6.3
2.747495708987117,2.7504047919937875,-27.67101043521661,-18.447340290144403,23.059175362680506,-7.72629511600579,-11.589442674008685,-41.50651565282491,-25.048828125,-16.875,20.830078125,-9.140625,-13.18359375,-40.4296875,-26.3671875,-17.578125,26.3671875,30.76171875,43.9453125,-30.76171875,15.9,9.6,-14.4,-10.4,-10.4,5.5
2.7504154999915045,2.7533885419834405,-27.72387300394442,-18.482582002629613,23.103227503287012,-7.641607325430427,-11.46241098814564,-41.58580950591663,-25.13671875,-16.875,20.91796875,-9.052734375,-13.0078125,-40.4296875,-26.3671875,-17.578125,26.3671875,26.3671875,43.9453125,-30.76171875,15.9,9.6,-13.6,-10.4,-10.4,7.1
2.753398125001695,2.7563907919975463,-27.777271037325637,-18.518180691550427,23.147725864438033,-7.554931096647342,-11.332396644971015,-41.66590655598846,-25.13671875,-16.962890625,21.005859375,-8.96484375,-12.919921875,-40.517578125,-26.3671875,-17.578125,26.3671875,26.3671875,43.9453125,-30.76171875,16.7,9.6,-13.6,-10.4,-11.2,7.1
2.756400041980669,2.7594414170016535,-27.830398811074723,-18.55359920738315,23.191999009228933,-7.467526796188374,-11.201290194282562,-41.74559821661209,-25.224609375,-17.05078125,21.09375,-8.876953125,-12.744140625,-40.60546875,-26.3671875,-17.578125,26.3671875,26.3671875,43.9453125,-30.76171875,16.0,8.8,-12.8,-10.4,-10.4,6.5
2.7594504169828724,2.762501249992056,-27.883750314112643,-18.589166876075097,23.236458595093872,-7.37854151261836,-11.067812268927542,-41.82562547116897,-25.3125,-17.05078125,21.09375,-8.7890625,-12.65625,-40.693359375,-26.3671875,-17.578125,26.3671875,26.3671875,43.9453125,-30.76171875,16.0,9.6,-13.5,-10.4,-10.4,7.3
2.762510000000475,2.7655834589968435,-27.93661979200246,-18.624413194668307,23.280516493335384,-7.289117446870032,-10.933676170305047,-41.90492968800369,-25.400390625,-17.138671875,21.181640625,-8.701171875,-12.392578125,-40.78125,-26.3671875,-17.578125,26.3671875,26.3671875,43.9453125,-30.76171875,16.0,8.8,-13.5,-10.4,-8.7,7.3
2.7656007499899715,2.7684991669957526,-27.98937267295524,-18.65958178197016,23.3244772274627,-7.198611513477254,-10.797917270215882,-41.98405900943286,-25.48828125,-17.138671875,21.26953125,-8.61328125,-12.3046875,-40.869140625,-26.3671875,-17.578125,17.578125,26.3671875,43.9453125,-30.76171875,15.2,9.5,-12.7,-10.4,-10.3,6.3
2.768508666980779,2.7715145419933833,-28.038402648814518,-18.69226843254301,23.365335540678764,-7.113304495503902,-10.669956743255854,-42.057603973221774,-25.576171875,-17.2265625,21.357421875,-8.525390625,-12.216796875,-40.95703125,-26.3671875,-17.578125,17.578125,30.76171875,43.9453125,-30.76171875,15.2,8.7,-12.7,-10.4,-10.3,7.1
2.7715240419784095,2.7745022919843905,-28.08862661889588,-18.72575107926392,23.407188849079898,-7.024688357318508,-10.537032535977762,-42.132939928343816,-25.6640625,-17.2265625,21.357421875,-8.525390625,-12.041015625,-41.044921875,-26.3671875,-13.18359375,17.578125,30.76171875,43.9453125,-26.3671875,15.2,8.7,-12.7,-11.2,-10.5,7.1
2.774511583993444,2.777595208986895,-28.13776554350932,-18.758510362339546,23.44813795292443,-6.936734749577779,-10.405102124366667,-42.20664831526398,-25.751953125,-17.314453125,21.357421875,-8.349609375,-11.865234375,-41.1328125,-26.3671875,-13.18359375,17.578125,30.76171875,43.9453125,-26.3671875,15.2,8.7,-13.5,-10.4,-9.7,6.4
2.777606041985564,2.781531541986624,-28.18800967722767,-18.79200645148511,23.490008064356388,-6.845472483864202,-10.268208725796303,-42.2820145158415,-25.83984375,-17.314453125,21.4453125,-8.26171875,-11.77734375,-41.220703125,-26.3671875,-13.18359375,17.578125,30.76171875,43.9453125,-26.3671875,14.3,8.7,-12.7,-9.6,-9.7,5.6
2.7815414590004366,2.7845833339961246,-28.25094607003556,-18.833964046690372,23.54245505836296,-6.729175156583046,-10.093762734874568,-42.37641910505334,-25.927734375,-17.40234375,21.533203125,-8.173828125,-11.6015625,-41.30859375,-26.3671875,-13.18359375,17.578125,30.76171875,43.9453125,-26.3671875,14.3,8.7,-12.7,-9.6,-9.5,6.4
2.7845931249903515,2.7884806669899262,-28.299006222332828,-18.866004148221883,23.582505185277352,-6.638816722826041,-9.95822508423906,-42.44850933349924,-25.927734375,-17.490234375,21.62109375,-8.0859375,-11.513671875,-41.396484375,-26.3671875,-13.18359375,21.97265625,30.76171875,43.9453125,-26.3671875,15.1,7.9,-12.7,-9.6,-10.3,6.4
2.7884899999771733,2.791532292001648,-28.3594319315308,-18.906287954353868,23.632859942942332,-6.523210542904003,-9.784815814356005,-42.539147897296196,-26.103515625,-17.490234375,21.708984375,-7.91015625,-11.337890625,-41.484375,-26.3671875,-13.18359375,21.97265625,30.76171875,43.9453125,-26.3671875,14.3,8.7,-11.9,-8.8,-11.1,6.4
2.7915439999778755,2.7945078339835163,-28.406045266548052,-18.937363511032036,23.67170438879004,-6.432438359676095,-9.648657539514142,-42.60906789982208,-26.103515625,-17.578125,21.796875,-7.822265625,-11.162109375,-41.572265625,-26.3671875,-17.578125,21.97265625,30.76171875,43.9453125,-30.76171875,14.3,7.9,-11.9,-8.8,-10.5,6.4
2.794518958980916,2.797558708989527,-28.450823649570733,-18.96721576638049,23.70901970797561,-6.343873112820544,-9.515809669230816,-42.676235474356105,-26.19140625,-17.578125,21.796875,-7.822265625,-11.07421875,-41.66015625,-26.3671875,-17.578125,21.97265625,30.76171875,43.9453125,-30.76171875,14.3,7.9,-11.9,-9.6,-11.3,5.5
2.797569541988196,2.8006011249963194,-28.496095116005353,-18.99739674400357,23.746745930004458,-6.252912677378648,-9.379369016067972,-42.74414267400803,-26.279296875,-17.666015625,21.884765625,-7.734375,-10.8984375,-41.66015625,-26.3671875,-17.578125,21.97265625,30.76171875,43.9453125,-30.76171875,13.4,7.9,-11.9,-9.6,-10.5,6.3
2.8006115419848356,2.8044285840005614,-28.54058764843775,-19.02705843229183,23.783823040364787,-6.1620651906769295,-9.243097786015394,-42.810881472656625,-26.3671875,-17.666015625,21.884765625,-7.646484375,-10.72265625,-41.748046875,-26.3671875,-17.578125,21.97265625,30.76171875,43.9453125,-30.76171875,13.4,7.9,-11.9,-11.2,-9.6,6.3
2.8044389589922503,2.80752274999395,-28.595641871366546,-19.0637612475777,23.82970155947212,-6.047562078668963,-9.071343118003444,-42.89346280704982,-26.455078125,-17.75390625,21.97265625,-7.55859375,-10.546875,-41.8359375,-21.97265625,-17.578125,17.578125,30.76171875,43.9453125,-30.76171875,13.4,8.0,-11.9,-10.6,-9.6,5.6
2.807534499996109,2.811486333986977,-28.639412730142716,-19.092941820095145,23.86617727511893,-5.954794090013689,-8.932191135020533,-42.95911909521407,-26.54296875,-17.75390625,22.060546875,-7.3828125,-10.458984375,-41.923828125,-21.97265625,-17.578125,17.578125,26.3671875,43.9453125,-30.76171875,12.6,8.0,-11.1,-10.6,-9.6,5.6
2.811497499991674,2.814492292003706,-28.694460941383706,-19.129640627589136,23.912050784486418,-5.83582465974528,-8.75373698961792,-43.04169141207556,-26.630859375,-17.841796875,22.060546875,-7.294921875,-10.283203125,-42.01171875,-21.97265625,-13.18359375,17.578125,26.3671875,43.9453125,-21.97265625,12.6,7.2,-11.9,-9.8,-10.3,6.4
2.814504334004596,2.817552833992522,-28.73548571540973,-19.15699047693982,23.946238096174778,-5.745408241929986,-8.618112362894978,-43.1032285731146,-26.630859375,-17.841796875,22.1484375,-7.20703125,-10.107421875,-42.099609375,-21.97265625,-13.18359375,17.578125,26.3671875,43.9453125,-21.97265625,13.4,8.0,-11.1,-9.6,-9.5,5.6
2.8175648750038818,2.821479083999293,-28.776584949586066,-19.18438996639071,23.980487457988385,-5.653245228844,-8.479867843266,-43.1648774243791,-26.71875,-17.9296875,22.236328125,-7.119140625,-9.931640625,-42.1875,-21.97265625,-13.18359375,17.578125,26.3671875,43.9453125,-21.97265625,12.7,7.2,-11.1,-9.6,-9.5,5.6
2.821491041977424,2.824557374988217,-28.828334483235142,-19.218889655490095,24.023612069362617,-5.534824334167786,-8.302236501251679,-43.242501724852715,-26.806640625,-17.9296875,22.32421875,-7.03125,-9.84375,-42.1875,-21.97265625,-13.18359375,17.578125,26.3671875,43.9453125,-21.97265625,12.7,8.0,-11.1,-10.4,-10.6,5.6
2.824571000004653,2.8284698749776,-28.868163057773295,-19.24544203851553,24.05680254814441,-5.4417791890280895,-8.162668783542134,-43.302244586659945,-26.89453125,-18.017578125,22.32421875,-6.943359375,-9.66796875,-42.275390625,-21.97265625,-13.18359375,17.578125,26.3671875,43.9453125,-21.97265625,12.7,7.2,-11.1,-11.2,-9.8,6.5
2.8284822089772206,2.8315418339916505,-28.917767018400312,-19.278511345600208,24.09813918200026,-5.323438766207797,-7.9851581493116965,-43.37665052760047,-26.89453125,-18.017578125,22.412109375,-6.85546875,-9.4921875,-42.36328125,-21.97265625,-13.18359375,17.578125,26.3671875,48.33984375,-21.97265625,12.7,8.0,-10.3,-10.4,-9.8,5.7
2.8315605419920757,2.834586416982347,-28.956040506056457,-19.30402700403764,24.130033755047048,-5.230156921870091,-7.8452353828051375,-43.43406075908469,-26.982421875,-18.017578125,22.412109375,-6.767578125,-9.404296875,-42.451171875,-21.97265625,-8.7890625,17.578125,26.3671875,48.33984375,-17.578125,12.7,8.0,-11.1,-10.4,-10.2,6.5
2.8345983749895822,2.8384193340025377,-28.99314672355664,-19.328764482371096,24.160955602963867,-5.137982443044126,-7.706973664566188,-43.489720085334966,-27.0703125,-18.10546875,22.5,-6.591796875,-9.228515625,-42.451171875,-21.97265625,-8.7890625,17.578125,26.3671875,48.33984375,-17.578125,11.9,7.2,-10.3,-9.4,-10.2,6.4
2.838431624986697,2.8415217500005383,-29.039026517875527,-19.35935101191702,24.199188764896274,-5.021506586412835,-7.532259879619253,-43.55853977681329,-27.158203125,-18.193359375,22.587890625,-6.50390625,-9.052734375,-42.5390625,-21.97265625,-8.7890625,17.578125,26.3671875,48.33984375,-17.578125,12.0,7.2,-10.3,-10.2,-10.2,5.6
2.841541874979157,2.8445150000043213,-29.075479186355636,-19.38365279090376,24.229565988629698,-4.926865583886874,-7.390298375830312,-43.613218779533454,-27.158203125,-18.193359375,22.587890625,-6.416015625,-8.876953125,-42.626953125,-21.97265625,-8.7890625,17.578125,26.3671875,48.33984375,-17.578125,12.0,7.2,-10.3,-11.0,-9.7,6.4
2.844530542002758,2.8474198750045616,-29.1098530601301,-19.4065687067534,24.25821088344175,-4.8358133783325075,-7.253720067498762,-43.66477959019515,-27.24609375,-18.28125,22.67578125,-6.416015625,-8.7890625,-42.71484375,-21.97265625,-8.7890625,13.18359375,26.3671875,48.33984375,-17.578125,12.0,6.3,-10.3,-11.4,-10.5,5.5
2.847439499979373,2.8503922919917386,-29.14269405660193,-19.428462704401287,24.285578380501608,-4.747087206244299,-7.120630809366448,-43.714041084902895,-27.333984375,-18.28125,22.67578125,-6.240234375,-8.61328125,-42.71484375,-21.97265625,-8.7890625,13.18359375,30.76171875,43.9453125,-17.578125,11.2,7.1,-10.3,-10.6,-10.5,5.5
2.850407208985416,2.8535257499897853,-29.175571290492798,-19.45038086032853,24.312976075410663,-4.656466942668608,-6.984700414002912,-43.763356935739196,-27.421875,-18.28125,22.763671875,-6.15234375,-8.525390625,-42.802734375,-21.97265625,-8.7890625,13.18359375,30.76171875,43.9453125,-21.97265625,11.2,7.1,-9.5,-10.6,-10.4,5.5
2.853538083989406,2.8565295839798637,-29.20956885256407,-19.47304590170938,24.341307377136726,-4.560754686443849,-6.841132029665773,-43.814353278846106,-27.421875,-18.369140625,22.763671875,-6.064453125,-8.349609375,-42.802734375,-21.97265625,-17.578125,13.18359375,30.76171875,43.9453125,-21.97265625,11.2,6.3,-10.3,-10.4,-10.4,5.6
2.856541083980119,2.8595565839787014,-29.241514074939154,-19.494342716626104,24.367928395782627,-4.4688479552035405,-6.70327193280531,-43.862271112408735,-27.509765625,-18.369140625,22.8515625,-5.9765625,-8.173828125,-42.890625,-21.97265625,-17.578125,13.18359375,30.76171875,43.9453125,-21.97265625,11.0,6.3,-9.5,-11.2,-10.4,5.6
2.859566500002984,2.8625062920036726,-29.273039795724994,-19.515359863816663,24.39419982977083,-4.376154634577448,-6.564231951866172,-43.9095596935875,-27.509765625,-18.369140625,22.8515625,-5.888671875,-8.0859375,-42.978515625,-21.97265625,-17.578125,13.18359375,30.76171875,43.9453125,-21.97265625,11.0,7.1,-10.3,-10.4,-10.4,5.6
2.862515999993775,2.8654996669793036,-29.30313801560322,-19.53542534373548,24.41928167966935,-4.285692084055677,-6.428538126083515,-43.95470702340483,-27.59765625,-18.45703125,22.939453125,-5.80078125,-7.998046875,-42.978515625,-17.578125,-17.578125,17.578125,30.76171875,43.9453125,-21.97265625,11.0,6.3,-9.5,-10.4,-11.2,5.6
2.865508583985502,2.868552959000226,-29.333033035769763,-19.55535535717984,24.444194196474804,-4.193814117771274,-6.290721176656912,-43.999549553654646,-27.59765625,-18.45703125,22.939453125,-5.712890625,-7.734375,-43.06640625,-17.578125,-17.578125,17.578125,30.76171875,48.33984375,-21.97265625,11.0,6.3,-9.5,-10.4,-9.6,5.7
2.8685618749877904,2.8715254589915276,-29.362866470424404,-19.57524431361627,24.469055392020337,-4.0999768367923615,-6.149965255188541,-44.044299705636604,-27.685546875,-18.45703125,23.02734375,-5.625,-7.646484375,-43.06640625,-17.578125,-17.578125,17.578125,30.76171875,48.33984375,-21.97265625,10.2,6.3,-9.5,-10.4,-10.4,5.7
2.8715335839951877,2.874513416987611,-29.39125418975055,-19.5941694598337,24.492711824792128,-4.008556246246307,-6.01283436936946,-44.086881284625825,-27.7734375,-18.544921875,23.02734375,-5.537109375,-7.470703125,-43.154296875,-17.578125,-8.7890625,17.578125,30.76171875,48.33984375,-13.18359375,10.2,5.5,-9.5,-11.2,-9.5,5.7
2.874526625004364,2.8774908339837566,-29.419198345576472,-19.61279889705098,24.515998621313724,-3.9163911224283874,-5.8745866836425815,-44.128797518364706,-27.7734375,-18.544921875,23.115234375,-5.44921875,-7.294921875,-43.154296875,-17.578125,-8.7890625,17.578125,30.76171875,48.33984375,-13.18359375,10.2,6.3,-8.7,-10.4,-9.5,5.5
2.8775032499979716,2.8805648339912295,-29.4463443043756,-19.630896202917068,24.538620253646336,-3.8246456398333475,-5.736968459750021,-44.1695164565634,-27.861328125,-18.6328125,23.115234375,-5.361328125,-7.20703125,-43.2421875,-17.578125,-8.7890625,17.578125,30.76171875,48.33984375,-13.18359375,10.3,5.5,-9.5,-10.4,-10.3,5.5
2.8805744999845047,2.884415624983376,-29.47367843528471,-19.649118956856473,24.56139869607059,-3.7298960064998603,-5.5948440097497905,-44.21051765292707,-27.861328125,-18.6328125,23.115234375,-5.2734375,-7.03125,-43.330078125,-17.578125,-8.7890625,17.578125,30.76171875,48.33984375,-13.18359375,10.3,5.5,-9.5,-10.4,-9.6,4.7
2.8844255000003614,2.887555291992612,-29.506982955416095,-19.671321970277397,24.589152462846744,-3.6109682831176744,-5.416452424676511,-44.260474433124145,-27.94921875,-18.6328125,23.203125,-5.09765625,-6.85546875,-43.330078125,-13.18359375,-8.7890625,13.18359375,30.76171875,48.33984375,-13.18359375,10.3,5.5,-8.7,-10.4,-9.6,5.6
2.887566083983984,2.8914529999892693,-29.533344336821415,-19.68889622454761,24.61112028068451,-3.5138818220018346,-5.270822733002752,-44.30001650523212,-28.037109375,-18.720703125,23.291015625,-5.009765625,-6.6796875,-43.41796875,-13.18359375,-8.7890625,13.18359375,30.76171875,48.33984375,-13.18359375,9.5,5.5,-7.9,-11.2,-8.8,4.8
2.8914625000033993,2.894491166982334,-29.565050918144,-19.710033945429334,24.637542431786663,-3.3933113429249993,-5.089967014387499,-44.347576377216,-28.037109375,-18.720703125,23.291015625,-4.921875,-6.50390625,-43.41796875,-13.18359375,-8.7890625,13.18359375,30.76171875,48.33984375,-17.578125,9.5,5.5,-8.7,-10.4,-8.7,5.6
2.8945002089894842,2.897504291991936,-29.589001651678366,-19.72600110111891,24.65750137639864,-3.299224235885689,-4.948836353828534,-44.38350247751755,-28.125,-18.720703125,23.37890625,-4.833984375,-6.416015625,-43.505859375,-13.18359375,-8.7890625,13.18359375,30.76171875,48.33984375,-17.578125,9.5,5.5,-7.9,-10.4,-8.7,4.7
2.897513167001307,2.9005407499789726,-29.612091757391124,-19.741394504927417,24.67674313115927,-3.20582953396178,-4.808744300942671,-44.41813763608668,-28.125,-18.80859375,23.37890625,-4.658203125,-6.240234375,-43.505859375,-13.18359375,-8.7890625,13.18359375,30.76171875,48.33984375,-17.578125,9.5,4.7,-7.9,-9.6,-7.9,5.5
2.9005496249883436,2.9044924170011654,-29.6346909001922,-19.756460600128133,24.695575750160167,-3.111633743804798,-4.667450615707197,-44.4520363502883,-28.212890625,-18.80859375,23.466796875,-4.5703125,-6.15234375,-43.505859375,-13.18359375,-8.7890625,13.18359375,30.76171875,48.33984375,-17.578125,8.7,5.5,-7.9,-10.4,-9.6,5.5
2.904503208992537,2.9075263749982696,-29.663105400417333,-19.775403600278224,24.71925450034778,-2.9888814707350155,-4.483322206102523,-44.494658100626005,-28.212890625,-18.896484375,23.5546875,-4.482421875,-5.9765625,-43.59375,-17.578125,-8.7890625,13.18359375,30.76171875,48.33984375,-17.578125,9.5,4.8,-7.1,-10.4,-9.6,5.6
2.907536499988055,2.9105394590005744,-29.68413021758555,-19.789420145057036,24.736775181321295,-2.8946243836482157,-4.341936575472324,-44.52619532637833,-28.30078125,-18.896484375,23.5546875,-4.39453125,-5.888671875,-43.59375,-17.578125,-8.7890625,13.18359375,30.76171875,39.55078125,-17.578125,8.7,4.8,-7.1,-10.4,-10.4,5.6
2.9105492089875042,2.9135428339941427,-29.70434532435957,-19.80289688290638,24.753621103632977,-2.8009418139220195,-4.201412720883029,-44.556517986539355,-28.30078125,-18.896484375,23.642578125,-4.306640625,-5.712890625,-43.681640625,-17.578125,-8.7890625,13.18359375,30.76171875,39.55078125,-13.18359375,9.5,4.8,-6.3,-10.4,-10.6,4.8
2.913552666985197,2.9174680419964716,-29.72383618654708,-19.815890791031386,24.76986348878923,-2.707484470485017,-4.061226705727526,-44.58575427982062,-28.30078125,-18.896484375,23.642578125,-4.21875,-5.625,-43.681640625,-17.578125,-8.7890625,13.18359375,30.76171875,39.55078125,-13.18359375,9.5,4.8,-7.1,-10.4,-11.4,5.7
2.9174776249856222,2.9204083340009674,-29.74830983274738,-19.83220655516492,24.79025819395615,-2.5852626855454366,-3.8778940283181544,-44.62246474912107,-28.388671875,-18.984375,23.73046875,-4.04296875,-5.44921875,-43.76953125,-17.578125,-8.7890625,13.18359375,30.76171875,39.55078125,-13.18359375,8.7,4.8,-6.2,-10.4,-11.4,4.9
2.920422208990203,2.9234196250035893,-29.765928139975408,-19.84395209331694,24.804940116646172,-2.4935046256508673,-3.7402569384763007,-44.648892209963115,-28.4765625,-18.984375,23.73046875,-3.955078125,-5.361328125,-43.76953125,-17.578125,-8.7890625,13.18359375,30.76171875,39.55078125,-13.18359375,7.9,4.8,-6.2,-10.4,-11.2,4.9
2.923433041985845,2.9264374999911524,-29.78328437469486,-19.85552291646324,24.81940364557905,-2.3996269947229494,-3.5994404920844243,-44.67492656204229,-28.4765625,-18.984375,23.73046875,-3.8671875,-5.185546875,-43.76953125,-13.18359375,-8.7890625,13.18359375,30.76171875,39.55078125,-13.18359375,7.9,4.7,-6.2,-11.2,-10.4,5.6
2.9264495839888696,2.929531749978196,-29.800005453668632,-19.866670302445755,24.833337878057193,-2.3055175327721793,-3.4582762991582685,-44.70000818050295,-28.4765625,-18.984375,23.73046875,-3.779296875,-5.009765625,-43.857421875,-13.18359375,-8.7890625,13.18359375,30.76171875,43.9453125,-13.18359375,8.7,4.7,-6.2,-10.4,-9.6,4.8
2.929542166995816,2.9326599589840043,-29.816453449071886,-19.87763563271459,24.847044540893236,-2.2089820399983524,-3.313473059997529,-44.72468017360783,-28.564453125,-18.984375,23.818359375,-3.69140625,-4.833984375,-43.857421875,-13.18359375,-8.7890625,13.18359375,30.76171875,43.9453125,-8.7890625,7.9,4.7,-6.2,-10.4,-8.7,4.8
2.9326696670032106,2.9364787499944214,-29.832371569828737,-19.888247713219158,24.860309641523948,-2.111303601482482,-3.1669554022237225,-44.748557354743106,-28.564453125,-19.072265625,23.818359375,-3.603515625,-4.74609375,-43.9453125,-13.18359375,-4.39453125,13.18359375,30.76171875,43.9453125,-8.7890625,7.9,3.9,-6.2,-10.4,-10.3,4.8
2.9364893339807168,2.9395425419788808,-29.850835964709415,-19.900557309806278,24.875696637257846,-1.9919384426020736,-2.9879076639031106,-44.77625394706412,-28.65234375,-19.072265625,23.90625,-3.515625,-4.482421875,-43.9453125,-13.18359375,-4.39453125,13.18359375,30.76171875,43.9453125,-8.7890625,7.0,4.7,-5.5,-10.4,-9.5,4.7
2.9395531250047497,2.94343783397926,-29.864869801268572,-19.909913200845715,24.887391501057145,-1.8961424879975566,-2.844213731996335,-44.79730470190286,-28.65234375,-19.072265625,23.90625,-3.427734375,-4.39453125,-43.9453125,-13.18359375,-4.39453125,13.18359375,30.76171875,43.9453125,-8.7890625,7.8,4.7,-5.5,-10.4,-10.5,4.7
2.9434483340010047,2.9465313749969937,-29.881713217759522,-19.921142145173015,24.901427681466267,-1.7742873588603283,-2.6614310382904924,-44.82256982663928,-28.740234375,-19.072265625,23.90625,-3.251953125,-4.21875,-43.9453125,-13.18359375,-4.39453125,8.7890625,30.76171875,43.9453125,-8.7890625,7.0,4.8,-6.3,-9.6,-11.3,5.7
2.9465418339823373,2.949543291993905,-29.894292959340877,-19.929528639560587,24.91191079945073,-1.677464814812635,-2.5161972222189526,-44.84143943901132,-28.740234375,-19.16015625,23.994140625,-3.1640625,-4.04296875,-44.033203125,-13.18359375,-4.39453125,8.7890625,30.76171875,48.33984375,-8.7890625,7.0,4.0,-5.5,-9.6,-10.5,4.9
2.9495536249887664,2.952574499999173,-29.905862279054666,-19.937241519369778,24.921551899212222,-1.5831615831360684,-2.3747423747041028,-44.858793418581996,-28.740234375,-19.16015625,23.994140625,-3.076171875,-3.8671875,-44.033203125,-13.18359375,-4.39453125,8.7890625,30.76171875,48.33984375,-8.7890625,7.0,4.0,-5.5,-9.6,-9.6,4.9
2.9525851249927655,2.9564416249922942,-29.916831385574014,-19.944554257049344,24.930692821311677,-1.4882054588043057,-2.2323081882064586,-44.87524707836102,-28.740234375,-19.16015625,24.08203125,-2.98828125,-3.779296875,-44.033203125,-13.18359375,-8.7890625,8.7890625,30.76171875,48.33984375,-8.7890625,7.0,4.0,-4.7,-10.4,-9.6,4.9
2.95645779199549,2.959502124984283,-29.929857280458634,-19.95323818697242,24.941547733715527,-1.3668525355522139,-2.050278803328321,-44.89478592068795,-28.828125,-19.248046875,24.08203125,-2.8125,-3.515625,-44.033203125,-13.18359375,-8.7890625,8.7890625,30.76171875,48.33984375,-8.7890625,7.2,4.0,-4.7,-9.6,-8.8,5.5
2.9595160839962773,2.962510374985868,-29.939361327759503,-19.959574218506337,24.94946777313292,-1.2709826969464255,-1.9064740454196383,-44.909041991639256,-28.828125,-19.248046875,24.08203125,-2.8125,-3.427734375,-44.12109375,-13.18359375,-8.7890625,8.7890625,30.76171875,48.33984375,-8.7890625,7.2,4.0,-4.7,-10.4,-10.3,4.7
2.9625224589835852,2.9654042499896605,-29.948030593095094,-19.96535372873006,24.956692160912578,-1.1767117262458968,-1.7650675893688452,-44.92204588964264,-28.828125,-19.248046875,24.08203125,-2.724609375,-3.251953125,-44.12109375,-4.39453125,-8.7890625,8.7890625,30.76171875,48.33984375,-8.7890625,7.2,3.9,-4.7,-10.4,-10.3,4.7
2.9654162919905502,2.968609083996853,-29.955744493205884,-19.97049632880392,24.9631204110049,-1.0859449255045563,-1.6289173882568346,-44.933616739808826,-28.916015625,-19.248046875,24.08203125,-2.63671875,-3.1640625,-44.12109375,-4.39453125,-8.7890625,8.7890625,30.76171875,48.33984375,-8.7890625,6.4,3.9,-4.7,-11.2,-11.1,4.8
2.9686258339788765,2.9724367919843644,-29.96357601215403,-19.97571734143602,24.969646676795023,-0.9852495597828772,-1.477874339674316,-44.94536401823104,-28.916015625,-19.248046875,24.08203125,-2.4609375,-2.98828125,-44.12109375,-4.39453125,-8.7890625,8.7890625,30.76171875,48.33984375,-8.7890625,6.4,3.9,-5.5,-11.2,-9.6,4.8
2.9724508749786764,2.9755403749877587,-29.971914713491532,-19.98127647566102,24.976595594576274,-0.8652111899389112,-1.2978167849083668,-44.95787207023729,-29.00390625,-19.248046875,24.169921875,-2.373046875,-2.8125,-44.12109375,-4.39453125,-4.39453125,8.7890625,30.76171875,48.33984375,-4.39453125,5.6,3.9,-4.7,-11.2,-9.6,4.8
2.9755534589930903,2.979450374987209,-29.977883699510453,-19.985255799673634,24.981569749592044,-0.7678219986502827,-1.151732997975424,-44.96682554926568,-29.00390625,-19.248046875,24.169921875,-2.28515625,-2.63671875,-44.12109375,-4.39453125,-4.39453125,8.7890625,30.76171875,48.33984375,-4.39453125,6.3,3.9,-4.7,-11.2,-8.8,4.8
2.9794630839896854,2.9825911249790806,-29.98439140529208,-19.98959427019472,24.9869928377434,-0.6450743468767451,-0.9676115203151178,-44.976587107938116,-29.091796875,-19.3359375,24.169921875,-2.109375,-2.4609375,-44.208984375,-4.39453125,-4.39453125,8.7890625,30.76171875,48.33984375,-4.39453125,5.5,3.1,-4.8,-9.6,-9.6,4.8
2.9826036669837777,2.986529249988962,-29.988799964122425,-19.992533309414952,24.990666636768687,-0.5464539065041913,-0.819680859756287,-44.98319994618364,-29.1796875,-19.3359375,24.169921875,-2.021484375,-2.28515625,-44.208984375,-13.18359375,-4.39453125,4.39453125,30.76171875,48.33984375,-4.39453125,4.7,3.1,-4.8,-9.6,-10.4,4.8
2.9865412089857273,2.9904677500016987,-29.993296109118425,-19.995530739412285,24.994413424265353,-0.4227888943887786,-0.6341833415831679,-44.98994416367764,-29.1796875,-19.3359375,24.169921875,-1.93359375,-2.109375,-44.208984375,-13.18359375,-4.39453125,4.39453125,30.76171875,48.33984375,-4.39453125,4.7,3.1,-4.8,-10.4,-10.4,4.8
2.9904797920025885,2.9935332919994835,-29.99664559270783,-19.997763728471885,24.997204660589855,-0.2990750076725079,-0.44861251150876186,-44.99496838906174,-29.1796875,-19.3359375,24.2578125,-1.7578125,-1.93359375,-44.208984375,-13.18359375,-4.39453125,4.39453125,30.76171875,48.33984375,-4.39453125,4.7,3.1,-4.0,-10.4,-10.5,4.8
2.9935453749785665,2.996546791982837,-29.998458053423253,-19.998972035615502,24.998715044519376,-0.20277455133508676,-0.30416182700263017,-44.997687080134874,-29.267578125,-19.423828125,24.2578125,-1.669921875,-1.7578125,-44.296875,-13.18359375,-4.39453125,4.39453125,30.76171875,48.33984375,-4.39453125,3.9,2.3,-4.0,-10.4,-9.7,3.9
2.9965603750024457,3.000421709002694,-29.999562122984145,-19.99970808198943,24.999635102486785,-0.10805848049419808,-0.16208772074129713,-44.99934318447622,-29.267578125,-19.423828125,24.2578125,-1.58203125,-1.669921875,-44.296875,-13.18359375,-4.39453125,4.39453125,30.76171875,48.33984375,-4.39453125,3.7,2.3,-3.9,-11.2,-10.5,3.9
3.0004344589833636,3.0037030419916846,-29.999993014000353,-19.9999953426669,24.999994178333626,0.013648930444752386,0.02047339566712858,-44.99998952100053,-29.267578125,-19.423828125,24.2578125,-1.494140625,-1.40625,-44.296875,-13.18359375,-4.39453125,4.39453125,30.76171875,48.33984375,-4.39453125,3.7,2.3,-3.9,-10.4,-9.5,3.9
3.0037172499869484,3.007477374980226,-29.99948858517134,-19.999659056780892,24.999573820976114,0.11678018891077593,0.17517028336616391,-44.99923287775701,-29.267578125,-19.423828125,24.345703125,-1.40625,-1.23046875,-44.296875,-8.7890625,-4.39453125,8.7890625,30.76171875,48.33984375,-4.39453125,3.7,3.1,-3.1,-10.4,-8.7,4.0
3.007491917000152,3.0114314169913996,-29.99792263927919,-19.99861509285279,24.998268866065988,0.23536008140836254,0.3530401221125438,-44.99688395891878,-29.267578125,-19.423828125,24.345703125,-1.23046875,-1.0546875,-44.296875,-8.7890625,-4.39453125,8.7890625,30.76171875,48.33984375,-4.39453125,3.7,3.1,-3.1,-10.4,-8.7,4.0
3.0114473339926917,3.014572583982954,-29.995150153204214,-19.99676676880281,24.99595846100351,0.3596092241637413,0.5394138362456119,-44.99272522980632,-29.267578125,-19.423828125,24.345703125,-1.142578125,-0.87890625,-44.296875,-8.7890625,-4.39453125,8.7890625,30.76171875,48.33984375,-4.39453125,3.7,3.1,-3.1,-11.2,-9.5,4.0
3.014587499987101,3.0184379589918535,-29.992124579566134,-19.994749719710757,24.993437149638446,0.4582397256095182,0.6873595884142772,-44.9881868693492,-29.267578125,-19.423828125,24.345703125,-0.966796875,-0.703125,-44.296875,-8.7890625,-4.39453125,8.7890625,30.76171875,48.33984375,-4.39453125,3.7,3.1,-3.1,-9.6,-8.7,4.0
3.0184524999931455,3.0215626249846537,-29.98739882522954,-19.991599216819694,24.989499021024617,0.5796212160145893,0.8694318240218838,-44.98109823784431,-29.267578125,-19.423828125,24.345703125,-0.87890625,-0.52734375,-44.296875,-8.7890625,-4.39453125,8.7890625,30.76171875,48.33984375,-4.39453125,4.0,2.3,-3.1,-9.6,-9.7,4.0
3.0215893339773174,3.0254786250006873,-29.982750842793042,-19.98850056186203,24.985625702327535,0.6781189338466702,1.0171784007700053,-44.974126264189564,-29.267578125,-19.423828125,24.345703125,-0.791015625,-0.439453125,-44.296875,0.0,-4.39453125,0.0,30.76171875,48.33984375,-4.39453125,4.0,2.3,-3.1,-10.4,-9.7,4.0
3.025494749977952,3.028472541976953,-29.975946710153185,-19.983964473435456,24.97995559179432,0.8007271223516415,1.2010906835274622,-44.96392006522978,-29.267578125,-19.423828125,24.345703125,-0.703125,-0.17578125,-44.296875,0.0,-4.39453125,0.0,30.76171875,48.33984375,-4.39453125,4.0,2.4,-3.1,-11.2,-8.1,4.0
3.028489124990301,3.0314957090013195,-29.969965752452435,-19.979977168301623,24.97497146037703,0.8947135598311993,1.3420703397467988,-44.95494862867865,-29.267578125,-19.423828125,24.345703125,-0.615234375,-0.087890625,-44.296875,0.0,-4.39453125,0.0,30.76171875,48.33984375,-4.39453125,4.0,2.4,-3.1,-10.4,-7.8,4.0
3.03151387500111,3.03446883399738,-29.96325096467412,-19.975500643116078,24.9693758038951,0.9896332941393226,1.4844499412089838,-44.94487644701118,-29.267578125,-19.423828125,24.345703125,-0.52734375,0.0,-44.296875,0.0,0.0,0.0,30.76171875,48.33984375,0.0,4.0,2.4,-3.1,-10.4,-9.4,3.2
3.0344864999933634,3.0374569589912426,-29.955992869891887,-19.97066191326126,24.963327391576573,1.0828955379980951,1.6243433069971427,-44.93398930483783,-29.267578125,-19.423828125,24.345703125,-0.439453125,0.17578125,-44.296875,0.0,0.0,0.0,30.76171875,48.33984375,0.0,4.0,2.4,-3.1,-10.4,-9.4,3.1
3.0374743749853224,3.040562958980445,-29.948039370741252,-19.96535958049417,24.95669947561771,1.1766124347336078,1.7649186521004114,-44.92205905611188,-29.267578125,-19.423828125,24.345703125,-0.3515625,0.263671875,-44.296875,0.0,0.0,0.0,30.76171875,48.33984375,0.0,4.0,2.4,-3.2,-10.4,-10.2,3.1
3.040579958993476,3.0444463339808863,-29.93907336879786,-19.95938224586524,24.94922780733155,1.273993863187506,1.9109907947812592,-44.90861005319679,-29.267578125,-19.423828125,24.345703125,-0.263671875,0.439453125,-44.296875,0.0,0.0,0.0,30.76171875,48.33984375,0.0,4.0,2.4,-3.2,-10.4,-9.8,3.1
3.0444690419826657,3.047531666990835,-29.92684062851755,-19.95122708567837,24.939033857097957,1.3959003459036485,2.0938505188554726,-44.89026094277632,-29.267578125,-19.423828125,24.345703125,-0.087890625,0.615234375,-44.296875,0.0,0.0,0.0,30.76171875,43.9453125,0.0,4.0,2.4,-3.2,-9.6,-9.8,3.2
3.047551374998875,3.0513651249930263,-29.91635206046527,-19.944234706976847,24.930293383721057,1.4924818099461687,2.2387227149192532,-44.87452809069791,-29.267578125,-19.423828125,24.345703125,0.0,0.703125,-44.296875,0.0,0.0,0.0,35.15625,43.9453125,0.0,4.0,2.4,-3.2,-9.6,-10.6,3.2
3.051383124984568,3.054384499992011,-29.902335606011544,-19.934890404007696,24.91861300500962,1.6124963814538784,2.4187445721808176,-44.85350340901732,-29.267578125,-19.423828125,24.345703125,0.087890625,0.966796875,-44.296875,0.0,0.0,0.0,35.15625,43.9453125,0.0,3.2,2.4,-3.2,-10.4,-9.6,3.2
3.0544020420056768,3.0575449589814525,-29.89052949677551,-19.927019664517008,24.90877458064626,1.7070112155321435,2.560516823298215,-44.835794245163264,-29.267578125,-19.423828125,24.345703125,0.17578125,1.0546875,-44.296875,0.0,0.0,0.0,35.15625,43.9453125,0.0,3.2,2.4,-3.2,-11.2,-10.4,2.3
3.0575643749907613,3.0614295419945847,-29.877441714597396,-19.918294476398263,24.89786809549783,1.8059748479650546,2.708962271947582,-44.81616257189609,-29.267578125,-19.423828125,24.345703125,0.263671875,1.23046875,-44.296875,0.0,0.0,0.0,35.15625,43.9453125,0.0,3.1,2.4,-2.3,-10.4,-9.6,2.3
3.0614491669985,3.0645621249859687,-29.86035486931072,-19.906903246207147,24.88362905775893,1.927486224632326,2.891229336948489,-44.79053230396608,-29.267578125,-19.423828125,24.345703125,0.439453125,1.40625,-44.296875,0.0,0.0,0.0,35.15625,43.9453125,0.0,3.1,2.4,-2.3,-9.6,-8.8,2.3
3.0645851669833064,3.068423124990659,-29.845750391634567,-19.897166927756377,24.871458659695474,2.025524191165781,3.0382862867486713,-44.76862558745185,-29.267578125,-19.423828125,24.345703125,0.52734375,1.669921875,-44.296875,0.0,0.0,0.0,35.15625,48.33984375,0.0,3.1,1.5,-2.3,-9.6,-8.0,2.4
3.068476958986139,3.0714432089880574,-29.826619130838747,-19.884412753892498,24.85551594236562,2.147121196587971,3.2206817948819566,-44.73992869625812,-29.267578125,-19.423828125,24.345703125,0.615234375,1.845703125,-44.296875,0.0,0.0,0.0,30.76171875,48.33984375,0.0,3.1,1.5,-2.3,-10.4,-8.7,1.6
3.071469916991191,3.0743770840053912,-29.81114808640152,-19.87409872426768,24.8426234053346,2.2405802592323787,3.360870388848568,-44.71672212960228,-29.267578125,-19.423828125,24.345703125,0.703125,1.93359375,-44.296875,0.0,0.0,0.0,30.76171875,48.33984375,0.0,2.3,1.5,-2.3,-10.4,-9.5,1.6
3.0744039169803727,3.077439083979698,-29.795342244924605,-19.863561496616406,24.829451870770505,2.3321502246078123,3.4982253369117187,-44.69301336738691,-29.267578125,-19.423828125,24.345703125,0.87890625,2.021484375,-44.296875,0.0,0.0,0.0,30.76171875,48.33984375,0.0,2.3,1.5,-2.3,-9.6,-10.3,1.5
3.0774648749793414,3.0803634169860743,-29.77817793997307,-19.852118626648714,24.815148283310894,2.4276297150651245,3.6414445725976865,-44.66726690995961,-29.267578125,-19.423828125,24.345703125,0.966796875,2.197265625,-44.296875,0.0,0.0,0.0,30.76171875,48.33984375,0.0,2.3,1.5,-2.4,-9.6,-9.5,1.5
3.0803903749911115,3.0833371249900665,-29.761129815178847,-19.84075321011923,24.80094151264904,2.5188314860552707,3.778247229082906,-44.64169472276827,-29.267578125,-19.423828125,24.345703125,1.0546875,2.373046875,-44.296875,0.0,0.0,0.0,30.76171875,48.33984375,0.0,2.3,1.5,-1.6,-9.6,-8.9,0.7
3.0833569589885883,3.0864164590020664,-29.74320050164482,-19.828800334429882,24.78600041803735,2.6112597146422356,3.9168895719633534,-44.61480075246723,-29.267578125,-19.423828125,24.345703125,1.142578125,2.548828125,-44.296875,0.0,0.0,0.0,30.76171875,48.33984375,0.0,2.3,1.6,-1.6,-10.4,-8.1,0.7
3.0864438339776825,3.089357458986342,-29.72385850771553,-19.815905671810356,24.769882089762945,2.7073755568657747,4.0610633352986625,-44.5857877615733,-29.267578125,-19.423828125,24.345703125,1.23046875,2.724609375,-44.296875,0.0,0.0,0.0,30.76171875,48.33984375,0.0,1.5,1.6,-1.6,-10.4,-7.3,0.7
3.0893808339897078,3.092460874991957,-29.704806830838365,-19.803204553892243,24.754005692365304,2.7987656916400616,4.198148537460092,-44.55721024625755,-29.267578125,-19.423828125,24.345703125,1.318359375,2.8125,-44.296875,0.0,0.0,0.0,30.76171875,48.33984375,0.0,1.5,0.8,-1.6,-10.4,-8.6,-0.1
3.092479958984768,3.096420333982678,-29.68401795256511,-19.78934530171007,24.736681627137592,2.8951360122946657,4.3427040184419985,-44.526026928847664,-29.267578125,-19.423828125,24.345703125,1.40625,2.900390625,-44.296875,0.0,0.0,0.0,30.76171875,48.33984375,0.0,1.5,0.8,-1.6,-11.2,-9.4,-0.1
3.0964380420045927,3.0995693339791615,-29.65644432813239,-19.770962885421596,24.713703606776992,3.0181163965761506,4.527174594864226,-44.484666492198585,-29.267578125,-19.423828125,24.345703125,1.58203125,3.076171875,-44.296875,0.0,0.0,0.0,30.76171875,48.33984375,0.0,1.5,0.8,-0.6,-9.6,-8.6,-0.1
3.099587333999807,3.1033889169921167,-29.633686083936148,-19.7557907226241,24.69473840328012,3.115883971504653,4.673825957256979,-44.45052912590422,-29.267578125,-19.423828125,24.345703125,1.669921875,3.251953125,-44.296875,0.0,0.0,0.0,30.76171875,48.33984375,0.0,0.7,0.8,-0.6,-9.6,-8.1,-0.1
3.103406249982072,3.106422249984462,-29.60511600851567,-19.73674400567711,24.67093000709639,3.2343370347520306,4.851505552128046,-44.4076740127735,-29.267578125,-19.423828125,24.345703125,1.7578125,3.427734375,-44.296875,0.0,0.0,0.0,30.76171875,43.9453125,0.0,0.7,0.7,-0.6,-10.4,-8.1,-0.0
3.106441999989329,3.1095442499790806,-29.581644878800656,-19.721096585867105,24.65137073233388,3.3284154564748802,4.99262318471232,-44.37246731820098,-29.267578125,-19.423828125,24.345703125,1.845703125,3.515625,-44.296875,0.0,0.0,0.0,30.76171875,43.9453125,0.0,0.7,0.7,-0.6,-10.4,-9.7,-0.0
3.1095620839914773,3.1134127090044785,-29.556820773910516,-19.704547182607012,24.63068397825877,3.425028514978245,5.137542772467367,-44.335231160865774,-29.267578125,-19.423828125,24.345703125,1.93359375,3.69140625,-44.296875,0.0,0.0,0.0,30.76171875,43.9453125,0.0,0.7,-0.1,0.2,-11.2,-9.7,-0.0
3.113430083991261,3.1165566249983385,-29.525060521433712,-19.68337368095581,24.604217101194763,3.5446862394090872,5.317029359113631,-44.28759078215057,-29.267578125,-19.51171875,24.345703125,2.109375,3.779296875,-44.296875,0.0,-4.39453125,0.0,30.76171875,43.9453125,0.0,-0.1,-0.1,0.2,-9.6,-10.5,-0.0
3.116573958977824,3.1204072919790633,-29.4984430550327,-19.665628703355132,24.582035879193914,3.6418467433123465,5.46277011496852,-44.24766458254904,-29.267578125,-19.51171875,24.345703125,2.197265625,3.955078125,-44.296875,0.0,-4.39453125,0.0,30.76171875,43.9453125,0.0,-0.2,-0.1,0.1,-9.6,-9.7,-0.0
3.120434333977755,3.123510499979602,-29.464775435572797,-19.6431836237152,24.553979529644003,3.7610287322761824,5.641543098414274,-44.1971631533592,-29.267578125,-19.51171875,24.345703125,2.28515625,4.21875,-44.296875,0.0,-4.39453125,0.0,30.76171875,43.9453125,0.0,-0.2,-0.1,0.1,-10.4,-9.6,-0.0
3.123536958999466,3.127328917005798,-29.436931043681927,-19.62462069578795,24.530775869734946,3.856716549923165,5.785074824884747,-44.15539656552289,-29.267578125,-19.51171875,24.345703125,2.373046875,4.306640625,-44.296875,0.0,-4.39453125,0.0,30.76171875,43.9453125,0.0,-0.2,-0.1,0.1,-10.4,-9.6,-0.0
3.1273722919868305,3.1304599169816356,-29.40154471122154,-19.601029807481027,24.50128725935129,3.9748749019611003,5.96231235294165,-44.10231706683231,-29.267578125,-19.51171875,24.345703125,2.548828125,4.5703125,-44.296875,0.0,-4.39453125,0.0,30.76171875,43.9453125,0.0,-0.2,-0.1,0.1,-9.6,-9.6,-0.0
3.1304828339780215,3.1344182920001913,-29.372061847631507,-19.58137456508767,24.476718206359582,4.0705982535418155,6.105897380312722,-44.05809277144726,-29.267578125,-19.51171875,24.345703125,2.63671875,4.74609375,-44.296875,0.0,0.0,0.0,30.76171875,43.9453125,0.0,-0.2,-0.1,0.1,-9.6,-9.6,-0.0
3.1344383340037894,3.1374343749776017,-29.33355746059678,-19.555704973731185,24.444631217163984,4.192183557572993,6.28827533635949,-44.00033619089517,-29.267578125,-19.51171875,24.345703125,2.724609375,4.921875,-44.296875,0.0,0.0,0.0,30.76171875,43.9453125,0.0,-0.0,-0.1,0.1,-10.4,-8.0,-0.0
3.13745233399095,3.1405234999838285,-29.303457740370874,-19.53563849358058,24.419548116975733,4.284720369887928,6.427080554831893,-43.95518661055631,-29.267578125,-19.51171875,24.345703125,2.8125,5.09765625,-44.296875,0.0,0.0,0.0,30.76171875,43.9453125,0.0,-0.0,-0.1,0.0,-10.4,-6.9,-0.0
3.140540874999715,3.1444129169976804,-29.2719322280324,-19.514621485354937,24.393276856693674,4.379446116042938,6.569169174064406,-43.907898342048604,-29.267578125,-19.51171875,24.345703125,2.98828125,5.185546875,-44.296875,0.0,0.0,0.0,30.76171875,43.9453125,0.0,-0.0,-0.1,0.0,-10.4,-6.9,-0.8
3.144434749992797,3.1484271670051385,-29.23120470686848,-19.487469804578986,24.359337255723737,4.4987243320326105,6.748086498048917,-43.846807060302716,-29.267578125,-19.51171875,24.345703125,3.076171875,5.361328125,-44.296875,0.0,0.0,0.0,30.76171875,52.734375,0.0,-0.0,-0.0,0.0,-9.6,-8.5,-0.9
3.148449250002159,3.1524110839818604,-29.18807062297896,-19.458713748652638,24.323392185815802,4.621521313160503,6.932281969740755,-43.78210593446844,-29.267578125,-19.51171875,24.345703125,3.1640625,5.537109375,-44.296875,0.0,0.0,0.0,30.76171875,52.734375,0.0,-0.0,-0.0,0.0,-9.6,-9.8,-2.5
3.152451709000161,3.1563832089887,-29.14391046524023,-19.429273643493485,24.286592054366857,4.743767035410714,7.115650553116072,-43.715865697860345,-29.267578125,-19.51171875,24.345703125,3.33984375,5.712890625,-44.296875,0.0,0.0,0.0,30.76171875,52.734375,0.0,-0.0,-0.0,0.0,-9.6,-9.0,-2.6
3.1564411250001285,3.160426208982244,-29.098747870442878,-19.399165246961918,24.248956558702403,4.865427804527052,7.298141706790577,-43.64812180566432,-29.267578125,-19.51171875,24.345703125,3.427734375,5.888671875,-44.296875,0.0,0.0,0.0,30.76171875,52.734375,0.0,-0.0,-0.0,0.0,-9.6,-9.0,-3.4
3.160452499985695,3.1633698339865077,-29.052184540556944,-19.368123027037964,24.210153783797455,4.9875655794707905,7.481348369206185,-43.57827681083541,-29.267578125,-19.51171875,24.345703125,3.515625,6.064453125,-44.296875,0.0,0.0,0.0,30.76171875,52.734375,0.0,-0.0,-0.0,0.0,-9.6,-8.7,-3.4
3.163395583978854,3.166341542004375,-29.017288047506653,-19.34485869833777,24.181073372922214,5.07705051593398,7.61557577390097,-43.52593207125998,-29.267578125,-19.51171875,24.345703125,3.69140625,6.240234375,-44.296875,0.0,0.0,0.0,30.76171875,43.9453125,0.0,-0.0,-0.0,0.0,-9.6,-9.5,-4.2
3.1663673339935485,3.1704580840014387,-28.98142241430079,-19.320948276200525,24.151185345250667,5.167296944088259,7.750945416132388,-43.472133621451185,-29.267578125,-19.51171875,24.345703125,3.779296875,6.328125,-44.296875,0.0,0.0,0.0,30.76171875,43.9453125,0.0,-0.0,-0.0,0.0,-9.6,-9.5,-5.0
3.1704894169815816,3.1744903749786317,-28.930628237983022,-19.28708549198868,24.108856864985853,5.292289979273596,7.938434968910394,-43.39594235697453,-29.267578125,-19.51171875,24.345703125,3.8671875,6.50390625,-44.296875,0.0,0.0,0.0,30.76171875,43.9453125,0.0,-0.0,-0.0,0.0,-9.6,-9.1,-5.0
3.1745177499833517,3.1784348340006545,-28.87981742774735,-19.253211618498234,24.06651452312279,5.414225925589418,8.121338888384127,-43.319726141621025,-29.267578125,-19.51171875,24.345703125,3.955078125,6.6796875,-44.296875,0.0,0.0,0.0,30.76171875,43.9453125,0.0,-0.0,-0.0,0.0,-9.6,-9.1,-5.8
3.178463499993086,3.1824556249775924,-28.828927233476616,-19.219284822317743,24.02410602789718,5.533451989366749,8.300177984050123,-43.24339085021492,-29.267578125,-19.51171875,24.345703125,4.130859375,6.85546875,-44.296875,0.0,0.0,0.0,30.76171875,43.9453125,0.0,-0.0,-0.0,0.0,-9.6,-8.5,-6.6
3.1824949169822503,3.186361542000668,-28.77578838472515,-19.183858923150098,23.979823653937633,5.65504702161479,8.482570532422184,-43.16368257708772,-29.267578125,-19.51171875,24.345703125,4.21875,7.03125,-44.296875,0.0,0.0,0.0,30.76171875,43.9453125,0.0,-0.8,-0.0,0.0,-9.6,-8.5,-7.4
3.1864095839846414,3.189390999992611,-28.723084128063753,-19.148722752042502,23.93590344005313,5.772903685790176,8.659355528685264,-43.08462619209563,-29.267578125,-19.51171875,24.345703125,4.39453125,7.294921875,-44.296875,0.0,0.0,0.0,30.76171875,43.9453125,0.0,-0.8,-0.0,0.8,-8.8,-7.7,-8.2
3.1894099169876426,3.1933826669992413,-28.681954506659768,-19.121303004439845,23.901628755549815,5.863085485680706,8.79462822852106,-43.02293175998965,-29.267578125,-19.51171875,24.345703125,4.482421875,7.3828125,-44.296875,0.0,0.0,0.0,30.76171875,43.9453125,0.0,-1.6,-0.8,0.8,-8.8,-8.0,-9.0
3.1934099170030095,3.1973827089823317,-28.626130433933497,-19.084086955955666,23.855108694944583,5.983111653439439,8.974667480159159,-42.939195650900245,-29.267578125,-19.51171875,24.345703125,4.5703125,7.55859375,-44.208984375,0.0,0.0,0.0,30.76171875,43.9453125,0.0,-2.4,-0.8,1.6,-9.6,-8.8,-8.1
3.197404209000524,3.2004004170012195,-28.569258328582176,-19.046172219054785,23.807715273818474,6.102730847916014,9.154096271874021,-42.85388749287326,-29.267578125,-19.51171875,24.345703125,4.658203125,7.734375,-44.033203125,0.0,0.0,0.0,30.76171875,43.9453125,0.0,-2.7,-0.8,1.8,-9.6,-8.9,-7.3
3.2004194170003757,3.2034211669815704,-28.525581712235557,-19.017054474823706,23.771318093529626,6.192870021370357,9.289305032055536,-42.78837256835334,-29.267578125,-19.51171875,24.345703125,4.74609375,7.91015625,-43.9453125,0.0,0.0,0.0,30.76171875,43.9453125,0.0,-3.5,-1.6,1.8,-9.6,-8.1,-7.3
3.203439791977871,3.2063613339851145,-28.481188710796577,-18.98745914053105,23.73432392566382,6.28302438214781,9.424536573221713,-42.72178306619487,-29.267578125,-19.51171875,24.345703125,4.833984375,7.998046875,-43.76953125,0.0,0.0,0.0,30.76171875,43.9453125,0.0,-3.5,-1.8,2.6,-9.6,-8.9,-6.3
3.2063784589990973,3.2094899999792688,-28.437381321574932,-18.958254214383288,23.697817767979103,6.3706041426868065,9.555906214030209,-42.6560719823624,-29.267578125,-19.51171875,24.345703125,4.921875,8.173828125,-43.681640625,0.0,0.0,0.0,30.76171875,43.9453125,0.0,-3.5,-1.8,2.6,-9.6,-8.9,-6.3
3.2095066669862717,3.2133874589926563,-28.390082599893596,-18.926721733262397,23.658402166578004,6.463683503363448,9.695525255045172,-42.5851238998404,-29.267578125,-19.51171875,24.345703125,5.09765625,8.349609375,-43.59375,0.0,0.0,0.0,30.76171875,43.9453125,35.15625,-4.3,-2.6,2.6,-8.8,-9.7,-6.3
3.2134073750057723,3.2163868749921676,-28.33014345649887,-18.88676230433258,23.60845288041572,6.57952959258045,9.869294388870674,-42.495215184748304,-29.267578125,-19.51171875,24.345703125,5.185546875,8.4375,-43.505859375,0.0,0.0,0.0,30.76171875,43.9453125,35.15625,-4.3,-2.6,3.4,-8.8,-8.9,-5.4
3.2164066249970347,3.2194117500039283,-28.283332901122673,-18.855555267415117,23.569444084268902,6.6684357654141095,10.002653648121164,-42.42499935168401,-29.267578125,-19.51171875,24.345703125,5.2734375,8.61328125,-43.41796875,0.0,0.0,0.0,30.76171875,43.9453125,35.15625,-5.1,-3.4,3.4,-9.6,-8.1,-5.4
3.219435249979142,3.223366291989805,-28.23542686695375,-18.8236179113025,23.529522389128118,6.758062498178875,10.137093747268313,-42.353140300430624,-29.267578125,-19.51171875,24.345703125,5.2734375,8.7890625,-43.330078125,0.0,0.0,0.0,30.76171875,43.9453125,35.15625,-5.1,-3.4,4.2,-10.4,-7.0,-5.4
3.2234070419799536,3.227425583987497,-28.171633693320626,-18.781089128880417,23.47636141110052,6.875368436167609,10.313052654251413,-42.25745053998094,-29.267578125,-19.51171875,24.345703125,5.44921875,8.876953125,-43.330078125,0.0,0.0,0.0,30.76171875,43.9453125,35.15625,-5.9,-3.4,4.2,-9.9,-7.8,-6.5
3.227459749992704,3.231326791981701,-28.105410626102618,-18.736940417401748,23.421175521752186,6.994788330945894,10.49218249641884,-42.15811593915393,-29.267578125,-19.51171875,24.345703125,5.537109375,9.052734375,-43.154296875,0.0,0.0,0.0,26.3671875,43.9453125,21.97265625,-6.7,-4.2,5.0,-9.9,-8.9,-6.5
3.2313732089824043,3.2343755000038072,-28.040381963848322,-18.693587975898883,23.36698496987361,7.109836045038501,10.664754067557752,-42.060572945772485,-29.267578125,-19.51171875,24.345703125,5.625,9.228515625,-43.06640625,0.0,0.0,0.0,26.3671875,43.9453125,21.97265625,-6.7,-4.2,5.0,-10.2,-8.9,-5.5
3.234406834002584,3.237366541987285,-27.98924403637792,-18.659496024251947,23.324370030314935,7.198833802840969,10.798250704261454,-41.98386605456688,-29.267578125,-19.51171875,24.345703125,5.80078125,9.404296875,-43.06640625,0.0,0.0,0.0,26.3671875,43.9453125,21.97265625,-7.5,-5.0,5.9,-10.2,-8.1,-6.3
3.2373970419866964,3.2403528750000987,-27.93821600885059,-18.625477339233726,23.281846674042157,7.286397867649759,10.929596801474638,-41.90732401327588,-29.267578125,-19.51171875,24.345703125,5.888671875,9.404296875,-42.978515625,0.0,0.0,0.0,26.3671875,43.9453125,21.97265625,-7.5,-5.0,5.9,-9.4,-8.8,-6.3
3.2403829999966547,3.243369999981951,-27.88664545174133,-18.591096967827553,23.23887120978445,7.373677070012837,11.060515605019257,-41.829968177611995,-29.267578125,-19.51171875,24.345703125,5.9765625,9.580078125,-42.890625,0.0,0.0,0.0,26.3671875,43.9453125,21.97265625,-8.3,-5.0,6.7,-9.6,-8.8,-6.3
3.2433971249847673,3.2463805839943234,-27.833966234642705,-18.555977489761805,23.19497186220226,7.461615066421826,11.192422599632739,-41.75094935196406,-29.267578125,-19.51171875,24.345703125,6.064453125,9.66796875,-42.802734375,0.0,0.0,0.0,26.3671875,39.55078125,21.97265625,-8.3,-5.8,6.7,-9.6,-9.6,-6.6
3.2464089169807266,3.2493736250035,-27.780704585219745,-18.520469723479827,23.150587154349793,7.549317930890646,11.323976896335969,-41.67105687782961,-29.267578125,-19.51171875,24.345703125,6.15234375,9.84375,-42.71484375,0.0,0.0,0.0,30.76171875,39.55078125,21.97265625,-9.1,-5.8,7.5,-9.6,-10.6,-6.6
3.249401166976895,3.2523784170043655,-27.727172786267786,-18.48478185751186,23.105977321889835,7.636284415879258,11.454426623818886,-41.59075917940168,-29.267578125,-19.51171875,24.345703125,6.240234375,10.01953125,-42.71484375,0.0,0.0,0.0,30.76171875,39.55078125,21.97265625,-9.1,-5.8,7.5,-10.4,-9.8,-7.4
3.2524089999787975,3.2553688749903813,-27.672744865529538,-18.448496577019693,23.060620721274628,7.7235337797987675,11.585300669698151,-41.509117298294306,-29.267578125,-19.51171875,24.345703125,6.328125,10.107421875,-42.626953125,0.0,0.0,0.0,30.76171875,39.55078125,21.97265625,-9.9,-6.6,8.3,-9.6,-10.6,-7.2
3.25539941698662,3.25836295899353,-27.618019716630176,-18.412013144420115,23.015016430525144,7.810107039580242,11.715160559370362,-41.42702957494526,-29.267578125,-19.51171875,24.345703125,6.416015625,10.1953125,-42.5390625,0.0,0.0,0.0,30.76171875,39.55078125,21.97265625,-9.9,-6.6,8.3,-9.6,-10.6,-7.2
3.2583901670004707,3.2613490840012673,-27.562678982368933,-18.37511932157929,22.968899151974114,7.896517581676333,11.8447763725145,-41.344018473553405,-29.267578125,-19.51171875,24.345703125,6.50390625,10.458984375,-42.36328125,0.0,0.0,0.0,30.76171875,39.55078125,21.97265625,-10.7,-7.4,9.1,-9.6,-8.7,-6.4
3.261374291992979,3.264412499993341,-27.506854552207287,-18.33790303480486,22.922378793506066,7.98256301485273,11.973844522279094,-41.26028182831093,-29.267578125,-19.51171875,24.345703125,6.591796875,10.634765625,-42.275390625,0.0,0.0,0.0,30.76171875,39.55078125,21.97265625,-11.5,-7.5,9.1,-9.6,-7.9,-6.3
3.2644416249822825,3.2673827499966137,-27.448843651877574,-18.29922910125172,22.87403637656464,8.070824883486337,12.106237325229504,-41.173265477816365,-29.267578125,-19.51171875,24.345703125,6.6796875,10.72265625,-42.1875,0.0,0.0,0.0,30.76171875,48.33984375,21.97265625,-11.5,-7.5,9.1,-10.4,-7.9,-6.3
3.2674169999954756,3.2715058339817915,-27.391963048396754,-18.26130869893117,22.826635873663964,8.156261680594902,12.234392520892353,-41.08794457259513,-29.267578125,-19.51171875,24.345703125,6.85546875,10.8984375,-42.099609375,0.0,0.0,0.0,30.76171875,48.33984375,30.76171875,-12.3,-8.3,9.9,-8.8,-8.6,-6.3
3.2715577089984436,3.2754251250007655,-27.311809142174607,-18.207872761449735,22.759840951812173,8.274863715062427,12.412295572593639,-40.96771371326191,-29.267578125,-19.51171875,24.345703125,6.943359375,11.07421875,-42.01171875,0.0,0.0,0.0,30.76171875,48.33984375,30.76171875,-13.1,-8.3,10.7,-8.8,-7.8,-7.3
3.2754616669844836,3.2794451669906266,-27.23517988137492,-18.15678658758328,22.695983234479105,8.386363980471863,12.579545970707796,-40.85276982206238,-29.267578125,-19.51171875,24.345703125,7.03125,11.25,-41.8359375,0.0,0.0,0.0,30.76171875,48.33984375,30.76171875,-13.2,-9.1,10.7,-8.8,-8.6,-5.7
3.279496292001568,3.283460834005382,-27.154909663032804,-18.103273108688537,22.629091385860672,8.501264773681296,12.751897160521942,-40.7323644945492,-29.1796875,-19.51171875,24.345703125,7.119140625,11.42578125,-41.748046875,4.39453125,0.0,0.0,30.76171875,48.33984375,30.76171875,-13.2,-9.1,11.5,-8.8,-8.1,-6.5
3.2835161249968223,3.287460708990693,-27.073849054549907,-18.049232703033272,22.56154087879159,8.61540473986883,12.923107109803242,-40.61077358182486,-29.091796875,-19.51171875,24.345703125,7.294921875,11.6015625,-41.66015625,4.39453125,0.0,0.0,30.76171875,43.9453125,30.76171875,-13.2,-9.9,12.3,-8.8,-8.9,-7.2
3.2875528339936864,3.2914440839958843,-26.99136188163013,-17.994241254420086,22.492801568025108,8.72967821157952,13.09451731736928,-40.4870428224452,-29.00390625,-19.51171875,24.2578125,7.470703125,11.77734375,-41.572265625,4.39453125,0.0,0.0,35.15625,43.9453125,26.3671875,-13.2,-9.9,11.5,-8.0,-8.0,-6.4
3.291519124992192,3.2954542090010364,-26.90925664057499,-17.939504427049997,22.424380533812503,8.841616419629027,13.26242462944354,-40.363884960862485,-28.916015625,-19.51171875,24.2578125,7.646484375,11.953125,-41.396484375,4.39453125,0.0,0.0,35.15625,43.9453125,26.3671875,-13.2,-10.7,12.3,-7.2,-8.8,-6.3
3.2955048339790665,3.2995379169879016,-26.825697252908633,-17.883798168605757,22.3547477107572,8.953756924586093,13.430635386879139,-40.23854587936295,-28.916015625,-19.423828125,24.169921875,7.91015625,12.12890625,-41.30859375,4.39453125,0.0,0.0,35.15625,43.9453125,26.3671875,-13.6,-10.7,12.2,-6.4,-8.0,-7.1
3.2995975840021856,3.303425124991918,-26.738799591500836,-17.825866394333893,22.282332992917357,9.068543835222808,13.602815752834212,-40.108199387251254,-28.828125,-19.423828125,24.169921875,8.173828125,12.3046875,-41.1328125,17.578125,0.0,-8.7890625,35.15625,43.9453125,26.3671875,-12.8,-10.7,12.2,-4.5,-8.7,-6.3
3.303473416977795,3.3073450840020087,-26.655488657299234,-17.77032577153282,22.212907214416028,9.176901545379923,13.765352318069885,-39.98323298594885,-28.740234375,-19.423828125,24.08203125,8.173828125,12.48046875,-41.044921875,17.578125,0.0,-8.7890625,35.15625,43.9453125,26.3671875,-12.8,-11.4,12.2,-5.3,-7.9,-6.4
3.3073826670006383,3.3103453749790788,-26.5704586232764,-17.713639082184265,22.142048852730333,9.285848936210094,13.928773404315141,-39.8556879349146,-28.65234375,-19.423828125,24.08203125,8.349609375,12.65625,-40.95703125,17.578125,0.0,-8.7890625,43.9453125,43.9453125,30.76171875,-12.8,-11.4,13.0,-5.3,-8.9,-7.2
3.3103707089903764,3.3133295839943457,-26.504790025348534,-17.669860016899023,22.087325021123778,9.368887179553038,14.053330769329557,-39.7571850380228,-28.65234375,-19.423828125,23.994140625,8.4375,12.744140625,-40.869140625,17.578125,4.39453125,-8.7890625,43.9453125,43.9453125,30.76171875,-13.6,-12.2,12.2,-5.6,-8.1,-7.2
3.3133515839872416,3.3164378340006806,-26.438697137673113,-17.625798091782073,22.03224761472759,9.451520598704285,14.177280898056425,-39.65804570650967,-28.564453125,-19.423828125,23.994140625,8.4375,12.919921875,-40.78125,17.578125,4.39453125,-8.7890625,43.9453125,43.9453125,30.76171875,-12.8,-12.2,13.0,-7.2,-7.3,-7.4
3.3164582499885,3.3203895000042394,-26.36919833616158,-17.579465557441054,21.97433194680133,9.537420548279481,14.306130822419222,-39.55379750424237,-28.564453125,-19.423828125,23.90625,8.525390625,13.0078125,-40.693359375,17.578125,4.39453125,-8.7890625,43.9453125,43.9453125,30.76171875,-13.6,-13.0,12.0,-6.4,-7.0,-7.4
3.3204107089841273,3.3234399170032702,-26.279870971779182,-17.51991398118612,21.899892476482652,9.646378288862566,14.469567433293848,-39.41980645766877,-28.4765625,-19.423828125,23.818359375,8.525390625,13.18359375,-40.517578125,17.578125,4.39453125,-17.578125,43.9453125,43.9453125,30.76171875,-13.6,-13.0,12.0,-7.4,-7.8,-7.4
3.323459459003061,3.3274291249981616,-26.210275626666203,-17.473517084444133,21.841896355555157,9.730169613097141,14.59525441964571,-39.315413439999304,-28.388671875,-19.3359375,23.818359375,8.525390625,13.359375,-40.517578125,17.578125,4.39453125,-17.578125,43.9453125,43.9453125,30.76171875,-13.6,-13.0,12.8,-9.0,-7.8,-7.1
3.3274500419793185,3.331397083995398,-26.118272498746844,-17.41218166583123,21.76522708228904,9.83950860745041,14.759262911175615,-39.177408748120264,-28.30078125,-19.3359375,23.818359375,8.61328125,13.447265625,-40.341796875,17.578125,4.39453125,-17.578125,17.578125,43.9453125,30.76171875,-13.6,-13.0,13.6,-8.2,-8.1,-7.1
3.331420959002571,3.3354112090019044,-26.02570408291855,-17.350469388612368,21.688086735765452,9.947925009509525,14.92188751426429,-39.03855612437783,-28.212890625,-19.248046875,23.73046875,8.701171875,13.623046875,-40.166015625,17.578125,8.7890625,-17.578125,17.578125,43.9453125,30.76171875,-13.6,-13.0,12.8,-8.0,-8.1,-7.2
3.3354347919812426,3.339396333991317,-25.931106202836112,-17.287404135224072,21.609255169030092,10.057119779809604,15.085679669714407,-38.896659304254165,-28.212890625,-19.248046875,23.642578125,8.7890625,13.798828125,-39.990234375,17.578125,8.7890625,-17.578125,17.578125,43.9453125,30.76171875,-14.5,-13.8,12.9,-8.0,-8.1,-7.2
3.3394343339896295,3.34248337498866,-25.835819817621218,-17.223879878414145,21.529849848017673,10.165528118792466,15.248292178188699,-38.75372972643183,-28.037109375,-19.16015625,23.5546875,8.876953125,13.974609375,-39.90234375,21.97265625,8.7890625,-13.18359375,17.578125,43.9453125,30.76171875,-13.7,-13.0,12.9,-8.0,-8.1,-6.4
3.3425126249785535,3.3464176669949666,-25.76178696787449,-17.17452464524966,21.468155806562088,10.24869275613783,15.373039134206744,-38.642680451811735,-27.94921875,-19.16015625,23.5546875,8.876953125,14.0625,-39.814453125,21.97265625,8.7890625,-13.18359375,17.578125,39.55078125,30.76171875,-12.9,-13.7,13.7,-8.8,-8.1,-6.4
3.3464387499843724,3.3494662499870174,-25.666489936365565,-17.110993290910375,21.388741613637983,10.35441493269514,15.531622399042709,-38.49973490454835,-27.861328125,-19.072265625,23.466796875,8.96484375,14.23828125,-39.7265625,21.97265625,8.7890625,-13.18359375,17.578125,39.55078125,30.76171875,-12.9,-13.7,12.9,-9.6,-7.9,-7.2
3.349486999999499,3.353410333977081,-25.59182779495896,-17.06121852997264,21.32652316246579,10.436226438350129,15.654339657525194,-38.38774169243844,-27.861328125,-19.072265625,23.37890625,8.96484375,14.326171875,-39.55078125,21.97265625,8.7890625,-13.18359375,17.578125,39.55078125,35.15625,-13.7,-13.7,12.9,-10.7,-8.7,-7.2
3.353429624985438,3.357375208986923,-25.494389363736165,-16.996259575824112,21.24532446978014,10.541686792501812,15.812530188752717,-38.24158404560425,-27.685546875,-19.072265625,23.291015625,8.96484375,14.501953125,-39.462890625,21.97265625,8.7890625,-13.18359375,17.578125,39.55078125,35.15625,-12.7,-14.5,12.8,-11.5,-8.7,-7.3
3.357394166989252,3.361418499989668,-25.39542330285486,-16.93028220190324,21.162852752379063,10.647325700095697,15.970988550143547,-38.09313495428229,-27.59765625,-19.072265625,23.291015625,9.052734375,14.765625,-39.287109375,21.97265625,8.7890625,-13.18359375,17.578125,39.55078125,35.15625,-12.7,-15.3,13.6,-11.5,-8.0,-6.5
3.3614357089973055,3.365393874992151,-25.293521381766684,-16.862347587844454,21.07793448480557,10.754591290547319,16.13188693582098,-37.94028207265002,-27.509765625,-18.984375,23.203125,9.052734375,14.853515625,-39.111328125,21.97265625,8.7890625,-17.578125,17.578125,39.55078125,35.15625,-12.7,-14.5,13.6,-12.2,-8.0,-6.2
3.3654133749951143,3.3693644169834442,-25.192234631516826,-16.794823087677884,20.993528859597344,10.859738369482109,16.289607554223164,-37.78835194727524,-27.421875,-18.896484375,23.115234375,9.228515625,15.029296875,-39.0234375,21.97265625,8.7890625,-17.578125,8.7890625,43.9453125,35.15625,-12.7,-14.5,12.8,-11.4,-7.2,-7.0
3.369381875003455,3.372414208977716,-25.09020120531003,-16.72680080354002,20.90850100442504,10.964220669007572,16.446331003511357,-37.63530180796505,-27.333984375,-18.896484375,23.02734375,9.31640625,15.205078125,-38.935546875,21.97265625,8.7890625,-17.578125,8.7890625,43.9453125,35.15625,-12.7,-15.3,12.8,-11.2,-7.1,-7.0
3.3724341669876594,3.3763764169998467,-25.01106071580645,-16.6740404772043,20.842550596505365,11.044291474085268,16.5664372111279,-37.51659107370968,-27.24609375,-18.80859375,22.939453125,9.404296875,15.29296875,-38.759765625,21.97265625,8.7890625,-17.578125,8.7890625,43.9453125,35.15625,-12.7,-14.5,12.8,-12.0,-7.9,-7.3
3.376400791981723,3.3803797499858774,-24.907354397107408,-16.60490293140494,20.756128664256188,11.147968363725278,16.721952545587918,-37.36103159566111,-27.158203125,-18.80859375,22.8515625,9.580078125,15.46875,-38.671875,21.97265625,8.7890625,-17.578125,8.7890625,43.9453125,35.15625,-12.8,-15.3,12.8,-12.0,-7.2,-8.1
3.38039849998313,3.383348292001756,-24.80185707753252,-16.534571385021682,20.668214231277105,11.252019779293946,16.87802966894092,-37.20278561629878,-27.0703125,-18.720703125,22.8515625,9.66796875,15.556640625,-38.49609375,21.97265625,8.7890625,-17.578125,8.7890625,43.9453125,35.15625,-12.8,-15.3,13.6,-11.2,-7.2,-8.1
3.383366958994884,3.3865570839843713,-24.72288811272664,-16.481925408484425,20.602406760605547,11.328995314199556,16.993492971299336,-37.08433216908996,-26.982421875,-18.720703125,22.763671875,9.84375,15.732421875,-38.408203125,21.97265625,8.7890625,-17.578125,35.15625,35.15625,35.15625,-12.8,-15.3,13.6,-10.4,-7.2,-9.0
3.386573124997085,3.3903235839970876,-24.63699174049243,-16.424661160328288,20.53082645041035,11.411858120762082,17.11778718114312,-36.95548761073864,-26.982421875,-18.720703125,22.763671875,9.931640625,15.8203125,-38.232421875,21.97265625,8.7890625,-17.578125,35.15625,35.15625,35.15625,-12.8,-16.1,13.6,-10.4,-8.1,-9.0
3.390339292003773,3.393447999987984,-24.53529441692014,-16.35686294461343,20.44607868076679,11.508824206283286,17.26323630942493,-36.802941625380214,-26.89453125,-18.6328125,22.67578125,10.01953125,15.908203125,-38.056640625,21.97265625,13.18359375,-17.578125,35.15625,35.15625,35.15625,-13.6,-15.3,13.6,-11.2,-8.9,-8.2
3.3934709589811973,3.3973483750014566,-24.450076397989704,-16.300050931993137,20.375063664991412,11.589147492996613,17.383721239494918,-36.67511459698456,-26.806640625,-18.6328125,22.67578125,10.1953125,16.083984375,-37.96875,21.97265625,13.18359375,-17.578125,35.15625,35.15625,35.15625,-12.8,-16.1,14.6,-10.4,-8.9,-8.8
3.397365999990143,3.4004070420050994,-24.343260331745622,-16.228840221163747,20.286050276454688,11.688658822805028,17.53298823420754,-36.51489049761843,-26.71875,-18.544921875,22.587890625,10.283203125,16.259765625,-37.79296875,21.97265625,13.18359375,-17.578125,35.15625,35.15625,35.15625,-13.6,-16.1,14.6,-9.6,-8.0,-8.0
3.4004234169842675,3.4043162089947145,-24.25877635230828,-16.17251756820552,20.215646960256915,11.76646401881567,17.649696028223506,-36.38816452846242,-26.71875,-18.544921875,22.5,10.37109375,16.435546875,-37.6171875,21.97265625,13.18359375,-17.578125,35.15625,35.15625,35.15625,-13.6,-17.0,14.6,-9.6,-7.2,-8.8
3.404334499995457,3.407341041980544,-24.149888069812093,-16.09992537987473,20.124906724843424,11.865597446503298,17.798396169754945,-36.22483210471814,-26.630859375,-18.45703125,22.412109375,10.458984375,16.5234375,-37.529296875,21.97265625,13.18359375,-17.578125,30.76171875,39.55078125,35.15625,-13.6,-16.2,13.8,-10.4,-7.2,-8.0
3.4073625419987366,3.410341791983228,-24.064958255038924,-16.04330550335928,20.05413187919909,11.942041221076142,17.913061831614215,-36.09743738255838,-26.54296875,-18.45703125,22.412109375,10.634765625,16.69921875,-37.353515625,21.97265625,13.18359375,-17.578125,30.76171875,39.55078125,43.9453125,-13.6,-17.0,14.6,-9.6,-7.1,-7.2
3.4103599170048255,3.4134590000030585,-23.980352380258573,-15.986901586839048,19.983626983548827,12.017444722266173,18.026167083399258,-35.970528570387856,-26.455078125,-18.369140625,22.32421875,10.72265625,16.787109375,-37.177734375,21.97265625,8.7890625,-17.578125,30.76171875,39.55078125,43.9453125,-13.6,-16.2,14.6,-9.6,-7.9,-6.1
3.413475124980323,3.4173661249806173,-23.89185715344543,-15.927904768963618,19.909880961204525,12.095530152532628,18.14329522879894,-35.83778573016814,-26.3671875,-18.369140625,22.236328125,10.810546875,16.962890625,-37.08984375,21.97265625,8.7890625,-17.578125,30.76171875,39.55078125,43.9453125,-13.7,-17.0,14.4,-9.6,-7.9,-7.7
3.4173808750056196,3.420471749996068,-23.780096593152898,-15.853397728768599,19.81674716096075,12.19302179336503,18.289532690047547,-35.67014488972935,-26.3671875,-18.28125,22.1484375,10.8984375,17.138671875,-37.001953125,21.97265625,8.7890625,-17.578125,30.76171875,39.55078125,43.9453125,-14.5,-17.0,14.4,-8.8,-6.5,-7.7
3.4204878750024363,3.4243852499930654,-23.690552330625145,-15.793701553750097,19.742126942187607,12.270248213914492,18.405372320871738,-35.53582849593772,-26.279296875,-18.193359375,22.060546875,10.986328125,17.2265625,-36.826171875,17.578125,8.7890625,-17.578125,30.76171875,39.55078125,43.9453125,-14.5,-16.8,13.6,-8.8,-6.5,-8.2
3.4243997919838876,3.42840645898832,-23.577007990749713,-15.718005327166475,19.647506658958108,12.36706547792023,18.550598216880346,-35.36551198612457,-26.279296875,-18.10546875,22.060546875,11.162109375,17.314453125,-36.650390625,17.578125,8.7890625,-17.578125,30.76171875,39.55078125,43.9453125,-15.3,-16.0,14.4,-8.8,-7.3,-9.0
3.428420833981363,3.432343458989635,-23.45936847727492,-15.639578984849948,19.549473731062424,12.466096789959554,18.69914518493933,-35.18905271591238,-26.19140625,-18.017578125,21.97265625,11.25,17.490234375,-36.5625,17.578125,21.97265625,-17.578125,30.76171875,39.55078125,35.15625,-16.1,-16.0,14.4,-7.8,-7.9,-9.0
3.432366833993001,3.435410083999159,-23.343014492984306,-15.562009661989539,19.452512077486936,12.5627964753133,18.84419471296995,-35.01452173947646,-26.103515625,-18.017578125,21.884765625,11.42578125,17.666015625,-36.38671875,17.578125,21.97265625,-17.578125,30.76171875,39.55078125,35.15625,-15.3,-16.8,14.4,-7.0,-7.1,-9.8
3.4354265419824515,3.4394323339802213,-23.252176682585354,-15.50145112172357,19.37681390215446,12.637444881019862,18.956167321529794,-34.87826502387803,-26.103515625,-17.9296875,21.796875,11.513671875,17.75390625,-36.2109375,17.578125,21.97265625,-17.578125,30.76171875,39.55078125,35.15625,-17.1,-16.8,14.5,-7.8,-8.1,-9.0
3.439450959005626,3.4433964589843526,-23.13188072205478,-15.421253814703189,19.276567268379,12.735184756512265,19.1027771347684,-34.697821083082175,-25.927734375,-17.841796875,21.708984375,11.6015625,17.841796875,-36.03515625,17.578125,21.97265625,-21.97265625,30.76171875,39.55078125,35.15625,-16.3,-16.0,14.5,-7.2,-8.9,-8.2
3.4434140420053154,3.4474032089929096,-23.01251473991832,-15.341676493278879,19.1770956165986,12.830937704453804,19.246406556680707,-34.51877210987748,-25.83984375,-17.841796875,21.62109375,11.689453125,18.017578125,-35.771484375,17.578125,21.97265625,-21.97265625,30.76171875,39.55078125,35.15625,-16.3,-16.8,14.5,-7.2,-7.3,-7.0
3.4474212089844514,3.4514246250037104,-22.890914250967878,-15.260609500645252,19.07576187580658,12.927250197502012,19.390875296253018,-34.336371376451815,-25.83984375,-17.666015625,21.533203125,11.865234375,18.193359375,-35.595703125,17.578125,21.97265625,-21.97265625,30.76171875,39.55078125,48.33984375,-17.1,-16.0,14.5,-6.4,-7.1,-7.0
3.451444709004136,3.4544196669885423,-22.76790564242239,-15.178603761614928,18.973254702018664,13.02343993912089,19.535159908681333,-34.15185846363359,-25.751953125,-17.666015625,21.4453125,12.041015625,18.369140625,-35.419921875,17.578125,17.578125,-21.97265625,30.76171875,39.55078125,48.33984375,-17.1,-16.8,14.5,-5.6,-7.1,-7.2
3.4544382499880157,3.458376499998849,-22.67579519730529,-15.117196798203526,18.89649599775441,13.09466918117388,19.64200377176082,-34.01369279595794,-25.576171875,-17.578125,21.4453125,12.12890625,18.45703125,-35.33203125,17.578125,17.578125,-21.97265625,30.76171875,39.55078125,48.33984375,-16.1,-16.8,15.2,-6.4,-7.9,-7.2
3.4583940419834107,3.4623996669834014,-22.553307847021333,-15.035538564680888,18.794423205851114,13.188350164823262,19.782525247234894,-33.829961770532,-25.48828125,-17.490234375,21.357421875,12.3046875,18.6328125,-35.15625,26.3671875,17.578125,-21.97265625,30.76171875,39.55078125,48.33984375,-16.9,-16.0,15.2,-4.5,-6.5,-7.2
3.4624172920011915,3.466407583997352,-22.427838555521237,-14.951892370347492,18.689865462934353,13.283106359039078,19.92465953855862,-33.64175783328186,-25.400390625,-17.40234375,21.26953125,12.392578125,18.720703125,-34.98046875,26.3671875,17.578125,-17.578125,30.76171875,35.15625,48.33984375,-16.9,-16.0,15.2,-4.5,-7.3,-8.0
3.4664272499794606,3.470406499982346,-22.301892483403165,-14.867928322268778,18.58491040283596,13.377021619324605,20.065532428986906,-33.45283872510475,-25.3125,-17.314453125,21.181640625,12.48046875,18.896484375,-34.8046875,26.3671875,17.578125,-17.578125,35.15625,35.15625,43.9453125,-16.9,-16.0,15.2,-4.5,-7.1,-8.0
3.4704515420016833,3.4745234999863897,-22.174606629249062,-14.783071086166043,18.47883885770757,13.47073900205039,20.206108503075583,-33.2619099438736,-25.224609375,-17.2265625,21.09375,12.568359375,19.072265625,-34.716796875,26.3671875,17.578125,-17.578125,35.15625,35.15625,43.9453125,-16.9,-16.0,15.2,-4.8,-6.3,-8.9
3.4745621669862885,3.4782590419927146,-22.04367535689912,-14.695783571266078,18.369729464082614,13.565911146196779,20.348866719295167,-33.06551303534868,-25.13671875,-17.2265625,21.005859375,12.65625,19.16015625,-34.541015625,26.3671875,17.578125,-17.578125,35.15625,35.15625,43.9453125,-17.6,-16.8,16.0,-4.8,-7.1,-8.9
3.4782894589880016,3.4813561250048224,-21.924159340056452,-14.616106226704302,18.27013278338036,13.651719260580176,20.477578890870262,-32.88623901008468,-25.048828125,-17.138671875,20.91796875,12.65625,19.248046875,-34.27734375,21.97265625,17.578125,-17.578125,35.15625,35.15625,43.9453125,-17.6,-16.8,16.0,-5.6,-8.0,-8.9
3.481378666998353,3.4844872090034187,-21.824533815945657,-14.549689210630437,18.187111513288063,13.722483152624536,20.583724728936804,-32.736800723918485,-24.9609375,-17.05078125,20.91796875,12.65625,19.423828125,-34.189453125,21.97265625,17.578125,-21.97265625,35.15625,35.15625,43.9453125,-17.6,-16.7,16.0,-6.4,-8.0,-9.7
3.4845117919903714,3.4882761249900796,-21.722967090957123,-14.481978060638083,18.10247257579759,13.793922989896572,20.690884484844858,-32.58445063643569,-24.873046875,-16.962890625,20.830078125,12.744140625,19.51171875,-34.013671875,21.97265625,17.578125,-21.97265625,13.18359375,35.15625,43.9453125,-17.6,-15.9,16.8,-7.2,-7.2,-9.7
3.488292875001207,3.4914301249955315,-21.599695067072957,-14.39979671138197,17.999745889227484,13.879692167727384,20.819538251591077,-32.399542600609436,-24.697265625,-16.875,20.7421875,12.744140625,19.6875,-33.837890625,21.97265625,21.97265625,-21.97265625,13.18359375,35.15625,43.9453125,-16.8,-15.9,16.0,-7.4,-7.2,-8.9
3.4914471249794587,3.495345167000778,-21.496276126446993,-14.330850750964663,17.913563438705832,13.950867956997353,20.926301935496028,-32.24441418967049,-24.697265625,-16.875,20.654296875,12.83203125,19.775390625,-33.662109375,21.97265625,21.97265625,-21.97265625,13.18359375,35.15625,43.9453125,-17.6,-16.7,16.0,-7.4,-7.2,-7.9
3.495360458997311,3.4983546669827774,-21.367235767211064,-14.244823844807375,17.806029806009207,14.038696293830393,21.05804444074559,-32.05085365081659,-24.521484375,-16.787109375,20.56640625,12.83203125,19.951171875,-33.486328125,21.97265625,21.97265625,-21.97265625,13.18359375,35.15625,43.9453125,-17.7,-16.7,16.2,-8.2,-6.3,-7.9
3.4983712089888286,3.501349250000203,-21.267407904939862,-14.178271936626574,17.722839920783233,14.105906737642472,21.15886010646371,-31.90111185740979,-24.521484375,-16.69921875,20.56640625,12.919921875,19.951171875,-33.310546875,26.3671875,21.97265625,-21.97265625,13.18359375,35.15625,43.9453125,-18.5,-15.9,17.0,-8.0,-7.1,-8.7
3.5013644589926116,3.504348624992417,-21.167688760255547,-14.11179250683703,17.639740633546293,14.172413776205456,21.258620664308186,-31.75153314038332,-24.43359375,-16.611328125,20.478515625,13.0078125,20.126953125,-33.22265625,26.3671875,21.97265625,-21.97265625,13.18359375,35.15625,43.9453125,-18.5,-16.1,17.0,-7.2,-6.3,-9.7
3.504371541988803,3.507349916995736,-21.06703757967985,-14.044691719786568,17.555864649733195,14.238912686583854,21.35836902987578,-31.60055636951978,-24.345703125,-16.611328125,20.390625,13.095703125,20.21484375,-33.046875,26.3671875,21.97265625,-21.97265625,21.97265625,35.15625,43.9453125,-18.5,-16.9,17.0,-7.2,-7.1,-9.7
3.5073642499919515,3.5102961249940563,-20.966400872987276,-13.977600581991517,17.47200072748938,14.304778291546864,21.457167437320297,-31.44960130948091,-24.2578125,-16.5234375,20.302734375,13.18359375,20.302734375,-32.87109375,26.3671875,21.97265625,-21.97265625,21.97265625,35.15625,48.33984375,-18.5,-16.9,17.0,-7.2,-8.2,-9.7
3.510313624981791,3.5132921249896754,-20.86676801171495,-13.911178674476632,17.38897334309581,14.369380915223402,21.554071372835104,-31.300152017572422,-24.169921875,-16.435546875,20.21484375,13.271484375,20.390625,-32.6953125,26.3671875,21.97265625,-21.97265625,21.97265625,35.15625,48.33984375,-18.5,-16.1,17.0,-7.2,-7.4,-8.7
3.51331191699137,3.5162922089803033,-20.76502362018624,-13.843349080124161,17.304186350155188,14.434738870025516,21.652108305038276,-31.147535430279362,-24.08203125,-16.435546875,20.21484375,13.359375,20.478515625,-32.51953125,26.3671875,21.97265625,-21.97265625,21.97265625,35.15625,48.33984375,-18.6,-16.9,16.8,-6.4,-7.4,-8.7
3.5163105840038043,3.51929199998267,-20.66280582192888,-13.77520388128592,17.219004851607416,14.499784758023317,21.749677137034976,-30.99420873289332,-23.994140625,-16.34765625,20.126953125,13.359375,20.654296875,-32.431640625,26.3671875,21.97265625,-21.97265625,21.97265625,35.15625,48.33984375,-18.6,-16.9,16.8,-7.2,-6.3,-9.5
3.5193119999894407,3.522266291984124,-20.560035245123387,-13.70669016341559,17.133362704269476,14.564568128308037,21.846852192462055,-30.84005286768508,-23.90625,-16.259765625,20.0390625,13.447265625,20.7421875,-32.255859375,26.3671875,21.97265625,-21.97265625,21.97265625,35.15625,48.33984375,-18.6,-16.1,16.8,-7.2,-6.3,-9.5
3.522282666992396,3.525253874977352,-20.457867527119976,-13.638578351413317,17.048222939266665,14.628369032546313,21.94255354881947,-30.686801290679963,-23.818359375,-16.171875,19.951171875,13.53515625,20.830078125,-32.080078125,26.3671875,21.97265625,-21.97265625,21.97265625,35.15625,48.33984375,-18.6,-16.0,16.8,-7.2,-6.3,-8.9
3.525272333994508,3.5283355839783326,-20.354596621229874,-13.569731080819915,16.962163851024897,14.692256409218768,22.03838461382815,-30.53189493184481,-23.73046875,-16.171875,19.86328125,13.53515625,20.91796875,-31.9921875,26.3671875,21.97265625,-21.97265625,21.97265625,35.15625,48.33984375,-18.6,-16.8,16.8,-7.2,-6.3,-9.7
3.528352666995488,3.5313348339986987,-20.24772437509535,-13.498482916730232,16.873103645912792,14.757742339082291,22.136613508623437,-30.371586562643024,-23.642578125,-16.083984375,19.775390625,13.623046875,21.005859375,-31.81640625,26.3671875,17.578125,-21.97265625,21.97265625,35.15625,52.734375,-18.6,-16.8,16.8,-7.2,-7.1,-9.7
3.5313502499775495,3.5342937919776887,-20.14326801737101,-13.428845344914006,16.78605668114251,14.821137361969942,22.231706042954915,-30.214902026056514,-23.5546875,-15.99609375,19.6875,13.7109375,21.09375,-31.640625,26.3671875,17.578125,-21.97265625,21.97265625,35.15625,52.734375,-18.6,-16.0,16.8,-7.2,-7.1,-9.6
3.5343084589985665,3.537310791987693,-20.039745876859293,-13.359830584572862,16.699788230716077,14.883377531713409,22.325066297570114,-30.059618815288943,-23.466796875,-15.908203125,19.6875,13.7109375,21.181640625,-31.46484375,26.3671875,17.578125,-21.97265625,21.97265625,35.15625,52.734375,-18.4,-16.0,17.6,-8.0,-7.1,-8.8
3.5373251249839086,3.5403345419908874,-19.933732445314156,-13.28915496354277,16.611443704428467,14.946516662920043,22.419774994380067,-29.900598667971234,-23.37890625,-15.908203125,19.599609375,13.798828125,21.26953125,-31.2890625,26.3671875,17.578125,-21.97265625,21.97265625,35.15625,52.734375,-18.4,-16.8,17.6,-7.2,-7.2,-8.8
3.5403487499861512,3.543415958993137,-19.827025316109772,-13.218016877406516,16.522521096758148,15.009464674950816,22.514197012426223,-29.74053797416466,-23.291015625,-15.8203125,19.51171875,13.88671875,21.357421875,-31.11328125,30.76171875,17.578125,-21.97265625,21.97265625,35.15625,52.734375,-18.4,-16.8,17.6,-7.2,-7.2,-8.7
3.5434322499786504,3.5473327089857776,-19.717744522785853,-13.145163015190569,16.431453768988195,15.073310495842179,22.60996574376327,-29.57661678417878,-23.203125,-15.8203125,19.423828125,13.88671875,21.533203125,-31.025390625,30.76171875,17.578125,-21.97265625,17.578125,30.76171875,52.734375,-19.2,-16.8,17.6,-8.0,-6.4,-9.5
3.547351624991279,3.550305874989135,-19.578172567006103,-13.052115044670735,16.31514380583844,15.153953044030452,22.730929566045678,-29.367258850509156,-23.115234375,-15.732421875,19.3359375,13.974609375,21.62109375,-30.76171875,30.76171875,17.578125,-21.97265625,17.578125,30.76171875,52.734375,-19.2,-16.8,17.6,-8.0,-6.5,-7.9
3.55032358400058,3.55328974997974,-19.47184385526173,-12.981229236841154,16.226536546051445,15.21471943548682,22.82207915323023,-29.207765782892597,-23.02734375,-15.64453125,19.248046875,14.0625,21.708984375,-30.5859375,30.76171875,21.97265625,-21.97265625,17.578125,30.76171875,52.734375,-19.2,-16.8,17.6,-7.2,-6.5,-7.0
3.5533071249956265,3.5563110839866567,-19.364673933053847,-12.909782622035898,16.137228277544892,15.275389116215008,22.91308367432251,-29.047010899580773,-22.939453125,-15.556640625,19.16015625,14.150390625,21.796875,-30.41015625,30.76171875,21.97265625,-21.97265625,17.578125,30.76171875,52.734375,-19.3,-16.8,17.8,-7.2,-6.5,-6.2
3.55632874998264,3.5594119589950424,-19.255702534035844,-12.837135022690562,16.046418778363204,15.33649126786213,23.004736901793194,-28.883553801053765,-22.8515625,-15.556640625,19.16015625,14.23828125,21.884765625,-30.322265625,30.76171875,21.97265625,-21.97265625,17.578125,30.76171875,52.734375,-19.3,-17.6,18.6,-7.2,-7.2,-7.0
3.5594443749869242,3.563289541983977,-19.142886918185614,-12.761924612123742,15.952405765154682,15.399132449409942,23.098698674114914,-28.714330377278422,-22.763671875,-15.46875,19.072265625,14.326171875,21.97265625,-30.146484375,30.76171875,21.97265625,-26.3671875,17.578125,30.76171875,52.734375,-19.3,-16.8,18.6,-6.4,-8.0,-8.1
3.5633062919951044,3.5662729589967057,-19.002412260880103,-12.668274840586735,15.835343550733437,15.476266105341983,23.214399158012974,-28.503618391320153,-22.587890625,-15.380859375,18.984375,14.4140625,22.060546875,-30.05859375,30.76171875,21.97265625,-26.3671875,21.97265625,26.3671875,52.734375,-19.3,-16.8,18.6,-6.4,-7.2,-9.7
3.5662893340049777,3.569176458986476,-18.8934271442108,-12.595618096140534,15.744522620175665,15.53545637489215,23.303184562338224,-28.3401407163162,-22.587890625,-15.29296875,18.896484375,14.4140625,22.1484375,-29.8828125,30.76171875,21.97265625,-26.3671875,21.97265625,26.3671875,48.33984375,-20.1,-16.8,18.6,-8.0,-7.2,-9.7
3.5691896670032293,3.5723144999938086,-18.787066035789035,-12.524710690526025,15.655888363157514,15.592678478010862,23.389017717016294,-28.180599053683554,-22.5,-15.29296875,18.80859375,14.501953125,22.236328125,-29.794921875,30.76171875,17.578125,-26.3671875,21.97265625,26.3671875,48.33984375,-20.1,-17.6,18.6,-7.2,-7.2,-10.5
3.572335042001214,3.575292374996934,-18.671278064278162,-12.447518709518775,15.55939838689849,15.654369293465004,23.481553940197507,-28.006917096417244,-22.412109375,-15.205078125,18.720703125,14.58984375,22.412109375,-29.619140625,30.76171875,17.578125,-26.3671875,21.97265625,26.3671875,48.33984375,-20.0,-17.6,18.4,-6.4,-6.4,-10.7
3.57530716698966,3.578366208996158,-18.561448931139907,-12.374299287426604,15.467874109283278,15.712311005870314,23.56846650880547,-27.84217339670986,-22.32421875,-15.1171875,18.6328125,14.677734375,22.5,-29.443359375,30.76171875,17.578125,-26.3671875,21.97265625,26.3671875,48.33984375,-20.0,-17.6,18.4,-6.4,-6.3,-9.9
3.5783796249888837,3.582357499981299,-18.447486935728698,-12.298324623819132,15.372905779773937,15.771848700997735,23.6577730514966,-27.671230403593047,-22.236328125,-15.029296875,18.544921875,14.677734375,22.587890625,-29.267578125,26.3671875,17.578125,-26.3671875,21.97265625,26.3671875,48.33984375,-20.8,-16.8,18.4,-7.2,-6.3,-9.1
3.5823699169850443,3.5853306249773595,-18.29884012681533,-12.199226751210219,15.249033439012758,15.8486234945675,23.77293524185125,-27.448260190222992,-22.060546875,-14.94140625,18.45703125,14.765625,22.67578125,-29.00390625,26.3671875,17.578125,-26.3671875,21.97265625,35.15625,48.33984375,-20.0,-16.9,18.4,-6.4,-6.3,-9.5
3.585343374987133,3.588318124995567,-18.187604757430307,-12.125069838286871,15.156337297858574,15.905429306267278,23.858143959400916,-27.281407136145457,-21.97265625,-14.94140625,18.369140625,14.853515625,22.763671875,-28.828125,26.3671875,17.578125,-26.3671875,21.97265625,35.15625,52.734375,-20.0,-17.7,18.4,-6.4,-6.4,-9.5
3.5883304169983603,3.591387124994071,-18.075461729354373,-12.050307819569582,15.06288477446196,15.962145264770026,23.94321789715504,-27.113192594031556,-21.884765625,-14.853515625,18.369140625,14.94140625,22.939453125,-28.740234375,26.3671875,21.97265625,-26.3671875,21.97265625,35.15625,52.734375,-20.0,-17.7,19.2,-6.4,-5.6,-11.1
3.5914012499852106,3.5953249169979244,-17.959758112009947,-11.973172074673297,14.966465093341624,16.02008584465962,24.030128766989428,-26.93963716801492,-21.796875,-14.765625,18.28125,14.94140625,22.939453125,-28.564453125,26.3671875,21.97265625,-26.3671875,21.97265625,35.15625,52.734375,-20.8,-17.7,19.2,-7.2,-6.4,-11.4
3.5953397499979474,3.598428666999098,-17.810751020892006,-11.873834013928004,14.842292517410025,16.09385180153236,24.14077770229854,-26.71612653133801,-21.62109375,-14.677734375,18.10546875,15.029296875,23.02734375,-28.30078125,26.3671875,21.97265625,-26.3671875,21.97265625,35.15625,52.734375,-20.1,-17.7,18.5,-6.4,-7.2,-9.8
3.5984434589918237,3.602258291997714,-17.69284641486815,-11.795230943245434,14.744038679056812,16.15154874912946,24.22732312369419,-26.539269622302225,-21.533203125,-14.677734375,18.017578125,15.1171875,23.203125,-28.125,35.15625,21.97265625,-26.3671875,21.97265625,35.15625,52.734375,-20.9,-18.5,18.5,-6.4,-6.4,-9.0
3.6022725839866325,3.605320375005249,-17.546805343796088,-11.697870229197392,14.622337786496722,16.222201826535674,24.33330273980351,-26.32020801569413,-21.4453125,-14.501953125,17.9296875,15.205078125,23.291015625,-27.861328125,35.15625,21.97265625,-26.3671875,21.97265625,26.3671875,52.734375,-20.9,-17.6,19.3,-7.2,-6.4,-7.6
3.605343000002904,3.608398166979896,-17.42924224301035,-11.619494828673567,14.524368535841962,16.278431740386672,24.41764761058001,-26.143863364515525,-21.357421875,-14.501953125,17.841796875,15.205078125,23.37890625,-27.685546875,35.15625,21.97265625,-26.3671875,21.97265625,26.3671875,57.12890625,-20.9,-18.4,19.3,-7.2,-6.5,-8.4
3.6084142919862643,3.612310124997748,-17.311240002834445,-11.540826668556296,14.426033335695356,16.334298877097225,24.50144831564584,-25.966860004251668,-21.26953125,-14.4140625,17.75390625,15.29296875,23.466796875,-27.59765625,35.15625,21.97265625,-26.3671875,21.97265625,26.3671875,57.12890625,-21.7,-17.6,19.3,-6.4,-6.5,-10.0
3.6123251669923775,3.6153823749918956,-17.160397292632986,-11.440264861755324,14.300331077194139,16.40488768303174,24.607331524547604,-25.740595938949483,-21.09375,-14.326171875,17.666015625,15.380859375,23.5546875,-27.333984375,35.15625,21.97265625,-26.3671875,21.97265625,26.3671875,57.12890625,-20.8,-18.4,19.2,-6.4,-6.5,-10.7
3.6153965840057936,3.6184398339828476,-17.041478229450654,-11.360985486300436,14.201231857875548,16.459890910333243,24.68983636549986,-25.562217344175984,-21.005859375,-14.23828125,17.578125,15.380859375,23.642578125,-27.158203125,35.15625,21.97265625,-26.3671875,21.97265625,26.3671875,57.12890625,-20.8,-17.6,19.2,-7.2,-6.3,-11.5
3.6184542499831878,3.622298292000778,-16.922697569504916,-11.281798379669944,14.102247974587447,16.514267326178192,24.771400989267292,-25.38404635425737,-20.830078125,-14.150390625,17.490234375,15.46875,23.73046875,-26.982421875,30.76171875,21.97265625,-26.3671875,21.97265625,26.3671875,57.12890625,-20.8,-17.6,19.2,-6.4,-6.3,-10.7
3.622317583998665,3.6254148749867454,-16.772061372089542,-11.181374248059694,13.976717810074618,16.582426539105413,24.87363980865812,-25.15809205813431,-20.7421875,-14.0625,17.40234375,15.556640625,23.90625,-26.806640625,30.76171875,21.97265625,-26.3671875,17.578125,30.76171875,57.12890625,-20.8,-17.7,20.0,-6.4,-5.5,-11.2
3.625433459004853,3.6292912919889204,-16.65011930209397,-11.100079534729312,13.875099418411644,16.63695387751867,24.955430816278003,-24.975178953140954,-20.654296875,-13.974609375,17.314453125,15.64453125,23.994140625,-26.54296875,30.76171875,21.97265625,-26.3671875,17.578125,30.76171875,57.12890625,-20.8,-17.7,20.0,-6.4,-5.5,-10.4
3.629313124984037,3.6323882500000764,-16.497728546516875,-10.998485697677918,13.748107122097416,16.704290238078787,25.056435357118183,-24.746592819775316,-20.478515625,-13.974609375,17.2265625,15.732421875,24.08203125,-26.279296875,30.76171875,21.97265625,-26.3671875,17.578125,30.76171875,57.12890625,-20.8,-18.5,20.0,-5.6,-6.3,-9.5
3.6324026669899467,3.636247583985096,-16.375934832916354,-10.917289888610902,13.64661236076363,16.75746942375352,25.136204135630283,-24.56390224937453,-20.390625,-13.798828125,17.138671875,15.8203125,24.169921875,-26.19140625,30.76171875,21.97265625,-26.3671875,17.578125,30.76171875,57.12890625,-20.9,-17.7,20.1,-5.6,-5.5,-10.3
3.6362620419822633,3.6393177089921664,-16.22325183728256,-10.81550122485504,13.519376531068803,16.823344889027247,25.235017333540867,-24.334877755923838,-20.302734375,-13.7109375,16.962890625,15.8203125,24.2578125,-25.927734375,30.76171875,21.97265625,-26.3671875,17.578125,30.76171875,57.12890625,-20.9,-17.7,19.3,-6.4,-6.5,-10.3
3.6393396249914076,3.642414624977391,-16.101070207726963,-10.734046805151308,13.41755850643914,16.875433007328166,25.31314951099225,-24.151605311590448,-20.126953125,-13.623046875,16.875,15.908203125,24.345703125,-25.751953125,35.15625,21.97265625,-26.3671875,17.578125,30.76171875,57.12890625,-20.9,-17.7,19.3,-5.6,-5.7,-10.5
3.642453916982049,3.64633262497955,-15.977048183380308,-10.651365455586872,13.314206819483612,16.927740957715848,25.39161143657377,-23.96557227507046,-20.0390625,-13.53515625,16.787109375,15.908203125,24.345703125,-25.576171875,35.15625,21.97265625,-26.3671875,17.578125,26.3671875,57.12890625,-20.9,-17.5,19.3,-6.4,-6.5,-10.5
3.646348958980525,3.6494464589923155,-15.821396167890668,-10.547597445260447,13.18449680657556,16.99259215460476,25.488888231907143,-23.732094251836003,-19.951171875,-13.53515625,16.69921875,15.99609375,24.521484375,-25.3125,35.15625,21.97265625,-26.3671875,17.578125,26.3671875,57.12890625,-21.7,-18.3,20.1,-6.4,-6.4,-10.5
3.6494620419980492,3.6533158340025693,-15.696566344960791,-10.464377563307195,13.080471954133996,17.043966739364194,25.565950109046295,-23.544849517441186,-19.775390625,-13.447265625,16.611328125,15.99609375,24.609375,-25.13671875,35.15625,26.3671875,-26.3671875,17.578125,26.3671875,57.12890625,-20.9,-18.3,20.1,-6.4,-5.6,-10.4
3.65333262499189,3.6563799169962294,-15.540838833075744,-10.360559222050496,12.950699027563143,17.107273675439473,25.660910513159212,-23.311258249613616,-19.6875,-13.359375,16.5234375,16.083984375,24.609375,-24.873046875,35.15625,26.3671875,-26.3671875,17.578125,26.3671875,57.12890625,-21.6,-18.3,20.0,-6.4,-7.2,-10.4
3.6563952500000596,3.660303833981743,-15.41721099080253,-10.27814066053502,12.847675825668778,17.156917688275385,25.735376532413074,-23.125816486203796,-19.599609375,-13.271484375,16.34765625,16.171875,24.697265625,-24.697265625,35.15625,26.3671875,-26.3671875,17.578125,26.3671875,57.12890625,-21.6,-18.3,20.0,-6.4,-6.4,-10.4
3.660318499983987,3.663359958998626,-15.258321720804622,-10.172214480536415,12.715268100670517,17.219931839643422,25.82989775946513,-22.887482581206932,-19.423828125,-13.18359375,16.34765625,16.259765625,24.873046875,-24.521484375,35.15625,26.3671875,-30.76171875,17.578125,26.3671875,57.12890625,-21.6,-18.5,20.8,-5.6,-6.4,-11.2
3.663374333991669,3.667300458997488,-15.134160507447728,-10.089440338298486,12.611800422873129,17.268560845070887,25.90284126760633,-22.701240761171594,-19.3359375,-13.0078125,16.171875,16.259765625,24.873046875,-24.2578125,35.15625,26.3671875,-30.76171875,17.578125,26.3671875,57.12890625,-21.6,-17.7,20.0,-6.4,-6.4,-10.4
3.6673153339943383,3.6703448339831084,-14.973519789334595,-9.982346526223063,12.477933157778832,17.33068832534941,25.996032488024117,-22.460279684001893,-19.16015625,-13.0078125,16.083984375,16.34765625,25.048828125,-24.08203125,35.15625,26.3671875,-30.76171875,17.578125,26.3671875,61.5234375,-21.6,-18.5,20.0,-5.6,-6.4,-11.2
3.670360833988525,3.6733223339833785,-14.848987541833575,-9.89932502788905,12.374156284861334,17.37824398471288,26.067365977069322,-22.273481312750363,-19.072265625,-12.919921875,15.99609375,16.34765625,25.13671875,-23.90625,35.15625,26.3671875,-30.76171875,17.578125,26.3671875,61.5234375,-21.6,-18.5,20.0,-6.4,-5.6,-11.2
3.673337083979277,3.676416624977719,-14.72695862549083,-9.817972416993888,12.272465521242362,17.42433406529923,26.136501097948845,-22.090437938236246,-18.984375,-12.83203125,15.908203125,16.435546875,25.224609375,-23.73046875,35.15625,26.3671875,-30.76171875,17.578125,26.3671875,61.5234375,-21.6,-18.5,20.8,-6.4,-5.6,-11.2
3.676434208988212,3.6803151249769144,-14.599632011667444,-9.733088007778296,12.166360009722872,17.471891650100236,26.207837475150352,-21.899448017501165,-18.896484375,-12.744140625,15.8203125,16.435546875,25.3125,-23.5546875,35.15625,26.3671875,-30.76171875,17.578125,26.3671875,61.5234375,-22.4,-18.5,20.8,-6.4,-4.7,-11.2
3.680332833988359,3.683440291992156,-14.438863875775082,-9.62590925051672,12.032386563145884,17.531168560618443,26.296752840927667,-21.658295813662622,-18.720703125,-12.65625,15.64453125,16.5234375,25.400390625,-23.291015625,35.15625,26.3671875,-30.76171875,17.578125,26.3671875,61.5234375,-21.6,-18.4,20.0,-6.4,-4.7,-10.4
3.683457584003918,3.6872574589797296,-14.309616907272408,-9.539744604848273,11.924680756060344,17.57820448379948,26.367306725699223,-21.464425360908614,-18.6328125,-12.568359375,15.556640625,16.611328125,25.400390625,-23.115234375,35.15625,26.3671875,-30.76171875,13.18359375,26.3671875,61.5234375,-22.4,-18.4,20.0,-5.6,-5.5,-11.2
3.6872768749890383,3.690330499986885,-14.15117421338852,-9.434116142259013,11.79264517782377,17.63511986390702,26.452679795860526,-21.22676132008278,-18.45703125,-12.48046875,15.46875,16.69921875,25.48828125,-22.8515625,35.15625,21.97265625,-30.76171875,13.18359375,26.3671875,61.5234375,-21.6,-18.4,20.8,-5.6,-5.6,-10.4
3.6903484590002336,3.693341584003065,-14.023380236908253,-9.348920157938835,11.686150197423565,17.680432457394385,26.52064868609158,-21.03507035536238,-18.369140625,-12.392578125,15.380859375,16.69921875,25.576171875,-22.67578125,35.15625,21.97265625,-30.76171875,13.18359375,26.3671875,61.5234375,-22.4,-18.4,20.8,-6.4,-5.6,-10.4
3.6933594589936547,3.6963022089912556,-13.89778999879144,-9.265193332527627,11.581491665659536,17.724451825398877,26.586677738098317,-20.84668499818716,-18.28125,-12.3046875,15.29296875,16.787109375,25.576171875,-22.5,35.15625,21.97265625,-30.76171875,13.18359375,26.3671875,61.5234375,-22.4,-18.4,20.8,-5.6,-6.4,-11.2
3.6963291669962928,3.6992880839970894,-13.773617532935148,-9.182411688623432,11.478014610779312,17.767479156611717,26.651218734917574,-20.660426299402722,-18.193359375,-12.216796875,15.1171875,16.787109375,25.6640625,-22.236328125,35.15625,21.97265625,-30.76171875,13.18359375,26.3671875,61.5234375,-22.4,-18.4,20.0,-6.4,-5.6,-10.4
3.699305458983872,3.702384499978507,-13.648869056160503,-9.099246037440336,11.374057546800403,17.81021396699451,26.715320950491765,-20.473303584240757,-18.017578125,-12.12890625,15.1171875,16.875,25.751953125,-22.060546875,35.15625,21.97265625,-30.76171875,13.18359375,26.3671875,61.5234375,-22.4,-18.4,20.8,-5.6,-5.6,-10.4
3.7024035840004217,3.706294292001985,-13.518697211794274,-9.012464807862848,11.265581009828564,17.854284586256423,26.781426879384632,-20.27804581769141,-17.9296875,-12.041015625,15.029296875,16.875,25.83984375,-21.884765625,35.15625,21.97265625,-30.76171875,17.578125,17.578125,61.5234375,-22.4,-18.4,20.8,-6.4,-5.6,-10.4
3.7063120839884505,3.7103818339819554,-13.354020035729336,-8.902680023819556,11.128350029774428,17.909279393473213,26.86391909020982,-20.031030053594,-17.75390625,-11.953125,14.853515625,16.962890625,25.927734375,-21.62109375,35.15625,21.97265625,-30.76171875,17.578125,17.578125,61.5234375,-22.4,-18.4,20.8,-5.6,-5.7,-9.6
3.710421541996766,3.7142862920009065,-13.18033315647212,-8.786888770981413,10.98361096372675,17.966373750047634,26.949560625071452,-19.77049973470818,-17.666015625,-11.865234375,14.765625,17.05078125,26.015625,-21.357421875,35.15625,26.3671875,-30.76171875,17.578125,17.578125,61.5234375,-22.4,-18.4,20.8,-5.6,-6.5,-9.5
3.7143144169822335,3.717297208990203,-13.015293525386445,-8.67686235025763,10.84607793782206,18.019768582162246,27.02965287324337,-19.522940288079667,-17.490234375,-11.77734375,14.58984375,17.05078125,26.103515625,-21.181640625,35.15625,26.3671875,-30.76171875,17.578125,17.578125,61.5234375,-22.6,-18.4,20.9,-5.6,-5.5,-9.5
3.7173289170023054,3.7203249169979244,-12.887158209496835,-8.591438806331222,10.739298507914032,18.060652791000273,27.090979186500405,-19.33073731424525,-17.40234375,-11.689453125,14.501953125,17.138671875,26.19140625,-20.91796875,35.15625,26.3671875,-30.76171875,17.578125,17.578125,61.5234375,-23.4,-18.4,20.9,-5.6,-5.5,-9.5
3.720354208984645,3.723331874993164,-12.758273664223399,-8.505515776148933,10.63189472018617,18.101276236268028,27.15191435440204,-19.1374104963351,-17.314453125,-11.6015625,14.4140625,17.138671875,26.19140625,-20.830078125,35.15625,26.3671875,-30.76171875,17.578125,21.97265625,61.5234375,-23.4,-18.4,20.9,-5.6,-5.5,-11.3
3.72335570899304,3.7263129169878084,-12.630117980506183,-8.420078653670789,10.525098317088467,18.141176242625438,27.211764363938155,-18.945176970759274,-17.138671875,-11.513671875,14.326171875,17.2265625,26.279296875,-20.654296875,35.15625,26.3671875,-30.76171875,17.578125,21.97265625,61.5234375,-22.6,-18.4,20.9,-5.6,-5.6,-11.3
3.726345000002766,3.729299999977229,-12.502204541699685,-8.33480302779979,10.41850378474974,18.18051315248773,27.270769728731597,-18.75330681254953,-17.05078125,-11.42578125,14.23828125,17.314453125,26.3671875,-20.478515625,35.15625,26.3671875,-30.76171875,17.578125,21.97265625,61.5234375,-23.4,-18.4,20.9,-4.8,-5.6,-11.3
3.729323874984402,3.732307625003159,-12.374462593876835,-8.249641729251223,10.312052161564033,18.219314238988165,27.328971358482246,-18.561693890815253,-16.962890625,-11.337890625,14.150390625,17.314453125,26.3671875,-20.302734375,35.15625,26.3671875,-30.76171875,17.578125,21.97265625,61.5234375,-23.4,-18.4,20.9,-5.6,-5.6,-11.3
3.732334041997092,3.7353039589943364,-12.245103549835807,-8.163402366557206,10.20425295819651,18.258117696019166,27.387176544028748,-18.367655324753713,-16.875,-11.25,14.0625,17.314453125,26.455078125,-20.0390625,35.15625,26.3671875,-30.76171875,17.578125,21.97265625,61.5234375,-23.2,-18.4,21.6,-5.6,-5.6,-11.3
3.7353342499991413,3.7383288749842905,-12.115900070743137,-8.077266713828758,10.096583392285929,18.296386594999404,27.444579892499107,-18.173850106114706,-16.787109375,-11.25,13.974609375,17.40234375,26.54296875,-19.86328125,35.15625,26.3671875,-30.76171875,17.578125,21.97265625,61.5234375,-24.0,-19.2,21.6,-5.6,-5.6,-11.3
3.7383597919833846,3.7413213749823626,-11.985333088145312,-7.990222058763542,9.987777573454409,18.33456711928723,27.501850678930847,-17.97799963221797,-16.611328125,-11.162109375,13.88671875,17.40234375,26.54296875,-19.6875,35.15625,26.3671875,-30.76171875,17.578125,21.97265625,61.5234375,-23.2,-19.2,21.6,-5.6,-5.6,-11.3
3.7413547500036657,3.7443595840013586,-11.85581933023149,-7.903879553487661,9.879849441859559,18.37195384285405,27.557930764281075,-17.783728995347236,-16.5234375,-11.07421875,13.798828125,17.490234375,26.630859375,-19.51171875,35.15625,26.3671875,-30.76171875,13.18359375,21.97265625,61.5234375,-23.2,-19.2,21.6,-5.6,-5.6,-11.1
3.7444012089981697,3.748310416995082,-11.723809284857253,-7.815872856571502,9.76984107071438,18.409566303688656,27.614349455532984,-17.58571392728588,-16.435546875,-10.986328125,13.623046875,17.490234375,26.71875,-19.248046875,35.15625,26.3671875,-30.76171875,13.18359375,21.97265625,61.5234375,-24.0,-18.4,20.8,-5.6,-5.7,-11.1
3.7483315419813152,3.7513614170020446,-11.55310277867138,-7.7020685191142535,9.627585648892799,18.457468421397046,27.68620263209557,-17.32965416800707,-16.259765625,-10.8984375,13.53515625,17.578125,26.806640625,-18.984375,35.15625,26.3671875,-30.76171875,13.18359375,21.97265625,61.5234375,-24.0,-19.2,21.6,-4.8,-4.9,-10.3
3.751380166999297,3.7552587499958463,-11.420387987665542,-7.613591991777028,9.516989989721287,18.494140071459086,27.74121010718863,-17.130581981498313,-16.171875,-10.810546875,13.447265625,17.578125,26.806640625,-18.720703125,35.15625,26.3671875,-30.76171875,13.18359375,21.97265625,61.5234375,-24.1,-19.2,21.7,-5.6,-5.7,-9.6
3.755273999995552,3.758340833999682,-11.250498572044867,-7.500332381363245,9.37541547670408,18.540361759390617,27.810542639085927,-16.8757478580673,-15.99609375,-10.634765625,13.271484375,17.666015625,26.89453125,-18.6328125,35.15625,26.3671875,-30.76171875,13.18359375,21.97265625,61.5234375,-24.1,-18.4,20.9,-4.8,-5.5,-11.2
3.7583535839803517,3.761341083998559,-11.115836766691466,-7.4105578444609765,9.263197305576224,18.576426794028443,27.864640191042668,-16.6737551500372,-15.908203125,-10.634765625,13.18359375,17.666015625,26.982421875,-18.369140625,39.55078125,26.3671875,-30.76171875,13.18359375,21.97265625,61.5234375,-24.1,-19.2,21.7,-5.6,-4.7,-10.4
3.761353166977642,3.7643958749831654,-10.984423093182686,-7.322948728788457,9.153685910985574,18.611137039835462,27.916705559753193,-16.47663463977403,-15.732421875,-10.546875,13.095703125,17.666015625,26.982421875,-18.193359375,39.55078125,26.3671875,-30.76171875,8.7890625,17.578125,61.5234375,-24.1,-19.2,21.7,-5.6,-5.5,-11.3
3.7644168749975506,3.7682437089970335,-10.849948348331543,-7.233298898887695,9.041623623609642,18.646162796654707,27.96924419498206,-16.274922522497317,-15.732421875,-10.458984375,13.0078125,17.75390625,27.0703125,-18.017578125,39.55078125,26.3671875,-30.76171875,8.7890625,17.578125,61.5234375,-24.9,-19.2,21.7,-5.6,-5.6,-11.3
3.7682562499830965,3.7714122500037774,-10.681073010141521,-7.120715340094348,8.900894175117958,18.689446568728165,28.034169853092248,-16.021609515212283,-15.46875,-10.37109375,12.919921875,17.75390625,27.158203125,-17.75390625,39.55078125,26.3671875,-30.76171875,8.7890625,17.578125,61.5234375,-24.1,-19.2,21.7,-5.6,-4.8,-11.3
3.771424249978736,3.775230625004042,-10.541435380367485,-7.027623586911656,8.784529483639574,18.724649708891295,28.086974563336945,-15.812153070551227,-15.380859375,-10.283203125,12.744140625,17.841796875,27.158203125,-17.490234375,39.55078125,26.3671875,-30.76171875,8.7890625,17.578125,61.5234375,-24.0,-19.2,21.6,-5.6,-5.6,-11.2
3.7752437089802697,3.778197584004374,-10.372736279148777,-6.915157519432517,8.64394689929063,18.76647533452768,28.149713001791522,-15.559104418723164,-15.205078125,-10.107421875,12.65625,17.841796875,27.24609375,-17.314453125,39.55078125,26.3671875,-30.76171875,8.7890625,17.578125,61.5234375,-24.0,-18.4,21.6,-5.6,-5.6,-11.2
3.778208874980919,3.7812789999879897,-10.24151211464212,-6.827674743094747,8.534593428868437,18.79848019395467,28.197720290932008,-15.362268171963182,-15.1171875,-10.107421875,12.568359375,17.9296875,27.333984375,-17.138671875,35.15625,26.3671875,-35.15625,8.7890625,17.578125,61.5234375,-24.8,-19.2,21.6,-5.6,-4.8,-11.2
3.781288250000216,3.7843332499905955,-10.104998460897566,-6.736665640598377,8.420832050747954,18.831286096461422,28.246929144692132,-15.157497691346348,-15.029296875,-10.01953125,12.48046875,17.9296875,27.333984375,-16.875,35.15625,26.3671875,-35.15625,13.18359375,17.578125,61.5234375,-24.8,-19.3,22.4,-5.6,-5.6,-11.2
3.7843425419996493,3.7873436670051888,-9.969363221368996,-6.64624214757933,8.307802684474165,18.86338955001831,28.295084325027467,-14.954044832053492,-14.94140625,-9.931640625,12.392578125,18.017578125,27.333984375,-16.611328125,35.15625,26.3671875,-35.15625,13.18359375,17.578125,70.3125,-24.8,-19.3,22.4,-4.8,-5.6,-10.4
3.7873519999848213,3.7903192919911817,-9.83549451639183,-6.55699634426122,8.196245430326528,18.894597083329007,28.34189562499351,-14.753241774587744,-14.765625,-9.84375,12.216796875,18.017578125,27.421875,-16.435546875,35.15625,26.3671875,-35.15625,13.18359375,17.578125,70.3125,-24.8,-19.3,21.6,-5.6,-5.6,-11.2
3.790327458991669,3.7933124999981374,-9.702922084082191,-6.468614722721461,8.08576840340183,18.925036950267526,28.387555425401285,-14.554383126123287,-14.677734375,-9.755859375,12.12890625,18.10546875,27.421875,-16.259765625,35.15625,26.3671875,-35.15625,13.18359375,17.578125,70.3125,-24.8,-19.3,21.6,-4.8,-5.6,-11.2
3.7933201669948176,3.7963134169986006,-9.569367318938744,-6.379578212625829,7.974472765782267,18.95523626413002,28.43285439619503,-14.354050978408116,-14.58984375,-9.66796875,12.041015625,18.10546875,27.509765625,-16.083984375,35.15625,26.3671875,-35.15625,13.18359375,17.578125,70.3125,-25.7,-19.3,21.7,-4.8,-5.6,-11.2
3.7963227089785505,3.7993349169846624,-9.435161184173191,-6.290107456115461,7.862634320144307,18.985113857718122,28.477670786577182,-14.152741776259788,-14.4140625,-9.580078125,11.953125,18.193359375,27.59765625,-15.8203125,35.15625,26.3671875,-35.15625,13.18359375,17.578125,70.3125,-24.9,-19.3,22.5,-4.8,-5.6,-11.2
3.79934308398515,3.8025395419972483,-9.299946212482837,-6.199964141655224,7.749955177069054,19.014742823456473,28.52211423518471,-13.949919318724255,-14.326171875,-9.4921875,11.865234375,18.193359375,27.685546875,-15.64453125,39.55078125,26.3671875,-30.76171875,13.18359375,17.578125,70.3125,-24.9,-19.2,22.5,-4.8,-4.8,-11.2
3.802546999999322,3.8062137919769157,-9.156285813624596,-6.104190542416397,7.630238178020478,19.045704445409054,28.56855666811358,-13.734428720436892,-14.150390625,-9.404296875,11.77734375,18.193359375,27.685546875,-15.46875,39.55078125,26.3671875,-30.76171875,13.18359375,17.578125,70.3125,-24.9,-19.2,22.5,-4.8,-5.6,-11.2
3.806221042003017,3.8092561670055147,-8.991260202418589,-5.994173468279059,7.492716835348827,19.080615410205702,28.620923115308557,-13.486890303627883,-14.0625,-9.31640625,11.6015625,18.193359375,27.7734375,-15.205078125,39.55078125,26.3671875,-30.76171875,13.18359375,17.578125,65.91796875,-25.7,-19.2,22.5,-5.6,-4.8,-12.0
3.8092633339983877,3.8121854169876315,-8.854383784870572,-5.902922523247049,7.378653154058791,19.109042510930333,28.6635637663955,-13.28157567730586,-13.974609375,-9.228515625,11.513671875,18.28125,27.7734375,-15.029296875,39.55078125,30.76171875,-30.76171875,13.18359375,17.578125,65.91796875,-25.7,-19.2,22.5,-4.8,-5.6,-12.0
3.812193583988119,3.8153290420013946,-8.722357062099892,-5.814904708066595,7.268630885083247,19.13601011799756,28.70401517699634,-13.083535593149838,-13.798828125,-9.140625,11.42578125,18.28125,27.861328125,-14.765625,39.55078125,30.76171875,-30.76171875,13.18359375,17.578125,65.91796875,-25.7,-19.2,22.4,-4.8,-4.8,-11.2
3.815343958995072,3.8183380419795867,-8.580206225404357,-5.720137483602905,7.150171854503612,19.164551316654432,28.746826974981644,-12.870309338106537,-13.623046875,-9.052734375,11.337890625,18.28125,27.861328125,-14.58984375,39.55078125,30.76171875,-30.76171875,13.18359375,17.578125,65.91796875,-25.7,-19.2,22.4,-5.6,-5.6,-12.0
3.8183462919841986,3.821327666984871,-8.444539733508877,-5.629693155672585,7.037116444590713,19.191314571257834,28.78697185688675,-12.666809600263315,-13.53515625,-8.96484375,11.162109375,18.369140625,27.94921875,-14.326171875,39.55078125,30.76171875,-35.15625,13.18359375,17.578125,65.91796875,-25.7,-19.2,22.4,-4.8,-4.8,-11.2
3.821342209004797,3.824399125005584,-8.308975943577499,-5.539317295718332,6.924146619647918,19.217595164259123,28.826392746388688,-12.463463915366248,-13.447265625,-8.876953125,11.07421875,18.369140625,27.94921875,-14.150390625,39.55078125,30.76171875,-35.15625,8.7890625,13.18359375,65.91796875,-25.7,-19.3,22.4,-4.8,-5.6,-11.2
3.82440670899814,3.8273626669833902,-8.170118452366317,-5.446745634910878,6.808432043638579,19.24403705017685,28.866055575265275,-12.255177678549476,-13.271484375,-8.7890625,10.986328125,18.369140625,28.037109375,-13.88671875,39.55078125,30.76171875,-35.15625,8.7890625,13.18359375,70.3125,-25.7,-19.3,22.4,-5.6,-4.7,-11.2
3.827371041988954,3.831273499992676,-8.0356195232115,-5.357079682140999,6.696349602676231,19.269190363873413,28.90378554581012,-12.053429284817248,-13.18359375,-8.701171875,10.8984375,18.45703125,28.037109375,-13.7109375,39.55078125,26.3671875,-35.15625,8.7890625,13.18359375,70.3125,-25.7,-19.3,23.2,-4.8,-4.7,-11.2
3.83128908398794,3.834325000003446,-7.857581676494139,-5.238387784329426,6.547984730411764,19.301795082866988,28.952692624300482,-11.786372514741208,-13.0078125,-8.525390625,10.72265625,18.45703125,28.125,-13.447265625,39.55078125,26.3671875,-35.15625,8.7890625,13.18359375,70.3125,-25.6,-19.3,22.4,-4.8,-4.7,-10.4
3.8343328750052024,3.8373983339988627,-7.719064481459937,-5.146042987639959,6.43255373454993,19.326620024447152,28.989930036670728,-11.578596722189905,-12.83203125,-8.4375,10.634765625,18.544921875,28.125,-13.271484375,39.55078125,26.3671875,-35.15625,8.7890625,13.18359375,70.3125,-25.6,-19.3,22.4,-4.8,-4.8,-9.6
3.837405917001888,3.841310291987611,-7.579037133290992,-5.052691422193995,6.315864277742496,19.35123534537491,29.026853018062365,-11.368555699936488,-12.744140625,-8.4375,10.546875,18.544921875,28.212890625,-13.0078125,43.9453125,26.3671875,-35.15625,8.7890625,13.18359375,70.3125,-25.6,-20.1,23.2,-4.8,-4.8,-8.0
3.8413253749895375,3.8443595839780755,-7.400185861315496,-4.933457240876997,6.166821551096249,19.38197615446986,29.072964231704795,-11.100278791973244,-12.568359375,-8.26171875,10.37109375,18.544921875,28.212890625,-12.83203125,43.9453125,26.3671875,-35.15625,8.7890625,13.18359375,70.3125,-25.6,-19.1,22.4,-4.8,-4.8,-9.3
3.8443671249842737,3.8482659999863245,-7.261192177868567,-4.840794785245712,6.050993481557143,19.405326738994578,29.107990108491865,-10.891788266802852,-12.392578125,-8.173828125,10.283203125,18.6328125,28.30078125,-12.65625,43.9453125,26.3671875,-35.15625,8.7890625,13.18359375,61.5234375,-25.6,-19.1,22.4,-4.8,-4.9,-10.1
3.8482805419771466,3.8513354169845115,-7.08212402800469,-4.721416018669793,5.901770023337223,19.434717152010425,29.15207572801564,-10.623186042007035,-12.216796875,-8.0859375,10.107421875,18.6328125,28.30078125,-12.48046875,43.9453125,30.76171875,-35.15625,8.7890625,13.18359375,61.5234375,-25.6,-19.1,22.4,-4.8,-4.9,-12.4
3.8513432499894407,3.8543529589951504,-6.941795168404951,-4.6278634456033005,5.784829307004129,19.457206375244333,29.1858095628665,-10.412692752607427,-12.12890625,-7.998046875,10.01953125,18.720703125,28.388671875,-12.3046875,43.9453125,30.76171875,-35.15625,8.7890625,13.18359375,61.5234375,-25.6,-19.1,22.4,-4.0,-4.9,-13.2
3.854361042001983,3.858218749985099,-6.803367131362089,-4.535578087574726,5.669472609468411,19.478925314593514,29.21838797189027,-10.205050697043133,-12.041015625,-7.91015625,9.931640625,18.720703125,28.388671875,-12.12890625,43.9453125,30.76171875,-35.15625,8.7890625,13.18359375,61.5234375,-25.6,-19.1,23.2,-4.0,-4.7,-13.2
3.858228708995739,3.8611816669872496,-6.625731697068291,-4.417154464712194,5.521443080890245,19.5061207428559,29.259181114283844,-9.938597545602438,-11.77734375,-7.822265625,9.755859375,18.720703125,28.4765625,-11.865234375,39.55078125,30.76171875,-35.15625,8.7890625,13.18359375,61.5234375,-24.8,-19.9,22.4,-4.8,-3.9,-12.9
3.8611919169779867,3.864271375001408,-6.489470741201471,-4.326313827467647,5.407892284334562,19.52646943679943,29.289704155199143,-9.734206111802205,-11.689453125,-7.734375,9.755859375,18.720703125,28.4765625,-11.6015625,39.55078125,30.76171875,-35.15625,8.7890625,13.18359375,61.5234375,-25.6,-20.0,23.2,-4.8,-4.7,-12.9
3.8642805419804063,3.867357124981936,-6.347292971773074,-4.231528647848716,5.289410809810898,19.54722909525633,29.320843642884498,-9.52093945765961,-11.6015625,-7.646484375,9.580078125,18.80859375,28.4765625,-11.42578125,39.55078125,30.76171875,-35.15625,8.7890625,13.18359375,61.5234375,-25.6,-20.0,23.2,-4.0,-4.8,-12.9
3.8673656249884516,3.870346333977068,-6.205129103074467,-4.136752735382977,5.170940919228725,19.567505635780496,29.351258453670745,-9.307693654611699,-11.42578125,-7.55859375,9.4921875,18.80859375,28.564453125,-11.162109375,39.55078125,26.3671875,-35.15625,8.7890625,13.18359375,61.5234375,-25.6,-20.0,23.2,-4.0,-4.8,-12.1
3.8703545839816798,3.873344791994896,-6.067255715294092,-4.044837143529395,5.056046429411746,19.586712140691837,29.380068211037752,-9.100883572941138,-11.337890625,-7.3828125,9.31640625,18.80859375,28.564453125,-10.8984375,39.55078125,26.3671875,-35.15625,8.7890625,13.18359375,61.5234375,-25.6,-19.2,22.4,-4.8,-4.8,-11.9
3.8733539590029977,3.8763915419986006,-5.928767422141742,-3.952511614761161,4.940639518451454,19.60555155906556,29.408327338598344,-8.893151133212612,-11.162109375,-7.294921875,9.228515625,18.80859375,28.65234375,-10.634765625,39.55078125,26.3671875,-35.15625,8.7890625,13.18359375,61.5234375,-25.6,-19.2,22.4,-4.8,-4.0,-11.1
3.8764007089775987,3.8802524589991663,-5.787956993935349,-3.858637995956899,4.823297494946148,19.624242987085076,29.43636448062761,-8.681935490903022,-11.07421875,-7.20703125,9.140625,18.896484375,28.65234375,-10.37109375,43.9453125,26.3671875,-35.15625,8.7890625,13.18359375,61.5234375,-25.6,-19.2,23.2,-4.0,-4.8,-11.1
3.8802617919864133,3.883324624999659,-5.609320821998942,-3.7395472146659614,4.674434018332477,19.647284459417897,29.470926689126845,-8.413981232998413,-10.8984375,-7.119140625,9.052734375,18.896484375,28.65234375,-10.1953125,43.9453125,26.3671875,-35.15625,8.7890625,8.7890625,61.5234375,-25.6,-19.3,23.2,-4.0,-4.8,-11.9
3.883333167003002,3.8864991249865852,-5.467073471646197,-3.6447156477641314,4.555894559705167,19.665097199020995,29.49764579853149,-8.200610207469296,-10.72265625,-7.03125,8.96484375,18.896484375,28.740234375,-10.01953125,43.9453125,26.3671875,-35.15625,8.7890625,8.7890625,61.5234375,-25.6,-19.3,24.0,-4.8,-4.0,-11.9
3.8865089589962736,3.8901742919988465,-5.319856390319179,-3.5465709268794527,4.4332136585993185,19.68303418329129,29.524551274936936,-7.979784585478768,-10.634765625,-6.943359375,8.876953125,18.896484375,28.740234375,-9.755859375,43.9453125,30.76171875,-35.15625,8.7890625,8.7890625,74.70703125,-25.6,-19.3,24.0,-4.8,-4.8,-11.9
3.890188416989986,3.8932703750033397,-5.149126054556066,-3.4327507030373776,4.290938378796725,19.70320335911895,29.554805038678428,-7.7236890818341,-10.458984375,-6.85546875,8.701171875,18.896484375,28.740234375,-9.4921875,43.9453125,30.76171875,-35.15625,8.7890625,8.7890625,74.70703125,-25.6,-19.3,24.2,-4.8,-4.8,-11.3
3.8932832919817884,3.896349624992581,-5.005387505811223,-3.336925003874149,4.171156254842668,19.71965850410497,29.579487756157455,-7.508081258716834,-10.283203125,-6.767578125,8.525390625,18.984375,28.740234375,-9.31640625,43.9453125,30.76171875,-35.15625,8.7890625,8.7890625,74.70703125,-25.6,-20.1,23.4,-4.0,-4.8,-12.1
3.89635954197729,3.900310750002973,-4.862396742358604,-3.2415978282390694,4.051997285298862,19.73555277969066,29.60332916953599,-7.293595113537906,-10.1953125,-6.591796875,8.4375,18.984375,28.828125,-9.140625,43.9453125,30.76171875,-35.15625,8.7890625,8.7890625,74.70703125,-25.6,-19.3,23.4,-4.0,-4.8,-12.1
3.900321041990537,3.9033877500041854,-4.678090867698099,-3.1187272451320665,3.8984090564150855,19.755342071714956,29.633013107572435,-7.017136301547149,-10.01953125,-6.50390625,8.349609375,18.984375,28.828125,-8.7890625,43.9453125,30.76171875,-35.15625,0.0,8.7890625,74.70703125,-25.6,-19.2,24.2,-4.8,-4.8,-11.2
3.9033987919974606,3.9063418750010896,-4.534775409085264,-3.023183606056843,3.7789795075710786,19.77018869115996,29.65528303673994,-6.802163113627897,-9.84375,-6.416015625,8.26171875,18.984375,28.828125,-8.61328125,43.9453125,30.76171875,-35.15625,0.0,8.7890625,74.70703125,-25.6,-19.2,24.2,-4.8,-4.8,-11.2
3.906351833982626,3.9102064589969814,-4.397167303897665,-2.93144486926511,3.6643060865813912,19.783999367631896,29.675999051447842,-6.595750955846498,-9.755859375,-6.328125,8.0859375,19.072265625,28.916015625,-8.349609375,43.9453125,30.76171875,-35.15625,0.0,8.7890625,70.3125,-25.6,-19.2,23.4,-4.0,-4.0,-11.2
3.9102160839829594,3.9131871669960674,-4.2169555833023615,-2.8113037222015747,3.5141296527519934,19.801428518708835,29.70214277806325,-6.325433374953543,-9.580078125,-6.240234375,7.998046875,19.072265625,28.916015625,-8.0859375,43.9453125,30.76171875,-35.15625,0.0,8.7890625,70.3125,-25.6,-19.2,24.0,-4.0,-4.8,-11.0
3.91319687498617,3.9162131669872906,-4.077838032030947,-2.7185586880206314,3.398198360025792,19.814374546267857,29.721561819401785,-6.116757048046421,-9.4921875,-6.15234375,7.822265625,19.072265625,28.916015625,-7.822265625,43.9453125,30.76171875,-35.15625,0.0,8.7890625,70.3125,-26.4,-19.2,23.2,-4.0,-4.8,-11.0
3.9162228339992,3.9191886670014355,-3.9365210032412308,-2.6243473354941536,3.280434169367695,19.827072427937633,29.740608641906448,-5.904781504861846,-9.31640625,-6.064453125,7.734375,19.072265625,29.00390625,-7.646484375,43.9453125,30.76171875,-35.15625,0.0,8.7890625,70.3125,-26.4,-19.2,24.0,-4.0,-4.0,-11.0
3.9192010419792496,3.922170624980936,-3.797347164233509,-2.5315647761556725,3.1644559701945933,19.83913253607949,29.758698804119238,-5.696020746350263,-9.140625,-5.9765625,7.646484375,19.16015625,29.00390625,-7.470703125,43.9453125,30.76171875,-35.15625,0.0,8.7890625,70.3125,-25.6,-19.1,24.0,-4.0,-4.0,-11.4
3.9221824589767493,3.925230624998221,-3.6579401268073894,-2.438626751204926,3.0482834390061826,19.85077075501875,29.77615613252813,-5.486910190211084,-9.052734375,-5.888671875,7.55859375,19.16015625,29.00390625,-7.20703125,43.9453125,30.76171875,-35.15625,8.7890625,8.7890625,70.3125,-26.4,-19.1,24.0,-4.0,-4.8,-11.4
3.9252420839911792,3.9283335839863867,-3.5147928043663144,-2.3431952029108762,2.928994003638621,19.8622616094204,29.7933924141306,-5.272189206549472,-8.96484375,-5.80078125,7.3828125,19.16015625,29.00390625,-7.03125,43.9453125,30.76171875,-35.15625,8.7890625,8.7890625,70.3125,-26.4,-19.1,24.0,-4.0,-4.8,-12.2
3.928344374988228,3.931304541998543,-3.3695664401342724,-2.2463776267561815,2.8079720334452296,19.873444280194846,29.810166420292273,-5.054349660201408,-8.7890625,-5.625,7.294921875,19.16015625,29.091796875,-6.85546875,43.9453125,30.76171875,-35.15625,8.7890625,8.7890625,70.3125,-26.4,-19.1,24.0,-4.0,-4.0,-12.0
3.9313150419911835,3.9342745839967392,-3.2304266981222716,-2.153617798748181,2.692022248435229,19.883710176345737,29.825565264518605,-4.845640047183408,-8.701171875,-5.537109375,7.20703125,19.248046875,29.091796875,-6.6796875,43.9453125,30.76171875,-35.15625,8.7890625,8.7890625,70.3125,-26.5,-19.1,24.0,-3.2,-4.0,-12.0
3.93428554199636,3.9373431249987334,-3.091224443087862,-2.060816295391908,2.5760203692398878,19.89354257533452,29.84031386300178,-4.636836664631793,-8.525390625,-5.44921875,7.119140625,19.248046875,29.091796875,-6.416015625,43.9453125,30.76171875,-35.15625,8.7890625,8.7890625,70.3125,-26.5,-19.1,24.0,-3.2,-3.9,-11.2
3.937353749992326,3.9411843339912593,-2.947372815244377,-1.9649152101629181,2.4561440127036285,19.903243660691853,29.854865491037778,-4.421059222866566,-8.349609375,-5.361328125,6.943359375,19.248046875,29.091796875,-6.15234375,43.9453125,30.76171875,-35.15625,8.7890625,8.7890625,70.3125,-25.7,-19.1,24.0,-3.2,-4.7,-11.1
3.9411947919870727,3.944255041977158,-2.7671910901810297,-1.8447940601206865,2.305992575150861,19.914736625819167,29.87210493872875,-4.150786635271544,-8.26171875,-5.2734375,6.85546875,19.248046875,29.1796875,-5.888671875,43.9453125,30.76171875,-35.15625,0.0,8.7890625,70.3125,-26.5,-19.2,24.0,-3.2,-3.9,-10.3
3.9442694169993047,3.9471732919919305,-2.62288877151356,-1.7485925143423733,2.18574064292797,19.92341396996975,29.885120954954626,-3.93433315727034,-8.0859375,-5.185546875,6.6796875,19.248046875,29.1796875,-5.712890625,43.9453125,30.76171875,-35.15625,0.0,8.7890625,70.3125,-26.5,-19.2,24.0,-4.0,-4.0,-11.1
3.947193874977529,3.950256874988554,-2.485577467424906,-1.6570516449499373,2.071314556187424,19.931236284936485,29.896854427404726,-3.728366201137359,-7.91015625,-5.09765625,6.591796875,19.248046875,29.1796875,-5.537109375,43.9453125,30.76171875,-35.15625,0.0,8.7890625,70.3125,-25.7,-19.2,24.0,-4.0,-4.0,-11.1
3.950270624976838,3.953352291980991,-2.341059070899226,-1.5607060472661507,1.9508825590826913,19.939011927225152,29.90851789083773,-3.5115886063488393,-7.822265625,-5.009765625,6.50390625,19.248046875,29.1796875,-5.2734375,43.9453125,30.76171875,-35.15625,0.0,8.7890625,70.3125,-26.4,-19.2,24.0,-4.0,-4.0,-11.2
3.9533644169860054,3.9572454169974662,-2.1956850622944257,-1.463790041529617,1.8297375519120245,19.946361039405627,29.91954155910844,-3.2935275934416386,-7.646484375,-4.833984375,6.328125,19.3359375,29.1796875,-5.009765625,43.9453125,30.76171875,-35.15625,0.0,8.7890625,70.3125,-25.6,-18.4,24.0,-3.2,-4.0,-11.2
3.9572562919929624,3.9603333339910023,-2.0127367531829825,-1.3418245021219883,1.677280627652488,19.954936908081294,29.932405362121944,-3.0191051297744735,-7.55859375,-4.74609375,6.240234375,19.3359375,29.1796875,-4.74609375,43.9453125,30.76171875,-39.55078125,0.0,8.7890625,70.3125,-26.4,-19.2,24.0,-3.2,-4.0,-11.2
3.9603443339874502,3.9633602499961853,-1.8675209732573135,-1.2450139821715425,1.556267477714409,19.961210889728044,29.941816334592065,-2.8012814598859705,-7.3828125,-4.658203125,6.064453125,19.3359375,29.1796875,-4.5703125,43.9453125,30.76171875,-39.55078125,0.0,0.0,70.3125,-26.4,-19.2,24.0,-3.2,-4.8,-11.2
3.963370916986605,3.966280458989786,-1.7251526546320233,-1.1501017697546823,1.4376272121933338,19.96690426478795,29.95035639718192,-2.587728981948035,-7.294921875,-4.5703125,5.9765625,19.3359375,29.1796875,-4.39453125,43.9453125,30.76171875,-39.55078125,0.0,0.0,65.91796875,-27.2,-19.2,24.0,-3.2,-4.9,-12.0
3.9662944589799736,3.9693334169860464,-1.5875942541644068,-1.058396169442938,1.3229952118036756,19.971975304123237,29.957962956184858,-2.3813913812466105,-7.119140625,-4.482421875,5.888671875,19.3359375,29.1796875,-4.130859375,43.9453125,30.76171875,-39.55078125,0.0,0.0,65.91796875,-26.4,-19.2,24.0,-3.2,-4.9,-12.0
3.969346083991695,3.9723634169786237,-1.4439736277035802,-0.9626490851357201,1.2033113564196312,19.976819234775274,29.96522885216291,-2.16596044155537,-7.03125,-4.39453125,5.80078125,19.3359375,29.267578125,-3.955078125,43.9453125,30.76171875,-39.55078125,0.0,0.0,65.91796875,-27.2,-19.2,24.0,-3.2,-4.1,-12.1
3.9723754589795135,3.9762081670050975,-1.3013673439553872,-0.8675782293035915,1.0844727866294925,19.981173839793257,29.971760759689886,-1.9520510159330808,-6.85546875,-4.306640625,5.712890625,19.3359375,29.267578125,-3.779296875,43.9453125,30.76171875,-39.55078125,0.0,0.0,65.91796875,-27.3,-19.2,24.8,-3.2,-3.9,-12.1
3.976219542004401,3.9793402919895016,-1.1203670907292602,-0.7469113938195069,0.9336392422743864,19.986048217939,29.979072326908497,-1.6805506360938904,-6.767578125,-4.21875,5.537109375,19.3359375,29.267578125,-3.427734375,39.55078125,30.76171875,-35.15625,0.0,0.0,65.91796875,-27.3,-20.0,24.8,-3.2,-3.9,-11.3
3.9793509999872185,3.983210334001342,-0.9728905914051343,-0.6485937276034228,0.8107421595042817,19.989480387856847,29.98422058178527,-1.4593358871077016,-6.50390625,-4.130859375,5.361328125,19.3359375,29.267578125,-3.1640625,39.55078125,30.76171875,-35.15625,0.0,4.39453125,65.91796875,-26.5,-20.0,24.0,-3.2,-3.9,-11.1
3.9832243339915294,3.9863812499970663,-0.7904431505313857,-0.5269621003542571,0.6587026254428244,19.993056568338673,29.98958485250801,-1.1856647257970785,-6.328125,-3.955078125,5.2734375,19.3359375,29.35546875,-2.900390625,39.55078125,30.76171875,-35.15625,0.0,4.39453125,74.70703125,-26.5,-19.2,24.8,-3.2,-3.1,-10.3
3.9863940840004943,3.990242792002391,-0.641114876885631,-0.42740991792375393,0.5342623974046955,19.995432497499532,29.993148746249297,-0.9616723153284463,-6.240234375,-3.8671875,5.09765625,19.3359375,29.35546875,-2.724609375,39.55078125,30.76171875,-35.15625,0.0,4.39453125,74.70703125,-27.3,-19.2,24.0,-3.2,-3.1,-10.3
3.990255166980205,3.993248874990968,-0.4591965045962623,-0.3061310030641749,0.3826637538302217,19.997656957977924,29.99648543696689,-0.6887947568943935,-6.064453125,-3.69140625,5.009765625,19.3359375,29.35546875,-2.4609375,39.55078125,30.76171875,-35.15625,0.0,4.39453125,74.70703125,-27.2,-18.4,24.9,-4.0,-3.1,-11.1
3.993260791990906,3.9963540419994388,-0.31757176423255046,-0.21171450948836698,0.2646431368604618,19.998879392767787,29.998319089151682,-0.4763576463488257,-5.888671875,-3.603515625,4.833984375,19.3359375,29.35546875,-2.197265625,39.55078125,30.76171875,-35.15625,0.0,4.39453125,74.70703125,-27.2,-18.4,24.1,-4.0,-3.2,-11.1
3.9963659170025494,4.000270666991128,-0.1712511966445667,-0.11416746442971112,0.14270933053714197,19.999674142097057,29.999511213145585,-0.25687679496685006,-5.80078125,-3.515625,4.74609375,19.3359375,29.35546875,-2.021484375,48.33984375,30.76171875,-39.55078125,0.0,4.39453125,74.70703125,-27.2,-19.2,24.9,-4.0,-3.2,-11.1
4.0002842499816325,4.003423166985158,0.013394964366101906,0.008929976244067937,-0.011162470305059655,19.999998006388008,29.99999700958201,0.02009244654915286,-5.625,-3.427734375,4.5703125,19.423828125,29.35546875,-1.7578125,48.33984375,30.76171875,-39.55078125,0.0,4.39453125,74.70703125,-27.2,-19.2,24.1,-3.2,-3.2,-12.2
4.003435874998104,4.007229666982312,0.16191100875690181,0.10794067250460121,-0.13492584063072624,19.999708718159354,29.99956307723903,0.2428665131353527,-5.44921875,-3.33984375,4.39453125,19.423828125,29.35546875,-1.58203125,48.33984375,30.76171875,-39.55078125,0.0,4.39453125,65.91796875,-27.2,-19.2,24.1,-3.2,-3.2,-12.2
4.007241916988278,4.010353541991208,0.3412599379608704,0.2275066253072469,-0.2843832816340778,19.998705976523613,29.99805896478542,0.5118899069413055,-5.2734375,-3.1640625,4.306640625,19.423828125,29.35546875,-1.318359375,48.33984375,30.76171875,-39.55078125,0.0,4.39453125,65.91796875,-27.2,-18.4,24.1,-3.2,-3.2,-12.0
4.0103674169804435,4.014241166994907,0.4885314212137173,0.32568761414247815,-0.4071095176781168,19.997348013624062,29.99602202043609,0.7327971318205759,-5.185546875,-3.076171875,4.130859375,19.423828125,29.35546875,-1.142578125,48.33984375,30.76171875,-39.55078125,0.0,4.39453125,65.91796875,-27.2,-18.4,23.9,-3.2,-3.2,-12.8
4.01426666698535,4.017360249999911,0.6722445716695595,0.44816304777970634,-0.5602038097246077,19.994978116582296,29.99246717487344,1.0083668575043392,-5.009765625,-2.98828125,4.04296875,19.423828125,29.35546875,-0.791015625,48.33984375,30.76171875,-39.55078125,0.0,4.39453125,65.91796875,-28.0,-19.2,23.9,-3.2,-3.2,-12.0
4.01737529199454,4.021237291977741,0.8186896946957954,0.545793129797197,-0.682241412246471,19.992551359430497,29.988827039145747,1.2280345420436933,-4.833984375,-2.900390625,3.955078125,19.423828125,29.35546875,-0.615234375,43.9453125,30.76171875,-39.55078125,0.0,4.39453125,65.91796875,-27.2,-19.2,24.7,-3.2,-3.2,-12.0
4.0212515000021085,4.024351166997803,1.0012673608558875,0.667511573903925,-0.834389467379881,19.988857603642693,29.98328640546404,1.5019010412838312,-4.658203125,-2.724609375,3.779296875,19.423828125,29.35546875,-0.3515625,43.9453125,30.76171875,-39.55078125,0.0,0.0,65.91796875,-27.2,-18.3,24.7,-2.4,-3.2,-12.0
4.024365208984818,4.028160999994725,1.1479031328312053,0.7652687552208035,-0.9565859440260012,19.985353730476795,29.978030595715193,1.7218546992468078,-4.5703125,-2.63671875,3.69140625,19.423828125,29.35546875,-0.17578125,43.9453125,30.76171875,-39.55078125,0.0,0.0,70.3125,-28.0,-18.3,24.7,-2.4,-3.2,-12.8
4.028174874983961,4.031165916996542,1.3272763197592594,0.8848508798395063,-1.10606359979938,19.98041638506183,29.970624577592744,1.9909144796388893,-4.39453125,-2.4609375,3.515625,19.423828125,29.35546875,0.17578125,43.9453125,35.15625,-39.55078125,0.0,0.0,70.3125,-28.0,-18.3,23.9,-2.4,-3.2,-12.0
4.031181500002276,4.0342289169784635,1.4688061232140328,0.9792040821426885,-1.2240051026783578,19.976014601654533,29.9640219024818,2.2032091848210493,-4.21875,-2.373046875,3.427734375,19.423828125,29.35546875,0.3515625,43.9453125,35.15625,-39.55078125,0.0,0.0,70.3125,-27.2,-18.3,24.9,-2.4,-3.2,-12.0
4.034243500005687,4.037139666994335,1.612908881976835,1.0752725879845566,-1.3440907349806928,19.971073803417006,29.95661070512551,2.4193633229652525,-4.04296875,-2.373046875,3.251953125,19.423828125,29.35546875,0.615234375,43.9453125,35.15625,-39.55078125,0.0,0.0,70.3125,-27.2,-19.1,24.1,-2.4,-3.2,-12.0
4.037153624987695,4.040162416989915,1.7498296206613084,1.1665530804408724,-1.458191350551065,19.965949862466196,29.948924793699295,2.6247444309919628,-3.955078125,-2.197265625,3.1640625,19.423828125,29.35546875,0.791015625,43.9453125,35.15625,-35.15625,0.0,0.0,70.3125,-28.0,-18.3,24.9,-2.4,-3.2,-12.9
4.040179374977015,4.043180958979065,1.8921516778825196,1.2614344519216796,-1.5767930649021187,19.960179937152496,29.940269905728748,2.838227516823779,-3.779296875,-2.109375,3.076171875,19.423828125,29.35546875,1.0546875,43.9453125,35.15625,-35.15625,0.0,0.0,70.3125,-27.2,-18.4,24.9,-2.4,-3.2,-12.1
4.043198291998124,4.0462358339864295,2.0341097375917583,1.3560731583945054,-1.6950914479931065,19.953973679171824,29.930960518757736,3.0511646063876374,-3.603515625,-2.021484375,2.900390625,19.423828125,29.35546875,1.23046875,43.9453125,35.15625,-35.15625,0.0,0.0,70.3125,-27.2,-18.4,24.1,-2.4,-3.2,-12.1
4.046252667001681,4.049152749998029,2.1776885686213214,1.4517923790808809,-1.814740473851098,19.94723787615826,29.92085681423739,3.266532852931982,-3.515625,-1.93359375,2.8125,19.423828125,29.35546875,1.494140625,43.9453125,30.76171875,-35.15625,0.0,0.0,70.3125,-27.2,-18.4,24.9,-2.4,-3.2,-12.1
4.049170208978467,4.052205833984772,2.3147884441985442,1.5431922961323628,-1.928990370165428,19.940375060092467,29.910562590138703,3.472182666297816,-3.427734375,-1.845703125,2.63671875,19.423828125,29.35546875,1.669921875,43.9453125,30.76171875,-35.15625,0.0,0.0,70.3125,-28.1,-18.4,23.9,-2.4,-3.2,-11.9
4.052222667000024,4.055198624992045,2.4581761480814857,1.6387840987209903,-2.0484801234012346,19.93274659142034,29.89911988713051,3.6872642221222285,-3.251953125,-1.669921875,2.63671875,19.423828125,29.35546875,1.93359375,43.9453125,30.76171875,-35.15625,0.0,0.0,70.3125,-27.3,-17.6,24.7,-2.4,-2.3,-11.9
4.0552158749778755,4.058269667002605,2.598725752616494,1.7324838350776626,-2.165604793847075,19.924821197722068,29.8872317965831,3.8980886289247407,-3.076171875,-1.669921875,2.4609375,19.423828125,29.35546875,2.197265625,48.33984375,30.76171875,-39.55078125,0.0,0.0,70.3125,-27.3,-18.4,24.7,-2.4,-2.3,-11.1
4.058286416984629,4.062230624986114,2.7428469464086525,1.8285646309391015,-2.285705788673896,19.916233363527315,29.874350045290974,4.1142704196129785,-2.98828125,-1.494140625,2.373046875,19.423828125,29.35546875,2.373046875,48.33984375,30.76171875,-39.55078125,0.0,0.0,70.3125,-28.1,-17.5,24.7,-2.4,-2.3,-11.2
4.062249749986222,4.065334458980942,2.9287780142646804,1.9525186761764535,-2.4406483452205636,19.904463590340285,29.85669538551043,4.39316702139702,-2.8125,-1.40625,2.197265625,19.423828125,29.35546875,2.63671875,48.33984375,30.76171875,-39.55078125,0.0,0.0,70.3125,-28.1,-18.3,24.7,-2.4,-2.4,-11.2
4.065356916980818,4.069163916981779,3.074464916276506,2.0496432775176707,-2.562054096897063,19.894696841996023,29.842045262994038,4.611697374414759,-2.63671875,-1.318359375,2.109375,19.423828125,29.35546875,2.900390625,48.33984375,30.76171875,-39.55078125,0.0,0.0,74.70703125,-27.3,-18.3,24.7,-2.4,-2.4,-11.2
4.0691878749930765,4.072273625002708,3.2539872922356374,2.1693248614904252,-2.7116560768630285,19.88200265680798,29.82300398521197,4.880980938353456,-2.4609375,-1.142578125,1.93359375,19.423828125,29.35546875,3.1640625,48.33984375,35.15625,-39.55078125,0.0,0.0,74.70703125,-27.1,-17.5,24.9,-1.6,-2.4,-11.2
4.072295749996556,4.076147874991875,3.3995390321415186,2.2663593547610126,-2.8329491934512627,19.871175488004912,29.80676323200737,5.099308548212278,-2.28515625,-1.0546875,1.845703125,19.423828125,29.35546875,3.33984375,48.33984375,35.15625,-39.55078125,0.0,0.0,74.70703125,-27.1,-17.5,24.9,-1.6,-2.4,-11.2
4.076185666985111,4.079306833998999,3.58160172873155,2.387734485821033,-2.984668107276266,19.856956565023275,29.785434847534916,5.372402593097324,-2.109375,-0.966796875,1.669921875,19.423828125,29.35546875,3.69140625,48.33984375,35.15625,-39.55078125,0.0,0.0,74.70703125,-27.1,-18.3,24.9,-1.6,-1.6,-10.4
4.079328791995067,4.083152916980907,3.7286144023122727,2.4857429348748488,-3.1071786685935794,19.84492585175666,29.767388777634988,5.592921603468409,-1.93359375,-0.87890625,1.58203125,19.423828125,29.35546875,3.8671875,48.33984375,35.15625,-39.55078125,0.0,0.0,74.70703125,-27.1,-18.5,24.9,-1.6,-1.6,-11.1
4.083172666985774,4.086296583991498,3.908279191584752,2.6055194610565016,-3.256899326320624,19.829555424619482,29.74433313692922,5.862418787377128,-1.7578125,-0.703125,1.40625,19.51171875,29.35546875,4.130859375,48.33984375,35.15625,-39.55078125,0.0,0.0,70.3125,-27.1,-17.7,24.9,-0.8,-1.5,-11.1
4.0863217919832096,4.089356666983804,4.0553651043970795,2.7035767362647194,-3.379470920330897,19.816424320021213,29.72463648003182,6.083047656595619,-1.58203125,-0.615234375,1.318359375,19.51171875,29.35546875,4.306640625,48.33984375,30.76171875,-39.55078125,0.0,0.0,70.3125,-26.3,-17.7,24.9,-0.8,-1.5,-11.9
4.089377374999458,4.093234917003429,4.197987140216235,2.7986580934774903,-3.4983226168468597,19.80321976032718,29.70482964049077,6.296980710324353,-1.494140625,-0.52734375,1.142578125,19.51171875,29.35546875,4.5703125,48.33984375,30.76171875,-39.55078125,0.0,0.0,70.3125,-27.2,-18.5,23.9,-0.8,-0.7,-11.2
4.09325429200544,4.096357041998999,4.378806045992813,2.9192040306618754,-3.6490050383273416,19.785809253790138,29.67871388068521,6.56820906898922,-1.318359375,-0.3515625,1.0546875,19.51171875,29.35546875,4.833984375,48.33984375,30.76171875,-39.55078125,0.0,0.0,70.3125,-27.2,-17.7,24.7,-0.0,-0.7,-11.2
4.0963756669953,4.100180916982936,4.52426888112174,3.01617925408116,-3.7702240676014465,19.771258500845374,29.65688775126806,6.78640332168261,-1.142578125,-0.263671875,0.966796875,19.51171875,29.35546875,5.009765625,43.9453125,30.76171875,-35.15625,0.0,0.0,70.3125,-27.2,-17.7,25.5,-0.0,-0.7,-11.2
4.10019862500485,4.103333292005118,4.7022784685585,3.1348523123723333,-3.918565390465436,19.75278970119446,29.62918455179169,7.053417702837749,-0.966796875,-0.17578125,0.791015625,19.51171875,29.35546875,5.361328125,43.9453125,30.76171875,-35.15625,0.0,0.0,70.3125,-27.2,-17.5,24.7,-0.0,0.1,-10.4
4.1033511249988806,4.10725945897866,4.848942023362622,3.2326280155750813,-4.040785019468871,19.737023993320758,29.605535989981135,7.273413035043933,-0.87890625,0.0,0.615234375,19.51171875,29.35546875,5.537109375,43.9453125,30.76171875,-35.15625,0.0,0.0,70.3125,-27.2,-17.5,24.7,-0.0,0.1,-10.4
4.107277208997402,4.111210333998315,5.031428316026257,3.354285544017505,-4.192856930021857,19.71671292303043,29.575069384545642,7.5471424740393855,-0.703125,0.087890625,0.439453125,19.51171875,29.35546875,5.80078125,43.9453125,30.76171875,-35.15625,0.0,0.0,70.3125,-27.2,-17.5,23.9,-0.0,0.1,-10.3
4.111228208988905,4.114370458992198,5.214879516889762,3.4765863445931746,-4.3457329307414865,19.695515920853367,29.543273881280047,7.822319275334642,-0.52734375,0.17578125,0.3515625,19.51171875,29.35546875,6.064453125,43.9453125,30.76171875,-35.15625,0.0,0.0,70.3125,-28.0,-17.5,24.9,-0.0,-0.0,-10.3
4.114387583977077,4.118187333981041,5.361430125521637,3.574286750347758,-4.467858437934717,19.67802007891771,29.517030118376567,8.042145188282456,-0.3515625,0.3515625,0.263671875,19.51171875,29.35546875,6.328125,43.9453125,30.76171875,-35.15625,0.0,0.0,70.3125,-27.2,-16.7,25.7,-0.0,-0.0,-10.3
4.1182045839959756,4.121204333991045,5.538308828500008,3.692205885666672,-4.615257357083358,19.65623605113269,29.484354076699038,8.30746324275001,-0.17578125,0.439453125,0.087890625,19.51171875,29.35546875,6.591796875,48.33984375,30.76171875,-39.55078125,0.0,0.0,70.3125,-27.2,-17.6,24.9,-0.0,-0.0,-10.4
4.121225916984258,4.12438804199337,5.678175691582406,3.7854504610549373,-4.7318130763186685,19.638491917835722,29.45773787675358,8.517263537373609,0.0,0.52734375,0.0,19.51171875,29.35546875,6.767578125,48.33984375,30.76171875,-39.55078125,0.0,0.0,70.3125,-27.2,-17.6,25.7,-0.0,-0.0,-11.2
4.124410374992294,4.128130750003038,5.825455619361343,3.8836370795742288,-4.854546349467783,19.619310972461705,29.428966458692553,8.738183429042014,0.17578125,0.703125,-0.17578125,19.51171875,29.35546875,7.119140625,48.33984375,30.76171875,-39.55078125,0.0,0.0,70.3125,-27.2,-16.8,24.9,-0.0,-0.0,-10.4
4.128175333986292,4.1312857089797035,5.999395161543163,3.9995967743621086,-4.999495967952633,19.596000246032663,29.394000369048996,8.999092742314744,0.263671875,0.791015625,-0.263671875,19.51171875,29.35546875,7.294921875,48.33984375,35.15625,-39.55078125,0.0,0.0,70.3125,-27.2,-16.8,25.7,-0.0,-0.0,-10.5
4.131311374978395,4.135242249991279,6.144119031030174,4.096079354020116,-5.1200991925251635,19.576060224814654,29.36409033722198,9.21617854654526,0.439453125,0.87890625,-0.3515625,19.51171875,29.35546875,7.55859375,48.33984375,35.15625,-39.55078125,0.0,0.0,70.3125,-28.0,-17.6,25.7,-0.0,-0.0,-10.5
4.135262541996781,4.1391666669806,6.326247123912878,4.217498082608585,-5.271872603260729,19.55026112161147,29.325391682417205,9.489370685869316,0.615234375,0.966796875,-0.52734375,19.51171875,29.35546875,7.822265625,43.9453125,35.15625,-35.15625,0.0,0.0,70.3125,-27.2,-17.6,25.7,-0.0,-0.0,-10.5
4.139187041990226,4.14236999998684,6.50690479515106,4.3379365301007065,-5.42242066262588,19.52389066402539,29.285835996038088,9.76035719272659,0.791015625,1.0546875,-0.703125,19.51171875,29.35546875,8.0859375,43.9453125,35.15625,-35.15625,0.0,0.0,70.3125,-27.2,-17.6,24.9,-0.0,-0.0,-10.3
4.142388624983141,4.1462285419984255,6.65410137935021,4.436067586233473,-5.545084482791816,19.501828231485597,29.252742347228395,9.981152069025315,0.966796875,1.23046875,-0.87890625,19.51171875,29.35546875,8.26171875,43.9453125,35.15625,-35.15625,0.0,0.0,65.91796875,-27.2,-17.6,24.9,-0.0,-0.0,-10.3
4.1462563749810215,4.150212624983396,6.831700981486146,4.5544673209907645,-5.693084151238431,19.474517386113245,29.21177607916987,10.247551472229219,1.0546875,1.318359375,-0.966796875,19.51171875,29.35546875,8.525390625,43.9453125,30.76171875,-35.15625,0.0,0.0,65.91796875,-28.0,-17.6,25.7,-0.0,-0.0,-11.3
4.150234792003175,4.153297708980972,7.014119043780525,4.67607936252035,-5.845099203150457,19.44567514372827,29.168512715592403,10.521178565670787,1.318359375,1.494140625,-1.142578125,19.51171875,29.35546875,8.7890625,43.9453125,30.76171875,-35.15625,0.0,0.0,65.91796875,-28.0,-16.8,24.7,-0.0,-0.0,-11.3
4.153336291987216,4.1572672500042245,7.156139126006316,4.770759417337544,-5.963449271671905,19.422663426571674,29.133995139857515,10.734208689009474,1.40625,1.58203125,-1.318359375,19.51171875,29.35546875,8.96484375,43.9453125,30.76171875,-35.15625,0.0,0.0,65.91796875,-28.0,-16.8,24.7,-0.0,-0.0,-12.1
4.157303416985087,4.161198124988005,7.337548819958502,4.891699213305668,-6.1146240166320815,19.39255730445432,29.088835956681486,11.006323229937752,1.58203125,1.669921875,-1.40625,19.51171875,29.35546875,9.228515625,43.9453125,30.76171875,-39.55078125,0.0,0.0,65.91796875,-28.0,-17.6,24.7,-0.0,-0.0,-11.3
4.161220084002707,4.164147916977527,7.516371669017488,5.010914446011658,-6.263643057514591,19.36209535186602,29.043143027799033,11.274557503526232,1.7578125,1.7578125,-1.58203125,19.51171875,29.35546875,9.404296875,43.9453125,30.76171875,-39.55078125,0.0,0.0,65.91796875,-28.0,-17.6,24.7,-0.0,-0.0,-12.1
4.164174208999611,4.167144584003836,7.651059991760024,5.10070666117335,-6.375883326466707,19.338634686985067,29.007952030477597,11.476589987640038,1.93359375,1.845703125,-1.669921875,19.51171875,29.35546875,9.580078125,43.9453125,30.76171875,-39.55078125,0.0,0.0,61.5234375,-28.0,-17.6,24.7,-0.0,-0.0,-12.9
4.167175999988103,4.170204666996142,7.787752792497685,5.191835194998457,-6.489793993748047,19.314368933723284,28.971553400584927,11.681629188746527,2.109375,2.021484375,-1.845703125,19.51171875,29.35546875,9.755859375,43.9453125,30.76171875,-39.55078125,0.0,0.0,61.5234375,-27.2,-16.8,24.7,-0.0,0.8,-12.8
4.17023774998961,4.1731800839770585,7.926997562782047,5.284665041854698,-6.60583130231837,19.289176120181985,28.933764180272973,11.890496344173071,2.197265625,2.109375,-1.93359375,19.51171875,29.35546875,10.01953125,43.9453125,30.76171875,-39.55078125,0.0,0.0,61.5234375,-28.1,-16.8,24.9,-0.0,0.8,-12.8
4.173206624982413,4.176146249985322,8.061843424293272,5.374562282862181,-6.718202853577722,19.26432143283628,28.89648214925442,12.092765136439906,2.373046875,2.197265625,-2.021484375,19.51171875,29.35546875,10.283203125,43.9453125,30.76171875,-39.55078125,0.0,0.0,61.5234375,-28.1,-16.8,24.9,-0.0,0.9,-12.0
4.176174541993532,4.179173166980036,8.196470529216594,5.464313686144396,-6.830392107680493,19.23905600437337,28.858584006560058,12.294705793824892,2.4609375,2.28515625,-2.109375,19.51171875,29.35546875,10.458984375,43.9453125,30.76171875,-39.55078125,0.0,0.0,61.5234375,-28.1,-16.8,25.7,-0.0,1.7,-12.9
4.179206417000387,4.1822067920002155,8.333814855601764,5.555876570401176,-6.944845713001467,19.212814357466407,28.81922153619961,12.500722283402645,2.63671875,2.373046875,-2.28515625,19.51171875,29.35546875,10.72265625,43.9453125,30.76171875,-39.55078125,0.0,0.0,61.5234375,-28.1,-16.8,24.9,-0.0,1.7,-12.1
4.1822385839768685,4.1855944999842905,8.47098336188488,5.647322241256587,-7.059152801570731,19.186134355398657,28.77920153309799,12.706475042827321,2.724609375,2.4609375,-2.373046875,19.51171875,29.35546875,10.8984375,43.9453125,30.76171875,-39.55078125,0.0,0.0,70.3125,-28.1,-16.8,25.7,-0.0,2.6,-12.1
4.185833791998448,4.189189958997304,8.633373341333124,5.755582227555416,-7.194477784444245,19.153936233104883,28.730904349657322,12.950060011999685,2.900390625,2.548828125,-2.548828125,19.51171875,29.35546875,11.162109375,43.9453125,30.76171875,-39.55078125,0.0,0.0,70.3125,-28.1,-16.8,24.9,-0.0,2.6,-11.9
4.189231333992211,4.192207583982963,8.786582092048192,5.857721394698795,-7.322151743373468,19.122946950250316,28.68442042537547,13.179873138072288,3.076171875,2.63671875,-2.724609375,19.51171875,29.35546875,11.42578125,43.9453125,30.76171875,-39.55078125,0.0,0.0,70.3125,-28.0,-17.6,24.7,0.8,3.4,-11.9
4.19223683400196,4.195187208999414,8.921903633801625,5.94793575586775,-7.434919694834663,19.095079477291257,28.642619215936886,13.382855450702438,3.1640625,2.724609375,-2.8125,19.51171875,29.35546875,11.6015625,43.9453125,30.76171875,-39.55078125,0.0,0.0,70.3125,-28.0,-17.6,24.7,0.8,3.3,-11.9
4.195216624997556,4.198207624984207,9.055871337250926,6.037247558167284,-7.5465594477091225,19.06703023340036,28.60054535010054,13.583807005876388,3.33984375,2.8125,-2.900390625,19.51171875,29.35546875,11.77734375,48.33984375,30.76171875,-35.15625,0.0,0.0,70.3125,-28.0,-17.6,24.7,0.8,4.1,-12.7
4.198240375000751,4.20217999999295,9.191612556867423,6.127741704578282,-7.65967713072285,19.038140182328,28.557210273492,13.787418835301136,3.427734375,2.900390625,-2.98828125,19.51171875,29.35546875,12.041015625,48.33984375,30.76171875,-35.15625,0.0,0.0,70.3125,-28.8,-17.6,25.5,1.6,4.1,-12.0
4.202217166981427,4.205178208998404,9.369821250249844,6.246547500166563,-7.8081843752082,18.999490633387065,28.4992359500806,14.054731875374767,3.69140625,2.98828125,-3.1640625,19.51171875,29.35546875,12.3046875,48.33984375,30.76171875,-35.15625,0.0,0.0,70.3125,-28.0,-17.6,24.7,1.6,5.0,-12.0
4.205208166997181,4.2081199169915635,9.503613932829952,6.335742621886634,-7.91967827735829,18.969933195169904,28.45489979275486,14.255420899244927,3.779296875,3.1640625,-3.33984375,19.51171875,29.35546875,12.48046875,48.33984375,30.76171875,-35.15625,0.0,0.0,70.3125,-28.0,-16.8,24.7,1.6,5.0,-12.0
4.208145249984227,4.211086374998558,9.634790689231748,6.4231937928211655,-8.028992241026454,18.940501088932777,28.410751633399162,14.452186033847623,3.955078125,3.1640625,-3.427734375,19.51171875,29.35546875,12.744140625,48.33984375,30.76171875,-35.15625,0.0,0.0,70.3125,-28.0,-17.6,24.8,2.4,5.8,-11.2
4.211121333995834,4.2141242919897195,9.767500128553142,6.511666752368761,-8.139583440460948,18.910266949625413,28.36540042443812,14.651250192829712,4.04296875,3.251953125,-3.515625,19.51171875,29.35546875,12.919921875,48.33984375,30.76171875,-35.15625,0.0,0.0,70.3125,-28.0,-17.6,24.8,2.4,5.7,-11.2
4.214145083999028,4.21715891698841,9.902116458580043,6.601410972386695,-8.251763715483387,18.879125328617658,28.31868799292649,14.853174687870064,4.21875,3.33984375,-3.603515625,19.51171875,29.35546875,13.18359375,43.9453125,30.76171875,-39.55078125,0.0,0.0,70.3125,-28.0,-18.4,25.6,2.4,6.5,-10.4
4.21719066699734,4.2201546669821255,10.037478966097195,6.691652644064797,-8.364565805080995,18.84732832236921,28.27099248355382,15.056218449145794,4.39453125,3.427734375,-3.779296875,19.51171875,29.35546875,13.359375,43.9453125,30.76171875,-39.55078125,0.0,0.0,70.3125,-28.0,-18.5,24.8,3.2,6.5,-11.0
4.220185791986296,4.223164791997988,10.170374812448003,6.780249874965335,-8.475312343706666,18.81563742297966,28.223456134469487,15.255562218672004,4.482421875,3.515625,-3.8671875,19.51171875,29.35546875,13.623046875,43.9453125,30.76171875,-39.55078125,0.0,0.0,70.3125,-28.0,-18.5,24.8,3.2,7.4,-10.2
4.223193624988198,4.226140791986836,10.303607967820842,6.869071978547227,-8.586339973184032,18.783392935077977,28.17508940261697,15.455411951731262,4.658203125,3.603515625,-3.955078125,19.51171875,29.35546875,13.798828125,43.9453125,30.76171875,-39.55078125,0.0,0.0,70.3125,-28.0,-18.5,24.8,4.2,7.4,-11.0
4.226167916989652,4.229151624982478,10.435129250905128,6.9567528339367515,-8.695941042420936,18.7510957015187,28.126643552278047,15.65269387635769,4.833984375,3.779296875,-4.130859375,19.51171875,29.35546875,13.974609375,43.9453125,26.3671875,-39.55078125,0.0,0.0,70.3125,-27.2,-17.7,24.8,4.2,8.2,-11.3
4.2291827089793514,4.232172708987491,10.568208956864561,7.0454726379097075,-8.80684079738711,18.71794100077424,28.076911501161362,15.852313435296843,4.921875,3.8671875,-4.21875,19.51171875,29.267578125,14.150390625,43.9453125,26.3671875,-39.55078125,0.0,0.0,70.3125,-27.9,-17.7,24.8,4.2,7.4,-11.3
4.232205167005304,4.235179124982096,10.701389147986704,7.134259431991136,-8.917824289988918,18.684280621876923,28.026420932815384,16.052083721980058,5.09765625,3.8671875,-4.39453125,19.51171875,29.267578125,14.326171875,43.9453125,26.3671875,-39.55078125,0.0,0.0,70.3125,-27.1,-18.5,24.0,4.8,8.1,-11.3
4.235211666993564,4.238192874996457,10.833626871321606,7.222417914214404,-9.028022392767982,18.65038014283984,27.97557021425976,16.25044030698241,5.185546875,3.955078125,-4.482421875,19.51171875,29.267578125,14.58984375,48.33984375,26.3671875,-39.55078125,0.0,0.0,70.3125,-27.9,-18.5,24.8,4.8,8.9,-11.3
4.238224458997138,4.241211583983386,10.965898959899148,7.310599306599432,-9.138249133249287,18.615991453004803,27.923987179507204,16.448848439848724,5.361328125,4.130859375,-4.5703125,19.51171875,29.1796875,14.765625,48.33984375,26.3671875,-39.55078125,0.0,-4.39453125,70.3125,-27.1,-17.5,24.8,4.8,8.1,-11.2
4.241241291980259,4.244190625002375,11.09810236981495,7.398734913209966,-9.248418641512455,18.58113886940324,27.87170830410486,16.647153554722422,5.537109375,4.21875,-4.74609375,19.51171875,29.091796875,14.94140625,48.33984375,26.3671875,-39.55078125,0.0,-4.39453125,70.3125,-27.1,-17.5,24.0,5.6,8.1,-11.2
4.2442210000008345,4.247115124977427,11.228434261915499,7.485622841276999,-9.357028551596247,18.54630558030769,27.81945837046153,16.84265139287325,5.625,4.306640625,-4.833984375,19.51171875,29.00390625,15.1171875,48.33984375,26.3671875,-39.55078125,0.0,-4.39453125,65.91796875,-27.9,-17.5,24.0,5.6,7.3,-11.2
4.247141667001415,4.250130917003844,11.355945008151112,7.570630005434075,-9.46328750679261,18.51176818461223,27.767652276918344,17.03391751222667,5.80078125,4.39453125,-4.921875,19.51171875,28.916015625,15.380859375,48.33984375,30.76171875,-39.55078125,0.0,-4.39453125,65.91796875,-27.1,-17.5,24.8,6.4,7.3,-10.3
4.250163958990015,4.2531598749919794,11.487640839433565,7.658427226289043,-9.573034032861322,18.475618864320484,27.71342829648073,17.231461259150347,5.9765625,4.39453125,-5.009765625,19.51171875,28.740234375,15.556640625,48.33984375,30.76171875,-39.55078125,0.0,-4.39453125,65.91796875,-27.2,-18.3,24.8,6.4,5.2,-11.1
4.253193749987986,4.256252666993532,11.619403565531409,7.746269043687606,-9.682836304609484,18.438961898729737,27.6584428480946,17.429105348297114,6.064453125,4.482421875,-5.185546875,19.423828125,28.65234375,15.732421875,48.33984375,30.76171875,-39.55078125,0.0,-4.39453125,65.91796875,-27.2,-18.3,24.0,5.6,5.2,-11.1
4.256289833982009,4.260159750003368,11.753777410731072,7.835851607154048,-9.794814508942556,18.40107142507363,27.601607137610447,17.630666116096606,6.240234375,4.5703125,-5.2734375,19.423828125,28.564453125,15.908203125,48.33984375,30.76171875,-39.55078125,0.0,-35.15625,65.91796875,-27.2,-18.3,24.8,6.4,5.2,-11.3
4.260207666986389,4.264210541994544,11.923417301671664,7.948944867781109,-9.936181084726384,18.35250052415137,27.528750786227057,17.885125952507497,6.416015625,4.74609375,-5.44921875,19.423828125,28.4765625,16.171875,48.33984375,30.76171875,-39.55078125,0.0,-35.15625,65.91796875,-27.2,-17.6,24.0,7.2,5.6,-11.3
4.2642664589802735,4.268260124983499,12.098684314638016,8.06578954309201,-10.08223692886499,18.30144909690343,27.452173645355142,18.148026471957024,6.591796875,4.833984375,-5.537109375,19.3359375,28.388671875,16.5234375,48.33984375,30.76171875,-39.55078125,0.0,-35.15625,65.91796875,-27.2,-17.6,24.8,6.4,5.6,-10.5
4.268322291987715,4.272227334004128,12.273332312799223,8.182221541866149,-10.227776927332663,18.249691795748806,27.37453769362321,18.409998469198833,6.767578125,5.009765625,-5.80078125,19.3359375,28.30078125,16.787109375,48.33984375,30.76171875,-39.55078125,0.0,-35.15625,65.91796875,-27.2,-17.6,24.0,7.2,5.6,-9.4
4.272362833988154,4.276239208993502,12.44682653731261,8.297884358208407,-10.372355447760507,18.19739308741228,27.296089631118424,18.670239805968915,7.03125,5.09765625,-5.888671875,19.248046875,28.212890625,17.05078125,48.33984375,30.76171875,-39.55078125,0.0,-35.15625,65.91796875,-26.4,-17.6,24.8,6.4,5.6,-10.2
4.276289542001905,4.28022287497879,12.614952579409916,8.409968386273277,-10.512460482841615,18.145865417275758,27.21879812591364,18.922428869114874,7.119140625,5.2734375,-6.064453125,19.16015625,28.125,17.314453125,43.9453125,30.76171875,-39.55078125,0.0,-21.97265625,65.91796875,-27.2,-17.6,24.0,5.6,4.8,-9.7
4.280278624995844,4.284236709005199,12.785257806134885,8.523505204089922,-10.6543815051124,18.0928123583884,27.1392185375826,19.177886709202326,7.294921875,5.361328125,-6.240234375,19.16015625,28.037109375,17.578125,43.9453125,30.76171875,-39.55078125,-13.18359375,-21.97265625,65.91796875,-27.2,-17.6,24.0,7.2,4.7,-10.5
4.284292750002351,4.2882475839869585,12.956125407480354,8.637416938320236,-10.796771172900273,18.03870917315367,27.058063759730505,19.434188111220532,7.55859375,5.44921875,-6.416015625,19.072265625,28.037109375,17.75390625,43.9453125,30.76171875,-39.55078125,-13.18359375,-21.97265625,61.5234375,-26.4,-17.6,24.0,6.4,5.5,-10.5
4.288300833984977,4.292223625001498,13.12622192428763,8.750814616191754,-10.938518270239708,17.983971851430514,26.97595777714577,19.689332886431444,7.734375,5.625,-6.50390625,19.072265625,28.037109375,18.017578125,43.9453125,30.76171875,-39.55078125,-13.18359375,-21.97265625,61.5234375,-26.4,-17.6,23.9,7.2,6.3,-11.2
4.292280166991986,4.2962939589924645,13.294583600219713,8.86305573347981,-11.078819666849759,17.928921971642097,26.893382957463142,19.941875400329568,7.91015625,5.712890625,-6.6796875,18.984375,27.94921875,18.28125,43.9453125,30.76171875,-39.55078125,-13.18359375,-21.97265625,61.5234375,-26.4,-17.6,23.9,6.4,6.6,-10.4
4.296357499988517,4.300172791990917,13.466552719772778,8.977701813181852,-11.222127266477331,17.871789785961326,26.807684678941992,20.199829079659168,8.0859375,5.888671875,-6.85546875,18.984375,27.861328125,18.544921875,43.9453125,30.76171875,-35.15625,-8.7890625,-13.18359375,61.5234375,-26.4,-16.8,23.9,6.4,6.6,-11.3
4.300209209002787,4.303173083986621,13.628498460039408,9.08566564002627,-11.357082050032837,17.817145671449342,26.72571850717401,20.44274769005911,8.26171875,5.9765625,-6.943359375,18.896484375,27.7734375,18.720703125,43.9453125,30.76171875,-35.15625,-8.7890625,-13.18359375,61.5234375,-26.4,-17.6,23.9,7.2,5.5,-11.3
4.303214124985971,4.306186041998444,13.754494531799804,9.169663021199868,-11.462078776499833,17.77406200275108,26.66109300412662,20.631741797699704,8.349609375,6.064453125,-7.03125,18.896484375,27.7734375,18.896484375,43.9453125,30.76171875,-35.15625,-8.7890625,-13.18359375,61.5234375,-26.4,-17.6,23.9,7.2,7.1,-11.3
4.306213250005385,4.309116333985003,13.879942233654187,9.253294822436125,-11.566618528045153,17.730666511134793,26.59599976670219,20.81991335048128,8.4375,6.15234375,-7.119140625,18.80859375,27.685546875,19.16015625,43.9453125,30.76171875,-35.15625,-8.7890625,-13.18359375,61.5234375,-27.2,-17.6,23.9,6.4,7.1,-10.3
4.309141334000742,4.312130124977557,14.002121258208398,9.334747505472265,-11.66843438184031,17.68791929564015,26.531878943460224,21.003181887312596,8.61328125,6.240234375,-7.294921875,18.80859375,27.59765625,19.248046875,43.9453125,30.76171875,-35.15625,-8.7890625,-13.18359375,61.5234375,-26.3,-17.6,24.0,7.2,6.3,-11.1
4.312155124993296,4.315344667003956,14.127567176673413,9.418378117782275,-11.772972647227862,17.64353007848714,26.465295117730705,21.19135076501012,8.7890625,6.328125,-7.3828125,18.720703125,27.509765625,19.599609375,43.9453125,30.76171875,-35.15625,-8.7890625,-13.18359375,61.5234375,-26.3,-17.6,24.0,6.4,5.7,-10.3
4.315367041999707,4.3192091249802615,14.260911295558042,9.507274197038695,-11.884092746298366,17.59578748855311,26.393681232829667,21.391366943337065,8.96484375,6.416015625,-7.55859375,18.720703125,27.509765625,19.775390625,48.33984375,30.76171875,-39.55078125,-8.7890625,-13.18359375,61.5234375,-26.3,-17.6,24.0,7.2,6.5,-10.4
4.319240291981259,4.323216499993578,14.421227812688148,9.614151875125431,-12.017689843906787,17.53761910072237,26.306428651083557,21.63184171903222,9.052734375,6.50390625,-7.646484375,18.6328125,27.421875,20.0390625,48.33984375,30.76171875,-39.55078125,-13.18359375,-21.97265625,61.5234375,-27.1,-17.5,24.0,6.4,7.3,-9.6
4.3232534999842755,4.326209999999264,14.586774116261642,9.724516077507761,-12.1556450968847,17.476664071220604,26.214996106830903,21.880161174392462,9.228515625,6.6796875,-7.822265625,18.544921875,27.333984375,20.302734375,48.33984375,30.76171875,-39.55078125,-13.18359375,-21.97265625,70.3125,-27.1,-16.7,23.2,6.4,7.2,-9.6
4.326238124980591,4.329139958979795,14.709515501204145,9.806343667469429,-12.257929584336784,17.43088132813376,26.146321992200644,22.064273251806217,9.31640625,6.767578125,-7.91015625,18.544921875,27.24609375,20.478515625,48.33984375,26.3671875,-39.55078125,-13.18359375,-21.97265625,70.3125,-27.1,-16.7,24.0,6.4,6.4,-9.6
4.329167041985784,4.332123833999503,14.82965162308765,9.886434415391767,-12.358043019239705,17.385580650359575,26.078370975539364,22.244477434631474,9.4921875,6.85546875,-7.998046875,18.544921875,27.158203125,20.654296875,48.33984375,26.3671875,-39.55078125,-13.18359375,-21.97265625,70.3125,-26.4,-16.7,23.9,7.2,6.4,-10.4
4.332171833986649,4.335150833998341,14.95257370840705,9.968382472271367,-12.460478090339205,17.338724027058998,26.0080860405885,22.428860562610573,9.580078125,6.943359375,-8.0859375,18.45703125,27.0703125,20.830078125,48.33984375,26.3671875,-39.55078125,-13.18359375,-21.97265625,70.3125,-27.2,-16.7,23.9,7.2,6.3,-10.4
4.335182666982291,4.338174499978777,15.075408808839615,10.05027253922641,-12.56284067403299,17.29138577116569,25.937078656748533,22.613113213259425,9.755859375,7.03125,-8.26171875,18.369140625,26.982421875,21.005859375,39.55078125,26.3671875,-35.15625,-13.18359375,-21.97265625,70.3125,-27.2,-16.7,23.9,6.4,5.5,-10.4
4.338219166995259,4.341215916996589,15.198949537713206,10.132633025142137,-12.66579128142767,17.24325224479996,25.86487836719994,22.798424306569807,9.931640625,7.119140625,-8.349609375,18.369140625,26.89453125,21.181640625,39.55078125,26.3671875,-35.15625,-17.578125,-21.97265625,70.3125,-26.4,-16.9,23.9,7.2,5.5,-10.4
4.341246708994731,4.345091750001302,15.321781559669327,10.214521039779552,-12.768151299724437,17.194870163159152,25.792305244738728,22.982672339503992,10.107421875,7.20703125,-8.4375,18.28125,26.806640625,21.357421875,39.55078125,26.3671875,-35.15625,-17.578125,-21.97265625,57.12890625,-26.4,-16.9,23.9,6.4,6.4,-10.4
4.345117208984448,4.348115000000689,15.478308631210243,10.318872420806828,-12.898590526008514,17.1324508451976,25.6986762677964,23.217462946815363,10.1953125,7.294921875,-8.61328125,18.28125,26.806640625,21.62109375,39.55078125,30.76171875,-35.15625,-17.578125,-21.97265625,57.12890625,-26.4,-16.9,23.1,7.2,6.4,-10.4
4.348136999993585,4.3511213339807,15.600035109175108,10.400023406116738,-13.00002925764592,17.083310954034175,25.624966431051263,23.40005266376266,10.37109375,7.3828125,-8.701171875,18.193359375,26.71875,21.796875,39.55078125,30.76171875,-35.15625,-17.578125,-21.97265625,57.12890625,-26.5,-16.9,24.1,6.4,7.2,-10.4
4.3511433340027,4.354092124995077,15.720870479053273,10.480580319368848,-13.100725399211058,17.03400822382267,25.551012335734004,23.58130571857991,10.546875,7.470703125,-8.7890625,18.193359375,26.630859375,21.97265625,39.55078125,30.76171875,-35.15625,-17.578125,-21.97265625,57.12890625,-25.7,-16.9,24.1,7.2,6.5,-10.4
4.354108375002397,4.35710624998319,15.839702754186757,10.559801836124505,-13.199752295155648,16.985010602934043,25.477515904401066,23.759554131280137,10.546875,7.55859375,-8.876953125,18.10546875,26.54296875,22.1484375,43.9453125,30.76171875,-35.15625,-17.578125,-21.97265625,57.12890625,-26.5,-16.9,24.1,7.2,5.7,-10.4
4.357126666989643,4.360209958977066,15.960316288001417,10.640210858667611,-13.300263573334512,16.934754585853668,25.4021318787805,23.940474432002127,10.810546875,7.646484375,-9.052734375,18.10546875,26.455078125,22.32421875,43.9453125,30.76171875,-35.15625,-13.18359375,-21.97265625,57.12890625,-25.7,-16.7,24.1,7.2,5.7,-11.2
4.360225833981531,4.363109958998393,16.083788323853184,10.722525549235456,-13.403156936544333,16.882755872368506,25.324133808552755,24.125682485779773,10.8984375,7.734375,-9.140625,18.017578125,26.455078125,22.5,43.9453125,30.76171875,-35.15625,-13.18359375,-21.97265625,57.12890625,-26.5,-16.7,24.1,7.2,7.3,-10.4
4.363125999982003,4.366080042003887,16.198986896719234,10.799324597812824,-13.499155747266006,16.833733639067557,25.250600458601333,24.29848034507885,10.986328125,7.822265625,-9.31640625,18.017578125,26.279296875,22.763671875,43.9453125,30.76171875,-35.15625,-13.18359375,-21.97265625,61.5234375,-26.5,-16.7,23.3,7.2,5.7,-10.4
4.366095167002641,4.369150041980902,16.316577991835537,10.877718661223692,-13.597148326529593,16.783183152407815,25.174774728611727,24.474866987753305,11.162109375,7.91015625,-9.404296875,17.9296875,26.279296875,22.8515625,43.9453125,30.76171875,-35.15625,-13.18359375,-21.97265625,61.5234375,-26.5,-16.7,23.3,7.2,6.5,-10.4
4.369164542004,4.372103999980027,16.437764604966063,10.958509736644043,-13.698137170805069,16.730542858851834,25.09581428827775,24.656646907449094,11.25,7.998046875,-9.4921875,17.9296875,26.19140625,23.02734375,43.9453125,30.76171875,-35.15625,-13.18359375,-21.97265625,61.5234375,-26.3,-16.7,23.2,7.2,7.3,-10.4
4.37211858399678,4.375227166980039,16.554036778107147,11.036024518738099,-13.79503064842264,16.679513266933537,25.019269900400303,24.831055167160724,11.42578125,8.0859375,-9.580078125,17.841796875,26.103515625,23.203125,43.9453125,30.76171875,-35.15625,-13.18359375,-21.97265625,61.5234375,-26.3,-16.7,24.0,7.2,6.4,-11.2
4.375243624992436,4.379185249999864,16.67665150444764,11.11776766963176,-13.897209587039677,16.62513885788899,24.937708286833487,25.014977256671457,11.513671875,8.173828125,-9.755859375,17.75390625,26.015625,23.37890625,43.9453125,30.76171875,-35.15625,-13.18359375,-26.3671875,61.5234375,-26.3,-16.7,23.2,7.2,5.6,-11.3
4.379200666997349,4.382120041991584,16.831333845164153,11.220889230109435,-14.02611153763677,16.555713360819396,24.83357004122909,25.247000767746226,11.689453125,8.349609375,-9.84375,17.75390625,25.927734375,23.5546875,43.9453125,30.76171875,-35.15625,-17.578125,-26.3671875,61.5234375,-26.3,-16.0,23.2,7.2,6.3,-12.1
4.382134583982406,4.385122459003469,16.945602343255576,11.29706822883705,-14.121335286046294,16.503825296972824,24.755737945459238,25.418403514883362,11.865234375,8.4375,-10.01953125,17.666015625,25.83984375,23.818359375,43.9453125,30.76171875,-35.15625,-17.578125,-26.3671875,57.12890625,-25.5,-16.0,23.2,8.0,6.3,-11.3
4.385136958997464,4.3881110420043115,17.062164482654467,11.374776321769644,-14.218470402212052,16.45036363214226,24.67554544821339,25.5932467239817,11.953125,8.525390625,-10.107421875,17.666015625,25.751953125,23.994140625,43.9453125,30.76171875,-35.15625,-17.578125,-26.3671875,57.12890625,-26.3,-16.0,23.2,8.0,5.5,-11.2
4.388125625002431,4.391218624979956,17.177817499734193,11.45187833315613,-14.314847916445142,16.39678269181454,24.59517403772181,25.76672624960129,12.12890625,8.61328125,-10.1953125,17.578125,25.6640625,24.169921875,43.9453125,30.76171875,-35.15625,-17.578125,-26.3671875,57.12890625,-25.6,-16.0,23.1,7.2,6.3,-11.2
4.391238374984823,4.395190499984892,17.29786969538545,11.531913130256967,-14.414891412821207,16.340592998915522,24.51088949837328,25.946804543078176,12.216796875,8.701171875,-10.283203125,17.578125,25.6640625,24.345703125,43.9453125,30.76171875,-35.15625,-17.578125,-26.3671875,57.12890625,-26.4,-16.0,23.1,8.0,7.2,-11.2
4.395208999980241,4.399114375002682,17.45040773127337,11.633605154182247,-14.542006442727825,16.268350596067954,24.402525894101935,26.175611596910056,12.392578125,8.876953125,-10.458984375,17.490234375,25.576171875,24.609375,43.9453125,30.76171875,-39.55078125,-17.578125,-21.97265625,57.12890625,-26.4,-15.2,23.1,7.2,7.2,-9.4
4.399132083985023,4.402233375003561,17.600452737623865,11.73363515841591,-14.6670439480199,16.196351625263834,24.294527437895752,26.400679106435796,12.568359375,8.876953125,-10.634765625,17.40234375,25.48828125,24.873046875,43.9453125,30.76171875,-39.55078125,-13.18359375,-21.97265625,57.12890625,-26.4,-15.9,22.3,8.0,7.3,-8.6
4.402275166998152,4.40614187499159,17.72018330407763,11.813455536051753,-14.766819420064708,16.13822382722859,24.207335740842883,26.580274956116444,12.744140625,9.052734375,-10.72265625,17.40234375,25.400390625,25.048828125,43.9453125,30.76171875,-39.55078125,-13.18359375,-21.97265625,65.91796875,-25.6,-15.1,22.3,8.0,6.5,-7.8
4.4061613339872565,4.409251459001098,17.86762292953483,11.911748619689886,-14.889685774612355,16.065809809073308,24.09871471360996,26.801434394302245,12.83203125,9.140625,-10.810546875,17.314453125,25.224609375,25.3125,43.9453125,26.3671875,-39.55078125,-13.18359375,-21.97265625,65.91796875,-26.4,-15.9,23.1,8.0,6.5,-7.9
4.40926975000184,4.4131700419820845,17.98507599075723,11.99005066050482,-14.987563325631006,16.007457173409136,24.011185760113705,26.977613986135847,13.0078125,9.228515625,-10.8984375,17.2265625,25.13671875,25.400390625,43.9453125,26.3671875,-39.55078125,-13.18359375,-21.97265625,65.91796875,-25.5,-15.1,23.1,7.2,7.2,-9.5
4.4131875000020955,4.416085999982897,18.132499030173022,12.088332686782016,-15.110415858477499,15.933367906807309,23.900051860210965,27.198748545259534,13.18359375,9.31640625,-11.07421875,17.138671875,25.048828125,25.6640625,43.9453125,26.3671875,-35.15625,-13.18359375,-21.97265625,65.91796875,-25.5,-15.9,23.1,8.0,7.2,-9.5
4.41610474998015,4.419140958983917,18.241828000400268,12.161218666933511,-15.201523333666902,15.877807170230664,23.816710755345998,27.3627420006004,13.271484375,9.404296875,-11.162109375,17.138671875,24.9609375,25.83984375,43.9453125,26.3671875,-35.15625,-17.578125,-30.76171875,65.91796875,-25.5,-15.1,23.1,8.8,6.4,-9.8
4.419161541998619,4.422132459003478,18.35597553857566,12.237317025717108,-15.296646282146382,15.81923108156949,23.728846622354233,27.53396330786349,13.447265625,9.4921875,-11.337890625,17.05078125,24.873046875,25.927734375,43.9453125,26.3671875,-35.15625,-17.578125,-30.76171875,65.91796875,-25.5,-15.2,22.3,8.0,7.2,-10.6
4.422150041995337,4.425179124984425,18.467163790992473,12.311442527328316,-15.389303159160391,15.761611050152576,23.642416575228864,27.70074568648871,13.53515625,9.580078125,-11.337890625,17.05078125,24.78515625,26.103515625,43.9453125,26.3671875,-35.15625,-17.578125,-30.76171875,52.734375,-25.5,-15.2,23.1,8.0,7.2,-10.6
4.4251951669866685,4.428269083990017,18.580040187877877,12.386693458585253,-15.483366823231561,15.702541996856477,23.553812995284716,27.870060281816816,13.7109375,9.66796875,-11.513671875,16.962890625,24.697265625,26.279296875,43.9453125,30.76171875,-35.15625,-17.578125,-30.76171875,52.734375,-25.5,-15.2,22.3,8.0,6.4,-10.4
4.428290084004402,4.432137958996464,18.69432666834663,12.46288444556442,-15.578605556955537,15.642138961680043,23.463208442520063,28.041490002519943,13.88671875,9.755859375,-11.689453125,16.875,24.609375,26.455078125,43.9453125,30.76171875,-35.15625,-17.578125,-30.76171875,52.734375,-24.8,-15.2,21.6,8.0,7.2,-10.4
4.432155208982294,4.435124124982394,18.836433991980154,12.557622661320103,-15.697028326650125,15.566184924248454,23.34927738637268,28.25465098797023,14.0625,9.84375,-11.77734375,16.787109375,24.521484375,26.71875,43.9453125,30.76171875,-35.15625,-17.578125,-30.76171875,52.734375,-24.8,-15.2,22.4,7.2,7.2,-10.4
4.435139541979879,4.4381492089887615,18.945682883011685,12.630455255341124,-15.788069069176402,15.50714674086841,23.260720111302618,28.41852432451753,14.150390625,9.931640625,-11.865234375,16.787109375,24.345703125,26.89453125,43.9453125,30.76171875,-35.15625,-17.578125,-30.76171875,52.734375,-24.8,-15.2,22.4,8.0,5.6,-9.5
4.43816587497713,4.441141416988103,19.05604411044046,12.704029406960306,-15.880036758700397,15.446929689329467,23.1703945339942,28.58406616566069,14.23828125,10.01953125,-11.953125,16.69921875,24.345703125,27.0703125,43.9453125,30.76171875,-35.15625,-17.578125,-30.76171875,52.734375,-25.6,-15.2,22.4,8.0,7.2,-9.5
4.441157124994788,4.444063542003278,19.164702805385804,12.77646853692387,-15.970585671154852,15.387067677923392,23.08060151688509,28.74705420807871,14.4140625,10.01953125,-12.12890625,16.611328125,24.2578125,27.24609375,43.9453125,30.76171875,-35.15625,-17.578125,-30.76171875,57.12890625,-24.8,-16.0,21.6,8.0,7.1,-10.3
4.444079666980542,4.447203374991659,19.270457026275515,12.846971350850344,-16.058714188562927,15.32825257850452,22.99237886775678,28.905685539413277,14.58984375,10.107421875,-12.216796875,16.611328125,24.169921875,27.421875,43.9453125,21.97265625,-35.15625,-17.578125,-30.76171875,57.12890625,-24.0,-16.0,21.6,8.0,6.3,-9.5
4.4472184169862885,4.450239083991619,19.383582527989887,12.922388351993257,-16.152985439991568,15.264726636277146,22.89708995441572,29.075373791984827,14.677734375,10.1953125,-12.3046875,16.5234375,24.08203125,27.59765625,43.9453125,21.97265625,-35.15625,-17.578125,-30.76171875,57.12890625,-24.7,-16.0,21.5,8.0,7.1,-9.6
4.4502543339913245,4.453118834004272,19.492553517715297,12.995035678476865,-16.243794598096095,15.202928918965375,22.80439337844806,29.238830276572948,14.765625,10.283203125,-12.392578125,16.435546875,23.994140625,27.7734375,43.9453125,21.97265625,-35.15625,-17.578125,-30.76171875,57.12890625,-24.7,-16.0,22.3,8.0,7.3,-9.6
4.453131916990969,4.45607695900253,19.595432103860134,13.063621402573421,-16.329526753216758,15.144034992373243,22.716052488559864,29.3931481557902,14.94140625,10.37109375,-12.48046875,16.435546875,23.90625,27.94921875,43.9453125,21.97265625,-35.15625,-17.578125,-30.76171875,57.12890625,-23.9,-16.0,22.3,8.0,6.5,-9.6
4.456090583989862,4.459191375004593,19.700792123386154,13.13386141559077,-16.41732676948846,15.083158963428582,22.624738445142874,29.551188185079234,15.1171875,10.458984375,-12.65625,16.34765625,23.818359375,28.125,43.9453125,21.97265625,-35.15625,-21.97265625,-26.3671875,57.12890625,-23.9,-15.1,21.5,8.0,7.3,-9.6
4.45920416698209,4.462265166977886,19.81120923927542,13.207472826183613,-16.509341032729512,15.018743674010203,22.528115511015304,29.716813858913127,15.205078125,10.546875,-12.744140625,16.259765625,23.73046875,28.30078125,43.9453125,21.97265625,-35.15625,-21.97265625,-26.3671875,57.12890625,-23.9,-15.1,21.5,8.0,8.1,-8.8
4.462277499987977,4.466064499982167,19.919734246225133,13.279822830816755,-16.59977853852094,14.954808777851962,22.43221316677794,29.879601369337696,15.29296875,10.634765625,-12.83203125,16.259765625,23.642578125,28.4765625,43.9453125,21.97265625,-35.15625,-21.97265625,-26.3671875,57.12890625,-23.9,-15.1,21.5,8.0,8.1,-8.8
4.466083042003447,4.469083542004228,20.0534712954877,13.368980863658466,-16.711226079573063,14.875158845105938,22.312738267658908,30.08020694323155,15.46875,10.72265625,-12.919921875,16.171875,23.466796875,28.65234375,43.9453125,30.76171875,-35.15625,-21.97265625,-26.3671875,57.12890625,-23.9,-15.1,21.5,8.0,7.3,-8.7
4.469096124987118,4.472155833995203,20.158851139943682,13.439234093295788,-16.799042616619733,14.811717894477876,22.217576841716813,30.238276709915525,15.64453125,10.810546875,-13.0078125,16.083984375,23.37890625,28.828125,43.9453125,30.76171875,-35.15625,-21.97265625,-26.3671875,57.12890625,-23.1,-15.1,22.4,8.0,6.2,-9.5
4.4721703749964945,4.475216708990047,20.265904813600216,13.510603209066812,-16.88825401133353,14.746647107975221,22.11997066196283,30.398857220400327,15.732421875,10.8984375,-13.095703125,15.99609375,23.291015625,29.00390625,43.9453125,30.76171875,-35.15625,-21.97265625,-26.3671875,57.12890625,-23.9,-15.1,22.4,8.0,7.0,-8.7
4.475230874988483,4.479147209000075,20.37201025548104,13.581340170320694,-16.97667521290088,14.681525778270931,22.022288667406396,30.55801538322156,15.908203125,10.8984375,-13.271484375,15.908203125,23.203125,29.091796875,43.9453125,30.76171875,-35.15625,-21.97265625,-30.76171875,57.12890625,-23.1,-15.9,21.6,7.2,7.0,-9.7
4.479161750001367,4.482228291977663,20.50759995612039,13.67173330408026,-17.089666630100307,14.597387042279255,21.896080563418884,30.761399934180584,15.99609375,11.07421875,-13.359375,15.908203125,23.02734375,29.35546875,43.9453125,30.76171875,-35.15625,-21.97265625,-30.76171875,57.12890625,-23.9,-15.2,21.6,8.8,6.4,-8.9
4.482242166996002,4.485237208980834,20.613308203619425,13.742205469079618,-17.177756836349502,14.531062894557918,21.796594341836876,30.91996230542914,16.171875,11.162109375,-13.53515625,15.8203125,22.939453125,29.53125,43.9453125,30.76171875,-35.15625,-21.97265625,-30.76171875,52.734375,-23.1,-15.2,20.8,8.8,6.4,-8.9
4.485253583989106,4.488274667004589,20.716182124441058,13.810788082960705,-17.263485103700862,14.46589549691101,21.698843245366515,31.074273186661586,16.259765625,11.162109375,-13.53515625,15.732421875,22.939453125,29.70703125,43.9453125,21.97265625,-35.15625,-21.97265625,-30.76171875,52.734375,-23.1,-16.0,21.6,8.8,7.2,-9.5
4.48828937500366,4.491186416998971,20.81941950083381,13.879613000555873,-17.349516250694837,14.399873018704035,21.599809528056053,31.229129251250715,16.435546875,11.25,-13.623046875,15.64453125,22.763671875,29.794921875,43.9453125,21.97265625,-35.15625,-21.97265625,-30.76171875,52.734375,-23.1,-16.0,21.6,8.0,7.2,-9.5
4.491200833988842,4.495132416981505,20.91798404119961,13.945322694133074,-17.431653367666325,14.336246892283096,21.504370338424643,31.376976061799414,16.5234375,11.337890625,-13.798828125,15.556640625,22.67578125,30.05859375,43.9453125,21.97265625,-35.15625,-21.97265625,-30.76171875,52.734375,-23.1,-15.2,20.8,7.2,6.5,-8.7
4.4951465420017485,4.498269000003347,21.050863432832397,14.033908955221598,-17.542386194026996,14.24954032369294,21.37431048553941,31.576295149248597,16.69921875,11.42578125,-13.974609375,15.46875,22.587890625,30.234375,39.55078125,21.97265625,-35.15625,-21.97265625,-30.76171875,52.734375,-23.1,-16.0,20.8,8.0,6.5,-8.7
4.498283166991314,4.50213249999797,21.155918705704753,14.103945803803168,-17.629932254753943,14.180222592166267,21.2703338882494,31.733878058557128,16.787109375,11.513671875,-14.0625,15.380859375,22.5,30.41015625,39.55078125,21.97265625,-35.15625,-21.97265625,-30.76171875,52.734375,-23.1,-15.3,20.8,8.0,7.3,-7.9
4.502146624989109,4.505143416987266,21.284611731963277,14.189741154642185,-17.73717644330273,14.094369299981249,21.141553949971872,31.926917597944918,16.962890625,11.6015625,-14.150390625,15.380859375,22.412109375,30.5859375,39.55078125,21.97265625,-35.15625,-21.97265625,-30.76171875,52.734375,-23.1,-15.3,20.8,8.8,8.1,-7.9
4.5051608749781735,4.5081770419783425,21.384473233225396,14.25631548881693,-17.820394361021176,14.027026366387101,21.04053954958065,32.076709849838096,17.05078125,11.689453125,-14.326171875,15.29296875,22.32421875,30.76171875,39.55078125,26.3671875,-35.15625,-21.97265625,-30.76171875,52.734375,-23.1,-15.3,20.0,8.0,7.3,-8.1
4.508193999994546,4.511090458981926,21.48447614554776,14.322984097031839,-17.903730121289797,13.958944320978325,20.93841648146749,32.22671421832164,17.2265625,11.77734375,-14.326171875,15.205078125,22.236328125,30.849609375,39.55078125,26.3671875,-35.15625,-21.97265625,-30.76171875,52.734375,-22.4,-15.3,20.7,8.0,7.3,-9.7
4.511107917001937,4.51407470900449,21.58008945070971,14.386726300473141,-17.98340787559142,13.893239591804154,20.83985938770623,32.37013417606457,17.314453125,11.865234375,-14.501953125,15.205078125,22.060546875,31.025390625,39.55078125,26.3671875,-35.15625,-21.97265625,-30.76171875,52.734375,-22.4,-15.3,19.9,8.0,7.1,-8.9
4.514091833989369,4.517116749979323,21.67753108890035,14.451687392600231,-18.064609240750286,13.825654831021911,20.738482246532868,32.51629663335052,17.40234375,11.865234375,-14.58984375,15.1171875,21.97265625,31.201171875,39.55078125,26.3671875,-30.76171875,-21.97265625,-30.76171875,52.734375,-23.2,-16.1,19.9,8.0,7.1,-8.8
4.517136624985142,4.52007058399613,21.776469681735893,14.517646454490595,-18.147058068113243,13.756378208758896,20.634567313138344,32.66470452260384,17.578125,11.953125,-14.677734375,15.029296875,21.97265625,31.376953125,39.55078125,26.3671875,-30.76171875,-17.578125,-30.76171875,52.734375,-22.4,-15.1,20.7,8.0,8.7,-8.0
4.520095874991966,4.522981291986071,21.87215136020584,14.581434240137227,-18.226792800171534,13.688746308576023,20.533119462864036,32.808227040308765,17.666015625,12.041015625,-14.765625,14.94140625,21.796875,31.46484375,39.55078125,26.3671875,-30.76171875,-17.578125,-30.76171875,48.33984375,-22.4,-15.1,19.9,8.0,7.3,-8.8
4.5229997919814195,4.52604483399773,21.96558453661781,14.643723024411875,-18.304653780514858,13.62209146879839,20.433137203197585,32.94837680492672,17.75390625,12.12890625,-14.853515625,14.94140625,21.708984375,31.552734375,39.55078125,26.3671875,-30.76171875,-17.578125,-30.76171875,48.33984375,-22.4,-15.1,19.9,8.0,7.3,-8.8
4.52606270898832,4.529143791995011,22.063638223593934,14.709092149062624,-18.386365186328266,13.551479924730875,20.327219887096312,33.095457335390904,17.841796875,12.216796875,-14.94140625,14.853515625,21.62109375,31.728515625,39.55078125,21.97265625,-30.76171875,-17.578125,-30.76171875,48.33984375,-23.2,-15.1,19.9,8.0,8.1,-8.8
4.529171624977607,4.53306133399019,22.162642185319637,14.77509479021309,-18.46886848776636,13.479487154199079,20.21923073129862,33.243963277979454,18.017578125,12.3046875,-15.029296875,14.765625,21.4453125,31.904296875,39.55078125,21.97265625,-30.76171875,-17.578125,-30.76171875,48.33984375,-22.3,-15.1,19.9,8.0,8.0,-8.8
4.533080875000451,4.536067459004698,22.286382486039603,14.857588324026402,-18.571985405033,13.38850511422968,20.08275767134452,33.429573729059406,18.193359375,12.392578125,-15.205078125,14.677734375,21.357421875,32.080078125,35.15625,21.97265625,-30.76171875,-17.578125,-30.76171875,48.33984375,-22.3,-15.1,19.9,8.8,8.0,-8.0
4.536092875001486,4.53919433397823,22.381149012983514,14.920766008655676,-18.65095751081958,13.318060734016235,19.977091101024353,33.57172351947527,18.28125,12.48046875,-15.29296875,14.58984375,21.26953125,32.255859375,35.15625,21.97265625,-30.76171875,-26.3671875,-35.15625,48.33984375,-22.3,-14.3,19.9,8.0,7.2,-7.1
4.539214708987856,4.543105708988151,22.47884248942271,14.985894992948474,-18.73236874118559,13.244732962967651,19.867099444451476,33.71826373413407,18.369140625,12.568359375,-15.380859375,14.58984375,21.09375,32.34375,35.15625,21.97265625,-30.76171875,-26.3671875,-35.15625,48.33984375,-22.3,-14.3,19.9,8.8,7.0,-7.1
4.543121541995788,4.546220458985772,22.600339629431407,15.066893086287605,-18.833616357859505,13.15251811351647,19.728777170274704,33.90050944414711,18.544921875,12.65625,-15.46875,14.501953125,20.91796875,32.607421875,35.15625,21.97265625,-30.76171875,-26.3671875,-35.15625,48.33984375,-22.3,-14.3,19.9,8.0,7.0,-7.9
4.546239041985245,4.550081374996807,22.69667924755999,15.131119498373327,-18.913899372966654,13.078578773167465,19.617868159751197,34.045018871339984,18.6328125,12.744140625,-15.556640625,14.4140625,20.830078125,32.6953125,35.15625,26.3671875,-30.76171875,-26.3671875,-35.15625,48.33984375,-22.4,-14.3,20.0,8.8,6.2,-8.9
4.550100208987715,4.553124041995034,22.81524553317135,15.2101636887809,-19.01270461097614,12.986566927425098,19.479850391137646,34.222868299757025,18.80859375,12.83203125,-15.732421875,14.326171875,20.654296875,32.87109375,35.15625,26.3671875,-30.76171875,-26.3671875,-35.15625,48.33984375,-22.4,-14.3,19.2,8.8,6.4,-8.9
4.553142249991652,4.556133083999157,22.908067744892143,15.27204516326143,-19.090056454076787,12.91373828646466,19.37060742969699,34.36210161733822,18.896484375,12.919921875,-15.8203125,14.23828125,20.56640625,33.046875,39.55078125,26.3671875,-30.76171875,-26.3671875,-35.15625,48.33984375,-22.4,-14.3,19.2,8.0,7.2,-8.9
4.556151374999899,4.559251375001622,22.9993709856558,15.3329139904372,-19.166142488046496,12.84140757712546,19.26211136568819,34.4990564784837,18.984375,12.919921875,-15.908203125,14.150390625,20.56640625,33.134765625,39.55078125,26.3671875,-30.76171875,-21.97265625,-35.15625,48.33984375,-22.4,-15.3,19.2,8.0,8.0,-9.7
4.559267834003549,4.563088291994063,23.093389273431683,15.395592848954456,-19.244491061193067,12.766194453682056,19.149291680523085,34.640083910147524,19.072265625,13.0078125,-15.99609375,14.0625,20.478515625,33.310546875,39.55078125,26.3671875,-30.76171875,-21.97265625,-35.15625,48.33984375,-22.4,-14.5,19.2,8.0,9.0,-9.7
4.563105999986874,4.566103749995818,23.208419509173222,15.472279672782147,-19.34034959097767,12.673143324653598,19.009714986980395,34.81262926375983,19.248046875,13.095703125,-16.083984375,13.974609375,20.302734375,33.486328125,39.55078125,26.3671875,-30.76171875,-21.97265625,-35.15625,48.33984375,-22.4,-14.5,20.0,8.8,8.2,-8.1
4.566119166993303,4.569114916987019,23.298133559974914,15.532089039983276,-19.415111299979092,12.599770238144481,18.899655357216723,34.94720033996237,19.3359375,13.18359375,-16.171875,13.974609375,20.21484375,33.662109375,39.55078125,26.3671875,-30.76171875,-21.97265625,-35.15625,48.33984375,-22.4,-14.5,19.1,9.6,7.4,-7.0
4.569130791991483,4.57213687498006,23.38728017687975,15.591520117919833,-19.489400147399802,12.52615265803916,18.789228987058742,35.08092026531963,19.51171875,13.271484375,-16.259765625,13.88671875,20.0390625,33.837890625,39.55078125,26.3671875,-30.76171875,-21.97265625,-35.15625,48.33984375,-21.6,-14.5,19.1,9.6,7.1,-6.2
4.5721593749767635,4.575205667002592,23.476400947669937,15.650933965113293,-19.563667456391613,12.451837857106202,18.677756785659305,35.21460142150491,19.51171875,13.359375,-16.34765625,13.798828125,19.951171875,33.92578125,30.76171875,26.3671875,-30.76171875,-21.97265625,-35.15625,48.33984375,-22.4,-13.7,19.1,8.8,7.9,-7.8
4.575222624989692,4.578141749982024,23.56600137281631,15.71066758187754,-19.638334477346923,12.376385745917188,18.56457861887578,35.34900205922447,19.6875,13.447265625,-16.435546875,13.7109375,19.86328125,34.1015625,30.76171875,26.3671875,-30.76171875,-21.97265625,-30.76171875,48.33984375,-21.6,-13.7,19.1,8.0,7.9,-8.0
4.578156584000681,4.581250999995973,23.65130848637729,15.767538990918194,-19.70942373864774,12.303849567101937,18.455774350652906,35.47696272956593,19.775390625,13.53515625,-16.5234375,13.623046875,19.775390625,34.1015625,30.76171875,26.3671875,-30.76171875,-21.97265625,-30.76171875,48.33984375,-21.6,-13.4,19.1,8.0,9.0,-9.6
4.581277458986733,4.585049041983439,23.74149891400581,15.827665942670539,-19.784582428338172,12.226405473696147,18.33960821054422,35.61224837100871,19.86328125,13.53515625,-16.611328125,13.53515625,19.6875,34.27734375,30.76171875,26.3671875,-30.76171875,-21.97265625,-30.76171875,43.9453125,-21.6,-14.2,19.1,8.0,9.0,-8.8
4.585063874983462,4.588112458994146,23.850156618318746,15.900104412212496,-19.875130515265607,12.13205175066198,18.19807762599297,35.77523492747812,20.0390625,13.623046875,-16.69921875,13.447265625,19.51171875,34.453125,30.76171875,21.97265625,-30.76171875,-21.97265625,-30.76171875,43.9453125,-21.6,-14.2,19.1,8.8,8.2,-8.0
4.588125541980844,4.5911672090005595,23.937399667891107,15.958266445260739,-19.947833056575924,12.055444083984014,18.08316612597602,35.906099501836664,20.126953125,13.7109375,-16.787109375,13.447265625,19.423828125,34.62890625,30.76171875,21.97265625,-30.76171875,-21.97265625,-30.76171875,43.9453125,-21.5,-13.4,19.3,9.6,7.0,-7.2
4.59117979198345,4.595150124980137,24.023879734446737,16.01591982296449,-20.019899778705614,11.978744183944038,17.968116275916056,36.035819601670106,20.21484375,13.798828125,-16.875,13.359375,19.248046875,34.716796875,30.76171875,21.97265625,-30.76171875,-21.97265625,-30.76171875,43.9453125,-21.5,-13.4,19.3,8.8,7.0,-7.2
4.595166624989361,4.598281458980637,24.135933280561794,16.090622187041195,-20.11327773380149,11.878210203304944,17.817315304957415,36.20389992084269,20.390625,13.88671875,-17.05078125,13.18359375,19.072265625,34.892578125,35.15625,21.97265625,-30.76171875,-26.3671875,-39.55078125,43.9453125,-21.5,-13.4,18.5,8.0,7.0,-7.9
4.598305999999866,4.602045709005324,24.22350231815986,16.14900154543991,-20.18625193179987,11.798718111955179,17.698077167932766,36.33525347723979,20.478515625,13.974609375,-17.138671875,13.095703125,18.984375,35.068359375,35.15625,21.97265625,-30.76171875,-26.3671875,-39.55078125,43.9453125,-21.5,-13.6,18.5,8.8,8.1,-7.9
4.602058874996146,4.605107541981852,24.32741102391211,16.218274015941404,-20.272842519926744,11.703315254398623,17.554972881597934,36.49111653586816,20.654296875,14.0625,-17.2265625,13.095703125,18.896484375,35.15625,35.15625,21.97265625,-30.76171875,-26.3671875,-39.55078125,43.9453125,-20.7,-13.6,18.5,9.6,8.1,-7.9
4.605120124993846,4.608128124993527,24.41154428921777,16.27436285947851,-20.342953574348137,11.625193052935783,17.437789579403674,36.61731643382665,20.7421875,14.150390625,-17.314453125,13.0078125,18.720703125,35.33203125,35.15625,26.3671875,-30.76171875,-26.3671875,-39.55078125,43.9453125,-20.7,-12.8,18.5,8.8,7.3,-7.3
4.608141666976735,4.611122250003973,24.494032732145456,16.329355154763636,-20.41169394345453,11.547820583538435,17.32173087530765,36.741049098218184,20.830078125,14.23828125,-17.40234375,12.919921875,18.6328125,35.419921875,35.15625,26.3671875,-30.76171875,-26.3671875,-39.55078125,43.9453125,-20.8,-12.8,18.3,8.8,8.0,-7.3
4.611134666978614,4.614123916981043,24.575198006988614,16.38346533799241,-20.479331672490495,11.470922522569882,17.20638378385482,36.86279701048292,20.91796875,14.326171875,-17.490234375,12.83203125,18.544921875,35.595703125,35.15625,26.3671875,-30.76171875,-26.3671875,-39.55078125,43.9453125,-20.8,-12.8,18.3,8.8,8.8,-8.1
4.614135333977174,4.617158459004713,24.656025920720342,16.43735061381356,-20.546688267266948,11.393572960163244,17.090359440244864,36.984038881080515,21.09375,14.326171875,-17.578125,12.744140625,18.45703125,35.68359375,39.55078125,26.3671875,-26.3671875,-21.97265625,-35.15625,43.9453125,-20.8,-12.8,18.3,8.8,8.8,-8.0
4.617168750002747,4.620092500001192,24.737179207578972,16.49145280505265,-20.614316006315807,11.315121933886578,16.972682900829867,37.105768811368456,21.181640625,14.4140625,-17.578125,12.65625,18.28125,35.771484375,39.55078125,26.3671875,-26.3671875,-21.97265625,-35.15625,43.9453125,-20.8,-12.7,19.1,8.0,7.2,-8.8
4.6201027919887565,4.623075666982913,24.815139613254345,16.54342640883623,-20.6792830110453,11.238996514610207,16.85849477191531,37.22270941988152,21.26953125,14.4140625,-17.75390625,12.568359375,18.193359375,35.947265625,39.55078125,26.3671875,-26.3671875,-21.97265625,-35.15625,39.55078125,-20.8,-13.5,18.3,8.0,8.0,-8.0
4.62308491699514,4.626125209004385,24.89383750110777,16.59589166740518,-20.744864584256486,11.16137893648234,16.74206840472351,37.34075625166166,21.357421875,14.501953125,-17.75390625,12.48046875,18.10546875,36.03515625,39.55078125,26.3671875,-26.3671875,-21.97265625,-35.15625,39.55078125,-20.8,-12.7,18.3,8.0,8.8,-8.0
4.626135250000516,4.629177583992714,24.97377025335034,16.64918016890023,-20.811475211125284,11.081732703124516,16.622599054686773,37.460655380025514,21.533203125,14.58984375,-17.841796875,12.48046875,17.9296875,36.123046875,39.55078125,21.97265625,-26.3671875,-21.97265625,-35.15625,39.55078125,-19.8,-12.7,18.3,9.6,8.0,-8.0
4.6291866669780575,4.632171000004746,25.05315775777911,16.702105171852743,-20.877631464815927,11.001803617060698,16.50270542559105,37.57973663666867,21.533203125,14.677734375,-17.9296875,12.3046875,17.841796875,36.298828125,39.55078125,21.97265625,-26.3671875,-21.97265625,-35.15625,39.55078125,-20.6,-12.7,18.3,8.8,8.9,-8.0
4.632180874992628,4.635213792003924,25.130497397452174,16.753664931634784,-20.942081164543467,10.923127361635519,16.384691042453277,37.69574609617826,21.708984375,14.765625,-18.017578125,12.3046875,17.75390625,36.38671875,35.15625,21.97265625,-26.3671875,-21.97265625,-35.15625,39.55078125,-19.8,-11.9,18.3,8.8,8.9,-8.0
4.635225834004814,4.639046083990252,25.208577789801037,16.805718526534022,-21.007148158167542,10.842869768050864,16.264304652076298,37.812866684701554,21.796875,14.853515625,-18.10546875,12.216796875,17.578125,36.5625,35.15625,21.97265625,-26.3671875,-26.3671875,-39.55078125,39.55078125,-19.8,-11.9,18.3,8.8,7.3,-7.1
4.639057708991459,4.642064083978767,25.306016950202256,16.870677966801505,-21.088347458501865,10.741518744594638,16.112278116891957,37.95902542530338,21.884765625,14.853515625,-18.28125,12.12890625,17.40234375,36.73828125,35.15625,21.97265625,-26.3671875,-26.3671875,-39.55078125,39.55078125,-19.8,-12.7,17.5,9.6,7.1,-7.9
4.642074749979656,4.645083541981876,25.382091097336954,16.921394064891302,-21.151742581114128,10.661445629025241,15.992168443537862,38.07313664600543,22.060546875,14.94140625,-18.28125,12.041015625,17.314453125,36.826171875,35.15625,21.97265625,-26.3671875,-26.3671875,-39.55078125,39.55078125,-19.0,-11.9,18.3,9.6,7.9,-7.9
4.645092708989978,4.648089833994163,25.457618061092262,16.97174537406151,-21.214681717576898,10.581108588329585,15.871662882494377,38.18642709163839,22.1484375,15.029296875,-18.369140625,11.953125,17.2265625,36.9140625,35.15625,21.97265625,-26.3671875,-26.3671875,-39.55078125,39.55078125,-19.0,-11.9,18.3,9.6,8.7,-8.1
4.648097875004169,4.650997249991633,25.532256389278597,17.021504259519066,-21.276880324398842,10.500875808387349,15.751313712581023,38.298384583917894,22.236328125,15.1171875,-18.45703125,11.865234375,17.05078125,37.08984375,35.15625,21.97265625,-26.3671875,-26.3671875,-39.55078125,39.55078125,-19.1,-11.9,17.5,9.6,8.0,-7.3
4.651004999992438,4.654091374977725,25.603918322336916,17.069278881557945,-21.33659860194743,10.423037871158291,15.634556806737438,38.40587748350538,22.32421875,15.1171875,-18.544921875,11.77734375,16.962890625,37.177734375,35.15625,21.97265625,-26.3671875,-26.3671875,-39.55078125,39.55078125,-19.1,-11.9,17.5,9.6,8.8,-7.3
4.654106333997333,4.657132624997757,25.679778948919665,17.11985263261311,-21.3998157907664,10.339760434246543,15.509640651369814,38.5196684233795,22.412109375,15.205078125,-18.6328125,11.689453125,16.875,37.265625,30.76171875,21.97265625,-26.3671875,-26.3671875,-39.55078125,39.55078125,-19.1,-11.9,17.5,8.8,8.8,-8.0
4.657140458992217,4.660183125000913,25.75340584503025,17.168937230020166,-21.461171537525196,10.258050223684183,15.387075335526275,38.63010876754537,22.5,15.29296875,-18.720703125,11.6015625,16.69921875,37.44140625,30.76171875,21.97265625,-26.3671875,-26.3671875,-39.55078125,39.55078125,-19.1,-11.9,17.5,8.0,8.0,-7.2
4.6601912920014,4.663223958981689,25.826848359065163,17.217898906043445,-21.522373632554302,10.175655126883383,15.263482690325073,38.74027253859774,22.587890625,15.380859375,-18.80859375,11.6015625,16.611328125,37.529296875,30.76171875,21.97265625,-26.3671875,-26.3671875,-39.55078125,39.55078125,-19.1,-11.1,16.7,8.8,8.9,-8.0
4.663232249993598,4.667048792005517,25.89946290455415,17.2663086030361,-21.58288575379511,10.093294171117835,15.139941256676753,38.84919435683123,22.67578125,15.46875,-18.896484375,11.513671875,16.5234375,37.705078125,30.76171875,21.97265625,-26.3671875,-26.3671875,-39.55078125,39.55078125,-19.1,-11.1,16.7,8.8,8.1,-8.0
4.6670568749832455,4.6700828750035726,25.98995129942134,17.326634199614226,-21.65829274951778,9.989381728253193,14.984072592379789,38.98492694913201,22.8515625,15.46875,-18.984375,11.42578125,16.259765625,37.79296875,30.76171875,21.97265625,-26.3671875,-26.3671875,-39.55078125,39.55078125,-18.4,-11.1,16.7,9.6,7.3,-7.2
4.670090999978129,4.673115583980689,26.06106982891476,17.37404655260984,-21.7175581907623,9.90668998140883,14.860034972113246,39.091604743372145,22.939453125,15.556640625,-19.072265625,11.337890625,16.171875,37.96875,30.76171875,21.97265625,-26.3671875,-26.3671875,-39.55078125,39.55078125,-18.4,-11.1,16.7,8.8,7.8,-6.4
4.673124833992915,4.676135291985702,26.131589655337493,17.421059770224996,-21.776324712781257,9.823781170315659,14.73567175547349,39.19738448300624,23.02734375,15.64453125,-19.16015625,11.25,16.083984375,38.056640625,35.15625,21.97265625,-26.3671875,-26.3671875,-39.55078125,39.55078125,-18.4,-11.1,16.7,8.8,7.8,-6.4
4.6761442089919,4.679183917003684,26.201184172273845,17.467456114849227,-21.834320143561527,9.741045984688501,14.611568977032752,39.30177625841077,23.115234375,15.732421875,-19.248046875,11.162109375,15.99609375,38.232421875,35.15625,21.97265625,-26.3671875,-26.3671875,-39.55078125,39.55078125,-18.4,-10.4,16.7,8.8,7.8,-6.1
4.679192583978875,4.683082874980755,26.270849217544125,17.513899478362752,-21.89237434795345,9.657293878815393,14.485940818223089,39.40627382631619,23.291015625,15.732421875,-19.3359375,11.07421875,15.8203125,38.3203125,35.15625,21.97265625,-26.3671875,-26.3671875,-39.55078125,39.55078125,-17.6,-11.2,15.9,9.6,8.9,-6.9
4.683095041982597,4.686124500003643,26.359153414595962,17.572768943063974,-21.965961178829957,9.549753487587308,14.324630231380961,39.53873012189394,23.291015625,15.8203125,-19.423828125,10.986328125,15.732421875,38.408203125,35.15625,17.578125,-26.3671875,-26.3671875,-39.55078125,39.55078125,-18.4,-11.2,15.9,9.6,8.9,-6.1
4.686133084003814,4.689117667003302,26.427212228405928,17.61814148560395,-22.02267685700494,9.465785260253952,14.19867789038093,39.64081834260889,23.37890625,15.908203125,-19.51171875,10.8984375,15.556640625,38.49609375,35.15625,17.578125,-26.3671875,-26.3671875,-39.55078125,39.55078125,-18.3,-10.4,15.9,8.8,7.3,-6.5
4.689126291981665,4.6921782919962425,26.493678089922337,17.662452059948222,-22.078065074935278,9.38284536961101,14.074268054416516,39.740517134883504,23.5546875,15.908203125,-19.599609375,10.810546875,15.46875,38.583984375,35.15625,17.578125,-26.3671875,-26.3671875,-39.55078125,39.55078125,-17.5,-11.2,15.9,8.8,8.0,-6.5
4.692187374981586,4.6961443339823745,26.561045398272334,17.70736359884822,-22.13420449856028,9.297810192630571,13.946715288945857,39.8415680974085,23.642578125,15.99609375,-19.599609375,10.72265625,15.380859375,38.671875,30.76171875,17.578125,-26.3671875,-26.3671875,-39.55078125,39.55078125,-17.5,-10.4,16.7,8.8,8.8,-7.3
4.696153583994601,4.6992045840015635,26.647418886876213,17.76494592458414,-22.206182405730186,9.187311701286816,13.780967551930225,39.971128330314315,23.73046875,16.083984375,-19.6875,10.634765625,15.205078125,38.84765625,30.76171875,17.578125,-26.3671875,-21.97265625,-39.55078125,39.55078125,-17.5,-10.3,16.7,9.6,8.8,-7.3
4.699213749991031,4.703088291978929,26.713354469782427,17.80890297985495,-22.261128724818686,9.101811613855425,13.652717420783137,40.07003170467364,23.90625,16.171875,-19.86328125,10.546875,15.1171875,38.935546875,30.76171875,17.578125,-26.3671875,-21.97265625,-39.55078125,30.76171875,-16.7,-10.3,15.1,8.8,8.9,-7.3
4.703098958998453,4.706151124992175,26.796177271425904,17.864118180950605,-22.33014772618825,8.992957334327242,13.489436001490862,40.194265907138856,23.994140625,16.259765625,-19.951171875,10.458984375,14.94140625,39.0234375,30.76171875,21.97265625,-26.3671875,-21.97265625,-39.55078125,30.76171875,-16.7,-9.5,15.1,9.6,9.7,-7.2
4.706160667003132,4.7091823749942705,26.860742140230496,17.90716142682033,-22.38395178352541,8.906939408899001,13.360409113348501,40.29111321034574,24.08203125,16.259765625,-20.0390625,10.37109375,14.765625,39.111328125,30.76171875,21.97265625,-26.3671875,-21.97265625,-39.55078125,30.76171875,-16.7,-10.3,15.2,9.6,8.9,-7.2
4.709191834001103,4.713086417003069,26.92405095866197,17.949367305774647,-22.436709132218315,8.82157657804933,13.232364867073994,40.386076437992955,24.169921875,16.34765625,-20.0390625,10.283203125,14.677734375,39.287109375,30.76171875,21.97265625,-26.3671875,-21.97265625,-39.55078125,30.76171875,-16.7,-9.5,16.0,10.6,9.7,-6.4
4.713096791994758,4.716154875000939,27.00470986639272,18.003139910928482,-22.5039248886606,8.711311804058795,13.066967706088192,40.50706479958908,24.2578125,16.34765625,-20.126953125,10.1953125,14.501953125,39.462890625,26.3671875,21.97265625,-26.3671875,-21.97265625,-39.55078125,30.76171875,-16.7,-10.3,15.2,9.8,8.9,-6.3
4.7161652089853305,4.71916679199785,27.067376880137815,18.044917920091876,-22.55614740011483,8.624438373433186,12.93665756014978,40.60106532020672,24.345703125,16.435546875,-20.21484375,10.107421875,14.326171875,39.55078125,26.3671875,21.97265625,-26.3671875,-30.76171875,-39.55078125,30.76171875,-16.7,-10.3,15.2,9.8,7.3,-6.3
4.7191771249927115,4.723081333999289,27.128278428801647,18.085518952534432,-22.606898690668046,8.538969739817455,12.808454609726182,40.69241764320247,24.43359375,16.5234375,-20.302734375,10.01953125,14.23828125,39.638671875,26.3671875,21.97265625,-26.3671875,-30.76171875,-39.55078125,35.15625,-16.7,-9.5,15.2,9.6,7.8,-6.3
4.7230917919951025,4.726143791980576,27.206526085955687,18.13768405730379,-22.672105071629726,8.427598533237543,12.641397799856316,40.80978912893353,24.521484375,16.611328125,-20.390625,9.84375,14.0625,39.7265625,26.3671875,17.578125,-26.3671875,-30.76171875,-39.55078125,35.15625,-16.7,-9.5,15.2,9.6,7.8,-6.4
4.726154083997244,4.729192917002365,27.267019214378767,18.178012809585844,-22.722516011982304,8.34025480992835,12.510382214892523,40.90052882156815,24.609375,16.611328125,-20.478515625,9.755859375,13.88671875,39.814453125,26.3671875,17.578125,-26.3671875,-30.76171875,-39.55078125,35.15625,-16.6,-9.5,14.3,8.8,7.8,-6.4
4.729206541989697,4.733080499980133,27.326690203692387,18.21779346912826,-22.77224183641033,8.252999522366888,12.379499283550333,40.99003530553858,24.697265625,16.69921875,-20.478515625,9.755859375,13.798828125,39.90234375,26.3671875,17.578125,-26.3671875,-30.76171875,-39.55078125,35.15625,-15.8,-9.5,15.1,9.6,8.9,-6.4
4.733090791996801,4.736145499977283,27.401712947510905,18.267808631673937,-22.83476078959242,8.141693177499334,12.212539766249003,41.10256942126636,24.78515625,16.787109375,-20.56640625,9.580078125,13.623046875,40.078125,26.3671875,17.578125,-21.97265625,-30.76171875,-43.9453125,35.15625,-15.8,-9.5,15.1,8.8,8.9,-5.5
4.736159291991498,4.739192249980988,27.460258719418967,18.306839146279312,-22.88354893284914,8.053548315634254,12.080322473451382,41.190388079128454,24.873046875,16.787109375,-20.654296875,9.4921875,13.53515625,40.166015625,26.3671875,17.578125,-21.97265625,-26.3671875,-43.9453125,35.15625,-15.8,-9.6,14.3,8.8,8.1,-5.5
4.7392048749898095,4.74307820899412,27.51773641306094,18.345157608707293,-22.931447010884106,7.965876744696008,11.948815117044012,41.27660461959141,24.9609375,16.875,-20.7421875,9.404296875,13.359375,40.25390625,26.3671875,17.578125,-21.97265625,-26.3671875,-43.9453125,30.76171875,-15.8,-8.8,14.3,9.6,7.9,-5.5
4.743090374977328,4.746134291985072,27.590150986541918,18.393433991027944,-22.99179248878493,7.853762538917113,11.78064380837567,41.38522647981288,25.048828125,16.875,-20.830078125,9.31640625,13.18359375,40.341796875,26.3671875,13.18359375,-21.97265625,-26.3671875,-43.9453125,30.76171875,-15.8,-9.6,14.3,9.6,7.9,-6.5
4.746146374993259,4.749178958998527,27.646384140506953,18.430922760337968,-23.03865345042245,7.7653774024483555,11.648066103672534,41.46957621076043,25.13671875,16.962890625,-20.91796875,9.228515625,13.18359375,40.4296875,26.3671875,13.18359375,-21.97265625,-26.3671875,-43.9453125,30.76171875,-15.9,-9.6,13.4,8.8,9.5,-6.5
4.749198334000539,4.753057291993173,27.701907134567755,18.467938089711836,-23.084922612139795,7.676930552933947,11.515395829400921,41.552860701851635,25.224609375,17.05078125,-20.91796875,9.140625,13.0078125,40.517578125,26.3671875,13.18359375,-21.97265625,-26.3671875,-43.9453125,30.76171875,-15.1,-8.8,14.2,8.8,9.8,-6.5
4.753074084001128,4.7561399590049405,27.77149922201694,18.514332814677957,-23.142916018347435,7.564355916225698,11.346533874338547,41.657248833025406,25.3125,17.05078125,-21.005859375,9.052734375,12.83203125,40.60546875,26.3671875,13.18359375,-21.97265625,-26.3671875,-39.55078125,30.76171875,-15.1,-9.6,14.2,9.6,9.0,-6.4
4.7561543339979835,4.7590512089955155,27.82607351977039,18.550715679846924,-23.188394599808657,7.474687134956315,11.212030702434472,41.739110279655584,25.400390625,17.138671875,-21.09375,8.96484375,12.744140625,40.693359375,26.3671875,13.18359375,-21.97265625,-26.3671875,-39.55078125,30.76171875,-15.1,-8.7,13.4,10.4,9.0,-6.4
4.759066250000615,4.762103374989238,27.877066387475555,18.584710924983703,-23.230888656229627,7.389757765636937,11.084636648455406,41.815599581213334,25.48828125,17.2265625,-21.181640625,8.876953125,12.568359375,40.78125,26.3671875,13.18359375,-21.97265625,-26.3671875,-39.55078125,26.3671875,-15.1,-8.7,13.4,10.6,8.7,-6.4
4.76211720900028,4.765162916999543,27.92986845512619,18.61991230341746,-23.274890379271834,7.3006072222140075,10.95091083332101,41.89480268268929,25.48828125,17.2265625,-21.181640625,8.7890625,12.48046875,40.869140625,26.3671875,13.18359375,-21.97265625,-26.3671875,-39.55078125,26.3671875,-15.9,-8.7,14.2,9.8,9.5,-6.4
4.765176833985606,4.7690349589975085,27.982176289462856,18.65478419297524,-23.318480241219056,7.211035065337116,10.816552598005673,41.973264434194284,25.576171875,17.314453125,-21.26953125,8.701171875,12.3046875,40.95703125,26.3671875,17.578125,-21.97265625,-26.3671875,-39.55078125,26.3671875,-15.2,-8.7,13.6,9.8,9.5,-6.5
4.7690474999835715,4.772135042003356,28.047423622880316,18.698282415253544,-23.37285301906693,7.097480871366972,10.646221307050459,42.071135434320475,25.6640625,17.314453125,-21.357421875,8.525390625,12.216796875,41.1328125,26.3671875,17.578125,-21.97265625,-26.3671875,-39.55078125,26.3671875,-15.2,-8.7,13.6,9.6,10.5,-6.5
4.772147499985294,4.776079792005476,28.098932332801517,18.732621555201014,-23.41577694400127,7.006346385215242,10.509519577822863,42.14839849920228,25.751953125,17.40234375,-21.4453125,8.525390625,12.041015625,41.220703125,26.3671875,17.578125,-17.578125,-26.3671875,-39.55078125,26.3671875,-15.2,-7.9,12.8,10.4,9.7,-5.7
4.776092208980117,4.779135124990717,28.163512992425172,18.775675328283448,-23.46959416035431,6.890139038284223,10.335208557426334,42.24526948863776,25.83984375,17.40234375,-21.533203125,8.349609375,11.865234375,41.30859375,26.3671875,17.578125,-17.578125,-30.76171875,-43.9453125,26.3671875,-15.2,-8.8,12.8,9.6,9.7,-6.3
4.7791493340046145,4.783087499992689,28.21281899143328,18.808545994288856,-23.510682492861076,6.7998968801534705,10.199845320230207,42.31922848714992,25.927734375,17.490234375,-21.533203125,8.26171875,11.689453125,41.396484375,26.3671875,17.578125,-17.578125,-30.76171875,-43.9453125,30.76171875,-14.4,-8.0,13.6,8.8,8.0,-5.5
4.783111374999862,4.786307041998953,28.275751547843072,18.85050103189538,-23.56312628986923,6.682709843058534,10.024064764587802,42.41362732176461,26.015625,17.578125,-21.62109375,8.173828125,11.513671875,41.484375,26.3671875,17.578125,-17.578125,-30.76171875,-43.9453125,30.76171875,-14.4,-8.0,12.8,9.6,8.0,-4.6
4.7863221669977065,4.79003741699853,28.3259480840207,18.883965389347132,-23.604956736683906,6.587552745438886,9.881329118158328,42.48892212603105,26.103515625,17.578125,-21.62109375,8.0859375,11.337890625,41.572265625,26.3671875,17.578125,-17.578125,-30.76171875,-43.9453125,30.76171875,-14.3,-8.0,13.6,9.6,8.8,-4.6
4.790052083990304,4.793142249982338,28.3833556928196,18.9222371285464,-23.652796410682996,6.476800294208564,9.715200441312847,42.5750335392294,26.19140625,17.666015625,-21.708984375,7.91015625,11.25,41.66015625,26.3671875,17.578125,-17.578125,-30.76171875,-43.9453125,30.76171875,-14.3,-8.0,13.6,9.6,10.3,-5.4
4.793156583997188,4.797025042003952,28.430394555314688,18.953596370209794,-23.691995462762243,6.384448655535588,9.576672983303382,42.64559183297204,26.279296875,17.666015625,-21.796875,7.91015625,11.07421875,41.748046875,21.97265625,17.578125,-21.97265625,-26.3671875,-43.9453125,30.76171875,-13.5,-8.0,12.8,9.6,9.5,-4.8
4.7970408749824855,4.800105125003029,28.48829639884948,18.992197599232988,-23.740246999041233,6.268686493332456,9.403029739998685,42.73244459827422,26.3671875,17.75390625,-21.884765625,7.734375,10.8984375,41.748046875,21.97265625,17.578125,-21.97265625,-26.3671875,-43.9453125,30.76171875,-13.5,-7.9,12.8,9.6,9.7,-6.4
4.800119958992582,4.803235458995914,28.533441835098284,19.022294556732188,-23.777868195915232,6.176755604434822,9.265133406652234,42.800162752647424,26.455078125,17.75390625,-21.97265625,7.646484375,10.72265625,41.8359375,21.97265625,17.578125,-21.97265625,-26.3671875,-43.9453125,21.97265625,-13.5,-7.9,12.0,9.6,8.1,-5.6
4.803249958989909,4.807082249986706,28.578649669917052,19.052433113278035,-23.81554139159755,6.083156455662375,9.124734683493562,42.86797450487558,26.455078125,17.841796875,-21.97265625,7.55859375,10.634765625,41.923828125,21.97265625,13.18359375,-21.97265625,-26.3671875,-43.9453125,21.97265625,-13.5,-7.1,12.8,10.4,8.9,-5.7
4.8070964999787975,4.810205416986719,28.633260526039077,19.088840350692717,-23.861050438365893,5.967928791948307,8.95189318792246,42.949890789058614,26.54296875,17.9296875,-22.060546875,7.470703125,10.458984375,42.01171875,21.97265625,13.18359375,-21.97265625,-26.3671875,-43.9453125,21.97265625,-13.5,-7.1,11.8,10.4,8.7,-5.7
4.810222542000702,4.814067958999658,28.676872305988226,19.117914870658815,-23.897393588323514,5.874123849412978,8.811185774119467,43.01530845898234,26.630859375,17.9296875,-22.060546875,7.3828125,10.283203125,42.01171875,21.97265625,13.18359375,-21.97265625,-26.3671875,-43.9453125,21.97265625,-13.5,-7.1,12.6,9.6,8.7,-6.5
4.81408549999469,4.8171869999787305,28.729809615613455,19.15320641040897,-23.9415080130112,5.758010437665827,8.63701565649874,43.09471442342018,26.71875,18.017578125,-22.1484375,7.20703125,10.107421875,42.099609375,21.97265625,13.18359375,-17.578125,-30.76171875,-43.9453125,21.97265625,-13.5,-7.1,11.8,9.6,8.7,-5.6
4.817204249993665,4.821013791981386,28.771776755313905,19.181184503542603,-23.976480629428252,5.6641116727212495,8.496167509081873,43.157665132970855,26.71875,18.017578125,-22.236328125,7.119140625,10.01953125,42.1875,21.97265625,13.18359375,-17.578125,-30.76171875,-43.9453125,21.97265625,-13.5,-7.1,11.8,9.6,9.7,-5.6
4.821030833991244,4.824122124991845,28.82232532251525,19.2148835483435,-24.01860443542937,5.548716087852968,8.323074131779453,43.233487983772875,26.806640625,18.10546875,-22.32421875,7.03125,9.84375,42.275390625,21.97265625,13.18359375,-17.578125,-30.76171875,-43.9453125,21.97265625,-13.5,-7.1,11.0,9.6,9.7,-5.6
4.8241389169998,4.828027583978837,28.86261628827212,19.24174419218141,-24.052180240226768,5.454840093224833,8.18226013983725,43.293924432408176,26.89453125,18.10546875,-22.32421875,6.943359375,9.66796875,42.36328125,21.97265625,13.18359375,-17.578125,-30.76171875,-43.9453125,21.97265625,-12.7,-7.1,11.8,10.4,8.9,-5.7
4.828046833979897,4.831213416997343,28.9122993229696,19.274866215313068,-24.093582769141335,5.336621813636687,8.004932720455031,43.3684489844544,26.982421875,18.10546875,-22.412109375,6.767578125,9.4921875,42.451171875,21.97265625,13.18359375,-17.578125,-30.76171875,-43.9453125,21.97265625,-12.8,-7.1,11.2,9.6,8.8,-5.7
4.831231708987616,4.835069916996872,28.951984346572097,19.301322897714734,-24.126653622143415,5.240127326521082,7.860190989781623,43.42797651985815,26.982421875,18.193359375,-22.5,6.6796875,9.31640625,42.5390625,17.578125,13.18359375,-17.578125,-30.76171875,-43.9453125,21.97265625,-13.6,-7.1,11.2,8.8,8.8,-4.9
4.835087458981434,4.838178124977276,28.999059059779277,19.33270603985285,-24.16588254981606,5.123131579086869,7.684697368630304,43.49858858966891,27.158203125,18.193359375,-22.5,6.591796875,9.228515625,42.626953125,17.578125,13.18359375,-17.578125,-35.15625,-48.33984375,21.97265625,-12.0,-7.2,11.2,9.6,9.6,-4.7
4.838205666979775,4.842079166992335,29.03635123360729,19.357567489071528,-24.196959361339403,5.02837756200157,7.5425663430023535,43.55452685041094,27.158203125,18.28125,-22.587890625,6.50390625,8.96484375,42.626953125,17.578125,13.18359375,-17.578125,-35.15625,-48.33984375,17.578125,-12.8,-7.2,11.2,9.6,8.7,-5.5
4.842101124988403,4.8460249999770895,29.08196010626473,19.387973404176485,-24.2349667552206,4.909835769040048,7.364753653560072,43.622940159397096,27.24609375,18.28125,-22.67578125,6.416015625,8.7890625,42.71484375,17.578125,13.18359375,-17.578125,-35.15625,-48.33984375,17.578125,-12.0,-7.2,10.4,10.4,8.7,-5.5
4.846058625000296,4.84906191698974,29.12718034182544,19.418120227883627,-24.27265028485453,4.789217766551937,7.183826649827906,43.69077051273816,27.333984375,18.369140625,-22.67578125,6.240234375,8.701171875,42.802734375,17.578125,8.7890625,-17.578125,-35.15625,-48.33984375,17.578125,-11.8,-6.4,11.1,8.8,7.9,-4.8
4.84909320899169,4.852306166983908,29.161092548000248,19.4407283653335,-24.300910456666873,4.696603094292457,7.044904641438685,43.741638822000375,27.421875,18.369140625,-22.763671875,6.15234375,8.525390625,42.802734375,17.578125,8.7890625,-17.578125,-35.15625,-48.33984375,17.578125,-11.8,-7.2,10.3,9.6,7.9,-5.6
4.85234433398,4.856091291992925,29.19668944006564,19.464459626710426,-24.330574533388027,4.5972612977902045,6.895891946685308,43.79503416009846,27.421875,18.45703125,-22.8515625,6.064453125,8.349609375,42.890625,21.97265625,8.7890625,-13.18359375,-26.3671875,-43.9453125,17.578125,-11.8,-6.4,10.3,10.4,8.7,-5.6
4.856107999978121,4.860062249994371,29.23694716180847,19.49129810787231,-24.364122634840385,4.482108663347318,6.723162995020977,43.8554207427127,27.509765625,18.45703125,-22.8515625,5.9765625,8.173828125,42.978515625,21.97265625,8.7890625,-13.18359375,-26.3671875,-43.9453125,17.578125,-11.8,-6.3,10.3,10.4,8.9,-4.8
4.860080666985596,4.863207041984424,29.27833186021971,19.518887906813138,-24.398609883516418,4.360391597237995,6.540587395856992,43.91749779032956,27.59765625,18.544921875,-22.939453125,5.888671875,7.998046875,43.06640625,21.97265625,8.7890625,-13.18359375,-26.3671875,-43.9453125,21.97265625,-11.0,-5.5,10.3,9.6,9.7,-5.6
4.863224917004118,4.86708887500572,29.310278435955265,19.540185623970178,-24.425232029962714,4.263935480373635,6.395903220560452,43.965417653932896,27.59765625,18.544921875,-23.02734375,5.712890625,7.91015625,43.154296875,21.97265625,13.18359375,-13.18359375,-26.3671875,-43.9453125,21.97265625,-11.8,-6.3,9.5,9.6,10.5,-4.8
4.867105874989647,4.871038208977552,29.348724228924834,19.565816152616556,-24.457270190770693,4.144736213802889,6.217104320704334,44.02308634338725,27.685546875,18.6328125,-23.02734375,5.625,7.646484375,43.154296875,21.97265625,13.18359375,-13.18359375,-26.3671875,-43.9453125,21.97265625,-11.1,-5.5,9.4,9.6,8.9,-4.8
4.871055916999467,4.874079458997585,29.38673438165577,19.59115625443718,-24.488945318046472,4.023256965970078,6.034885448955118,44.080101572483656,27.7734375,18.6328125,-23.115234375,5.44921875,7.470703125,43.2421875,17.578125,13.18359375,-17.578125,-26.3671875,-43.9453125,21.97265625,-11.1,-5.5,9.4,8.0,8.1,-4.8
4.874103249981999,4.877175041998271,29.4152850289908,19.6101900193272,-24.512737524158997,3.92943347136451,5.894150207046765,44.1229275434862,27.7734375,18.6328125,-23.115234375,5.361328125,7.3828125,43.2421875,17.578125,13.18359375,-17.578125,-30.76171875,-43.9453125,21.97265625,-11.1,-6.3,9.4,8.0,8.1,-5.6
4.8771927089837845,4.881085792003432,29.443542326979344,19.629028217986228,-24.536285272482786,3.83422107050446,5.75133160575669,44.16531349046902,27.861328125,18.720703125,-23.203125,5.2734375,7.294921875,43.330078125,17.578125,13.18359375,-17.578125,-30.76171875,-43.9453125,21.97265625,-11.1,-5.5,8.6,8.8,9.5,-4.8
4.88110262498958,4.885073916986585,29.47830964578528,19.65220643052352,-24.5652580381544,3.713594271334717,5.5703914070020755,44.21746446867792,27.94921875,18.720703125,-23.203125,5.185546875,7.03125,43.330078125,17.578125,13.18359375,-17.578125,-30.76171875,-43.9453125,13.18359375,-10.3,-5.5,9.4,9.6,8.7,-5.6
4.8850893339840695,4.888142166979378,29.51261490742013,19.675076604946753,-24.593845756183434,3.590454092378408,5.3856811385676115,44.268922361130194,28.037109375,18.720703125,-23.291015625,5.009765625,6.943359375,43.41796875,17.578125,8.7890625,-17.578125,-30.76171875,-43.9453125,13.18359375,-10.3,-5.5,8.7,8.0,10.3,-4.7
4.888157583976863,4.89113949998864,29.538228846944083,19.69215256462939,-24.61519070578673,3.495586842199761,5.243380263299642,44.307343270416126,28.037109375,18.720703125,-23.291015625,4.921875,6.767578125,43.505859375,17.578125,8.7890625,-17.578125,-30.76171875,-43.9453125,13.18359375,-10.3,-6.3,8.7,8.8,10.6,-4.7
4.891155874996912,4.895043249998707,29.56259592958309,19.708397286388724,-24.635496607985903,3.402804196815526,5.104206295223289,44.34389389437463,28.125,18.80859375,-23.37890625,4.833984375,6.6796875,43.505859375,17.578125,8.7890625,-8.7890625,-30.76171875,-43.9453125,13.18359375,-9.5,-5.5,8.7,8.8,10.6,-4.7
4.895058041991433,4.898167833976913,29.593326670319954,19.728884446879967,-24.661105558599957,3.2819382202682585,4.922907330402388,44.38999000547993,28.125,18.896484375,-23.37890625,4.74609375,6.416015625,43.59375,17.578125,8.7890625,-8.7890625,-30.76171875,-43.9453125,13.18359375,-10.3,-4.7,8.7,9.6,9.0,-4.9
4.898182374978205,4.902045333990827,29.617130296982726,19.744753531321816,-24.68094191415227,3.1850758212881884,4.7776137319322824,44.42569544547409,28.212890625,18.896484375,-23.37890625,4.658203125,6.328125,43.59375,17.578125,8.7890625,-8.7890625,-30.76171875,-43.9453125,13.18359375,-9.5,-4.7,8.7,8.8,8.6,-4.9
4.902059874992119,4.905028584005777,29.64568007151932,19.76378671434621,-24.704733392932766,3.064756876137515,4.597135314206272,44.46852010727898,28.30078125,18.896484375,-23.37890625,4.5703125,6.15234375,43.681640625,17.578125,8.7890625,-8.7890625,-30.76171875,-43.9453125,13.18359375,-8.7,-5.5,9.5,9.6,10.2,-3.8
4.905045874998905,4.908083541988162,29.666916286625657,19.777944191083773,-24.722430238854713,2.972023481464381,4.458035222196571,44.50037442993849,28.30078125,18.896484375,-23.466796875,4.482421875,5.9765625,43.681640625,17.578125,8.7890625,-8.7890625,-30.76171875,-43.9453125,13.18359375,-9.5,-5.5,8.8,9.6,10.2,-4.6
4.908100749977166,4.912058666988742,29.68796691074126,19.791977940494174,-24.73997242561772,2.8770834542974253,4.315625181446138,44.53195036611189,28.30078125,18.984375,-23.466796875,4.39453125,5.80078125,43.76953125,17.578125,8.7890625,-8.7890625,-30.76171875,-43.9453125,13.18359375,-9.5,-4.7,8.8,10.4,9.8,-3.8
4.912075959000504,4.915197791997343,29.71433577747176,19.809557184981173,-24.761946481226467,2.753442233815865,4.130163350723797,44.57150366620764,28.388671875,18.984375,-23.5546875,4.306640625,5.712890625,43.76953125,8.7890625,8.7890625,-13.18359375,-26.3671875,-43.9453125,13.18359375,-9.5,-4.7,8.0,10.4,10.6,-4.9
4.915214874985395,4.919038208987331,29.73433868006331,19.82289245337554,-24.778615566719424,2.6557362033731957,3.9836043050597936,44.60150802009497,28.388671875,19.072265625,-23.5546875,4.130859375,5.537109375,43.76953125,8.7890625,8.7890625,-13.18359375,-26.3671875,-43.9453125,13.18359375,-9.5,-4.8,8.8,8.8,9.0,-4.9
4.919055417005438,4.922095833986532,29.75782939312851,19.83855292875234,-24.798191160940426,2.536102855384998,3.804154283077497,44.63674408969276,28.4765625,19.072265625,-23.642578125,4.04296875,5.2734375,43.857421875,8.7890625,8.7890625,-13.18359375,-26.3671875,-43.9453125,13.18359375,-8.7,-4.8,8.0,9.6,7.8,-4.1
4.922121084004175,4.926045959000476,29.775803340991782,19.85053556066119,-24.813169450826486,2.4405405046681166,3.660810757002175,44.66370501148767,28.564453125,19.072265625,-23.642578125,4.04296875,5.185546875,43.857421875,8.7890625,8.7890625,-13.18359375,-26.3671875,-43.9453125,13.18359375,-7.9,-4.8,8.0,10.4,9.4,-4.8
4.9260654999816325,4.929083291994175,29.797913590841134,19.865275727227424,-24.831594659034277,2.317503027231868,3.476254540847802,44.6968703862617,28.564453125,19.072265625,-23.73046875,3.8671875,5.009765625,43.9453125,8.7890625,8.7890625,-13.18359375,-26.3671875,-43.9453125,13.18359375,-8.7,-4.8,7.1,10.4,9.7,-4.0
4.929101208981592,4.933078208996449,29.814151202275674,19.876100801517115,-24.845126001896396,2.222749857255814,3.3341247858837217,44.72122680341351,28.564453125,19.16015625,-23.73046875,3.779296875,4.833984375,43.9453125,8.7890625,8.7890625,-13.18359375,-26.3671875,-43.9453125,13.18359375,-8.7,-4.0,7.9,9.6,8.1,-4.8
4.9330954589822795,4.937150041980203,29.834483059736293,19.889655373157527,-24.862069216446912,2.098001224267015,3.1470018364005226,44.75172458960444,28.65234375,19.16015625,-23.73046875,3.603515625,4.658203125,43.9453125,13.18359375,8.7890625,-8.7890625,-30.76171875,-52.734375,13.18359375,-7.9,-4.0,7.9,9.6,8.1,-4.8
4.937176124978578,4.941023208986735,29.854041974472707,19.90269464964847,-24.87836831206059,1.9704683917419488,2.9557025876129233,44.78106296170906,28.740234375,19.248046875,-23.818359375,3.427734375,4.482421875,43.9453125,13.18359375,8.7890625,-8.7890625,-30.76171875,-52.734375,13.18359375,-7.1,-3.1,7.1,9.6,8.8,-4.8
4.941048499982571,4.945069416979095,29.87146826350571,19.914312175670474,-24.892890219588093,1.8493703171465479,2.774055475719822,44.80720239525857,28.740234375,19.248046875,-23.818359375,3.33984375,4.39453125,44.033203125,13.18359375,8.7890625,-8.7890625,-30.76171875,-52.734375,4.39453125,-7.9,-3.1,7.1,10.4,10.4,-4.8
4.945113374997163,4.948049208993325,29.888571820477853,19.925714546985237,-24.907143183731545,1.7221787921296028,2.5832681881944044,44.83285773071678,28.740234375,19.248046875,-23.818359375,3.251953125,4.130859375,44.033203125,13.18359375,8.7890625,-8.7890625,-30.76171875,-52.734375,4.39453125,-7.9,-3.9,7.1,10.4,8.8,-4.8
4.948077209002804,4.9509807499998715,29.90027447947068,19.933516319647122,-24.916895399558904,1.6293947141076242,2.4440920711614362,44.85041171920602,28.828125,19.248046875,-23.90625,3.1640625,4.04296875,44.12109375,13.18359375,8.7890625,-8.7890625,-30.76171875,-52.734375,4.39453125,-7.1,-3.9,6.3,9.6,8.7,-4.0
4.95101083398913,4.953989000001457,29.91121966396009,19.940813109306724,-24.926016386633403,1.5375215574752155,2.3062823362128233,44.86682949594013,28.828125,19.248046875,-23.90625,2.98828125,3.955078125,44.12109375,13.18359375,8.7890625,-8.7890625,-30.76171875,-52.734375,4.39453125,-7.1,-3.9,6.3,8.8,10.3,-4.0
4.9540218339825515,4.956983666983433,29.92179301970157,19.94786201313438,-24.934827516417975,1.4431912918772707,2.164786937815906,44.88268952955236,28.916015625,19.248046875,-23.90625,2.900390625,3.779296875,44.12109375,13.18359375,8.7890625,-8.7890625,-35.15625,-39.55078125,4.39453125,-6.3,-4.0,7.1,9.6,10.3,-3.9
4.957011041988153,4.959971749980468,29.93162775874217,19.954418505828112,-24.94302313228514,1.3495117984903338,2.0242676977355005,44.89744163811326,28.916015625,19.248046875,-23.90625,2.8125,3.69140625,44.208984375,13.18359375,8.7890625,-8.7890625,-35.15625,-39.55078125,4.39453125,-6.3,-4.0,7.1,10.4,11.4,-3.9
4.959994749980979,4.96295466698939,29.94078631737276,19.960524211581838,-24.950655264477298,1.2559749992954596,1.8839624989431896,44.91117947605914,28.916015625,19.248046875,-23.90625,2.724609375,3.515625,44.208984375,13.18359375,8.7890625,-8.7890625,-35.15625,-39.55078125,13.18359375,-7.1,-4.0,7.1,10.4,11.4,-3.9
4.96297995900386,4.965908583981218,29.94929130679562,19.96619420453041,-24.957742755663013,1.1623635347756656,1.7435453021634983,44.92393696019343,28.916015625,19.3359375,-23.994140625,2.63671875,3.33984375,44.208984375,13.18359375,4.39453125,-8.7890625,-35.15625,-39.55078125,13.18359375,-7.1,-3.2,6.3,10.4,11.4,-4.0
4.965940791997127,4.969012916990323,29.957076363163836,19.971384242109224,-24.96423030263653,1.0694912126947662,1.6042368190421492,44.935614544745754,28.916015625,19.3359375,-23.994140625,2.548828125,3.251953125,44.208984375,13.18359375,4.39453125,-8.7890625,-35.15625,-39.55078125,13.18359375,-7.1,-3.2,6.3,10.4,11.3,-4.0
4.969047124992358,4.972041542001534,29.964547452751983,19.976364968501322,-24.97045621062665,0.9720301668329118,1.4580452502493677,44.94682117912797,29.00390625,19.3359375,-23.994140625,2.4609375,3.076171875,44.208984375,13.18359375,4.39453125,-8.7890625,-35.15625,-39.55078125,13.18359375,-6.3,-3.2,6.3,10.4,9.7,-4.0
4.972071291995235,4.975042749982094,29.97113556577636,19.980757043850907,-24.975946304813633,0.8771248227033324,1.3156872340549985,44.95670334866454,29.00390625,19.423828125,-23.994140625,2.373046875,2.900390625,44.208984375,8.7890625,4.39453125,-4.39453125,-30.76171875,-48.33984375,13.18359375,-6.3,-2.4,6.3,10.4,9.7,-4.0
4.975073374982458,4.978026625001803,29.977006637349504,19.984671091566334,-24.98083886445792,0.7828929440944417,1.1743394161416625,44.965509956024256,29.00390625,19.423828125,-24.08203125,2.28515625,2.8125,44.296875,8.7890625,4.39453125,-4.39453125,-30.76171875,-48.33984375,13.18359375,-6.3,-2.2,5.5,10.4,10.5,-4.0
4.978052541991929,4.980973166995682,29.982173895337212,19.988115930224808,-24.98514491278101,0.6893631553058832,1.034044732958825,44.97326084300582,29.091796875,19.423828125,-24.08203125,2.197265625,2.63671875,44.296875,8.7890625,4.39453125,-4.39453125,-30.76171875,-48.33984375,4.39453125,-5.5,-2.2,5.5,10.4,10.2,-4.0
4.980993292003404,4.984108417003881,29.98663058025099,19.991087053500657,-24.988858816875823,0.597024638820214,0.8955369582303209,44.97994587037648,29.091796875,19.423828125,-24.08203125,2.109375,2.4609375,44.296875,8.7890625,4.39453125,-4.39453125,-30.76171875,-48.33984375,4.39453125,-5.5,-2.2,5.5,10.4,9.4,-4.0
4.984136249986477,4.988045083999168,29.990686342668404,19.99379089511227,-24.992238618890337,0.4983228296252544,0.7474842444378816,44.9860295140026,29.091796875,19.423828125,-24.08203125,2.021484375,2.28515625,44.296875,8.7890625,4.39453125,-4.39453125,-30.76171875,-48.33984375,4.39453125,-5.4,-2.2,5.5,10.4,9.4,-4.0
4.988071291998494,4.99104525000439,29.99473370574128,19.996489137160854,-24.995611421451066,0.37472948563995256,0.5620942284599288,44.99210055861192,29.091796875,19.423828125,-24.169921875,1.7578125,2.109375,44.296875,8.7890625,4.39453125,-4.39453125,-30.76171875,-48.33984375,4.39453125,-5.4,-2.2,4.7,8.0,8.8,-4.0
4.991085958987242,4.994019834004575,29.99705914797072,19.99803943198048,-24.997549289975602,0.28003370681715234,0.4200505602257285,44.99558872195608,29.1796875,19.423828125,-24.169921875,1.669921875,1.93359375,44.296875,8.7890625,4.39453125,-8.7890625,-30.76171875,-48.33984375,4.39453125,-4.6,-3.0,4.7,8.0,8.8,-4.0
4.994051999994554,4.996939042001031,29.99869060772512,19.999127071816748,-24.998908839770934,0.18685921258131125,0.2802888188719669,44.99803591158768,29.1796875,19.423828125,-24.169921875,1.58203125,1.845703125,44.296875,8.7890625,4.39453125,-8.7890625,-35.15625,-48.33984375,4.39453125,-4.6,-3.3,4.7,8.8,8.8,-4.0
4.996962874982273,4.999948084005155,29.99965860628004,19.999772404186693,-24.999715505233368,0.09541373450615663,0.14312060175923494,44.99948790942006,29.1796875,19.423828125,-24.169921875,1.494140625,1.669921875,44.296875,8.7890625,4.39453125,-8.7890625,-35.15625,-48.33984375,4.39453125,-4.6,-3.3,4.7,9.6,9.6,-4.0
4.999985624977853,5.003005541977473,29.999999992352,19.99999999490133,-24.999999993626666,0.0004516046396619311,0.0006774069594928967,44.999999988527996,29.1796875,19.423828125,-24.169921875,1.318359375,1.58203125,44.384765625,8.7890625,4.39453125,-8.7890625,-35.15625,-48.33984375,0.0,-4.6,-3.3,4.7,8.8,9.6,-3.2
5.0030483749869745,5.005975042004138,29.999656072453025,19.999770714968683,-24.999713393710856,-0.09576715867673356,-0.14365073801510034,44.99948410867954,29.1796875,19.423828125,-24.169921875,1.142578125,1.40625,44.384765625,8.7890625,0.0,-8.7890625,-35.15625,-48.33984375,0.0,-4.6,-3.3,4.7,8.0,9.6,-3.1
5.006005749979522,5.008953749987995,29.998665058331643,19.99911003888776,-24.9988875486097,-0.188673401566666,-0.283010102349999,44.997997587497466,29.267578125,19.423828125,-24.169921875,1.0546875,1.318359375,44.384765625,8.7890625,0.0,-8.7890625,-35.15625,-48.33984375,0.0,-3.9,-3.3,4.7,7.2,10.5,-3.1
5.0089805419847835,5.011988666985417,29.997015106045914,19.998010070697276,-24.997512588371595,-0.28212269013729685,-0.4231840352059453,44.99552265906887,29.267578125,19.423828125,-24.169921875,0.966796875,1.142578125,44.384765625,8.7890625,0.0,-8.7890625,-35.15625,-48.33984375,0.0,-3.9,-3.3,4.7,6.9,9.7,-3.1
5.012010999984341,5.015058833989315,29.994660796630896,19.996440531087266,-24.99555066385908,-0.37731430756126916,-0.5659714613419037,44.991991194946344,29.267578125,19.423828125,-24.169921875,0.87890625,1.0546875,44.384765625,4.39453125,0.0,0.0,-39.55078125,-43.9453125,0.0,-3.9,-3.3,4.7,6.9,10.5,-3.2
5.015085708990227,5.01798679199419,29.991577478231306,19.99438498548754,-24.992981231859424,-0.473887172342191,-0.7108307585132865,44.98736621734696,29.267578125,19.423828125,-24.169921875,0.791015625,0.87890625,44.384765625,4.39453125,0.0,0.0,-39.55078125,-43.9453125,0.0,-3.9,-3.2,4.7,6.9,9.7,-3.2
5.018020374991465,5.021071249997476,29.987982070196832,19.99198804679789,-24.98998505849736,-0.5660511785080575,-0.8490767677620862,44.981973105295246,29.267578125,19.423828125,-24.2578125,0.703125,0.703125,44.384765625,4.39453125,0.0,0.0,-39.55078125,-43.9453125,4.39453125,-3.9,-3.2,3.9,8.0,9.6,-3.2
5.021099959005369,5.0240163339767605,29.983523897713063,19.98901593180871,-24.986269914760886,-0.6627534065529683,-0.9941301098294525,44.9752858465696,29.267578125,19.423828125,-24.2578125,0.615234375,0.615234375,44.384765625,4.39453125,0.0,0.0,-39.55078125,-43.9453125,4.39453125,-3.9,-3.2,3.9,7.2,10.4,-3.2
5.024044999998296,5.026974666980095,29.978604179466053,19.985736119644034,-24.982170149555046,-0.7552163636705649,-1.1328245455058472,44.96790626919908,29.267578125,19.423828125,-24.2578125,0.52734375,0.439453125,44.384765625,4.39453125,0.0,0.0,-39.55078125,-43.9453125,4.39453125,-3.9,-3.2,3.9,7.2,10.4,-3.2
5.027002541988622,5.0299863749824,29.973017933915852,19.9820119559439,-24.977514944929872,-0.8480555362209307,-1.272083304331396,44.959526900873776,29.267578125,19.423828125,-24.345703125,0.439453125,0.263671875,44.384765625,4.39453125,0.0,0.0,-39.55078125,-43.9453125,4.39453125,-3.9,-3.2,3.1,7.2,9.6,-3.2
5.03001749998657,5.033047208999051,29.96665739038103,19.977771593587352,-24.97221449198419,-0.9426781818066593,-1.414017272709989,44.949986085571545,29.267578125,19.423828125,-24.345703125,0.439453125,0.17578125,44.384765625,0.0,0.0,-8.7890625,-39.55078125,-43.9453125,4.39453125,-3.9,-3.2,3.1,8.8,10.4,-3.2
5.033083541988162,5.036930417001713,29.959499790316162,19.972999860210773,-24.966249825263468,-1.038882372562135,-1.5583235588432025,44.939249685474245,29.267578125,19.423828125,-24.345703125,0.3515625,0.0,44.384765625,0.0,0.0,-8.7890625,-26.3671875,-48.33984375,4.39453125,-3.9,-2.4,3.1,9.6,9.6,-3.2
5.0369627499894705,5.039917833986692,29.94944809152653,19.966298727684354,-24.957873409605444,-1.1605667222827765,-1.7408500834241647,44.924172137289794,29.267578125,19.423828125,-24.43359375,0.263671875,-0.17578125,44.384765625,0.0,0.0,-8.7890625,-26.3671875,-48.33984375,4.39453125,-3.9,-2.3,2.3,9.9,10.4,-2.4
5.03994854199118,5.042884750000667,29.940954015866236,19.960636010577492,-24.950795013221864,-1.2541969754536595,-1.8812954631804892,44.91143102379935,29.267578125,19.423828125,-24.43359375,0.17578125,-0.3515625,44.384765625,0.0,0.0,-8.7890625,-26.3671875,-48.33984375,0.0,-3.9,-2.3,2.3,9.1,9.6,-2.4
5.042910333984764,5.046031999983825,29.93187753225374,19.954585021502492,-24.943231276878116,-1.3470473709667186,-2.020571056450078,44.89781629838061,29.267578125,19.423828125,-24.43359375,0.0,-0.439453125,44.384765625,0.0,0.0,-8.7890625,-26.3671875,-48.33984375,0.0,-3.9,-2.3,2.2,8.3,10.4,-2.3
5.046069459000137,5.049122541997349,29.92148227578928,19.947654850526185,-24.93456856315773,-1.4460518539385347,-2.169077780907802,44.88222341368392,29.267578125,19.423828125,-24.43359375,-0.087890625,-0.615234375,44.384765625,0.0,0.0,-8.7890625,-26.3671875,-48.33984375,0.0,-4.0,-2.3,2.2,7.8,8.7,-2.3
5.0491671669879,5.052977874991484,29.91057365066106,19.94038243377404,-24.92547804221755,-1.5430970140712668,-2.3146455211069004,44.86586047599159,29.267578125,19.423828125,-24.43359375,-0.17578125,-0.703125,44.384765625,0.0,0.0,-4.39453125,-26.3671875,-48.33984375,0.0,-4.0,-2.3,2.2,8.6,9.5,-2.3
5.0530147919780575,5.056045334000373,29.89603811553267,19.930692077021778,-24.91336509627722,-1.6635844826582293,-2.495376723987344,44.844057173299,29.267578125,19.423828125,-24.43359375,-0.263671875,-0.966796875,44.384765625,0.0,0.0,-4.39453125,-30.76171875,-48.33984375,0.0,-4.0,-2.3,2.2,9.4,8.7,-2.4
5.056075542001054,5.059032958990429,29.88369532832297,19.922463552215312,-24.903079440269142,-1.7593879647912736,-2.6390819471869102,44.82554299248445,29.267578125,19.423828125,-24.43359375,-0.3515625,-1.0546875,44.384765625,0.0,0.0,-4.39453125,-30.76171875,-48.33984375,0.0,-4.0,-2.4,2.2,9.8,9.7,-1.6
5.05907320897677,5.063037833984708,29.870937373723276,19.913958249148852,-24.892447811436064,-1.853177501254624,-2.779766251881936,44.80640606058491,29.267578125,19.423828125,-24.43359375,-0.439453125,-1.142578125,44.384765625,0.0,0.0,-4.39453125,-30.76171875,-48.33984375,0.0,-4.0,-2.4,2.2,9.0,10.5,-1.6
5.063194208982168,5.066993708984228,29.852317534287604,19.901545022858404,-24.876931278573004,-1.9820458377999066,-2.97306875669986,44.778476301431404,29.267578125,19.423828125,-24.43359375,-0.615234375,-1.318359375,44.384765625,0.0,0.0,-4.39453125,-30.76171875,-48.33984375,0.0,-3.1,-2.4,2.4,9.0,11.3,-1.5
5.067038209002931,5.0709724169864785,29.833821641301338,19.889214427534224,-24.86151803441778,-2.102177313064822,-3.1532659695972325,44.750732461952005,29.267578125,19.423828125,-24.43359375,-0.703125,-1.58203125,44.384765625,0.0,0.0,-4.39453125,-30.76171875,-48.33984375,0.0,-3.1,-2.4,2.4,9.6,10.4,-0.7
5.071018999995431,5.075019708980108,29.81352110859912,19.87568073906608,-24.844600923832598,-2.226502898879244,-3.3397543483188654,44.72028166289868,29.267578125,19.423828125,-24.43359375,-0.791015625,-1.7578125,44.384765625,0.0,0.0,0.0,-26.3671875,-43.9453125,0.0,-3.1,-2.4,1.6,9.6,9.6,-0.7
5.075068874983117,5.079027833999135,29.79167204820372,19.86111469880248,-24.8263933735031,-2.352896708530184,-3.5293450627952767,44.68750807230558,29.267578125,19.423828125,-24.43359375,-0.87890625,-1.93359375,44.384765625,0.0,0.0,0.0,-26.3671875,-43.9453125,0.0,-3.1,-2.4,1.6,8.8,9.5,-0.7
5.079076708992943,5.082993291987805,29.768862867310258,19.84590857820684,-24.80738572275855,-2.4778847240047845,-3.7168270860071764,44.653294300965385,29.267578125,19.423828125,-24.43359375,-1.0546875,-2.021484375,44.384765625,0.0,0.0,0.0,-26.3671875,-43.9453125,0.0,-3.1,-2.4,1.6,9.6,11.1,0.1
5.083033208997222,5.086989208997693,29.745188571262407,19.830125714174937,-24.787657142718672,-2.601175534257114,-3.901763301385671,44.61778285689361,29.267578125,19.423828125,-24.43359375,-1.142578125,-2.28515625,44.384765625,0.0,0.0,0.0,-26.3671875,-43.9453125,0.0,-3.2,-1.6,1.5,9.6,9.5,0.1
5.087034208991099,5.091051625000546,29.72007966384069,19.813386442560457,-24.766733053200575,-2.7257508466038107,-4.088626269905716,44.58011949576103,29.267578125,19.423828125,-24.43359375,-1.318359375,-2.4609375,44.384765625,0.0,0.0,0.0,-26.3671875,-43.9453125,0.0,-2.4,-1.6,1.5,8.0,9.6,0.1
5.0911027919792105,5.0949481669813395,29.69334283949859,19.79556189299906,-24.744452366248833,-2.8523199926452,-4.2784799889678,44.54001425924788,29.267578125,19.423828125,-24.43359375,-1.40625,-2.63671875,44.384765625,0.0,0.0,0.0,-30.76171875,-43.9453125,0.0,-2.4,-1.6,1.5,9.6,10.4,-0.0
5.0949827499862295,5.097958333994029,29.666715805444394,19.77781053696293,-24.72226317120366,-2.9729127743676047,-4.4593691615514075,44.50007370816659,29.267578125,19.423828125,-24.43359375,-1.58203125,-2.724609375,44.384765625,0.0,0.0,0.0,-30.76171875,-43.9453125,0.0,-2.4,-1.5,0.7,8.8,12.3,-0.0
5.09799091698369,5.100971249979921,29.645313200015593,19.763542133343726,-24.70442766667966,-3.0663336973570363,-4.5995005460355545,44.46796980002339,29.267578125,19.423828125,-24.43359375,-1.669921875,-2.900390625,44.384765625,0.0,0.0,0.0,-30.76171875,-43.9453125,0.0,-2.4,-1.5,0.7,8.0,12.3,-0.0
5.1010226249927655,5.103998042002786,29.623073405488622,19.748715603659083,-24.685894504573852,-3.1604164291739028,-4.740624643760854,44.43461010823293,29.267578125,19.423828125,-24.43359375,-1.7578125,-3.076171875,44.384765625,0.0,0.0,0.0,-30.76171875,-43.9453125,0.0,-1.6,-1.5,0.7,8.0,11.5,-0.0
5.104033708979841,5.107083666982362,29.600319935888113,19.73354662392541,-24.66693327990676,-3.253788198602066,-4.880682297903099,44.40047990383217,29.267578125,19.423828125,-24.43359375,-1.7578125,-3.251953125,44.384765625,0.0,0.0,0.0,-30.76171875,-43.9453125,0.0,-1.4,-0.7,0.7,9.6,11.5,-0.0
5.1071138749830425,5.111097624991089,29.576359296875403,19.7175728645836,-24.646966080729502,-3.3492268256773015,-5.023840238515953,44.3645389453131,29.267578125,19.423828125,-24.43359375,-1.93359375,-3.427734375,44.384765625,0.0,0.0,0.0,-30.76171875,-43.9453125,0.0,-1.4,-0.7,0.7,9.6,11.1,-0.0
5.1111284169892315,5.115076583984774,29.544090965837285,19.69606064389152,-24.620075804864403,-3.4734989725271963,-5.210248458790795,44.31613644875593,29.267578125,19.423828125,-24.43359375,-2.021484375,-3.603515625,44.384765625,0.0,0.0,0.0,-30.76171875,-48.33984375,0.0,-1.4,-0.7,-0.1,9.6,10.3,-0.0
5.115123499999754,5.117972749983892,29.510812723483788,19.673875148989193,-24.592343936236492,-3.597031640392597,-5.395547460588896,44.266219085225686,29.267578125,19.423828125,-24.43359375,-2.109375,-3.779296875,44.384765625,0.0,0.0,0.0,-30.76171875,-48.33984375,0.0,-0.6,-0.7,-0.1,9.6,9.4,-0.0
5.118001791997813,5.120929333992535,29.486116780942613,19.657411187295075,-24.571763984118846,-3.685944304192134,-5.528916456288201,44.22917517141392,29.267578125,19.423828125,-24.43359375,-2.197265625,-3.955078125,44.384765625,0.0,0.0,0.0,-30.76171875,-48.33984375,0.0,-0.6,-0.7,-0.1,10.4,8.6,-0.0
5.120957416977035,5.123935041978257,29.4601300774123,19.640086718274866,-24.55010839784358,-3.7771674173437475,-5.665751126015621,44.190195116118446,29.267578125,19.423828125,-24.43359375,-2.28515625,-4.04296875,44.384765625,0.0,0.0,0.0,-30.76171875,-48.33984375,0.0,-0.6,-0.7,-0.1,9.6,10.2,-0.0
5.123963333986467,5.12695895897923,29.433049897998956,19.622033265332636,-24.527541581665798,-3.8698592395821647,-5.804788859373247,44.14957484699843,29.267578125,19.423828125,-24.43359375,-2.373046875,-4.21875,44.384765625,0.0,0.0,0.0,-30.76171875,-48.33984375,0.0,0.1,-0.7,-0.1,9.6,9.4,-0.0
5.126983624999411,5.12993783398997,29.405179322687804,19.60345288179187,-24.504316102239837,-3.9629074063578655,-5.944361109536798,44.10776898403171,29.267578125,19.423828125,-24.43359375,-2.4609375,-4.306640625,44.384765625,0.0,0.0,0.0,-30.76171875,-48.33984375,0.0,0.1,0.1,-0.1,9.6,11.3,-0.0
5.1299659999785945,5.133090916991932,29.37700918525097,19.58467279016731,-24.48084098770914,-4.054699952164166,-6.0820499282462475,44.065513777876454,29.267578125,19.423828125,-24.43359375,-2.548828125,-4.482421875,44.384765625,0.0,0.0,0.0,-30.76171875,-48.33984375,0.0,0.1,0.1,-0.1,10.4,11.3,-0.0
5.133117666991893,5.137030083977152,29.346539352323855,19.564359568215902,-24.45544946026988,-4.15160627776272,-6.227409416644079,44.01980902848578,29.267578125,19.423828125,-24.43359375,-2.63671875,-4.658203125,44.384765625,0.0,0.0,0.0,-30.76171875,-43.9453125,0.0,0.1,0.1,-0.1,10.4,10.5,-0.0
5.1370504169899505,5.140165166987572,29.3075095074082,19.538339671605467,-24.422924589506835,-4.272386087067502,-6.408579130601253,43.9612642611123,29.267578125,19.423828125,-24.43359375,-2.8125,-4.833984375,44.384765625,0.0,0.0,0.0,-30.76171875,-43.9453125,0.0,0.1,0.1,-0.1,8.8,9.7,0.8
5.140183458977845,5.144034249999095,29.27561572859382,19.51707715239588,-24.396346440494852,-4.368489375908644,-6.552734063862966,43.91342359289073,29.267578125,19.423828125,-24.43359375,-2.900390625,-4.921875,44.384765625,0.0,0.0,0.0,-30.76171875,-43.9453125,0.0,0.1,0.1,-0.1,8.8,10.5,0.8
5.14405387500301,5.147111750004115,29.235236700367636,19.490157800245093,-24.362697250306365,-4.487064621948896,-6.730596932923344,43.852855050551454,29.267578125,19.423828125,-24.43359375,-2.98828125,-5.09765625,44.384765625,0.0,0.0,0.0,-30.76171875,-43.9453125,0.0,0.1,0.1,0.0,9.6,10.5,1.8
5.147134875005577,5.1510281249939,29.202320899988013,19.46821393332534,-24.33526741665668,-4.581336731378404,-6.872005097067606,43.80348134998202,29.267578125,19.423828125,-24.43359375,-3.1640625,-5.2734375,44.384765625,0.0,0.0,0.0,-30.76171875,-43.9453125,0.0,0.1,0.1,0.0,9.6,11.1,1.8
5.151070791995153,5.15506550000282,29.15927672738151,19.439517818254338,-24.299397272817924,-4.701611106181801,-7.0524166592727004,43.738915091072265,29.267578125,19.423828125,-24.43359375,-3.251953125,-5.537109375,44.384765625,0.0,0.0,0.0,-30.76171875,-48.33984375,0.0,0.1,0.1,0.0,8.8,9.5,3.4
5.155100208998192,5.157985792000545,29.11405542960163,19.409370286401085,-24.261712858001356,-4.824556465144811,-7.236834697717216,43.671083144402445,29.267578125,19.423828125,-24.43359375,-3.33984375,-5.625,44.384765625,0.0,0.0,0.0,-30.76171875,-48.33984375,0.0,0.1,-0.0,0.0,9.6,8.6,3.4
5.158010083978297,5.160945541982073,29.0806731385035,19.387115425669,-24.23389428208625,-4.913222513970555,-7.369833770955832,43.62100970775525,29.267578125,19.423828125,-24.43359375,-3.427734375,-5.712890625,44.384765625,0.0,0.0,0.0,-30.76171875,-48.33984375,0.0,0.1,-0.0,0.0,8.8,9.4,3.4
5.160974208993139,5.164027041988447,29.04604383138163,19.364029220921086,-24.205036526151357,-5.003436052485765,-7.505154078728647,43.56906574707244,29.267578125,19.423828125,-24.43359375,-3.515625,-5.888671875,44.384765625,0.0,0.0,0.0,-30.76171875,-48.33984375,0.0,0.1,-0.0,0.0,8.8,9.4,4.1
5.16404879197944,5.167998083983548,29.009458761528755,19.339639174352502,-24.17454896794063,-5.096896762329994,-7.645345143494992,43.51418814229313,29.267578125,19.423828125,-24.43359375,-3.69140625,-6.064453125,44.384765625,0.0,0.0,0.0,-30.76171875,-48.33984375,0.0,-0.0,-0.0,0.0,8.8,9.7,4.9
5.168025374994613,5.171072083991021,28.961137235948595,19.307424823965732,-24.134281029957165,-5.217599703590898,-7.826399555386347,43.4417058539229,29.267578125,19.423828125,-24.43359375,-3.779296875,-6.15234375,44.384765625,0.0,0.0,0.0,-30.76171875,-48.33984375,0.0,-0.0,-0.0,0.0,9.6,10.5,5.7
5.171087458991678,5.174993166991044,28.92315809056467,19.28210539370978,-24.102631742137227,-5.310405971850755,-7.965608957776132,43.384737135847004,29.267578125,19.423828125,-24.43359375,-3.8671875,-6.328125,44.384765625,0.0,0.0,0.0,-30.76171875,-39.55078125,0.0,-0.0,-0.0,0.0,8.8,11.3,6.7
5.17500933399424,5.1781061249785125,28.873537696306855,19.249025130871235,-24.061281413589043,-5.42909122331607,-8.143636834974105,43.31030654446028,29.267578125,19.423828125,-24.43359375,-3.955078125,-6.50390625,44.384765625,0.0,0.0,0.0,-30.76171875,-39.55078125,0.0,-0.0,-0.0,0.0,9.6,11.5,6.7
5.178124166995985,5.182028166978853,28.83334732390332,19.22223154926888,-24.0277894365861,-5.523206882445386,-8.28481032366808,43.25002098585498,29.267578125,19.423828125,-24.43359375,-4.04296875,-6.591796875,44.296875,0.0,0.0,0.0,-30.76171875,-39.55078125,0.0,-0.0,-0.0,0.0,9.6,10.7,5.9
5.182054374978179,5.184974709001835,28.781651448130273,19.187767632086846,-23.984709540108557,-5.641770404495411,-8.462655606743116,43.17247717219541,29.267578125,19.423828125,-24.43359375,-4.21875,-6.767578125,44.296875,0.0,0.0,0.0,-30.76171875,-39.55078125,0.0,-0.0,-0.0,0.0,9.6,10.7,7.3
5.184992333990522,5.18791241699364,28.742290489406706,19.1615269929378,-23.951908741172257,-5.730260316854368,-8.595390475281551,43.113435734110055,29.267578125,19.423828125,-24.43359375,-4.306640625,-6.943359375,44.208984375,0.0,0.0,0.0,-30.76171875,-39.55078125,0.0,-0.0,-0.0,0.0,8.8,10.2,6.5
5.187929584004451,5.191027458989993,28.702327109406465,19.13488473960431,-23.918605924505385,-5.818606878115937,-8.727910317173906,43.053490664109695,29.267578125,19.423828125,-24.43359375,-4.39453125,-7.03125,44.12109375,0.0,0.0,0.0,-30.76171875,-39.55078125,0.0,0.8,-0.0,-0.8,8.8,11.0,6.5
5.1910468749993015,5.194102166977245,28.659245842446612,19.106163894964407,-23.88270486870551,-5.912233183726647,-8.868349775589971,42.98886876366992,29.267578125,19.423828125,-24.43359375,-4.482421875,-7.20703125,44.033203125,0.0,0.0,0.0,-30.76171875,-48.33984375,0.0,0.8,-0.0,-0.8,8.8,11.0,5.4
5.194122333981795,5.1979264589899685,28.616069302683112,19.077379535122073,-23.846724418902593,-6.004464178667859,-9.006696268001788,42.924103954024666,29.267578125,19.423828125,-24.43359375,-4.5703125,-7.3828125,43.9453125,0.0,0.0,0.0,-30.76171875,-48.33984375,0.0,0.8,-0.0,-1.6,9.6,10.4,6.2
5.19794699997874,5.200924584001768,28.56144303398294,19.040962022655293,-23.801202528319116,-6.118967662261248,-9.178451493391872,42.84216455097441,29.267578125,19.423828125,-24.43359375,-4.74609375,-7.55859375,43.857421875,0.0,0.0,0.0,-30.76171875,-48.33984375,-21.97265625,1.6,-0.0,-1.6,8.8,10.4,5.4
5.200940166978398,5.203910916985478,28.51797359107105,19.011982394047365,-23.764977992559206,-6.208423749103548,-9.312635623655321,42.776960386606575,29.267578125,19.423828125,-24.43359375,-4.833984375,-7.646484375,43.76953125,0.0,0.0,0.0,-30.76171875,-48.33984375,-21.97265625,1.6,-0.0,-1.6,8.0,10.4,5.6
5.203931041993201,5.207019749999745,28.473907753262065,18.982605168841374,-23.728256461051718,-6.297674253553982,-9.446511380330973,42.710861629893095,29.267578125,19.423828125,-24.43359375,-4.921875,-7.822265625,43.681640625,0.0,0.0,0.0,-30.76171875,-48.33984375,-21.97265625,2.7,-0.0,-2.6,8.0,10.4,5.6
5.207036791980499,5.21098320899182,28.42748428840749,18.95165619227166,-23.689570240339574,-6.3902055968436,-9.5853083952654,42.641226432611234,29.267578125,19.423828125,-24.43359375,-5.009765625,-7.91015625,43.681640625,0.0,0.0,0.0,-30.76171875,-48.33984375,-21.97265625,2.7,0.8,-2.6,8.8,11.2,5.6
5.21099808398867,5.214070791989798,28.36729088729856,18.91152725819904,-23.639409072748798,-6.508005590224606,-9.762008385336909,42.550936330947835,29.267578125,19.423828125,-24.43359375,-5.09765625,-8.0859375,43.505859375,0.0,0.0,0.0,-30.76171875,-43.9453125,-21.97265625,3.5,0.8,-3.4,9.6,11.2,5.6
5.214086416992359,5.217931999999564,28.319600391513056,18.879733594342035,-23.59966699292755,-6.599671158980022,-9.899506738470032,42.47940058726958,29.267578125,19.423828125,-24.43359375,-5.185546875,-8.26171875,43.505859375,0.0,0.0,0.0,-30.76171875,-43.9453125,-21.97265625,4.3,0.9,-3.4,8.8,10.4,5.6
5.217949833982857,5.220927583985031,28.25900272436657,18.839335149577714,-23.549168936972144,-6.714123257871099,-10.07118488680665,42.38850408654986,29.267578125,19.423828125,-24.43359375,-5.2734375,-8.4375,43.41796875,0.0,0.0,0.0,-30.76171875,-43.9453125,-26.3671875,4.3,1.7,-3.4,9.6,11.2,5.6
5.220947708992753,5.224095208977815,28.21126385244141,18.80750923496094,-23.509386543701176,-6.802763877782248,-10.204145816673373,42.316895778662115,29.267578125,19.423828125,-24.43359375,-5.361328125,-8.525390625,43.330078125,0.0,0.0,0.0,-30.76171875,-43.9453125,-26.3671875,5.1,1.7,-4.2,9.6,11.2,6.5
5.22411366700544,5.227949249994708,28.160169224544738,18.77344614969649,-23.466807687120614,-6.8962105293012925,-10.344315793951939,42.240253836817104,29.267578125,19.423828125,-24.43359375,-5.44921875,-8.701171875,43.2421875,0.0,0.0,0.0,-30.76171875,-43.9453125,-26.3671875,5.1,1.7,-4.3,9.6,11.3,5.7
5.227966916980222,5.231080875004409,28.097043047715655,18.731362031810438,-23.41420253976305,-7.00971300648253,-10.514569509723795,42.14556457157348,29.267578125,19.423828125,-24.43359375,-5.625,-8.876953125,43.154296875,0.0,0.0,0.0,-30.76171875,-43.9453125,-26.3671875,5.9,2.5,-5.1,8.8,10.5,5.7
5.2310985419899225,5.234903749980731,28.04498061835691,18.696653745571272,-23.370817181964092,-7.1017701116141225,-10.652655167421184,42.06747092753536,29.267578125,19.423828125,-24.43359375,-5.712890625,-8.96484375,43.06640625,0.0,0.0,0.0,-30.76171875,-43.9453125,-26.3671875,5.9,2.5,-5.1,8.0,10.5,4.6
5.234921208990272,5.237953791976906,27.98051014854013,18.653673432360087,-23.31709179045011,-7.213907920043299,-10.820861880064948,41.97076522281019,29.267578125,19.423828125,-24.43359375,-5.80078125,-9.140625,42.978515625,0.0,0.0,0.0,-30.76171875,-43.9453125,-26.3671875,6.7,3.4,-5.9,8.8,11.1,4.6
5.2379732499830425,5.241060500004096,27.928312129358172,18.618874752905448,-23.27359344113181,-7.3032529009763945,-10.954879351464593,41.89246819403726,29.267578125,19.423828125,-24.43359375,-5.888671875,-9.31640625,42.890625,0.0,0.0,0.0,-30.76171875,-43.9453125,-21.97265625,7.5,3.4,-5.9,8.8,10.3,5.4
5.2410786249965895,5.244978916976834,27.87454314471769,18.58302876314513,-23.228785953931414,-7.393986880440132,-11.090980320660199,41.81181471707654,29.267578125,19.423828125,-24.43359375,-5.9765625,-9.404296875,42.890625,0.0,0.0,0.0,-30.76171875,-43.9453125,-21.97265625,7.5,3.4,-6.7,9.6,11.1,5.7
5.244996249995893,5.2480402090004645,27.80576421020142,18.537176140134278,-23.171470175167848,-7.5082022315356145,-11.262303347303423,41.708646315302126,29.267578125,19.423828125,-24.43359375,-6.064453125,-9.580078125,42.802734375,0.0,0.0,0.0,-30.76171875,-43.9453125,-21.97265625,8.3,4.2,-6.7,9.6,11.3,6.5
5.248057833989151,5.251923000003444,27.751281054799513,18.50085403653301,-23.126067545666267,-7.597262659596559,-11.395893989394839,41.62692158219927,29.267578125,19.423828125,-24.43359375,-6.15234375,-9.755859375,42.71484375,0.0,0.0,0.0,-30.76171875,-43.9453125,-21.97265625,8.3,4.2,-7.5,8.8,10.5,6.5
5.2519458339957055,5.2549552919808775,27.681166303992935,18.454110869328623,-23.06763858666078,-7.71010972830654,-11.56516459245981,41.5217494559894,29.267578125,19.423828125,-24.43359375,-6.328125,-9.84375,42.71484375,0.0,0.0,0.0,-26.3671875,-43.9453125,-21.97265625,9.1,5.0,-7.5,8.8,12.1,7.3
5.2549949169915635,5.257901167002274,27.625457803169674,18.416971868779783,-23.021214835974728,-7.798406708076598,-11.697610062114897,41.438186704754514,29.267578125,19.423828125,-24.43359375,-6.328125,-10.01953125,42.626953125,0.0,0.0,0.0,-26.3671875,-43.9453125,-21.97265625,9.9,5.1,-8.3,9.6,12.1,7.3
5.257930583989946,5.260896249994403,27.57122267736573,18.380815118243817,-22.976018897804774,-7.88325031880502,-11.82487547820753,41.356834016048595,29.1796875,19.423828125,-24.43359375,-6.416015625,-10.107421875,42.5390625,0.0,0.0,0.0,-26.3671875,-43.9453125,-17.578125,9.1,5.9,-8.3,10.4,12.1,8.1
5.260921249981038,5.263864916982129,27.515368613924043,18.34357907594936,-22.9294738449367,-7.969511069343764,-11.954266604015647,41.273052920886066,29.1796875,19.423828125,-24.43359375,-6.591796875,-10.37109375,42.451171875,0.0,0.0,0.0,-26.3671875,-43.9453125,-17.578125,9.9,5.9,-9.1,9.6,9.7,7.3
5.263887334003812,5.2669481670018286,27.459373883650827,18.306249255767217,-22.882811569709023,-8.054889085873384,-12.082333628810076,41.18906082547624,29.1796875,19.423828125,-24.43359375,-6.591796875,-10.458984375,42.36328125,0.0,0.0,0.0,-26.3671875,-43.9453125,-17.578125,9.9,5.9,-9.1,9.6,10.2,6.5
5.266981416993076,5.2709967919799965,27.40032755640064,18.266885037600428,-22.833606297000536,-8.143765162570052,-12.215647743855078,41.10049133460096,29.1796875,19.423828125,-24.43359375,-6.767578125,-10.546875,42.275390625,0.0,0.0,0.0,-26.3671875,-43.9453125,-17.578125,10.7,6.7,-9.9,8.8,11.0,7.3
5.271026999980677,5.27390466700308,27.322146984472774,18.214764656315182,-22.76845582039398,-8.259682107384714,-12.38952316107707,40.983220476709164,29.1796875,19.423828125,-24.43359375,-6.85546875,-10.72265625,42.099609375,-4.39453125,0.0,0.0,-30.76171875,-43.9453125,-17.578125,11.5,6.7,-10.7,9.6,11.0,6.4
5.273931083997013,5.276902916986728,27.265345311772123,18.176896874514746,-22.721121093143434,-8.342686618425505,-12.514029927638258,40.898017967658184,29.1796875,19.423828125,-24.43359375,-6.943359375,-10.8984375,42.01171875,-4.39453125,0.0,0.0,-30.76171875,-43.9453125,-17.578125,11.5,7.4,-10.7,9.6,10.4,5.6
5.276926166989142,5.279928999982076,27.206169462480513,18.137446308320342,-22.67180788540043,-8.428110192255247,-12.642165288382868,40.80925419372077,29.091796875,19.423828125,-24.43359375,-7.03125,-10.986328125,41.923828125,-4.39453125,0.0,0.0,-30.76171875,-43.9453125,-30.76171875,11.5,7.4,-10.7,9.6,11.2,6.4
5.279955791978864,5.282935083989287,27.14569851490821,18.097132343272143,-22.621415429090177,-8.514329154436853,-12.77149373165528,40.71854777236232,29.091796875,19.423828125,-24.43359375,-7.119140625,-11.07421875,41.8359375,-4.39453125,0.0,0.0,-30.76171875,-43.9453125,-30.76171875,11.5,7.4,-11.5,9.6,11.2,7.2
5.282966583996313,5.2859841249883175,27.084994411769426,18.056662941179617,-22.570828676474523,-8.599821127711355,-12.899731691567032,40.62749161765414,29.091796875,19.423828125,-24.43359375,-7.20703125,-11.162109375,41.748046875,-4.39453125,0.0,0.0,-30.76171875,-43.9453125,-30.76171875,12.3,8.2,-12.3,9.6,12.0,7.2
5.286016416997882,5.289026124984957,27.022885529697476,18.015257019798316,-22.519071274747894,-8.686225561808044,-13.029338342712064,40.534328294546214,29.091796875,19.423828125,-24.43359375,-7.294921875,-11.337890625,41.66015625,-4.39453125,0.0,0.0,-30.76171875,-43.9453125,-30.76171875,13.1,8.2,-12.3,8.8,11.3,7.2
5.289052709005773,5.29199937498197,26.960436340659314,17.973624227106207,-22.467030283882764,-8.772048343618536,-13.158072515427806,40.44065451098897,29.091796875,19.423828125,-24.43359375,-7.3828125,-11.513671875,41.572265625,-4.39453125,0.0,0.0,-30.76171875,-43.9453125,-30.76171875,13.1,9.0,-13.1,8.8,11.3,6.4
5.292027916992083,5.294948583992664,26.898648603889146,17.932432402592763,-22.41554050324096,-8.855951000679772,-13.283926501019659,40.34797290583372,29.091796875,19.423828125,-24.345703125,-7.55859375,-11.6015625,41.484375,-4.39453125,0.0,0.0,-30.76171875,-39.55078125,-30.76171875,13.9,9.0,-12.3,8.0,11.3,7.2
5.294975083990721,5.297912499983795,26.83686398974081,17.891242659827206,-22.36405332478401,-8.938872193245583,-13.408308289868375,40.255295984611216,29.091796875,19.423828125,-24.345703125,-7.646484375,-11.689453125,41.396484375,-4.39453125,0.0,0.0,-30.76171875,-39.55078125,-30.76171875,13.9,9.9,-13.1,8.0,12.0,7.2
5.297942584002158,5.301013374992181,26.77407200140857,17.84938133427238,-22.311726667840478,-9.022171910561706,-13.533257865842561,40.161108002112854,29.00390625,19.423828125,-24.2578125,-7.734375,-11.865234375,41.30859375,-4.39453125,0.0,0.0,-30.76171875,-39.55078125,-30.76171875,13.9,9.9,-12.3,8.8,10.4,6.4
5.3010479169897735,5.304894874978345,26.707740597991773,17.805160398661183,-22.256450498326476,-9.10913075863705,-13.663696137955574,40.06161089698766,29.00390625,19.423828125,-24.2578125,-7.822265625,-12.041015625,41.220703125,-4.39453125,0.0,0.0,-30.76171875,-39.55078125,-30.76171875,14.7,9.9,-13.1,8.0,9.6,7.1
5.304930666985456,5.307883999979822,26.6239093684237,17.749272912282464,-22.186591140353084,-9.217554506772165,-13.826331760158247,39.935864052635544,29.00390625,19.423828125,-24.169921875,-7.91015625,-12.12890625,41.044921875,-4.39453125,0.0,0.0,-30.76171875,-39.55078125,-30.76171875,15.5,10.7,-12.2,8.0,11.1,6.3
5.307918124977732,5.311015416984446,26.558733798569257,17.705822532379504,-22.132278165474382,-9.300744510622911,-13.951116765934366,39.83810069785389,28.916015625,19.423828125,-24.169921875,-7.998046875,-12.216796875,40.95703125,-8.7890625,0.0,13.18359375,-30.76171875,-39.55078125,-30.76171875,14.7,10.7,-13.0,8.0,11.9,5.5
5.311043416993925,5.314978334004991,26.489925255050352,17.659950170033568,-22.07493771254196,-9.387553461468613,-14.081330192202921,39.73488788257553,28.828125,19.423828125,-24.169921875,-8.173828125,-12.392578125,40.869140625,-8.7890625,0.0,13.18359375,-30.76171875,-39.55078125,-30.76171875,14.7,11.5,-13.8,8.0,11.1,6.3
5.315003416995751,5.317926208983408,26.40182248596574,17.60121499064383,-22.001518738304785,-9.497222270387011,-14.245833405580516,39.602733728948614,28.740234375,19.3359375,-24.08203125,-8.26171875,-12.568359375,40.78125,-8.7890625,0.0,13.18359375,-30.76171875,-39.55078125,-30.76171875,14.7,11.4,-13.0,8.0,11.4,7.1
5.317947042000014,5.320913292001933,26.335670099631482,17.55711339975432,-21.946391749692904,-9.578505575932358,-14.367758363898535,39.50350514944722,28.740234375,19.3359375,-23.994140625,-8.26171875,-12.65625,40.693359375,-8.7890625,0.0,13.18359375,-30.76171875,-39.55078125,-30.76171875,15.5,11.4,-13.0,8.0,10.6,6.3
5.320930124988081,5.323974708997412,26.268056552940084,17.512037701960057,-21.89004712745007,-9.660669517436643,-14.491004276154964,39.40208482941013,28.65234375,19.3359375,-23.994140625,-8.4375,-12.83203125,40.60546875,-8.7890625,-4.39453125,13.18359375,-30.76171875,-39.55078125,-30.76171875,14.7,11.4,-13.0,7.2,9.8,7.3
5.323991374985781,5.327092791994801,26.198071681890397,17.465381121260265,-21.83172640157533,-9.744765891960954,-14.617148837941432,39.297107522835596,28.564453125,19.3359375,-23.994140625,-8.525390625,-12.919921875,40.517578125,-8.7890625,-4.39453125,13.18359375,-30.76171875,-39.55078125,-30.76171875,14.4,12.2,-13.7,7.2,10.2,8.1
5.327107874996727,5.330988375004381,26.126201455366004,17.417467636910672,-21.77183454613834,-9.830148580625291,-14.745222870937937,39.18930218304901,28.564453125,19.248046875,-23.90625,-8.61328125,-13.095703125,40.4296875,-8.7890625,-4.39453125,13.18359375,-30.76171875,-39.55078125,-30.76171875,15.2,11.4,-13.7,8.0,10.2,8.1
5.331004916981328,5.334077709005214,26.035450235955167,17.35696682397011,-21.69620852996264,-9.936584054472688,-14.90487608170903,39.05317535393275,28.4765625,19.248046875,-23.818359375,-8.701171875,-13.18359375,40.25390625,-17.578125,-4.39453125,13.18359375,-26.3671875,-43.9453125,-30.76171875,15.2,12.2,-12.9,8.0,11.8,7.3
5.334092208999209,5.337951458990574,25.962863072367192,17.30857538157813,-21.635719226972665,-10.020639613329456,-15.030959419994185,38.94429460855079,28.388671875,19.248046875,-23.818359375,-8.7890625,-13.359375,40.166015625,-17.578125,-4.39453125,13.18359375,-26.3671875,-43.9453125,-30.76171875,14.4,13.0,-13.7,7.2,12.1,6.5
5.337966666993452,5.341037834004965,25.870904632315533,17.24726975487702,-21.559087193596277,-10.125793104863654,-15.18868965729548,38.8063569484733,28.30078125,19.16015625,-23.73046875,-8.876953125,-13.53515625,39.990234375,-17.578125,-4.39453125,13.18359375,-26.3671875,-43.9453125,-35.15625,14.4,12.2,-13.7,8.0,11.3,6.5
5.341055416996824,5.344956208980875,25.796907980977675,17.197938653985116,-21.497423317481395,-10.209353850942996,-15.314030776414496,38.69536197146651,28.30078125,19.072265625,-23.642578125,-8.96484375,-13.623046875,39.90234375,-17.578125,-13.18359375,13.18359375,-26.3671875,-43.9453125,-35.15625,15.2,12.2,-13.6,8.0,10.5,7.2
5.3449839589884505,5.34894566697767,25.701915448017946,17.13461029867863,-21.418262873348286,-10.315286225423716,-15.472929338135575,38.55287317202691,28.125,19.072265625,-23.5546875,-9.052734375,-13.798828125,39.814453125,-17.578125,-13.18359375,13.18359375,-26.3671875,-43.9453125,-35.15625,14.4,12.2,-12.8,8.0,10.3,8.0
5.348965624987613,5.351964375004172,25.604639707511772,17.06975980500785,-21.33719975625981,-10.42225024643615,-15.633375369654223,38.40695956126766,28.037109375,18.984375,-23.5546875,-9.140625,-13.88671875,39.638671875,-21.97265625,-13.18359375,17.578125,-26.3671875,-35.15625,-35.15625,14.4,12.2,-13.6,7.2,11.9,7.2
5.351982666994445,5.354953208996449,25.53026340630369,17.020175604202457,-21.275219505253077,-10.503029201240537,-15.754543801860805,38.295395109455534,27.94921875,18.984375,-23.466796875,-9.228515625,-14.0625,39.55078125,-21.97265625,-13.18359375,17.578125,-26.3671875,-35.15625,-35.15625,14.4,13.0,-13.6,8.0,11.1,6.4
5.354970833985135,5.357994999998482,25.456033734853765,16.970689156569176,-21.213361445711474,-10.582802537660111,-15.874203806490168,38.18405060228065,27.861328125,18.984375,-23.466796875,-9.31640625,-14.150390625,39.462890625,-21.97265625,-13.18359375,17.578125,-26.3671875,-35.15625,-35.15625,13.6,12.9,-13.6,8.0,12.2,7.2
5.358021124993684,5.361930374987423,25.379682388045964,16.91978825869731,-21.14973532337164,-10.66399387100577,-15.995990806508654,38.069523582068946,27.7734375,18.984375,-23.37890625,-9.404296875,-14.23828125,39.375,-21.97265625,-13.18359375,17.578125,-26.3671875,-35.15625,-35.15625,13.6,13.7,-13.6,8.0,13.0,8.0
5.36194983398309,5.365067374979844,25.280485254812373,16.85365683654158,-21.067071045676975,-10.768205571779134,-16.1523083576687,37.92072788221856,27.685546875,18.896484375,-23.291015625,-9.4921875,-14.4140625,39.19921875,-21.97265625,-8.7890625,17.578125,-26.3671875,-35.15625,-35.15625,13.5,12.9,-13.6,7.2,12.2,8.1
5.365086042002076,5.3689403339813,25.200606984986266,16.80040465665751,-21.000505820821893,-10.8511014819953,-16.27665222299295,37.8009104774794,27.59765625,18.896484375,-23.291015625,-9.580078125,-14.58984375,39.111328125,-21.97265625,-8.7890625,17.578125,-26.3671875,-35.15625,-35.15625,13.5,13.7,-14.4,8.0,10.3,8.1
5.368958124978235,5.371962125005666,25.10114273510822,16.734095156738814,-20.91761894592352,-10.953084464442451,-16.429626696663675,37.65171410266233,27.509765625,18.80859375,-23.203125,-9.66796875,-14.765625,38.935546875,-30.76171875,-8.7890625,17.578125,-26.3671875,-43.9453125,-35.15625,13.5,12.9,-13.6,8.0,10.3,8.1
5.371984416997293,5.375042874977225,25.02275809195022,16.681838727966813,-20.852298409958518,-11.032509082439342,-16.548763623659013,37.53413713792533,27.421875,18.80859375,-23.115234375,-9.755859375,-14.853515625,38.84765625,-30.76171875,-8.7890625,17.578125,-26.3671875,-43.9453125,-35.15625,13.5,13.7,-13.6,7.2,11.1,7.2
5.375073458999395,5.378869249980198,24.94216500010412,16.628110000069412,-20.785137500086766,-11.113323437459727,-16.66998515618959,37.413247500156174,27.24609375,18.720703125,-23.02734375,-9.755859375,-15.029296875,38.759765625,-30.76171875,-8.7890625,17.578125,-26.3671875,-43.9453125,-35.15625,11.9,13.7,-13.6,8.0,11.2,8.0
5.378906958998414,5.381851874990389,24.841332625586155,16.560888417057434,-20.701110521321798,-11.213249967684337,-16.819874951526508,37.26199893837923,27.158203125,18.720703125,-22.939453125,-9.931640625,-15.205078125,38.583984375,-30.76171875,-8.7890625,17.578125,-26.3671875,-43.9453125,-35.15625,11.9,13.7,-13.6,8.0,11.2,8.0
5.381881541979965,5.384928458981449,24.762471484496704,16.508314322997805,-20.635392903747256,-11.290507438246767,-16.93576115737015,37.14370722674506,27.0703125,18.720703125,-22.939453125,-10.01953125,-15.29296875,38.408203125,-30.76171875,-8.7890625,17.578125,-26.3671875,-43.9453125,-35.15625,11.8,14.5,-13.6,7.2,11.2,7.1
5.38496333398507,5.387935209000716,24.68019788658422,16.453465257722815,-20.56683157215352,-11.370289398819553,-17.05543409822933,37.02029682987633,26.982421875,18.6328125,-22.8515625,-10.107421875,-15.380859375,38.408203125,-30.76171875,-8.7890625,17.578125,-26.3671875,-43.9453125,-35.15625,11.8,13.7,-13.6,8.0,10.3,8.7
5.387962584005436,5.390872666990617,24.599572542277574,16.39971502818505,-20.499643785231314,-11.447678672740661,-17.171518009110994,36.89935881341636,26.89453125,18.6328125,-22.8515625,-10.1953125,-15.556640625,38.232421875,-30.76171875,-8.7890625,17.578125,-26.3671875,-43.9453125,-35.15625,11.8,14.5,-14.4,8.0,10.3,7.1
5.3908982499851845,5.393891374988016,24.520127682402997,16.346751788268666,-20.43343973533583,-11.52318124359481,-17.284771865392212,36.78019152360449,26.806640625,18.544921875,-22.763671875,-10.1953125,-15.732421875,38.14453125,-30.76171875,-8.7890625,17.578125,-26.3671875,-39.55078125,-35.15625,11.8,14.5,-13.6,8.8,10.3,7.2
5.393916542001534,5.396874166995985,24.437903192927376,16.29193546195158,-20.36491932743948,-11.600553387817513,-17.40083008172627,36.65685478939106,26.806640625,18.544921875,-22.67578125,-10.283203125,-15.8203125,37.96875,-30.76171875,-8.7890625,17.578125,-26.3671875,-39.55078125,-35.15625,11.8,14.5,-13.6,8.8,10.5,7.2
5.3968987919797655,5.399873874994228,24.356121035696493,16.237414023797662,-20.296767529747083,-11.676745514901787,-17.51511827235268,36.53418155354474,26.71875,18.45703125,-22.67578125,-10.37109375,-15.908203125,37.880859375,-30.76171875,-8.7890625,17.578125,-26.3671875,-39.55078125,-39.55078125,11.8,14.5,-14.4,8.8,11.3,8.0
5.399901875003707,5.402888583979802,24.27322748046453,16.182151653643018,-20.227689567053776,-11.75321095949947,-17.629816439249204,36.4098412206968,26.71875,18.45703125,-22.587890625,-10.458984375,-15.99609375,37.705078125,-30.76171875,-8.7890625,17.578125,-26.3671875,-39.55078125,-39.55078125,12.6,14.5,-14.4,8.8,11.3,8.1
5.402921959001105,5.40584295897861,24.189319925089855,16.126213283393234,-20.157766604241544,-11.829845524710436,-17.744768287065654,36.28397988763478,26.630859375,18.369140625,-22.587890625,-10.546875,-16.083984375,37.6171875,-30.76171875,-13.18359375,17.578125,-26.3671875,-39.55078125,-39.55078125,12.9,14.5,-14.5,8.8,10.3,8.1
5.405867291992763,5.4088579999806825,24.106964841983647,16.071309894655766,-20.089137368319708,-11.904326871769761,-17.856490307654642,36.160447262975474,26.630859375,18.369140625,-22.5,-10.634765625,-16.259765625,37.529296875,-30.76171875,-13.18359375,17.578125,-26.3671875,-39.55078125,-39.55078125,13.7,14.5,-14.5,8.0,10.3,8.9
5.408879541995702,5.411973041977035,24.022204972983882,16.014803315322588,-20.018504144153233,-11.980236841211973,-17.97035526181796,36.03330745947582,26.54296875,18.28125,-22.412109375,-10.72265625,-16.34765625,37.44140625,-17.578125,-13.18359375,21.97265625,-26.3671875,-39.55078125,-39.55078125,13.7,14.5,-14.5,8.0,11.1,8.1
5.41199120899546,5.4159173340012785,23.93408295728323,15.956055304855488,-19.945069131069364,-12.058370499714837,-18.087555749572253,35.90112443592485,26.455078125,18.28125,-22.32421875,-10.72265625,-16.435546875,37.265625,-17.578125,-13.18359375,21.97265625,-26.3671875,-39.55078125,-39.55078125,13.7,15.3,-13.7,8.0,11.1,7.9
5.4159358339966275,5.418866916996194,23.821550068694233,15.881033379129487,-19.851291723911864,-12.157005338938326,-18.23550800840749,35.73232510304135,26.3671875,18.193359375,-22.236328125,-10.810546875,-16.611328125,37.08984375,-17.578125,-13.18359375,21.97265625,-26.3671875,-39.55078125,-39.55078125,13.7,15.3,-13.7,8.8,11.3,7.9
5.4188844169839285,5.421886458992958,23.73683485770721,15.824556571804806,-19.78069571475601,-12.230429645182104,-18.345644467773155,35.60525228656081,26.3671875,18.193359375,-22.236328125,-10.8984375,-16.69921875,37.001953125,-17.578125,-13.18359375,21.97265625,-26.3671875,-39.55078125,-39.55078125,14.5,15.3,-14.5,8.8,11.3,8.7
5.421905166993383,5.424999374983599,23.64951819758544,15.76634546505696,-19.7079318313212,-12.30537893266509,-18.458068398997636,35.474277296378155,26.279296875,18.10546875,-22.1484375,-10.986328125,-16.787109375,36.826171875,-17.578125,-13.18359375,21.97265625,-26.3671875,-39.55078125,-39.55078125,13.7,15.3,-14.4,8.0,10.5,7.3
5.425014916982036,5.428943292004988,23.559072730204825,15.706048486803217,-19.632560608504022,-12.382247006508408,-18.57337050976261,35.33860909530724,26.19140625,18.017578125,-22.1484375,-11.07421875,-16.875,36.73828125,-17.578125,-13.18359375,21.97265625,-26.3671875,-39.55078125,-39.55078125,14.5,14.5,-15.2,8.0,11.2,8.1
5.428961792000337,5.43192145897774,23.44347069408971,15.628980462726474,-19.536225578408096,-12.479381783394325,-18.71907267509149,35.16520604113457,26.103515625,18.017578125,-22.060546875,-11.25,-17.05078125,36.5625,-17.578125,-13.18359375,17.578125,-26.3671875,-35.15625,-39.55078125,14.5,15.3,-15.2,8.0,11.2,8.0
5.4319427919981536,5.4349268339865375,23.35556112299204,15.570374081994693,-19.462967602493368,-12.552428089686387,-18.82864213452958,35.03334168448806,26.015625,17.9296875,-21.97265625,-11.337890625,-17.138671875,36.38671875,-17.578125,-13.18359375,17.578125,-26.3671875,-35.15625,-39.55078125,14.5,15.2,-14.4,7.2,10.4,8.0
5.434944749984425,5.437997291999636,23.266515994939734,15.511010663293156,-19.388763329116447,-12.625709809876273,-18.93856471481441,34.8997739924096,26.015625,17.9296875,-21.884765625,-11.42578125,-17.2265625,36.298828125,-17.578125,-13.18359375,17.578125,-26.3671875,-35.15625,-39.55078125,15.3,16.0,-14.4,7.2,11.1,8.8
5.438016250001965,5.441008541994961,23.174872642928957,15.44991509528597,-19.312393869107467,-12.70039855864589,-19.050597837968837,34.76230896439343,25.927734375,17.841796875,-21.884765625,-11.42578125,-17.40234375,36.2109375,-17.578125,-13.18359375,17.578125,-26.3671875,-35.15625,-39.55078125,14.5,15.2,-15.2,8.0,11.1,8.0
5.441025791980792,5.4449436249851715,23.084554654384338,15.38970310292289,-19.237128878653618,-12.773293952770581,-19.159940929155873,34.62683198157651,25.83984375,17.841796875,-21.796875,-11.513671875,-17.490234375,36.03515625,-17.578125,-17.578125,17.578125,-26.3671875,-35.15625,-39.55078125,14.5,16.0,-15.3,8.8,11.1,8.0
5.444959124986781,5.44796024999232,22.965735775463518,15.31049051697568,-19.138113146219602,-12.868134290937352,-19.30220143640603,34.44860366319528,25.83984375,17.75390625,-21.708984375,-11.689453125,-17.578125,35.859375,-17.578125,-17.578125,17.578125,-26.3671875,-35.15625,-39.55078125,16.1,16.0,-15.3,7.2,12.1,8.0
5.447974916984094,5.450930916995276,22.87404013873881,15.24936009249254,-19.061700115615675,-12.940518411929869,-19.4107776178948,34.31106020810821,25.83984375,17.666015625,-21.708984375,-11.689453125,-17.75390625,35.771484375,-17.578125,-17.578125,17.578125,-26.3671875,-35.15625,-39.55078125,16.1,15.2,-15.3,7.2,10.5,8.8
5.45094512499054,5.453940167004475,22.783228744190666,15.188819162793777,-18.98602395349222,-13.011524600904714,-19.51728690135707,34.174843116286,25.751953125,17.666015625,-21.62109375,-11.77734375,-17.841796875,35.595703125,-17.578125,-17.578125,17.578125,-21.97265625,-35.15625,-39.55078125,16.1,16.0,-15.3,7.2,11.3,8.9
5.453959624981508,5.456960374984192,22.69055608577449,15.127037390516325,-18.90879673814541,-13.083300034239107,-19.62495005135866,34.03583412866173,25.751953125,17.578125,-21.533203125,-11.865234375,-17.9296875,35.5078125,-17.578125,-17.578125,17.578125,-21.97265625,-35.15625,-39.55078125,16.9,16.1,-15.3,7.2,11.2,9.7
5.456976666988339,5.460035458992934,22.597295874836,15.064863916557334,-18.83107989569667,-13.15484227102738,-19.732263406541072,33.895943812254,25.6640625,17.490234375,-21.533203125,-11.953125,-18.10546875,35.33203125,-17.578125,-17.578125,17.578125,-21.97265625,-35.15625,-43.9453125,16.9,15.3,-16.1,8.0,11.2,8.1
5.460050291992957,5.463919874979183,22.50176473977507,15.00117649318338,-18.751470616479224,-13.2274224178546,-19.8411336267819,33.752647109662604,25.6640625,17.490234375,-21.4453125,-12.041015625,-18.193359375,35.244140625,-17.578125,-17.578125,17.578125,-21.97265625,-35.15625,-43.9453125,17.7,16.1,-16.1,8.0,11.2,8.7
5.463937291991897,5.4669176249881275,22.380202349373754,14.920134899582502,-18.65016862447813,-13.318767757501451,-19.978151636252175,33.57030352406063,25.576171875,17.40234375,-21.357421875,-12.041015625,-18.369140625,34.98046875,-17.578125,-17.578125,17.578125,-21.97265625,-35.15625,-43.9453125,18.9,16.1,-16.1,8.0,11.2,7.9
5.466935374977766,5.46994983399054,22.285869858234342,14.857246572156228,-18.57155821519529,-13.388884355843542,-20.083326533765312,33.42880478735152,25.576171875,17.314453125,-21.26953125,-12.12890625,-18.45703125,34.8046875,-13.18359375,-17.578125,21.97265625,-21.97265625,-35.15625,-43.9453125,18.9,15.3,-16.1,7.2,10.4,7.9
5.469970624981215,5.472927625000011,22.189864453503496,14.793242969002332,-18.491553711252916,-13.459567692168388,-20.18935153825258,33.28479668025525,25.48828125,17.314453125,-21.181640625,-12.216796875,-18.6328125,34.716796875,-13.18359375,-17.578125,21.97265625,-26.3671875,-39.55078125,-43.9453125,18.9,16.1,-15.3,8.0,9.6,9.0
5.472946791996947,5.476029583980562,22.095238062302794,14.730158708201863,-18.412698385252334,-13.528578063905488,-20.29286709585823,33.1428570934542,25.400390625,17.2265625,-21.09375,-12.3046875,-18.720703125,34.62890625,-13.18359375,-17.578125,21.97265625,-26.3671875,-39.55078125,-43.9453125,18.9,15.9,-15.3,8.0,10.3,9.8
5.47604779197718,5.479955041984795,21.996128971860703,14.664085981240468,-18.330107476550587,-13.600168467147263,-20.400252700720895,32.994193457791056,25.3125,17.2265625,-21.09375,-12.392578125,-18.896484375,34.453125,-13.18359375,-17.578125,21.97265625,-26.3671875,-39.55078125,-48.33984375,18.9,15.9,-16.1,8.0,10.3,8.2
5.479972708999412,5.483905917004449,21.869939169900903,14.5799594466006,-18.224949308250753,-13.690317108653176,-20.535475662979763,32.804908754851354,25.224609375,17.138671875,-21.005859375,-12.48046875,-18.984375,34.189453125,-13.18359375,-17.578125,21.97265625,-26.3671875,-39.55078125,-48.33984375,19.7,15.9,-16.1,8.0,10.3,7.0
5.483923249994405,5.486922374984715,21.742086106054494,14.494724070702995,-18.118405088378747,-13.780528803866098,-20.670793205799146,32.61312915908174,25.048828125,16.962890625,-20.91796875,-12.568359375,-19.072265625,34.1015625,-13.18359375,-17.578125,21.97265625,-26.3671875,-39.55078125,-48.33984375,18.5,15.1,-16.1,8.0,9.5,8.6
5.486941458977526,5.489971458999207,21.6438420685614,14.4292280457076,-18.036535057134504,-13.849093039075344,-20.773639558613016,32.465763102842104,24.9609375,16.962890625,-20.830078125,-12.65625,-19.16015625,33.92578125,-30.76171875,-17.578125,21.97265625,-26.3671875,-39.55078125,-48.33984375,18.5,15.9,-16.1,7.2,10.3,9.4
5.489989666995825,5.49394124999526,21.54412779181541,14.362751861210272,-17.95343982651284,-13.918022811207805,-20.87703421681171,32.31619168772311,24.873046875,16.875,-20.7421875,-12.744140625,-19.3359375,33.837890625,-30.76171875,-17.578125,21.97265625,-21.97265625,-35.15625,-48.33984375,18.5,15.9,-16.1,7.2,10.3,9.8
5.493958834005753,5.497897083987482,21.41354675236145,14.275697834907636,-17.844622293634547,-14.007299929908454,-21.01094989486268,32.120320128542176,24.78515625,16.787109375,-20.654296875,-12.83203125,-19.423828125,33.57421875,-30.76171875,-17.578125,21.97265625,-21.97265625,-35.15625,-48.33984375,18.5,15.3,-16.1,7.2,11.4,9.0
5.497919249988627,5.501034874992911,21.282423970921442,14.18828264728096,-17.735353309101203,-14.095837524633502,-21.143756286950254,31.923635956382164,24.697265625,16.69921875,-20.56640625,-12.919921875,-19.51171875,33.3984375,-30.76171875,-17.578125,21.97265625,-21.97265625,-35.15625,-43.9453125,19.3,15.3,-16.1,6.4,11.4,8.2
5.501066124998033,5.504941666993545,21.177648691727516,14.118432461151677,-17.6480405764396,-14.165799124648723,-21.248698686973086,31.766473037591275,24.609375,16.69921875,-20.478515625,-13.0078125,-19.599609375,33.22265625,-30.76171875,-21.97265625,21.97265625,-21.97265625,-35.15625,-43.9453125,19.2,16.1,-16.0,7.2,10.6,7.0
5.5049807089963,5.507945958990604,21.04659059971808,14.031060399812052,-17.538825499765068,-14.252345212519447,-21.378517818779173,31.569885899577116,24.43359375,16.611328125,-20.390625,-13.095703125,-19.775390625,33.046875,-30.76171875,-21.97265625,21.97265625,-21.97265625,-35.15625,-43.9453125,18.4,16.1,-16.8,7.2,10.4,8.6
5.507980416994542,5.510900374996709,20.945623245691593,13.963748830461062,-17.454686038076332,-14.318300129547408,-21.47745019432111,31.41843486853739,24.345703125,16.5234375,-20.390625,-13.18359375,-19.775390625,32.958984375,-26.3671875,-21.97265625,21.97265625,-26.3671875,-26.3671875,-43.9453125,18.4,16.1,-16.8,6.4,12.0,9.4
5.510933499987004,5.513853208976798,20.845770980429286,13.897180653619525,-17.37147581702441,-14.382919379620507,-21.574379069430762,31.268656470643933,24.2578125,16.435546875,-20.302734375,-13.18359375,-19.951171875,32.783203125,-26.3671875,-21.97265625,21.97265625,-26.3671875,-26.3671875,-43.9453125,18.4,15.3,-16.8,7.2,11.2,9.8
5.513884874992073,5.516937042004429,20.745528308510686,13.83035220567379,-17.287940257092238,-14.4471920409128,-21.6707880613692,31.11829246276603,24.169921875,16.34765625,-20.21484375,-13.271484375,-20.0390625,32.6953125,-26.3671875,-21.97265625,21.97265625,-26.3671875,-26.3671875,-43.9453125,18.4,15.2,-16.8,7.2,11.2,10.6
5.5169694169890136,5.5209041250054725,20.640286184698553,13.760190789799037,-17.200238487248797,-14.514032845089258,-21.771049267633884,30.96042927704783,24.08203125,16.34765625,-20.126953125,-13.359375,-20.126953125,32.431640625,-26.3671875,-21.97265625,21.97265625,-26.3671875,-26.3671875,-48.33984375,19.2,16.0,-16.8,7.2,11.2,9.8
5.520944708987372,5.52382016699994,20.50393808881873,13.669292059212488,-17.08661507401561,-14.599673099078295,-21.899509648617443,30.7559071332281,23.994140625,16.259765625,-20.126953125,-13.447265625,-20.302734375,32.34375,-26.3671875,-21.97265625,21.97265625,-26.3671875,-26.3671875,-48.33984375,19.2,16.0,-17.7,6.4,10.4,10.5
5.523844458977692,5.526879084005486,20.403975293024686,13.60265019534979,-17.00331274418724,-14.661783918164605,-21.99267587724691,30.60596293953703,23.90625,16.171875,-20.0390625,-13.53515625,-20.390625,32.16796875,-26.3671875,-21.97265625,21.97265625,-26.3671875,-26.3671875,-48.33984375,19.2,16.0,-17.7,7.2,10.4,8.9
5.526908583997283,5.529865958989831,20.297886054721545,13.53192403648103,-16.914905045601287,-14.727084975340738,-22.090627463011106,30.446829082082314,23.818359375,16.171875,-19.86328125,-13.623046875,-20.478515625,31.9921875,-30.76171875,-21.97265625,21.97265625,-26.3671875,-26.3671875,-48.33984375,19.2,16.0,-16.9,7.2,11.2,8.9
5.5298959169886075,5.532852834003279,20.19400287533426,13.462668583556173,-16.828335729445214,-14.790421042327688,-22.185631563491533,30.291004313001388,23.73046875,16.083984375,-19.86328125,-13.623046875,-20.56640625,31.81640625,-30.76171875,-21.97265625,21.97265625,-21.97265625,-35.15625,-48.33984375,19.2,16.0,-17.7,7.2,11.2,8.6
5.532918708981015,5.536966791987652,20.088434025203934,13.392289350135956,-16.740361687669946,-14.854177390964303,-22.281266086446454,30.1326510378059,23.642578125,15.99609375,-19.775390625,-13.7109375,-20.654296875,31.640625,-30.76171875,-21.97265625,21.97265625,-21.97265625,-35.15625,-48.33984375,19.2,16.0,-17.7,7.2,10.3,8.6
5.537011334003182,5.5408561670046765,19.94478076905027,13.296520512700178,-16.620650640875226,-14.93996460020382,-22.40994690030573,29.917171153575403,23.466796875,15.908203125,-19.6875,-13.798828125,-20.830078125,31.46484375,-30.76171875,-21.97265625,21.97265625,-21.97265625,-35.15625,-52.734375,18.4,16.0,-17.7,6.4,10.3,9.4
5.540875709004467,5.543982584000332,19.80838250533061,13.205588336887073,-16.506985421108844,-15.02040068296023,-22.530601024440344,29.712573757995916,23.37890625,15.8203125,-19.599609375,-13.88671875,-20.91796875,31.2890625,-30.76171875,-21.97265625,21.97265625,-21.97265625,-35.15625,-52.734375,19.2,16.0,-17.6,7.2,11.1,9.7
5.544001375004882,5.547851999988779,19.69752380038816,13.131682533592109,-16.414603166990137,-15.085055977256165,-22.62758396588425,29.546285700582242,23.291015625,15.8203125,-19.51171875,-13.974609375,-21.005859375,31.11328125,-30.76171875,-21.97265625,21.97265625,-21.97265625,-35.15625,-52.734375,19.2,16.8,-17.6,6.4,11.2,9.7
5.547870874986984,5.550929874996655,19.559625892606455,13.03975059507097,-16.299688243838713,-15.164593776898418,-22.746890665347628,29.33943883890968,23.203125,15.732421875,-19.423828125,-13.974609375,-21.181640625,30.9375,-30.76171875,-21.97265625,26.3671875,-17.578125,-35.15625,-52.734375,19.2,16.8,-17.6,8.0,10.4,10.5
5.550952249992406,5.5539441669825464,19.449297419398185,12.96619827959879,-16.20774784949849,-15.22753105970004,-22.84129658955006,29.173946129097278,23.115234375,15.64453125,-19.3359375,-14.0625,-21.26953125,30.76171875,-30.76171875,-21.97265625,26.3671875,-17.578125,-35.15625,-52.734375,19.2,16.0,-17.6,8.0,10.4,10.5
5.5539635839813855,5.55689454198,19.34103650960321,12.894024339735473,-16.11753042466934,-15.288693087583034,-22.93303963137455,29.011554764404814,23.02734375,15.556640625,-19.248046875,-14.150390625,-21.357421875,30.5859375,-30.76171875,-21.97265625,26.3671875,-17.578125,-35.15625,-52.734375,19.2,16.1,-17.6,7.2,11.3,10.5
5.556912542000646,5.559986624983139,19.234598674666373,12.823065783110916,-16.02883222888865,-15.348256706284593,-23.022385059426888,28.851898011999562,22.939453125,15.556640625,-19.16015625,-14.23828125,-21.4453125,30.41015625,-30.76171875,-21.97265625,26.3671875,-17.578125,-35.15625,-52.734375,19.2,16.9,-17.6,6.4,11.3,10.5
5.560006249987055,5.5639296250010375,19.122492757127052,12.748328504751367,-15.935410630939211,-15.410390012421612,-23.115585018632416,28.683739135690576,22.763671875,15.46875,-19.072265625,-14.326171875,-21.533203125,30.234375,-30.76171875,-17.578125,26.3671875,-17.578125,-35.15625,-52.734375,19.2,16.9,-17.6,6.4,10.5,10.4
5.5639488339948,5.56692120898515,18.978972232330694,12.65264815488713,-15.815810193608915,-15.489044343297337,-23.233566514946006,28.468458348496043,22.67578125,15.380859375,-18.984375,-14.326171875,-21.708984375,29.970703125,-30.76171875,-17.578125,26.3671875,-17.578125,-35.15625,-52.734375,19.2,16.9,-17.6,7.2,10.3,8.0
5.566944458987564,5.569928208977217,18.86943658497685,12.579624389984566,-15.724530487480711,-15.548409893198254,-23.32261483979738,28.304154877465276,22.587890625,15.29296875,-18.896484375,-14.4140625,-21.796875,29.794921875,-30.76171875,-17.578125,21.97265625,-17.578125,-35.15625,-52.734375,19.2,16.1,-17.6,6.4,10.3,8.0
5.569944666989613,5.5729494169936515,18.759314596720753,12.50620973114717,-15.632762163933961,-15.607521204872985,-23.41128180730948,28.13897189508113,22.5,15.205078125,-18.896484375,-14.501953125,-21.796875,29.70703125,-30.76171875,-17.578125,21.97265625,-21.97265625,-30.76171875,-52.734375,19.2,16.1,-18.4,6.4,10.3,8.5
5.572964958992088,5.5759796669881325,18.64803460438424,12.432023069589492,-15.540028836986869,-15.666678090686442,-23.500017136029665,27.972051906576358,22.412109375,15.205078125,-18.80859375,-14.501953125,-21.97265625,29.53125,-30.76171875,-17.578125,21.97265625,-21.97265625,-30.76171875,-52.734375,19.2,16.8,-18.4,7.2,10.4,8.5
5.575998416985385,5.579874541988829,18.535847048044857,12.357231365363239,-15.446539206704053,-15.72573791536928,-23.58860687305392,27.80377057206729,22.32421875,15.1171875,-18.720703125,-14.58984375,-22.060546875,29.35546875,-30.76171875,-17.578125,21.97265625,-21.97265625,-30.76171875,-52.734375,20.0,16.8,-18.4,7.2,10.4,8.5
5.579889624990756,5.582902583992109,18.391321166300138,12.260880777533425,-15.326100971916784,-15.800974734462155,-23.70146210169323,27.586981749450207,22.236328125,15.029296875,-18.544921875,-14.677734375,-22.1484375,29.1796875,-30.76171875,-21.97265625,21.97265625,-21.97265625,-30.76171875,-52.734375,20.0,16.8,-17.6,6.4,10.4,9.7
5.582918250001967,5.585912833979819,18.27835724922493,12.185571499483284,-15.231964374354106,-15.859125046199134,-23.788687569298702,27.41753587383739,22.060546875,14.94140625,-18.544921875,-14.677734375,-22.236328125,29.00390625,-30.76171875,-21.97265625,21.97265625,-21.97265625,-30.76171875,-52.734375,20.0,16.8,-18.4,7.2,10.4,9.7
5.585927709005773,5.588940041983733,18.165698430958336,12.110465620638891,-15.138082025798616,-15.916551839243432,-23.87482775886515,27.248547646437505,21.97265625,14.94140625,-18.45703125,-14.853515625,-22.32421875,28.828125,-30.76171875,-21.97265625,26.3671875,-21.97265625,-30.76171875,-52.734375,20.0,16.8,-18.4,6.4,11.2,9.7
5.588954416976776,5.591951874986989,18.05198446167052,12.034656307780347,-15.043320384725437,-15.973949028139618,-23.96092354220943,27.077976692505782,21.884765625,14.853515625,-18.369140625,-14.853515625,-22.32421875,28.65234375,-30.76171875,-21.97265625,26.3671875,-21.97265625,-26.3671875,-52.734375,20.0,16.8,-18.4,6.4,12.0,9.7
5.5919659589999355,5.595826042001136,17.938435295220604,11.958956863480402,-14.948696079350507,-16.030700257238138,-24.046050385857207,26.907652942830907,21.796875,14.765625,-18.28125,-14.94140625,-22.412109375,28.4765625,-30.76171875,-21.97265625,26.3671875,-21.97265625,-26.3671875,-52.734375,20.0,16.8,-18.4,6.4,11.3,10.5
5.595842124981573,5.598889041983057,17.79169529484519,11.861130196563462,-14.826412745704328,-16.10321677368129,-24.154825160521934,26.687542942267786,21.708984375,14.677734375,-18.193359375,-15.029296875,-22.587890625,28.30078125,-30.76171875,-21.97265625,26.3671875,-21.97265625,-26.3671875,-52.734375,20.8,16.8,-19.2,6.4,11.3,10.5
5.59890433397959,5.601890124991769,17.675302633897356,11.783535089264905,-14.729418861581134,-16.16008356414232,-24.24012534621348,26.512953950846036,21.62109375,14.58984375,-18.10546875,-15.029296875,-22.587890625,28.125,-30.76171875,-21.97265625,26.3671875,-21.97265625,-26.3671875,-52.734375,20.8,16.8,-19.2,6.4,12.1,8.7
5.601904583978467,5.604856624995591,17.56086835155632,11.707245567704213,-14.634056959630268,-16.215437126931548,-24.323155690397325,26.341302527334477,21.533203125,14.501953125,-18.017578125,-15.1171875,-22.67578125,27.94921875,-30.76171875,-21.97265625,26.3671875,-21.97265625,-26.3671875,-52.734375,20.9,16.8,-19.4,6.4,11.2,7.9
5.604871458985144,5.607991541997762,17.447323487285228,11.631548991523486,-14.539436239404358,-16.269820775220268,-24.4047311628304,26.170985230927844,21.357421875,14.501953125,-17.9296875,-15.1171875,-22.8515625,27.861328125,-30.76171875,-21.97265625,26.3671875,-21.97265625,-26.3671875,-52.734375,20.1,17.6,-19.4,7.2,11.2,8.7
5.608005666988902,5.611903499986511,17.326963098127056,11.551308732084705,-14.439135915105883,-16.326887841106267,-24.490331761659398,25.990444647190586,21.26953125,14.4140625,-17.841796875,-15.205078125,-22.8515625,27.59765625,-30.76171875,-21.97265625,26.3671875,-17.578125,-26.3671875,-52.734375,20.1,16.8,-19.4,6.4,12.0,9.7
5.6119349589862395,5.615900000004331,17.175476819587484,11.45031787972499,-14.31289734965624,-16.397872436790394,-24.596808655185594,25.763215229381228,21.181640625,14.326171875,-17.75390625,-15.29296875,-23.02734375,27.333984375,-30.76171875,-21.97265625,26.3671875,-17.578125,-26.3671875,-52.734375,20.9,16.8,-19.4,7.2,10.3,8.9
5.615918249997776,5.6189427499775775,17.021240892422394,11.347493928281596,-14.184367410351998,-16.469194927124164,-24.703792390686246,25.53186133863359,21.005859375,14.23828125,-17.578125,-15.380859375,-23.115234375,27.158203125,-30.76171875,-21.97265625,26.3671875,-17.578125,-26.3671875,-57.12890625,20.1,17.6,-18.6,7.2,11.1,10.5
5.618960166990291,5.621921249985462,16.903006579454683,11.268671052969788,-14.085838816212238,-16.523227671976223,-24.784841507964334,25.35450986918202,20.91796875,14.150390625,-17.578125,-15.46875,-23.203125,27.0703125,-30.76171875,-21.97265625,26.3671875,-17.578125,-26.3671875,-57.12890625,20.9,16.8,-19.4,6.4,11.1,11.3
5.621938416996272,5.625004250003258,16.786872990393423,11.191248660262282,-13.989060825327856,-16.575764037418534,-24.863646056127802,25.180309485590136,20.830078125,14.150390625,-17.490234375,-15.46875,-23.291015625,26.89453125,-30.76171875,-21.97265625,26.3671875,-17.578125,-26.3671875,-57.12890625,20.8,17.6,-19.2,6.4,10.4,11.3
5.625021749990992,5.628893958986737,16.666254770922087,11.110836513948058,-13.888545642435075,-16.629771855329782,-24.944657782994675,24.999382156383135,20.7421875,13.974609375,-17.40234375,-15.556640625,-23.37890625,26.71875,-30.76171875,-21.97265625,26.3671875,-17.578125,-26.3671875,-57.12890625,20.8,16.8,-19.2,6.4,10.4,12.1
5.6289257500029635,5.632034541980829,16.512972011505443,11.008648007670295,-13.760810009587873,-16.697594708317027,-25.04639206247554,24.769458017258167,20.56640625,13.974609375,-17.2265625,-15.64453125,-23.466796875,26.455078125,-35.15625,-21.97265625,30.76171875,-17.578125,-30.76171875,-57.12890625,20.8,17.6,-19.2,6.4,11.2,11.3
5.632054624991724,5.63585449999664,16.38967442550881,10.926449617005874,-13.658062021257344,-16.75149840363638,-25.12724760545457,24.584511638263216,20.478515625,13.88671875,-17.2265625,-15.732421875,-23.5546875,26.279296875,-35.15625,-21.97265625,30.76171875,-17.578125,-30.76171875,-57.12890625,20.8,17.7,-20.0,5.6,10.4,10.5
5.635872916987864,5.638942124991445,16.23867335961886,10.825782239745907,-13.532227799682387,-16.816730921840964,-25.22509638276145,24.35801003942829,20.302734375,13.798828125,-17.05078125,-15.8203125,-23.642578125,26.015625,-35.15625,-21.97265625,30.76171875,-17.578125,-30.76171875,-52.734375,20.8,17.7,-19.2,6.4,10.4,10.5
5.63895983400289,5.642912166978931,16.116168515828694,10.744112343885796,-13.430140429857248,-16.869026348368802,-25.3035395225532,24.174252773743042,20.21484375,13.7109375,-16.962890625,-15.8203125,-23.818359375,25.83984375,-35.15625,-21.97265625,30.76171875,-17.578125,-30.76171875,-52.734375,20.8,17.7,-19.2,6.4,10.4,10.3
5.642931249982212,5.646014833997469,15.958005243533908,10.63867016235594,-13.298337702944925,-16.935722517111497,-25.403583775667247,23.937007865300863,20.126953125,13.623046875,-16.875,-15.908203125,-23.90625,25.576171875,-35.15625,-21.97265625,30.76171875,-17.578125,-30.76171875,-52.734375,20.9,17.7,-20.1,5.6,9.6,10.3
5.646032833989011,5.649889458989492,15.834051182379076,10.556034121586052,-13.195042651982567,-16.9873524606959,-25.48102869104385,23.751076773568613,20.0390625,13.53515625,-16.787109375,-15.908203125,-23.994140625,25.48828125,-30.76171875,-21.97265625,26.3671875,-17.578125,-30.76171875,-52.734375,21.7,17.7,-20.1,7.2,10.4,11.1
5.649906999984523,5.653066958999261,15.678693488897549,10.4524623259317,-13.065577907414628,-17.051276530658296,-25.576914795987445,23.518040233346323,19.86328125,13.447265625,-16.611328125,-15.99609375,-24.08203125,25.224609375,-30.76171875,-21.97265625,26.3671875,-21.97265625,-26.3671875,-52.734375,20.9,17.7,-19.3,6.4,9.6,11.3
5.6530884169915225,5.6568811670003925,15.550681241121413,10.367120827414276,-12.958901034267848,-17.10329809568298,-25.654947143524474,23.326021861682122,19.775390625,13.359375,-16.611328125,-16.083984375,-24.08203125,25.048828125,-30.76171875,-21.97265625,26.3671875,-21.97265625,-26.3671875,-52.734375,21.7,17.6,-20.1,5.6,11.2,11.3
5.656900792004308,5.659994541987544,15.396769578722731,10.26451305248182,-12.830641315602278,-17.165074185549862,-25.747611278324793,23.095154368084096,19.599609375,13.271484375,-16.435546875,-16.171875,-24.169921875,24.78515625,-30.76171875,-21.97265625,26.3671875,-21.97265625,-26.3671875,-61.5234375,20.9,17.6,-20.1,6.4,10.4,11.3
5.660013208980672,5.663862583984155,15.270706692990307,10.180471128660205,-12.725588910825259,-17.2150517744942,-25.822577661741303,22.90606003948546,19.599609375,13.18359375,-16.435546875,-16.171875,-24.2578125,24.609375,-30.76171875,-21.97265625,26.3671875,-21.97265625,-26.3671875,-61.5234375,22.6,17.6,-20.9,6.4,11.2,11.1
5.663879291998455,5.66697291698074,15.113609973042436,10.075739982028292,-12.594674977535366,-17.27655821668646,-25.914837325029694,22.670414959563654,19.423828125,13.095703125,-16.259765625,-16.259765625,-24.43359375,24.345703125,-30.76171875,-21.97265625,26.3671875,-21.97265625,-26.3671875,-61.5234375,21.8,17.6,-20.1,5.6,10.4,10.3
5.666988374985522,5.670902374986326,14.986869012563583,9.991246008375722,-12.489057510469655,-17.325559246388448,-25.98833886958267,22.480303518845375,19.3359375,13.0078125,-16.171875,-16.34765625,-24.521484375,24.169921875,-35.15625,-21.97265625,30.76171875,-17.578125,-26.3671875,-61.5234375,22.6,17.6,-20.1,6.4,10.4,10.3
5.67091695900308,5.674006958986865,14.826210493510699,9.884140329007133,-12.35517541125892,-17.386884998656164,-26.080327497984246,22.239315740266047,19.16015625,12.919921875,-15.99609375,-16.34765625,-24.521484375,23.90625,-35.15625,-21.97265625,30.76171875,-17.578125,-26.3671875,-61.5234375,21.8,17.6,-20.1,6.4,11.3,10.4
5.674023458996089,5.677881916984916,14.698770862877685,9.79918057525179,-12.24897571906474,-17.434909235599935,-26.152363853399905,22.048156294316527,19.072265625,12.83203125,-15.908203125,-16.435546875,-24.609375,23.73046875,-35.15625,-21.97265625,30.76171875,-17.578125,-26.3671875,-61.5234375,21.8,17.6,-20.1,5.6,11.3,10.4
5.677896916982718,5.680975625000428,14.539377972888891,9.692918648592595,-12.116148310740746,-17.494208415123158,-26.241312622684738,21.809066959333336,18.984375,12.744140625,-15.8203125,-16.5234375,-24.697265625,23.466796875,-35.15625,-21.97265625,30.76171875,-17.578125,-26.3671875,-61.5234375,22.6,17.6,-20.1,5.6,11.3,9.5
5.680990499997279,5.6848907499806955,14.411690069521034,9.60779337968069,-12.009741724600865,-17.541103339680888,-26.311655009521328,21.61753510428155,18.80859375,12.744140625,-15.732421875,-16.5234375,-24.697265625,23.291015625,-35.15625,-26.3671875,30.76171875,-17.578125,-26.3671875,-61.5234375,22.4,18.4,-20.0,5.6,12.1,9.5
5.684908666997217,5.688015916995937,14.249479312329163,9.49965287488611,-11.874566093607639,-17.59990327407137,-26.399854911107052,21.374218968493743,18.720703125,12.568359375,-15.556640625,-16.611328125,-24.873046875,23.02734375,-35.15625,-26.3671875,30.76171875,-17.578125,-26.3671875,-61.5234375,22.4,18.4,-20.0,6.4,10.5,9.5
5.688033166981768,5.691863999993075,14.119738962376875,9.41315930825125,-11.766449135314065,-17.646314964815822,-26.469472447223733,21.17960844356531,18.544921875,12.48046875,-15.46875,-16.69921875,-24.873046875,22.939453125,-35.15625,-26.3671875,30.76171875,-17.578125,-17.578125,-61.5234375,22.4,17.6,-20.0,5.6,10.5,11.4
5.691883583989693,5.694946333998814,13.959388466034138,9.306258977356093,-11.632823721695118,-17.70292472577283,-26.55438708865925,20.93908269905121,18.45703125,12.392578125,-15.380859375,-16.69921875,-24.9609375,22.67578125,-35.15625,-26.3671875,30.76171875,-17.578125,-17.578125,-61.5234375,22.4,18.5,-20.0,5.6,11.0,11.4
5.69496487500146,5.698892291984521,13.83070008532146,9.22046672354764,-11.525583404434553,-17.747760236152352,-26.62164035422853,20.74605012798219,18.369140625,12.3046875,-15.29296875,-16.787109375,-25.048828125,22.412109375,-35.15625,-26.3671875,30.76171875,-17.578125,-17.578125,-61.5234375,23.2,17.7,-20.8,5.6,11.0,11.4
5.698922583978856,5.702004666993162,13.66493367906451,9.109955786043006,-11.387444732553762,-17.80473829002666,-26.70710743503999,20.497400518596766,18.193359375,12.216796875,-15.205078125,-16.875,-25.13671875,22.236328125,-35.15625,-26.3671875,30.76171875,-17.578125,-17.578125,-61.5234375,22.4,18.5,-20.8,4.8,11.0,11.3
5.702022249985021,5.70587995898677,13.534736808620302,9.023157872413535,-11.27894734051692,-17.848882934500455,-26.773324401750685,20.302105212930453,18.017578125,12.12890625,-15.1171875,-16.875,-25.13671875,22.060546875,-35.15625,-26.3671875,30.76171875,-17.578125,-17.578125,-61.5234375,22.4,18.5,-20.8,6.4,12.2,9.7
5.705899541993858,5.709870958991814,13.371425572706626,8.914283715137751,-11.142854643922192,-17.903506523751986,-26.855259785627975,20.057138359059937,17.9296875,12.041015625,-14.94140625,-16.962890625,-25.224609375,21.796875,-35.15625,-26.3671875,26.3671875,-17.578125,-17.578125,-61.5234375,22.4,18.5,-20.8,5.6,12.2,8.9
5.709889166988432,5.712885999993887,13.202865188260139,8.801910125506758,-11.002387656883451,-17.959019409269025,-26.938529113903538,19.804297782390208,17.75390625,11.953125,-14.853515625,-16.962890625,-25.3125,21.62109375,-35.15625,-26.3671875,26.3671875,-13.18359375,-21.97265625,-61.5234375,22.4,18.5,-20.8,5.6,12.2,10.1
5.712903209001524,5.715878291986883,13.075178679298059,8.716785786198706,-10.895982232748386,-18.000490147702205,-27.00073522155331,19.61276801894709,17.666015625,11.865234375,-14.765625,-17.05078125,-25.400390625,21.4453125,-35.15625,-26.3671875,26.3671875,-13.18359375,-21.97265625,-61.5234375,23.2,18.4,-20.8,5.6,11.1,10.9
5.7159005839785095,5.718883333989652,12.94790759258374,8.631938395055826,-10.789922993819784,-18.041331423815734,-27.0619971357236,19.42186138887561,17.578125,11.865234375,-14.677734375,-17.05078125,-25.48828125,21.181640625,-35.15625,-26.3671875,26.3671875,-13.18359375,-21.97265625,-57.12890625,23.2,19.2,-20.8,5.6,11.1,10.1
5.718969416979235,5.722943542001303,12.817304989438995,8.54486999295933,-10.681087491199165,-18.082732006072067,-27.124098009108103,19.225957484158492,17.40234375,11.77734375,-14.58984375,-17.138671875,-25.576171875,21.005859375,-35.15625,-21.97265625,26.3671875,-13.18359375,-21.97265625,-57.12890625,22.4,19.2,-20.8,5.6,10.3,11.4
5.7229807499970775,5.726914708997356,12.64614308850383,8.430762059002554,-10.538452573753194,-18.13621380289952,-27.20432070434928,18.969214632755744,17.314453125,11.6015625,-14.4140625,-17.2265625,-25.6640625,20.830078125,-35.15625,-21.97265625,26.3671875,-13.18359375,-21.97265625,-57.12890625,23.3,18.4,-20.8,5.6,11.1,11.4
5.726937250001356,5.729826791997766,12.47682902574686,8.317886017164573,-10.397357521455719,-18.18825918567959,-27.282388778519387,18.71524353862029,17.138671875,11.513671875,-14.23828125,-17.2265625,-25.751953125,20.56640625,-39.55078125,-21.97265625,35.15625,-13.18359375,-21.97265625,-57.12890625,23.3,18.4,-20.0,5.6,11.1,11.4
5.729848458984634,5.732814624992898,12.351938923327905,8.23462594888527,-10.293282436106589,-18.226105878161285,-27.339158817241927,18.527908384991857,17.05078125,11.42578125,-14.150390625,-17.314453125,-25.83984375,20.390625,-39.55078125,-21.97265625,35.15625,-13.18359375,-21.97265625,-57.12890625,23.3,18.4,-20.8,4.8,10.3,12.0
5.732843541976763,5.735800583992386,12.223181106391742,8.14878740426116,-10.185984255326455,-18.264645187907554,-27.396967781861335,18.334771659587613,16.875,11.337890625,-14.0625,-17.314453125,-25.927734375,20.21484375,-39.55078125,-21.97265625,35.15625,-13.18359375,-21.97265625,-57.12890625,22.5,18.4,-20.8,5.6,9.6,12.0
5.735831416997826,5.738802666979609,12.094463585905396,8.06297572393693,-10.078719654921166,-18.302688941114738,-27.454033411672107,18.141695378858092,16.787109375,11.337890625,-14.0625,-17.40234375,-25.927734375,20.0390625,-39.55078125,-21.97265625,35.15625,-13.18359375,-21.97265625,-61.5234375,23.3,19.2,-21.6,4.8,10.4,12.0
5.738830708985915,5.7418203339912,11.964986287782468,7.976657525188312,-9.970821906485392,-18.340472587309648,-27.510708880964472,17.947479431673703,16.611328125,11.25,-13.88671875,-17.40234375,-26.015625,19.775390625,-39.55078125,-26.3671875,35.15625,-13.18359375,-21.97265625,-61.5234375,22.5,19.2,-20.8,5.6,10.4,12.1
5.741844542004401,5.744819999992615,11.834613758079605,7.889742505386403,-9.862178131733007,-18.378029361133883,-27.567044041700825,17.751920637119408,16.5234375,11.162109375,-13.798828125,-17.40234375,-26.103515625,19.599609375,-39.55078125,-26.3671875,35.15625,-13.18359375,-21.97265625,-61.5234375,23.2,19.2,-20.8,5.6,9.5,12.1
5.74484637498972,5.74782616700395,11.704496669172293,7.802997779448195,-9.753747224310247,-18.415027169513667,-27.6225407542705,17.55674500375844,16.435546875,11.07421875,-13.7109375,-17.490234375,-26.103515625,19.423828125,-39.55078125,-26.3671875,30.76171875,-13.18359375,-21.97265625,-61.5234375,23.2,19.2,-20.8,5.6,10.3,12.9
5.747855916997651,5.75083129198174,11.573784190649652,7.7158561270997685,-9.644820158874714,-18.45170897846313,-27.6775634676947,17.360676285974478,16.259765625,10.986328125,-13.623046875,-17.490234375,-26.19140625,19.248046875,-39.55078125,-26.3671875,30.76171875,-13.18359375,-21.97265625,-61.5234375,22.4,19.2,-21.6,5.6,10.3,12.9
5.750864166999236,5.75481758400565,11.442869341959023,7.628579561306015,-9.535724451632523,-18.487962945571482,-27.731944418357223,17.164304012938533,16.171875,10.8984375,-13.53515625,-17.578125,-26.279296875,18.984375,-39.55078125,-26.3671875,30.76171875,-13.18359375,-21.97265625,-61.5234375,23.2,19.3,-21.6,5.6,9.6,11.3
5.754853458987782,5.757910041982541,11.26886732302505,7.512578215350033,-9.390722769187544,-18.535403112914704,-27.803104669372054,16.903300984537573,15.99609375,10.810546875,-13.359375,-17.578125,-26.279296875,18.6328125,-39.55078125,-26.3671875,30.76171875,-13.18359375,-21.97265625,-70.3125,23.2,19.3,-20.8,5.6,11.2,10.5
5.757943749980768,5.761777874984546,11.133772762804563,7.422515175203042,-9.278143969003805,-18.57165228174059,-27.85747842261089,16.700659144206842,15.908203125,10.72265625,-13.359375,-17.666015625,-26.3671875,18.45703125,-39.55078125,-26.3671875,30.76171875,-13.18359375,-21.97265625,-70.3125,23.2,19.3,-21.6,4.8,10.4,10.1
5.761809291987447,5.764756416989258,10.964418528545671,7.309612352363781,-9.137015440454729,-18.616379005009833,-27.924568507514746,16.446627792818507,15.8203125,10.634765625,-13.18359375,-17.666015625,-26.455078125,18.193359375,-39.55078125,-26.3671875,30.76171875,-13.18359375,-21.97265625,-70.3125,24.0,19.3,-21.7,5.6,10.4,10.1
5.7648399169847835,5.767856333986856,10.831360033390812,7.220906688927208,-9.026133361159012,-18.650965299142193,-27.976447948713293,16.247040050086216,15.64453125,10.546875,-13.095703125,-17.75390625,-26.455078125,18.017578125,-35.15625,-26.3671875,30.76171875,-13.18359375,-21.97265625,-70.3125,24.0,19.3,-21.7,4.8,11.2,10.1
5.767878708982607,5.770944666990545,10.697696515479427,7.1317976769862845,-8.914747096232858,-18.685220413324885,-28.027830619987327,16.04654477321914,15.46875,10.458984375,-12.919921875,-17.75390625,-26.54296875,17.841796875,-35.15625,-26.3671875,30.76171875,-13.18359375,-17.578125,-70.3125,23.2,19.3,-20.9,5.6,10.4,11.3
5.770965709001757,5.774919791991124,10.561662975258312,7.041108650172207,-8.801385812715264,-18.719583034257738,-28.079374551386604,15.842494462887467,15.380859375,10.37109375,-12.919921875,-17.75390625,-26.54296875,17.578125,-35.15625,-26.3671875,30.76171875,-13.18359375,-17.578125,-70.3125,23.2,19.2,-22.5,5.6,10.5,10.5
5.774949333979748,5.778915041999426,10.385751686265943,6.923834457510628,-8.654793071888287,-18.763275737594128,-28.144913606391196,15.578627529398913,15.205078125,10.283203125,-12.744140625,-17.841796875,-26.630859375,17.314453125,-35.15625,-26.3671875,30.76171875,-13.18359375,-17.578125,-65.91796875,23.2,19.2,-21.7,5.6,10.5,10.5
5.778942874982022,5.781842500000494,10.208994344051534,6.80599622936769,-8.507495286709615,-18.80633976418146,-28.20950964627219,15.313491516077303,15.029296875,10.107421875,-12.568359375,-17.9296875,-26.71875,17.05078125,-35.15625,-30.76171875,30.76171875,-13.18359375,-17.578125,-65.91796875,23.2,19.2,-21.6,4.8,10.5,10.4
5.781865291995928,5.784865875000833,10.079390860411504,6.719593906941003,-8.399492383676256,-18.83738457763713,-28.2560768664557,15.119086290617256,14.94140625,10.107421875,-12.48046875,-17.9296875,-26.806640625,16.962890625,-35.15625,-30.76171875,30.76171875,-13.18359375,-17.578125,-65.91796875,23.2,20.0,-21.6,4.8,10.4,11.2
5.784900750004454,5.787886124977376,9.944549382714493,6.629699588476329,-8.287124485595413,-18.869209929579903,-28.303814894369854,14.916824074071739,14.853515625,10.01953125,-12.392578125,-18.017578125,-26.806640625,16.69921875,-39.55078125,-30.76171875,35.15625,-13.18359375,-17.578125,-65.91796875,24.0,20.0,-21.6,4.8,10.4,11.2
5.787912708998192,5.7908592089952435,9.810528306423286,6.540352204282191,-8.175440255352742,-18.900364891819976,-28.35054733772996,14.715792459634928,14.677734375,9.931640625,-12.3046875,-18.017578125,-26.89453125,16.5234375,-39.55078125,-30.76171875,35.15625,-13.18359375,-17.578125,-65.91796875,23.2,20.0,-21.6,4.8,9.6,11.3
5.790885291993618,5.793779458996141,9.67804399310849,6.452029328738994,-8.065036660923745,-18.930697756318754,-28.39604663447813,14.517065989662736,14.58984375,9.84375,-12.216796875,-18.017578125,-26.89453125,16.259765625,-39.55078125,-30.76171875,35.15625,-13.18359375,-17.578125,-65.91796875,24.0,20.1,-21.6,5.6,10.4,11.3
5.793802917003632,5.796772542002145,9.547803881042016,6.365202587361344,-7.956503234201683,-18.960068460368188,-28.44010269055228,14.321705821563024,14.4140625,9.755859375,-12.12890625,-18.10546875,-26.982421875,16.171875,-39.55078125,-30.76171875,35.15625,-13.18359375,-17.578125,-61.5234375,23.2,19.3,-22.4,4.8,10.4,11.3
5.796800249983789,5.80756362498505,9.413796871050318,6.275864580700212,-7.844830725875268,-18.9898268492557,-28.484740273883546,14.120695306575477,14.23828125,9.580078125,-11.953125,-18.10546875,-27.0703125,15.8203125,-39.55078125,-30.76171875,35.15625,-13.18359375,-17.578125,-61.5234375,23.2,19.3,-22.5,5.6,10.4,11.1
5.8076119589968584,5.810875124996528,8.928706445298042,5.952470963532028,-7.440588704415038,-19.093666212341414,-28.64049931851212,13.393059667947064,13.88671875,9.31640625,-11.6015625,-18.28125,-27.24609375,15.205078125,-43.9453125,-26.3671875,30.76171875,-8.7890625,-13.18359375,-61.5234375,24.0,19.3,-21.7,4.0,8.8,6.7
5.810909458989045,5.8138642919948325,8.78023811404882,5.853492076032547,-7.316865095040686,-19.124241959247016,-28.686362938870527,13.170357171073231,13.798828125,9.228515625,-11.513671875,-18.28125,-27.24609375,15.029296875,-43.9453125,-26.3671875,30.76171875,-8.7890625,-13.18359375,-61.5234375,24.0,19.1,-21.7,4.0,8.6,5.1
5.813887917000102,5.816940833989065,8.645931899995816,5.763954599997211,-7.204943249996516,-19.15141841663878,-28.727127624958168,12.968897849993724,13.623046875,9.140625,-11.42578125,-18.28125,-27.24609375,14.853515625,-43.9453125,-26.3671875,30.76171875,-8.7890625,-13.18359375,-61.5234375,23.2,19.1,-21.7,4.8,9.4,5.1
5.816964666999411,5.820861624990357,8.506994765064896,5.671329843376597,-7.089162304220749,-19.179051535663227,-28.76857730349484,12.760492147597343,13.53515625,9.052734375,-11.337890625,-18.28125,-27.24609375,14.765625,-43.9453125,-26.3671875,30.76171875,-8.7890625,-13.18359375,-61.5234375,24.0,19.1,-22.5,5.6,11.0,6.3
5.820879666978726,5.823964583978523,8.329917832812038,5.553278555208026,-6.941598194010036,-19.213565449657352,-28.820348174486025,12.494876749218058,13.359375,8.96484375,-11.162109375,-18.28125,-27.333984375,14.58984375,-43.9453125,-30.76171875,30.76171875,-8.7890625,-13.18359375,-61.5234375,24.1,19.1,-21.5,5.8,10.6,7.9
5.823980624991236,5.827784083987353,8.189436417790589,5.459624278527059,-6.824530348158827,-19.240387281375547,-28.86058092206332,12.284154626685883,13.271484375,8.876953125,-11.07421875,-18.369140625,-27.333984375,14.501953125,-43.9453125,-30.76171875,30.76171875,-8.7890625,-13.18359375,-61.5234375,24.1,19.1,-21.5,5.0,10.6,10.3
5.8278026249899995,5.830859666981269,8.016022963954734,5.344015309303156,-6.680019136628948,-19.272817655286772,-28.90922648293016,12.024034445932102,13.095703125,8.7890625,-10.8984375,-18.369140625,-27.421875,14.4140625,-35.15625,-30.76171875,35.15625,-8.7890625,-13.18359375,-61.5234375,24.1,19.1,-21.5,5.8,10.6,14.4
5.830878584005404,5.833906874991953,7.876249081398269,5.250832720932179,-6.563540901165227,-19.298413295833107,-28.947619943749658,11.814373622097403,13.0078125,8.701171875,-10.810546875,-18.45703125,-27.421875,14.150390625,-35.15625,-30.76171875,35.15625,-8.7890625,-13.18359375,-61.5234375,24.1,19.2,-21.5,4.8,10.4,15.2
5.833925916987937,5.836886791978031,7.737594662441724,5.158396441627816,-6.447995552034773,-19.3233264773693,-28.98498971605395,11.606391993662585,12.919921875,8.61328125,-10.72265625,-18.45703125,-27.421875,14.0625,-35.15625,-30.76171875,35.15625,-8.7890625,-13.18359375,-39.55078125,24.9,19.2,-21.5,4.8,11.2,16.8
5.83690383398789,5.840831084002275,7.6019273864788515,5.067951590985901,-6.334939488732378,-19.347244420625472,-29.020866630938208,11.402891079718277,12.83203125,8.525390625,-10.546875,-18.45703125,-27.509765625,13.798828125,-35.15625,-30.76171875,35.15625,-8.7890625,-13.18359375,-39.55078125,24.9,19.2,-21.5,5.6,10.4,16.4
5.8408623339782935,5.843847666983493,7.421329922499115,4.947553281666077,-6.1844416020826,-19.37838271180222,-29.067574067703333,11.131994883748673,12.65625,8.349609375,-10.458984375,-18.544921875,-27.509765625,13.53515625,-35.15625,-26.3671875,35.15625,-8.7890625,-13.18359375,-39.55078125,24.9,19.2,-21.7,4.8,11.3,16.4
5.843877124978462,5.84678762499243,7.283594159805568,4.8557294398703785,-6.069661799837976,-19.401595078930395,-29.10239261839559,10.925391239708352,12.568359375,8.26171875,-10.37109375,-18.544921875,-27.509765625,13.271484375,-35.15625,-26.3671875,35.15625,-8.7890625,-13.18359375,-39.55078125,25.7,19.2,-22.5,4.8,11.3,16.4
5.846812874980969,5.849781166994944,7.149312516256325,4.766208344170884,-5.957760430213608,-19.423780734449096,-29.13567110167364,10.723968774384488,12.48046875,8.173828125,-10.283203125,-18.6328125,-27.59765625,13.0078125,-35.15625,-26.3671875,35.15625,-13.18359375,-8.7890625,-39.55078125,25.7,19.2,-22.5,4.0,11.3,15.1
5.849796916998457,5.852750999998534,7.012666198619209,4.675110799079473,-5.843888498849344,-19.445908027560208,-29.168862041340308,10.518999297928813,12.3046875,8.0859375,-10.1953125,-18.6328125,-27.59765625,12.744140625,-35.15625,-26.3671875,35.15625,-13.18359375,-8.7890625,-39.55078125,25.7,19.2,-22.5,4.8,11.2,15.1
5.852778708998812,5.8556974999955855,6.875969013099216,4.583979342066144,-5.729974177582683,-19.46759187448491,-29.20138781172736,10.313953519648823,12.216796875,7.998046875,-10.107421875,-18.6328125,-27.59765625,12.392578125,-35.15625,-26.3671875,35.15625,-13.18359375,-8.7890625,-87.890625,25.7,19.2,-22.5,4.8,11.2,13.5
5.855723041982856,5.858776791981654,6.740841072044588,4.493894048029725,-5.6173675600371595,-19.488584255534903,-29.232876383302358,10.111261608066881,12.041015625,7.91015625,-9.931640625,-18.720703125,-27.59765625,12.12890625,-35.15625,-26.3671875,35.15625,-13.18359375,-8.7890625,-87.890625,25.7,19.2,-22.5,4.0,12.0,13.5
5.858802208997076,5.86175258399453,6.599370829214781,4.399580552809854,-5.4994756910123215,-19.510092028469195,-29.265138042703796,9.899056243822171,11.953125,7.822265625,-9.84375,-18.720703125,-27.685546875,11.865234375,-35.15625,-30.76171875,35.15625,-13.18359375,-8.7890625,-87.890625,25.7,19.2,-22.4,4.0,11.2,12.6
5.861777874990366,5.864814542001113,6.462509146340879,4.30833943089392,-5.385424288617402,-19.530443193850072,-29.29566479077511,9.693763719511319,11.77734375,7.734375,-9.755859375,-18.720703125,-27.685546875,11.689453125,-35.15625,-30.76171875,35.15625,-13.18359375,-8.7890625,-87.890625,25.7,19.2,-22.4,4.8,12.1,12.6
5.864854458981426,5.86785566699109,6.3208574585908694,4.213904972393913,-5.267381215492394,-19.55103590308283,-29.326553854624244,9.481286187886305,11.689453125,7.646484375,-9.580078125,-18.80859375,-27.685546875,11.42578125,-43.9453125,-30.76171875,35.15625,-8.7890625,-8.7890625,-87.890625,25.7,19.2,-22.4,4.0,12.1,12.6
5.867886208987329,5.870839124982012,6.181125584469779,4.120750389646519,-5.150937987058152,-19.570881845901273,-29.35632276885191,9.271688376704668,11.513671875,7.55859375,-9.4921875,-18.80859375,-27.7734375,11.162109375,-43.9453125,-30.76171875,35.15625,-8.7890625,-8.7890625,-87.890625,25.7,19.2,-22.4,4.0,11.3,11.7
5.870865874981973,5.873852999997325,6.043657628624819,4.02910508574988,-5.036381357187352,-19.58995436972696,-29.38493155459044,9.065486442937228,11.42578125,7.470703125,-9.404296875,-18.80859375,-27.7734375,10.8984375,-43.9453125,-30.76171875,35.15625,-8.7890625,-8.7890625,-87.890625,25.7,19.2,-22.4,4.0,12.0,10.9
5.873883874999592,5.87692383400281,5.904286170463977,3.9361907803093183,-4.92023847538665,-19.608834798146674,-29.41325219722001,8.856429255695966,11.337890625,7.3828125,-9.31640625,-18.80859375,-27.7734375,10.634765625,-43.9453125,-30.76171875,35.15625,-8.7890625,-8.7890625,-83.49609375,26.5,19.2,-23.2,4.8,12.0,10.9
5.876967374992091,5.880825208994793,5.761752899148284,3.84116859943219,-4.80146074929024,-19.627669851277204,-29.441504776915806,8.642629348722426,11.25,7.294921875,-9.228515625,-18.80859375,-27.861328125,10.458984375,-43.9453125,-30.76171875,35.15625,-8.7890625,-8.7890625,-83.49609375,26.5,19.2,-23.2,4.8,11.2,11.2
5.880858166987309,5.884811958996579,5.581710482178136,3.7211403214520904,-4.651425401815117,-19.650778984764536,-29.4761684771468,8.372565723267204,10.986328125,7.119140625,-9.052734375,-18.80859375,-27.94921875,10.1953125,-43.9453125,-30.76171875,35.15625,-8.7890625,-8.7890625,-83.49609375,25.6,18.4,-22.4,4.8,11.1,11.2
5.8848257919889875,5.887867083976744,5.39789803748099,3.5985986916539936,-4.498248364567495,-19.673588575967177,-29.510382863950763,8.096847056221485,10.8984375,7.03125,-8.96484375,-18.896484375,-27.94921875,9.931640625,-39.55078125,-30.76171875,35.15625,0.0,-8.7890625,-83.49609375,26.4,18.4,-23.2,4.8,11.1,11.2
5.887890208978206,5.890939208999043,5.255785610424388,3.503857073616259,-4.3798213420203265,-19.69068271055296,-29.53602406582944,7.883678415636583,10.72265625,6.943359375,-8.7890625,-18.896484375,-28.037109375,9.66796875,-39.55078125,-30.76171875,35.15625,0.0,-13.18359375,-83.49609375,26.4,18.4,-22.4,4.8,10.3,11.2
5.890960791992256,5.89477795897983,5.1132650892377445,3.408843392825163,-4.261054241031457,-19.707353620493855,-29.561030430740782,7.669897633856618,10.634765625,6.85546875,-8.701171875,-18.896484375,-28.125,9.4921875,-39.55078125,-30.76171875,35.15625,0.0,-13.18359375,-83.49609375,26.4,19.1,-23.2,4.8,10.4,11.2
5.894790541991824,5.897847624990391,4.935341656691458,3.2902277711276384,-4.1127847139095515,-19.727503674162637,-29.591255511243958,7.403012485037187,10.458984375,6.767578125,-8.525390625,-18.984375,-28.125,9.228515625,-39.55078125,-30.76171875,35.15625,0.0,-13.18359375,-70.3125,26.4,19.1,-22.4,4.0,10.4,12.0
5.897872749977978,5.90185687498888,4.792017689026428,3.194678459350952,-3.9933480741886935,-19.743202109621404,-29.614803164432104,7.188026533539642,10.283203125,6.591796875,-8.4375,-18.984375,-28.212890625,9.052734375,-39.55078125,-30.76171875,35.15625,0.0,-13.18359375,-70.3125,26.4,18.3,-23.3,4.0,9.6,12.0
5.901880374993198,5.905803166999249,4.605493966210923,3.070329310807282,-3.837911638509106,-19.76292179621216,-29.644382694318242,6.908240949316385,10.107421875,6.50390625,-8.349609375,-18.984375,-28.212890625,8.7890625,-39.55078125,-30.76171875,35.15625,0.0,-13.18359375,-70.3125,26.5,19.1,-23.3,4.8,10.3,12.0
5.905833583994536,5.909821499983082,4.4213240416633,2.947549361108867,-3.684436701386087,-19.78160642525846,-29.672409637887686,6.63198606249495,9.931640625,6.416015625,-8.173828125,-19.072265625,-28.30078125,8.525390625,-43.9453125,-30.76171875,35.15625,-8.7890625,-13.18359375,-70.3125,26.5,19.1,-23.3,4.0,9.5,11.2
5.909855791978771,5.913919624988921,4.233764696862822,2.8225097979085483,-3.5281372473856885,-19.799834303365024,-29.699751455047533,6.350647045294234,9.755859375,6.240234375,-7.998046875,-19.072265625,-28.30078125,8.173828125,-43.9453125,-30.76171875,35.15625,-8.7890625,-13.18359375,-70.3125,26.5,18.4,-23.3,4.0,10.4,11.2
5.913955625001108,5.91782949998742,4.042411746312317,2.6949411642082115,-3.3686764552602675,-19.81760056418173,-29.726400846272597,6.063617619468476,9.580078125,6.15234375,-7.91015625,-19.072265625,-28.388671875,7.91015625,-43.9453125,-30.76171875,35.15625,-8.7890625,-13.18359375,-65.91796875,26.5,19.2,-24.1,4.0,9.6,11.2
5.917878334003035,5.921818999981042,3.8591687157019123,2.5727791438012746,-3.215973929751596,-19.833829874162507,-29.750744811243763,5.7887530735528685,9.4921875,5.9765625,-7.734375,-19.16015625,-28.388671875,7.646484375,-43.9453125,-30.76171875,35.15625,-8.7890625,-13.18359375,-65.91796875,27.3,18.4,-23.2,3.2,9.6,11.2
5.92185016698204,5.924830916977953,3.6734816809219795,2.4489877872813195,-3.0612347341016526,-19.849495177906842,-29.77424276686026,5.510222521382969,9.228515625,5.888671875,-7.646484375,-19.16015625,-28.388671875,7.3828125,-43.9453125,-30.76171875,35.15625,-8.7890625,-13.18359375,-65.91796875,26.4,18.4,-24.0,4.0,9.5,11.2
5.9248669169901405,5.928875624987995,3.5323497653313134,2.3548998435542092,-2.943624804442764,-19.860877289959483,-29.791315934939227,5.29852464799697,9.140625,5.80078125,-7.470703125,-19.16015625,-28.388671875,7.20703125,-43.9453125,-30.76171875,35.15625,0.0,-13.18359375,-65.91796875,26.4,18.4,-23.2,4.0,9.5,12.0
5.92891120899003,5.932856500003254,3.3430227091129745,2.228681806075316,-2.7858522575941485,-19.87543653375364,-29.813154800630457,5.014534063669462,8.876953125,5.712890625,-7.3828125,-19.16015625,-28.388671875,6.85546875,-43.9453125,-30.76171875,35.15625,0.0,-4.39453125,-65.91796875,26.4,19.2,-24.0,4.0,10.3,12.1
5.932888124982128,5.935846084001241,3.1567181484357674,2.104478765623845,-2.630598457029809,-19.88897104239026,-29.83345656358539,4.7350772226536515,8.701171875,5.537109375,-7.20703125,-19.16015625,-28.388671875,6.6796875,-43.9453125,-30.76171875,35.15625,0.0,-4.39453125,-65.91796875,26.4,18.4,-24.0,4.0,10.5,10.5
5.935876999981701,5.938786958984565,3.0166183634983894,2.0110789089989263,-2.5138486362486607,-19.898632154542174,-29.84794823181326,4.524927545247584,8.61328125,5.44921875,-7.119140625,-19.248046875,-28.388671875,6.416015625,-43.9453125,-30.76171875,35.15625,0.0,-4.39453125,-65.91796875,27.2,18.4,-24.0,3.2,10.5,9.7
5.938812291977229,5.941735583997797,2.8789654815833456,1.9193103210555638,-2.399137901319458,-19.907693183578292,-29.86153977536744,4.318448222375018,8.525390625,5.361328125,-7.03125,-19.248046875,-28.388671875,6.240234375,-43.9453125,-30.76171875,35.15625,0.0,-4.39453125,-65.91796875,27.3,18.4,-24.1,3.2,10.5,9.3
5.941766459000064,5.944761499995366,2.7403656510336307,1.8269104340224205,-2.2836380425280285,-19.91638517065936,-29.874577755989037,4.110548476550446,8.349609375,5.2734375,-6.943359375,-19.248046875,-28.388671875,6.064453125,-43.9453125,-30.76171875,35.15625,0.0,-4.39453125,-65.91796875,26.5,18.4,-24.9,3.2,11.3,10.1
5.944788416993106,5.947780666989274,2.5985242584519628,1.7323495056346419,-2.1654368820433056,-19.92483287735,-29.887249316025,3.8977863876779444,8.26171875,5.185546875,-6.767578125,-19.248046875,-28.388671875,5.888671875,-43.9453125,-30.76171875,35.15625,0.0,-4.39453125,-65.91796875,27.3,18.4,-24.1,4.0,11.3,10.9
5.947813209000742,5.950784666987602,2.45649121245923,1.6376608083061535,-2.0470760103826944,-19.93283891162867,-29.899258367443004,3.684736818688845,7.998046875,5.09765625,-6.6796875,-19.248046875,-28.388671875,5.712890625,-43.9453125,-30.76171875,35.15625,0.0,0.0,-65.91796875,26.5,18.4,-24.1,4.0,11.3,12.2
5.950818166980753,5.954833291994873,2.315334580791789,1.543556387194526,-1.9294454839931605,-19.940346879619497,-29.910520319429246,3.4730018711876833,7.91015625,5.009765625,-6.591796875,-19.248046875,-28.388671875,5.537109375,-43.9453125,-30.76171875,35.15625,0.0,0.0,-65.91796875,26.5,18.5,-24.1,4.0,11.2,13.0
5.954874249990098,5.958835333993193,2.124720568168119,1.416480378778746,-1.7706004734734357,-19.94977652347351,-29.924664785210265,3.187080852252179,7.734375,4.921875,-6.416015625,-19.248046875,-28.388671875,5.185546875,-43.9453125,-30.76171875,35.15625,0.0,0.0,-65.91796875,26.5,19.3,-24.1,4.0,11.2,12.2
5.958885708998423,5.962830584001495,1.9361187840303897,1.2907458560202598,-1.6134323200253278,-19.958305918468294,-29.93745887770244,2.9041781760455843,7.55859375,4.74609375,-6.240234375,-19.3359375,-28.388671875,4.921875,-43.9453125,-26.3671875,35.15625,0.0,0.0,-65.91796875,26.3,18.5,-23.9,3.2,11.2,12.1
5.962878041988006,5.96683491699514,1.7483398880255496,1.1655599253503663,-1.456949906687961,-19.966007864879177,-29.949011797318768,2.6225098320383244,7.3828125,4.658203125,-6.064453125,-19.3359375,-28.388671875,4.658203125,-43.9453125,-26.3671875,35.15625,0.0,0.0,-65.91796875,26.3,19.3,-23.9,3.2,12.0,12.9
5.96690754199517,5.97085841698572,1.5587431488619339,1.039162099241289,-1.2989526240516145,-19.97298530844852,-29.959477962672782,2.3381147232929007,7.20703125,4.482421875,-5.9765625,-19.3359375,-28.388671875,4.306640625,-43.9453125,-26.3671875,39.55078125,0.0,0.0,-65.91796875,27.1,18.5,-23.9,3.2,12.0,12.1
5.970910542004276,5.974881874979474,1.3703314429110491,0.9135542952740328,-1.1419428690925442,-19.979124569149327,-29.968686853723995,2.0554971643665736,7.03125,4.482421875,-5.80078125,-19.3359375,-28.388671875,4.04296875,-43.9453125,-26.3671875,39.55078125,0.0,0.0,-65.91796875,27.1,19.2,-23.9,3.2,12.1,12.9
5.974937249993673,5.978789624990895,1.180749211670578,0.7871661411137187,-0.9839576763921516,-19.98450323291235,-29.976754849368525,1.7711238175058672,6.85546875,4.306640625,-5.625,-19.3359375,-28.388671875,3.779296875,-43.9453125,-26.3671875,39.55078125,0.0,0.0,-70.3125,27.1,19.2,-23.9,3.2,12.1,12.9
5.978825583995786,5.982197542005451,0.9976368794390305,0.6650912529593536,-0.831364066199195,-19.98893828159057,-29.983407422385852,1.4964553191585457,6.6796875,4.130859375,-5.44921875,-19.3359375,-28.388671875,3.427734375,-43.9453125,-30.76171875,39.55078125,0.0,0.0,-70.3125,27.2,18.4,-24.1,3.2,12.1,12.8
5.982235083996784,5.985772749991156,0.8370433009971017,0.5580288673314011,-0.6975360841642545,-19.99221357887177,-29.988320368307658,1.2555649514956526,6.50390625,4.04296875,-5.361328125,-19.3359375,-28.388671875,3.1640625,-43.9453125,-30.76171875,39.55078125,0.0,0.0,-70.3125,27.2,19.2,-24.1,3.2,12.0,12.8
5.985807083983673,5.988758124993183,0.6687700072900588,0.4458466715267059,-0.5573083394083853,-19.995029901090135,-29.992544851635202,1.0031550109350882,6.416015625,3.955078125,-5.185546875,-19.3359375,-28.388671875,2.900390625,-48.33984375,-30.76171875,39.55078125,0.0,0.0,-70.3125,27.2,19.2,-24.1,3.2,12.0,11.9
5.988787166978,5.991836375003913,0.5283649884556548,0.3522433256371032,-0.44030415704638204,-19.99689787540918,-29.99534681311377,0.7925474826834822,6.240234375,3.8671875,-5.09765625,-19.3359375,-28.388671875,2.724609375,-48.33984375,-30.76171875,39.55078125,0.0,0.0,-70.3125,27.2,19.2,-24.1,3.2,12.0,12.7
5.991867834003642,5.994806834001793,0.3832088724294945,0.25547258161966296,-0.31934072702458177,-19.998368277438054,-29.997552416157077,0.5748133086442417,6.064453125,3.779296875,-5.009765625,-19.3359375,-28.388671875,2.4609375,-48.33984375,-30.76171875,39.55078125,0.0,0.0,-74.70703125,26.4,19.2,-24.1,3.2,12.0,11.9
5.994834291981533,5.997696958977031,0.24342558415117743,0.16228372276745162,-0.2028546534593176,-19.99934158899549,-29.999012383493238,0.36513837622676615,5.9765625,3.69140625,-4.833984375,-19.3359375,-28.388671875,2.28515625,-48.33984375,-30.76171875,39.55078125,0.0,0.0,-74.70703125,27.2,19.2,-24.1,4.0,12.0,11.9
5.997724208980799,6.000791750004282,0.10724389678944385,0.07149593119296258,-0.08936991399120627,-19.9998722078873,-29.999808311830954,0.16086584518416577,5.80078125,3.603515625,-4.74609375,-19.423828125,-28.388671875,2.021484375,-48.33984375,-30.76171875,39.55078125,0.0,0.0,-74.70703125,27.3,19.2,-24.0,3.2,12.0,12.0
6.000818083994091,6.003702249989146,-0.03855128937762604,-0.025700859585084026,0.03212607448135198,-19.999983486638598,-29.999975229957897,-0.05782693406643906,5.712890625,3.515625,-4.658203125,-19.423828125,-28.388671875,1.7578125,-48.33984375,-30.76171875,39.55078125,0.0,0.0,-74.70703125,27.3,19.2,-24.0,3.2,12.0,12.0
6.003731167002115,6.006641791987931,-0.17582609603345803,-0.11721739735563869,0.1465217466945453,-19.999656499094108,-29.999484748641162,-0.26373914405018706,5.537109375,3.427734375,-4.5703125,-19.423828125,-28.388671875,1.58203125,-43.9453125,-30.76171875,35.15625,0.0,0.0,-74.70703125,27.3,19.2,-24.0,3.2,12.0,12.0
6.00666512499447,6.009748291980941,-0.3140808778791287,-0.20938725191941912,0.2617340648992708,-19.998903894432157,-29.998355841648234,-0.471121316818693,5.44921875,3.33984375,-4.39453125,-19.423828125,-28.388671875,1.494140625,-43.9453125,-30.76171875,35.15625,0.0,0.0,-74.70703125,27.3,19.2,-24.0,3.2,12.0,12.9
6.009771084005479,6.012743708997732,-0.4604334078392689,-0.30695560522617926,0.38369450653272097,-19.997644317679526,-29.996466476519288,-0.6906501117589033,5.2734375,3.251953125,-4.306640625,-19.423828125,-28.388671875,1.142578125,-43.9453125,-30.76171875,35.15625,0.0,0.0,-74.70703125,27.3,19.2,-24.0,3.2,12.0,11.3
6.012775666982634,6.0157319999998435,-0.60199871466179,-0.4013324764411933,0.5016655955514885,-19.995972900645608,-29.993959350968414,-0.902998071992685,5.09765625,3.1640625,-4.130859375,-19.423828125,-28.388671875,0.966796875,-43.9453125,-30.76171875,35.15625,0.0,0.0,-70.3125,26.5,19.2,-23.2,3.2,12.0,12.1
6.015768374985782,6.018776541983243,-0.7429911890921447,-0.49532745939476314,0.6191593242434509,-19.99386532684387,-29.990797990265804,-1.114486783638217,5.009765625,3.076171875,-4.04296875,-19.423828125,-28.388671875,0.703125,-43.9453125,-30.76171875,35.15625,0.0,0.0,-70.3125,27.3,19.2,-24.0,3.2,12.0,11.9
6.018811958987499,6.021770666993689,-0.8863636754793751,-0.59090911698625,0.7386363962328095,-19.991268754520373,-29.986903131780558,-1.3295455132190628,4.921875,2.98828125,-3.8671875,-19.423828125,-28.388671875,0.52734375,-43.9453125,-30.76171875,35.15625,0.0,0.0,-70.3125,28.0,19.2,-23.3,2.4,12.0,11.9
6.021802333998494,6.024746458977461,-1.0272099619587207,-0.6848066413058138,0.856008301632264,-19.988272558278354,-29.98240883741753,-1.5408149429380809,4.74609375,2.8125,-3.8671875,-19.423828125,-28.388671875,0.3515625,-43.9453125,-30.76171875,35.15625,0.0,0.0,-70.3125,27.2,18.4,-24.1,2.4,12.0,11.9
6.024774249992333,6.027744041988626,-1.1671643821395605,-0.7781095880930404,0.9726369851162974,-19.98485790464665,-29.977286856969975,-1.7507465732093408,4.658203125,2.724609375,-3.69140625,-19.423828125,-28.388671875,0.087890625,-43.9453125,-30.76171875,39.55078125,0.0,0.0,-70.3125,28.0,19.2,-24.1,2.4,12.0,11.9
6.027771416993346,6.030744583986234,-1.308282161280882,-0.872188107520588,1.090235134400732,-19.980973147099206,-29.971459720648813,-1.962423241921323,4.482421875,2.724609375,-3.603515625,-19.423828125,-28.388671875,-0.087890625,-43.9453125,-30.76171875,39.55078125,0.0,0.0,-70.3125,27.2,20.0,-24.1,2.4,12.0,12.8
6.030792042001849,6.033776625001337,-1.4504750835442706,-0.9669833890295138,1.208729236286889,-19.97660990071491,-29.964914851072365,-2.175712625316406,4.39453125,2.63671875,-3.427734375,-19.423828125,-28.388671875,-0.3515625,-43.9453125,-30.76171875,39.55078125,0.0,0.0,-70.3125,28.0,20.0,-24.1,2.4,12.0,12.0
6.033808291977039,6.036777000001166,-1.5924294734266902,-1.0616196489511267,1.3270245611889053,-19.971804217970917,-29.957706326956377,-2.3886442101400354,4.21875,2.4609375,-3.33984375,-19.423828125,-28.388671875,-0.52734375,-43.9453125,-30.76171875,39.55078125,0.0,0.0,-74.70703125,28.0,19.2,-24.1,2.4,12.0,12.0
6.036812000005739,6.039754416997312,-1.7337580796283347,-1.155838719752223,1.4447983996902758,-19.966572987218452,-29.949859480827676,-2.600637119442502,4.04296875,2.373046875,-3.251953125,-19.423828125,-28.388671875,-0.703125,-43.9453125,-30.76171875,39.55078125,0.0,0.0,-74.70703125,27.2,19.2,-23.9,2.4,12.0,11.9
6.0397862090030685,6.042747416999191,-1.8736606965153466,-1.249107131010231,1.561383913762786,-19.960955171916485,-29.941432757874725,-2.8104910447730203,3.955078125,2.28515625,-3.1640625,-19.423828125,-28.388671875,-0.966796875,-43.9453125,-30.76171875,39.55078125,0.0,0.0,-74.70703125,28.1,19.2,-24.7,2.4,12.0,11.9
6.042776041984325,6.045732083992334,-2.014257020230934,-1.3428380134872895,1.678547516859109,-19.954868730952192,-29.932303096428285,-3.021385530346401,3.779296875,2.197265625,-2.98828125,-19.423828125,-28.388671875,-1.142578125,-43.9453125,-30.76171875,39.55078125,0.0,0.0,-74.70703125,27.3,19.2,-23.9,2.4,12.0,11.9
6.045758124993881,6.048809125000844,-2.1544446511967372,-1.4362964341311582,1.795370542663945,-19.94835964567769,-29.922539468516533,-3.231666976795106,3.69140625,2.109375,-2.900390625,-19.423828125,-28.388671875,-1.40625,-43.9453125,-30.76171875,39.55078125,0.0,0.0,-74.70703125,28.1,19.2,-23.9,2.4,12.0,11.2
6.048843291995581,6.05279841698939,-2.299428467687371,-1.5329523117915804,1.916190389739473,-19.941164890993022,-29.911747336489537,-3.449142701531056,3.515625,2.021484375,-2.8125,-19.423828125,-28.388671875,-1.58203125,-43.9453125,-30.76171875,39.55078125,0.0,0.0,-74.70703125,27.3,19.2,-24.7,2.4,11.1,12.0
6.052843291981844,6.055972583999392,-2.487322893069528,-1.658215262046352,2.072769077557937,-19.931139509438907,-29.89670926415836,-3.7309843396042917,3.33984375,1.93359375,-2.63671875,-19.423828125,-28.388671875,-1.845703125,-43.9453125,-30.76171875,39.55078125,0.0,0.0,-65.91796875,28.1,19.2,-23.9,2.4,11.1,12.0
6.056025625002803,6.059833666979102,-2.636738775335681,-1.7578258502237873,2.197282312779731,-19.92260144359378,-29.883902165390673,-3.9551081630035214,3.1640625,1.7578125,-2.4609375,-19.423828125,-28.388671875,-2.021484375,-43.9453125,-30.76171875,39.55078125,0.0,0.0,-65.91796875,28.1,19.2,-23.9,2.4,11.1,13.0
6.059893750003539,6.06383349999669,-2.8182646679910666,-1.8788431119940443,2.3485538899925524,-19.911553142849318,-29.86732971427398,-4.2273970019866,2.98828125,1.669921875,-2.28515625,-19.423828125,-28.388671875,-2.28515625,-43.9453125,-30.76171875,39.55078125,0.0,0.0,-65.91796875,27.2,19.2,-24.0,2.4,11.2,12.2
6.063890374993207,6.06777924997732,-3.005711527010441,-2.0038076846736272,2.5047596058420307,-19.89936568744951,-29.849048531174265,-4.5085672905156615,2.8125,1.494140625,-2.197265625,-19.423828125,-28.388671875,-2.548828125,-48.33984375,-30.76171875,39.55078125,0.0,0.0,-65.91796875,28.0,19.2,-24.0,2.4,11.2,13.0
6.067824792000465,6.071771749993786,-3.190125080195579,-2.126750053463719,2.658437566829646,-19.886601876894204,-29.829902815341306,-4.785187620293368,2.724609375,1.40625,-2.021484375,-19.423828125,-28.388671875,-2.8125,-48.33984375,-30.76171875,39.55078125,0.0,0.0,-65.91796875,28.0,19.2,-24.0,1.6,11.2,11.9
6.071815333998529,6.075809166999534,-3.3770448191099423,-2.2513632127399617,2.814204015924949,-19.872880105418066,-29.8093201581271,-5.065567228664913,2.4609375,1.318359375,-1.93359375,-19.423828125,-28.388671875,-3.1640625,-48.33984375,-30.76171875,39.55078125,0.0,0.0,-70.3125,28.0,19.2,-24.8,1.6,10.3,11.9
6.075848249980481,6.0797652500041295,-3.5658145470692983,-2.377209698046199,2.971512122557746,-19.858219307166365,-29.78732896074955,-5.348721820603948,2.28515625,1.142578125,-1.7578125,-19.423828125,-28.388671875,-3.427734375,-48.33984375,-30.76171875,39.55078125,0.0,0.0,-70.3125,28.0,19.2,-24.8,1.6,10.3,12.0
6.079800709005212,6.083818499988411,-3.750679509701737,-2.5004530064678248,3.1255662580847785,-19.84307775428111,-29.76461663142167,-5.626019264552606,2.109375,1.0546875,-1.58203125,-19.423828125,-28.388671875,-3.69140625,-48.33984375,-35.15625,39.55078125,0.0,0.0,-70.3125,28.0,19.2,-24.0,1.6,10.4,12.8
6.083858375001,6.087747791985748,-3.940314766491614,-2.626876510994409,3.2835956387430087,-19.826737497530598,-29.740106246295895,-5.910472149737421,1.93359375,0.87890625,-1.40625,-19.423828125,-28.388671875,-3.955078125,-43.9453125,-35.15625,35.15625,0.0,0.0,-70.3125,28.0,18.4,-24.0,1.6,10.4,12.0
6.087790583987953,6.090741041989531,-4.123934131382898,-2.7492894209219316,3.4366117761524118,-19.810133964211516,-29.715200946317278,-6.185901197074346,1.7578125,0.791015625,-1.23046875,-19.423828125,-28.388671875,-4.306640625,-43.9453125,-35.15625,35.15625,0.0,0.0,-70.3125,28.0,19.2,-24.0,1.6,9.6,12.0
6.090772374998778,6.0946274169837125,-4.263068040535609,-2.842045360357073,3.5525567004463383,-19.797039631461892,-29.69555944719284,-6.394602060803414,1.669921875,0.703125,-1.142578125,-19.423828125,-28.388671875,-4.482421875,-43.9453125,-35.15625,35.15625,0.0,0.0,-70.3125,28.8,19.2,-24.0,0.8,9.5,12.0
6.094654999993509,6.097801416995935,-4.444095300908491,-2.9627302006056606,3.7034127507570727,-19.779338456035862,-29.669007684053792,-6.666142951362736,1.40625,0.52734375,-1.0546875,-19.423828125,-28.388671875,-4.74609375,-43.9453125,-35.15625,35.15625,0.0,0.0,-70.3125,28.0,18.4,-24.8,0.8,9.5,12.8
6.097837042005267,6.101759583980311,-4.592334954239438,-3.0615566361596254,3.8269457951995287,-19.76428270804653,-29.64642406206979,-6.888502431359157,1.318359375,0.439453125,-0.87890625,-19.51171875,-28.388671875,-5.009765625,-43.9453125,-30.76171875,35.15625,0.0,0.0,-70.3125,28.0,18.4,-24.0,-0.0,9.5,12.1
6.101799500000197,6.1047892089991365,-4.776770509050704,-3.184513672700469,3.9806420908755835,-19.74484420471288,-29.61726630706932,-7.165155763576055,1.142578125,0.263671875,-0.703125,-19.51171875,-28.4765625,-5.2734375,-43.9453125,-30.76171875,35.15625,0.0,0.0,-70.3125,28.0,18.4,-24.0,-0.0,7.9,12.1
6.104820541979279,6.107893167005386,-4.917263205996576,-3.2781754706643844,4.097719338330477,-19.72951001884067,-29.594265028261006,-7.3758948089948655,0.966796875,0.17578125,-0.615234375,-19.51171875,-28.4765625,-5.44921875,-43.9453125,-30.76171875,39.55078125,0.0,-4.39453125,-70.3125,28.0,18.4,-24.0,-0.0,7.9,12.1
6.1079265419975854,6.1117728340032045,-5.061591373914426,-3.3743942492762837,4.2179928115953516,-19.713281397333404,-29.569922096000102,-7.592387060871638,0.791015625,0.087890625,-0.52734375,-19.51171875,-28.4765625,-5.712890625,-43.9453125,-30.76171875,39.55078125,0.0,-4.39453125,-70.3125,28.0,18.4,-24.8,-0.0,7.9,11.9
6.111790958995698,6.11568783398252,-5.240992715157545,-3.4939951434383634,4.367493929297951,-19.692435043377166,-29.538652565065753,-7.861489072736317,0.615234375,-0.087890625,-0.3515625,-19.51171875,-28.4765625,-5.9765625,-43.9453125,-30.76171875,39.55078125,0.0,-4.39453125,-70.3125,28.0,18.3,-24.0,-0.0,7.1,11.1
6.1157092089997604,6.118841416988289,-5.422695992842019,-3.6151306618946792,4.518913327368346,-19.67055744755163,-29.505836171327445,-8.134043989263029,0.439453125,-0.17578125,-0.17578125,-19.51171875,-28.4765625,-6.240234375,-43.9453125,-30.76171875,39.55078125,0.0,-4.39453125,-70.3125,28.0,18.3,-24.0,-0.0,7.1,12.0
6.118871333979769,6.122813291993225,-5.569185587508322,-3.7127903916722147,4.640987989590266,-19.65235831923249,-29.478537478848736,-8.353778381262483,0.263671875,-0.263671875,-0.087890625,-19.51171875,-28.4765625,-6.50390625,-43.9453125,-35.15625,39.55078125,0.0,-4.39453125,-70.3125,28.0,18.3,-24.1,-0.0,7.1,11.2
6.122835374990245,6.125957084004767,-5.752630478570539,-3.8350869857136924,4.7938587321421124,-19.628859055279026,-29.44328858291854,-8.628945717855808,0.087890625,-0.439453125,0.087890625,-19.51171875,-28.4765625,-6.767578125,-48.33984375,-35.15625,39.55078125,0.0,-4.39453125,-70.3125,28.0,17.5,-24.1,-0.0,6.3,11.2
6.125973166985204,6.129792166990228,-5.8976810427680615,-3.931787361845374,4.914734202306715,-19.609718206573827,-29.41457730986074,-8.846521564152091,-0.087890625,-0.52734375,0.263671875,-19.51171875,-28.4765625,-7.03125,-48.33984375,-35.15625,39.55078125,0.0,0.0,-70.3125,27.2,18.3,-24.1,-0.0,6.3,11.1
6.1298105839814525,6.132949833991006,-6.074878029557855,-4.049918686371903,5.062398357964876,-19.585662067792747,-29.378493101689124,-9.112317044336782,-0.263671875,-0.615234375,0.3515625,-19.51171875,-28.4765625,-7.20703125,-48.33984375,-35.15625,39.55078125,0.0,0.0,-70.3125,28.0,18.4,-24.1,-0.0,6.3,11.1
6.132968833990162,6.136805374990217,-6.220548426719244,-4.147032284479496,5.183790355599367,-19.565329622357115,-29.34799443353567,-9.330822640078866,-0.3515625,-0.791015625,0.439453125,-19.51171875,-28.4765625,-7.470703125,-48.33984375,-35.15625,39.55078125,0.0,0.0,-70.3125,28.0,17.6,-24.9,-0.0,5.5,11.9
6.1368235840054695,6.139872250001645,-6.398136211647357,-4.265424141098237,5.331780176372793,-19.539860718452843,-29.30979107767926,-9.597204317471034,-0.615234375,-0.966796875,0.615234375,-19.51171875,-28.4765625,-7.646484375,-48.33984375,-35.15625,39.55078125,0.0,0.0,-70.3125,27.1,16.8,-23.9,-0.0,5.5,12.0
6.139889833983034,6.1437649999861605,-6.5392307196471755,-4.359487146431451,5.44935893303931,-19.51908993319358,-29.278634899790372,-9.808846079470763,-0.703125,-0.966796875,0.791015625,-19.51171875,-28.4765625,-7.998046875,-48.33984375,-35.15625,39.55078125,0.0,0.0,-70.3125,27.9,17.6,-23.9,-0.0,4.6,11.2
6.143785124993883,6.14689466697746,-6.718254633733628,-4.478836422489085,5.598545528111353,-19.492050284682346,-29.23807542702352,-10.077381950600442,-0.966796875,-1.142578125,0.87890625,-19.51171875,-28.4765625,-8.173828125,-48.33984375,-35.15625,39.55078125,0.0,0.0,-70.3125,27.1,17.6,-24.7,-0.0,4.6,11.2
6.146938624995528,6.150801708979998,-6.863002606415386,-4.5753350709435905,5.719168838679485,-19.469625291427505,-29.204437937141257,-10.29450390962308,-1.0546875,-1.23046875,0.966796875,-19.51171875,-28.4765625,-8.4375,-48.33984375,-35.15625,39.55078125,0.0,0.0,-70.3125,27.1,17.6,-24.7,-0.0,4.6,12.1
6.150819417001912,6.1540004999842495,-7.0409023093874055,-4.693934872924937,5.867418591156168,-19.44137277582885,-29.162059163743272,-10.561353464081108,-1.23046875,-1.40625,1.142578125,-19.51171875,-28.4765625,-8.701171875,-48.33984375,-35.15625,39.55078125,0.0,0.0,-65.91796875,27.9,16.7,-24.7,-0.0,3.9,11.3
6.1540177919960115,6.157794083992485,-7.187322894801974,-4.79154859653465,5.989435745668309,-19.417545211664805,-29.12631781749721,-10.780984342202961,-1.40625,-1.494140625,1.318359375,-19.51171875,-28.4765625,-8.876953125,-48.33984375,-35.15625,39.55078125,0.0,0.0,-65.91796875,27.1,16.7,-23.9,-0.0,3.9,11.3
6.1578112919814885,6.16091099998448,-7.36075263024919,-4.907168420166127,6.133960525207656,-19.388648691853806,-29.082973037780707,-11.041128945373785,-1.58203125,-1.58203125,1.40625,-19.51171875,-28.4765625,-9.228515625,-48.33984375,-30.76171875,39.55078125,0.0,0.0,-65.91796875,27.3,17.5,-24.8,-0.0,3.1,11.1
6.16092879200005,6.164832791982917,-7.503081890294129,-5.002054593529419,6.252568241911771,-19.36438612100449,-29.046579181506733,-11.254622835441193,-1.7578125,-1.669921875,1.58203125,-19.51171875,-28.4765625,-9.404296875,-48.33984375,-30.76171875,39.55078125,0.0,0.0,-65.91796875,27.3,17.5,-24.0,-0.0,3.1,11.9
6.164854999980889,6.168885041988688,-7.6820762500228685,-5.121384166681913,6.401730208352388,-19.333169016414764,-28.999753524622147,-11.523114375034304,-1.93359375,-1.7578125,1.669921875,-19.51171875,-28.4765625,-9.66796875,-48.33984375,-30.76171875,35.15625,0.0,0.0,-65.91796875,27.3,17.5,-24.8,-0.0,2.3,12.1
6.168949666986009,6.172866166976746,-7.868439227456489,-5.2456261516376586,6.557032689547071,-19.29982917741126,-28.949743766116896,-11.802658841184734,-2.109375,-1.93359375,1.93359375,-19.51171875,-28.4765625,-9.931640625,-48.33984375,-30.76171875,35.15625,0.0,0.0,-65.91796875,27.3,17.6,-24.0,-0.0,2.3,12.1
6.172895499999868,6.17576754197944,-8.047720347312532,-5.365146898208355,6.706433622760441,-19.266945755896167,-28.900418633844247,-12.071580520968798,-2.28515625,-2.109375,2.021484375,-19.51171875,-28.4765625,-10.1953125,-48.33984375,-30.76171875,35.15625,0.0,0.0,-65.91796875,27.3,16.8,-24.0,-0.0,1.5,11.3
6.17579420900438,6.178748334001284,-8.179228208846913,-5.452818805897942,6.8160235073724245,-19.242317092025218,-28.863475638037823,-12.268842313270369,-2.373046875,-2.197265625,2.109375,-19.51171875,-28.4765625,-10.37109375,-48.33984375,-30.76171875,35.15625,0.0,0.0,-65.91796875,28.1,16.8,-24.0,-0.0,1.5,12.0
6.178777249995619,6.1817113339784555,-8.314384947610076,-5.542923298406718,6.9286541230083944,-19.216555396531916,-28.824833094797878,-12.471577421415114,-2.548828125,-2.28515625,2.197265625,-19.51171875,-28.4765625,-10.546875,-48.33984375,-30.76171875,35.15625,0.0,0.0,-65.91796875,27.1,16.8,-24.8,-0.0,0.6,12.0
6.181762333988445,6.184736583993072,-8.449451510803808,-5.632967673869205,7.041209592336503,-19.19035370140802,-28.785530552112036,-12.67417726620571,-2.724609375,-2.373046875,2.373046875,-19.51171875,-28.4765625,-10.810546875,-48.33984375,-30.76171875,35.15625,0.0,0.0,-65.91796875,27.1,16.8,-24.0,-0.0,0.6,12.0
6.184769041981781,6.187729833996855,-8.585308695675138,-5.723539130450092,7.1544239130626135,-19.16353568165871,-28.74530352248807,-12.87796304351271,-2.8125,-2.4609375,2.4609375,-19.51171875,-28.4765625,-10.986328125,-43.9453125,-30.76171875,39.55078125,0.0,0.0,-65.91796875,27.1,16.8,-24.0,-0.8,0.6,12.0
6.187758416985162,6.190742374979891,-8.720192849436522,-5.813461899624349,7.266827374530433,-19.136448488202195,-28.704672732303294,-13.080289274154783,-2.98828125,-2.548828125,2.63671875,-19.51171875,-28.4765625,-11.25,-43.9453125,-30.76171875,39.55078125,0.0,0.0,-65.91796875,27.1,16.8,-24.0,-0.8,-0.1,12.0
6.19077504199231,6.193725083983736,-8.856111633206371,-5.9040744221375805,7.380093027671972,-19.108686642934433,-28.66302996440165,-13.284167449809557,-3.1640625,-2.63671875,2.724609375,-19.51171875,-28.4765625,-11.42578125,-43.9453125,-30.76171875,39.55078125,0.0,0.0,-70.3125,27.1,16.8,-24.0,-0.8,-0.1,12.0
6.193756583990762,6.196720541978721,-8.990254314328753,-5.993502876219169,7.491878595273958,-19.080826063688974,-28.621239095533465,-13.48538147149313,-3.251953125,-2.8125,2.900390625,-19.51171875,-28.4765625,-11.6015625,-43.9453125,-30.76171875,39.55078125,0.0,0.0,-70.3125,27.1,16.0,-24.0,-1.6,-0.1,12.0
6.196748458984075,6.1997299999929965,-9.12466366435902,-6.08310910957268,7.603886386965847,-19.052448230110322,-28.578672345165483,-13.686995496538529,-3.33984375,-2.8125,2.98828125,-19.51171875,-28.4765625,-11.865234375,-43.9453125,-30.76171875,39.55078125,0.0,0.0,-70.3125,28.1,16.8,-24.1,-1.6,-0.1,12.0
6.199763166980119,6.202809249982238,-9.25989493027435,-6.173263286849567,7.716579108561955,-19.023428197652372,-28.535142296478554,-13.889842395411524,-3.515625,-2.900390625,3.076171875,-19.51171875,-28.388671875,-12.041015625,-43.9453125,-30.76171875,39.55078125,0.0,0.0,-70.3125,27.3,16.8,-24.1,-1.6,-0.0,12.0
6.20285345899174,6.206707916979212,-9.398301128611518,-6.265534085741011,7.831917607176261,-18.993237812980112,-28.48985671947017,-14.097451692917275,-3.69140625,-2.98828125,3.1640625,-19.51171875,-28.388671875,-12.3046875,-48.33984375,-30.76171875,39.55078125,0.0,0.0,-70.3125,27.3,16.8,-24.9,-2.4,-0.0,11.2
6.206741583999246,6.209763999999268,-9.57212521059946,-6.381416807066307,7.97677100883288,-18.95461736713489,-28.431926050702337,-14.358187815899191,-3.8671875,-3.1640625,3.33984375,-19.51171875,-28.388671875,-12.568359375,-48.33984375,-30.76171875,39.55078125,0.0,4.39453125,-70.3125,27.3,16.8,-24.1,-2.4,-0.0,11.2
6.2097937499929685,6.212725291989045,-9.7083267462341,-6.472217830822733,8.090272288528414,-18.9238050177648,-28.385707526647202,-14.56249011935115,-3.955078125,-3.251953125,3.515625,-19.51171875,-28.388671875,-12.744140625,-48.33984375,-30.76171875,39.55078125,0.0,4.39453125,-70.3125,28.1,16.8,-24.1,-2.4,-0.0,9.6
6.212755499989726,6.2157826669863425,-9.840280204657578,-6.560186803105052,8.20023350388131,-18.893489595846667,-28.340234393770004,-14.760420306986365,-4.130859375,-3.33984375,3.603515625,-19.599609375,-28.388671875,-12.919921875,-48.33984375,-30.76171875,39.55078125,0.0,4.39453125,-70.3125,27.3,16.8,-24.1,-4.0,-0.0,9.6
6.215820666984655,6.219755833997624,-9.976616849918454,-6.651077899945635,8.313847374932042,-18.86168504585035,-28.292527568775526,-14.96492527487768,-4.21875,-3.427734375,3.69140625,-19.599609375,-28.388671875,-13.18359375,-48.33984375,-30.76171875,39.55078125,0.0,4.39453125,-70.3125,28.1,16.8,-23.9,-4.0,-0.0,8.4
6.219791916984832,6.2237787089834455,-10.152911087936014,-6.768607391957342,8.460759239946675,-18.81982874453273,-28.2297431167991,-15.22936663190402,-4.39453125,-3.515625,3.8671875,-19.599609375,-28.388671875,-13.359375,-48.33984375,-30.76171875,39.55078125,0.0,4.39453125,-70.3125,27.9,16.8,-23.9,-4.2,-0.0,10.0
6.22380179198808,6.226779333985178,-10.330519107885253,-6.887012738590169,8.608765923237709,-18.77682229607813,-28.16523344411719,-15.495778661827881,-4.658203125,-3.69140625,4.04296875,-19.599609375,-28.388671875,-13.623046875,-43.9453125,-30.76171875,39.55078125,0.0,0.0,-70.3125,27.1,16.8,-23.9,-5.0,-0.0,10.8
6.226799416996073,6.229744708980434,-10.46302455835211,-6.975349705568074,8.719187131960089,-18.744185671429726,-28.11627850714459,-15.694536837528165,-4.74609375,-3.779296875,4.130859375,-19.599609375,-28.388671875,-13.798828125,-43.9453125,-30.76171875,39.55078125,0.0,0.0,-70.3125,27.1,16.8,-23.9,-5.0,-0.0,12.3
6.229763084003935,6.23277041700203,-10.593800904894069,-7.062533936596046,8.828167420745055,-18.71151021148291,-28.067265317224365,-15.890701357341104,-4.921875,-3.8671875,4.21875,-19.599609375,-28.388671875,-13.974609375,-43.9453125,-30.76171875,39.55078125,0.0,0.0,-70.3125,27.1,16.7,-23.9,-5.8,-0.0,12.3
6.232804041996133,6.235752874985337,-10.727749161328576,-7.151832774219051,8.939790967773812,-18.677561081940176,-28.01634162291026,-16.091623741992866,-5.009765625,-3.955078125,4.39453125,-19.599609375,-28.388671875,-14.150390625,-43.9453125,-30.76171875,39.55078125,0.0,0.0,-61.5234375,27.1,16.7,-23.9,-5.8,-0.8,13.1
6.235788833990227,6.2387794999813195,-10.858985397545531,-7.239323598363687,9.049154497954607,-18.643824549651143,-27.965736824476714,-16.288478096318297,-5.185546875,-4.04296875,4.482421875,-19.599609375,-28.388671875,-14.4140625,-43.9453125,-30.76171875,39.55078125,0.0,0.0,-61.5234375,27.1,16.7,-24.0,-5.8,-0.8,12.1
6.23880900000222,6.241743874998065,-10.99153399532247,-7.32768933021498,9.159611662768723,-18.60927105181322,-27.913906577719832,-16.487300992983705,-5.2734375,-4.130859375,4.5703125,-19.599609375,-28.388671875,-14.58984375,-43.9453125,-30.76171875,39.55078125,0.0,0.0,-61.5234375,28.1,16.7,-24.0,-6.4,-1.8,12.9
6.241769041982479,6.2446934589825105,-11.121203858918323,-7.414135905945548,9.267669882431932,-18.574999024715158,-27.862498537072735,-16.681805788377485,-5.44921875,-4.21875,4.74609375,-19.599609375,-28.388671875,-14.853515625,-43.9453125,-30.76171875,39.55078125,0.0,0.0,-61.5234375,27.3,16.7,-23.2,-6.4,-1.8,12.1
6.244716874993173,6.247717249993002,-11.250099947525303,-7.500066631683535,9.375083289604417,-18.540469263756705,-27.81070389563506,-16.875149921287953,-5.537109375,-4.306640625,4.833984375,-19.599609375,-28.388671875,-15.029296875,-43.9453125,-30.76171875,39.55078125,0.0,0.0,-61.5234375,28.1,16.7,-24.0,-7.2,-2.6,12.0
6.247742499981541,6.250735416979296,-11.382146674792553,-7.588097783195035,9.485122228993792,-18.504614884743496,-27.756922327115248,-17.07322001218883,-5.712890625,-4.39453125,4.921875,-19.51171875,-28.388671875,-15.205078125,-43.9453125,-30.76171875,39.55078125,0.0,0.0,-61.5234375,27.3,16.7,-24.0,-6.4,-3.4,12.8
6.250767333986005,6.253752458986128,-11.513901887570032,-7.675934591713355,9.594918239641691,-18.46835206897839,-27.702528103467582,-17.270852831355047,-5.888671875,-4.482421875,5.09765625,-19.51171875,-28.388671875,-15.46875,-43.9453125,-30.76171875,39.55078125,0.0,0.0,-70.3125,27.3,16.8,-23.2,-6.4,-3.4,11.2
6.253791791998083,6.256735834002029,-11.64538083664409,-7.7635872244293935,9.704484030536738,-18.431676901700417,-27.647515352550627,-17.468071254966134,-5.9765625,-4.5703125,5.185546875,-19.51171875,-28.388671875,-15.64453125,-43.9453125,-30.76171875,39.55078125,0.0,0.0,-70.3125,27.3,16.8,-24.0,-7.2,-4.2,11.2
6.256768791994546,6.260812499996973,-11.774540026871627,-7.849693351247751,9.812116689059685,-18.39517095031674,-27.59275642547511,-17.66181004030744,-6.15234375,-4.658203125,5.2734375,-19.51171875,-28.388671875,-15.8203125,-43.9453125,-30.76171875,39.55078125,0.0,0.0,-70.3125,27.1,16.8,-23.9,-7.2,-4.2,11.9
6.260832542000571,6.263752041995758,-11.950432436807011,-7.966954957871341,9.958693697339173,-18.344689386829348,-27.51703408024402,-17.925648655210516,-6.328125,-4.74609375,5.44921875,-19.423828125,-28.388671875,-16.083984375,-43.9453125,-30.76171875,39.55078125,0.0,0.0,-70.3125,27.1,16.8,-23.9,-7.2,-5.8,11.9
6.2637716669996735,6.2668679999769665,-12.077344354849545,-8.05156290323303,10.064453629041285,-18.307712440807062,-27.461568661210592,-18.11601653227432,-6.416015625,-4.833984375,5.537109375,-19.423828125,-28.388671875,-16.34765625,-48.33984375,-30.76171875,39.55078125,8.7890625,0.0,-70.3125,27.1,16.8,-23.9,-7.2,-5.8,11.1
6.266880916984519,6.269821333989967,-12.21132203773463,-8.140881358489754,10.17610169811219,-18.268170425825186,-27.40225563873778,-18.316983056601945,-6.591796875,-4.921875,5.712890625,-19.3359375,-28.388671875,-16.5234375,-48.33984375,-30.76171875,39.55078125,8.7890625,0.0,-70.3125,27.1,16.8,-23.1,-7.2,-6.6,11.3
6.2698387499840464,6.272701334004523,-12.338504856627083,-8.225669904418055,10.282087380522565,-18.2301496050787,-27.34522440761805,-18.507757284940624,-6.767578125,-5.009765625,5.80078125,-19.3359375,-28.388671875,-16.69921875,-48.33984375,-30.76171875,39.55078125,8.7890625,0.0,-70.3125,26.3,16.8,-23.1,-7.2,-6.6,11.3
6.2727159170026425,6.275667334004538,-12.46196362041915,-8.3079757469461,10.384969683682623,-18.192788103755714,-27.28918215563357,-18.692945430628725,-6.85546875,-5.09765625,5.888671875,-19.3359375,-28.388671875,-16.962890625,-48.33984375,-30.76171875,39.55078125,8.7890625,0.0,-65.91796875,27.1,17.6,-23.9,-8.0,-7.4,11.3
6.2756782499782275,6.278692041989416,-12.588810862383145,-8.392540574922098,10.490675718652618,-18.153932430696283,-27.230898646044427,-18.88321629357472,-7.03125,-5.2734375,5.9765625,-19.248046875,-28.388671875,-17.138671875,-48.33984375,-30.76171875,39.55078125,8.7890625,0.0,-65.91796875,27.1,16.8,-24.1,-7.2,-8.2,11.2
6.278701542003546,6.281682417000411,-12.717987304621325,-8.478658203080883,10.5983227538511,-18.11387189629344,-27.17080784444016,-19.076980956931987,-7.119140625,-5.2734375,6.15234375,-19.248046875,-28.388671875,-17.314453125,-48.33984375,-30.76171875,39.55078125,8.7890625,0.0,-65.91796875,27.2,17.6,-23.3,-7.2,-8.2,11.2
6.281691916985437,6.284708374994807,-12.845475150081342,-8.563650100054227,10.704562625067782,-18.07384566061803,-27.110768490927047,-19.268212725122012,-7.294921875,-5.361328125,6.240234375,-19.16015625,-28.388671875,-17.490234375,-48.33984375,-30.76171875,35.15625,8.7890625,0.0,-65.91796875,27.2,17.6,-23.3,-7.2,-9.0,11.2
6.284717667003861,6.287765541987028,-12.974182643045008,-8.649455095363338,10.81181886920417,-18.03294004185932,-27.04941006278898,-19.46127396456751,-7.3828125,-5.44921875,6.416015625,-19.16015625,-28.388671875,-17.75390625,-43.9453125,-30.76171875,35.15625,13.18359375,0.0,-65.91796875,27.2,17.6,-23.3,-7.2,-9.8,10.2
6.2877799999841955,6.2908099589985795,-13.104147851751566,-8.736098567834377,10.920123209792969,-17.991125084693348,-26.98668762704002,-19.656221777627348,-7.55859375,-5.537109375,6.50390625,-19.072265625,-28.388671875,-17.9296875,-43.9453125,-30.76171875,35.15625,13.18359375,0.0,-65.91796875,27.2,17.6,-23.3,-7.2,-9.8,10.2
6.290820750000421,6.2937212089891545,-13.232897069602405,-8.821931379734936,11.027414224668668,-17.949192927016192,-26.923789390524288,-19.849345604403606,-7.646484375,-5.625,6.591796875,-19.072265625,-28.388671875,-18.10546875,-43.9453125,-30.76171875,35.15625,13.18359375,0.0,-65.91796875,27.2,17.6,-23.3,-7.2,-10.6,11.0
6.293749249976827,6.296714500000235,-13.356608128802252,-8.9044054192015,11.130506774001873,-17.908421597965997,-26.862632396948992,-20.03491219320338,-7.822265625,-5.712890625,6.6796875,-18.984375,-28.388671875,-18.28125,-43.9453125,-30.76171875,35.15625,13.18359375,0.0,-65.91796875,27.2,17.6,-23.3,-7.2,-11.4,11.0
6.296740999998292,6.299749333993532,-13.482699235535527,-8.988466157023684,11.235582696279604,-17.866378372351793,-26.799567558527688,-20.22404885330329,-7.91015625,-5.888671875,6.85546875,-18.984375,-28.30078125,-18.45703125,-43.9453125,-30.76171875,35.15625,13.18359375,0.0,-65.91796875,27.2,16.8,-23.1,-7.2,-10.6,11.3
6.299790416989708,6.302716791979037,-13.610914347139616,-9.073942898093076,11.342428622616344,-17.82311870246468,-26.73467805369702,-20.416371520709422,-8.0859375,-5.888671875,6.943359375,-18.896484375,-28.212890625,-18.6328125,-43.9453125,-30.76171875,35.15625,13.18359375,0.0,-65.91796875,27.2,17.6,-23.1,-7.2,-10.5,11.3
6.302731749980012,6.305733958986821,-13.734289131543148,-9.156192754362099,11.445240942952621,-17.781004871631048,-26.67150730744657,-20.60143369731472,-8.26171875,-5.9765625,7.03125,-18.896484375,-28.037109375,-18.896484375,-48.33984375,-30.76171875,39.55078125,13.18359375,0.0,-65.91796875,26.4,17.6,-23.1,-7.2,-9.7,10.5
6.305748833983671,6.308751125005074,-13.86053668098603,-9.24035778732402,11.550447234155023,-17.737412098788266,-26.606118148182397,-20.790805021479045,-8.349609375,-6.064453125,7.119140625,-18.896484375,-27.94921875,-19.072265625,-48.33984375,-30.76171875,39.55078125,13.18359375,17.578125,-65.91796875,27.2,17.6,-23.9,-8.0,-9.7,10.3
6.308759958978044,6.311729833978461,-13.98622449332159,-9.324149662214392,11.655187077767987,-17.69350821845762,-26.540262327686428,-20.979336739982383,-8.525390625,-6.15234375,7.294921875,-18.80859375,-27.861328125,-19.248046875,-48.33984375,-30.76171875,39.55078125,13.18359375,17.578125,-65.91796875,26.4,17.7,-23.1,-7.2,-8.7,10.3
6.311738083983073,6.314717874978669,-14.110227089367783,-9.406818059578521,11.75852257447315,-17.649696144522927,-26.474544216784388,-21.165340634051674,-8.701171875,-6.240234375,7.3828125,-18.80859375,-27.7734375,-19.423828125,-48.33984375,-30.76171875,39.55078125,13.18359375,17.578125,-61.5234375,26.4,17.7,-23.1,-8.0,-8.7,10.3
6.314746499992907,6.317845541983843,-14.235177413204802,-9.490118275469868,11.862647844337332,-17.605046296945453,-26.407569445418183,-21.352766119807203,-8.876953125,-6.416015625,7.55859375,-18.720703125,-27.685546875,-19.599609375,-48.33984375,-30.76171875,39.55078125,13.18359375,17.578125,-61.5234375,26.4,16.1,-22.3,-7.2,-8.7,10.4
6.3178744169999845,6.320831916993484,-14.364753921311243,-9.576502614207495,11.970628267759366,-17.558205992642787,-26.33730898896418,-21.547130881966865,-8.96484375,-6.416015625,7.646484375,-18.720703125,-27.59765625,-19.86328125,-48.33984375,-26.3671875,39.55078125,13.18359375,17.578125,-61.5234375,26.3,16.9,-22.4,-8.0,-8.8,10.4
6.320845041977009,6.323738124978263,-14.487493471390774,-9.658328980927182,12.072911226158975,-17.513328675502613,-26.26999301325392,-21.73124020708616,-9.140625,-6.50390625,7.734375,-18.720703125,-27.59765625,-19.951171875,-48.33984375,-26.3671875,39.55078125,13.18359375,17.578125,-61.5234375,26.3,16.9,-23.2,-8.0,-8.8,11.2
6.323746916983509,6.326767791993916,-14.607087865213787,-9.738058576809191,12.172573221011486,-17.469121762545278,-26.203682643817913,-21.91063179782068,-9.228515625,-6.591796875,7.822265625,-18.6328125,-27.509765625,-20.21484375,-43.9453125,-26.3671875,35.15625,13.18359375,26.3671875,-61.5234375,26.3,16.9,-23.2,-8.0,-8.8,10.4
6.326775875000749,6.329747874988243,-14.731595938110287,-9.821063958740192,12.276329948425238,-17.4225917336754,-26.133887600513102,-22.09739390716543,-9.404296875,-6.6796875,7.91015625,-18.544921875,-27.421875,-20.390625,-43.9453125,-26.3671875,35.15625,13.18359375,26.3671875,-61.5234375,26.3,16.9,-23.2,-7.2,-8.7,10.5
6.329759583983105,6.332653374993242,-14.853917973378707,-9.90261198225247,12.378264977815585,-17.376371195648122,-26.064556793472185,-22.28087696006806,-9.580078125,-6.767578125,8.0859375,-18.544921875,-27.421875,-20.56640625,-43.9453125,-26.3671875,35.15625,13.18359375,26.3671875,-61.5234375,25.5,16.7,-22.4,-8.0,-9.5,10.5
6.332679291983368,6.33569241699297,-14.97330034343635,-9.982200228957566,12.477750286196954,-17.330772590655027,-25.99615888598254,-22.459950515154524,-9.66796875,-6.85546875,8.173828125,-18.45703125,-27.333984375,-20.7421875,-43.9453125,-26.3671875,35.15625,13.18359375,26.3671875,-61.5234375,26.3,16.7,-23.2,-7.2,-8.7,10.5
6.33572025000467,6.338588041980984,-15.09730556781574,-10.064870378543826,12.58108797317978,-17.28289282102713,-25.924339231540692,-22.64595835172361,-9.755859375,-7.03125,8.26171875,-18.45703125,-27.333984375,-20.91796875,-43.9453125,-26.3671875,35.15625,13.18359375,26.3671875,-61.5234375,26.4,15.9,-23.2,-8.0,-9.5,10.3
6.338611041981494,6.341667333996156,-15.2148679328082,-10.1432452885388,12.679056610673497,-17.237011777466982,-25.855517666200473,-22.8223018992123,-9.931640625,-7.03125,8.349609375,-18.369140625,-27.333984375,-21.09375,-43.9453125,-30.76171875,35.15625,13.18359375,26.3671875,-61.5234375,26.4,16.7,-23.2,-7.2,-10.5,10.3
6.341690999979619,6.344665749988053,-15.33977803555824,-10.22651869037216,12.783148362965196,-17.187737357647425,-25.78160603647114,-23.00966705333736,-10.01953125,-7.119140625,8.525390625,-18.369140625,-27.24609375,-21.26953125,-43.9453125,-30.76171875,39.55078125,13.18359375,26.3671875,-61.5234375,26.4,16.7,-22.4,-8.0,-10.5,11.1
6.344689041987294,6.347675124998204,-15.461021149206612,-10.307347432804407,12.884184291005507,-17.139387063120445,-25.709080594680664,-23.191531723809916,-10.1953125,-7.20703125,8.61328125,-18.369140625,-27.24609375,-21.4453125,-43.9453125,-30.76171875,39.55078125,13.18359375,13.18359375,-61.5234375,25.6,16.7,-22.4,-8.0,-11.3,11.3
6.34770149999531,6.350685583980521,-15.582501887284725,-10.388334591523149,12.985418239403934,-17.09042142296566,-25.63563213444849,-23.373752830927085,-10.283203125,-7.294921875,8.701171875,-18.28125,-27.158203125,-21.62109375,-43.9453125,-30.76171875,39.55078125,13.18359375,13.18359375,-61.5234375,26.4,16.7,-23.2,-8.0,-10.5,11.3
6.350726167001994,6.353817916999105,-15.704123925406495,-10.469415950270998,13.086769937838744,-17.040872326856135,-25.561308490284205,-23.556185888109745,-10.458984375,-7.3828125,8.876953125,-18.28125,-27.0703125,-21.884765625,-43.9453125,-30.76171875,39.55078125,13.18359375,13.18359375,-61.5234375,25.6,16.9,-22.4,-8.8,-10.5,11.3
6.353903833980439,6.357744209002703,-15.831516207445608,-10.554344138297072,13.192930172871337,-16.98840250907643,-25.48260376361464,-23.74727431116841,-10.634765625,-7.470703125,8.96484375,-18.193359375,-27.0703125,-22.060546875,-43.9453125,-30.76171875,39.55078125,13.18359375,13.18359375,-61.5234375,25.6,16.9,-22.4,-8.0,-11.3,10.3
6.357775041979039,6.360735291993478,-15.986179189500392,-10.657452793000262,13.321815991250324,-16.923909121859847,-25.385863682789772,-23.97926878425059,-10.810546875,-7.55859375,9.140625,-18.10546875,-26.982421875,-22.32421875,-43.9453125,-26.3671875,39.55078125,13.18359375,13.18359375,-61.5234375,25.5,16.9,-22.4,-8.0,-11.3,10.3
6.360763042001054,6.363761249987874,-16.105152222987623,-10.736768148658415,13.420960185823017,-16.873701719597694,-25.31055257939654,-24.157728334481433,-10.8984375,-7.646484375,9.228515625,-18.10546875,-26.89453125,-22.5,-43.9453125,-26.3671875,35.15625,13.18359375,13.18359375,-61.5234375,25.5,16.9,-22.4,-8.0,-11.3,10.3
6.363790792005602,6.366733916976955,-16.225346071687973,-10.816897381125315,13.52112172640664,-16.822447237135396,-25.233670855703096,-24.338019107531956,-10.986328125,-7.822265625,9.31640625,-18.017578125,-26.806640625,-22.67578125,-48.33984375,-26.3671875,35.15625,17.578125,21.97265625,-61.5234375,26.3,16.1,-22.4,-8.0,-11.3,10.4
6.366764584003249,6.3696876670001075,-16.343040689296103,-10.895360459530735,13.619200574413417,-16.771735761598865,-25.157603642398296,-24.514561033944158,-11.162109375,-7.822265625,9.4921875,-17.9296875,-26.71875,-22.8515625,-48.33984375,-26.3671875,35.15625,17.578125,21.97265625,-61.5234375,25.5,16.9,-22.4,-8.0,-11.2,10.4
6.369700291979825,6.372713208984351,-16.458878267011077,-10.972585511340718,13.715731889175894,-16.721314756810116,-25.081972135215175,-24.688317400516617,-11.25,-7.91015625,9.4921875,-17.9296875,-26.630859375,-23.02734375,-48.33984375,-26.3671875,35.15625,17.578125,21.97265625,-61.5234375,26.3,16.7,-22.4,-8.0,-11.2,10.4
6.372722458996577,6.375724833982531,-16.577761721629745,-11.051841147753162,13.814801434691452,-16.66903738206949,-25.003556073104235,-24.866642582444616,-11.42578125,-7.998046875,9.66796875,-17.841796875,-26.54296875,-23.203125,-48.33984375,-26.3671875,35.15625,17.578125,21.97265625,-61.5234375,25.5,16.7,-22.4,-8.0,-11.2,10.4
6.375733458989998,6.3787247499858495,-16.695834373109587,-11.130556248739724,13.913195310924653,-16.61657959971429,-24.924869399571435,-25.04375155966438,-11.513671875,-8.0859375,9.755859375,-17.841796875,-26.455078125,-23.37890625,-48.33984375,-26.3671875,35.15625,17.578125,21.97265625,-61.5234375,25.6,16.7,-22.3,-8.0,-11.2,10.4
6.378735124977538,6.381690084002912,-16.81316925958604,-11.208779506390695,14.010974382988367,-16.56391445211898,-24.84587167817847,-25.21975388937906,-11.689453125,-8.173828125,9.84375,-17.75390625,-26.3671875,-23.5546875,-48.33984375,-26.3671875,35.15625,17.578125,21.97265625,-61.5234375,25.6,16.7,-22.3,-8.0,-10.4,10.4
6.381698624987621,6.38468925000052,-16.928645572864305,-11.285763715242869,14.107204644053583,-16.511557690409088,-24.76733653561363,-25.392968359296457,-11.77734375,-8.26171875,10.01953125,-17.75390625,-26.279296875,-23.73046875,-39.55078125,-26.3671875,35.15625,13.18359375,21.97265625,-61.5234375,25.6,16.7,-22.3,-8.8,-10.4,10.4
6.384696791996248,6.387657416984439,-17.045099420000348,-11.363399613333565,14.204249516666954,-16.458224364362355,-24.687336546543534,-25.56764913000052,-11.953125,-8.349609375,10.107421875,-17.666015625,-26.19140625,-23.90625,-39.55078125,-26.3671875,35.15625,13.18359375,26.3671875,-61.5234375,25.6,16.7,-22.3,-8.0,-10.4,10.4
6.387664291978581,6.390698417002568,-17.159989846768063,-11.43999323117871,14.299991538973384,-16.405077106511428,-24.60761565976714,-25.739984770152095,-12.041015625,-8.4375,10.1953125,-17.578125,-26.103515625,-24.08203125,-39.55078125,-26.3671875,35.15625,13.18359375,26.3671875,-61.5234375,25.6,16.7,-22.3,-8.0,-10.3,10.4
6.3907081249926705,6.39369437500136,-17.277448216421412,-11.518298810947607,14.397873513684505,-16.350192430112955,-24.525288645169432,-25.916172324632115,-12.12890625,-8.525390625,10.283203125,-17.578125,-26.015625,-24.2578125,-39.55078125,-26.3671875,35.15625,13.18359375,26.3671875,-57.12890625,26.4,16.8,-22.3,-8.0,-10.3,10.4
6.393701458990108,6.396693124988815,-17.392572703986183,-11.595048469324123,14.493810586655147,-16.29585379763897,-24.443780696458454,-26.088859055979277,-12.3046875,-8.61328125,10.458984375,-17.490234375,-25.927734375,-24.43359375,-39.55078125,-26.3671875,35.15625,13.18359375,26.3671875,-57.12890625,25.6,16.8,-21.5,-8.0,-10.3,10.4
6.396700624987716,6.399667708989,-17.507535850962558,-11.671690567308373,14.589613209135463,-16.241047974222745,-24.36157196133412,-26.26130377644384,-12.392578125,-8.701171875,10.546875,-17.490234375,-25.927734375,-24.609375,-39.55078125,-30.76171875,35.15625,13.18359375,26.3671875,-57.12890625,25.6,16.8,-21.6,-8.8,-11.3,10.4
6.399695750005776,6.402654208999593,-17.621956320236,-11.747970880157332,14.684963600196662,-16.185956264582437,-24.27893439687365,-26.432934480354,-12.568359375,-8.7890625,10.634765625,-17.40234375,-25.751953125,-24.78515625,-39.55078125,-30.76171875,35.15625,13.18359375,26.3671875,-57.12890625,25.6,16.0,-22.4,-8.0,-10.5,10.4
6.4026798749982845,6.405634166992968,-17.735568660754705,-11.823712440503137,14.779640550628917,-16.130710589564597,-24.196065884346893,-26.603352991132056,-12.65625,-8.876953125,10.810546875,-17.314453125,-25.6640625,-24.9609375,-43.9453125,-30.76171875,35.15625,17.578125,30.76171875,-57.12890625,25.6,16.0,-21.6,-8.0,-10.5,10.4
6.4056588749808725,6.408657124993624,-17.8485971964196,-11.899064797613066,14.873830997016329,-16.07520627992703,-24.11280941989055,-26.7728957946294,-12.83203125,-8.96484375,10.810546875,-17.314453125,-25.576171875,-25.13671875,-43.9453125,-30.76171875,35.15625,17.578125,30.76171875,-57.12890625,25.6,16.0,-22.4,-8.0,-10.5,10.4
6.408681000000797,6.411667249980383,-17.96286260610541,-11.975241737403607,14.969052171754507,-16.01853880136221,-24.027808202043314,-26.94429390915812,-12.919921875,-8.96484375,10.986328125,-17.2265625,-25.48828125,-25.3125,-43.9453125,-30.76171875,35.15625,17.578125,30.76171875,-57.12890625,25.6,16.8,-21.6,-8.0,-10.4,10.4
6.411691416986287,6.4145852089859545,-18.076282893111426,-12.050855262074283,15.06356907759285,-15.961731969073298,-23.942597953609948,-27.114424339667135,-13.095703125,-9.052734375,11.07421875,-17.2265625,-25.400390625,-25.48828125,-43.9453125,-30.76171875,35.15625,17.578125,30.76171875,-61.5234375,24.8,16.8,-21.6,-8.8,-10.4,10.4
6.414615083980607,6.4176520420005545,-18.186047915151143,-12.124031943434094,15.155039929292617,-15.90622046353532,-23.85933069530298,-27.279071872726714,-13.18359375,-9.140625,11.162109375,-17.138671875,-25.400390625,-25.6640625,-43.9453125,-30.76171875,35.15625,17.578125,30.76171875,-61.5234375,25.6,16.8,-21.5,-8.0,-11.2,10.4
6.4176783339935355,6.420681624993449,-18.300641883496223,-12.200427922330814,15.250534902913515,-15.84769883964264,-23.77154825946396,-27.450962825244332,-13.359375,-9.31640625,11.25,-17.05078125,-25.224609375,-25.83984375,-43.9453125,-26.3671875,35.15625,17.578125,30.76171875,-61.5234375,24.7,16.0,-21.5,-8.0,-10.4,10.4
6.420711208978901,6.423676417005481,-18.41368212267665,-12.275788081784434,15.344735102230539,-15.789396029333084,-23.684094043999625,-27.620523184014974,-13.447265625,-9.404296875,11.337890625,-17.05078125,-25.13671875,-26.015625,-43.9453125,-26.3671875,35.15625,17.578125,30.76171875,-61.5234375,25.5,16.0,-22.3,-8.8,-10.4,10.4
6.423701791994972,6.426666708983248,-18.524736867448706,-12.349824578299138,15.43728072287392,-15.731555323147122,-23.597332984720683,-27.78710530117306,-13.53515625,-9.4921875,11.513671875,-16.962890625,-25.048828125,-26.19140625,-43.9453125,-26.3671875,35.15625,17.578125,30.76171875,-61.5234375,25.5,16.0,-21.5,-8.0,-10.4,10.4
6.426691250002477,6.429709208983695,-18.635341273865208,-12.423560849243472,15.529451061554338,-15.67338941726214,-23.51008412589321,-27.95301191079781,-13.7109375,-9.580078125,11.6015625,-16.875,-24.9609375,-26.3671875,-43.9453125,-26.3671875,35.15625,17.578125,30.76171875,-61.5234375,24.7,16.0,-21.5,-8.0,-10.3,10.4
6.429731084004743,6.432746417005546,-18.747388115807617,-12.498258743871745,15.622823429839677,-15.613888957310845,-23.420833435966266,-28.121082173711425,-13.798828125,-9.66796875,11.689453125,-16.875,-24.873046875,-26.54296875,-43.9453125,-26.3671875,35.15625,17.578125,30.76171875,-57.12890625,25.5,15.9,-21.5,-8.8,-10.3,10.4
6.432782249990851,6.436676333978539,-18.85942280878892,-12.572948539192614,15.716185673990765,-15.55380869854115,-23.330713047811724,-28.28913421318338,-13.974609375,-9.755859375,11.865234375,-16.787109375,-24.78515625,-26.71875,-43.9453125,-26.3671875,35.15625,17.578125,30.76171875,-57.12890625,25.5,15.9,-20.7,-8.0,-10.3,10.4
6.436696583987214,6.440687458991306,-19.00251713364868,-12.668344755765787,15.835430944707232,-15.476208875207826,-23.21431331281174,-28.503775700473025,-14.150390625,-9.84375,12.041015625,-16.69921875,-24.609375,-26.982421875,-43.9453125,-26.3671875,35.15625,17.578125,30.76171875,-57.12890625,24.8,15.9,-20.8,-8.8,-9.5,8.8
6.440722416999051,6.443836166989058,-19.148938033289404,-12.765958688859602,15.9574483610745,-15.395788344684727,-23.09368251702709,-28.723407049934107,-14.23828125,-9.931640625,12.041015625,-16.611328125,-24.521484375,-27.158203125,-43.9453125,-26.3671875,35.15625,21.97265625,30.76171875,-57.12890625,25.6,15.9,-21.6,-8.0,-9.5,8.0
6.443849834002322,6.447726583981421,-19.26215504367257,-12.841436695781713,16.05179586972714,-15.33288960334062,-22.99933440501093,-28.893232565508857,-14.4140625,-10.01953125,12.216796875,-16.611328125,-24.43359375,-27.333984375,-39.55078125,-26.3671875,35.15625,21.97265625,30.76171875,-57.12890625,24.8,15.9,-20.8,-8.8,-9.5,8.6
6.447755417000735,6.450649749982404,-19.40288972929129,-12.935259819527525,16.169074774409403,-15.253820944318075,-22.88073141647711,-29.10433459393693,-14.501953125,-10.107421875,12.3046875,-16.5234375,-24.2578125,-27.509765625,-39.55078125,-26.3671875,35.15625,21.97265625,30.76171875,-57.12890625,25.6,16.0,-21.6,-8.8,-8.7,9.4
6.450675625004806,6.4536697499861475,-19.5076403379889,-13.005093558659267,16.25636694832408,-15.194325964994935,-22.791488947492404,-29.26146050698335,-14.677734375,-10.1953125,12.48046875,-16.435546875,-24.2578125,-27.685546875,-39.55078125,-26.3671875,35.15625,21.97265625,30.76171875,-52.734375,24.8,16.0,-20.8,-8.0,-10.3,10.2
6.4536932919872925,6.456665334000718,-19.61545562917522,-13.076970419450147,16.346213024312682,-15.1325095291173,-22.69876429367595,-29.42318344376283,-14.765625,-10.283203125,12.568359375,-16.435546875,-24.169921875,-27.861328125,-39.55078125,-26.3671875,35.15625,21.97265625,30.76171875,-52.734375,24.8,16.0,-20.8,-8.8,-10.3,10.6
6.456692167004803,6.459638917003758,-19.722162896384653,-13.148108597589768,16.43513574698721,-15.070741199622066,-22.6061117994331,-29.583244344576983,-14.94140625,-10.37109375,12.65625,-16.34765625,-24.08203125,-27.94921875,-39.55078125,-30.76171875,35.15625,21.97265625,30.76171875,-52.734375,24.8,16.0,-20.7,-8.8,-10.6,11.4
6.459666124981595,6.462566583999433,-19.827551367174063,-13.218367578116041,16.52295947264505,-15.0091558246895,-22.51373373703425,-29.741327050761093,-15.029296875,-10.458984375,12.744140625,-16.259765625,-23.994140625,-28.125,-39.55078125,-30.76171875,35.15625,21.97265625,30.76171875,-52.734375,24.8,16.0,-20.7,-8.8,-10.6,11.4
6.462589624978136,6.465718249994097,-19.930730024517736,-13.28715334967849,16.608941687098113,-14.948296085578704,-22.422444128368056,-29.896095036776604,-15.1171875,-10.546875,12.83203125,-16.259765625,-23.90625,-28.30078125,-39.55078125,-30.76171875,35.15625,17.578125,26.3671875,-52.734375,24.8,15.2,-20.7,-8.8,-10.6,10.6
6.465748041984625,6.468748541985406,-20.041727181876144,-13.361151454584096,16.70143931823012,-14.882191767601483,-22.323287651402225,-30.062590772814218,-15.29296875,-10.634765625,12.919921875,-16.171875,-23.818359375,-28.4765625,-39.55078125,-30.76171875,35.15625,17.578125,26.3671875,-52.734375,24.8,15.2,-20.7,-8.8,-10.4,10.3
6.4687830839829985,6.472732666996308,-20.147923795070184,-13.431949196713456,16.78993649589182,-14.81832449290097,-22.227486739351455,-30.221885692605273,-15.46875,-10.72265625,13.0078125,-16.083984375,-23.73046875,-28.65234375,-39.55078125,-30.76171875,35.15625,17.578125,26.3671875,-52.734375,24.8,15.2,-20.7,-8.8,-10.4,10.3
6.472781541990116,6.475755708990619,-20.287131060652193,-13.524754040434795,16.90594255054349,-14.73366988043857,-22.100504820657857,-30.430696590978286,-15.556640625,-10.810546875,13.18359375,-15.99609375,-23.5546875,-28.916015625,-39.55078125,-30.76171875,35.15625,17.578125,26.3671875,-57.12890625,24.8,15.2,-20.7,-8.0,-10.4,9.5
6.475784209003905,6.47870174999116,-20.391143781508042,-13.594095854338695,16.992619817923366,-14.66971567219527,-22.004573508292903,-30.586715672262063,-15.732421875,-10.8984375,13.271484375,-15.908203125,-23.5546875,-29.091796875,-39.55078125,-26.3671875,35.15625,17.578125,26.3671875,-57.12890625,24.8,15.2,-20.8,-8.0,-11.3,9.7
6.4787293749977835,6.48170087498147,-20.49272399923055,-13.661815999487033,17.077269999358787,-14.606669147898169,-21.910003721847254,-30.739085998845823,-15.8203125,-10.8984375,13.359375,-15.908203125,-23.37890625,-29.1796875,-39.55078125,-26.3671875,35.15625,17.578125,26.3671875,-57.12890625,24.8,16.0,-20.8,-8.8,-11.3,10.5
6.481728666985873,6.484817208984168,-20.59572028126437,-13.73048018750958,17.163100234386974,-14.54214268326394,-21.81321402489591,-30.893580421896555,-15.908203125,-11.07421875,13.447265625,-15.8203125,-23.291015625,-29.35546875,-39.55078125,-26.3671875,35.15625,21.97265625,30.76171875,-57.12890625,24.8,15.2,-20.8,-8.8,-10.5,9.7
6.484849874977954,6.488636583992047,-20.702417755006216,-13.80161183667081,17.252014795838512,-14.474650624794652,-21.711975937191976,-31.053626632509324,-16.083984375,-11.162109375,13.53515625,-15.8203125,-23.203125,-29.53125,-39.55078125,-26.3671875,35.15625,21.97265625,30.76171875,-57.12890625,24.0,15.2,-20.8,-9.6,-10.5,9.6
6.488666708988603,6.4917317499930505,-20.832218370634983,-13.888145580423323,17.36018197552915,-14.391643837205262,-21.58746575580789,-31.24832755595248,-16.171875,-11.25,13.7109375,-15.732421875,-23.02734375,-29.794921875,-39.55078125,-26.3671875,35.15625,21.97265625,30.76171875,-57.12890625,24.8,15.1,-20.0,-8.8,-10.3,8.8
6.491772209003102,6.49567812497844,-20.9372760821388,-13.9581840547592,17.447730068449,-14.323725000622778,-21.485587500934166,-31.405914123208206,-16.34765625,-11.337890625,13.798828125,-15.64453125,-23.02734375,-29.8828125,-39.55078125,-26.3671875,35.15625,21.97265625,30.76171875,-52.734375,24.0,15.1,-20.0,-8.8,-10.3,8.0
6.495715583994752,6.49975008398178,-21.06996042842577,-14.04664028561718,17.558300357021473,-14.236990436411642,-21.35548565461746,-31.604940642638656,-16.5234375,-11.42578125,13.88671875,-15.556640625,-22.8515625,-30.146484375,-39.55078125,-26.3671875,35.15625,21.97265625,30.76171875,-52.734375,24.0,15.1,-20.7,-9.6,-10.4,7.6
6.49980437499471,6.503732916986337,-21.20668389168011,-14.137789261120075,17.672236576400092,-14.146480650966087,-21.219720976449132,-31.81002583752017,-16.69921875,-11.513671875,14.0625,-15.46875,-22.67578125,-30.322265625,-39.55078125,-26.3671875,30.76171875,21.97265625,30.76171875,-52.734375,24.0,15.1,-20.7,-8.8,-10.4,8.4
6.5037865419872105,6.507660250004847,-21.339001180207717,-14.226000786805145,17.782500983506427,-14.057770150838984,-21.086655226258475,-32.008501770311575,-16.787109375,-11.6015625,14.23828125,-15.380859375,-22.587890625,-30.498046875,-39.55078125,-26.3671875,30.76171875,17.578125,30.76171875,-52.734375,24.8,15.1,-19.9,-8.8,-11.2,9.8
6.507690708996961,6.5106499169778544,-21.467916198684474,-14.311944132456315,17.88993016557039,-13.970263245531534,-20.9553948682973,-32.20187429802671,-16.962890625,-11.689453125,14.326171875,-15.29296875,-22.412109375,-30.673828125,-39.55078125,-26.3671875,30.76171875,17.578125,30.76171875,-52.734375,24.0,15.2,-19.9,-9.6,-9.6,9.8
6.510677499987651,6.513674124988029,-21.56599474346629,-14.377329828977528,17.971662286221907,-13.902963244891106,-20.85444486733666,-32.34899211519944,-17.138671875,-11.77734375,14.4140625,-15.205078125,-22.32421875,-30.849609375,-39.55078125,-26.3671875,30.76171875,17.578125,30.76171875,-48.33984375,23.2,15.2,-19.9,-8.8,-9.6,8.2
6.513707249978324,6.5166798749996815,-21.664998951666096,-14.443332634444063,18.05416579305508,-13.834382617623495,-20.751573926435242,-32.497498427499146,-17.2265625,-11.865234375,14.501953125,-15.205078125,-22.236328125,-30.9375,-39.55078125,-26.3671875,30.76171875,17.578125,30.76171875,-48.33984375,24.0,15.2,-19.9,-9.6,-9.6,7.9
6.516712624987122,6.52061437498196,-21.762721867141362,-14.508481244760908,18.135601555951133,-13.766044165642537,-20.649066248463804,-32.64408280071205,-17.314453125,-11.953125,14.677734375,-15.1171875,-22.1484375,-31.11328125,-39.55078125,-26.3671875,30.76171875,17.578125,30.76171875,-48.33984375,23.9,14.4,-19.2,-9.6,-10.4,8.7
6.52064266699017,6.523713834001683,-21.889779163361716,-14.59318610890781,18.24148263613476,-13.67621728369289,-20.514325925539335,-32.83466874504257,-17.490234375,-12.041015625,14.765625,-15.029296875,-22.060546875,-31.2890625,-39.55078125,-26.3671875,35.15625,21.97265625,30.76171875,-48.33984375,23.9,14.4,-19.2,-8.8,-11.2,8.7
6.523754166992148,6.527733958995668,-21.989781753726646,-14.65985450248443,18.324818128105534,-13.60472954402207,-20.407094316033106,-32.98467263058997,-17.666015625,-12.12890625,14.853515625,-14.94140625,-21.884765625,-31.46484375,-39.55078125,-26.3671875,35.15625,21.97265625,35.15625,-48.33984375,23.1,14.4,-20.0,-8.8,-10.4,9.8
6.52778262499487,6.531668749987148,-22.11847442179144,-14.745649614527627,18.43206201815953,-13.51169187946429,-20.267537819196438,-33.17771163268716,-17.841796875,-12.216796875,15.029296875,-14.853515625,-21.796875,-31.640625,-39.55078125,-26.3671875,35.15625,21.97265625,35.15625,-48.33984375,22.3,14.3,-19.2,-8.8,-10.4,9.8
6.531702459004009,6.53575241699582,-22.242846875738042,-14.828564583825361,18.5357057297817,-13.420643515991335,-20.130965273987,-33.364270313607065,-17.9296875,-12.3046875,15.1171875,-14.765625,-21.62109375,-31.81640625,-39.55078125,-26.3671875,35.15625,21.97265625,35.15625,-43.9453125,23.1,14.3,-19.2,-8.8,-10.4,9.8
6.535796833981294,6.5396690419875085,-22.371856843584297,-14.914571229056197,18.643214036320245,-13.324997750596776,-19.987496625895165,-33.557785265376445,-18.10546875,-12.48046875,15.205078125,-14.677734375,-21.4453125,-31.9921875,-39.55078125,-26.3671875,35.15625,21.97265625,35.15625,-43.9453125,23.0,13.5,-19.9,-8.8,-10.4,10.4
6.539705375005724,6.543728833989007,-22.494148107580436,-14.996098738386959,18.745123422983696,-13.233178855760588,-19.84976828364088,-33.74122216137066,-18.28125,-12.568359375,15.380859375,-14.58984375,-21.357421875,-32.255859375,-39.55078125,-26.3671875,30.76171875,21.97265625,35.15625,-43.9453125,22.2,13.5,-19.1,-8.8,-11.2,9.6
6.543802083993796,6.54775895900093,-22.62141663433746,-15.08094442289164,18.85118052861455,-13.136404200299776,-19.704606300449665,-33.93212495150619,-18.369140625,-12.65625,15.46875,-14.501953125,-21.181640625,-32.431640625,-39.55078125,-26.3671875,30.76171875,21.97265625,35.15625,-43.9453125,23.0,13.5,-19.1,-8.8,-9.6,9.6
6.547808167000767,6.551687541999854,-22.744963903010103,-15.163309268673402,18.95413658584175,-13.041244266655054,-19.56186639998258,-34.117445854515154,-18.544921875,-12.744140625,15.64453125,-14.4140625,-21.09375,-32.607421875,-39.55078125,-26.3671875,30.76171875,21.97265625,35.15625,-43.9453125,22.2,13.5,-18.3,-8.8,-10.3,9.6
6.55172487499658,6.555629041977227,-22.86488413973765,-15.243256093158434,19.05407011644804,-12.947708047310469,-19.421562070965702,-34.29732620960648,-18.720703125,-12.83203125,15.732421875,-14.326171875,-20.91796875,-32.87109375,-39.55078125,-26.3671875,30.76171875,21.97265625,35.15625,-52.734375,22.2,13.5,-19.1,-9.6,-10.3,8.8
6.555660624988377,6.558631916996092,-22.98451560223615,-15.323010401490766,19.153763001863457,-12.85322341810823,-19.279835127162347,-34.47677340335422,-18.80859375,-12.919921875,15.8203125,-14.23828125,-20.7421875,-33.046875,-39.55078125,-21.97265625,30.76171875,21.97265625,35.15625,-52.734375,23.2,13.5,-19.1,-9.6,-10.5,8.7
6.558660249982495,6.561660124978516,-23.075102851944976,-15.38340190129665,19.229252376620813,-12.780882048715673,-19.17132307307351,-34.612654277917464,-18.984375,-13.0078125,15.99609375,-14.150390625,-20.654296875,-33.22265625,-39.55078125,-21.97265625,30.76171875,21.97265625,35.15625,-52.734375,22.4,13.5,-18.3,-9.6,-10.5,8.7
6.561687708977843,6.56463670899393,-23.16601122572881,-15.444007483819206,19.305009354774004,-12.707581706986439,-19.061372560479658,-34.749016838593214,-19.072265625,-13.095703125,16.083984375,-14.0625,-20.56640625,-33.310546875,-39.55078125,-21.97265625,30.76171875,21.97265625,35.15625,-52.734375,22.4,13.5,-18.3,-9.6,-11.3,9.5
6.564667667000322,6.567772416980006,-23.25498162083636,-15.503321080557575,19.379151350696965,-12.635150789489579,-18.95272618423437,-34.88247243125454,-19.248046875,-13.18359375,16.171875,-14.0625,-20.478515625,-33.486328125,-39.55078125,-21.97265625,30.76171875,21.97265625,35.15625,-52.734375,21.6,13.5,-18.3,-9.6,-10.5,8.8
6.56780033398536,6.571687208983349,-23.347961925817405,-15.565307950544936,19.456634938181168,-12.558709663205956,-18.838064494808933,-35.0219428887261,-19.3359375,-13.271484375,16.171875,-13.974609375,-20.390625,-33.662109375,-39.55078125,-21.97265625,30.76171875,21.97265625,35.15625,-52.734375,21.6,12.7,-19.1,-9.6,-10.5,8.8
6.571709249983542,6.575711958983447,-23.46318888507669,-15.64212592338446,19.552657404230573,-12.462900809883061,-18.694351214824593,-35.194783327615035,-19.423828125,-13.359375,16.34765625,-13.88671875,-20.21484375,-33.837890625,-39.55078125,-21.97265625,30.76171875,21.97265625,35.15625,-52.734375,22.4,12.7,-18.3,-10.4,-10.5,8.0
6.575741291977465,6.578813667001668,-23.581118487143772,-15.720745658095849,19.65093207261981,-12.36358184158056,-18.54537276237084,-35.37167773071566,-19.599609375,-13.447265625,16.435546875,-13.798828125,-20.126953125,-34.013671875,-39.55078125,-26.3671875,30.76171875,21.97265625,35.15625,-52.734375,21.5,12.7,-18.5,-9.6,-11.2,7.0
6.57883558399044,6.582693791977363,-23.670979418081206,-15.78065294538747,19.725816181734338,-12.287025377089192,-18.430538065633787,-35.50646912712181,-19.6875,-13.53515625,16.5234375,-13.623046875,-19.951171875,-34.189453125,-39.55078125,-26.3671875,30.76171875,21.97265625,35.15625,-52.734375,21.5,12.7,-18.5,-8.8,-10.4,6.2
6.582713708980009,6.585811124998145,-23.782813646377345,-15.855209097584897,19.81901137198112,-12.190666284984637,-18.285999427476956,-35.674220469566016,-19.86328125,-13.623046875,16.611328125,-13.53515625,-19.86328125,-34.27734375,-35.15625,-26.3671875,26.3671875,26.3671875,30.76171875,-52.734375,21.5,12.7,-19.3,-9.6,-10.4,9.0
6.5858337499958,6.589589041977888,-23.872146414914674,-15.914764276609784,19.893455345762227,-12.112814620060242,-18.169221930090362,-35.808219622372015,-19.951171875,-13.7109375,16.787109375,-13.447265625,-19.6875,-34.365234375,-35.15625,-26.3671875,26.3671875,26.3671875,30.76171875,-52.734375,21.5,12.7,-17.7,-9.6,-9.4,9.8
6.589605749992188,6.59270820900565,-23.979380191401578,-15.986253460934385,19.982816826167983,-12.018306880869842,-18.027460321304762,-35.96907028710237,-20.0390625,-13.798828125,16.875,-13.359375,-19.599609375,-34.541015625,-35.15625,-26.3671875,26.3671875,26.3671875,30.76171875,-39.55078125,22.3,12.8,-18.5,-8.8,-10.2,9.0
6.592727541981731,6.5966840839828365,-24.06749277657957,-16.04499518438638,20.05624398048297,-11.93977091627046,-17.90965637440569,-36.101239164869355,-20.21484375,-13.798828125,16.962890625,-13.271484375,-19.423828125,-34.62890625,-35.15625,-26.3671875,26.3671875,26.3671875,30.76171875,-39.55078125,21.5,12.8,-18.5,-8.8,-10.2,9.7
6.596700958994916,6.599748459004331,-24.178805118510212,-16.11920341234014,20.149004265425173,-11.839395311906852,-17.75909296786028,-36.26820767776532,-20.302734375,-13.88671875,17.05078125,-13.18359375,-19.248046875,-34.8046875,-35.15625,-21.97265625,26.3671875,26.3671875,30.76171875,-39.55078125,21.5,12.8,-18.3,-9.6,-9.7,9.7
6.599769083986757,6.603799167001853,-24.264112155069995,-16.17607477004666,20.220093462558328,-11.761573238043448,-17.642359857065173,-36.39616823260499,-20.478515625,-13.974609375,17.138671875,-13.18359375,-19.16015625,-34.98046875,-35.15625,-21.97265625,30.76171875,21.97265625,30.76171875,-39.55078125,20.7,12.8,-18.3,-10.4,-9.7,8.1
6.603818208997836,6.607707499992102,-24.37583220498401,-16.250554803322675,20.313193504153343,-11.658450522441067,-17.4876757836616,-36.56374830747602,-20.56640625,-14.0625,17.2265625,-13.095703125,-18.984375,-35.15625,-35.15625,-21.97265625,30.76171875,21.97265625,39.55078125,-39.55078125,21.5,12.8,-18.3,-9.6,-9.7,7.9
6.607725708978251,6.6116942089865915,-24.48270974029118,-16.321806493527454,20.402258116909316,-11.55848747837904,-17.33773121756856,-36.72406461043677,-20.7421875,-14.150390625,17.40234375,-12.919921875,-18.896484375,-35.33203125,-35.15625,-21.97265625,30.76171875,21.97265625,39.55078125,-39.55078125,20.7,12.8,-17.5,-8.8,-10.4,8.7
6.611712041980354,6.615718166984152,-24.590793030287525,-16.393862020191683,20.492327525239602,-11.456059010973918,-17.18408851646088,-36.886189545431286,-20.830078125,-14.23828125,17.490234375,-12.83203125,-18.6328125,-35.5078125,-35.15625,-21.97265625,30.76171875,21.97265625,39.55078125,-39.55078125,21.5,12.8,-17.5,-8.8,-9.6,8.7
6.615736916981405,6.619691125000827,-24.69894310540485,-16.4659620702699,20.582452587837373,-11.3521845078572,-17.028276761785797,-37.048414658107276,-21.005859375,-14.326171875,17.578125,-12.744140625,-18.544921875,-35.68359375,-35.15625,-21.97265625,30.76171875,21.97265625,39.55078125,-39.55078125,20.8,12.8,-17.5,-8.8,-9.6,8.7
6.619709583988879,6.623708833998535,-24.804722236605983,-16.536481491070656,20.67060186383832,-11.249212412230364,-16.873818618345545,-37.207083354908974,-21.181640625,-14.4140625,17.666015625,-12.744140625,-18.45703125,-35.859375,-35.15625,-21.97265625,26.3671875,21.97265625,39.55078125,-39.55078125,20.0,12.8,-17.5,-10.4,-10.4,8.7
6.623726458987221,6.627689833985642,-24.910696372923137,-16.60713091528209,20.758913644102613,-11.144649064133056,-16.716973596199583,-37.366044559384704,-21.26953125,-14.501953125,17.841796875,-12.568359375,-18.28125,-36.03515625,-35.15625,-21.97265625,26.3671875,21.97265625,39.55078125,-39.55078125,20.8,12.8,-16.7,-9.6,-10.4,8.0
6.627707209001528,6.630720458982978,-25.014739055546464,-16.676492703697644,20.845615879622052,-11.040588349518304,-16.560882524277456,-37.5221085833197,-21.357421875,-14.58984375,17.9296875,-12.48046875,-18.193359375,-36.2109375,-35.15625,-21.97265625,26.3671875,21.97265625,39.55078125,-39.55078125,20.8,11.9,-17.5,-9.6,-11.3,7.2
6.630738459003624,6.633791250002105,-25.093309446115867,-16.728872964077244,20.91109120509655,-10.961058769652022,-16.441588154478033,-37.6399641691738,-21.533203125,-14.677734375,18.017578125,-12.392578125,-18.017578125,-36.38671875,-35.15625,-21.97265625,26.3671875,21.97265625,39.55078125,-48.33984375,20.0,11.9,-16.7,-10.4,-10.5,6.4
6.633809208986349,6.637700583989499,-25.17232359923807,-16.781549066158714,20.976936332698394,-10.880239470715136,-16.320359206072705,-37.758485398857104,-21.62109375,-14.765625,18.10546875,-12.3046875,-17.9296875,-36.474609375,-35.15625,-21.97265625,26.3671875,21.97265625,39.55078125,-48.33984375,20.8,11.9,-16.7,-9.6,-10.5,7.2
6.637718624988338,6.641701624990674,-25.272069972417743,-16.848046648278498,21.06005831034812,-10.776981216344018,-16.165471824516025,-37.908104958626616,-21.796875,-14.853515625,18.193359375,-12.216796875,-17.75390625,-36.5625,-35.15625,-21.97265625,26.3671875,21.97265625,39.55078125,-48.33984375,20.0,11.9,-16.7,-9.6,-10.4,8.8
6.641719084000215,6.645694791979622,-25.373152650946622,-16.915435100631083,21.144293875788854,-10.670897589066158,-16.006346383599237,-38.05972897641993,-21.884765625,-14.853515625,18.28125,-12.12890625,-17.666015625,-36.73828125,-30.76171875,-21.97265625,30.76171875,30.76171875,35.15625,-48.33984375,20.0,11.9,-17.5,-9.6,-11.2,8.0
6.645715166989248,6.649705166986678,-25.473124483420655,-16.982082988947102,21.227603736183877,-10.564509328715339,-15.846763993073008,-38.20968672513098,-21.97265625,-15.029296875,18.369140625,-12.041015625,-17.490234375,-36.9140625,-30.76171875,-21.97265625,30.76171875,30.76171875,35.15625,-48.33984375,20.0,11.1,-17.5,-9.6,-11.1,7.1
6.649729416996706,6.653756333980709,-25.572540281071248,-17.048360187380833,21.310450234226042,-10.457218316614039,-15.685827474921059,-38.358810421606876,-22.1484375,-15.1171875,18.45703125,-11.953125,-17.314453125,-37.08984375,-30.76171875,-21.97265625,30.76171875,30.76171875,35.15625,-35.15625,20.0,11.1,-17.5,-10.4,-11.1,7.1
6.6537969170021825,6.657596499979263,-25.672237748710696,-17.11482516580713,21.39353145725891,-10.348079993112488,-15.522119989668733,-38.50835662306604,-22.236328125,-15.1171875,18.6328125,-11.77734375,-17.138671875,-37.177734375,-30.76171875,-21.97265625,30.76171875,30.76171875,35.15625,-35.15625,19.9,11.9,-16.8,-9.6,-11.1,8.1
6.657629374996759,6.6605559999879915,-25.765215330094545,-17.17681022006303,21.471012775078783,-10.244861671293481,-15.367292506940222,-38.647822995141816,-22.32421875,-15.205078125,18.720703125,-11.689453125,-16.962890625,-37.353515625,-30.76171875,-21.97265625,30.76171875,30.76171875,35.15625,-35.15625,19.9,11.1,-16.8,-9.6,-11.3,6.5
6.6606124169775285,6.6637321669841185,-25.836939525313564,-17.224626350209043,21.530782937761302,-10.16426323427745,-15.246394851416177,-38.755409287970345,-22.412109375,-15.29296875,18.80859375,-11.6015625,-16.875,-37.44140625,-30.76171875,-21.97265625,26.3671875,26.3671875,39.55078125,-35.15625,19.9,11.1,-16.8,-9.6,-11.3,7.3
6.66375337500358,6.6676934999995865,-25.911847497937057,-17.274564998624705,21.59320624828088,-10.079156914558396,-15.118735371837595,-38.86777124690558,-22.587890625,-15.29296875,18.896484375,-11.513671875,-16.69921875,-37.529296875,-30.76171875,-21.97265625,26.3671875,26.3671875,39.55078125,-35.15625,19.1,11.9,-16.8,-9.6,-11.3,7.9
6.667716541996924,6.670642291981494,-26.005463877545107,-17.336975918363404,21.671219897954252,-9.97142246653342,-14.957133699800131,-39.00819581631766,-22.763671875,-15.46875,18.984375,-11.42578125,-16.5234375,-37.705078125,-30.76171875,-21.97265625,26.3671875,26.3671875,39.55078125,-35.15625,19.1,11.2,-16.0,-9.6,-11.2,7.9
6.670663750002859,6.673633750004228,-26.074428461712014,-17.382952307808008,21.72869038476001,-9.891055002600696,-14.836582503901043,-39.11164269256802,-22.763671875,-15.46875,19.072265625,-11.337890625,-16.34765625,-37.79296875,-30.76171875,-21.97265625,26.3671875,26.3671875,39.55078125,-35.15625,19.1,11.2,-16.0,-9.6,-10.4,7.1
6.673654583981261,6.6766196669777855,-26.143842591404614,-17.429228394269742,21.786535492837178,-9.80928119590734,-14.713921793861012,-39.21576388710692,-22.939453125,-15.556640625,19.16015625,-11.25,-16.171875,-37.880859375,-30.76171875,-21.97265625,26.3671875,26.3671875,39.55078125,-35.15625,18.2,11.2,-15.9,-9.6,-10.4,7.1
6.676638624980114,6.679597833979642,-26.21252400584515,-17.475016003896766,21.843770004870954,-9.727477353535805,-14.591216030303709,-39.318786008767724,-23.02734375,-15.64453125,19.248046875,-11.162109375,-16.083984375,-37.96875,-30.76171875,-17.578125,26.3671875,26.3671875,39.55078125,-35.15625,18.2,10.4,-15.9,-9.6,-10.3,7.9
6.679616084002191,6.682717124989722,-26.28047991941504,-17.520319946276693,21.90039993284586,-9.645640931534778,-14.46846139730217,-39.42071987912256,-23.115234375,-15.64453125,19.248046875,-11.162109375,-15.99609375,-38.056640625,-35.15625,-17.578125,21.97265625,21.97265625,39.55078125,-35.15625,18.2,11.2,-15.9,-10.4,-10.3,8.7
6.682747333979933,6.686653708980884,-26.351325678988562,-17.56755045265904,21.959438065823804,-9.559349930475351,-14.339024895713026,-39.526988518482845,-23.203125,-15.732421875,19.423828125,-10.986328125,-15.8203125,-38.14453125,-35.15625,-17.578125,21.97265625,21.97265625,48.33984375,-35.15625,18.2,11.2,-15.1,-9.6,-9.5,9.1
6.6866728749882895,6.689653166977223,-26.439241810269095,-17.626161206846064,22.032701508557576,-9.450843407351272,-14.176265111026908,-39.65886271540364,-23.291015625,-15.8203125,19.423828125,-10.8984375,-15.732421875,-38.3203125,-35.15625,-17.578125,21.97265625,21.97265625,48.33984375,-35.15625,18.2,10.3,-15.9,-9.6,-10.3,9.1
6.689671083993744,6.692702375003137,-26.505712545029795,-17.670475030019862,22.088093787524826,-9.367727163695822,-14.051590745543733,-39.75856881754469,-23.37890625,-15.8203125,19.51171875,-10.810546875,-15.556640625,-38.49609375,-35.15625,-17.578125,21.97265625,21.97265625,48.33984375,-35.15625,18.2,11.1,-15.9,-10.4,-10.3,7.5
6.692718709004112,6.695728749997215,-26.57267631896808,-17.71511754597872,22.143896932473396,-9.28302807989704,-13.92454211984556,-39.85901447845212,-23.466796875,-15.908203125,19.599609375,-10.72265625,-15.46875,-38.583984375,-35.15625,-17.578125,21.97265625,21.97265625,48.33984375,-35.15625,18.2,11.1,-16.0,-10.4,-10.3,7.0
6.695741999981692,6.698768917005509,-26.638503720945724,-17.759002480630485,22.198753100788103,-9.198795078321961,-13.798192617482943,-39.95775558141859,-23.5546875,-15.908203125,19.6875,-10.634765625,-15.29296875,-38.671875,-35.15625,-17.578125,21.97265625,21.97265625,48.33984375,-35.15625,18.3,11.1,-15.2,-10.4,-10.6,7.8
6.698799459001748,6.702645541983657,-26.704464079153574,-17.802976052769047,22.25372006596131,-9.113399127906764,-13.670098691860145,-40.05669611873036,-23.642578125,-15.99609375,19.775390625,-10.546875,-15.1171875,-38.84765625,-35.15625,-17.578125,26.3671875,30.76171875,48.33984375,-35.15625,18.3,11.1,-15.2,-10.4,-9.8,7.8
6.702675042004557,6.705665166984545,-26.78718888776335,-17.858125925175564,22.322657406469453,-9.004850828335382,-13.507276242503073,-40.180783331645024,-23.818359375,-16.083984375,19.86328125,-10.458984375,-14.94140625,-39.0234375,-26.3671875,-17.578125,26.3671875,30.76171875,43.9453125,-35.15625,17.5,10.3,-15.2,-9.6,-9.0,7.3
6.70570495899301,6.709645916998852,-26.851171551511626,-17.900781034341083,22.375976292926353,-8.919755510134488,-13.379633265201733,-40.27675732726744,-23.90625,-16.171875,19.951171875,-10.37109375,-14.853515625,-39.111328125,-26.3671875,-17.578125,26.3671875,30.76171875,43.9453125,-35.15625,17.5,10.3,-15.2,-9.6,-8.6,6.5
6.709678333980264,6.712672541994834,-26.93415516839407,-17.95610344559605,22.44512930699506,-8.807857233802881,-13.211785850704322,-40.401232752591106,-23.994140625,-16.171875,20.0390625,-10.283203125,-14.765625,-39.287109375,-26.3671875,-17.578125,26.3671875,30.76171875,43.9453125,-39.55078125,17.5,11.2,-15.2,-10.4,-9.4,6.5
6.712694916990586,6.715622749994509,-26.996455782901542,-17.99763718860103,22.497046485751284,-8.722674797760451,-13.084012196640675,-40.49468367435231,-24.08203125,-16.259765625,20.126953125,-10.1953125,-14.58984375,-39.287109375,-26.3671875,-17.578125,26.3671875,30.76171875,43.9453125,-39.55078125,17.5,10.4,-14.2,-10.4,-10.2,7.1
6.715652208979009,6.718637999991188,-27.0569434949329,-18.037962329955267,22.54745291244408,-8.63897650090072,-12.958464751351078,-40.58541524239935,-24.169921875,-16.34765625,20.126953125,-10.107421875,-14.501953125,-39.462890625,-26.3671875,-21.97265625,26.3671875,30.76171875,43.9453125,-39.55078125,17.6,10.4,-15.0,-11.2,-11.3,6.3
6.718669416994089,6.721595166978659,-27.118054985280725,-18.078703323520486,22.598379154400604,-8.553390330163207,-12.83008549524481,-40.67708247792109,-24.2578125,-16.34765625,20.21484375,-10.01953125,-14.326171875,-39.55078125,-26.3671875,-21.97265625,21.97265625,26.3671875,43.9453125,-39.55078125,17.6,10.4,-15.0,-10.4,-11.3,7.1
6.721620833995985,6.724605083989445,-27.177244584383267,-18.11816305625551,22.647703820319386,-8.46948448649255,-12.704226729738826,-40.765866876574904,-24.345703125,-16.435546875,20.302734375,-9.931640625,-14.23828125,-39.638671875,-30.76171875,-21.97265625,21.97265625,26.3671875,35.15625,-39.55078125,16.8,10.4,-14.2,-10.4,-10.5,6.3
6.724635999999009,6.727629166998668,-27.237109451138526,-18.158072967425685,22.697591209282105,-8.383578359486158,-12.575367539229237,-40.85566417670779,-24.43359375,-16.5234375,20.390625,-9.84375,-14.150390625,-39.7265625,-30.76171875,-21.97265625,21.97265625,26.3671875,35.15625,-39.55078125,16.8,9.6,-14.2,-10.4,-10.4,7.1
6.727657999988878,6.73061124997912,-27.296496950532642,-18.19766463368843,22.747080792110534,-8.297288827069083,-12.445933240603626,-40.94474542579896,-24.43359375,-16.611328125,20.390625,-9.755859375,-13.974609375,-39.814453125,-30.76171875,-21.97265625,21.97265625,26.3671875,35.15625,-30.76171875,17.6,9.6,-15.0,-10.4,-9.6,7.1
6.73063745899708,6.733622542000376,-27.35444629501789,-18.236297530011928,22.795371912514906,-8.212030954452189,-12.318046431678285,-41.031669442526834,-24.609375,-16.611328125,20.478515625,-9.66796875,-13.88671875,-39.90234375,-30.76171875,-21.97265625,21.97265625,26.3671875,35.15625,-30.76171875,16.8,9.6,-14.2,-11.2,-11.2,6.3
6.733653624978615,6.736725541995838,-27.412499294481695,-18.274999529654462,22.843749412068075,-8.125539501542601,-12.188309252313902,-41.118748941722544,-24.609375,-16.611328125,20.56640625,-9.580078125,-13.7109375,-39.990234375,-30.76171875,-21.97265625,21.97265625,26.3671875,35.15625,-30.76171875,17.6,10.4,-14.4,-10.4,-10.4,7.3
6.736756583995884,6.740592374990229,-27.471580681129897,-18.314387120753263,22.89298390094158,-8.03636885609334,-12.05455328414001,-41.20737102169485,-24.697265625,-16.69921875,20.654296875,-9.4921875,-13.53515625,-40.078125,-30.76171875,-17.578125,21.97265625,26.3671875,35.15625,-30.76171875,16.8,9.6,-14.4,-10.4,-10.5,7.3
6.74062287498964,6.74362308398122,-27.54428279136225,-18.362855194241497,22.953568992801873,-7.924995212321457,-11.887492818482187,-41.316424187043374,-24.873046875,-16.787109375,20.7421875,-9.404296875,-13.359375,-40.166015625,-26.3671875,-17.578125,26.3671875,30.76171875,48.33984375,-30.76171875,16.0,9.6,-13.6,-11.2,-10.5,7.3
6.743652249977458,6.746591792005347,-27.600537731675843,-18.400358487783894,23.000448109729867,-7.837525599386533,-11.756288399079798,-41.400806597513764,-24.9609375,-16.787109375,20.830078125,-9.31640625,-13.271484375,-40.25390625,-26.3671875,-17.578125,26.3671875,30.76171875,48.33984375,-30.76171875,16.0,9.6,-13.6,-11.2,-10.5,7.1
6.746619249985088,6.7496389169828035,-27.65502858345708,-18.43668572230472,23.0458571528809,-7.751684950832645,-11.627527426248967,-41.48254287518562,-24.9609375,-16.875,20.830078125,-9.140625,-13.095703125,-40.341796875,-26.3671875,-17.578125,26.3671875,30.76171875,48.33984375,-30.76171875,16.8,9.5,-14.4,-10.4,-10.3,6.3
6.749668624979677,6.752609249990201,-27.71040635881774,-18.473604239211824,23.09200529901478,-7.663285614733075,-11.494928422099612,-41.5656095382266,-25.048828125,-16.875,20.91796875,-9.052734375,-13.0078125,-40.4296875,-26.3671875,-17.578125,26.3671875,30.76171875,48.33984375,-30.76171875,16.8,9.5,-13.6,-10.4,-10.3,7.1
6.752643916988745,6.756719791999785,-27.763825975705767,-18.50921731713718,23.13652164642147,-7.576864411284473,-11.36529661692671,-41.64573896355865,-25.13671875,-16.962890625,21.005859375,-9.052734375,-12.83203125,-40.517578125,-26.3671875,-17.578125,26.3671875,30.76171875,48.33984375,-30.76171875,16.0,9.5,-13.5,-11.2,-10.3,7.3
6.7567609589896165,6.7606272919801995,-27.836744653400984,-18.55782976893399,23.197287211167485,-7.457007058281993,-11.185510587422991,-41.75511698010148,-25.3125,-17.05078125,21.09375,-8.876953125,-12.65625,-40.693359375,-26.3671875,-13.18359375,26.3671875,30.76171875,48.33984375,-30.76171875,15.1,8.7,-13.5,-9.6,-9.6,6.5
6.760656291997293,6.763596584001789,-27.904664752467692,-18.60310983497846,23.25388729372308,-7.3433169935477824,-11.014975490321675,-41.856997128701536,-25.3125,-17.138671875,21.181640625,-8.7890625,-12.48046875,-40.78125,-26.3671875,-13.18359375,17.578125,26.3671875,43.9453125,-30.76171875,15.9,8.7,-12.7,-9.6,-8.8,6.5
6.763628416985739,6.766624249983579,-27.955785010992475,-18.637190007328318,23.296487509160393,-7.256386747599771,-10.884580121399656,-41.933677516488714,-25.48828125,-17.138671875,21.181640625,-8.701171875,-12.3046875,-40.869140625,-26.3671875,-13.18359375,17.578125,26.3671875,43.9453125,-30.76171875,15.1,8.7,-13.5,-10.4,-8.0,5.5
6.766659291984979,6.769713999994565,-28.007288251685676,-18.671525501123785,23.33940687640473,-7.167575284633166,-10.75136292694975,-42.01093237752851,-25.48828125,-17.138671875,21.26953125,-8.61328125,-12.216796875,-40.95703125,-26.3671875,-13.18359375,17.578125,26.3671875,43.9453125,-30.76171875,15.9,9.6,-13.5,-9.6,-8.6,6.3
6.7697575420024805,6.77362408398767,-28.05928024028968,-18.70618682685979,23.382733533574733,-7.076621679771877,-10.614932519657817,-42.08892036043452,-25.576171875,-17.2265625,21.357421875,-8.525390625,-12.041015625,-40.95703125,-26.3671875,-13.18359375,17.578125,26.3671875,43.9453125,-26.3671875,15.1,8.8,-12.7,-9.6,-8.6,7.1
6.773658791993512,6.776772708981298,-28.12380201704602,-18.749201344697347,23.436501680871686,-6.961856716135371,-10.442785074203055,-42.18570302556903,-25.751953125,-17.314453125,21.4453125,-8.349609375,-11.953125,-41.1328125,-26.3671875,-13.18359375,17.578125,26.3671875,43.9453125,-26.3671875,14.1,8.8,-12.8,-9.6,-9.4,6.4
6.7767952919821255,6.780662208999274,-28.174910020957803,-18.783273347305204,23.479091684131504,-6.86939898101821,-10.304098471527315,-42.26236503143671,-25.751953125,-17.314453125,21.4453125,-8.349609375,-11.77734375,-41.220703125,-26.3671875,-17.578125,17.578125,26.3671875,43.9453125,-26.3671875,14.9,8.8,-12.8,-10.4,-8.8,6.4
6.780689084000187,6.784673916990869,-28.237406136893007,-18.824937424595337,23.53117178074417,-6.754386053526248,-10.131579080289372,-42.356109205339514,-25.83984375,-17.40234375,21.533203125,-8.173828125,-11.689453125,-41.30859375,-26.3671875,-17.578125,21.97265625,30.76171875,39.55078125,-26.3671875,14.9,8.8,-12.8,-9.6,-9.6,6.4
6.784695124981226,6.7877729589818045,-28.300601377978815,-18.867067585319212,23.58383448164901,-6.6357939035956495,-9.953690855393473,-42.450902066968226,-26.015625,-17.490234375,21.62109375,-8.0859375,-11.513671875,-41.396484375,-26.3671875,-17.578125,21.97265625,30.76171875,39.55078125,-26.3671875,14.1,8.0,-12.8,-9.6,-10.6,6.4
6.787794624979142,6.791603624995332,-28.34872713494167,-18.899151423294448,23.62393927911806,-6.543857843763682,-9.815786765645523,-42.5230907024125,-26.015625,-17.490234375,21.708984375,-7.998046875,-11.337890625,-41.484375,-26.3671875,-17.578125,21.97265625,30.76171875,39.55078125,-26.3671875,14.1,8.6,-12.0,-10.4,-11.4,5.6
6.791623708995758,6.79473991697887,-28.40725311980705,-18.938168746538032,23.672710933172542,-6.430067225748891,-9.645100838623337,-42.61087967971058,-26.103515625,-17.578125,21.796875,-7.91015625,-11.162109375,-41.572265625,-26.3671875,-17.578125,21.97265625,30.76171875,39.55078125,-26.3671875,14.1,7.8,-12.0,-10.4,-10.6,6.4
6.794758083997294,6.798650624987204,-28.45439593945395,-18.9695972929693,23.71199661621162,-6.336748262521706,-9.505122393782559,-42.681593909180926,-26.19140625,-17.578125,21.796875,-7.822265625,-11.07421875,-41.66015625,-26.3671875,-13.18359375,21.97265625,30.76171875,39.55078125,-26.3671875,14.4,7.8,-11.8,-10.4,-10.4,6.4
6.798674208985176,6.801711541978875,-28.51232735326222,-19.008218235508146,23.76027279438518,-6.219938867167077,-9.329908300750615,-42.768491029893326,-26.279296875,-17.666015625,21.884765625,-7.646484375,-10.986328125,-41.748046875,-26.3671875,-13.18359375,17.578125,30.76171875,39.55078125,-26.3671875,14.4,7.8,-11.8,-9.6,-11.2,6.4
6.801741667004535,6.805574250000063,-28.5569509818867,-19.0379673212578,23.797459151572248,-6.128278736702511,-9.192418105053767,-42.83542647283005,-26.3671875,-17.75390625,21.97265625,-7.55859375,-10.72265625,-41.8359375,-21.97265625,-13.18359375,17.578125,30.76171875,43.9453125,-26.3671875,13.6,7.0,-11.8,-10.4,-11.2,6.4
6.805612583993934,6.808600666990969,-28.61231652496859,-19.074877683312394,23.84359710414049,-6.01240728549479,-9.018610928242184,-42.91847478745289,-26.455078125,-17.75390625,22.060546875,-7.470703125,-10.546875,-41.923828125,-21.97265625,-13.18359375,17.578125,30.76171875,43.9453125,-26.3671875,13.6,7.8,-11.0,-9.6,-10.4,5.6
6.808631041989429,6.811571999976877,-28.654755438879015,-19.103170292586007,23.87896286573251,-5.921898747231276,-8.882848120846914,-42.98213315831852,-26.54296875,-17.75390625,22.060546875,-7.3828125,-10.458984375,-42.01171875,-21.97265625,-13.18359375,17.578125,30.76171875,43.9453125,-21.97265625,13.6,8.0,-11.8,-9.6,-10.4,4.8
6.8116140000056475,6.814605791994836,-28.696062375470483,-19.130708250313656,23.913385312892068,-5.832323880013961,-8.748485820020942,-43.04409356320572,-26.54296875,-17.841796875,22.1484375,-7.294921875,-10.283203125,-42.01171875,-21.97265625,-13.18359375,17.578125,30.76171875,43.9453125,-21.97265625,13.6,8.0,-11.0,-9.6,-9.6,6.4
6.814636416995199,6.817579124995973,-28.737273143890782,-19.158182095927188,23.94772761990898,-5.7414335125728835,-8.612150268859326,-43.10590971583617,-26.630859375,-17.841796875,22.1484375,-7.20703125,-10.107421875,-42.099609375,-21.97265625,-13.18359375,17.578125,30.76171875,43.9453125,-21.97265625,13.5,8.0,-11.9,-9.6,-9.6,6.4
6.817606416996568,6.820615584001644,-28.777138233696064,-19.184758822464044,23.980948528080052,-5.6519933584433835,-8.477990037665075,-43.165707350544096,-26.71875,-17.9296875,22.236328125,-7.20703125,-9.931640625,-42.1875,-21.97265625,-13.18359375,17.578125,30.76171875,43.9453125,-21.97265625,12.7,7.2,-11.1,-11.2,-9.6,5.6
6.820649375003995,6.8235936669807415,-28.81733300950715,-19.211555339671435,24.014444174589293,-5.560228541233001,-8.340342811849501,-43.22599951426073,-26.806640625,-17.9296875,22.32421875,-7.03125,-9.84375,-42.1875,-26.3671875,-13.18359375,17.578125,26.3671875,48.33984375,-21.97265625,12.7,8.0,-10.3,-11.2,-10.4,5.6
6.823617749992991,6.826613916986389,-28.855908232883223,-19.237272155255482,24.046590194069353,-5.470590463983943,-8.205885695975915,-43.283862349324835,-26.806640625,-17.9296875,22.32421875,-6.943359375,-9.66796875,-42.275390625,-26.3671875,-13.18359375,17.578125,26.3671875,48.33984375,-21.97265625,12.7,8.0,-11.1,-11.2,-10.4,5.6
6.8266399589774664,6.829599083983339,-28.894538524029194,-19.26302568268613,24.078782103357664,-5.37920454604345,-8.068806819065175,-43.341807786043795,-26.89453125,-18.017578125,22.412109375,-6.85546875,-9.580078125,-42.36328125,-26.3671875,-13.18359375,17.578125,26.3671875,48.33984375,-21.97265625,12.7,7.1,-10.3,-11.2,-10.4,5.6
6.829629999992903,6.832592124992516,-28.93211681860162,-19.288077879067746,24.11009734883468,-5.288672019611111,-7.933008029416667,-43.39817522790243,-26.982421875,-18.017578125,22.412109375,-6.767578125,-9.404296875,-42.36328125,-26.3671875,-13.18359375,17.578125,26.3671875,48.33984375,-21.97265625,11.9,7.9,-11.1,-11.2,-10.4,5.6
6.832619833992794,6.835639041994,-28.969054353260177,-19.312702902173452,24.140878627716813,-5.198029108458433,-7.797043662687649,-43.453581529890265,-27.0703125,-18.10546875,22.412109375,-6.6796875,-9.228515625,-42.451171875,-26.3671875,-13.18359375,17.578125,26.3671875,48.33984375,-21.97265625,11.8,7.1,-11.2,-11.2,-9.6,5.5
6.835681500000646,6.838663333997829,-29.00621715910056,-19.337478106067042,24.1718476325838,-5.1050896659488645,-7.657634498923296,-43.509325738650844,-27.0703125,-18.10546875,22.5,-6.591796875,-9.052734375,-42.5390625,-26.3671875,-13.18359375,17.578125,26.3671875,48.33984375,-21.97265625,12.6,7.1,-11.2,-11.2,-9.6,5.5
6.838691374985501,6.841636541998014,-29.04209737071775,-19.361398247145168,24.201747808931458,-5.013607275749071,-7.520410913623607,-43.563146056076626,-27.158203125,-18.193359375,22.587890625,-6.50390625,-8.96484375,-42.5390625,-17.578125,-13.18359375,17.578125,30.76171875,48.33984375,-21.97265625,11.8,7.1,-10.4,-11.2,-9.6,5.5
6.841663958999561,6.844601208984386,-29.07689588281174,-19.384597255207826,24.23074656900978,-4.923148307068273,-7.38472246060241,-43.61534382421761,-27.24609375,-18.193359375,22.587890625,-6.416015625,-8.7890625,-42.626953125,-17.578125,-13.18359375,17.578125,30.76171875,48.33984375,-21.97265625,11.8,7.1,-10.4,-11.2,-9.6,5.6
6.844628624996403,6.847610625001835,-29.11097028372368,-19.407313522482454,24.259141903103068,-4.832823381841058,-7.249235072761587,-43.666455425585525,-27.333984375,-18.28125,22.67578125,-6.328125,-8.701171875,-42.626953125,-17.578125,-13.18359375,17.578125,30.76171875,48.33984375,-21.97265625,11.0,6.3,-10.4,-11.2,-9.5,6.4
6.8476367499970365,6.850609083980089,-29.144898911133428,-19.429932607422284,24.287415759277856,-4.741067271303821,-7.111600906955731,-43.71734836670014,-27.333984375,-18.28125,22.67578125,-6.240234375,-8.525390625,-42.71484375,-17.578125,-13.18359375,17.578125,30.76171875,48.33984375,-17.578125,11.8,6.3,-10.4,-11.2,-9.5,5.6
6.850644249992911,6.854659083997831,-29.178169973301788,-19.452113315534525,24.315141644418155,-4.649224404091986,-6.973836606137978,-43.76725495995268,-27.421875,-18.28125,22.763671875,-6.15234375,-8.4375,-42.802734375,-17.578125,-13.18359375,17.578125,30.76171875,48.33984375,-17.578125,11.0,7.1,-10.4,-11.2,-10.3,5.6
6.854706208978314,6.858593666984234,-29.222072374433242,-19.481381582955496,24.35172697869437,-4.525016200996684,-6.787524301495027,-43.833108561649865,-27.509765625,-18.369140625,22.8515625,-5.9765625,-8.26171875,-42.802734375,-17.578125,-13.18359375,17.578125,30.76171875,48.33984375,-17.578125,11.1,6.3,-9.5,-9.6,-10.4,6.4
6.858630916976836,6.862668333982583,-29.26336132449193,-19.508907549661288,24.386134437076606,-4.404829873987061,-6.607244810980591,-43.895041986737894,-27.509765625,-18.369140625,22.939453125,-5.888671875,-8.0859375,-42.890625,-17.578125,-13.18359375,13.18359375,30.76171875,48.33984375,-17.578125,11.1,6.3,-9.5,-9.6,-10.4,5.6
6.862717583979247,6.8667290000012144,-29.30517212630142,-19.536781417534282,24.42097677191785,-4.2795060279765,-6.419259041964749,-43.957758189452136,-27.59765625,-18.45703125,22.939453125,-5.80078125,-7.91015625,-42.978515625,-17.578125,-13.18359375,13.18359375,30.76171875,43.9453125,-17.578125,11.1,6.3,-9.5,-10.4,-10.4,5.6
6.866791209002258,6.870709624985466,-29.345647677415563,-19.56376511827704,24.4547063978463,-4.154406623921945,-6.231609935882918,-44.01847151612334,-27.685546875,-18.45703125,23.02734375,-5.625,-7.734375,-43.06640625,-17.578125,-13.18359375,13.18359375,30.76171875,43.9453125,-17.578125,10.3,6.4,-8.7,-9.6,-10.4,5.6
6.870773125003325,6.874731541989604,-29.384050734239416,-19.58936715615961,24.486708945199513,-4.031959129402864,-6.047938694104296,-44.07607610135913,-27.685546875,-18.544921875,23.115234375,-5.537109375,-7.55859375,-43.154296875,-17.578125,-13.18359375,13.18359375,30.76171875,43.9453125,-17.578125,11.1,5.6,-8.7,-9.6,-10.4,5.6
6.874793958995724,6.878586374979932,-29.421662650670186,-19.61444176711346,24.51805220889182,-3.908154828626306,-5.862232242939458,-44.13249397600528,-27.7734375,-18.544921875,23.115234375,-5.44921875,-7.294921875,-43.154296875,-17.578125,-8.7890625,13.18359375,30.76171875,43.9453125,-17.578125,10.3,6.4,-8.6,-10.4,-9.6,5.6
6.878640749986516,6.882633792003617,-29.45654799906125,-19.637698666040833,24.54712333255104,-3.789563444749033,-5.684345167123549,-44.18482199859187,-27.861328125,-18.6328125,23.203125,-5.2734375,-7.119140625,-43.2421875,-17.578125,-8.7890625,17.578125,26.3671875,43.9453125,-17.578125,10.3,5.6,-8.6,-11.2,-9.6,4.8
6.88267324998742,6.886675208981615,-29.491962809249863,-19.66130853949991,24.576635674374884,-3.6650984317734214,-5.497647647660132,-44.2379442138748,-27.94921875,-18.6328125,23.203125,-5.185546875,-6.943359375,-43.330078125,-17.578125,-8.7890625,17.578125,26.3671875,48.33984375,-17.578125,9.5,5.6,-8.6,-10.4,-9.6,5.6
6.8867040000041015,6.890674041991588,-29.52617973208821,-19.68411982139214,24.605149776740177,-3.540540475277332,-5.310810712915998,-44.289269598132314,-27.94921875,-18.720703125,23.291015625,-5.09765625,-6.767578125,-43.330078125,-17.578125,-8.7890625,17.578125,26.3671875,48.33984375,-13.18359375,10.3,5.5,-7.8,-10.4,-9.5,5.6
6.890713333996246,6.894658666977193,-29.559040640178527,-19.706027093452352,24.63253386681544,-3.4165035038942793,-5.124755255841419,-44.33856096026779,-28.037109375,-18.720703125,23.37890625,-4.921875,-6.591796875,-43.41796875,-17.578125,-8.7890625,17.578125,26.3671875,48.33984375,-13.18359375,9.5,5.5,-7.8,-10.4,-9.5,5.6
6.894678499986185,6.897683374991175,-29.590386456665886,-19.726924304443926,24.658655380554904,-3.2936996655341173,-4.940549498301176,-44.38557968499883,-28.125,-18.720703125,23.466796875,-4.74609375,-6.416015625,-43.505859375,-17.578125,-8.7890625,17.578125,26.3671875,48.33984375,-13.18359375,9.6,5.5,-7.1,-9.6,-10.6,4.8
6.897702208982082,6.900777083996218,-29.61351839135894,-19.742345594239296,24.677931992799117,-3.1999672557106438,-4.799950883565966,-44.42027758703841,-28.125,-18.80859375,23.466796875,-4.658203125,-6.328125,-43.505859375,-17.578125,-8.7890625,13.18359375,35.15625,48.33984375,-13.18359375,9.6,4.7,-7.1,-9.6,-10.6,4.8
6.900795291992836,6.904724583990173,-29.636489829366997,-19.757659886244664,24.69707485780583,-3.104009635854638,-4.656014453781957,-44.4547347440505,-28.212890625,-18.80859375,23.5546875,-4.5703125,-6.15234375,-43.505859375,-13.18359375,-8.7890625,13.18359375,35.15625,39.55078125,-13.18359375,8.8,5.5,-7.1,-9.6,-9.8,5.6
6.904747458989732,6.9086437090008985,-29.664823319938918,-19.77654887995928,24.720686099949095,-2.981294081197193,-4.47194112179579,-44.49723497990838,-28.212890625,-18.896484375,23.642578125,-4.482421875,-5.9765625,-43.505859375,-13.18359375,-8.7890625,13.18359375,35.15625,39.55078125,-13.18359375,9.6,4.7,-6.3,-10.4,-8.7,6.4
6.908685834001517,6.912576167000225,-29.691920638214476,-19.794613758809653,24.743267198512065,-2.858892467292828,-4.288338700939242,-44.53788095732172,-28.30078125,-18.896484375,23.642578125,-4.306640625,-5.80078125,-43.59375,-13.18359375,-8.7890625,13.18359375,35.15625,39.55078125,-13.18359375,8.8,4.7,-6.3,-9.6,-8.7,5.6
6.912615833978634,6.915587374998722,-29.717827609785694,-19.811885073190464,24.764856341488077,-2.7366420750059612,-4.104963112508941,-44.576741414678544,-28.30078125,-18.896484375,23.73046875,-4.21875,-5.625,-43.681640625,-13.18359375,-8.7890625,13.18359375,35.15625,39.55078125,-13.18359375,9.5,4.7,-6.2,-9.6,-9.5,5.6
6.915618208993692,6.918573999981163,-29.736856547052668,-19.824571031368446,24.780713789210555,-2.643176767116989,-3.964765150675484,-44.605284820579,-28.388671875,-18.984375,23.73046875,-4.130859375,-5.537109375,-43.681640625,-13.18359375,-13.18359375,13.18359375,35.15625,39.55078125,-13.18359375,8.7,3.9,-6.2,-10.4,-11.3,5.6
6.918604749982478,6.921611833997304,-29.75512895302898,-19.836752635352653,24.795940794190813,-2.550146051470315,-3.8252190772054724,-44.632693429543465,-28.388671875,-18.984375,23.73046875,-4.04296875,-5.361328125,-43.76953125,-13.18359375,-13.18359375,13.18359375,30.76171875,39.55078125,-13.18359375,8.7,4.7,-6.2,-10.4,-10.5,4.8
6.921659916988574,6.924562333995709,-29.773143639415526,-19.84876242627702,24.81095303284627,-2.454919580192736,-3.682379370289104,-44.65971545912329,-28.4765625,-18.984375,23.818359375,-3.955078125,-5.185546875,-43.76953125,-13.18359375,-13.18359375,13.18359375,30.76171875,48.33984375,-13.18359375,7.9,4.7,-5.4,-10.4,-9.7,5.6
6.924593916977756,6.927549499989254,-29.78979842735452,-19.859865618236345,24.82483202279543,-2.363416515469486,-3.545124773204229,-44.684697641031775,-28.4765625,-18.984375,23.818359375,-3.8671875,-5.09765625,-43.857421875,-13.18359375,-13.18359375,13.18359375,30.76171875,48.33984375,-13.18359375,8.7,4.7,-5.4,-10.4,-9.5,4.8
6.927576041984139,6.930557374987984,-29.80607799887157,-19.87071866591438,24.838398332392973,-2.2703611386917815,-3.4055417080376724,-44.70911699830735,-28.4765625,-18.984375,23.818359375,-3.779296875,-4.921875,-43.857421875,-13.18359375,-13.18359375,13.18359375,30.76171875,48.33984375,-13.18359375,8.7,4.8,-6.2,-9.6,-8.7,4.8
6.930581374996109,6.933602000004612,-29.8218225818274,-19.881215054551603,24.851518818189504,-2.1765311747527822,-3.264796762129173,-44.73273387274111,-28.564453125,-18.984375,23.818359375,-3.69140625,-4.833984375,-43.857421875,-13.18359375,-13.18359375,13.18359375,30.76171875,48.33984375,-13.18359375,7.9,4.8,-6.2,-10.4,-9.5,4.7
6.933636417001253,6.936654458986595,-29.837146405624296,-19.891430937082863,24.86428867135358,-2.0810995351647015,-3.1216493027470524,-44.75571960843644,-28.564453125,-19.072265625,23.90625,-3.603515625,-4.658203125,-43.9453125,-13.18359375,-4.39453125,13.18359375,30.76171875,48.33984375,-13.18359375,7.8,4.8,-5.6,-10.4,-9.6,4.7
6.93668912499561,6.939624291990185,-29.85177219271836,-19.90118146181224,24.8764768272653,-1.9856929329634116,-2.9785393994451175,-44.77765828907754,-28.65234375,-19.072265625,23.90625,-3.515625,-4.482421875,-43.9453125,-13.18359375,-4.39453125,13.18359375,30.76171875,48.33984375,-13.18359375,7.0,4.8,-5.6,-10.4,-9.6,4.7
6.939652959001251,6.942609749996336,-29.86531546044361,-19.91021030696241,24.88776288370301,-1.8930202145058705,-2.8395303217588057,-44.79797319066542,-28.65234375,-19.072265625,23.90625,-3.427734375,-4.39453125,-43.9453125,-13.18359375,-4.39453125,8.7890625,30.76171875,43.9453125,-13.18359375,7.8,4.8,-5.6,-10.4,-10.4,4.7
6.942639124987181,6.945586166984867,-29.878306126936398,-19.91887075129093,24.898588439113663,-1.7996077331926048,-2.699411599788907,-44.8174591904046,-28.740234375,-19.072265625,23.994140625,-3.33984375,-4.306640625,-44.033203125,-13.18359375,-4.39453125,8.7890625,30.76171875,43.9453125,-13.18359375,7.0,4.8,-4.8,-10.4,-11.2,4.0
6.9456131249899045,6.948572958994191,-29.8905904907136,-19.9270603271424,24.908825408928,-1.7065364685313709,-2.5598047027970563,-44.835885736070395,-28.740234375,-19.16015625,23.994140625,-3.251953125,-4.130859375,-44.033203125,-13.18359375,-4.39453125,8.7890625,30.76171875,43.9453125,-13.18359375,7.0,3.9,-5.6,-10.4,-11.4,4.8
6.948605458979728,6.951581375004025,-29.9022922276304,-19.934861485086934,24.91857685635867,-1.6128538589709644,-2.419280788456447,-44.8534383414456,-28.740234375,-19.16015625,23.994140625,-3.1640625,-4.04296875,-44.033203125,-13.18359375,-4.39453125,8.7890625,30.76171875,43.9453125,-8.7890625,7.0,3.9,-5.6,-11.2,-11.4,4.8
6.951628791983239,6.9546772920002695,-29.91344424827694,-19.94229616551796,24.92787020689745,-1.5181645651139817,-2.2772468476709724,-44.870166372415405,-28.828125,-19.16015625,23.994140625,-2.98828125,-3.779296875,-44.033203125,-13.18359375,-4.39453125,8.7890625,30.76171875,43.9453125,-8.7890625,6.2,3.9,-5.5,-11.2,-9.8,4.8
6.954715333995409,6.9585865839908365,-29.92413347022491,-19.94942231348327,24.93677789185409,-1.421460290791047,-2.1321904361865704,-44.88620020533736,-28.828125,-19.16015625,23.994140625,-2.900390625,-3.603515625,-44.033203125,-13.18359375,-4.39453125,8.7890625,30.76171875,43.9453125,-8.7890625,7.0,3.9,-5.5,-10.4,-8.7,4.8
6.958629000000656,6.961704666988226,-29.93667572800398,-19.95778381866932,24.947229773336648,-1.2987936892598202,-1.94819053388973,-44.905013592005965,-28.916015625,-19.248046875,24.08203125,-2.8125,-3.427734375,-44.12109375,-13.18359375,-4.39453125,4.39453125,26.3671875,48.33984375,-8.7890625,6.2,3.9,-4.7,-10.4,-8.7,4.8
6.961741249979241,6.965664166986244,-29.94584209525471,-19.96389473016981,24.95486841271226,-1.2012107236859724,-1.8018160855289584,-44.91876314288207,-28.916015625,-19.248046875,24.08203125,-2.724609375,-3.33984375,-44.12109375,-13.18359375,-4.39453125,4.39453125,26.3671875,48.33984375,-8.7890625,6.2,3.9,-4.7,-11.2,-10.3,4.8
6.965717583982041,6.9697655419877265,-29.95651205343976,-19.971008035626504,24.96376004453313,-1.076493400324202,-1.6147401004863031,-44.934768080159635,-29.00390625,-19.248046875,24.08203125,-2.548828125,-3.1640625,-44.12109375,-13.18359375,-4.39453125,4.39453125,26.3671875,48.33984375,-8.7890625,5.4,4.0,-5.5,-9.6,-9.5,4.8
6.969826999993529,6.974647541996092,-29.966311110196095,-19.97754074013073,24.97192592516341,-0.9475579013532264,-1.4213368520298395,-44.949466665294146,-29.091796875,-19.248046875,24.08203125,-2.373046875,-2.900390625,-44.12109375,-13.18359375,-4.39453125,4.39453125,26.3671875,48.33984375,-4.39453125,4.6,4.0,-5.6,-9.6,-8.7,4.8
6.974707624991424,6.978557666996494,-29.976327010100146,-19.98421800673343,24.980272508416785,-0.7943743823609823,-1.1915615735414735,-44.96449051515022,-29.091796875,-19.3359375,24.169921875,-2.28515625,-2.724609375,-44.12109375,-13.18359375,-4.39453125,4.39453125,26.3671875,48.33984375,-4.39453125,5.4,3.2,-4.8,-10.2,-9.5,4.8
6.978597291978076,6.9828047920018435,-29.983047741700968,-19.98869849446731,24.98587311808414,-0.6722592485642743,-1.0083888728464114,-44.97457161255145,-29.1796875,-19.3359375,24.169921875,-2.109375,-2.548828125,-44.208984375,-13.18359375,-4.39453125,8.7890625,35.15625,43.9453125,-4.39453125,4.6,3.2,-4.8,-10.2,-10.3,4.8
6.9828564999916125,6.992595416988479,-29.989123134650267,-19.99274875643351,24.99093594554189,-0.5385138458074185,-0.8077707687111277,-44.9836847019754,-29.1796875,-19.3359375,24.169921875,-1.845703125,-2.021484375,-44.208984375,-13.18359375,-4.39453125,8.7890625,35.15625,43.9453125,-4.39453125,4.6,3.1,-4.8,-9.6,-9.0,4.8
6.992609291977715,6.9956862499821,-29.99797838604821,-19.99865225736547,24.99831532170684,-0.23218072480479318,-0.3482710872071898,-44.99696757907231,-29.1796875,-19.3359375,24.169921875,-1.7578125,-1.845703125,-44.208984375,-13.18359375,-4.39453125,8.7890625,35.15625,43.9453125,-4.39453125,4.8,3.1,-4.7,-8.8,-6.8,4.8
6.995698124985211,6.999647208984243,-29.999315071973644,-19.999543381315764,24.999429226644704,-0.13514636091595028,-0.20271954137392542,-44.99897260796047,-29.1796875,-19.423828125,24.169921875,-1.669921875,-1.7578125,-44.208984375,-13.18359375,-4.39453125,8.7890625,35.15625,43.9453125,-4.39453125,4.8,2.3,-4.7,-8.8,-6.8,4.8
6.999659333989257,7.002711209002882,-29.999995704748358,-19.999997136498905,24.99999642062363,-0.010702337856024192,-0.016053506784036286,-44.99999355712254,-29.1796875,-19.423828125,24.2578125,-1.58203125,-1.494140625,-44.296875,0.0,-4.39453125,4.39453125,30.76171875,48.33984375,-4.39453125,4.8,2.3,-3.9,-9.6,-6.0,4.0
7.002720666991081,7.005669958976796,-29.999726043804053,-19.999817362536035,24.999771703170044,0.08547201414627205,0.12820802121940808,-44.999589065706076,-29.1796875,-19.423828125,24.2578125,-1.494140625,-1.40625,-44.296875,0.0,-4.39453125,4.39453125,30.76171875,48.33984375,-4.39453125,4.8,2.3,-3.9,-10.4,-8.1,3.9
7.005680166999809,7.008659083978273,-29.998805873487807,-19.99920391565854,24.999004894573172,0.17844534151424363,0.26766801227136544,-44.99820881023171,-29.1796875,-19.423828125,24.2578125,-1.40625,-1.318359375,-44.296875,0.0,-4.39453125,4.39453125,30.76171875,48.33984375,-4.39453125,4.8,2.3,-3.9,-11.2,-9.7,3.9
7.008677959005581,7.011707249999745,-29.99721285555543,-19.99814190370362,24.997677379629522,0.27261767978876883,0.4089265196831533,-44.99581928333314,-29.1796875,-19.423828125,24.345703125,-1.318359375,-1.23046875,-44.296875,0.0,-4.39453125,4.39453125,30.76171875,48.33984375,-4.39453125,4.8,2.3,-3.1,-11.2,-11.3,3.9
7.011721208982635,7.015646958985599,-29.994915320737498,-19.996610213825,24.99576276728125,0.36821183624341236,0.5523177543651185,-44.99237298110625,-29.1796875,-19.423828125,24.345703125,-1.23046875,-1.142578125,-44.296875,0.0,-4.39453125,4.39453125,30.76171875,48.33984375,-4.39453125,4.8,3.1,-3.0,-11.4,-12.1,4.0
7.015660916978959,7.018706208997173,-29.990922975953904,-19.993948650635936,24.992435813294918,0.49195259500636357,0.7379288925095453,-44.986384463930854,-29.1796875,-19.423828125,24.345703125,-1.0546875,-0.966796875,-44.296875,0.0,-4.39453125,4.39453125,30.76171875,48.33984375,-4.39453125,4.8,3.1,-3.0,-11.4,-12.5,4.0
7.018732666998403,7.022613541979808,-29.98701329716861,-19.991342198112406,24.989177747640507,0.5884191685952388,0.8826287528928581,-44.98051994575291,-29.1796875,-19.423828125,24.345703125,-0.966796875,-0.791015625,-44.296875,0.0,-4.39453125,4.39453125,26.3671875,39.55078125,-4.39453125,4.8,2.3,-3.0,-11.4,-11.7,4.0
7.022635417000856,7.025632459000917,-29.98103895543387,-19.98735930362258,24.984199129528225,0.7109627753208027,1.066444162981204,-44.971558433150804,-29.1796875,-19.423828125,24.345703125,-0.87890625,-0.615234375,-44.296875,0.0,-4.39453125,4.39453125,26.3671875,39.55078125,-4.39453125,4.8,2.3,-3.0,-12.0,-12.0,4.0
7.02565075000166,7.0285798749828245,-29.97565148979512,-19.98376765986341,24.979709574829265,0.8056240541327202,1.2084360811990802,-44.963477234692675,-29.1796875,-19.423828125,24.345703125,-0.791015625,-0.3515625,-44.296875,0.0,-4.39453125,4.39453125,26.3671875,39.55078125,-4.39453125,4.8,2.4,-3.0,-11.2,-10.4,4.0
7.028603624989046,7.031790541979717,-29.96972388807468,-19.97981592538312,24.9747699067289,0.8983070676595537,1.3474606014893304,-44.954585832112016,-29.1796875,-19.423828125,24.345703125,-0.703125,-0.263671875,-44.296875,0.0,-4.39453125,4.39453125,26.3671875,39.55078125,0.0,4.8,2.4,-3.0,-11.2,-11.2,4.0
7.031836291978834,7.035635999985971,-29.962495320266555,-19.974996880177706,24.96874610022213,0.9997497871422417,1.4996246807133626,-44.94374298039983,-29.1796875,-19.423828125,24.345703125,-0.52734375,0.0,-44.296875,0.0,-4.39453125,4.39453125,26.3671875,39.55078125,0.0,4.8,2.4,-3.2,-10.4,-9.6,3.1
7.035683041991433,7.039556749979965,-29.952886968425684,-19.96859131228379,24.960739140354736,1.1204289370523848,1.6806434055785773,-44.929330452638524,-29.1796875,-19.423828125,24.345703125,-0.439453125,0.17578125,-44.296875,0.0,0.0,4.39453125,26.3671875,39.55078125,0.0,4.8,2.4,-3.2,-11.2,-9.4,3.1
7.039597833994776,7.042552792001516,-29.941985860986893,-19.961323907324594,24.951654884155744,1.2432006543078933,1.86480098146184,-44.91297879148034,-29.1796875,-19.423828125,24.345703125,-0.263671875,0.439453125,-44.296875,0.0,0.0,0.0,30.76171875,57.12890625,0.0,4.8,2.4,-3.2,-10.4,-8.6,3.1
7.042587542004185,7.04554779198952,-29.93289819588904,-19.95526546392603,24.944081829907535,1.3369294163272525,2.005394124490879,-44.899347293833564,-29.1796875,-19.423828125,24.345703125,-0.17578125,0.52734375,-44.296875,0.0,0.0,0.0,30.76171875,57.12890625,0.0,4.8,2.4,-3.2,-11.2,-10.4,3.2
7.045576834003441,7.048545249999734,-29.923151779065094,-19.948767852710063,24.93595981588758,1.4306156572194784,2.1459234858292175,-44.88472766859764,-29.1796875,-19.423828125,24.345703125,-0.087890625,0.703125,-44.296875,0.0,0.0,0.0,30.76171875,57.12890625,0.0,4.8,2.4,-3.2,-10.4,-9.6,3.2
7.048574083979474,7.051487208984327,-29.912717023583614,-19.941811349055744,24.92726418631968,1.5245196353840695,2.2867794530761043,-44.86907553537542,-29.1796875,-19.423828125,24.345703125,0.0,0.87890625,-44.296875,0.0,0.0,0.0,30.76171875,57.12890625,0.0,4.0,2.4,-3.2,-10.4,-9.6,3.2
7.051522291993024,7.0545739170047455,-29.901806146658217,-19.93453743110548,24.91817178888185,1.6168541702499248,2.425281255374887,-44.852709219987325,-29.1796875,-19.423828125,24.345703125,0.087890625,0.966796875,-44.296875,0.0,0.0,0.0,30.76171875,57.12890625,0.0,3.9,2.4,-3.2,-10.4,-9.6,3.2
7.05461112500052,7.057580124994274,-29.88968694238479,-19.92645796158986,24.908072451987326,1.7135556906596543,2.5703335359894814,-44.834530413577184,-29.1796875,-19.423828125,24.345703125,0.17578125,1.142578125,-44.296875,0.0,0.0,0.0,30.76171875,57.12890625,0.0,3.9,2.4,-3.2,-10.4,-9.5,2.4
7.057622583990451,7.060592291993089,-29.877193897141552,-19.918129264761035,24.897661580951294,1.8077960593689921,2.711694089053488,-44.81579084571233,-29.1796875,-19.423828125,24.345703125,0.263671875,1.318359375,-44.296875,0.0,0.0,0.0,35.15625,57.12890625,0.0,3.9,2.4,-2.4,-10.4,-9.5,2.4
7.060623917001067,7.063551874976838,-29.864077679321532,-19.90938511954769,24.886731399434613,1.9016793003903252,2.8525189505854875,-44.7961165189823,-29.1796875,-19.423828125,24.345703125,0.3515625,1.494140625,-44.296875,0.0,0.0,0.0,35.15625,52.734375,0.0,3.9,2.4,-2.4,-10.4,-8.7,2.3
7.063582834001863,7.0665580419881735,-29.850497060103056,-19.90033137340204,24.87541421675255,1.9941943808943416,2.9912915713415122,-44.775745590154585,-29.1796875,-19.423828125,24.345703125,0.52734375,1.58203125,-44.296875,0.0,0.0,0.0,35.15625,52.734375,0.0,3.9,2.4,-2.4,-9.6,-9.5,2.3
7.066589583992027,7.06966083397856,-29.836036335239303,-19.890690890159533,24.86336361269942,2.0881608922984087,3.1322413384476127,-44.754054502858956,-29.1796875,-19.423828125,24.345703125,0.615234375,1.7578125,-44.296875,0.0,0.0,0.0,35.15625,52.734375,0.0,3.9,1.5,-2.4,-9.6,-8.7,1.5
7.0696973750018515,7.073521333979443,-29.82039020095017,-19.88026013396678,24.85032516745847,2.185236144175544,3.277854216263316,-44.73058530142525,-29.1796875,-19.423828125,24.345703125,0.703125,1.93359375,-44.296875,0.0,0.0,0.0,35.15625,52.734375,0.0,3.1,1.5,-2.4,-11.2,-8.7,1.5
7.0735534169944,7.076769709005021,-29.799989151253047,-19.8666594341687,24.833324292710873,2.3056111829091765,3.4584167743637644,-44.69998372687957,-29.1796875,-19.423828125,24.345703125,0.791015625,2.109375,-44.296875,0.0,0.0,0.0,35.15625,52.734375,0.0,3.1,1.5,-2.3,-10.4,-8.0,1.5
7.076829166995594,7.080651500000386,-29.781799322070903,-19.854532881380603,24.81816610172575,2.4078048222761925,3.611707233414289,-44.67269898310636,-29.1796875,-19.423828125,24.345703125,0.966796875,2.28515625,-44.296875,0.0,0.0,0.0,35.15625,52.734375,0.0,3.1,1.5,-2.3,-10.4,-8.0,1.5
7.0807034589815885,7.084610541991424,-29.75926810759021,-19.839512071726805,24.79939008965851,2.528588688538793,3.7928830328081897,-44.63890216138531,-29.1796875,-19.423828125,24.345703125,1.0546875,2.4609375,-44.296875,0.0,0.0,0.0,35.15625,48.33984375,0.0,3.1,1.5,-1.5,-9.6,-8.0,0.7
7.084669333999045,7.08852858399041,-29.735062742517616,-19.823375161678413,24.779218952098017,2.6521306904734847,3.9781960357102273,-44.602594113776426,-29.1796875,-19.423828125,24.345703125,1.23046875,2.548828125,-44.296875,0.0,0.0,0.0,35.15625,48.33984375,0.0,3.1,1.5,-1.5,-8.8,-8.8,0.7
7.088566958991578,7.091701166995335,-29.710149601622515,-19.806766401081678,24.758458001352096,2.77344636381921,4.160169545728816,-44.56522440243377,-29.1796875,-19.423828125,24.345703125,1.318359375,2.724609375,-44.296875,0.0,0.0,0.0,35.15625,48.33984375,0.0,2.3,1.6,-1.5,-9.6,-8.0,-0.1
7.09175508399494,7.095666958979564,-29.68894344641873,-19.792628964279153,24.74078620534894,2.87260137895566,4.308902068433491,-44.53341516962809,-29.1796875,-19.423828125,24.345703125,1.40625,2.900390625,-44.296875,0.0,0.0,0.0,35.15625,48.33984375,0.0,2.3,0.8,-1.5,-10.4,-7.9,-0.1
7.095728499989491,7.099606791976839,-29.661471651578175,-19.77431443438545,24.71789304298181,2.9960788791444184,4.494118318716628,-44.49220747736726,-29.1796875,-19.423828125,24.345703125,1.58203125,3.076171875,-44.296875,0.0,0.0,0.0,30.76171875,48.33984375,0.0,2.3,0.8,-0.7,-9.6,-8.7,-0.1
7.099646416987525,7.1036568749987055,-29.633252190961194,-19.755501460640797,24.694376825800994,3.117717440471371,4.676576160707056,-44.449878286441795,-29.1796875,-19.423828125,24.345703125,1.669921875,3.251953125,-44.296875,0.0,0.0,0.0,30.76171875,39.55078125,0.0,1.5,0.8,-0.7,-9.6,-8.7,-0.0
7.103700541978469,7.10754349999479,-29.602870126353785,-19.735246750902526,24.669058438628156,3.243460448501164,4.865190672751746,-44.40430518953068,-29.1796875,-19.423828125,24.345703125,1.7578125,3.427734375,-44.296875,0.0,0.0,0.0,30.76171875,39.55078125,0.0,1.5,0.8,-0.7,-9.6,-8.9,-0.0
7.107581499993103,7.110538249980891,-29.572661088244267,-19.715107392162846,24.643884240203555,3.3637093387339423,5.045564008100913,-44.358991632366404,-29.1796875,-19.423828125,24.345703125,1.93359375,3.515625,-44.296875,0.0,0.0,0.0,30.76171875,39.55078125,0.0,1.5,0.7,-0.7,-8.8,-8.9,-0.0
7.11056924998411,7.1135500419768505,-29.548655925449868,-19.69910395029991,24.62387993787489,3.456197846663059,5.184296769994589,-44.322983888174804,-29.1796875,-19.423828125,24.345703125,2.021484375,3.603515625,-44.296875,0.0,0.0,0.0,30.76171875,39.55078125,0.0,1.5,-0.1,0.2,-9.6,-10.5,-0.0
7.113579374999972,7.11755299998913,-29.523812835556072,-19.682541890370715,24.603177362963393,3.549302006564385,5.323953009846577,-44.28571925333411,-29.1796875,-19.423828125,24.345703125,2.109375,3.779296875,-44.296875,0.0,0.0,0.0,30.76171875,39.55078125,0.0,0.6,-0.1,0.2,-9.6,-10.5,-0.0
7.117594166978961,7.12064420900424,-29.48965087879995,-19.6597672525333,24.574709065666624,3.673356990032317,5.510035485048475,-44.234476318199924,-29.1796875,-19.423828125,24.345703125,2.197265625,4.04296875,-44.296875,0.0,0.0,0.0,26.3671875,43.9453125,0.0,0.6,-0.1,0.2,-9.6,-10.5,-0.0
7.120684958994389,7.124626499979058,-29.462552184823252,-19.641701456548834,24.552126820686045,3.7687615859599495,5.653142378939924,-44.19382827723488,-29.1796875,-19.423828125,24.345703125,2.28515625,4.21875,-44.296875,0.0,0.0,0.0,26.3671875,43.9453125,0.0,0.6,-0.1,0.2,-9.6,-10.5,-0.0
7.124668249976821,7.128609334002249,-29.426604332451227,-19.617736221634154,24.52217027704269,3.89158393695721,5.837375905435815,-44.139906498676844,-29.1796875,-19.423828125,24.345703125,2.4609375,4.39453125,-44.296875,0.0,0.0,0.0,26.3671875,43.9453125,0.0,-0.2,-0.1,0.2,-9.6,-8.9,-0.0
7.128641124989372,7.1319471249880735,-29.38960296744694,-19.593068644964625,24.491335806205782,4.013933366873948,6.020900050310921,-44.08440445117041,-29.1796875,-19.423828125,24.345703125,2.548828125,4.5703125,-44.296875,0.0,0.0,0.0,26.3671875,43.9453125,0.0,-0.2,-0.1,0.2,-10.4,-8.9,-0.0
7.132151958998293,7.135601083980873,-29.355952132074687,-19.57063475471646,24.46329344339557,4.121923737465828,6.182885606198742,-44.03392819811203,-29.1796875,-19.51171875,24.345703125,2.63671875,4.74609375,-44.296875,0.0,0.0,0.0,26.3671875,43.9453125,0.0,-0.1,-0.1,0.0,-10.4,-7.7,-0.0
7.135640249995049,7.139569458988262,-29.321633144057767,-19.547755429371843,24.434694286714805,4.2290965552306305,6.343644832845945,-43.98244971608665,-29.1796875,-19.51171875,24.345703125,2.724609375,4.921875,-44.296875,0.0,-4.39453125,0.0,30.76171875,43.9453125,0.0,-0.1,-0.1,0.0,-11.2,-8.5,-0.0
7.139616083994042,7.14359391698963,-29.281444097850923,-19.520962731900614,24.40120341487577,4.35109342806464,6.52664014209696,-43.922166146776384,-29.1796875,-19.51171875,24.345703125,2.900390625,5.185546875,-44.296875,0.0,-4.39453125,0.0,30.76171875,48.33984375,0.0,-0.1,-0.1,0.0,-9.6,-7.7,-0.9
7.143625708995387,7.146552499994868,-29.2397568288949,-19.493171219263267,24.366464024079086,4.473955276540683,6.710932914811024,-43.85963524334235,-29.1796875,-19.51171875,24.345703125,2.98828125,5.361328125,-44.296875,0.0,-4.39453125,0.0,30.76171875,48.33984375,0.0,-0.1,-0.1,0.0,-9.6,-8.1,-0.9
7.146577459003311,7.149594874994364,-29.208326743589918,-19.472217829059947,24.340272286324932,4.564288862204052,6.8464332933060765,-43.812490115384875,-29.1796875,-19.51171875,24.345703125,3.076171875,5.44921875,-44.296875,0.0,-4.39453125,0.0,30.76171875,48.33984375,0.0,-0.1,-0.0,0.0,-10.4,-8.1,-1.7
7.149630416999571,7.153569083980983,-29.1751584244706,-19.450105616313735,24.312632020392165,4.65761650570772,6.98642475856158,-43.7627376367059,-29.1796875,-19.51171875,24.345703125,3.251953125,5.625,-44.296875,0.0,-4.39453125,0.0,30.76171875,48.33984375,0.0,-0.1,-0.0,0.0,-9.6,-8.9,-2.6
7.153625209000893,7.157623541977955,-29.130744470656154,-19.42049631377077,24.27562039221346,4.779573508882978,7.1693602633244655,-43.69611670598423,-29.1796875,-19.51171875,24.345703125,3.33984375,5.80078125,-44.296875,0.0,0.0,0.0,30.76171875,48.33984375,0.0,-0.0,-0.0,0.0,-9.6,-8.8,-2.6
7.157657499978086,7.161531166988425,-29.084750369682578,-19.389833579788384,24.23729197473548,4.902484446493505,7.353726669740257,-43.627125554523865,-29.1796875,-19.51171875,24.345703125,3.427734375,5.9765625,-44.296875,0.0,0.0,0.0,30.76171875,48.33984375,0.0,-0.0,-0.0,0.0,-9.6,-8.8,-4.2
7.161563250003383,7.16459954198217,-29.039087154238455,-19.35939143615897,24.199239295198712,5.021350736761447,7.532026105142171,-43.55863073135768,-29.1796875,-19.51171875,24.345703125,3.603515625,6.15234375,-44.296875,0.0,0.0,0.0,30.76171875,48.33984375,0.0,-0.0,-0.0,0.0,-9.6,-8.8,-4.2
7.1646307919872925,7.167633916978957,-29.00245723882045,-19.33497149254697,24.168714365683712,5.114574995285147,7.671862492927721,-43.50368585823068,-29.1796875,-19.51171875,24.345703125,3.603515625,6.240234375,-44.296875,0.0,0.0,0.0,30.76171875,48.33984375,0.0,-0.0,-0.0,0.0,-11.2,-8.8,-4.2
7.167671417002566,7.17156933399383,-28.96548420549741,-19.310322803664942,24.13790350458118,5.206864048374774,7.810296072562161,-43.44822630824612,-29.1796875,-19.51171875,24.345703125,3.779296875,6.416015625,-44.296875,0.0,0.0,0.0,30.76171875,48.33984375,0.0,-0.0,-0.0,0.0,-9.6,-8.0,-5.0
7.1716052499832585,7.175601083989022,-28.916669742782283,-19.27777982852152,24.097224785651903,5.326087201975644,7.989130802963465,-43.37500461417343,-29.1796875,-19.51171875,24.345703125,3.8671875,6.591796875,-44.296875,0.0,0.0,0.0,30.76171875,48.33984375,0.0,-0.0,-0.0,0.0,-9.6,-8.8,-5.8
7.175645416980842,7.1795928749779705,-28.865386514954157,-19.24359100996944,24.0544887624618,5.448321304862937,8.172481957294405,-43.29807977243124,-29.1796875,-19.51171875,24.345703125,4.04296875,6.767578125,-44.208984375,0.0,0.0,0.0,35.15625,48.33984375,0.0,-0.0,-0.0,0.0,-9.6,-8.8,-5.0
7.179636083979858,7.183575333998306,-28.813590320219646,-19.209060213479766,24.011325266849706,5.568842403490041,8.35326360523506,-43.22038548032947,-29.1796875,-19.51171875,24.345703125,4.130859375,6.943359375,-44.208984375,0.0,0.0,0.0,35.15625,43.9453125,0.0,-0.0,-0.0,0.0,-9.6,-8.8,-6.5
7.1836201249971054,7.187571083981311,-28.760750734210365,-19.17383382280691,23.967292278508637,5.688945116221968,8.533417674332952,-43.14112610131555,-29.1796875,-19.51171875,24.345703125,4.21875,7.119140625,-44.208984375,0.0,0.0,0.0,35.15625,43.9453125,0.0,-0.0,-0.0,0.0,-9.6,-8.8,-6.5
7.1876186250010505,7.191612458991585,-28.706586861492127,-19.137724574328086,23.92215571791011,5.8092596875298055,8.713889531294708,-43.05988029223819,-29.1796875,-19.51171875,24.345703125,4.39453125,7.294921875,-44.208984375,0.0,0.0,0.0,35.15625,43.9453125,4.39453125,-0.8,-0.0,0.8,-9.6,-8.8,-8.1
7.191677541995887,7.195646374981152,-28.650446355591072,-19.100297570394048,23.87537196299256,5.931157789369566,8.896736684054348,-42.97566953338661,-29.1796875,-19.51171875,24.345703125,4.482421875,7.470703125,-44.208984375,0.0,0.0,0.0,35.15625,43.9453125,4.39453125,-0.9,-0.8,0.9,-9.6,-8.8,-8.2
7.195711541979108,7.199602541979402,-28.593496548985634,-19.062331032657088,23.827913790821363,6.0520687042860395,9.07810305642906,-42.890244823478454,-29.1796875,-19.51171875,24.345703125,4.658203125,7.646484375,-44.12109375,0.0,0.0,0.0,30.76171875,43.9453125,4.39453125,-1.7,-0.8,1.7,-8.8,-8.8,-8.2
7.199669833993539,7.203778916998999,-28.536499556269256,-19.024333037512836,23.780416296891048,6.170474250638886,9.25571137595833,-42.80474933440389,-29.1796875,-19.51171875,24.345703125,4.74609375,7.91015625,-43.9453125,0.0,0.0,0.0,30.76171875,48.33984375,4.39453125,-1.7,-1.6,1.7,-9.6,-8.0,-7.9
7.2038332499796525,7.207703499996569,-28.475358508545476,-18.983572339030317,23.729465423787897,6.294758235929558,9.442137353894339,-42.71303776281821,-29.1796875,-19.51171875,24.345703125,4.833984375,8.0859375,-43.76953125,0.0,0.0,0.0,30.76171875,48.33984375,4.39453125,-2.5,-1.6,2.5,-9.6,-8.0,-6.3
7.207770084001822,7.211708249989897,-28.416424571960032,-18.944283047973357,23.680353809966697,6.412030863795753,9.61804629569363,-42.624636857940054,-29.1796875,-19.51171875,24.345703125,5.009765625,8.26171875,-43.681640625,0.0,0.0,0.0,30.76171875,48.33984375,21.97265625,-3.3,-2.6,2.5,-8.8,-8.0,-7.1
7.211773708986584,7.216155000001891,-28.35537630425299,-18.903584202835326,23.62948025354416,6.531041592756446,9.79656238913467,-42.533064456379485,-29.1796875,-19.51171875,24.345703125,5.09765625,8.4375,-43.59375,0.0,0.0,0.0,30.76171875,48.33984375,21.97265625,-3.5,-2.6,3.4,-9.6,-7.8,-6.4
7.2171186250052415,7.225260167004308,-28.27212817674218,-18.848085451161452,23.560106813951815,6.689519775418561,10.034279663127842,-42.408192265113264,-29.1796875,-19.51171875,24.345703125,5.2734375,8.61328125,-43.41796875,0.0,0.0,0.0,26.3671875,39.55078125,21.97265625,-4.3,-3.4,3.4,-8.8,-7.8,-5.6
7.225313083996298,7.229515208979137,-28.14063015464059,-18.760420103093725,23.450525128867163,6.931568188760514,10.397352283140771,-42.210945231960885,-29.1796875,-19.51171875,24.345703125,5.44921875,8.96484375,-43.2421875,0.0,0.0,0.0,26.3671875,39.55078125,26.3671875,-5.1,-4.2,4.2,-8.8,-7.3,-4.7
7.2295368339982815,7.232580874988344,-28.071028503913674,-18.714019002609117,23.392523753261397,7.055883557002968,10.583825335504452,-42.106542755870514,-29.1796875,-19.51171875,24.345703125,5.625,9.052734375,-43.154296875,0.0,0.0,0.0,26.3671875,39.55078125,26.3671875,-5.9,-4.2,5.1,-7.8,-7.3,-4.6
7.23260308400495,7.235610208997969,-28.01972659203586,-18.679817728023906,23.349772160029886,7.145936582968235,10.718904874452353,-42.02958988805379,-29.1796875,-19.51171875,24.345703125,5.712890625,9.228515625,-43.154296875,0.0,0.0,0.0,26.3671875,39.55078125,26.3671875,-5.9,-4.2,5.1,-8.6,-6.2,-6.2
7.235638958984055,7.239492333988892,-27.96829250557081,-18.645528337047207,23.30691042130901,7.2349342106455685,10.852401315968352,-41.952438758356216,-29.1796875,-19.51171875,24.345703125,5.80078125,9.31640625,-43.06640625,0.0,0.0,0.0,26.3671875,39.55078125,26.3671875,-6.7,-5.0,5.9,-9.4,-7.8,-7.0
7.239515166991623,7.242518041981384,-27.901697108485696,-18.601131405657128,23.251414257071414,7.3483270497083915,11.022490574562587,-41.852545662728545,-29.1796875,-19.51171875,24.345703125,5.888671875,9.404296875,-42.978515625,0.0,0.0,0.0,26.3671875,39.55078125,26.3671875,-6.7,-5.0,5.9,-10.7,-9.4,-7.5
7.242537874990376,7.245512583991513,-27.849047365540265,-18.566031577026845,23.20753947128356,7.436563149791847,11.15484472468777,-41.7735710483104,-29.1796875,-19.51171875,24.345703125,5.888671875,9.580078125,-42.890625,0.0,0.0,0.0,26.3671875,39.55078125,26.3671875,-7.5,-5.8,6.7,-11.5,-10.9,-7.5
7.2455365839996375,7.248571999982232,-27.79619526338701,-18.530796842258006,23.16349605282251,7.523933040037018,11.285899560055526,-41.694292895080515,-29.1796875,-19.51171875,24.345703125,6.064453125,9.66796875,-42.890625,0.0,0.0,0.0,26.3671875,39.55078125,17.578125,-8.3,-5.9,6.7,-11.5,-11.7,-8.3
7.2485891669930425,7.251642666989937,-27.741760195689114,-18.494506797126075,23.118133496407598,7.612701119251782,11.419051678877674,-41.61264029353367,-29.1796875,-19.51171875,24.345703125,6.15234375,9.755859375,-42.802734375,0.0,0.0,0.0,26.3671875,39.55078125,17.578125,-8.3,-5.9,7.5,-10.7,-11.7,-8.3
7.251658458990278,7.255525583983399,-27.68638408676262,-18.45758939117508,23.07198673896885,7.701778617097555,11.552667925646332,-41.52957613014393,-29.1796875,-19.51171875,24.345703125,6.240234375,9.931640625,-42.626953125,0.0,0.0,0.0,26.3671875,39.55078125,17.578125,-9.2,-6.7,7.5,-10.4,-10.4,-7.2
7.255540708982153,7.258774333982728,-27.615418962614605,-18.410279308409734,23.01284913551217,7.814193226836684,11.721289840255027,-41.423128443921904,-29.1796875,-19.51171875,24.345703125,6.328125,10.107421875,-42.5390625,0.0,0.0,0.0,30.76171875,39.55078125,17.578125,-9.2,-6.7,8.3,-11.2,-10.4,-6.4
7.258791208994808,7.262615666986676,-27.555211834271677,-18.370141222847785,22.962676528559733,7.908091517719584,11.862137276579377,-41.33281775140752,-29.1796875,-19.51171875,24.345703125,6.416015625,10.37109375,-42.36328125,0.0,0.0,0.0,30.76171875,39.55078125,17.578125,-10.0,-7.5,8.3,-11.2,-9.6,-5.4
7.262630624987651,7.266599124995992,-27.483171302450415,-18.32211420163361,22.902642752042013,8.018736258432247,12.02810438764837,-41.22475695367562,-29.1796875,-19.51171875,24.345703125,6.591796875,10.546875,-42.275390625,0.0,0.0,0.0,30.76171875,39.55078125,17.578125,-10.8,-7.5,9.1,-9.6,-10.4,-6.2
7.266613374988083,7.269667249987833,-27.407385075535558,-18.271590050357037,22.8394875629463,8.133203368396346,12.199805052594519,-41.11107761330334,-29.1796875,-19.51171875,24.345703125,6.767578125,10.810546875,-42.1875,0.0,0.0,0.0,30.76171875,39.55078125,30.76171875,-11.6,-8.2,9.9,-8.8,-8.8,-7.0
7.269681417004904,7.273643041989999,-27.348272886725972,-18.23218192448398,22.79022740560498,8.221164289352181,12.331746434028272,-41.022409330088955,-29.091796875,-19.51171875,24.345703125,6.85546875,10.986328125,-42.099609375,0.0,0.0,0.0,30.76171875,39.55078125,30.76171875,-10.8,-8.2,9.9,-9.6,-8.8,-6.5
7.2736587499966845,7.277528916980373,-27.270696084205646,-18.180464056137097,22.725580070171375,8.33491011970177,12.502365179552655,-40.90604412630847,-29.091796875,-19.51171875,24.345703125,7.03125,11.162109375,-41.923828125,0.0,0.0,0.0,30.76171875,39.55078125,30.76171875,-11.4,-9.0,10.7,-9.6,-8.7,-6.5
7.277543624979444,7.280724874988664,-27.193895022372974,-18.12926334824865,22.661579185310814,8.44569774795713,12.668546621935693,-40.79084253355946,-29.00390625,-19.51171875,24.345703125,7.119140625,11.337890625,-41.8359375,8.7890625,0.0,0.0,35.15625,57.12890625,30.76171875,-11.4,-9.0,10.7,-8.8,-8.7,-7.3
7.280742333998205,7.284634291980183,-27.129898654388303,-18.086599102925536,22.608248878656923,8.5366816088017,12.805022413202549,-40.694847981582456,-28.916015625,-19.51171875,24.345703125,7.20703125,11.513671875,-41.748046875,8.7890625,0.0,0.0,35.15625,57.12890625,30.76171875,-10.6,-9.8,11.5,-8.8,-8.7,-7.3
7.284651374997338,7.288569541997276,-27.050760933864936,-18.033840622576626,22.54230077822078,8.647577256058781,12.971365884088172,-40.576141400797404,-28.916015625,-19.51171875,24.345703125,7.3828125,11.689453125,-41.66015625,8.7890625,0.0,0.0,35.15625,57.12890625,30.76171875,-11.4,-9.9,12.3,-8.8,-7.9,-6.5
7.288588958996115,7.29259162498056,-26.970014274096204,-17.980009516064136,22.475011895080172,8.758953008336274,13.13842951250441,-40.45502141114431,-28.828125,-19.51171875,24.345703125,7.55859375,11.865234375,-41.572265625,8.7890625,0.0,0.0,35.15625,57.12890625,30.76171875,-11.4,-10.7,12.3,-7.2,-7.9,-7.2
7.292610083997715,7.295719541987637,-26.886489662221102,-17.924326441480734,22.405408051850916,8.87234589154608,13.30851883731912,-40.32973449333165,-28.828125,-19.51171875,24.2578125,7.822265625,12.041015625,-41.396484375,8.7890625,0.0,0.0,35.15625,57.12890625,30.76171875,-12.1,-10.7,12.3,-5.4,-7.9,-7.2
7.295737084001303,7.2995847089914605,-26.82079573729606,-17.880530491530706,22.350663114413383,8.960280650818962,13.440420976228442,-40.231193605944085,-28.740234375,-19.51171875,24.169921875,7.91015625,12.12890625,-41.30859375,8.7890625,0.0,-8.7890625,43.9453125,57.12890625,30.76171875,-11.3,-11.5,12.3,-6.2,-7.9,-7.2
7.299601791979512,7.303558958985377,-26.73870967800048,-17.825806452000318,22.2822580650004,9.068661661779196,13.602992492668792,-40.10806451700072,-28.740234375,-19.51171875,24.169921875,8.0859375,12.3046875,-41.1328125,13.18359375,0.0,-8.7890625,43.9453125,43.9453125,30.76171875,-12.1,-11.5,12.3,-6.4,-8.7,-5.5
7.303578666993417,7.30652966699563,-26.65321251773595,-17.7688083451573,22.211010431446628,9.179839322835031,13.769758984252546,-39.97981877660392,-28.65234375,-19.51171875,24.169921875,8.173828125,12.48046875,-41.044921875,13.18359375,0.0,-8.7890625,43.9453125,43.9453125,30.76171875,-12.1,-12.3,13.1,-5.6,-8.1,-6.3
7.306548249995103,7.309495791996596,-26.588692226630506,-17.72579481775367,22.15724352219209,9.262623714633834,13.89393557195075,-39.883038339945756,-28.564453125,-19.423828125,24.08203125,8.26171875,12.65625,-40.95703125,13.18359375,0.0,-8.7890625,43.9453125,43.9453125,30.76171875,-12.1,-11.4,13.1,-5.6,-7.3,-6.3
7.30951812499552,7.312722667003982,-26.52358697463883,-17.682391316425885,22.10298914553236,9.345214675585916,14.017822013378876,-39.78538046195825,-28.564453125,-19.423828125,23.994140625,8.349609375,12.744140625,-40.869140625,13.18359375,0.0,-8.7890625,43.9453125,43.9453125,30.76171875,-12.9,-12.2,12.0,-5.6,-7.3,-7.3
7.31274462500005,7.316640542005189,-26.452201865849606,-17.634801243899737,22.043501554874673,9.434711711978924,14.152067567968386,-39.67830279877441,-28.4765625,-19.423828125,23.994140625,8.349609375,12.83203125,-40.78125,13.18359375,4.39453125,-8.7890625,43.9453125,43.9453125,30.76171875,-12.1,-12.2,12.8,-6.4,-8.6,-6.5
7.316679084004136,7.320579666993581,-26.364234163848035,-17.576156109232024,21.97019513654003,9.54351803183217,14.315277047748253,-39.54635124577205,-28.388671875,-19.423828125,23.90625,8.4375,13.0078125,-40.693359375,17.578125,4.39453125,-13.18359375,26.3671875,39.55078125,30.76171875,-12.1,-13.0,12.8,-6.4,-7.8,-7.3
7.320621791994199,7.32459958398249,-26.275071875727285,-17.51671458381819,21.895893229772735,9.652186808648658,14.478280212972987,-39.412607813590924,-28.30078125,-19.423828125,23.90625,8.4375,13.18359375,-40.517578125,17.578125,4.39453125,-13.18359375,26.3671875,39.55078125,30.76171875,-12.1,-13.0,12.8,-7.4,-9.0,-7.2
7.324636666977312,7.328534917003708,-26.183241958205837,-17.45549463880389,21.819368298504866,9.762464182504772,14.643696273757158,-39.27486293730876,-28.30078125,-19.3359375,23.818359375,8.525390625,13.359375,-40.4296875,17.578125,4.39453125,-13.18359375,26.3671875,39.55078125,30.76171875,-12.9,-13.0,12.8,-8.2,-8.2,-8.0
7.328573292004876,7.331580500002019,-26.092190658500733,-17.394793772333824,21.74349221541728,9.870215277185014,14.80532291577752,-39.138285987751104,-28.212890625,-19.3359375,23.818359375,8.61328125,13.53515625,-40.341796875,17.578125,4.39453125,-13.18359375,26.3671875,39.55078125,30.76171875,-12.9,-13.8,13.6,-8.2,-9.0,-7.2
7.33160304199555,7.334593999985373,-26.021435130381278,-17.347623420254187,21.684529275317733,9.952887102195445,14.929330653293169,-39.03215269557192,-28.212890625,-19.248046875,23.73046875,8.701171875,13.623046875,-40.166015625,17.578125,4.39453125,-13.18359375,26.3671875,39.55078125,30.76171875,-12.9,-13.0,12.9,-8.0,-7.9,-6.4
7.334613333980087,7.337563124980079,-25.950550314320783,-17.300366876213854,21.625458595267318,10.034804728962216,15.052207093443325,-38.925825471481176,-28.125,-19.248046875,23.73046875,8.7890625,13.798828125,-40.078125,17.578125,8.7890625,-13.18359375,17.578125,39.55078125,30.76171875,-12.9,-13.8,13.7,-8.0,-7.1,-6.4
7.337577667000005,7.340701916982653,-25.88018069532915,-17.2534537968861,21.56681724610763,10.115252447601916,15.172878671402875,-38.820271042993724,-28.037109375,-19.248046875,23.642578125,8.7890625,13.88671875,-39.990234375,17.578125,8.7890625,-13.18359375,17.578125,43.9453125,30.76171875,-12.9,-13.8,13.7,-8.8,-7.1,-7.2
7.3407245419803075,7.34450283399201,-25.8048637688051,-17.203242512536733,21.504053140670916,10.200414062911802,15.300621094367703,-38.707295653207645,-27.94921875,-19.16015625,23.5546875,8.876953125,14.0625,-39.90234375,17.578125,8.7890625,-13.18359375,17.578125,43.9453125,30.76171875,-12.9,-13.8,12.9,-9.6,-8.0,-8.1
7.34451770898886,7.347595958999591,-25.713240676511617,-17.142160451007744,21.427700563759682,10.30273434928349,15.454101523925237,-38.569861014767426,-27.861328125,-19.16015625,23.466796875,8.96484375,14.23828125,-39.7265625,17.578125,8.7890625,-13.18359375,17.578125,43.9453125,35.15625,-12.9,-13.7,12.9,-8.8,-7.2,-8.1
7.347609833988827,7.350544708984671,-25.637875571733176,-17.091917047822115,21.36489630977765,10.385873657539248,15.578810486308873,-38.45681335759976,-27.7734375,-19.072265625,23.466796875,8.96484375,14.326171875,-39.638671875,17.578125,8.7890625,-13.18359375,17.578125,43.9453125,35.15625,-12.1,-13.7,13.7,-9.6,-8.0,-7.3
7.350558624981204,7.353556541987928,-25.56544052828642,-17.043627018857613,21.304533773572015,10.464930866568913,15.69739629985337,-38.348160792429624,-27.7734375,-19.072265625,23.37890625,8.96484375,14.4140625,-39.55078125,17.578125,8.7890625,-13.18359375,17.578125,43.9453125,35.15625,-12.8,-13.7,12.8,-10.4,-8.0,-7.2
7.35356945899548,7.356487458979245,-25.490915514652354,-16.993943676434903,21.242429595543626,10.54541977932402,15.818129668986028,-38.23637327197853,-27.685546875,-19.072265625,23.291015625,9.052734375,14.501953125,-39.375,17.578125,8.7890625,-13.18359375,17.578125,43.9453125,35.15625,-12.8,-14.5,12.8,-10.4,-8.8,-6.4
7.356502084003296,7.359629916987615,-25.417778200122942,-16.94518546674863,21.181481833435786,10.623591177068658,15.935386765602988,-38.126667300184415,-27.59765625,-19.072265625,23.291015625,9.052734375,14.677734375,-39.287109375,21.97265625,8.7890625,-17.578125,13.18359375,39.55078125,35.15625,-12.8,-14.5,13.6,-12.0,-8.0,-7.2
7.35964424998383,7.363567499996861,-25.338816584023576,-16.89254438934905,21.115680486686315,10.707097835261983,16.060646752892975,-38.008224876035364,-27.509765625,-18.984375,23.203125,9.052734375,14.765625,-39.19921875,21.97265625,8.7890625,-17.578125,13.18359375,39.55078125,35.15625,-12.8,-14.5,12.8,-12.3,-8.8,-7.9
7.363581583980704,7.366552624996984,-25.23900151817391,-16.826001012115942,21.03250126514493,10.81136855075588,16.21705282613382,-37.85850227726087,-27.421875,-18.984375,23.203125,9.140625,14.94140625,-39.0234375,21.97265625,8.7890625,-17.578125,13.18359375,39.55078125,35.15625,-12.8,-15.3,13.6,-12.3,-8.8,-7.9
7.3665674589865375,7.369572374998825,-25.16266294854458,-16.775108632363054,20.968885790453818,10.890166682490152,16.335250023735227,-37.74399442281687,-27.333984375,-18.896484375,23.115234375,9.140625,15.029296875,-38.935546875,21.97265625,8.7890625,-17.578125,13.18359375,39.55078125,35.15625,-12.0,-14.6,13.6,-13.9,-8.8,-7.1
7.369594749994576,7.372673208999913,-25.08470042503845,-16.723133616692298,20.90391702086537,10.969813218020441,16.45471982703066,-37.62705063755767,-27.24609375,-18.896484375,23.02734375,9.31640625,15.205078125,-38.84765625,21.97265625,8.7890625,-17.578125,13.18359375,39.55078125,35.15625,-11.9,-15.4,13.6,-12.0,-8.0,-7.2
7.372687708993908,7.37653120898176,-25.004460935904557,-16.669640623936374,20.837050779920467,11.050931248940524,16.576396873410786,-37.50669140385684,-27.24609375,-18.80859375,22.939453125,9.404296875,15.380859375,-38.671875,21.97265625,8.7890625,-17.578125,13.18359375,39.55078125,35.15625,-12.7,-14.6,12.8,-12.0,-7.3,-6.4
7.376545374980196,7.379545709001832,-24.903556024740844,-16.602370683160565,20.752963353950708,11.151739223050843,16.727608834576266,-37.35533403711127,-27.158203125,-18.80859375,22.8515625,9.580078125,15.46875,-38.583984375,21.97265625,8.7890625,-17.578125,21.97265625,39.55078125,35.15625,-12.7,-15.4,12.8,-12.0,-8.1,-7.2
7.3795595839910675,7.382632416993147,-24.82407683311667,-16.549384555411113,20.686730694263893,11.230221317370379,16.84533197605557,-37.236115249675,-27.0703125,-18.80859375,22.8515625,9.66796875,15.64453125,-38.49609375,21.97265625,8.7890625,-17.578125,21.97265625,39.55078125,35.15625,-12.7,-16.2,13.6,-11.8,-7.3,-7.2
7.382648375001736,7.386493333993712,-24.74205374909933,-16.494702499399555,20.618378124249443,11.310384142738128,16.96557621410719,-37.113080623649,-26.982421875,-18.720703125,22.8515625,9.755859375,15.732421875,-38.3203125,21.97265625,8.7890625,-17.578125,21.97265625,39.55078125,35.15625,-12.7,-15.4,14.4,-11.8,-7.9,-6.4
7.386511833989061,7.389505792001728,-24.638639653086386,-16.42575976872426,20.53219971090532,11.41027677228557,17.115415158428355,-36.95795947962958,-26.982421875,-18.720703125,22.763671875,9.931640625,15.908203125,-38.232421875,21.97265625,8.7890625,-17.578125,21.97265625,39.55078125,35.15625,-13.5,-16.0,13.6,-10.2,-7.1,-8.0
7.389523374993587,7.392675499984762,-24.557399504593185,-16.371599669728788,20.46449958716099,11.487851159121803,17.231776738682704,-36.836099256889774,-26.89453125,-18.6328125,22.67578125,10.01953125,16.083984375,-38.14453125,21.97265625,8.7890625,-17.578125,21.97265625,39.55078125,35.15625,-12.9,-15.2,13.7,-10.4,-6.3,-8.9
7.392692875000648,7.396549208991928,-24.471304714221603,-16.314203142814403,20.392753928518005,11.569216732993839,17.35382509949076,-36.706957071332404,-26.806640625,-18.6328125,22.67578125,10.107421875,16.171875,-37.96875,21.97265625,13.18359375,-17.578125,21.97265625,39.55078125,35.15625,-12.9,-16.0,14.5,-10.4,-7.0,-8.1
7.396566249983152,7.399614541995106,-24.36526683511455,-16.243511223409698,20.304389029262126,11.668262215727033,17.50239332359055,-36.54790025267182,-26.71875,-18.544921875,22.587890625,10.283203125,16.259765625,-37.880859375,17.578125,13.18359375,-17.578125,35.15625,39.55078125,35.15625,-12.9,-16.0,14.5,-10.4,-7.0,-8.1
7.399632833985379,7.402590874989983,-24.280675825474912,-16.187117216983275,20.2338965212291,11.746371192995886,17.619556789493828,-36.42101373821237,-26.71875,-18.544921875,22.5,10.37109375,16.435546875,-37.705078125,17.578125,13.18359375,-17.578125,35.15625,39.55078125,35.15625,-13.7,-16.0,13.7,-10.4,-6.2,-8.0
7.402608374977717,7.405564833985409,-24.198057648387937,-16.132038432258625,20.16504804032328,11.821900694056378,17.732851041084565,-36.2970864725819,-26.630859375,-18.45703125,22.412109375,10.458984375,16.5234375,-37.6171875,17.578125,13.18359375,-17.578125,35.15625,39.55078125,35.15625,-13.7,-16.0,13.7,-10.4,-7.3,-8.8
7.405582042003516,7.408566999976756,-24.114963372882098,-16.076642248588065,20.095802810735083,11.897124611052591,17.845686916578888,-36.172445059323145,-26.54296875,-18.45703125,22.412109375,10.546875,16.611328125,-37.44140625,17.578125,13.18359375,-17.578125,35.15625,39.55078125,39.55078125,-13.7,-16.9,14.5,-9.6,-8.1,-8.0
7.40858441698947,7.4116551670013,-24.030533111626024,-16.020355407750685,20.025444259688356,11.972811391204383,17.959217086806575,-36.04579966743904,-26.455078125,-18.369140625,22.32421875,10.634765625,16.69921875,-37.353515625,17.578125,13.18359375,-17.578125,35.15625,39.55078125,39.55078125,-13.7,-16.1,14.5,-8.6,-8.1,-8.0
7.411672374990303,7.415519375004806,-23.94313862435674,-15.962092416237827,19.952615520297286,12.050377823764816,18.07556673564722,-35.91470793653511,-26.455078125,-18.369140625,22.236328125,10.72265625,16.875,-37.265625,17.578125,13.18359375,-17.578125,35.15625,39.55078125,39.55078125,-14.5,-16.9,13.7,-8.6,-7.3,-8.8
7.415538624976762,7.418607208994217,-23.832923193173286,-15.888615462115524,19.86076932764441,12.14709424912079,18.220641373681186,-35.74938478975993,-26.3671875,-18.28125,22.1484375,10.810546875,16.962890625,-37.08984375,21.97265625,13.18359375,-17.578125,30.76171875,39.55078125,39.55078125,-14.5,-16.1,13.7,-9.4,-7.3,-8.0
7.4186301669979,7.423524749989156,-23.7441597552303,-15.8294398368202,19.786799796025253,12.224108738574344,18.336163107861516,-35.61623963284545,-26.279296875,-18.193359375,22.060546875,10.986328125,17.138671875,-36.826171875,21.97265625,13.18359375,-17.578125,30.76171875,39.55078125,39.55078125,-14.5,-16.1,13.7,-8.8,-8.0,-6.4
7.4235666249878705,7.426552833989263,-23.601265621946137,-15.734177081297425,19.667721351621783,12.34648417867916,18.51972626801874,-35.401898432919204,-26.19140625,-18.10546875,22.060546875,11.162109375,17.314453125,-36.73828125,21.97265625,13.18359375,-17.578125,30.76171875,39.55078125,39.55078125,-14.5,-16.0,14.5,-7.2,-7.2,-7.2
7.4265831249940675,7.429449666989967,-23.513248857241013,-15.675499238160675,19.594374047700846,12.420898664526012,18.631347996789017,-35.26987328586152,-26.19140625,-18.10546875,21.97265625,11.25,17.40234375,-36.650390625,21.97265625,13.18359375,-17.578125,30.76171875,39.55078125,39.55078125,-15.3,-16.8,14.5,-7.2,-7.2,-8.8
7.429477500001667,7.43244454197702,-23.428299202722464,-15.61886613514831,19.523582668935386,12.492038290539993,18.73805743580999,-35.14244880408369,-26.103515625,-18.017578125,21.884765625,11.337890625,17.490234375,-36.474609375,21.97265625,13.18359375,-17.578125,30.76171875,39.55078125,39.55078125,-15.4,-16.0,14.5,-7.0,-7.2,-8.9
7.432482584001264,7.435434708982939,-23.33958786156218,-15.559725241041454,19.449656551301818,12.565625747383116,18.848438621074674,-35.00938179234327,-26.015625,-17.9296875,21.884765625,11.513671875,17.578125,-36.38671875,21.97265625,17.578125,-17.578125,30.76171875,39.55078125,39.55078125,-15.4,-16.0,15.3,-6.2,-7.8,-9.7
7.435470124997664,7.438530624989653,-23.250878888120475,-15.50058592541365,19.375732406767064,12.638506081371652,18.957759122057478,-34.876318332180716,-26.015625,-17.9296875,21.796875,11.6015625,17.75390625,-36.2109375,17.578125,17.578125,-21.97265625,35.15625,39.55078125,39.55078125,-16.2,-16.0,14.5,-7.0,-7.0,-8.9
7.438555250002537,7.441601208993234,-23.15873497428737,-15.439156649524913,19.298945811906144,12.713474818138064,19.070212227207097,-34.738102461431055,-25.927734375,-17.841796875,21.708984375,11.689453125,17.841796875,-36.123046875,17.578125,17.578125,-21.97265625,35.15625,35.15625,39.55078125,-16.2,-16.0,14.5,-6.4,-7.8,-8.8
7.441622166981688,7.445516791980481,-23.066595808323196,-15.37773053888213,19.222163173602667,12.787705168384665,19.181557752576996,-34.59989371248479,-25.927734375,-17.841796875,21.708984375,11.77734375,17.9296875,-35.947265625,17.578125,17.578125,-21.97265625,35.15625,35.15625,39.55078125,-16.2,-16.8,15.3,-6.4,-9.0,-8.0
7.4455329589836765,7.448594708985183,-22.948327900648916,-15.298885267099278,19.123606583874096,12.881929575344396,19.322894363016594,-34.42249185097337,-25.83984375,-17.75390625,21.62109375,11.953125,18.10546875,-35.771484375,17.578125,17.578125,-21.97265625,35.15625,35.15625,43.9453125,-17.0,-16.9,15.3,-4.8,-7.4,-8.0
7.448609666986158,7.451631000003545,-22.854675004395236,-15.236450002930157,19.0455625036627,12.955716549392765,19.433574824089145,-34.28201250659286,-25.751953125,-17.666015625,21.533203125,12.041015625,18.28125,-35.595703125,17.578125,17.578125,-21.97265625,35.15625,35.15625,43.9453125,-17.0,-16.1,15.2,-4.6,-6.6,-7.9
7.451648958987789,7.455502666998655,-22.76163690526771,-15.174424603511806,18.968030754389762,13.028309097973363,19.542463646960044,-34.14245535790157,-25.751953125,-17.666015625,21.4453125,12.041015625,18.369140625,-35.419921875,17.578125,17.578125,-21.97265625,35.15625,35.15625,43.9453125,-17.8,-16.9,14.4,-5.4,-6.2,-7.9
7.45552695900551,7.45858337500249,-22.642171476308526,-15.094780984205684,18.868476230257105,13.120502545210012,19.68075381781502,-33.96325721446279,-25.576171875,-17.578125,21.4453125,12.12890625,18.45703125,-35.244140625,21.97265625,17.578125,-17.578125,30.76171875,35.15625,43.9453125,-17.0,-16.9,15.2,-5.4,-7.0,-8.7
7.458600583981024,7.461659749998944,-22.546888508459347,-15.031259005639566,18.78907375704946,13.193227531782338,19.789841297673505,-33.82033276268902,-25.576171875,-17.490234375,21.357421875,12.216796875,18.6328125,-35.15625,21.97265625,17.578125,-17.578125,30.76171875,35.15625,43.9453125,-17.8,-16.1,15.2,-5.6,-6.2,-8.9
7.461679542000638,7.465485958993668,-22.450913281828775,-14.967275521219182,18.70909440152398,13.265770368580672,19.898655552871006,-33.67636992274316,-25.48828125,-17.40234375,21.26953125,12.216796875,18.6328125,-34.98046875,21.97265625,17.578125,-17.578125,30.76171875,35.15625,43.9453125,-17.8,-16.1,15.2,-6.4,-7.2,-8.9
7.4655042919912376,7.4684870000055525,-22.330959623391887,-14.887306415594592,18.609133019493243,13.355452358051975,20.033178537077962,-33.49643943508783,-25.400390625,-17.314453125,21.181640625,12.3046875,18.80859375,-34.8046875,21.97265625,17.578125,-17.578125,30.76171875,35.15625,48.33984375,-17.8,-16.0,15.2,-6.4,-7.2,-8.9
7.468504958989797,7.471496916987235,-22.23628679684284,-14.824191197895226,18.530238997369036,13.425474119309369,20.138211178964053,-33.35443019526426,-25.224609375,-17.314453125,21.181640625,12.392578125,18.896484375,-34.716796875,21.97265625,17.578125,-17.578125,30.76171875,35.15625,48.33984375,-17.0,-16.8,16.1,-6.4,-7.2,-8.8
7.471520083985524,7.474566333985422,-22.14066022793328,-14.760440151955521,18.450550189944405,13.495532835740104,20.243299253610154,-33.21099034189992,-25.224609375,-17.2265625,21.09375,12.392578125,18.984375,-34.541015625,21.97265625,21.97265625,-17.578125,30.76171875,35.15625,48.33984375,-17.6,-16.0,16.1,-7.2,-7.2,-8.8
7.474583749979502,7.47764745898894,-22.042985467052564,-14.695323644701709,18.369154555877138,13.56640936200404,20.34961404300606,-33.06447820057885,-25.13671875,-17.2265625,21.005859375,12.48046875,19.16015625,-34.365234375,21.97265625,21.97265625,-21.97265625,17.578125,35.15625,48.33984375,-17.6,-16.8,16.1,-7.2,-8.0,-8.8
7.477667291997932,7.481470875005471,-21.944161556040385,-14.629441037360255,18.28680129670032,13.63742845753552,20.45614268630328,-32.91624233406058,-25.048828125,-17.138671875,20.91796875,12.48046875,19.248046875,-34.27734375,21.97265625,21.97265625,-21.97265625,17.578125,35.15625,48.33984375,-17.6,-16.8,15.3,-7.2,-8.0,-8.8
7.4814887499960605,7.484519416990224,-21.820974193816735,-14.547316129211156,18.18414516151395,13.72499885015634,20.58749827523451,-32.7314612907251,-24.9609375,-17.05078125,20.91796875,12.568359375,19.3359375,-34.013671875,21.97265625,21.97265625,-21.97265625,17.578125,35.15625,48.33984375,-17.6,-16.8,16.9,-7.2,-8.3,-7.2
7.484541541984072,7.48751445900416,-21.722000157773824,-14.481333438515883,18.101666798144855,13.79459973477019,20.691899602155285,-32.58300023666074,-24.873046875,-16.962890625,20.830078125,12.65625,19.51171875,-33.92578125,21.97265625,21.97265625,-21.97265625,17.578125,35.15625,48.33984375,-17.6,-15.9,16.1,-8.0,-7.5,-7.2
7.487550124991685,7.491435959003866,-21.62397070308174,-14.415980468721159,18.019975585901452,13.862882352723405,20.79432352908511,-32.43595605462261,-24.78515625,-16.875,20.7421875,12.744140625,19.599609375,-33.75,21.97265625,21.97265625,-21.97265625,17.578125,35.15625,48.33984375,-17.6,-15.9,16.1,-7.2,-7.5,-6.1
7.491472208988853,7.4944362090027425,-21.495451574336045,-14.330301049557363,17.912876311946707,13.951432608483444,20.927148912725166,-32.24317736150407,-24.697265625,-16.787109375,20.654296875,12.83203125,19.775390625,-33.57421875,21.97265625,21.97265625,-21.97265625,17.578125,35.15625,48.33984375,-17.7,-15.9,16.0,-7.2,-7.1,-7.7
7.494469124998432,7.497441958985291,-21.396698270437177,-14.264465513624785,17.830581892030985,14.018738303093084,21.028107454639624,-32.09504740565576,-24.609375,-16.787109375,20.654296875,12.83203125,19.86328125,-33.486328125,21.97265625,21.97265625,-17.578125,17.578125,35.15625,48.33984375,-17.7,-16.7,16.8,-8.0,-7.1,-8.5
7.497470542002702,7.500468041980639,-21.297321412864175,-14.198214275242783,17.747767844053485,14.08583371314215,21.128750569713226,-31.945982119296264,-24.521484375,-16.69921875,20.56640625,12.919921875,20.0390625,-33.310546875,26.3671875,21.97265625,-17.578125,17.578125,39.55078125,48.33984375,-17.7,-15.9,16.8,-8.0,-6.3,-9.1
7.500503041985212,7.50448408399825,-21.19643463990316,-14.130956426602106,17.663695533252636,14.153305990809095,21.229958986213642,-31.79465195985474,-24.43359375,-16.69921875,20.478515625,13.095703125,20.126953125,-33.22265625,26.3671875,21.97265625,-17.578125,17.578125,39.55078125,48.33984375,-17.7,-16.7,16.8,-6.4,-6.3,-9.9
7.504520208982285,7.507606958999531,-21.06204928004445,-14.041366186696301,17.551707733370378,14.242192092901352,21.363288139352026,-31.593073920066676,-24.345703125,-16.611328125,20.390625,13.095703125,20.21484375,-33.046875,26.3671875,21.97265625,-17.578125,17.578125,39.55078125,43.9453125,-18.5,-16.9,16.8,-7.2,-7.1,-9.1
7.507642374985153,7.511508458992466,-20.957024714100903,-13.971349809400602,17.46418726175075,14.310883428473652,21.466325142710478,-31.435537071151355,-24.2578125,-16.5234375,20.302734375,13.18359375,20.390625,-32.87109375,26.3671875,21.97265625,-17.578125,17.578125,39.55078125,43.9453125,-18.5,-16.9,16.9,-8.0,-6.3,-7.9
7.511546958994586,7.514571958978195,-20.824971820408607,-13.883314546939072,17.35414318367384,14.39630428932196,21.59445643398294,-31.23745773061291,-24.169921875,-16.435546875,20.21484375,13.271484375,20.478515625,-32.6953125,26.3671875,17.578125,-17.578125,17.578125,39.55078125,43.9453125,-18.4,-16.9,16.9,-7.2,-6.4,-7.9
7.51461083398317,7.518479166988982,-20.720802895237963,-13.813868596825309,17.26733574603164,14.46295386114619,21.694430791719284,-31.081204342856946,-23.994140625,-16.34765625,20.126953125,13.359375,20.56640625,-32.51953125,30.76171875,17.578125,-26.3671875,26.3671875,30.76171875,43.9453125,-18.4,-16.9,16.9,-7.2,-6.4,-9.5
7.518515999981901,7.52245070898789,-20.58733546296289,-13.724890308641928,17.156112885802415,14.547418534425509,21.821127801638262,-30.88100319444434,-23.994140625,-16.259765625,20.0390625,13.447265625,20.654296875,-32.34375,30.76171875,17.578125,-26.3671875,26.3671875,30.76171875,43.9453125,-19.2,-16.1,16.9,-8.0,-7.2,-9.8
7.522492249991046,7.525415541982511,-20.450642662206903,-13.633761774804602,17.042202218505757,14.632858226193433,21.949287339290148,-30.675963993310354,-23.818359375,-16.171875,19.951171875,13.53515625,20.830078125,-32.16796875,30.76171875,17.578125,-26.3671875,26.3671875,30.76171875,43.9453125,-18.4,-16.1,17.7,-7.2,-7.2,-10.6
7.525447333988268,7.5284449589962605,-20.34853773510327,-13.565691823402181,16.95711477925273,14.695986028588868,22.0439790428833,-30.52280660265491,-23.73046875,-16.171875,19.86328125,13.623046875,20.91796875,-31.9921875,30.76171875,17.578125,-26.3671875,26.3671875,30.76171875,48.33984375,-18.4,-16.7,16.9,-6.4,-7.2,-10.6
7.528479458997026,7.531506958999671,-20.243315147971597,-13.495543431981066,16.869429289976335,14.760430463760626,22.140645695640938,-30.364972721957397,-23.642578125,-16.083984375,19.775390625,13.7109375,21.005859375,-31.81640625,30.76171875,17.578125,-26.3671875,26.3671875,30.76171875,48.33984375,-18.4,-16.7,16.9,-6.4,-8.0,-10.5
7.531560709001496,7.535449708986562,-20.135917375733484,-13.423944917155657,16.77993114644457,14.825575970638402,22.238363955957603,-30.203876063600227,-23.5546875,-15.99609375,19.6875,13.7109375,21.09375,-31.728515625,30.76171875,21.97265625,-26.3671875,26.3671875,30.76171875,48.33984375,-18.5,-15.9,16.9,-7.2,-7.2,-11.3
7.535484041989548,7.538549416989554,-19.998486233499822,-13.332324155666548,16.665405194583187,14.908022424460938,22.362033636691407,-29.997729350249735,-23.466796875,-15.908203125,19.599609375,13.798828125,21.26953125,-31.46484375,26.3671875,21.97265625,-21.97265625,21.97265625,35.15625,48.33984375,-19.3,-15.9,16.9,-8.0,-7.2,-9.7
7.53858091699658,7.542506625002716,-19.88946858969176,-13.259645726461173,16.574557158076466,14.97270166699183,22.459052500487743,-29.83420288453764,-23.37890625,-15.908203125,19.599609375,13.88671875,21.357421875,-31.2890625,26.3671875,21.97265625,-21.97265625,21.97265625,35.15625,48.33984375,-19.3,-16.7,17.7,-7.2,-6.4,-8.5
7.542534124979284,7.54650554197724,-19.749622384487566,-13.166414922991711,16.45801865373964,15.054750681284004,22.582126021926005,-29.624433576731352,-23.203125,-15.8203125,19.51171875,13.974609375,21.4453125,-31.025390625,26.3671875,21.97265625,-21.97265625,21.97265625,35.15625,48.33984375,-18.5,-16.7,18.5,-6.4,-7.2,-7.7
7.546540249983082,7.549446041986812,-19.607127338854898,-13.071418225903265,16.339272782379087,15.137305756425874,22.70595863463881,-29.41069100828235,-23.203125,-15.732421875,19.3359375,14.0625,21.62109375,-30.849609375,26.3671875,21.97265625,-21.97265625,21.97265625,35.15625,52.734375,-19.3,-16.9,17.7,-6.4,-7.2,-8.5
7.549480166984722,7.553456291992916,-19.502062278068802,-13.001374852045869,16.251718565057338,15.197508083781013,22.796262125671518,-29.253093417103205,-23.02734375,-15.64453125,19.248046875,14.0625,21.708984375,-30.673828125,26.3671875,21.97265625,-21.97265625,21.97265625,35.15625,52.734375,-19.4,-16.9,17.6,-8.0,-7.2,-8.9
7.553496459004236,7.557397708995268,-19.357858607316413,-12.905239071544274,16.131548839430344,15.279227876639808,22.918841814959713,-29.036787910974617,-22.939453125,-15.556640625,19.16015625,14.150390625,21.796875,-30.498046875,26.3671875,17.578125,-26.3671875,17.578125,35.15625,52.734375,-19.4,-16.9,17.6,-7.2,-6.4,-9.7
7.557429708976997,7.560431458987296,-19.215889773416684,-12.81059318227779,16.013241477847238,15.35866863755377,23.038002956330654,-28.823834660125026,-22.8515625,-15.46875,19.072265625,14.23828125,21.884765625,-30.234375,30.76171875,17.578125,-26.3671875,17.578125,30.76171875,52.734375,-19.4,-16.9,17.6,-7.2,-7.2,-8.8
7.56045708397869,7.563434999989113,-19.10611823715654,-12.737412158104359,15.921765197630453,15.419414110613127,23.129121165919692,-28.65917735573481,-22.763671875,-15.380859375,18.984375,14.326171875,22.060546875,-30.05859375,30.76171875,17.578125,-26.3671875,17.578125,30.76171875,52.734375,-20.2,-16.9,17.6,-7.2,-6.4,-8.8
7.56352737499401,7.5674122920027,-18.994349303088942,-12.66289953539263,15.828624419240786,15.480664564434989,23.220996846652483,-28.491523954633415,-22.587890625,-15.380859375,18.896484375,14.4140625,22.1484375,-29.8828125,30.76171875,17.578125,-26.3671875,17.578125,30.76171875,57.12890625,-19.4,-16.8,17.6,-6.4,-6.4,-8.8
7.567444166983478,7.570453499996802,-18.851123932575693,-12.567415955050462,15.709269943813078,15.558279346146959,23.337419019220437,-28.27668589886354,-22.5,-15.29296875,18.80859375,14.501953125,22.236328125,-29.70703125,30.76171875,17.578125,-26.3671875,17.578125,30.76171875,57.12890625,-20.2,-16.8,17.6,-6.4,-6.4,-9.7
7.570482666982571,7.574520541995298,-18.73952329738169,-12.493015531587794,15.616269414484742,15.618084483300317,23.427126724950476,-28.10928494607254,-22.412109375,-15.205078125,18.720703125,14.501953125,22.32421875,-29.53125,30.76171875,17.578125,-26.3671875,17.578125,30.76171875,57.12890625,-20.0,-16.8,17.6,-8.0,-7.1,-8.9
7.574542541988194,7.578512541978853,-18.58974291770168,-12.393161945134455,15.49145243141807,15.697437274971707,23.54615591245756,-27.884614376552523,-22.32421875,-15.1171875,18.6328125,14.58984375,22.5,-29.35546875,26.3671875,21.97265625,-21.97265625,21.97265625,30.76171875,57.12890625,-20.0,-16.8,17.6,-7.2,-7.1,-9.7
7.578533499996411,7.582490417000372,-18.44176816420517,-12.294512109470112,15.368140136837644,15.774820822757157,23.662231234135735,-27.662652246307754,-22.1484375,-15.029296875,18.544921875,14.677734375,22.587890625,-29.1796875,26.3671875,21.97265625,-21.97265625,21.97265625,30.76171875,57.12890625,-20.0,-16.8,18.4,-7.2,-6.3,-9.6
7.582511458982481,7.586413916986203,-18.293554151126976,-12.195702767417984,15.244628459272484,15.851335401435216,23.777003102152825,-27.440331226690464,-22.060546875,-14.94140625,18.45703125,14.765625,22.763671875,-28.916015625,26.3671875,21.97265625,-21.97265625,21.97265625,30.76171875,57.12890625,-20.0,-16.8,18.4,-6.4,-6.4,-8.8
7.586433499993291,7.589467416983098,-18.146724277327777,-12.097816184885184,15.122270231106484,15.926168514640615,23.889252771960923,-27.220086415991663,-21.97265625,-14.853515625,18.369140625,14.853515625,22.8515625,-28.740234375,26.3671875,21.97265625,-21.97265625,21.97265625,30.76171875,52.734375,-20.8,-16.9,18.4,-6.4,-6.4,-9.6
7.589486458979081,7.593471416999819,-18.031953306254984,-12.02130220416999,15.026627755212491,15.984001167292803,23.976001750939204,-27.04792995938248,-21.884765625,-14.765625,18.28125,14.94140625,22.939453125,-28.564453125,26.3671875,21.97265625,-21.97265625,21.97265625,30.76171875,52.734375,-20.9,-16.9,18.6,-7.2,-7.3,-9.6
7.5934944589971565,7.596591291978257,-17.880649989005953,-11.92043332600397,14.900541657504963,16.05936702738604,24.08905054107906,-26.820974983508933,-21.708984375,-14.677734375,18.193359375,15.029296875,23.02734375,-28.30078125,26.3671875,21.97265625,-26.3671875,21.97265625,30.76171875,52.734375,-20.9,-16.9,19.4,-6.4,-6.5,-8.0
7.596612333989469,7.600419541995507,-17.762458771545106,-11.84163918103007,14.80204897628759,16.117555072227717,24.17633260834158,-26.64368815731766,-21.62109375,-14.677734375,18.10546875,15.1171875,23.115234375,-28.125,30.76171875,21.97265625,-26.3671875,21.97265625,26.3671875,52.734375,-20.9,-17.7,19.4,-6.4,-6.5,-8.0
7.600437999994028,7.603482124977745,-17.616855072714273,-11.74457004847618,14.68071256059523,16.188424085637124,24.282636128455685,-26.42528260907141,-21.4453125,-14.58984375,18.017578125,15.205078125,23.203125,-27.94921875,30.76171875,21.97265625,-26.3671875,21.97265625,26.3671875,52.734375,-20.1,-17.7,19.4,-5.6,-6.3,-8.5
7.60350075000315,7.606457249989035,-17.499828944789616,-11.666552629859744,14.583190787324682,16.244739140248225,24.36710871037234,-26.249743417184423,-21.357421875,-14.501953125,17.9296875,15.205078125,23.291015625,-27.7734375,30.76171875,21.97265625,-26.3671875,21.97265625,26.3671875,52.734375,-20.9,-17.6,19.4,-6.4,-6.3,-8.5
7.606473791995086,7.609489541995572,-17.385843073016492,-11.590562048677661,14.48820256084708,16.299045106869087,24.448567660303627,-26.07876460952474,-21.26953125,-14.4140625,17.841796875,15.29296875,23.466796875,-27.59765625,30.76171875,21.97265625,-26.3671875,21.97265625,26.3671875,52.734375,-20.9,-17.6,19.4,-6.4,-5.5,-8.5
7.609508791996632,7.612520499998936,-17.26909065293316,-11.512727101955438,14.390908877444296,16.354116138633135,24.531174207949704,-25.903635979399734,-21.181640625,-14.326171875,17.75390625,15.29296875,23.466796875,-27.509765625,30.76171875,21.97265625,-26.3671875,21.97265625,26.3671875,52.734375,-20.8,-16.8,19.1,-6.4,-6.4,-10.7
7.612534666986903,7.616423667001072,-17.15229853809855,-11.4348656920657,14.293582115082126,16.408651577884722,24.612977366827085,-25.728447807147823,-21.09375,-14.23828125,17.666015625,15.380859375,23.5546875,-27.333984375,30.76171875,21.97265625,-26.3671875,17.578125,26.3671875,52.734375,-20.8,-17.6,19.1,-6.4,-6.4,-10.7
7.616436874988722,7.6194903339783195,-17.001110197490583,-11.334073464993722,14.167591831242154,16.47843374505372,24.71765061758058,-25.501665296235874,-21.005859375,-14.23828125,17.578125,15.46875,23.642578125,-27.158203125,35.15625,21.97265625,-26.3671875,17.578125,30.76171875,52.734375,-21.6,-17.6,19.1,-6.4,-7.2,-10.7
7.619505458977073,7.62256183399586,-16.88177110765433,-11.254514071769552,14.068142589711943,16.532873706901082,24.79931056035162,-25.322656661481492,-20.830078125,-14.150390625,17.490234375,15.556640625,23.818359375,-26.982421875,35.15625,21.97265625,-26.3671875,17.578125,30.76171875,52.734375,-20.8,-17.6,19.1,-5.6,-5.6,-10.5
7.622576541994931,7.626533250004286,-16.761942127634576,-11.174628085089717,13.96828510636215,16.586973417713192,24.88046012656979,-25.142913191451864,-20.7421875,-14.0625,17.40234375,15.64453125,23.818359375,-26.71875,35.15625,21.97265625,-26.3671875,17.578125,30.76171875,52.734375,-20.8,-17.6,19.9,-5.6,-6.4,-10.5
7.626547416992253,7.630496375000803,-16.606426794020447,-11.070951196013631,13.838688995017042,16.656351329612505,24.98452699441876,-24.90964019103067,-20.654296875,-13.974609375,17.2265625,15.64453125,23.994140625,-26.455078125,35.15625,21.97265625,-26.3671875,17.578125,30.76171875,52.734375,-21.6,-17.6,19.1,-7.2,-6.4,-9.5
7.630510708986549,7.633442166988971,-16.45056420576125,-10.967042803840833,13.708803504801045,16.72495058703382,25.08742588055073,-24.675846308641876,-20.478515625,-13.88671875,17.138671875,15.732421875,24.08203125,-26.279296875,35.15625,21.97265625,-26.3671875,17.578125,30.76171875,52.734375,-20.9,-17.6,19.3,-6.4,-5.5,-9.5
7.633457124989945,7.63650249998318,-16.334278319596006,-10.889518879730671,13.611898599663341,16.775529159105215,25.16329373865782,-24.50141747939401,-20.390625,-13.798828125,17.05078125,15.732421875,24.169921875,-26.19140625,35.15625,21.97265625,-30.76171875,17.578125,30.76171875,52.734375,-21.7,-17.6,19.3,-6.4,-5.5,-10.3
7.636518666986376,7.639536999980919,-16.213078142314338,-10.808718761542892,13.510898451928618,16.827703311321798,25.2415549669827,-24.31961721347151,-20.302734375,-13.7109375,16.962890625,15.8203125,24.2578125,-25.927734375,30.76171875,21.97265625,-30.76171875,17.578125,26.3671875,52.734375,-21.7,-17.6,19.3,-6.4,-5.5,-10.5
7.639551208994817,7.643483624997316,-16.09265635731159,-10.728437571541061,13.410546964426326,16.878999593386634,25.31849939007995,-24.138984535967385,-20.21484375,-13.623046875,16.875,15.908203125,24.2578125,-25.751953125,30.76171875,21.97265625,-30.76171875,17.578125,26.3671875,52.734375,-21.7,-17.6,19.3,-5.6,-6.5,-10.5
7.643498041987186,7.647471791977296,-15.935381735287487,-10.623587823524991,13.279484779406243,16.9451875692142,25.417781353821304,-23.903072602931232,-20.0390625,-13.53515625,16.787109375,15.908203125,24.43359375,-25.576171875,30.76171875,21.97265625,-30.76171875,17.578125,26.3671875,57.12890625,-21.7,-17.6,20.1,-6.4,-6.5,-10.5
7.647486083995318,7.650472833978711,-15.775842910116044,-10.517228606744029,13.146535758430039,17.011405069349358,25.517107604024034,-23.663764365174064,-19.951171875,-13.447265625,16.69921875,15.99609375,24.521484375,-25.3125,30.76171875,21.97265625,-30.76171875,17.578125,26.3671875,57.12890625,-21.7,-17.6,20.1,-6.4,-5.7,-10.3
7.650489583989838,7.653460208995966,-15.655280960005921,-10.436853973337282,13.046067466671603,17.060834655409852,25.591251983114777,-23.482921440008884,-19.775390625,-13.359375,16.611328125,16.083984375,24.609375,-25.048828125,30.76171875,26.3671875,-30.76171875,17.578125,26.3671875,57.12890625,-21.6,-17.6,20.1,-6.4,-5.6,-9.5
7.653475250001065,7.656452666997211,-15.535089505119528,-10.356726336746352,12.945907920932939,17.109594372332282,25.664391558498423,-23.30263425767929,-19.6875,-13.271484375,16.435546875,16.083984375,24.697265625,-24.873046875,30.76171875,26.3671875,-30.76171875,17.578125,26.3671875,57.12890625,-21.6,-17.6,19.3,-6.4,-5.6,-10.3
7.656471583992243,7.659539708984084,-15.41412507568139,-10.276083383787594,12.845104229734494,17.158149966982002,25.737224950473006,-23.121187613522086,-19.599609375,-13.271484375,16.435546875,16.171875,24.697265625,-24.78515625,39.55078125,26.3671875,-30.76171875,17.578125,26.3671875,57.12890625,-21.6,-18.4,20.1,-6.4,-6.4,-11.4
7.659557083999971,7.663467124977615,-15.289204117945994,-10.192802745297328,12.741003431621662,17.20775325821065,25.811629887315974,-22.933806176918992,-19.51171875,-13.18359375,16.34765625,16.259765625,24.78515625,-24.609375,39.55078125,26.3671875,-30.76171875,17.578125,26.3671875,57.12890625,-21.6,-18.4,20.1,-5.6,-6.4,-11.4
7.6634904999809805,7.6664311249915045,-15.129433683531113,-10.086289122354074,12.607861402942595,17.270401609119627,25.905602413679443,-22.69415052529667,-19.3359375,-13.095703125,16.171875,16.259765625,24.873046875,-24.345703125,39.55078125,26.3671875,-30.76171875,17.578125,26.3671875,57.12890625,-21.6,-18.5,20.1,-6.4,-7.2,-10.6
7.666448333999142,7.669482249999419,-15.008909379888244,-10.005939586592163,12.507424483240207,17.317077495624595,25.975616243436892,-22.513364069832367,-19.248046875,-13.0078125,16.171875,16.34765625,24.9609375,-24.169921875,39.55078125,26.3671875,-30.76171875,17.578125,26.3671875,57.12890625,-21.6,-18.5,20.9,-5.6,-6.4,-11.2
7.669498959003249,7.67341249997844,-14.884264706699998,-9.9228431378,12.403553922250001,17.36482605909473,26.047239088642097,-22.32639706005,-19.16015625,-12.919921875,15.99609375,16.34765625,25.048828125,-23.994140625,39.55078125,26.3671875,-30.76171875,17.578125,26.3671875,57.12890625,-22.4,-18.5,20.0,-6.4,-6.4,-11.2
7.6734275839990005,7.676524666982004,-14.723242987534935,-9.81549532502329,12.269369156279115,17.425729583705984,26.138594375558977,-22.084864481302404,-18.984375,-12.83203125,15.908203125,16.435546875,25.13671875,-23.73046875,39.55078125,26.3671875,-26.3671875,17.578125,26.3671875,57.12890625,-21.6,-18.5,20.0,-6.4,-5.6,-11.2
7.6765393749810755,7.6804632089915685,-14.595302425665839,-9.73020161711056,12.162752021388199,17.473499262894627,26.21024889434194,-21.892953638498756,-18.896484375,-12.744140625,15.8203125,16.5234375,25.224609375,-23.5546875,35.15625,26.3671875,-26.3671875,17.578125,26.3671875,57.12890625,-22.4,-18.5,20.8,-5.6,-5.6,-11.2
7.680479709000792,7.683450374985114,-14.432796548511707,-9.62186436567447,12.027330457093091,17.533388894579502,26.300083341869254,-21.64919482276756,-18.720703125,-12.65625,15.732421875,16.5234375,25.3125,-23.291015625,35.15625,26.3671875,-26.3671875,17.578125,26.3671875,57.12890625,-21.6,-18.5,20.8,-6.4,-6.3,-10.4
7.683465416979743,7.6864764589990955,-14.309292482592747,-9.539528321728497,11.924410402160625,17.57832185957863,26.367482789367944,-21.463938723889118,-18.6328125,-12.568359375,15.64453125,16.611328125,25.400390625,-23.115234375,35.15625,26.3671875,-26.3671875,17.578125,26.3671875,65.91796875,-22.4,-18.4,20.8,-5.6,-5.5,-10.4
7.686491166998167,7.689467666990822,-14.183810986936642,-9.455873991291096,11.81984248911387,17.62346297016635,26.435194455249526,-21.275716480404963,-18.45703125,-12.48046875,15.46875,16.611328125,25.48828125,-22.8515625,35.15625,26.3671875,-26.3671875,17.578125,26.3671875,65.91796875,-21.6,-18.4,20.0,-6.4,-5.5,-10.3
7.6894820839806926,7.692562833981356,-14.05945915607768,-9.372972770718453,11.716215963398069,17.66769315556987,26.501539733354804,-21.08918873411652,-18.369140625,-12.392578125,15.380859375,16.69921875,25.48828125,-22.67578125,35.15625,26.3671875,-26.3671875,17.578125,26.3671875,65.91796875,-21.7,-18.4,20.8,-6.4,-6.5,-10.3
7.692577166977571,7.6964712089975365,-13.93044977695804,-9.286966517972028,11.608708147465038,17.713053178209183,26.569579767313776,-20.89567466543706,-18.28125,-12.3046875,15.29296875,16.69921875,25.576171875,-22.5,35.15625,21.97265625,-30.76171875,13.18359375,26.3671875,65.91796875,-22.5,-18.4,20.8,-6.4,-6.5,-10.3
7.696487374982098,7.700432458979776,-13.766993946076445,-9.177995964050963,11.472494955063707,17.76976055223773,26.654640828356598,-20.650490919114667,-18.193359375,-12.216796875,15.1171875,16.787109375,25.6640625,-22.236328125,30.76171875,21.97265625,-30.76171875,13.18359375,21.97265625,65.91796875,-22.5,-18.4,20.0,-6.4,-5.7,-9.5
7.700460416992428,7.703475958987838,-13.600379584532218,-9.06691972302148,11.333649653776853,17.826692534968007,26.740038802452013,-20.400569376798327,-18.017578125,-12.12890625,15.029296875,16.875,25.751953125,-21.97265625,30.76171875,21.97265625,-30.76171875,13.18359375,21.97265625,65.91796875,-22.5,-18.4,20.8,-5.6,-6.3,-8.7
7.703493291977793,7.706497791979928,-13.472835412501402,-8.981890275000934,11.227362843751171,17.869685142381318,26.804527713571975,-20.209253118752102,-17.9296875,-12.041015625,14.94140625,16.962890625,25.83984375,-21.796875,30.76171875,21.97265625,-30.76171875,13.18359375,21.97265625,61.5234375,-22.5,-18.5,20.8,-5.6,-5.5,-7.9
7.7065149169939104,7.710452083993005,-13.345460262548874,-8.896973508365916,11.121216885457399,17.91211496142862,26.868172442142935,-20.01819039382331,-17.75390625,-11.953125,14.853515625,16.962890625,25.927734375,-21.62109375,30.76171875,21.97265625,-30.76171875,13.18359375,21.97265625,61.5234375,-22.5,-18.5,20.9,-5.6,-5.5,-8.7
7.710469541983912,7.713546583981952,-13.17830117055358,-8.785534113702386,10.981917642127986,17.967036214606228,26.95055432190934,-19.767451755830372,-17.666015625,-11.865234375,14.677734375,17.05078125,26.015625,-21.4453125,30.76171875,26.3671875,-30.76171875,13.18359375,21.97265625,61.5234375,-22.4,-18.5,20.1,-5.6,-6.5,-10.3
7.713565541984281,7.717427833995316,-13.047080307241705,-8.698053538161137,10.872566922701424,18.00954926274621,27.014323894119315,-19.570620460862557,-17.490234375,-11.77734375,14.58984375,17.05078125,26.103515625,-21.26953125,39.55078125,26.3671875,-30.76171875,17.578125,21.97265625,61.5234375,-22.4,-18.5,20.1,-5.6,-5.7,-10.3
7.717445749993203,7.720453124988126,-12.88218623343989,-8.588124155626595,10.735155194533245,18.062229194856954,27.093343792285435,-19.323279350159837,-17.40234375,-11.689453125,14.501953125,17.138671875,26.19140625,-21.005859375,39.55078125,26.3671875,-30.76171875,17.578125,21.97265625,61.5234375,-22.4,-18.5,20.9,-5.6,-4.9,-10.7
7.720470708998619,7.723506958980579,-12.75330471019504,-8.502203140130026,10.627753925162537,18.10283242379388,27.154248635690823,-19.12995706529256,-17.2265625,-11.6015625,14.4140625,17.138671875,26.19140625,-20.830078125,39.55078125,26.3671875,-30.76171875,17.578125,21.97265625,61.5234375,-22.4,-18.5,20.9,-6.4,-5.5,-11.5
7.723524458997417,7.727484417002415,-12.622904463145849,-8.415269642097233,10.519087052621543,18.143407531409217,27.215111297113825,-18.934356694718772,-17.138671875,-11.513671875,14.326171875,17.2265625,26.279296875,-20.654296875,39.55078125,26.3671875,-30.76171875,17.578125,21.97265625,57.12890625,-23.2,-18.4,20.9,-5.6,-5.5,-11.5
7.727503500005696,7.730430791998515,-12.452557406439288,-8.301704937626193,10.377131172032742,18.195650445328766,27.29347566799315,-18.67883610965893,-17.05078125,-11.42578125,14.23828125,17.314453125,26.3671875,-20.478515625,39.55078125,26.3671875,-30.76171875,17.578125,21.97265625,57.12890625,-23.3,-18.4,21.6,-4.8,-5.5,-12.9
7.730503124999814,7.733452374988701,-12.323818256026772,-8.215878837351182,10.26984854668898,18.234564292298433,27.351846438447648,-18.485727384040157,-16.875,-11.337890625,14.0625,17.314453125,26.455078125,-20.21484375,39.55078125,26.3671875,-30.76171875,17.578125,21.97265625,57.12890625,-23.3,-18.4,20.8,-5.6,-5.7,-11.3
7.733476333989529,7.736413124977844,-12.195942832626844,-8.130628555084563,10.163285693855705,18.272735955495104,27.409103933242655,-18.293914248940265,-16.787109375,-11.25,13.974609375,17.40234375,26.455078125,-20.0390625,35.15625,26.3671875,-30.76171875,13.18359375,21.97265625,57.12890625,-23.3,-18.4,20.8,-4.8,-5.7,-12.1
7.736443583999062,7.739499666990014,-12.068058483254246,-8.045372322169497,10.056715402711875,18.310433752308242,27.465650628462367,-18.10208772488137,-16.69921875,-11.162109375,13.88671875,17.40234375,26.54296875,-19.775390625,35.15625,26.3671875,-30.76171875,13.18359375,17.578125,57.12890625,-23.3,-18.4,20.8,-5.6,-5.7,-11.1
7.739520000002813,7.743411083996762,-11.935192450907627,-7.956794967271751,9.945993709089691,18.34909844784748,27.523647671771226,-17.90278867636144,-16.5234375,-11.162109375,13.798828125,17.40234375,26.630859375,-19.599609375,35.15625,26.3671875,-30.76171875,13.18359375,17.578125,57.12890625,-23.3,-19.2,20.8,-5.6,-4.6,-11.1
7.743430000002263,7.7464934999879915,-11.765923290871125,-7.843948860580751,9.80493607572594,18.397621212335956,27.596431818503934,-17.64888493630669,-16.435546875,-10.986328125,13.7109375,17.490234375,26.71875,-19.3359375,35.15625,26.3671875,-30.76171875,13.18359375,17.578125,70.3125,-24.1,-18.3,21.6,-5.6,-4.6,-10.3
7.746511542005464,7.750427291990491,-11.63220613939458,-7.75480409292972,9.693505116162154,18.435373971804328,27.65306095770649,-17.44830920909187,-16.34765625,-10.8984375,13.53515625,17.490234375,26.71875,-19.16015625,35.15625,26.3671875,-30.76171875,13.18359375,17.578125,70.3125,-24.1,-18.3,20.8,-5.6,-5.4,-9.4
7.750445124984253,7.7534680840035435,-11.461120850023873,-7.6407472333492485,9.550934041686563,18.482937583513767,27.72440637527065,-17.19168127503581,-16.171875,-10.810546875,13.447265625,17.578125,26.806640625,-18.80859375,35.15625,26.3671875,-30.76171875,13.18359375,17.578125,70.3125,-24.0,-18.3,21.6,-5.6,-5.8,-7.8
7.753485541994451,7.756487499980722,-11.32858232186389,-7.552388214575926,9.44048526821991,18.519217916973023,27.778826875459536,-16.992873482795833,-16.083984375,-10.72265625,13.359375,17.578125,26.89453125,-18.6328125,35.15625,26.3671875,-35.15625,13.18359375,21.97265625,70.3125,-24.0,-18.3,21.6,-5.6,-5.0,-8.6
7.756504749995656,7.760436374985147,-11.196712638914928,-7.464475092609952,9.330593865762443,18.55482717763239,27.83224076644859,-16.795068958372394,-15.908203125,-10.634765625,13.271484375,17.666015625,26.89453125,-18.45703125,35.15625,26.3671875,-35.15625,13.18359375,21.97265625,70.3125,-24.0,-18.3,21.6,-5.6,-5.8,-9.6
7.760461708996445,7.764458083984209,-11.023504043788067,-7.349002695858712,9.186253369823392,18.6008644792725,27.901296718908746,-16.535256065682102,-15.732421875,-10.546875,13.095703125,17.666015625,26.982421875,-18.28125,35.15625,26.3671875,-35.15625,13.18359375,21.97265625,70.3125,-23.2,-18.3,20.8,-5.6,-5.5,-10.4
7.764499208977213,7.767434124980355,-10.846330997688785,-7.230887331792523,9.038609164740658,18.647098122628154,27.97064718394223,-16.26949649653318,-15.64453125,-10.458984375,13.0078125,17.75390625,27.0703125,-18.10546875,35.15625,26.3671875,-35.15625,13.18359375,21.97265625,57.12890625,-24.0,-19.2,21.6,-5.6,-4.7,-12.0
7.767490333993919,7.770399125001859,-10.714793126184693,-7.143195417456462,8.92899427182058,18.680866126280897,28.02129918942134,-16.07218968927704,-15.556640625,-10.37109375,12.919921875,17.75390625,27.0703125,-17.841796875,35.15625,26.3671875,-35.15625,13.18359375,21.97265625,57.12890625,-25.0,-19.2,21.7,-5.6,-5.6,-11.4
7.770424999995157,7.773390916991048,-10.585508203356783,-7.057005468904522,8.821256836130654,18.713595961542286,28.070393942313427,-15.878262305035173,-15.380859375,-10.283203125,12.83203125,17.841796875,27.158203125,-17.666015625,35.15625,26.3671875,-35.15625,13.18359375,21.97265625,57.12890625,-24.2,-19.2,21.7,-5.6,-5.6,-12.2
7.773417541990057,7.776388666999992,-10.453441968807235,-6.968961312538156,8.711201640672698,18.746561770744695,28.11984265611704,-15.680162953210852,-15.29296875,-10.1953125,12.744140625,17.841796875,27.24609375,-17.490234375,39.55078125,26.3671875,-30.76171875,13.18359375,17.578125,57.12890625,-24.2,-19.2,21.7,-5.6,-4.8,-12.2
7.776420999987749,7.779370916978223,-10.320661747369067,-6.880441164912712,8.600551456140892,18.779231330812628,28.16884699621894,-15.480992621053602,-15.205078125,-10.107421875,12.65625,17.9296875,27.24609375,-17.314453125,39.55078125,26.3671875,-30.76171875,13.18359375,17.578125,57.12890625,-25.0,-19.2,22.5,-4.8,-5.6,-13.0
7.77939733400126,7.782421209005406,-10.188854031792715,-6.792569354528477,8.490711693160598,18.81119351779468,28.21679027669202,-15.283281047689073,-15.1171875,-10.01953125,12.568359375,17.9296875,27.24609375,-17.05078125,39.55078125,26.3671875,-30.76171875,13.18359375,17.578125,57.12890625,-25.0,-19.2,22.5,-5.6,-5.6,-12.2
7.782444374985062,7.785576374997618,-10.05368436094723,-6.702456240631487,8.37807030078936,18.843489070297466,28.2652336054462,-15.080526541420845,-14.94140625,-9.931640625,12.392578125,17.9296875,27.333984375,-16.875,39.55078125,26.3671875,-30.76171875,13.18359375,17.578125,65.91796875,-25.0,-19.3,21.7,-5.6,-5.6,-12.2
7.785598249989562,7.7894481669936795,-9.913532899724927,-6.609021933149951,8.261277416437443,18.876462303279787,28.314693454919684,-14.87029934958739,-14.853515625,-9.84375,12.3046875,18.017578125,27.421875,-16.611328125,39.55078125,26.3671875,-30.76171875,13.18359375,17.578125,65.91796875,-25.0,-18.5,21.7,-4.8,-5.6,-11.4
7.78946887498023,7.7934874589846,-9.74119842608219,-6.4941322840547935,8.117665355068494,18.916295775790704,28.37444366368606,-14.611797639123285,-14.677734375,-9.755859375,12.216796875,18.10546875,27.421875,-16.259765625,39.55078125,26.3671875,-30.76171875,13.18359375,17.578125,65.91796875,-24.8,-19.3,22.5,-4.8,-5.6,-10.1
7.793506291985977,7.797458458982874,-9.561054154170085,-6.374036102780057,7.967545128475074,18.95710061587627,28.435650923814404,-14.341581231255127,-14.501953125,-9.66796875,12.041015625,18.10546875,27.509765625,-15.99609375,39.55078125,26.3671875,-30.76171875,13.18359375,13.18359375,65.91796875,-24.8,-19.3,21.7,-4.8,-6.4,-10.1
7.797476209001616,7.800599459005753,-9.383546645476772,-6.255697763651181,7.819622204563979,18.99647981837292,28.494719727559378,-14.075319968215158,-14.326171875,-9.580078125,11.953125,18.193359375,27.59765625,-15.732421875,39.55078125,26.3671875,-30.76171875,13.18359375,13.18359375,65.91796875,-24.8,-19.3,22.5,-4.8,-5.6,-9.6
7.800617291999515,7.80443666697829,-9.242840004141414,-6.161893336094275,7.702366670117847,19.02711408791667,28.540671131875,-13.864260006212119,-14.23828125,-9.4921875,11.77734375,18.193359375,27.685546875,-15.556640625,39.55078125,26.3671875,-30.76171875,13.18359375,13.18359375,65.91796875,-24.8,-19.3,21.7,-4.8,-4.8,-10.4
7.8044648339855485,7.807535792002454,-9.070180859393657,-6.046787239595771,7.558484049494717,19.06400703102739,28.596010546541084,-13.605271289090485,-14.0625,-9.31640625,11.689453125,18.193359375,27.7734375,-15.380859375,39.55078125,26.3671875,-30.76171875,13.18359375,13.18359375,70.3125,-24.8,-19.2,22.5,-4.8,-4.8,-11.2
7.807553458987968,7.811450708977645,-8.931338228877983,-5.954225485918656,7.442781857398323,19.093119149652754,28.639678724479133,-13.397007343316977,-13.974609375,-9.228515625,11.513671875,18.28125,27.7734375,-15.1171875,39.55078125,26.3671875,-30.76171875,13.18359375,13.18359375,70.3125,-25.7,-19.2,21.6,-4.8,-4.7,-11.3
7.811468917003367,7.815448833978735,-8.755025306223772,-5.836683537482514,7.295854421853146,19.129378591143013,28.694067886714517,-13.132537959335657,-13.798828125,-9.140625,11.42578125,18.28125,27.861328125,-14.853515625,39.55078125,30.76171875,-30.76171875,8.7890625,13.18359375,70.3125,-24.9,-19.2,22.4,-4.8,-4.7,-11.3
7.815470917004859,7.819520499993814,-8.574473213810695,-5.716315475873797,7.14539434484225,19.16569167497708,28.748537512465617,-12.861709820716042,-13.623046875,-9.052734375,11.337890625,18.28125,27.94921875,-14.58984375,39.55078125,30.76171875,-35.15625,8.7890625,17.578125,70.3125,-24.9,-19.2,22.4,-5.6,-3.9,-11.2
7.819562416989356,7.8234555419767275,-8.389533047465166,-5.593022031643445,6.991277539554308,19.202033865024585,28.80305079753688,-12.58429957119775,-13.447265625,-8.876953125,11.162109375,18.369140625,27.94921875,-14.326171875,39.55078125,30.76171875,-35.15625,8.7890625,17.578125,70.3125,-24.9,-19.2,22.4,-4.8,-5.6,-11.2
7.8234876669885125,7.826398249977501,-8.211781765056623,-5.474521176704416,6.843151470880522,19.23615392654714,28.85423088982071,-12.317672647584935,-13.359375,-8.7890625,10.986328125,18.369140625,27.94921875,-14.0625,39.55078125,30.76171875,-35.15625,8.7890625,17.578125,61.5234375,-25.7,-19.2,21.6,-4.8,-5.6,-11.2
7.826423291990068,7.82937054199283,-8.0786403103683,-5.385760206912201,6.732200258640253,19.261193810188427,28.891790715282642,-12.11796046555245,-13.18359375,-8.701171875,10.8984375,18.369140625,28.037109375,-13.88671875,39.55078125,30.76171875,-35.15625,8.7890625,17.578125,61.5234375,-25.7,-19.2,22.4,-5.6,-4.8,-11.2
7.829401083989069,7.832388499984518,-7.943410938989458,-5.295607292659639,6.619509115824551,19.286174929257747,28.92926239388662,-11.915116408484186,-13.095703125,-8.61328125,10.810546875,18.45703125,28.037109375,-13.7109375,39.55078125,30.76171875,-35.15625,8.7890625,17.578125,61.5234375,-25.6,-19.2,22.4,-4.8,-5.7,-12.0
7.832413583993912,7.8354015839868225,-7.806428553140004,-5.204285702093337,6.505357127616673,19.311017848134956,28.966526772202435,-11.709642829710006,-12.919921875,-8.525390625,10.72265625,18.45703125,28.125,-13.447265625,39.55078125,26.3671875,-35.15625,8.7890625,17.578125,61.5234375,-25.6,-19.2,22.4,-4.8,-4.9,-11.2
7.835429958999157,7.838433375000022,-7.669094828147902,-5.112729885431935,6.390912356789921,19.335459475239038,29.003189212858558,-11.503642242221852,-12.83203125,-8.4375,10.634765625,18.544921875,28.125,-13.271484375,39.55078125,26.3671875,-35.15625,8.7890625,13.18359375,61.5234375,-25.6,-19.2,22.4,-4.8,-5.7,-12.1
7.838464500004193,7.841422541998327,-7.530760295504099,-5.020506863669399,6.275633579586752,19.359610296487077,29.039415444730615,-11.29614044325615,-12.65625,-8.349609375,10.458984375,18.544921875,28.212890625,-13.095703125,39.55078125,26.3671875,-35.15625,8.7890625,13.18359375,61.5234375,-24.8,-19.2,22.4,-4.8,-4.8,-12.1
7.841447499988135,7.844399249996059,-7.394608556725076,-4.929739037816717,6.162173797270899,19.382922200200515,29.07438330030077,-11.091912835087614,-12.568359375,-8.26171875,10.37109375,18.544921875,28.212890625,-12.83203125,39.55078125,26.3671875,-35.15625,8.7890625,13.18359375,70.3125,-25.6,-19.2,22.4,-4.8,-4.8,-11.3
7.844426791998558,7.847422791994177,-7.258464007557628,-4.838976005038419,6.048720006298026,19.405780355931643,29.108670533897467,-10.887696011336443,-12.48046875,-8.173828125,10.283203125,18.6328125,28.30078125,-12.65625,39.55078125,26.3671875,-35.15625,8.7890625,13.18359375,70.3125,-25.6,-19.2,22.4,-4.8,-4.8,-12.1
7.847448916989379,7.850413791980827,-7.120199723890662,-4.746799815927108,5.933499769908888,19.428532922161526,29.14279938324229,-10.680299585835993,-12.3046875,-8.0859375,10.1953125,18.6328125,28.30078125,-12.48046875,39.55078125,26.3671875,-35.15625,8.7890625,13.18359375,70.3125,-25.6,-19.2,22.4,-4.8,-4.7,-12.1
7.85044249999919,7.854460749978898,-6.983083055628745,-4.655388703752497,5.819235879690623,19.45063896166328,29.17595844249492,-10.474624583443116,-12.12890625,-7.998046875,10.107421875,18.6328125,28.388671875,-12.3046875,39.55078125,30.76171875,-35.15625,8.7890625,13.18359375,70.3125,-24.8,-19.2,23.2,-4.8,-4.7,-12.1
7.854494375002105,7.858458624978084,-6.79724751261933,-4.53149834174622,5.664372927182777,19.479874814247427,29.219812221371143,-10.195871268928993,-12.041015625,-7.91015625,9.931640625,18.720703125,28.4765625,-12.041015625,43.9453125,30.76171875,-35.15625,8.7890625,13.18359375,70.3125,-25.6,-19.2,23.2,-4.0,-3.9,-12.1
7.858492458995897,7.861389583995333,-6.613609122279071,-4.4090727481860466,5.511340935232561,19.507949084955168,29.26192362743275,-9.920413683418605,-11.865234375,-7.822265625,9.755859375,18.720703125,28.4765625,-11.689453125,43.9453125,30.76171875,-35.15625,8.7890625,13.18359375,70.3125,-25.6,-19.2,22.4,-4.8,-3.9,-11.1
7.861418666987447,7.864404374995502,-6.47903797913854,-4.319358652759027,5.399198315948786,19.528009136336344,29.292013704504516,-9.71855696870781,-11.689453125,-7.734375,9.66796875,18.720703125,28.4765625,-11.513671875,43.9453125,30.76171875,-35.15625,8.7890625,13.18359375,65.91796875,-25.6,-19.2,22.4,-4.8,-4.7,-11.9
7.864430833986262,7.867520917003276,-6.340370785001865,-4.2269138566679105,5.283642320834891,19.5482275219087,29.32234128286305,-9.510556177502798,-11.6015625,-7.646484375,9.580078125,18.80859375,28.564453125,-11.25,43.9453125,30.76171875,-35.15625,8.7890625,13.18359375,65.91796875,-25.6,-19.2,23.2,-4.0,-3.9,-11.1
7.867556666984456,7.871436499990523,-6.196320861440022,-4.130880574293347,5.163600717866687,19.56874614483324,29.353119217249862,-9.294481292160032,-11.42578125,-7.470703125,9.4921875,18.80859375,28.564453125,-10.986328125,43.9453125,30.76171875,-35.15625,8.7890625,13.18359375,65.91796875,-25.6,-19.2,23.3,-4.0,-4.9,-11.1
7.871488624979975,7.8754421249905135,-6.014910007536692,-4.009940005024461,5.012425006280579,19.593886320893677,29.390829481340518,-9.022365011305038,-11.25,-7.3828125,9.31640625,18.80859375,28.564453125,-10.634765625,43.9453125,26.3671875,-35.15625,8.7890625,13.18359375,65.91796875,-25.6,-19.2,23.3,-4.8,-4.9,-9.5
7.8754985419800505,7.879468833998544,-5.829666046865782,-3.8864440312438546,4.858055039054821,19.61875512849908,29.428132692748623,-8.744499070298673,-11.07421875,-7.20703125,9.140625,18.896484375,28.65234375,-10.283203125,39.55078125,26.3671875,-35.15625,8.7890625,8.7890625,65.91796875,-25.6,-18.4,22.5,-4.0,-4.1,-9.4
7.8795213749981485,7.883517291978933,-5.643593013359476,-3.762395342239651,4.7029941777995665,19.642921913215798,29.464382869823698,-8.465389520039215,-10.8984375,-7.20703125,9.052734375,18.896484375,28.65234375,-10.1953125,39.55078125,26.3671875,-35.15625,8.7890625,8.7890625,65.91796875,-25.6,-20.0,23.3,-4.0,-4.8,-11.0
7.88357883397839,7.887515124981292,-5.4556901362528905,-3.637126757501927,4.546408446877412,19.666502204252374,29.49975330637856,-8.183535204379336,-10.72265625,-7.03125,8.876953125,18.896484375,28.65234375,-10.01953125,39.55078125,26.3671875,-35.15625,8.7890625,8.7890625,70.3125,-25.6,-19.2,23.3,-4.0,-4.8,-12.6
7.887563249998493,7.891505374980625,-5.270954203999601,-3.513969469333067,4.392461836666336,19.688880581907014,29.53332087286052,-7.9064313059994005,-10.546875,-6.85546875,8.7890625,18.896484375,28.740234375,-9.755859375,39.55078125,26.3671875,-35.15625,8.7890625,8.7890625,70.3125,-25.6,-19.2,23.3,-4.8,-4.8,-12.3
7.891570334002608,7.8956935000023805,-5.084959057855485,-3.3899727052369903,4.237465881546241,19.710608439562392,29.56591265934359,-7.627438586783229,-10.37109375,-6.767578125,8.61328125,18.984375,28.740234375,-9.4921875,39.55078125,30.76171875,-35.15625,8.7890625,8.7890625,70.3125,-25.6,-19.2,23.3,-4.0,-4.8,-13.1
7.895730249991175,7.903435874992283,-4.891656943282588,-3.2611046288550587,4.076380786068826,19.732338852747795,29.59850827912169,-7.337485414923882,-10.1953125,-6.6796875,8.525390625,18.984375,28.828125,-9.228515625,48.33984375,30.76171875,-35.15625,8.7890625,8.7890625,70.3125,-25.6,-19.2,24.1,-4.0,-4.0,-12.0
7.903486791998148,7.908396041981177,-4.530676113691607,-3.020450742461071,3.7755634280763415,19.770606397183833,29.65590959577575,-6.7960141705374095,-9.755859375,-6.416015625,8.173828125,18.984375,28.828125,-8.525390625,48.33984375,30.76171875,-35.15625,8.7890625,8.7890625,70.3125,-25.6,-19.2,24.1,-4.8,-4.8,-9.6
7.908426291978685,7.911511916987365,-4.300443373753667,-2.866962249169111,3.5837028114613916,19.79344657864919,29.690169867973783,-6.4506650606305,-9.66796875,-6.240234375,7.998046875,19.072265625,28.916015625,-8.26171875,48.33984375,30.76171875,-35.15625,8.7890625,8.7890625,70.3125,-26.5,-19.2,23.2,-4.0,-3.9,-7.7
7.911531916994136,7.915441083983751,-4.15555509235061,-2.7703700615670734,3.4629625769588444,19.807196917332167,29.71079537599825,-6.233332638525916,-9.4921875,-6.15234375,7.91015625,19.072265625,28.916015625,-8.0859375,48.33984375,30.76171875,-35.15625,0.0,8.7890625,70.3125,-25.7,-19.2,23.2,-4.0,-4.7,-7.7
7.91546004198608,7.918571708985837,-3.9721530953660182,-2.648102063577346,3.3101275794716853,19.823913727134645,29.735870590701968,-5.958229643049028,-9.31640625,-6.064453125,7.734375,19.072265625,28.916015625,-7.822265625,39.55078125,30.76171875,-35.15625,0.0,8.7890625,70.3125,-25.7,-19.2,23.2,-4.0,-4.7,-8.7
7.918589416978648,7.922405458986759,-3.8259357291532496,-2.5506238194354998,3.188279774294377,19.836691209264924,29.755036813897384,-5.738903593729874,-9.228515625,-5.9765625,7.646484375,19.16015625,29.00390625,-7.646484375,39.55078125,30.76171875,-35.15625,0.0,8.7890625,70.3125,-26.5,-19.2,23.2,-4.0,-4.0,-10.3
7.922433917003218,7.925528833991848,-3.646178577376429,-2.4307857182509527,3.038482147813694,19.85173243805052,29.777598657075778,-5.469267866064643,-8.96484375,-5.888671875,7.55859375,19.16015625,29.00390625,-7.470703125,39.55078125,30.76171875,-35.15625,0.0,8.7890625,57.12890625,-25.7,-19.2,24.0,-4.0,-4.8,-12.7
7.925551083986647,7.929486209002789,-3.500331391549,-2.333554261032667,2.9169428262908363,19.863396600551887,29.79509490082783,-5.250497087323501,-8.876953125,-5.80078125,7.3828125,19.16015625,29.00390625,-7.294921875,39.55078125,30.76171875,-35.15625,0.0,8.7890625,57.12890625,-25.7,-19.2,24.0,-4.0,-4.8,-14.2
7.929523416998563,7.933342584001366,-3.3143512254732586,-2.209567483648839,2.761959354561052,19.877570564211354,29.816355846317034,-4.971526838209888,-8.701171875,-5.625,7.20703125,19.16015625,29.091796875,-7.03125,39.55078125,30.76171875,-35.15625,0.0,8.7890625,57.12890625,-25.6,-19.2,23.2,-4.0,-4.1,-14.2
7.9333755419938825,7.936391499999445,-3.1338757510190183,-2.0892505006793454,2.6115631258491847,19.890576470917356,29.835864706376036,-4.700813626528527,-8.525390625,-5.537109375,7.119140625,19.16015625,29.091796875,-6.767578125,43.9453125,30.76171875,-39.55078125,0.0,8.7890625,57.12890625,-25.6,-19.2,24.0,-4.0,-4.1,-14.2
7.936452541995095,7.939381125004729,-2.989632819793766,-1.9930885465291772,2.4913606831614747,19.900442157039983,29.850663235559974,-4.484449229690649,-8.349609375,-5.44921875,7.03125,19.248046875,29.091796875,-6.50390625,43.9453125,30.76171875,-39.55078125,0.0,8.7890625,57.12890625,-25.6,-19.2,24.0,-3.2,-3.9,-13.6
7.939415792003274,7.942342041991651,-2.85065618041483,-1.9004374536098867,2.3755468170123617,19.909503697604237,29.864255546406355,-4.275984270622245,-8.26171875,-5.361328125,6.85546875,19.248046875,29.091796875,-6.240234375,43.9453125,30.76171875,-39.55078125,0.0,8.7890625,57.12890625,-25.6,-19.2,24.0,-3.2,-4.7,-13.6
7.9423658339947,7.945326416986063,-2.7122376439864073,-1.8081584293242716,2.2601980366553427,19.918096372255647,29.87714455838347,-4.068356465979611,-8.173828125,-5.2734375,6.767578125,19.248046875,29.1796875,-5.9765625,43.9453125,30.76171875,-39.55078125,0.0,8.7890625,74.70703125,-26.4,-19.2,24.0,-4.0,-3.9,-12.8
7.945350416994188,7.948350958991796,-2.572139158123873,-1.7147594387492489,2.143449298436564,19.92635440985682,29.88953161478523,-3.8582087371858096,-7.998046875,-5.185546875,6.6796875,19.248046875,29.1796875,-5.80078125,43.9453125,30.76171875,-39.55078125,0.0,8.7890625,74.70703125,-25.6,-19.2,24.0,-4.0,-3.9,-13.6
7.948384458984947,7.951409375004005,-2.429661103014121,-1.6197740686760806,2.024717585845104,19.9343003881863,29.901450582279452,-3.644491654521181,-7.91015625,-5.09765625,6.50390625,19.248046875,29.1796875,-5.537109375,43.9453125,30.76171875,-39.55078125,0.0,8.7890625,74.70703125,-26.4,-19.2,23.2,-4.0,-4.0,-12.8
7.951438791991677,7.954394500004128,-2.2861744521070717,-1.5241163014047145,1.9051453767558961,19.94184217919178,29.912763268787675,-3.429261678160608,-7.734375,-5.009765625,6.416015625,19.248046875,29.1796875,-5.2734375,43.9453125,30.76171875,-35.15625,0.0,8.7890625,74.70703125,-25.6,-20.0,24.0,-4.0,-4.0,-12.0
7.954427083983319,7.957419999991544,-2.1457393279637906,-1.4304928853091938,1.7881161066364955,19.94877665685492,29.92316498528238,-3.218608991945686,-7.646484375,-4.921875,6.328125,19.3359375,29.1796875,-5.009765625,43.9453125,30.76171875,-35.15625,0.0,4.39453125,74.70703125,-26.4,-20.0,24.0,-3.2,-4.0,-11.2
7.95744850000483,7.96041558397701,-2.0036994805623376,-1.335799653708225,1.6697495671352844,19.955341121743647,29.93301168261547,-3.0055492208435064,-7.470703125,-4.74609375,6.240234375,19.3359375,29.1796875,-4.74609375,43.9453125,30.76171875,-35.15625,0.0,4.39453125,74.70703125,-26.4,-19.2,24.0,-3.2,-4.0,-10.1
7.960442291980144,7.9634277089789975,-1.8629137423542765,-1.241942494902851,1.5524281186285667,19.96140222628046,29.94210333942069,-2.794370613531415,-7.3828125,-4.658203125,6.064453125,19.3359375,29.1796875,-4.5703125,43.9453125,30.76171875,-35.15625,0.0,4.39453125,74.70703125,-26.4,-19.2,24.0,-3.2,-4.8,-10.9
7.963459083985072,7.9674304999934975,-1.721004741442439,-1.1473364942949593,1.4341706178687024,19.967063353654662,29.950595030481992,-2.5815071121636586,-7.20703125,-4.658203125,5.9765625,19.3359375,29.1796875,-4.306640625,43.9453125,30.76171875,-35.15625,0.0,4.39453125,79.1015625,-26.4,-20.0,24.0,-3.2,-4.8,-10.1
7.9674639589793514,7.971437667001737,-1.5325574411609004,-1.0217049607739335,1.27713120096742,19.97388592570634,29.960828888559515,-2.2988361617413506,-7.03125,-4.482421875,5.888671875,19.3359375,29.1796875,-4.04296875,43.9453125,30.76171875,-35.15625,0.0,4.39453125,79.1015625,-26.4,-19.2,24.8,-3.2,-4.9,-11.2
7.971472083998378,7.9754344999964815,-1.3438964905269828,-0.8959309936846551,1.119913742105822,19.979922613827995,29.969883920741992,-2.0158447357904743,-6.943359375,-4.39453125,5.712890625,19.3359375,29.267578125,-3.69140625,43.9453125,30.76171875,-35.15625,0.0,4.39453125,79.1015625,-27.2,-20.0,24.0,-3.2,-4.1,-10.4
7.975492500001565,7.978438374993857,-1.154603499762437,-0.7697356665082913,0.9621695831353673,19.98518218590226,29.977773278853387,-1.7319052496436556,-6.767578125,-4.21875,5.537109375,19.3359375,29.267578125,-3.515625,43.9453125,30.76171875,-35.15625,0.0,4.39453125,79.1015625,-27.2,-19.2,24.0,-3.2,-4.1,-11.2
7.978469791996758,7.9815197919961065,-1.0143937525133195,-0.6762625016755464,0.845328127094436,19.98856345585714,29.98284518378571,-1.5215906287699794,-6.591796875,-4.130859375,5.44921875,19.3359375,29.267578125,-3.251953125,43.9453125,30.76171875,-35.15625,0.0,4.39453125,79.1015625,-26.4,-19.2,24.0,-3.2,-3.9,-10.4
7.982324583979789,7.985508083977038,-0.8328273473980813,-0.5552182315987209,0.6940227894984041,19.992291832486348,29.988437748729524,-1.2492410210971219,-6.416015625,-4.04296875,5.2734375,19.3359375,29.35546875,-2.98828125,43.9453125,30.76171875,-35.15625,0.0,4.39453125,70.3125,-27.2,-19.2,24.0,-3.2,-3.1,-10.4
7.985552666999865,7.989564999996219,-0.6807560921204803,-0.4538373947469868,0.5672967434337366,19.99485012744855,29.992275191172823,-1.0211341381807204,-6.328125,-3.8671875,5.09765625,19.3359375,29.35546875,-2.724609375,43.9453125,30.76171875,-35.15625,0.0,4.39453125,70.3125,-27.2,-19.2,23.9,-3.2,-3.1,-10.3
7.989711417001672,7.994504542002687,-0.4848169461932113,-0.3232112974621409,0.4040141218276792,19.99738819089115,29.996082286336726,-0.727225419289817,-6.064453125,-3.779296875,4.921875,19.3359375,29.35546875,-2.4609375,43.9453125,30.76171875,-39.55078125,0.0,4.39453125,70.3125,-27.3,-19.2,23.9,-4.0,-3.1,-11.9
7.994565500004683,7.998548000003211,-0.25609166858576154,-0.17072777905717434,0.21340972382147103,19.9992712873609,29.998906931041354,-0.3841375028786423,-5.888671875,-3.603515625,4.74609375,19.3359375,29.35546875,-2.197265625,43.9453125,30.76171875,-39.55078125,0.0,4.39453125,70.3125,-27.3,-19.2,23.9,-4.0,-3.1,-12.2
7.998601958999643,8.002442458993755,-0.06588107708925083,-0.04392071805950055,0.05490089757437874,19.999951774204984,29.999927661307478,-0.09882161563387623,-5.712890625,-3.427734375,4.5703125,19.3359375,29.35546875,-1.93359375,43.9453125,30.76171875,-39.55078125,0.0,4.39453125,70.3125,-27.3,-18.4,23.9,-4.0,-3.2,-12.2
8.005694291990949,8.010323624999728,0.26833361023666064,0.17888907349110708,-0.22361134186388076,19.999199951482694,29.998799927224045,0.4025004153549909,-5.361328125,-3.251953125,4.306640625,19.423828125,29.35546875,-1.40625,43.9453125,30.76171875,-39.55078125,0.0,4.39453125,65.91796875,-27.2,-19.2,24.1,-3.2,-3.2,-10.2
8.010348333977163,8.013553833996411,0.4876322748925727,0.3250881832617152,-0.4063602290771409,19.997357767292748,29.99603665093912,0.731448412338859,-5.185546875,-3.076171875,4.130859375,19.423828125,29.35546875,-1.142578125,43.9453125,30.76171875,-39.55078125,0.0,4.39453125,65.91796875,-27.2,-18.4,23.3,-3.2,-3.2,-8.6
8.013571541989222,8.017414874979295,0.6394954088095908,0.42633027253972716,-0.5329128406746558,19.99545554616639,29.993183319249585,0.959243113214386,-5.09765625,-2.98828125,4.04296875,19.423828125,29.35546875,-0.87890625,43.9453125,30.76171875,-39.55078125,0.0,0.0,65.91796875,-27.2,-18.4,24.1,-3.2,-3.2,-7.8
8.017438458977267,8.021507958997972,0.8216652559854429,0.5477768373236286,-0.6847210466545326,19.99249710607686,29.988745659115295,1.2324978839781644,-4.833984375,-2.900390625,3.8671875,19.423828125,29.35546875,-0.703125,43.9453125,30.76171875,-39.55078125,0.0,0.0,65.91796875,-27.2,-19.2,24.1,-3.2,-3.2,-9.4
8.021549375000177,8.026335250004195,1.0152964590171023,0.6768643060114016,-0.8460803825142489,19.98854308625938,29.982814629389072,1.5229446885256535,-4.658203125,-2.724609375,3.69140625,19.423828125,29.35546875,-0.439453125,43.9453125,30.76171875,-39.55078125,0.0,0.0,61.5234375,-28.0,-19.2,24.1,-2.4,-3.2,-12.6
8.02637483397848,8.02930829199613,1.2425292520181064,0.8283528346787377,-1.035441043348419,19.982838426541903,29.97425763981286,1.8637938780271597,-4.482421875,-2.548828125,3.603515625,19.423828125,29.35546875,-0.17578125,43.9453125,30.76171875,-39.55078125,0.0,0.0,61.5234375,-27.2,-18.4,24.0,-2.4,-3.2,-13.3
8.029342750000069,8.035246833984274,1.3822549800690482,0.9215033200460321,-1.151879150057537,19.97875951182015,29.968139267730226,2.073382470103572,-4.306640625,-2.4609375,3.515625,19.423828125,29.35546875,0.0,43.9453125,35.15625,-39.55078125,0.0,0.0,61.5234375,-27.2,-18.4,24.8,-2.4,-3.2,-14.1
8.035378542001126,8.03939479199471,1.6663165244039295,1.110877682935953,-1.3885971036699383,19.96912493760192,29.953687406402878,2.4994747866058944,-4.04296875,-2.28515625,3.251953125,19.423828125,29.35546875,0.439453125,43.9453125,35.15625,-35.15625,0.0,0.0,61.5234375,-27.2,-18.4,24.8,-2.4,-3.2,-13.7
8.039532791997772,8.043336499977158,1.861741867007995,1.2411612446719968,-1.5514515558399928,19.96145081813254,29.94217622719881,2.792612800511993,-3.8671875,-2.197265625,3.076171875,19.423828125,29.35546875,0.791015625,43.9453125,35.15625,-35.15625,0.0,0.0,61.5234375,-27.2,-18.4,24.0,-2.4,-3.2,-12.9
8.043376583984355,8.046332291996805,2.0424921343981737,1.3616614229321158,-1.7020767786651416,19.95359311425635,29.93038967138453,3.0637382015972605,-3.69140625,-2.021484375,2.900390625,19.423828125,29.35546875,1.0546875,43.9453125,35.15625,-35.15625,0.0,0.0,65.91796875,-27.2,-18.3,24.0,-2.4,-3.2,-13.7
8.046364209003514,8.049440959002823,2.182930961512355,1.455287307674903,-1.8191091345936259,19.94698320178067,29.92047480267101,3.2743964422685323,-3.603515625,-1.93359375,2.8125,19.423828125,29.35546875,1.318359375,43.9453125,35.15625,-35.15625,0.0,0.0,65.91796875,-28.1,-18.3,24.0,-2.4,-3.2,-12.8
8.049473791994387,8.053316249977797,2.3290515432954573,1.552701028863638,-1.9408762860795445,19.93963689526381,29.909455342895715,3.493577314943186,-3.427734375,-1.845703125,2.63671875,19.423828125,29.35546875,1.58203125,43.9453125,30.76171875,-35.15625,0.0,0.0,65.91796875,-27.3,-18.3,24.0,-2.4,-3.2,-12.8
8.053352583985543,8.056434999976773,2.511239282877464,1.6741595219183092,-2.0926994023978835,19.929806569436902,29.89470985415535,3.7668589243161956,-3.251953125,-1.669921875,2.4609375,19.423828125,29.35546875,1.845703125,43.9453125,30.76171875,-39.55078125,0.0,0.0,65.91796875,-27.3,-17.5,23.2,-2.4,-2.4,-13.6
8.056469417002518,8.06039604198304,2.6575704056717826,1.7717136037811885,-2.2146420047264823,19.921371210490925,29.882056815736387,3.986355608507674,-3.076171875,-1.58203125,2.373046875,19.51171875,29.35546875,2.109375,43.9453125,30.76171875,-39.55078125,0.0,0.0,65.91796875,-27.3,-18.3,24.0,-1.6,-2.3,-12.7
8.060426166979596,8.06342224997934,2.8432422837692624,1.8954948558461748,-2.3693685698077154,19.909974868177528,29.86496230226629,4.2648634256538935,-2.900390625,-1.494140625,2.197265625,19.51171875,29.35546875,2.4609375,43.9453125,30.76171875,-39.55078125,0.0,0.0,83.49609375,-27.3,-18.3,24.0,-1.6,-2.3,-11.9
8.063450458983425,8.067309167003259,2.9850845677110454,1.9900563784740302,-2.487570473092535,19.900745604386152,29.851118406579232,4.477626851566568,-2.724609375,-1.40625,2.109375,19.51171875,29.35546875,2.724609375,43.9453125,30.76171875,-39.55078125,0.0,0.0,83.49609375,-27.3,-18.3,24.0,-1.6,-2.3,-11.1
8.067341208981816,8.070348166977055,3.1674650567244886,2.111643371149659,-2.6395542139370707,19.888211640896213,29.83231746134432,4.751197585086733,-2.548828125,-1.23046875,2.021484375,19.51171875,29.35546875,2.98828125,43.9453125,30.76171875,-39.55078125,0.0,0.0,83.49609375,-27.1,-18.3,24.8,-0.8,-2.4,-11.8
8.070377208990976,8.073338874994079,3.309696961373518,2.2064646409156783,-2.758080801144595,19.877915227417308,29.81687284112596,4.964545442060277,-2.4609375,-1.142578125,1.845703125,19.51171875,29.35546875,3.251953125,43.9453125,35.15625,-39.55078125,0.0,0.0,83.49609375,-27.1,-18.3,24.0,-0.8,-2.4,-11.0
8.073369791993173,8.076419749995694,3.4498211969209893,2.2998807979473264,-2.8748509974341547,19.86732363241796,29.80098544862694,5.174731795381484,-2.28515625,-1.0546875,1.7578125,19.51171875,29.35546875,3.427734375,52.734375,35.15625,-39.55078125,0.0,0.0,83.49609375,-27.1,-18.3,24.0,-0.8,-1.6,-11.0
8.076464916986879,8.080412708979566,3.594666612151864,2.3964444081012424,-2.9955555101265503,19.855907287225136,29.783860930837704,5.391999918227796,-2.109375,-0.966796875,1.669921875,19.51171875,29.35546875,3.69140625,52.734375,35.15625,-39.55078125,0.0,0.0,83.49609375,-27.1,-18.3,24.8,-0.8,-1.5,-11.2
8.080465209000977,8.083352166984696,3.781745593657399,2.5211637291049325,-3.151454661381163,19.840456986950823,29.760685480426233,5.6726183904860985,-1.93359375,-0.87890625,1.494140625,19.51171875,29.35546875,3.955078125,52.734375,35.15625,-39.55078125,0.0,0.0,74.70703125,-27.1,-18.3,24.0,-0.8,-1.5,-11.2
8.083385334000923,8.086362000001827,3.918215263122504,2.6121435087483356,-3.265179385935417,19.828683927323667,29.7430258909855,5.877322894683756,-1.7578125,-0.703125,1.40625,19.51171875,29.35546875,4.21875,52.734375,35.15625,-39.55078125,0.0,0.0,74.70703125,-27.1,-17.7,24.8,-0.8,-1.5,-10.4
8.086392917000921,8.090382833994227,4.0586860021619735,2.7057906681079826,-3.3822383351349754,19.816122144869308,29.724183217303963,6.08802900324296,-1.58203125,-0.615234375,1.23046875,19.51171875,29.35546875,4.39453125,52.734375,35.15625,-39.55078125,0.0,0.0,74.70703125,-26.4,-17.7,24.1,-0.8,-1.6,-11.2
8.090446624992182,8.094407124997815,4.247872653945465,2.83191510263031,-3.539893878287885,19.79849127715277,29.69773691572916,6.371808980918198,-1.40625,-0.439453125,1.0546875,19.51171875,29.35546875,4.658203125,52.734375,30.76171875,-39.55078125,0.0,0.0,74.70703125,-26.4,-17.7,24.1,-0.0,-0.8,-10.4
8.094462249981007,8.098303541977657,4.435112181879507,2.956741454586338,-3.6959268182329197,19.780234578253378,29.67035186738007,6.652668272819261,-1.23046875,-0.3515625,0.966796875,19.51171875,29.35546875,4.921875,43.9453125,30.76171875,-39.55078125,0.0,0.0,74.70703125,-27.2,-17.7,24.9,-0.0,-0.8,-10.3
8.09833391700522,8.101397624996025,4.615472273611956,3.076981515741304,-3.846226894676627,19.76188717586927,29.642830763803907,6.923208410417933,-1.0546875,-0.263671875,0.791015625,19.51171875,29.35546875,5.185546875,43.9453125,30.76171875,-39.55078125,0.0,0.0,74.70703125,-27.2,-18.5,24.1,-0.0,-0.7,-11.1
8.10143920898554,8.106334999989485,4.760008036653266,3.1733386911021775,-3.966673363877719,19.746643298331843,29.619964947497763,7.1400120549799,-0.87890625,-0.087890625,0.615234375,19.51171875,29.35546875,5.537109375,43.9453125,30.76171875,-39.55078125,0.0,0.0,70.3125,-27.2,-17.6,24.1,-0.0,0.1,-11.1
8.106376374984393,8.110401791986078,4.989573778207542,3.326382518805028,-4.157978148506282,19.721439585856512,29.58215937878477,7.4843606673113126,-0.703125,0.087890625,0.52734375,19.51171875,29.35546875,5.712890625,43.9453125,30.76171875,-39.55078125,0.0,0.0,70.3125,-27.2,-17.6,24.8,-0.0,0.1,-11.3
8.110463124990929,8.114473083987832,5.179370914895248,3.4529139432634985,-4.31614242907937,19.699679827358022,29.54951974103703,7.769056372342872,-0.52734375,0.17578125,0.3515625,19.51171875,29.35546875,6.064453125,43.9453125,35.15625,-35.15625,0.0,0.0,70.3125,-27.2,-17.6,24.8,-0.0,0.1,-10.5
8.114518583985046,8.118749749992276,5.367503859104396,3.578335906069597,-4.472919882586994,19.677284165842934,29.5159262487644,8.051255788656594,-0.3515625,0.263671875,0.17578125,19.51171875,29.35546875,6.328125,48.33984375,35.15625,-35.15625,0.0,0.0,70.3125,-27.2,-18.4,24.0,-0.0,0.1,-10.3
8.118801624979824,8.123333166993689,5.565957694333286,3.7106384628888573,-4.638298078611069,19.652764746918685,29.479147120378027,8.34893654149993,-0.087890625,0.439453125,0.0,19.51171875,29.35546875,6.6796875,48.33984375,35.15625,-35.15625,0.0,0.0,70.3125,-27.2,-17.6,24.8,-0.0,-0.0,-10.3
8.123381583980517,8.126321833988186,5.777890201408777,3.851926800939185,-4.814908501173979,19.625561391211374,29.43834208681706,8.666835302113165,0.087890625,0.615234375,-0.17578125,19.51171875,29.35546875,6.943359375,48.33984375,35.15625,-35.15625,0.0,0.0,70.3125,-27.2,-16.7,24.0,-0.0,-0.0,-10.3
8.126375249994453,8.130281666992232,5.916257833223161,3.9441718888154402,-4.930214861019298,19.60723101591548,29.41084652387322,8.874386749834741,0.17578125,0.703125,-0.263671875,19.51171875,29.35546875,7.20703125,48.33984375,35.15625,-35.15625,0.0,0.0,70.3125,-27.2,-17.5,24.8,-0.0,-0.0,-9.6
8.130300874996465,8.133388916990953,6.097501993622262,4.0650013290815075,-5.081251661351882,19.582537225665256,29.373805838497887,9.146252990433393,0.3515625,0.791015625,-0.3515625,19.51171875,29.35546875,7.470703125,48.33984375,30.76171875,-35.15625,0.0,0.0,70.3125,-28.0,-17.5,24.8,-0.0,-0.0,-10.4
8.1334163339925,8.137332541984506,6.241176513832917,4.160784342555278,-5.200980428194095,19.56240970981711,29.34361456472567,9.361764770749376,0.52734375,0.87890625,-0.52734375,19.51171875,29.35546875,7.646484375,43.9453125,30.76171875,-35.15625,0.0,0.0,70.3125,-27.2,-17.5,24.8,-0.0,-0.0,-10.4
8.137352249992546,8.14037391700549,6.422473632621852,4.281649088414568,-5.352061360518206,19.5363118598081,29.304467789712152,9.633710448932778,0.703125,0.966796875,-0.703125,19.51171875,29.35546875,7.91015625,43.9453125,30.76171875,-35.15625,0.0,0.0,70.3125,-27.2,-17.5,24.8,-0.0,-0.0,-11.2
8.140393499983475,8.144362208986422,6.562392658952035,4.374928439301357,-5.468660549126693,19.515634787292782,29.273452180939174,9.843588988428053,0.791015625,1.142578125,-0.791015625,19.51171875,29.35546875,8.0859375,43.9453125,30.76171875,-35.15625,0.0,0.0,65.91796875,-28.0,-17.6,24.8,-0.0,-0.0,-12.0
8.144380083977012,8.147391249978682,6.745576413688506,4.497050942459005,-5.6213136780737525,19.487856034487955,29.231784051731932,10.118364620532759,0.966796875,1.23046875,-0.966796875,19.51171875,29.35546875,8.349609375,43.9453125,30.76171875,-35.15625,0.0,0.0,65.91796875,-28.0,-17.6,24.8,-0.0,-0.0,-11.3
8.147413500002585,8.150353292003274,6.884785217427183,4.589856811618122,-5.737321014522649,19.46620698669473,29.199310480042094,10.327177826140774,1.142578125,1.318359375,-1.0546875,19.51171875,29.35546875,8.525390625,43.9453125,30.76171875,-35.15625,0.0,0.0,65.91796875,-28.1,-17.6,24.8,-0.0,-0.0,-10.5
8.150375708995853,8.154289124999195,7.020575377442361,4.680383584961573,-5.8504794812019645,19.444639608324508,29.16695941248676,10.53086306616354,1.23046875,1.494140625,-1.142578125,19.51171875,29.35546875,8.701171875,43.9453125,30.76171875,-39.55078125,0.0,0.0,65.91796875,-28.1,-16.8,24.8,-0.0,-0.0,-9.7
8.154339250002522,8.157314583979314,7.202029168079866,4.80135277871991,-6.001690973399885,19.415123267553017,29.122684901329528,10.803043752119798,1.494140625,1.494140625,-1.318359375,19.51171875,29.35546875,8.96484375,43.9453125,30.76171875,-39.55078125,0.0,0.0,65.91796875,-27.3,-17.6,24.8,-0.0,-0.0,-9.4
8.157346124993637,8.160312749998411,7.3395002449634505,4.893000163308967,-6.116250204136206,19.39222909832334,29.088343647485008,11.009250367445176,1.58203125,1.669921875,-1.40625,19.51171875,29.35546875,9.228515625,43.9453125,30.76171875,-39.55078125,0.0,0.0,65.91796875,-28.1,-17.6,24.8,-0.0,-0.0,-9.4
8.160337291978067,8.163323999993736,7.476090721840396,4.98406048122693,-6.23007560153366,19.369025301224426,29.053537951836642,11.214136082760593,1.669921875,1.7578125,-1.494140625,19.51171875,29.35546875,9.31640625,43.9453125,30.76171875,-39.55078125,0.0,0.0,61.5234375,-28.1,-16.8,25.6,-0.0,-0.0,-11.0
8.163350041984813,8.16633979199105,7.613499938965991,5.075666625977328,-6.344583282471657,19.345221846800825,29.017832770201238,11.420249908448987,1.845703125,1.845703125,-1.669921875,19.51171875,29.35546875,9.4921875,43.9453125,30.76171875,-39.55078125,0.0,0.0,61.5234375,-28.1,-17.6,24.8,-0.0,-0.0,-11.8
8.166370666993316,8.169303458998911,7.751097147213877,5.167398098142585,-6.4592476226782285,19.320921222739674,28.981381834109513,11.626645720820816,2.021484375,1.93359375,-1.7578125,19.51171875,29.35546875,9.580078125,43.9453125,30.76171875,-39.55078125,0.0,0.0,61.5234375,-28.0,-17.6,24.8,-0.0,-0.0,-14.0
8.169335083977785,8.172312624985352,7.885964294950433,5.257309529966956,-6.571636912458692,19.296649877792742,28.94497481668911,11.82894644242565,2.109375,2.021484375,-1.845703125,19.51171875,29.35546875,9.755859375,43.9453125,30.76171875,-39.55078125,0.0,0.0,61.5234375,-28.0,-17.6,25.6,-0.0,0.8,-14.0
8.172342709003715,8.17532458397909,8.022622445319808,5.348414963546539,-6.6855187044331705,19.27159716727473,28.907395750912098,12.033933667979712,2.197265625,2.109375,-2.021484375,19.51171875,29.35546875,9.931640625,43.9453125,30.76171875,-39.55078125,0.0,0.0,61.5234375,-28.8,-17.6,24.8,-0.0,0.8,-14.0
8.17535212499206,8.178363791987067,8.159182749793123,5.439455166528749,-6.799318958160932,19.24609902009557,28.869148530143356,12.238774124689684,2.373046875,2.197265625,-2.109375,19.51171875,29.35546875,10.1953125,43.9453125,30.76171875,-39.55078125,0.0,0.0,61.5234375,-28.0,-17.6,24.8,-0.0,1.8,-13.7
8.17839862499386,8.18236591698951,8.297240117294196,5.531493411529464,-6.914366764411827,19.21984861121976,28.82977291682964,12.445860175941295,2.548828125,2.28515625,-2.28515625,19.51171875,29.35546875,10.546875,43.9453125,30.76171875,-39.55078125,0.0,0.0,61.5234375,-28.0,-17.6,24.8,-0.0,1.8,-12.9
8.18239583398099,8.186368916998617,8.478091788602478,5.652061192401653,-7.065076490502063,19.184738837871816,28.777108256807722,12.717137682903719,2.724609375,2.373046875,-2.373046875,19.51171875,29.35546875,10.810546875,43.9453125,30.76171875,-39.55078125,0.0,0.0,65.91796875,-28.0,-17.6,25.6,-0.0,2.6,-12.9
8.186392667004839,8.1893454589881,8.658592263387131,5.7723948422580875,-7.215493552822607,19.148876149400316,28.723314224100474,12.987888395080697,2.900390625,2.548828125,-2.548828125,19.51171875,29.35546875,11.162109375,43.9453125,30.76171875,-39.55078125,0.0,0.0,65.91796875,-28.1,-17.6,24.8,0.8,3.3,-11.9
8.189365041995188,8.192311166989384,8.792606430806726,5.861737620537818,-7.327172025672311,19.121716242742743,28.682574364114114,13.18890964621009,2.98828125,2.63671875,-2.724609375,19.51171875,29.35546875,11.337890625,43.9453125,30.76171875,-39.55078125,0.0,0.0,65.91796875,-28.9,-17.6,24.8,0.8,3.3,-12.7
8.192330749996472,8.195406833983725,8.926128978930155,5.950752652620103,-7.438440815775084,19.094201812784288,28.641302719176434,13.389193468395234,3.1640625,2.724609375,-2.8125,19.51171875,29.35546875,11.6015625,48.33984375,30.76171875,-39.55078125,0.0,0.0,65.91796875,-28.1,-17.6,24.8,0.8,3.3,-11.9
8.195425333979074,8.199310416996013,9.065247233237873,6.043498155491916,-7.55437269436485,19.065049961764217,28.597574942646325,13.59787084985681,3.33984375,2.8125,-2.900390625,19.51171875,29.35546875,11.77734375,48.33984375,30.76171875,-39.55078125,0.0,0.0,65.91796875,-28.1,-17.6,24.8,0.8,4.2,-11.9
8.199330834002467,8.202339624986053,9.24051438009621,6.16034292006414,-7.700428650080172,19.02761611729687,28.541424175945306,13.860771570144315,3.515625,2.900390625,-3.076171875,19.51171875,29.35546875,12.041015625,48.33984375,30.76171875,-39.55078125,0.0,0.0,70.3125,-28.1,-17.6,24.8,1.6,5.0,-11.9
8.202357500005746,8.20537329200306,9.37610324020467,6.250735493469779,-7.813419366837179,18.99811321659804,28.49716982489706,14.064154860307003,3.69140625,2.98828125,-3.1640625,19.51171875,29.35546875,12.3046875,48.33984375,30.76171875,-39.55078125,0.0,0.0,70.3125,-28.1,-17.6,24.8,1.6,5.0,-11.9
8.205389209004352,8.209437624987913,9.511705556246154,6.341137037497436,-7.926421296871751,18.96813066887927,28.452196003318903,14.267558334369232,3.779296875,3.076171875,-3.33984375,19.51171875,29.35546875,12.48046875,48.33984375,30.76171875,-39.55078125,0.0,0.0,70.3125,-27.9,-17.6,24.8,2.4,4.9,-12.1
8.209453083982226,8.21232108399272,9.693135684632272,6.462090456421516,-8.077613070526892,18.927265701443144,28.390898552164714,14.53970352694841,3.955078125,3.251953125,-3.515625,19.51171875,29.35546875,12.83203125,48.33984375,26.3671875,-39.55078125,0.0,0.0,70.3125,-27.9,-17.6,24.0,2.4,5.7,-10.5
8.21233624999877,8.215285416983534,9.821614430957904,6.5477429539719365,-8.184678692464917,18.89780575116357,28.346708626745354,14.732421646436858,4.130859375,3.33984375,-3.603515625,19.51171875,29.35546875,13.0078125,43.9453125,26.3671875,-39.55078125,0.0,0.0,70.3125,-27.9,-17.6,24.8,2.4,5.7,-9.7
8.215305916994112,8.218312084005447,9.953737175852652,6.635824783901768,-8.294780979877208,18.867056724284133,28.3005850864262,14.930605763778978,4.21875,3.33984375,-3.69140625,19.51171875,29.35546875,13.271484375,43.9453125,26.3671875,-39.55078125,0.0,0.0,70.3125,-27.9,-18.4,24.8,3.2,6.6,-7.5
8.218332083983114,8.221349792002002,10.088150818221852,6.725433878814568,-8.406792348518248,18.835300346468948,28.252950519703422,15.132226227332776,4.39453125,3.515625,-3.8671875,19.51171875,29.35546875,13.447265625,43.9453125,26.3671875,-39.55078125,0.0,0.0,70.3125,-27.9,-17.6,24.0,3.2,6.6,-8.3
8.2213703749876,8.22441629198147,10.222873650481787,6.815249100321191,-8.519061375401444,18.802988584280193,28.204482876420286,15.334310475722681,4.5703125,3.603515625,-3.955078125,19.51171875,29.35546875,13.623046875,43.9453125,26.3671875,-39.55078125,0.0,0.0,74.70703125,-27.1,-17.7,24.8,3.2,7.4,-8.3
8.224432874994818,8.228291916981107,10.35843430422451,6.905622869483006,-8.632028586853755,18.76998595589441,28.154978933841612,15.537651456336762,4.658203125,3.69140625,-4.04296875,19.51171875,29.35546875,13.798828125,43.9453125,26.3671875,-39.55078125,0.0,0.0,74.70703125,-27.9,-17.7,24.7,4.2,8.2,-10.6
8.228309625003021,8.231335249991389,10.529693312212588,7.019795541475059,-8.77474442684378,18.72758581760839,28.091378726412586,15.794539968318883,4.833984375,3.779296875,-4.21875,19.51171875,29.35546875,13.974609375,43.9453125,30.76171875,-39.55078125,0.0,0.0,74.70703125,-28.0,-17.7,24.7,4.2,8.2,-11.4
8.231380458979402,8.234365416981746,10.665073398269092,7.110048932179395,-8.887561165224199,18.693507005963717,28.04026050894558,15.997610097403639,5.009765625,3.8671875,-4.306640625,19.51171875,29.267578125,14.150390625,48.33984375,30.76171875,-39.55078125,0.0,-4.39453125,74.70703125,-28.0,-17.7,24.7,4.2,8.2,-12.2
8.234381874994142,8.237398958997801,10.797153363130127,7.198102242086751,-8.997627802608436,18.65977824392524,27.98966736588786,16.19573004469519,5.185546875,3.955078125,-4.482421875,19.51171875,29.267578125,14.326171875,48.33984375,30.76171875,-39.55078125,0.0,-4.39453125,74.70703125,-27.2,-17.7,23.9,4.8,8.2,-13.1
8.237414292001631,8.240364375000354,10.930353818629841,7.286902545753228,-9.108628182191532,18.625279898264488,27.937919847396728,16.395530727944763,5.2734375,4.04296875,-4.5703125,19.51171875,29.267578125,14.58984375,48.33984375,30.76171875,-39.55078125,0.0,-4.39453125,74.70703125,-28.0,-18.5,23.9,4.8,8.8,-12.3
8.240378916991176,8.244397542002844,11.060336751838864,7.373557834559243,-9.216947293199052,18.591144259039304,27.886716388558956,16.5905051277583,5.44921875,4.130859375,-4.74609375,19.51171875,29.091796875,14.765625,48.33984375,30.76171875,-39.55078125,0.0,-4.39453125,57.12890625,-27.2,-18.4,23.9,5.6,8.0,-12.3
8.244414624990895,8.248410083993804,11.236894903383297,7.491263268922198,-9.364079086152746,18.544028004608307,27.816042006912458,16.855342355074946,5.625,4.306640625,-4.833984375,19.51171875,29.00390625,15.029296875,48.33984375,30.76171875,-39.55078125,0.0,-4.39453125,57.12890625,-28.0,-17.6,24.0,5.6,8.0,-12.8
8.248426042002393,8.252308750001248,11.411942862643638,7.6079619084290915,-9.509952385536401,18.49645683907845,27.744685258617675,17.117914293965455,5.888671875,4.39453125,-5.009765625,19.51171875,28.828125,15.29296875,48.33984375,30.76171875,-39.55078125,0.0,-4.39453125,57.12890625,-27.2,-17.6,24.0,5.6,7.2,-12.8
8.252324125001905,8.255378417001339,11.581611200373516,7.721074133582344,-9.651342666977888,18.449526124638695,27.67428918695804,17.372416800560273,5.9765625,4.482421875,-5.185546875,19.423828125,28.65234375,15.64453125,48.33984375,30.76171875,-35.15625,0.0,-26.3671875,57.12890625,-27.2,-18.4,24.0,6.4,5.6,-12.0
8.255406416981714,8.259337374998722,11.715464234436803,7.810309489624535,-9.762886862030625,18.41192726675513,27.617890900132693,17.573196351655206,6.15234375,4.5703125,-5.2734375,19.423828125,28.564453125,15.8203125,48.33984375,30.76171875,-35.15625,0.0,-26.3671875,57.12890625,-27.2,-18.4,24.0,6.4,4.5,-12.0
8.259357458999148,8.26337187498575,11.886641934157606,7.92442795610507,-9.905534945131334,18.36309999887003,27.544649998305044,17.829962901236406,6.328125,4.74609375,-5.44921875,19.423828125,28.4765625,16.171875,48.33984375,30.76171875,-35.15625,0.0,-26.3671875,74.70703125,-27.2,-17.6,24.0,7.2,5.3,-10.4
8.263390416977927,8.267364291998092,12.060896386668496,8.04059759111233,-10.05074698889037,18.31253096592054,27.46879644888081,18.091344580002744,6.591796875,4.833984375,-5.537109375,19.423828125,28.30078125,16.435546875,48.33984375,30.76171875,-35.15625,0.0,-26.3671875,74.70703125,-26.4,-17.5,24.9,7.2,4.5,-9.2
8.267382083984558,8.270407417003298,12.232890164483766,8.155260109655844,-10.194075137069843,18.26175600931784,27.392634013976757,18.349335246725648,6.6796875,4.921875,-5.712890625,19.3359375,28.212890625,16.69921875,48.33984375,30.76171875,-35.15625,-8.7890625,-26.3671875,74.70703125,-27.1,-18.3,24.1,7.2,3.9,-8.4
8.270424916991033,8.27434762500343,12.363677710430327,8.242451806953552,-10.303064758691937,18.22256810139691,27.333852152095364,18.54551656564549,6.85546875,5.009765625,-5.888671875,19.3359375,28.212890625,16.875,43.9453125,30.76171875,-39.55078125,-8.7890625,-26.3671875,74.70703125,-27.1,-18.3,24.1,7.2,3.9,-9.2
8.274367083999095,8.278390583989676,12.532700132117544,8.355133421411695,-10.443916776764658,18.171178979648218,27.25676846947233,18.799050198176314,7.03125,5.185546875,-5.9765625,19.248046875,28.125,17.138671875,43.9453125,30.76171875,-39.55078125,-8.7890625,-26.3671875,74.70703125,-27.1,-17.5,24.1,6.4,4.8,-10.5
8.278409208985977,8.28236395897693,12.705509247967326,8.470339498644885,-10.587924373306103,18.11776334920225,27.176645023803374,19.058263871950988,7.20703125,5.2734375,-6.15234375,19.16015625,28.125,17.40234375,43.9453125,30.76171875,-39.55078125,-8.7890625,-26.3671875,74.70703125,-27.1,-17.5,24.1,6.4,5.6,-10.5
8.282390291977208,8.28630104198237,12.875208059980931,8.583472039987289,-10.729340049984147,18.064440421412353,27.096660632118528,19.3128120899714,7.3828125,5.44921875,-6.328125,19.072265625,28.125,17.578125,43.9453125,30.76171875,-39.55078125,-8.7890625,-26.3671875,65.91796875,-27.1,-17.6,24.1,5.6,6.4,-11.3
8.286322750005638,8.28935024997918,13.042339888623943,8.694893259082628,-10.868616573853242,18.011075237563123,27.016612856344686,19.563509832935914,7.646484375,5.537109375,-6.50390625,19.072265625,28.037109375,17.9296875,43.9453125,30.76171875,-39.55078125,-8.7890625,-26.3671875,65.91796875,-26.4,-17.6,23.1,6.4,6.6,-10.5
8.289366833982058,8.292249708989402,13.171373903030878,8.780915935353917,-10.976144919192395,17.969293679392287,26.953940519088434,19.757060854546314,7.734375,5.625,-6.50390625,19.072265625,27.94921875,18.017578125,43.9453125,30.76171875,-35.15625,-13.18359375,-26.3671875,65.91796875,-27.2,-17.6,24.7,6.4,5.8,-12.1
8.292273750004824,8.295375083980616,13.29431252016432,8.86287501344288,-11.078593766803637,17.929011308382005,26.89351696257301,19.94146878024648,7.822265625,5.712890625,-6.6796875,18.984375,27.94921875,18.28125,43.9453125,30.76171875,-35.15625,-13.18359375,-13.18359375,65.91796875,-27.2,-17.6,23.9,6.4,6.6,-11.3
8.295390624989523,8.299322874983773,13.42582266587415,8.9505484439161,-11.188185554895123,17.88540417639789,26.828106264596833,20.138733998811226,7.998046875,5.80078125,-6.767578125,18.984375,27.861328125,18.45703125,43.9453125,30.76171875,-35.15625,-13.18359375,-13.18359375,65.91796875,-27.2,-17.6,23.9,7.2,5.5,-11.3
8.299338084005285,8.302286374993855,13.591915309652544,9.061276873101695,-11.326596091377116,17.829561448027608,26.744342172041414,20.387872964478817,8.173828125,5.888671875,-6.943359375,18.984375,27.7734375,18.720703125,43.9453125,30.76171875,-35.15625,-13.18359375,-13.18359375,61.5234375,-27.2,-17.6,23.9,7.2,6.3,-10.5
8.302301166986581,8.305410708999261,13.716246499212717,9.14416433280848,-11.430205416010637,17.7871936700142,26.6807905050213,20.574369748819077,8.349609375,6.064453125,-7.03125,18.896484375,27.7734375,18.984375,43.9453125,30.76171875,-35.15625,-13.18359375,-13.18359375,61.5234375,-26.4,-16.8,23.9,7.2,7.1,-8.9
8.305425416998332,8.309385125001427,13.847018393948156,9.231345595965438,-11.539181994956833,17.742104116700744,26.613156175051117,20.770527590922235,8.4375,6.15234375,-7.119140625,18.896484375,27.685546875,19.16015625,43.9453125,30.76171875,-35.15625,-13.18359375,-13.18359375,61.5234375,-27.1,-16.8,24.0,7.2,6.5,-8.4
8.30939766697702,8.313362749991938,14.012803101619514,9.341868734413008,-11.67733591801622,17.684159254796274,26.526238882194413,21.01920465242927,8.61328125,6.240234375,-7.294921875,18.80859375,27.59765625,19.423828125,43.9453125,30.76171875,-39.55078125,-13.18359375,-13.18359375,61.5234375,-27.1,-17.6,24.0,7.2,6.5,-8.4
8.313377083977684,8.316369499982102,14.17833989639891,9.452226597599275,-11.815283246999089,17.62541949423153,26.438129241347298,21.267509844598365,8.7890625,6.416015625,-7.470703125,18.720703125,27.509765625,19.599609375,48.33984375,30.76171875,-39.55078125,-13.18359375,-17.578125,61.5234375,-27.1,-16.8,24.0,7.2,6.5,-9.7
8.316383666999172,8.319338291999884,14.303041449106278,9.53536096607085,-11.919201207588523,17.58058279030398,26.370874185455968,21.454562173659415,8.96484375,6.416015625,-7.55859375,18.6328125,27.421875,19.775390625,48.33984375,30.76171875,-39.55078125,-13.18359375,-17.578125,61.5234375,-26.3,-17.6,24.0,6.4,5.6,-10.5
8.319352708989754,8.32242949999636,14.425872888112623,9.617248592075082,-12.021560740093852,17.53592111975387,26.303881679630805,21.638809332168936,9.052734375,6.50390625,-7.646484375,18.6328125,27.333984375,19.951171875,48.33984375,30.76171875,-39.55078125,-13.18359375,-17.578125,61.5234375,-27.1,-17.6,24.0,6.4,6.4,-11.3
8.322446083999239,8.326398916979088,14.5535142791856,9.702342852790402,-12.127928565987999,17.488983480091317,26.233475220136977,21.830271418778402,9.228515625,6.591796875,-7.734375,18.6328125,27.333984375,20.126953125,48.33984375,30.76171875,-39.55078125,-13.18359375,-17.578125,61.5234375,-26.3,-17.5,24.0,7.2,7.2,-11.3
8.326420124998549,8.330357208993519,14.716989740205051,9.811326493470034,-12.26415811683754,17.428077129693136,26.142115694539708,22.075484610307576,9.404296875,6.767578125,-7.91015625,18.544921875,27.24609375,20.302734375,48.33984375,30.76171875,-39.55078125,-13.18359375,-17.578125,61.5234375,-26.4,-16.7,24.0,6.4,7.2,-11.4
8.330371624993859,8.333369500003755,14.878969355403076,9.91931290360205,-12.399141129502599,17.366842877173557,26.050264315760334,22.31845403310461,9.580078125,6.85546875,-8.0859375,18.45703125,27.0703125,20.56640625,43.9453125,30.76171875,-39.55078125,-13.18359375,-26.3671875,61.5234375,-26.4,-17.5,23.2,7.2,6.4,-9.8
8.3333877499972,8.336409458977869,15.002220715681604,10.00148047712107,-12.501850596401335,17.319653237457327,25.979479856185993,22.503331073522407,9.66796875,6.943359375,-8.173828125,18.45703125,26.982421875,20.7421875,43.9453125,30.76171875,-39.55078125,-13.18359375,-26.3671875,61.5234375,-27.2,-17.5,24.0,7.2,5.6,-9.4
8.3364264589909,8.340391000005184,15.12605441401082,10.084036276007213,-12.605045345009014,17.27171712320957,25.907575684814354,22.68908162101623,9.84375,7.03125,-8.349609375,18.369140625,26.89453125,20.91796875,43.9453125,30.76171875,-39.55078125,-13.18359375,-26.3671875,61.5234375,-26.4,-16.7,23.2,6.4,5.6,-9.4
8.34040562500013,8.34340929199243,15.287692135083581,10.191794756722388,-12.73974344590302,17.208350288067884,25.812525432101825,22.931538202625372,10.01953125,7.20703125,-8.4375,18.369140625,26.806640625,21.181640625,43.9453125,30.76171875,-39.55078125,-13.18359375,-26.3671875,57.12890625,-26.4,-16.8,23.2,7.2,5.6,-10.2
8.34342699998524,8.347380208986579,15.410024839398366,10.273349892932245,-12.841687366165303,17.159786769578144,25.739680154367214,23.115037259097548,10.1953125,7.294921875,-8.61328125,18.28125,26.806640625,21.4453125,43.9453125,30.76171875,-39.55078125,-13.18359375,-26.3671875,57.12890625,-26.4,-16.8,23.2,6.4,6.4,-10.6
8.347397167002782,8.351396874990314,15.570245117712409,10.380163411808272,-12.9752042647603,17.095385562898453,25.64307834434768,23.355367676568612,10.283203125,7.3828125,-8.701171875,18.28125,26.630859375,21.62109375,43.9453125,30.76171875,-39.55078125,-13.18359375,-26.3671875,57.12890625,-27.2,-16.8,24.0,8.0,5.5,-11.4
8.351412041985895,8.355355209001573,15.731653790496926,10.487769193664619,-13.109711492080805,17.02958300547666,25.544374508214986,23.59748068574539,10.458984375,7.55859375,-8.876953125,18.193359375,26.630859375,21.884765625,43.9453125,30.76171875,-35.15625,-13.18359375,-21.97265625,57.12890625,-26.4,-16.0,23.2,7.2,6.3,-11.4
8.355371666984865,8.358408083993709,15.890228465169582,10.593485643446387,-13.241857054307982,16.964022574911155,25.446033862366733,23.83534269775437,10.72265625,7.646484375,-8.96484375,18.10546875,26.54296875,22.1484375,43.9453125,30.76171875,-35.15625,-13.18359375,-21.97265625,57.12890625,-25.6,-16.8,24.0,6.4,6.4,-10.4
8.358422999997856,8.362381124985404,16.012008892541065,10.674672595027378,-13.343340743784179,16.913053094842798,25.3695796422642,24.0180133388116,10.810546875,7.734375,-9.140625,18.10546875,26.455078125,22.32421875,43.9453125,30.76171875,-35.15625,-13.18359375,-21.97265625,61.5234375,-26.4,-16.8,23.2,8.0,6.4,-9.6
8.362396084005013,8.366334999998799,16.17002519649139,10.780016797660927,-13.475020997076156,16.846104530191788,25.26915679528768,24.255037794737085,10.986328125,7.822265625,-9.228515625,18.017578125,26.3671875,22.587890625,43.9453125,30.76171875,-35.15625,-13.18359375,-21.97265625,61.5234375,-26.4,-16.8,24.0,8.0,5.6,-8.5
8.3663497089874,8.369353791989852,16.326642408505194,10.884428272336795,-13.60553534042099,16.778832533414104,25.168248800121155,24.489963612757787,11.07421875,7.998046875,-9.404296875,17.9296875,26.279296875,22.8515625,43.9453125,30.76171875,-35.15625,-17.578125,-21.97265625,61.5234375,-27.2,-16.0,23.2,7.2,6.4,-9.3
8.369370125001296,8.372349124983884,16.445867914373288,10.963911942915525,-13.704889928644407,16.727003165779408,25.09050474866911,24.668801871559932,11.25,7.998046875,-9.4921875,17.9296875,26.279296875,23.02734375,43.9453125,26.3671875,-35.15625,-17.578125,-21.97265625,61.5234375,-26.4,-16.8,23.2,7.2,6.4,-10.1
8.372364416980417,8.375450541992905,16.56369682347604,11.042464548984025,-13.803080686230029,16.675250423439852,25.01287563515978,24.845545235214058,11.42578125,8.173828125,-9.580078125,17.841796875,26.19140625,23.203125,43.9453125,26.3671875,-35.15625,-17.578125,-21.97265625,61.5234375,-26.4,-16.0,24.0,7.2,6.4,-10.6
8.375468541984446,8.379387499997392,16.685460925509815,11.123640617006544,-13.904550771258215,16.621209926587245,24.931814889880865,25.02819138826472,11.513671875,8.173828125,-9.755859375,17.75390625,26.103515625,23.291015625,43.9453125,26.3671875,-35.15625,-17.578125,-21.97265625,61.5234375,-26.4,-16.8,23.2,7.2,7.3,-12.2
8.379405208979733,8.38335016698693,16.83931184823222,11.226207898821482,-14.032759873526848,16.552107304281172,24.828160956421762,25.25896777234833,11.689453125,8.349609375,-9.931640625,17.75390625,26.015625,23.5546875,43.9453125,26.3671875,-35.15625,-17.578125,-21.97265625,57.12890625,-26.4,-15.9,22.4,7.2,6.5,-12.2
8.383370083989576,8.387374499987345,16.993614329081666,11.329076219387776,-14.161345274234682,16.481869797304626,24.72280469595694,25.4904214936225,11.865234375,8.4375,-10.01953125,17.666015625,25.927734375,23.818359375,43.9453125,26.3671875,-35.15625,-17.578125,-21.97265625,57.12890625,-26.4,-16.7,23.1,8.0,7.3,-10.5
8.38739366698428,8.391421291977167,17.149527679247818,11.433018452831877,-14.291273066039848,16.40993872801498,24.614908092022464,25.724291518871727,12.041015625,8.61328125,-10.1953125,17.578125,25.83984375,23.994140625,43.9453125,30.76171875,-35.15625,-17.578125,-21.97265625,57.12890625,-26.3,-15.9,23.1,7.2,8.2,-10.5
8.391439875005744,8.395361292001326,17.3056269050542,11.537084603369468,-14.421355754211831,16.336942151293037,24.505413226939556,25.958440357581303,12.216796875,8.701171875,-10.37109375,17.578125,25.6640625,24.2578125,43.9453125,30.76171875,-35.15625,-17.578125,-21.97265625,57.12890625,-26.3,-15.9,22.3,7.2,7.4,-9.7
8.39537924999604,8.399350833991775,17.456933028310047,11.6379553522067,-14.547444190258338,16.26523886145062,24.39785829217593,26.185399542465074,12.392578125,8.876953125,-10.458984375,17.490234375,25.576171875,24.521484375,43.9453125,30.76171875,-35.15625,-17.578125,-21.97265625,57.12890625,-25.5,-15.1,23.1,8.0,7.2,-10.2
8.399369291990297,8.402454916998977,17.60950378928981,11.739669192859875,-14.67458649107484,16.191978484490917,24.28796772673638,26.414255683934716,12.568359375,8.96484375,-10.634765625,17.40234375,25.400390625,24.78515625,43.9453125,30.76171875,-35.15625,-17.578125,-21.97265625,61.5234375,-25.5,-16.0,22.3,7.2,6.4,-10.2
8.402490416978253,8.406384792004246,17.72836712719266,11.81891141812844,-14.773639272660583,16.134228611570908,24.20134291735636,26.59255069078899,12.744140625,9.052734375,-10.72265625,17.40234375,25.3125,24.9609375,43.9453125,30.76171875,-35.15625,-17.578125,-21.97265625,61.5234375,-25.5,-15.2,22.3,8.8,6.4,-11.4
8.40640812498168,8.410402042005444,17.876963655623737,11.917975770415826,-14.89746971301978,16.061190912749318,24.09178636912398,26.815445483435607,12.919921875,9.140625,-10.810546875,17.314453125,25.224609375,25.13671875,43.9453125,30.76171875,-35.15625,-13.18359375,-21.97265625,61.5234375,-25.7,-16.0,23.1,8.0,7.1,-11.4
8.410438374994555,8.414401291985996,18.029122321624026,12.019414881082684,-15.024268601353388,15.985420417255474,23.97813062588321,27.043683482436037,13.095703125,9.228515625,-10.986328125,17.2265625,25.048828125,25.400390625,39.55078125,26.3671875,-35.15625,-13.18359375,-30.76171875,61.5234375,-25.7,-16.0,23.1,7.2,6.3,-11.4
8.414430499979062,8.418292041984387,18.179129284104913,12.11941952273661,-15.14927440342076,15.909735083649593,23.86460262547439,27.268693926157372,13.271484375,9.404296875,-11.162109375,17.138671875,24.9609375,25.6640625,39.55078125,26.3671875,-35.15625,-13.18359375,-30.76171875,61.5234375,-25.7,-15.2,22.3,8.0,6.3,-10.3
8.418327999999747,8.4213298340037,18.32489104812033,12.216594032080222,-15.270742540100239,15.835240138859339,23.752860208289007,27.4873365721805,13.359375,9.4921875,-11.25,17.138671875,24.873046875,25.927734375,39.55078125,26.3671875,-35.15625,-13.18359375,-30.76171875,61.5234375,-25.7,-15.2,23.1,8.0,6.3,-10.3
8.421359083993593,8.424308124987874,18.43777540481275,12.291850269875166,-15.364812837343955,15.776895034922742,23.665342552384114,27.656663107219124,13.53515625,9.580078125,-11.337890625,17.05078125,24.78515625,26.103515625,39.55078125,26.3671875,-35.15625,-13.18359375,-30.76171875,61.5234375,-25.7,-15.2,23.1,8.0,6.3,-10.3
8.424334209004883,8.427252374996897,18.548169273969386,12.365446182646256,-15.456807728307853,15.719279267958793,23.578918901938188,27.822253910954075,13.623046875,9.66796875,-11.513671875,17.05078125,24.697265625,26.279296875,39.55078125,26.3671875,-35.15625,-13.18359375,-30.76171875,61.5234375,-25.5,-15.2,22.4,8.8,7.3,-10.4
8.427278833987657,8.43024862499442,18.657032547610548,12.43802169840703,-15.54752712300879,15.661916109785414,23.49287416467812,27.985548821415822,13.798828125,9.755859375,-11.6015625,16.962890625,24.609375,26.455078125,39.55078125,30.76171875,-35.15625,-17.578125,-30.76171875,61.5234375,-24.7,-15.2,22.4,8.0,7.3,-11.2
8.4302732499782,8.433277083997382,18.767327253573065,12.511551502382044,-15.639439377977588,15.603239375310554,23.40485906296583,28.150990880359597,13.88671875,9.755859375,-11.689453125,16.875,24.521484375,26.630859375,43.9453125,30.76171875,-39.55078125,-17.578125,-26.3671875,61.5234375,-25.5,-16.0,22.4,8.0,6.5,-10.4
8.433309208980063,8.43630616698647,18.878728232481336,12.585818821654225,-15.732273527067745,15.54339617292483,23.315094259387244,28.318092348722004,14.0625,9.84375,-11.77734375,16.787109375,24.43359375,26.806640625,43.9453125,30.76171875,-39.55078125,-17.578125,-26.3671875,61.5234375,-24.7,-16.0,22.4,8.0,7.2,-10.3
8.436339709005551,8.43934079198516,18.989500717336266,12.659667144890845,-15.824583931113553,15.483308037385656,23.224962056078486,28.4842510760044,14.23828125,9.931640625,-11.953125,16.787109375,24.345703125,27.0703125,43.9453125,30.76171875,-39.55078125,-17.578125,-26.3671875,61.5234375,-24.7,-16.0,21.6,8.0,7.2,-9.5
8.439368749997811,8.44231995899463,19.099789872296633,12.733193248197754,-15.916491560247191,15.42289822646999,23.134347339704984,28.649684808444945,14.326171875,10.01953125,-12.041015625,16.69921875,24.2578125,27.24609375,43.9453125,30.76171875,-39.55078125,-17.578125,-26.3671875,61.5234375,-24.7,-16.0,21.6,8.0,6.4,-9.5
8.44234641699586,8.445270124997478,19.207787029789003,12.805191353192669,-16.006489191490868,15.363172667392622,23.044759001088934,28.811680544683504,14.501953125,10.107421875,-12.12890625,16.69921875,24.169921875,27.333984375,43.9453125,30.76171875,-39.55078125,-17.578125,-26.3671875,61.5234375,-24.7,-15.2,22.4,8.8,7.2,-10.5
8.445296333986335,8.448264042002847,19.314363371875892,12.876242247917261,-16.09530280989661,15.30367229043247,22.955508435648706,28.97154505781384,14.58984375,10.1953125,-12.216796875,16.611328125,24.08203125,27.59765625,43.9453125,30.76171875,-39.55078125,-17.578125,-26.3671875,61.5234375,-24.7,-15.2,22.4,8.8,7.2,-9.7
8.44829254198703,8.45128070897772,19.422187613404528,12.948125075603018,-16.18515634450377,15.242901857144535,22.864352785716804,29.13328142010679,14.765625,10.283203125,-12.3046875,16.5234375,23.994140625,27.7734375,43.9453125,26.3671875,-30.76171875,-21.97265625,-26.3671875,61.5234375,-23.9,-15.2,22.4,8.0,6.4,-9.7
8.45131458400283,8.454332749999594,19.53050574358473,13.020337162389819,-16.275421452987306,15.181265434004196,22.771898151006294,29.295758615377093,14.853515625,10.37109375,-12.48046875,16.435546875,23.90625,27.861328125,43.9453125,26.3671875,-30.76171875,-21.97265625,-30.76171875,61.5234375,-24.7,-15.2,21.6,8.0,7.2,-8.9
8.454370166989975,8.457356250000885,19.63957860733487,13.093052404889914,-16.366315506112425,15.118597114904757,22.677895672357135,29.459367911002303,15.029296875,10.458984375,-12.568359375,16.435546875,23.818359375,28.125,43.9453125,26.3671875,-30.76171875,-21.97265625,-30.76171875,61.5234375,-23.9,-15.2,21.6,8.8,7.2,-7.0
8.457389583985787,8.460279208986321,19.74691605314721,13.164610702098141,-16.455763377622706,15.056328405763574,22.584492608645363,29.620374079720815,15.1171875,10.546875,-12.65625,16.34765625,23.73046875,28.212890625,43.9453125,26.3671875,-30.76171875,-21.97265625,-30.76171875,61.5234375,-23.9,-15.2,21.6,8.0,6.4,-7.0
8.460324916988611,8.463267624989385,19.8508385901738,13.2338923934492,-16.5423654918115,14.995469052970883,22.493203579456324,29.7762578852607,15.29296875,10.634765625,-12.744140625,16.259765625,23.642578125,28.388671875,43.9453125,26.3671875,-30.76171875,-21.97265625,-30.76171875,57.12890625,-23.9,-15.1,21.6,8.0,7.2,-7.8
8.463296834001085,8.466236416978063,19.955626396243062,13.30375093082871,-16.629688663535884,14.933526414429858,22.400289621644788,29.933439594364593,15.380859375,10.634765625,-12.83203125,16.171875,23.5546875,28.564453125,43.9453125,26.3671875,-30.76171875,-21.97265625,-30.76171875,57.12890625,-23.9,-15.9,21.5,8.0,7.2,-7.9
8.466261124995071,8.46925475000171,20.05971210014928,13.37314140009952,-16.716426750124363,14.871418529950136,22.307127794925204,30.08956815022392,15.556640625,10.72265625,-12.919921875,16.171875,23.466796875,28.65234375,43.9453125,26.3671875,-30.76171875,-17.578125,-30.76171875,57.12890625,-23.1,-15.1,21.5,8.0,6.4,-9.5
8.469282124977326,8.472280874993885,20.165341546693014,13.443561031128677,-16.804451288910876,14.80779074684399,22.211686120265984,30.24801232003952,15.64453125,10.810546875,-13.0078125,16.083984375,23.37890625,28.828125,43.9453125,21.97265625,-35.15625,-17.578125,-30.76171875,57.12890625,-23.9,-15.1,21.5,8.0,7.2,-8.7
8.472308750002412,8.475256874982733,20.270712308451458,13.513808205634305,-16.892260257042913,14.743710109105203,22.115565163657806,30.406068462677187,15.8203125,10.8984375,-13.18359375,15.99609375,23.291015625,28.916015625,43.9453125,21.97265625,-35.15625,-17.578125,-30.76171875,57.12890625,-23.1,-15.1,21.5,8.0,7.2,-10.7
8.475276666984428,8.478267166996375,20.37359426377837,13.582396175852246,-16.977995219815302,14.680548835864222,22.020823253796333,30.56039139566755,15.908203125,10.986328125,-13.271484375,15.908203125,23.203125,29.091796875,43.9453125,21.97265625,-35.15625,-17.578125,-30.76171875,57.12890625,-23.1,-15.1,21.5,8.0,6.3,-9.9
8.478293041989673,8.481245916977059,20.477702283351146,13.651801522234097,-17.06475190279262,14.616029392332475,21.92404408849871,30.716553425026717,15.99609375,11.07421875,-13.359375,15.908203125,23.115234375,29.1796875,43.9453125,21.97265625,-35.15625,-17.578125,-30.76171875,43.9453125,-23.9,-15.1,21.5,8.0,7.1,-10.7
8.48127341698273,8.484266333980486,20.580116277394925,13.720077518263283,-17.150096897829105,14.55195769966524,21.82793654949786,30.870174416092386,16.083984375,11.162109375,-13.447265625,15.8203125,23.02734375,29.443359375,43.9453125,21.97265625,-35.15625,-17.578125,-30.76171875,43.9453125,-23.9,-15.2,21.5,8.0,7.9,-9.1
8.484302124998067,8.487259291985538,20.68372903088487,13.78915268725658,-17.236440859070694,14.486520222866657,21.729780334299985,31.025593546327308,16.259765625,11.162109375,-13.53515625,15.732421875,22.939453125,29.53125,43.9453125,21.97265625,-35.15625,-17.578125,-30.76171875,43.9453125,-23.1,-16.0,21.5,8.0,8.1,-8.7
8.487292042002082,8.490288625005633,20.785555553432243,13.857037035621495,-17.3212962945269,14.421599238413688,21.63239885762053,31.178333330148366,16.34765625,11.25,-13.623046875,15.732421875,22.8515625,29.70703125,43.9453125,26.3671875,-35.15625,-21.97265625,-30.76171875,43.9453125,-23.1,-15.2,21.5,8.0,8.1,-7.9
8.49031904200092,8.493274084001314,20.888177945517523,13.925451963678348,-17.406814954597966,14.355549017968167,21.533323526952252,31.332266918276282,16.5234375,11.337890625,-13.7109375,15.64453125,22.67578125,29.8828125,39.55078125,26.3671875,-35.15625,-21.97265625,-30.76171875,43.9453125,-23.1,-15.2,21.5,8.0,6.5,-8.7
8.493301624985179,8.496270999981789,20.988832609495248,13.992555072996831,-17.490693841246006,14.290150542564298,21.435225813846447,31.483248914242868,16.611328125,11.42578125,-13.88671875,15.556640625,22.67578125,30.05859375,39.55078125,26.3671875,-35.15625,-21.97265625,-30.76171875,43.9453125,-23.1,-15.2,20.7,8.0,8.1,-8.7
8.49630050000269,8.499280874995748,21.089572609169892,14.059715072779928,-17.574643840974908,14.224078601872423,21.336117902808635,31.634358913754838,16.69921875,11.513671875,-13.974609375,15.46875,22.5,30.234375,39.55078125,26.3671875,-35.15625,-21.97265625,-30.76171875,43.9453125,-23.1,-15.2,20.7,8.0,7.3,-8.7
8.499307208985556,8.502287249983056,21.19010595892793,14.126737305951952,-17.65842163243997,14.157517193654591,21.236275790481887,31.785158938391895,16.875,11.513671875,-14.0625,15.380859375,22.412109375,30.322265625,39.55078125,26.3671875,-35.15625,-21.97265625,-30.76171875,57.12890625,-23.1,-16.1,20.7,7.2,6.5,-10.3
8.502321459003724,8.50529941698187,21.29041621781174,14.193610811874494,-17.742013514843144,14.090471338275002,21.1357070074125,31.93562432671761,16.962890625,11.6015625,-14.150390625,15.380859375,22.32421875,30.498046875,39.55078125,26.3671875,-35.15625,-21.97265625,-30.76171875,57.12890625,-23.1,-15.3,20.8,8.0,7.3,-9.7
8.505332749977242,8.508311874989886,21.390143431283498,14.260095620855665,-17.825119526069606,14.023170658678495,21.034755988017743,32.08521514692524,17.05078125,11.689453125,-14.23828125,15.29296875,22.236328125,30.673828125,39.55078125,26.3671875,-35.15625,-21.97265625,-30.76171875,57.12890625,-23.2,-15.3,20.8,8.0,7.9,-8.9
8.508343458990566,8.512218624993693,21.489354583976155,14.326236389317438,-17.907795486646826,13.955557517753789,20.93333627663068,32.234031875964234,17.138671875,11.77734375,-14.4140625,15.29296875,22.1484375,30.849609375,39.55078125,26.3671875,-30.76171875,-21.97265625,-30.76171875,57.12890625,-23.2,-15.3,20.8,8.8,7.9,-8.1
8.512252124986844,8.515281041996786,21.617394056055,14.411596037370002,-18.0144950467125,13.867284999927213,20.800927499890822,32.4260910840825,17.314453125,11.865234375,-14.501953125,15.205078125,21.97265625,31.025390625,39.55078125,26.3671875,-30.76171875,-21.97265625,-35.15625,57.12890625,-23.2,-15.3,20.8,8.0,7.1,-7.8
8.515316749981139,8.518301709002117,21.717166020107864,14.478110680071907,-18.097638350089856,13.797678193488485,20.69651729023273,32.575749030161795,17.490234375,11.953125,-14.58984375,15.1171875,21.884765625,31.201171875,39.55078125,26.3671875,-30.76171875,-21.97265625,-35.15625,57.12890625,-22.4,-15.3,20.8,8.8,6.4,-7.8
8.518332459003432,8.522211624978809,21.814800475638,14.543200317092,-18.179000396364998,13.728837782838204,20.593256674257308,32.722200713457,17.578125,12.041015625,-14.677734375,15.029296875,21.796875,31.376953125,39.55078125,26.3671875,-30.76171875,-21.97265625,-35.15625,48.33984375,-23.2,-15.3,20.8,8.8,7.2,-8.6
8.522245833999477,8.525207833998138,21.940669997397087,14.627113331598057,-18.28389166449754,13.638989616537412,20.45848442480612,32.91100499609563,17.75390625,12.12890625,-14.765625,14.94140625,21.708984375,31.46484375,39.55078125,26.3671875,-30.76171875,-21.97265625,-35.15625,48.33984375,-22.4,-15.1,20.8,8.0,8.0,-9.8
8.525229541992303,8.528365791979013,22.035994062687745,14.690662708458497,-18.36332838557312,13.570089070071788,20.35513360510768,33.053991094031616,17.841796875,12.216796875,-14.853515625,14.853515625,21.62109375,31.640625,39.55078125,26.3671875,-30.76171875,-21.97265625,-35.15625,48.33984375,-22.4,-15.1,20.8,8.8,8.0,-9.0
8.528421124996385,8.532278083992423,22.137327239634462,14.758218159756309,-18.447772699695413,13.496003694025434,20.24400554103815,33.205990859451695,17.9296875,12.3046875,-15.029296875,14.765625,21.4453125,31.81640625,39.55078125,26.3671875,-35.15625,-21.97265625,-30.76171875,48.33984375,-23.2,-14.3,20.0,8.8,7.2,-9.0
8.532321209000656,8.535286083992105,22.26024641667165,14.8401642777811,-18.550205347226402,13.404926618990414,20.10738992848562,33.39036962500747,18.10546875,12.392578125,-15.1171875,14.677734375,21.357421875,31.9921875,39.55078125,26.3671875,-35.15625,-21.97265625,-30.76171875,48.33984375,-22.4,-14.3,20.8,8.0,6.4,-8.7
8.5353231249901,8.538311041978886,22.354160549671583,14.902773699781058,-18.62846712472629,13.334411400404042,20.00161710060606,33.53124082450738,18.28125,12.48046875,-15.205078125,14.58984375,21.26953125,32.16796875,39.55078125,26.3671875,-35.15625,-21.97265625,-30.76171875,48.33984375,-21.6,-14.3,20.8,7.2,7.1,-8.7
8.538344333996065,8.541424499999266,22.44805148225778,14.96536765483852,-18.70670956854815,13.263077250680263,19.894615876020396,33.67207722338667,18.369140625,12.568359375,-15.380859375,14.58984375,21.181640625,32.34375,39.55078125,26.3671875,-35.15625,-21.97265625,-30.76171875,52.734375,-22.4,-14.3,20.0,8.0,7.1,-8.7
8.541478333994746,8.54534779198002,22.544769274540247,15.029846183026832,-18.78730772878351,13.188689304995583,19.783033957493377,33.81715391181037,18.45703125,12.65625,-15.380859375,14.501953125,21.09375,32.51953125,39.55078125,26.3671875,-35.15625,-21.97265625,-30.76171875,52.734375,-22.4,-14.3,20.8,8.8,7.9,-7.9
8.545399750000797,8.549260291998507,22.66479239976981,15.109861599846537,-18.88732699980817,13.09504680781124,19.642570211716862,33.997188599654706,18.6328125,12.65625,-15.556640625,14.4140625,20.91796875,32.6953125,39.55078125,26.3671875,-35.15625,-21.97265625,-30.76171875,52.734375,-21.5,-15.1,20.0,8.8,8.2,-7.9
8.549298708996503,8.552524124999763,22.783005296032695,15.188670197355128,-18.985837746693882,13.001313673242283,19.501970509863423,34.17450794404904,18.720703125,12.83203125,-15.732421875,14.326171875,20.7421875,32.87109375,35.15625,21.97265625,-30.76171875,-21.97265625,-35.15625,52.734375,-22.3,-14.3,19.2,8.0,6.6,-7.9
8.552598833979573,8.556244416977279,22.882166337668618,15.254777558445744,-19.068471948057205,12.92148508089263,19.382227621338945,34.32324950650292,18.896484375,12.919921875,-15.8203125,14.23828125,20.654296875,33.046875,35.15625,21.97265625,-30.76171875,-21.97265625,-35.15625,52.734375,-22.3,-14.3,19.2,8.8,7.1,-8.9
8.556279333977727,8.5592662919953,22.99176606284939,15.327844041899594,-19.159805052374516,12.83192052451581,19.247880786773717,34.48764909427409,18.984375,13.0078125,-15.908203125,14.150390625,20.56640625,33.22265625,35.15625,21.97265625,-30.76171875,-21.97265625,-35.15625,52.734375,-22.3,-14.3,19.2,8.8,7.9,-8.1
8.559299541986547,8.562262916995678,23.080907012093725,15.387271341395817,-19.234089176744796,12.7580008681945,19.13700130229175,34.621360518140584,19.072265625,13.0078125,-15.99609375,14.0625,20.478515625,33.3984375,35.15625,21.97265625,-30.76171875,-21.97265625,-35.15625,48.33984375,-22.3,-14.4,19.2,8.0,7.1,-8.1
8.562294709001435,8.565286958997604,23.16858625906001,15.445724172706672,-19.30715521588331,12.684315861212188,19.026473791818283,34.75287938859001,19.16015625,13.095703125,-16.083984375,14.0625,20.302734375,33.486328125,35.15625,21.97265625,-30.76171875,-21.97265625,-35.15625,48.33984375,-22.3,-14.4,19.0,8.8,7.2,-7.9
8.565324166993378,8.568351666996023,23.256524378991042,15.504349585994028,-19.380436982492505,12.609402958427935,18.914104437641903,34.88478656848656,19.3359375,13.18359375,-16.171875,13.974609375,20.21484375,33.662109375,35.15625,21.97265625,-30.76171875,-21.97265625,-35.15625,48.33984375,-21.5,-14.4,19.0,8.8,8.0,-7.9
8.568371500005014,8.572251999983564,23.344212414413068,15.562808276275378,-19.453510345344192,12.533657169001348,18.800485753502024,35.016318621619604,19.423828125,13.271484375,-16.259765625,13.88671875,20.126953125,33.75,35.15625,26.3671875,-30.76171875,-21.97265625,-30.76171875,48.33984375,-21.5,-13.6,19.0,9.6,8.0,-7.9
8.572272249992238,8.575311666994821,23.455311314732352,15.636874209821567,-19.546092762276984,12.436125213163542,18.654187819745317,35.18296697209853,19.51171875,13.359375,-16.34765625,13.798828125,19.951171875,33.92578125,35.15625,26.3671875,-30.76171875,-21.97265625,-30.76171875,48.33984375,-22.3,-13.6,19.0,9.0,8.1,-7.1
8.575332042004447,8.57929179200437,23.54154105338888,15.694360702259251,-19.617950877824065,12.359168888987366,18.53875333348105,35.312311580083325,19.599609375,13.447265625,-16.5234375,13.7109375,19.86328125,34.013671875,35.15625,26.3671875,-30.76171875,-21.97265625,-30.76171875,48.33984375,-22.3,-13.6,18.2,8.2,7.3,-7.1
8.579310291999718,8.583272499992745,23.65242453037961,15.76828302025307,-19.71035377531634,12.258518905090524,18.38777835763579,35.478636795569415,19.775390625,13.53515625,-16.611328125,13.623046875,19.775390625,34.189453125,35.15625,26.3671875,-30.76171875,-21.97265625,-30.76171875,39.55078125,-22.3,-13.5,19.0,8.8,8.1,-7.1
8.583290624985239,8.586336291977204,23.76194777098197,15.841298513987978,-19.801623142484942,12.15714441878319,18.23571662817479,35.64292165647295,19.951171875,13.623046875,-16.69921875,13.53515625,19.599609375,34.365234375,35.15625,26.3671875,-30.76171875,-21.97265625,-30.76171875,39.55078125,-21.6,-13.5,19.2,9.6,8.8,-8.1
8.586366417002864,8.590224833984394,23.84559152844659,15.897061018964395,-19.871326273705492,12.078347515282784,18.117521272924176,35.768387292669885,20.0390625,13.7109375,-16.787109375,13.447265625,19.423828125,34.453125,35.15625,26.3671875,-30.76171875,-26.3671875,-30.76171875,39.55078125,-21.6,-13.5,19.2,9.6,8.0,-9.7
8.590246249979828,8.593364583997754,23.94984701684473,15.966564677896486,-19.958205847370607,11.978381043899667,17.9675715658495,35.9247705252671,20.126953125,13.798828125,-16.875,13.359375,19.3359375,34.62890625,35.15625,21.97265625,-26.3671875,-26.3671875,-39.55078125,39.55078125,-21.6,-13.5,19.2,8.8,8.8,-8.9
8.593380666978192,8.596381999988807,24.033034311001618,16.022022874001077,-20.027528592501373,11.897156091666632,17.845734137499953,36.04955146650242,20.302734375,13.88671875,-16.962890625,13.271484375,19.16015625,34.716796875,35.15625,21.97265625,-26.3671875,-26.3671875,-39.55078125,39.55078125,-21.6,-12.7,19.2,9.6,7.2,-8.8
8.596404833981069,8.600301750004292,24.112402163842056,16.074934775894704,-20.0936684698684,11.8183954770695,17.727593215604248,36.16860324576309,20.390625,13.88671875,-17.05078125,13.18359375,19.072265625,34.892578125,35.15625,21.97265625,-26.3671875,-26.3671875,-39.55078125,39.55078125,-21.6,-13.5,19.2,9.6,8.0,-8.0
8.600319583987584,8.603347500000382,24.21381944579383,16.14254629719589,-20.178182871494858,11.715869739585587,17.57380460937838,36.32072916869075,20.56640625,13.974609375,-17.138671875,13.095703125,18.896484375,35.068359375,35.15625,21.97265625,-26.3671875,-26.3671875,-39.55078125,43.9453125,-20.8,-13.6,19.2,8.8,8.0,-8.0
8.603365916991606,8.60728124997695,24.291690197163195,16.194460131442128,-20.24307516430266,11.635643301035307,17.453464951552963,36.437535295744794,20.654296875,14.0625,-17.2265625,13.0078125,18.80859375,35.244140625,35.15625,21.97265625,-26.3671875,-26.3671875,-39.55078125,43.9453125,-20.7,-13.6,19.2,9.6,7.1,-7.1
8.607297291979194,8.611277999996673,24.390805573322123,16.260537048881414,-20.325671311101793,11.531536887161002,17.2973053307415,36.58620835998318,20.830078125,14.150390625,-17.314453125,12.83203125,18.6328125,35.33203125,35.15625,21.97265625,-26.3671875,-26.3671875,-39.55078125,43.9453125,-20.7,-12.8,19.2,8.8,7.1,-8.7
8.611292833986226,8.61435370898107,24.48992119983341,16.326614133222275,-20.40826766652782,11.425074288398939,17.13761143259841,36.73488179975012,21.005859375,14.23828125,-17.490234375,12.744140625,18.45703125,35.5078125,35.15625,21.97265625,-26.3671875,-26.3671875,-35.15625,43.9453125,-19.9,-12.8,18.4,8.0,7.9,-7.2
8.614368416980142,8.618258292000974,24.565087818324063,16.37672521221604,-20.470906515270023,11.34267588045533,17.014013820682994,36.847631727486096,21.09375,14.4140625,-17.578125,12.65625,18.369140625,35.68359375,35.15625,21.97265625,-26.3671875,-26.3671875,-35.15625,43.9453125,-19.9,-12.0,18.4,8.8,8.1,-6.4
8.618272666994017,8.621272624994162,24.65907198204926,16.439381321366174,-20.549226651707716,11.237518360311247,16.85627754046687,36.98860797307389,21.181640625,14.4140625,-17.666015625,12.568359375,18.193359375,35.771484375,35.15625,21.97265625,-26.3671875,-26.3671875,-35.15625,39.55078125,-20.7,-12.8,18.4,8.8,8.1,-7.2
8.621289167000214,8.624283583980286,24.73057188745265,16.487047924968433,-20.608809906210542,11.155846859682995,16.733770289524493,37.095857831178975,21.26953125,14.501953125,-17.75390625,12.48046875,18.193359375,35.947265625,35.15625,21.97265625,-26.3671875,-26.3671875,-35.15625,39.55078125,-19.9,-11.9,18.3,8.0,8.1,-7.2
8.624298624985386,8.627381291997153,24.80092438855694,16.533949592371293,-20.66743699046409,11.073999725013316,16.61099958751997,37.20138658283541,21.4453125,14.58984375,-17.841796875,12.392578125,18.017578125,36.03515625,35.15625,21.97265625,-26.3671875,-26.3671875,-35.15625,39.55078125,-19.9,-11.9,17.5,8.0,8.0,-7.2
8.627396249998128,8.631254291976802,24.872303129831295,16.58153541988753,-20.726919274859434,10.989375384590977,16.484063076886468,37.30845469474694,21.533203125,14.677734375,-17.9296875,12.392578125,17.9296875,36.123046875,35.15625,21.97265625,-30.76171875,-26.3671875,-35.15625,39.55078125,-19.9,-11.9,17.5,8.8,8.8,-8.0
8.631272083992371,8.634387833997607,24.960117000079837,16.640078000053226,-20.800097500066506,10.882953649239456,16.32443047385918,37.440175500119764,21.62109375,14.765625,-18.017578125,12.216796875,17.75390625,36.298828125,35.15625,21.97265625,-30.76171875,-26.3671875,-39.55078125,39.55078125,-19.9,-11.9,17.5,8.8,8.8,-6.3
8.634405624994542,8.638250749994768,25.029881040882934,16.68658736058862,-20.8582342007358,10.796480891397593,16.194721337096393,37.5448215613244,21.708984375,14.853515625,-18.10546875,12.12890625,17.666015625,36.38671875,35.15625,21.97265625,-30.76171875,-26.3671875,-39.55078125,39.55078125,-19.9,-11.1,17.5,8.0,8.8,-6.3
8.63826545898337,8.641360166977393,25.114281235745864,16.742854157163908,-20.92856769645491,10.689439269505003,16.034158904257506,37.6714218536188,21.884765625,14.853515625,-18.193359375,12.12890625,17.490234375,36.5625,35.15625,21.97265625,-30.76171875,-26.3671875,-39.55078125,35.15625,-19.1,-11.9,17.5,9.6,9.6,-6.3
8.641377958992962,8.64529274997767,25.181092276919234,16.787394851279487,-20.984243564099362,10.602704269402757,15.904056404104136,37.771638415378845,21.97265625,14.94140625,-18.28125,12.041015625,17.40234375,36.650390625,35.15625,21.97265625,-30.76171875,-26.3671875,-39.55078125,35.15625,-19.1,-11.9,17.5,9.6,9.6,-7.3
8.645310166990384,8.648448833992006,25.263886029623325,16.84259068641555,-21.053238358019435,10.49259889210644,15.73889833815966,37.89582904443499,22.1484375,15.029296875,-18.369140625,11.953125,17.138671875,36.73828125,35.15625,21.97265625,-30.76171875,-21.97265625,-39.55078125,35.15625,-18.3,-11.1,17.5,9.6,9.0,-8.1
8.648466583981644,8.652276791981421,25.329027865937558,16.886018577291704,-21.107523221614628,10.40379514334534,15.60569271501801,37.993541798906335,22.1484375,15.1171875,-18.45703125,11.865234375,17.05078125,36.9140625,30.76171875,21.97265625,-26.3671875,-21.97265625,-39.55078125,35.15625,-19.1,-11.1,16.7,8.8,8.2,-6.5
8.652294708997943,8.655423249991145,25.406439286599742,16.937626191066496,-21.172032738833117,10.295596836199564,15.443395254299347,38.10965892989962,22.32421875,15.205078125,-18.544921875,11.689453125,16.875,37.001953125,30.76171875,21.97265625,-26.3671875,-21.97265625,-39.55078125,35.15625,-18.3,-11.1,16.7,8.8,7.8,-6.3
8.655450749996817,8.659272416989552,25.46893252574033,16.979288350493555,-21.22411043811694,10.205990540648276,15.308985810972413,38.20339878861049,22.412109375,15.205078125,-18.720703125,11.689453125,16.69921875,37.08984375,30.76171875,21.97265625,-26.3671875,-21.97265625,-39.55078125,35.15625,-18.3,-11.1,15.9,9.6,7.8,-7.1
8.65928999998141,8.662384166993434,25.54331855356165,17.02887903570777,-21.286098794634707,10.096502029269368,15.14475304390405,38.31497783034248,22.587890625,15.29296875,-18.80859375,11.6015625,16.5234375,37.265625,30.76171875,21.97265625,-26.3671875,-21.97265625,-39.55078125,35.15625,-18.3,-11.1,15.9,10.7,7.8,-6.3
8.662411500001326,8.666248958994402,25.60246135935915,17.0683075729061,-21.335384466132624,10.007096294209513,15.010644441314268,38.40369203903873,22.67578125,15.380859375,-18.896484375,11.513671875,16.435546875,37.353515625,30.76171875,21.97265625,-26.3671875,-21.97265625,-39.55078125,35.15625,-17.4,-11.1,15.8,9.9,8.9,-6.5
8.66626883400022,8.66942387499148,25.67387223146835,17.1159148209789,-21.394893526223647,9.896144480236112,14.844216720354165,38.51080834720252,22.763671875,15.46875,-18.984375,11.337890625,16.259765625,37.44140625,30.76171875,21.97265625,-26.3671875,-26.3671875,-39.55078125,35.15625,-18.2,-10.3,15.8,9.9,8.9,-6.5
8.669442541984608,8.673267916979967,25.731226257920834,17.15415083861389,-21.442688548267334,9.804472957123394,14.706709435685092,38.59683938688125,22.8515625,15.556640625,-19.072265625,11.337890625,16.083984375,37.529296875,35.15625,21.97265625,-26.3671875,-26.3671875,-43.9453125,35.15625,-17.4,-10.3,15.8,10.4,7.3,-6.5
8.673285458993632,8.676401459000772,25.798964049139272,17.19930936609285,-21.49913670761608,9.693016892904968,14.539525339357452,38.698446073708915,22.939453125,15.556640625,-19.072265625,11.162109375,15.908203125,37.705078125,35.15625,21.97265625,-26.3671875,-26.3671875,-43.9453125,35.15625,-18.2,-10.3,15.8,8.8,7.1,-5.5
8.676426749996608,8.68022516698693,25.85293044363156,17.235286962421043,-21.544108703026318,9.601546952706938,14.402320429060406,38.77939566544734,23.115234375,15.64453125,-19.16015625,11.07421875,15.8203125,37.705078125,35.15625,21.97265625,-26.3671875,-26.3671875,-43.9453125,35.15625,-16.6,-10.3,15.8,8.8,8.7,-6.3
8.680244958988624,8.683335084002465,25.916809291163723,17.277872860775815,-21.597341075969787,9.489935339944413,14.23490300991662,38.87521393674558,23.203125,15.732421875,-19.248046875,10.986328125,15.64453125,37.880859375,35.15625,21.97265625,-26.3671875,-26.3671875,-43.9453125,30.76171875,-16.6,-10.2,15.8,9.6,8.7,-5.5
8.68338025000412,8.687163166992832,25.967842199895905,17.311894799930602,-21.63986849991323,9.397940077779284,14.096910116668926,38.951763299843854,23.291015625,15.732421875,-19.3359375,10.8984375,15.556640625,37.96875,35.15625,21.97265625,-26.3671875,-26.3671875,-43.9453125,30.76171875,-16.7,-10.2,15.1,10.4,8.9,-5.6
8.687183542002458,8.690384958987124,26.02801304286198,17.35200869524132,-21.69001086905167,9.285934687446376,13.928902031169564,39.042019564292964,23.37890625,15.8203125,-19.423828125,10.810546875,15.380859375,38.056640625,35.15625,17.578125,-21.97265625,-26.3671875,-43.9453125,30.76171875,-16.7,-10.2,15.1,9.6,8.9,-5.6
8.690404458990088,8.693267541995738,26.077470556234836,17.38498037082322,-21.73122546352903,9.19073657178511,13.786104857677666,39.11620583435225,23.466796875,15.908203125,-19.51171875,10.72265625,15.29296875,38.14453125,26.3671875,17.578125,-21.97265625,-26.3671875,-39.55078125,30.76171875,-16.7,-9.4,15.1,9.6,9.7,-5.6
8.693289208982605,8.697219708992634,26.12058954354189,17.41372636236126,-21.767157952951553,9.105213016430314,13.657819524645472,39.18088431531284,23.5546875,15.99609375,-19.599609375,10.634765625,15.1171875,38.232421875,26.3671875,17.578125,-21.97265625,-26.3671875,-39.55078125,30.76171875,-16.7,-8.6,14.3,9.6,9.7,-5.6
8.697237624990521,8.700336583977332,26.177791164869188,17.45186077657946,-21.81482597072432,8.987764690137325,13.481647035205986,39.26668674730378,23.642578125,15.99609375,-19.6875,10.546875,14.94140625,38.3203125,26.3671875,17.578125,-21.97265625,-26.3671875,-39.55078125,26.3671875,-16.7,-9.4,14.3,10.4,8.9,-5.6
8.700353208987508,8.704293499991763,26.22143490273688,17.480956601824587,-21.85119575228073,8.894778989441763,13.342168484162647,39.33215235410532,23.818359375,16.083984375,-19.775390625,10.37109375,14.853515625,38.3203125,26.3671875,17.578125,-21.97265625,-26.3671875,-39.55078125,26.3671875,-15.1,-8.7,14.3,8.8,9.7,-6.4
8.70430858398322,8.707368458999554,26.274930996996844,17.51662066466456,-21.8957758308307,8.776346330591966,13.16451949588795,39.412396495495265,23.90625,16.171875,-19.86328125,10.283203125,14.58984375,38.408203125,26.3671875,17.578125,-21.97265625,-30.76171875,-39.55078125,26.3671875,-15.1,-8.7,13.5,8.8,8.7,-6.4
8.70738325000275,8.71125354198739,26.315027798946684,17.543351865964457,-21.929189832455585,8.683996340403914,13.025994510605871,39.472541698420024,23.90625,16.171875,-19.86328125,10.1953125,14.4140625,38.583984375,26.3671875,17.578125,-21.97265625,-30.76171875,-48.33984375,26.3671875,-15.9,-8.7,14.3,9.6,7.1,-4.8
8.711268333980115,8.71437174998573,26.363818490967706,17.57587899397847,-21.96984874247307,8.56695641413962,12.85043462120943,39.54572773645156,23.994140625,16.259765625,-19.951171875,10.107421875,14.326171875,38.671875,30.76171875,17.578125,-21.97265625,-30.76171875,-48.33984375,26.3671875,-15.9,-8.7,14.3,10.4,7.9,-4.6
8.714388708991464,8.718307458999334,26.40148002185238,17.600986681234918,-22.001233351543647,8.472680784368194,12.709021176552294,39.60222003277857,24.08203125,16.34765625,-20.0390625,10.01953125,14.150390625,38.671875,30.76171875,17.578125,-21.97265625,-30.76171875,-48.33984375,26.3671875,-15.1,-7.9,13.5,9.6,8.6,-5.4
8.718326083995635,8.722238208982162,26.447049652272497,17.631366434848328,-22.03920804356041,8.35338657105842,12.530079856587632,39.670574478408746,24.2578125,16.34765625,-20.126953125,9.84375,13.974609375,38.759765625,30.76171875,17.578125,-21.97265625,-30.76171875,-48.33984375,21.97265625,-14.3,-8.8,13.5,9.6,8.6,-5.4
8.72225612498005,8.725343500002054,26.49034727972742,17.66023151981828,-22.07528939977285,8.233956245710043,12.350934368565065,39.73552091959113,24.345703125,16.435546875,-20.21484375,9.755859375,13.798828125,38.84765625,30.76171875,17.578125,-21.97265625,-30.76171875,-48.33984375,21.97265625,-14.2,-8.0,12.6,10.4,7.2,-4.8
8.7253614589863,8.729217999993125,26.52300375901632,17.682002506010875,-22.10250313251362,8.139344876700704,12.209017315051058,39.78450563852448,24.43359375,16.5234375,-20.302734375,9.66796875,13.7109375,38.84765625,30.76171875,17.578125,-21.97265625,-26.3671875,-48.33984375,21.97265625,-14.2,-7.2,12.6,10.4,8.0,-5.6
8.729235666978639,8.73237195899128,26.561809195318947,17.707872796879297,-22.13484099609914,8.021019603499102,12.031529405248653,39.842713792978415,24.521484375,16.5234375,-20.302734375,9.580078125,13.53515625,38.935546875,21.97265625,17.578125,-21.97265625,-26.3671875,-39.55078125,21.97265625,-13.4,-8.0,12.6,9.6,9.6,-5.6
8.73238920897711,8.736209166992921,26.591800182231964,17.72786678815464,-22.159833485193282,7.9244781764063665,11.886717264609551,39.887700273347946,24.609375,16.611328125,-20.390625,9.4921875,13.447265625,39.0234375,21.97265625,17.578125,-21.97265625,-26.3671875,-39.55078125,21.97265625,-13.4,-7.2,12.6,10.4,10.7,-4.9
8.7362262919778,8.739308583986713,26.626349274336174,17.750899516224116,-22.188624395280126,7.806749637156542,11.710124455734814,39.93952391150426,24.609375,16.611328125,-20.478515625,9.404296875,13.271484375,39.111328125,21.97265625,17.578125,-21.97265625,-26.3671875,-39.55078125,17.578125,-14.2,-8.0,11.8,11.2,10.7,-4.9
8.73932604197762,8.743242208991433,26.652694431638995,17.768462954425996,-22.210578693032495,7.711443899108772,11.56716584866316,39.97904164745849,24.697265625,16.69921875,-20.56640625,9.228515625,13.095703125,39.111328125,21.97265625,17.578125,-21.97265625,-26.3671875,-39.55078125,17.578125,-13.4,-7.0,11.8,10.4,10.7,-4.9
8.743259374983609,8.746358374977717,26.684100504708706,17.789400336472468,-22.236750420590568,7.5902650329504215,11.385397549425633,40.02615075706306,24.78515625,16.69921875,-20.654296875,9.140625,12.919921875,39.19921875,21.97265625,17.578125,-21.97265625,-30.76171875,-39.55078125,17.578125,-13.5,-7.0,11.1,9.6,9.6,-4.7
8.7463754999917,8.750283458997728,26.707367016658004,17.80491134443867,-22.256139180548335,7.494079670330771,11.241119505496156,40.061050524987,24.873046875,16.787109375,-20.654296875,9.052734375,12.83203125,39.287109375,21.97265625,13.18359375,-17.578125,-30.76171875,-39.55078125,17.578125,-12.7,-6.2,11.1,10.4,8.8,-3.9
8.750305166991893,8.75434858398512,26.734663197056772,17.82310879803785,-22.278885997547295,7.372565924399124,11.058848886598685,40.101994795585156,24.9609375,16.875,-20.7421875,8.876953125,12.65625,39.287109375,26.3671875,13.18359375,-17.578125,-30.76171875,-43.9453125,17.578125,-12.7,-6.2,11.1,10.4,8.8,-4.8
8.754389999987325,8.758270749996882,26.760608509083443,17.840405672722294,-22.30050709090285,7.246014888875682,10.869022333313522,40.14091276362516,25.048828125,16.875,-20.830078125,8.7890625,12.392578125,39.375,26.3671875,13.18359375,-17.578125,-30.76171875,-43.9453125,17.578125,-11.9,-6.2,10.3,10.4,8.7,-4.0
8.758300874993438,8.761264125001617,26.78311829543888,17.855412196959254,-22.319265246199052,7.124642432606669,10.686963648910003,40.17467744315832,25.13671875,16.875,-20.830078125,8.701171875,12.3046875,39.375,26.3671875,13.18359375,-17.578125,-30.76171875,-43.9453125,13.18359375,-11.9,-6.3,11.1,9.6,10.3,-4.8
8.761291749979137,8.764174124982674,26.7987881085343,17.86585873902287,-22.332323423778572,7.031693593024149,10.547540389536222,40.19818216280145,25.13671875,16.962890625,-20.91796875,8.61328125,12.12890625,39.462890625,26.3671875,13.18359375,-17.578125,-30.76171875,-43.9453125,13.18359375,-11.9,-5.5,10.2,10.4,8.8,-3.9
8.76419795898255,8.767208208999364,26.812727431859393,17.875151621239592,-22.343939526549473,6.941277674281493,10.411916511422241,40.21909114778909,25.224609375,16.962890625,-20.91796875,8.525390625,11.953125,39.462890625,26.3671875,13.18359375,-17.578125,-30.76171875,-43.9453125,13.18359375,-10.9,-5.5,10.2,10.4,8.8,-3.9
8.767239874985535,8.770266874984372,26.825954978762347,17.883969985841563,-22.35496248230194,6.846543903504704,10.269815855257058,40.238932468143524,25.3125,17.05078125,-21.005859375,8.4375,11.865234375,39.462890625,26.3671875,8.7890625,-13.18359375,-30.76171875,-43.9453125,13.18359375,-10.9,-4.7,9.4,11.2,9.6,-4.7
8.770294999994803,8.773282708978513,26.83783313334144,17.891888755560963,-22.364860944451202,6.7513084005978365,10.126962600896753,40.25674970001216,25.3125,17.05078125,-21.005859375,8.26171875,11.689453125,39.462890625,17.578125,8.7890625,-13.18359375,-30.76171875,-43.9453125,13.18359375,-10.9,-4.7,9.4,9.6,9.6,-4.9
8.773310708987992,8.7762634169776,26.848171582678276,17.89878105511885,-22.37347631889856,6.657221082787975,9.985831624181962,40.272257374017414,25.400390625,17.05078125,-21.09375,8.173828125,11.6015625,39.55078125,17.578125,8.7890625,-13.18359375,-30.76171875,-43.9453125,13.18359375,-10.1,-5.5,9.4,9.6,10.6,-4.1
8.776288416993339,8.779262916999869,26.857024798275212,17.90468319885014,-22.380853998562674,6.5642489880508315,9.846373482076249,40.285537197412815,25.48828125,17.138671875,-21.09375,8.0859375,11.42578125,39.55078125,17.578125,8.7890625,-13.18359375,-30.76171875,-43.9453125,8.7890625,-9.3,-4.7,9.4,9.6,10.6,-4.1
8.779294958978426,8.782263041997794,26.864594514559617,17.90972967637308,-22.38716209546636,6.470313858274241,9.705470787411361,40.29689177183943,25.48828125,17.138671875,-21.181640625,7.998046875,11.337890625,39.55078125,17.578125,8.7890625,-13.18359375,-30.76171875,-43.9453125,8.7890625,-10.1,-4.6,8.6,10.4,9.8,-4.1
8.782282708998537,8.785374041995965,26.870750944990185,17.91383396332679,-22.392292454158486,6.376911560980405,9.565367341470605,40.306126417485274,25.576171875,17.138671875,-21.181640625,7.91015625,11.162109375,39.638671875,17.578125,8.7890625,-13.18359375,-30.76171875,-43.9453125,8.7890625,-9.4,-4.6,8.6,10.4,9.4,-3.1
8.785391874989728,8.789243334002094,26.875708710884417,17.917139140589615,-22.396423925737,6.279664956796466,9.419497435194698,40.31356306632663,25.6640625,17.2265625,-21.181640625,7.822265625,10.986328125,39.638671875,17.578125,8.7890625,-13.18359375,-30.76171875,-43.9453125,8.7890625,-8.6,-3.8,8.6,9.6,9.4,-3.9
8.789276875002543,8.793218584003625,26.87982238620013,17.919881590800088,-22.399851988500107,6.158096562696263,9.237144844044394,40.3197335793002,25.6640625,17.2265625,-21.26953125,7.646484375,10.72265625,39.638671875,17.578125,13.18359375,-17.578125,-30.76171875,-48.33984375,8.7890625,-8.6,-3.8,7.8,9.6,9.4,-3.9
8.793244375003269,8.79637445899425,26.881632129122636,17.92108808608176,-22.40136010760221,6.033900433554253,9.050850650331379,40.32244819368395,25.751953125,17.2265625,-21.26953125,7.55859375,10.634765625,39.638671875,17.578125,13.18359375,-17.578125,-30.76171875,-48.33984375,8.7890625,-7.8,-3.8,7.8,10.4,10.6,-4.0
8.796399124985328,8.800232124980539,26.881343240496705,17.920895493664467,-22.401119367080575,5.935125743262599,8.9026886148939,40.32201486074506,25.751953125,17.2265625,-21.357421875,7.470703125,10.458984375,39.638671875,17.578125,13.18359375,-17.578125,-30.76171875,-48.33984375,4.39453125,-7.8,-3.8,7.0,10.4,10.6,-4.0
8.800252458982868,8.803403541998705,26.87891018685814,17.919273457905426,-22.399091822381767,5.814469593311444,8.721704389967165,40.31836528028722,25.751953125,17.314453125,-21.357421875,7.3828125,10.1953125,39.638671875,17.578125,13.18359375,-17.578125,-30.76171875,-48.33984375,4.39453125,-7.8,-3.0,7.0,9.6,9.8,-4.0
8.803422291995957,8.80722595899715,26.875191470744262,17.91679431382951,-22.3959928922869,5.7152199543192905,8.572829931478935,40.31278720611639,25.83984375,17.314453125,-21.4453125,7.294921875,10.107421875,39.638671875,17.578125,13.18359375,-17.578125,-30.76171875,-48.33984375,4.39453125,-7.0,-3.0,6.2,10.4,8.6,-4.0
8.807244583993452,8.810327916988172,26.86864319509774,17.912428796731827,-22.390535995914767,5.595562335772837,8.393343503659256,40.30296479264661,25.83984375,17.314453125,-21.4453125,7.119140625,9.84375,39.638671875,8.7890625,4.39453125,-8.7890625,-30.76171875,-52.734375,4.39453125,-7.0,-3.0,6.2,10.4,7.8,-4.0
8.81035187499947,8.814125125005376,26.86165523383248,17.907770155888322,-22.38471269486039,5.498316460073677,8.247474690110515,40.292482850748726,25.927734375,17.314453125,-21.4453125,7.03125,9.755859375,39.638671875,8.7890625,4.39453125,-8.7890625,-30.76171875,-52.734375,4.39453125,-6.2,-3.0,6.2,10.4,9.4,-4.0
8.81414262499311,8.817313749983441,26.851107067140784,17.900738044760523,-22.37592255595065,5.379730662540837,8.069595993811255,40.276660600711175,25.927734375,17.40234375,-21.533203125,6.943359375,9.4921875,39.638671875,8.7890625,4.39453125,-8.7890625,-30.76171875,-52.734375,4.39453125,-6.2,-2.2,5.4,9.6,8.9,-3.2
8.817330249992665,8.821209416986676,26.84051504874798,17.893676699165322,-22.36709587395664,5.280066685263616,7.920100027895424,40.260772573121976,26.015625,17.40234375,-21.533203125,6.767578125,9.404296875,39.7265625,8.7890625,4.39453125,-8.7890625,-30.76171875,-52.734375,0.0,-5.4,-2.2,5.4,8.8,8.1,-2.4
8.821230375004234,8.82430779200513,26.825414511122634,17.883609674081754,-22.354512092602192,5.158209475293604,7.737314212940406,40.23812176668395,26.015625,17.40234375,-21.533203125,6.6796875,9.228515625,39.7265625,8.7890625,4.39453125,-8.7890625,-30.76171875,-52.734375,0.0,-5.3,-2.3,5.4,9.6,7.8,-2.2
8.824322458996903,8.828222833981272,26.811767673829408,17.87451178255294,-22.343139728191183,5.061676466830808,7.592514700246212,40.217651510744105,26.015625,17.40234375,-21.533203125,6.591796875,9.052734375,39.7265625,8.7890625,4.39453125,-8.7890625,-35.15625,-52.734375,0.0,-5.3,-2.3,5.4,10.4,8.6,-2.2
8.828240499977255,8.831339416996343,26.792347746515,17.861565164343332,-22.32695645542915,4.939472215839536,7.409208323759304,40.188521619772494,26.103515625,17.40234375,-21.533203125,6.50390625,8.876953125,39.7265625,8.7890625,4.39453125,-4.39453125,-35.15625,-43.9453125,0.0,-4.5,-2.3,5.4,9.6,9.4,-2.2
8.831382709002355,8.835234041995136,26.775054940655718,17.850036627103812,-22.312545783879774,4.8415711491337365,7.262356723700605,40.162582410983575,26.103515625,17.40234375,-21.533203125,6.416015625,8.7890625,39.7265625,8.7890625,4.39453125,-4.39453125,-35.15625,-43.9453125,0.0,-4.5,-2.3,5.4,10.4,10.7,-2.4
8.835251666983822,8.838333166990196,26.751662349220318,17.83444156614688,-22.29305195768361,4.721171372298518,7.081757058447778,40.12749352383047,26.103515625,17.40234375,-21.62109375,6.328125,8.61328125,39.7265625,8.7890625,4.39453125,-4.39453125,-35.15625,-43.9453125,0.0,-3.7,-2.3,3.8,10.4,9.1,-1.6
8.8383503749792,8.84226237499388,26.73125614974563,17.820837433163753,-22.276046791454686,4.62486825358734,6.937302380381011,40.09688422461844,26.103515625,17.40234375,-21.62109375,6.15234375,8.4375,39.7265625,8.7890625,4.39453125,-4.39453125,-35.15625,-43.9453125,4.39453125,-3.7,-1.5,3.8,10.6,9.1,-1.6
8.842282416997477,8.845378583995625,26.70322464200158,17.802149761334384,-22.25268720166798,4.502845416588566,6.7542681248828496,40.054836963002366,26.19140625,17.40234375,-21.62109375,6.064453125,8.26171875,39.7265625,8.7890625,4.39453125,-4.39453125,-26.3671875,-43.9453125,4.39453125,-2.9,-1.5,3.8,9.8,8.7,-0.7
8.845396666991292,8.849237249989528,26.679328109837453,17.786218739891634,-22.232773424864558,4.406355410114477,6.6095331151717165,40.01899216475618,26.19140625,17.40234375,-21.62109375,5.9765625,8.0859375,39.7265625,8.7890625,0.0,-4.39453125,-26.3671875,-43.9453125,4.39453125,-2.9,-1.5,3.8,10.6,8.7,-0.7
8.84925524998107,8.852341249992605,26.64764434331751,17.765096228878342,-22.206370286097922,4.287008809317752,6.430513213976627,39.971466514976264,26.19140625,17.490234375,-21.708984375,5.80078125,7.91015625,39.7265625,8.7890625,0.0,-4.39453125,-26.3671875,-43.9453125,4.39453125,-2.9,-0.7,3.0,10.4,8.7,-0.7
8.852358374977484,8.856226125004468,26.62049934593019,17.746999563953462,-22.183749454941836,4.191205513503956,6.286808270255935,39.93074901889529,26.19140625,17.490234375,-21.708984375,5.712890625,7.822265625,39.7265625,8.7890625,0.0,-4.39453125,-26.3671875,-43.9453125,4.39453125,-2.1,-0.7,3.0,10.4,9.6,0.2
8.856246124982135,8.859356874978403,26.584400071562417,17.722933381041614,-22.153666726302014,4.071417102318543,6.107125653477814,39.87660010734363,26.19140625,17.490234375,-21.708984375,5.537109375,7.646484375,39.7265625,8.7890625,0.0,-4.39453125,-26.3671875,-43.9453125,0.0,-2.1,-0.7,2.2,8.8,9.6,0.2
8.859390666999388,8.86333762499271,26.553503676391305,17.702335784260868,-22.127919730326095,3.9747348187362466,5.962102228104371,39.83025551458696,26.19140625,17.490234375,-21.796875,5.44921875,7.470703125,39.7265625,8.7890625,0.0,-4.39453125,-26.3671875,-43.9453125,0.0,-2.1,-0.7,1.3,9.6,8.0,-0.0
8.863379166985396,8.867262749990914,26.512134895665348,17.67475659711023,-22.093445746387786,3.852387184800217,5.778580777200326,39.76820234349802,26.279296875,17.490234375,-21.796875,5.361328125,7.294921875,39.7265625,8.7890625,0.0,-4.39453125,-35.15625,-43.9453125,0.0,-0.6,0.1,1.3,10.4,7.8,-0.0
8.86729633397772,8.87113616699935,26.469138381108525,17.646092254072354,-22.057615317590432,3.732554594899453,5.598831892349179,39.7037075716628,26.279296875,17.490234375,-21.796875,5.185546875,7.119140625,39.7265625,4.39453125,4.39453125,-8.7890625,-35.15625,-48.33984375,0.0,-0.6,0.1,1.3,9.6,8.6,-0.0
8.871166750002885,8.874163208995014,26.424356861877037,17.616237907918023,-22.02029738489753,3.6144898637348892,5.421734795602334,39.63653529281555,26.279296875,17.490234375,-21.796875,5.009765625,6.943359375,39.7265625,4.39453125,4.39453125,-8.7890625,-35.15625,-48.33984375,0.0,-0.6,0.1,0.5,8.0,9.8,-0.0
8.874186500004726,8.877168084000004,26.387835587695758,17.59189039179717,-21.989862989746463,3.522619622800086,5.28392943420013,39.581753381543635,26.279296875,17.490234375,-21.796875,4.921875,6.85546875,39.7265625,4.39453125,4.39453125,-8.7890625,-35.15625,-48.33984375,0.0,0.2,0.1,0.5,8.8,9.0,-0.0
8.877192874992033,8.880157666979358,26.350102143359695,17.566734762239797,-21.958418452799744,3.431379815141617,5.147069722712425,39.525153215039545,26.19140625,17.490234375,-21.796875,4.74609375,6.767578125,39.7265625,4.39453125,4.39453125,-8.7890625,-35.15625,-48.33984375,0.0,-0.6,0.1,0.5,7.8,9.0,-0.0
8.880180249980185,8.883205291989725,26.311252780142702,17.5408351867618,-21.92604398345226,3.3409463770129237,5.011419565519385,39.46687917021406,26.19140625,17.490234375,-21.796875,4.74609375,6.591796875,39.7265625,4.39453125,4.39453125,-8.7890625,-35.15625,-48.33984375,0.0,-0.6,0.1,-0.2,9.4,9.0,-0.0
8.883238209004048,8.886304999992717,26.2700910382537,17.513394025502468,-21.891742531878073,3.248622555981874,4.8729338339728105,39.405136557380544,26.19140625,17.490234375,-21.796875,4.5703125,6.416015625,39.7265625,4.39453125,4.39453125,-8.7890625,-35.15625,-48.33984375,0.0,0.2,0.1,-0.2,7.8,9.6,-0.0
8.886341417004587,8.890261666994775,26.226882250440514,17.484588166960346,-21.85573520870044,3.1551968982244363,4.732795347336654,39.34032337566077,26.19140625,17.490234375,-21.796875,4.482421875,6.328125,39.7265625,4.39453125,0.0,0.0,-35.15625,-39.55078125,0.0,0.2,0.1,-0.2,7.8,10.4,-0.0
8.890295458986657,8.893273499998031,26.16973503722816,17.44649002481877,-21.808112531023465,3.036556966148955,4.554835449223433,39.25460255584224,26.19140625,17.490234375,-21.884765625,4.39453125,6.15234375,39.7265625,-4.39453125,0.0,0.0,-35.15625,-39.55078125,0.0,0.2,0.1,-0.2,8.8,10.5,0.9
8.893299541989109,8.896225999982562,26.12475641548639,17.416504276990928,-21.770630346238665,2.9467321122450723,4.420098168367608,39.18713462322959,26.19140625,17.490234375,-21.884765625,4.306640625,5.9765625,39.7265625,-4.39453125,0.0,0.0,-35.15625,-39.55078125,0.0,0.2,0.1,-0.2,8.8,8.9,0.9
8.896256916981656,8.899661916977493,26.079165420752947,17.386110280501963,-21.732637850627448,2.858576316946234,4.287864475419351,39.11874813112942,26.19140625,17.490234375,-21.884765625,4.21875,5.80078125,39.7265625,-4.39453125,0.0,0.0,-35.15625,-39.55078125,0.0,0.2,0.1,-0.2,8.8,8.9,2.5
8.899700291978661,8.903276333992835,26.024448543554243,17.349632362369498,-21.687040452961867,2.75628519697428,4.13442779546142,39.036672815331364,26.19140625,17.490234375,-21.884765625,4.04296875,5.712890625,39.7265625,-4.39453125,0.0,0.0,-35.15625,-39.55078125,0.0,0.2,-0.0,0.0,8.0,9.7,3.5
8.903302499995334,8.907222958980128,25.965334333769096,17.310222889179393,-21.63777861147424,2.6496943452459476,3.974541517868922,38.94800150065364,26.19140625,17.490234375,-21.884765625,4.04296875,5.537109375,39.7265625,-4.39453125,0.0,0.0,-30.76171875,-39.55078125,0.0,-0.0,-0.0,0.0,8.0,10.3,4.3
8.907241791981505,8.910369624994928,25.898505983719456,17.26567065581297,-21.582088319766207,2.533636535470043,3.800454803205064,38.84775897557918,26.19140625,17.490234375,-21.884765625,3.8671875,5.361328125,39.7265625,0.0,0.0,-4.39453125,-30.76171875,-48.33984375,0.0,-0.0,-0.0,0.0,8.0,10.3,5.1
8.910387833981076,8.914220209000632,25.843505251609525,17.22900350107302,-21.53625437634128,2.441342588019748,3.6620138820296217,38.76525787741429,26.19140625,17.490234375,-21.884765625,3.779296875,5.185546875,39.7265625,0.0,0.0,-4.39453125,-30.76171875,-48.33984375,0.0,-0.0,-0.0,0.0,8.0,10.5,5.0
8.914242958999239,8.918270916998154,25.774145216318647,17.182763477545762,-21.478454346932203,2.3287386384664033,3.493107957699605,38.661217824477966,26.19140625,17.490234375,-21.884765625,3.69140625,5.009765625,39.7265625,0.0,0.0,-4.39453125,-30.76171875,-48.33984375,0.0,-0.0,-0.0,0.0,8.8,9.7,6.6
8.918312249996234,8.922227417002432,25.698599989371736,17.13239999291449,-21.415499991143115,2.2104857743102384,3.315728661465358,38.5478999840576,26.19140625,17.490234375,-21.884765625,3.603515625,4.74609375,39.7265625,0.0,0.0,-4.39453125,-30.76171875,-48.33984375,0.0,-0.0,-0.0,0.0,8.0,8.1,7.4
8.922266124980524,8.925186833977932,25.622917601449256,17.081945067632837,-21.35243133454104,2.0962033648084204,3.144305047212631,38.43437640217388,26.19140625,17.490234375,-21.884765625,3.427734375,4.5703125,39.7265625,0.0,0.0,-4.39453125,-30.76171875,-48.33984375,0.0,-0.0,-0.0,0.0,8.8,7.7,8.3
8.925211916997796,8.928160499985097,25.56507929634158,17.043386197561052,-21.304232746951314,2.0114650634904683,3.0171975952357024,38.34761894451237,26.19140625,17.490234375,-21.884765625,3.33984375,4.482421875,39.638671875,0.0,0.0,0.0,-30.76171875,-48.33984375,0.0,-0.0,-0.0,0.0,8.8,9.3,8.3
8.928188333986327,8.931138041982194,25.50538753804881,17.00359169203254,-21.254489615040676,1.9262074096638058,2.8893111144957087,38.25808130707322,26.19140625,17.490234375,-21.884765625,3.251953125,4.39453125,39.638671875,0.0,0.0,0.0,-30.76171875,-48.33984375,0.0,0.8,-0.0,-0.8,8.8,9.3,9.9
8.93116279199603,8.934188874991378,25.444484254845474,16.962989503230318,-21.20373687903789,1.8413770704517503,2.7620656056776247,38.16672638226821,26.19140625,17.490234375,-21.884765625,3.1640625,4.21875,39.55078125,0.0,0.0,0.0,-30.76171875,-48.33984375,0.0,0.8,-0.0,-0.8,8.0,9.7,9.8
8.934218541980954,8.937159958994016,25.380621471639586,16.92041431442639,-21.15051789303299,1.7546232212424275,2.6319348318636413,38.07093220745937,26.19140625,17.490234375,-21.884765625,3.076171875,4.130859375,39.375,0.0,0.0,0.0,-30.76171875,-48.33984375,0.0,1.6,0.8,-1.6,8.0,10.5,8.2
8.937191709002946,8.940156416996615,25.3172319596828,16.878154639788537,-21.097693299735667,1.670606272994844,2.505909409492266,37.9758479395242,26.19140625,17.490234375,-21.884765625,2.98828125,3.955078125,39.287109375,0.0,0.0,0.0,-30.76171875,-48.33984375,-17.578125,1.6,0.9,-1.6,8.0,9.7,9.0
8.940182291989913,8.943187041993951,25.252232013132176,16.83482134208812,-21.043526677610142,1.5864956641026389,2.379743496153958,37.878348019698265,26.19140625,17.490234375,-21.884765625,2.900390625,3.8671875,39.111328125,0.0,0.0,0.0,-30.76171875,-48.33984375,-17.578125,2.4,1.7,-2.7,8.8,8.8,8.0
8.943217749998439,8.946165542001836,25.184993464580632,16.789995643053757,-20.987494553817196,1.5015398770493291,2.2523098155739936,37.77749019687094,26.19140625,17.490234375,-21.884765625,2.8125,3.779296875,39.0234375,0.0,0.0,0.0,-26.3671875,-48.33984375,-17.578125,2.7,1.7,-2.7,8.8,9.6,7.2
8.946191541996086,8.949181959003909,25.117894341213727,16.74526289414249,-20.931578617678106,1.4187253201743684,2.128087980261552,37.67684151182059,26.19140625,17.490234375,-21.884765625,2.8125,3.603515625,38.84765625,0.0,0.0,0.0,-26.3671875,-39.55078125,-17.578125,3.5,1.7,-3.5,8.8,9.6,7.2
8.949214624997694,8.952196375001222,25.048446646982878,16.69896443132192,-20.8737055391524,1.3349675415087137,2.0024513122630703,37.572669970474315,26.19140625,17.490234375,-21.884765625,2.724609375,3.515625,38.759765625,0.0,0.0,0.0,-26.3671875,-39.55078125,-17.578125,4.3,2.5,-3.5,8.8,9.6,7.0
8.952228833979461,8.955290749989217,24.977969833232972,16.65197988882198,-20.81497486102748,1.2518947368094682,1.8778421052142023,37.466954749849464,26.19140625,17.490234375,-21.884765625,2.63671875,3.33984375,38.671875,0.0,0.0,0.0,-26.3671875,-39.55078125,-17.578125,4.3,2.5,-4.3,8.8,9.7,6.2
8.955325333983637,8.959212374989875,24.904295602331345,16.602863734887563,-20.753579668609454,1.1670189551490626,1.7505284327235937,37.35644340349702,26.19140625,17.490234375,-21.884765625,2.548828125,3.1640625,38.583984375,0.0,0.0,0.0,-26.3671875,-39.55078125,-39.55078125,5.1,3.3,-5.1,9.6,9.7,7.0
8.959240458993008,8.962166708981385,24.809310908258137,16.539540605505426,-20.674425756881778,1.0603923637888193,1.5905885456832287,37.213966362387204,26.19140625,17.490234375,-21.884765625,2.4609375,3.076171875,38.408203125,0.0,0.0,0.0,-26.3671875,-39.55078125,-39.55078125,5.9,3.5,-5.1,8.8,9.7,7.2
8.962192249979125,8.96516491699731,24.736354705334396,16.4909031368896,-20.613628921111996,0.9805193124240191,1.4707789686360284,37.104532058001595,26.19140625,17.490234375,-21.884765625,2.373046875,2.900390625,38.3203125,0.0,0.0,0.0,-26.3671875,-39.55078125,-39.55078125,6.8,4.3,-5.9,8.8,7.9,6.4
8.965193958982127,8.968245625001146,24.660990239946322,16.440660159964217,-20.550825199955266,0.8997602112319616,1.3496403168479423,36.99148535991949,26.19140625,17.490234375,-21.884765625,2.28515625,2.8125,38.232421875,0.0,0.0,0.0,-26.3671875,-39.55078125,-39.55078125,6.8,4.3,-5.9,9.6,8.7,7.2
8.968288916978054,8.972229209000943,24.58205382118476,16.38803588078984,-20.4850448509873,0.8169909702128069,1.2254864553192104,36.873080731777144,26.19140625,17.490234375,-21.884765625,2.197265625,2.63671875,38.14453125,0.0,0.0,0.0,-26.3671875,-43.9453125,-39.55078125,7.6,5.1,-6.7,8.8,8.7,8.0
8.972270792000927,8.976222291996237,24.47867461963985,16.319116413093234,-20.398895516366544,0.7112606026918797,1.0668909040378196,36.71801192945978,26.19140625,17.490234375,-21.884765625,2.021484375,2.4609375,37.96875,0.0,0.0,0.0,-26.3671875,-43.9453125,-39.55078125,8.4,5.9,-7.5,8.8,8.8,7.2
8.97627262500464,8.980229791981401,24.372731567542445,16.248487711694963,-20.310609639618704,0.605875900219958,0.908813850329937,36.55909735131367,26.19140625,17.490234375,-21.884765625,1.93359375,2.373046875,37.880859375,0.0,0.0,0.0,-26.3671875,-43.9453125,-35.15625,9.2,5.9,-8.3,8.8,9.6,8.0
8.980277249997016,8.984288833977189,24.264684065305527,16.17645604353702,-20.22057005442127,0.5013138500985086,0.7519707751477628,36.39702609795829,26.19140625,17.490234375,-21.884765625,1.845703125,2.109375,37.79296875,0.0,0.0,0.0,-26.3671875,-43.9453125,-35.15625,10.1,6.8,-9.2,8.0,8.9,8.9
8.984349958976964,8.98826966699562,24.152739956207277,16.101826637471518,-20.127283296839398,0.3959113945170653,0.593867091775598,36.22910993431092,26.19140625,17.490234375,-21.884765625,1.669921875,2.021484375,37.529296875,0.0,0.0,0.0,-30.76171875,-43.9453125,-35.15625,10.9,7.6,-10.0,8.0,8.9,8.1
8.98832679199404,8.992288791981991,24.041450369984958,16.02763357998997,-20.034541974987462,0.29391935287015664,0.440879029305235,36.06217555497744,26.19140625,17.490234375,-21.884765625,1.58203125,1.7578125,37.44140625,0.0,0.0,0.0,-30.76171875,-39.55078125,-35.15625,11.7,8.4,-10.0,7.2,7.3,8.9
8.992358708987013,8.996247250004672,23.926645495826573,15.951096997217716,-19.938871246522144,0.19146880630270224,0.28720320945405337,35.88996824373986,26.19140625,17.490234375,-21.884765625,1.494140625,1.58203125,37.265625,0.0,0.0,0.0,-30.76171875,-39.55078125,-35.15625,12.5,8.4,-10.8,8.8,6.9,8.8
8.996298916987143,9.000224749994231,23.812555638926856,15.875037092617905,-19.84379636577238,0.09229291111095224,0.13843936666642837,35.718833458390286,26.19140625,17.490234375,-21.884765625,1.40625,1.58203125,37.08984375,0.0,0.0,0.0,-30.76171875,-39.55078125,-35.15625,13.3,9.2,-11.6,8.8,9.3,8.8
9.000275917002,9.004253541992512,23.69552390451125,15.797015936340834,-19.746269920426045,-0.006846575836631386,-0.01026986375494708,35.54328585676688,26.19140625,17.490234375,-21.884765625,1.23046875,1.40625,36.9140625,0.0,0.0,0.0,-30.76171875,-39.55078125,-35.15625,14.1,9.9,-12.5,7.2,8.1,8.9
9.004317541985074,9.008232374995714,23.574684425791695,15.71645628386113,-19.64557035482641,-0.10659031212144124,-0.15988546818216187,35.362026638687546,26.19140625,17.490234375,-21.796875,1.142578125,1.23046875,36.73828125,0.0,0.0,4.39453125,-26.3671875,-39.55078125,-35.15625,14.9,10.7,-12.5,8.0,8.9,8.9
9.00828220898984,9.012221958982991,23.454304470163066,15.636202980108711,-19.54525372513589,-0.20343321579214257,-0.30514982368821386,35.1814567052446,26.103515625,17.490234375,-21.796875,1.0546875,1.142578125,36.5625,0.0,0.0,4.39453125,-26.3671875,-35.15625,-35.15625,14.9,10.7,-13.3,7.0,9.7,8.9
9.012274791981326,9.016208749992074,23.331259776250825,15.554173184167217,-19.44271648020902,-0.2999402653025381,-0.44991039795380716,34.99688966437624,26.103515625,17.490234375,-21.708984375,0.966796875,0.966796875,36.38671875,0.0,0.0,4.39453125,-26.3671875,-35.15625,-35.15625,15.7,11.5,-13.3,7.8,8.9,8.8
9.016244833997916,9.020168583985651,23.207127721113423,15.471418480742283,-19.33927310092785,-0.39487493166012233,-0.5923123974901835,34.810691581670135,26.015625,17.490234375,-21.708984375,0.791015625,0.87890625,36.2109375,0.0,0.0,4.39453125,-26.3671875,-35.15625,-48.33984375,15.7,12.3,-14.1,6.4,8.1,8.8
9.020209084003,9.023348041984718,23.08142998000189,15.387619986667925,-19.23452498333491,-0.488634214150692,-0.7329513212260381,34.622144970002836,25.927734375,17.490234375,-21.62109375,0.703125,0.703125,36.03515625,0.0,0.0,4.39453125,-26.3671875,-35.15625,-48.33984375,16.3,13.2,-13.7,7.2,8.8,8.7
9.023371541989036,9.027086749993032,22.97992146261645,15.319947641744298,-19.149934552180373,-0.5626776894484419,-0.8440165341726629,34.46988219392467,25.83984375,17.490234375,-21.62109375,0.615234375,0.615234375,35.947265625,0.0,0.0,4.39453125,-26.3671875,-35.15625,-48.33984375,16.3,13.2,-14.5,6.4,9.6,8.7
9.027106875000754,9.030072958994424,22.85863444398147,15.23908962932098,-19.048862036651226,-0.6492634030591168,-0.9738951045886751,34.2879516659722,25.751953125,17.40234375,-21.62109375,0.52734375,0.52734375,35.68359375,-17.578125,0.0,8.7890625,-26.3671875,-35.15625,-48.33984375,16.3,13.2,-14.5,7.2,10.4,7.9
9.030100042000413,9.03311516699614,22.76037347427212,15.173582316181417,-18.96697789522677,-0.7179577598541135,-1.0769366397811702,34.140560211408186,25.751953125,17.40234375,-21.533203125,0.439453125,0.3515625,35.595703125,-17.578125,0.0,8.7890625,-26.3671875,-35.15625,-48.33984375,17.1,14.0,-14.5,7.2,9.7,8.9
9.033152791991597,9.036247583979275,22.659187179825164,15.10612478655011,-18.88265598318764,-0.787382749567775,-1.1810741243516625,33.98878076973775,25.6640625,17.314453125,-21.533203125,0.439453125,0.263671875,35.419921875,-17.578125,0.0,8.7890625,-26.3671875,-35.15625,-48.33984375,17.1,14.0,-15.3,7.2,8.9,8.9
9.036288250004873,9.040092291979818,22.554253741563265,15.036169161042176,-18.79521145130272,-0.8580129184352431,-1.2870193776528647,33.831380612344894,25.576171875,17.314453125,-21.4453125,0.3515625,0.087890625,35.33203125,-17.578125,0.0,8.7890625,-26.3671875,-35.15625,-43.9453125,17.1,14.0,-15.3,7.2,8.9,8.9
9.040117458993336,9.043127458979143,22.424740548766504,14.949827032511003,-18.687283790638755,-0.9433326487116301,-1.4149989730674453,33.63711082314976,25.48828125,17.314453125,-21.357421875,0.263671875,0.0,35.068359375,-17.578125,0.0,8.7890625,-26.3671875,-35.15625,-43.9453125,16.9,14.6,-15.6,8.0,9.6,8.0
9.043151333986316,9.046169916982763,22.321079825767594,14.880719883845062,-18.600899854806332,-1.0101918612358298,-1.5152877918537448,33.48161973865139,25.400390625,17.2265625,-21.26953125,0.17578125,-0.087890625,34.98046875,-17.578125,0.0,8.7890625,-21.97265625,-35.15625,-43.9453125,16.9,14.6,-15.6,8.0,8.8,8.8
9.046191667002859,9.049127874983242,22.216283298791694,14.810855532527796,-18.51356941565974,-1.076531464889052,-1.614797197333578,33.324424948187534,25.3125,17.138671875,-21.26953125,0.17578125,-0.263671875,34.8046875,-26.3671875,-13.18359375,17.578125,-21.97265625,-39.55078125,-43.9453125,16.9,14.6,-15.6,8.0,8.0,8.8
9.049147958983667,9.052046374999918,22.11351750834071,14.742345005560473,-18.427931256950593,-1.140396678814963,-1.7105950182224445,33.17027626251106,25.224609375,17.138671875,-21.181640625,0.087890625,-0.3515625,34.62890625,-26.3671875,-13.18359375,17.578125,-21.97265625,-39.55078125,-43.9453125,16.9,14.6,-16.4,7.2,8.8,9.7
9.052069416997256,9.055116208997788,22.011135715513014,14.674090477008678,-18.34261309626085,-1.202883947079493,-1.8043259206192392,33.016703573269524,25.13671875,17.05078125,-21.09375,0.0,-0.439453125,34.541015625,-26.3671875,-13.18359375,17.578125,-21.97265625,-39.55078125,-43.9453125,16.9,14.6,-15.6,7.2,7.9,10.5
9.055142083991086,9.05810824999935,21.902580948496485,14.60172063233099,-18.25215079041374,-1.2679294556489344,-1.901894183473402,32.85387142274473,25.048828125,17.05078125,-21.005859375,0.0,-0.52734375,34.365234375,-26.3671875,-13.18359375,17.578125,-21.97265625,-39.55078125,-48.33984375,16.9,15.4,-15.6,8.0,7.9,9.7
9.05813516699709,9.061126916989451,21.795989374874576,14.530659583249715,-18.163324479062144,-1.3306189014207235,-1.9959283521310853,32.69398406231186,25.048828125,16.962890625,-21.005859375,-0.087890625,-0.703125,34.189453125,-26.3671875,-13.18359375,17.578125,-21.97265625,-39.55078125,-48.33984375,17.7,14.5,-16.0,8.0,8.7,8.9
9.061152209003922,9.06410758398124,21.687710377450433,14.458473584966955,-18.07309198120869,-1.3931347069982332,-2.08970206049735,32.53156556617565,24.873046875,16.962890625,-20.91796875,-0.17578125,-0.791015625,34.013671875,-26.3671875,-13.18359375,17.578125,-21.97265625,-39.55078125,-48.33984375,16.8,15.3,-16.0,7.2,8.8,8.8
9.064131791994441,9.06712612498086,21.57996676013846,14.386644506758975,-17.98330563344872,-1.4542040412608221,-2.1813060618912328,32.36995014020769,24.78515625,16.875,-20.830078125,-0.263671875,-0.87890625,33.92578125,-26.3671875,-13.18359375,21.97265625,-21.97265625,-39.55078125,-48.33984375,16.8,15.3,-16.0,7.2,8.8,9.6
9.06715533399256,9.07013987499522,21.46982507006706,14.313216713378038,-17.891520891722546,-1.515488745074804,-2.273233117612206,32.20473760510059,24.697265625,16.875,-20.830078125,-0.263671875,-0.966796875,33.75,-26.3671875,-17.578125,21.97265625,-21.97265625,-30.76171875,-48.33984375,16.8,15.3,-16.8,8.0,8.0,9.6
9.070172042003833,9.073130916978698,21.35913415646505,14.2394227709767,-17.799278463720874,-1.575942031484255,-2.363913047226382,32.03870123469758,24.697265625,16.787109375,-20.7421875,-0.3515625,-1.0546875,33.662109375,-26.3671875,-17.578125,21.97265625,-21.97265625,-30.76171875,-48.33984375,17.6,15.3,-16.8,8.0,8.7,10.4
9.073158999992302,9.076125291991048,21.24876269904432,14.16584179936288,-17.707302249203597,-1.635112805417395,-2.452669208126092,31.87314404856648,24.521484375,16.787109375,-20.654296875,-0.3515625,-1.142578125,33.486328125,-26.3671875,-17.578125,21.97265625,-21.97265625,-30.76171875,-48.33984375,16.8,16.1,-16.0,8.0,8.7,10.4
9.076149667002028,9.079143124981783,21.137497796006585,14.091665197337722,-17.61458149667215,-1.6936685566890057,-2.5405028350335086,31.706246694009874,24.43359375,16.69921875,-20.56640625,-0.439453125,-1.23046875,33.310546875,-26.3671875,-17.578125,21.97265625,-21.97265625,-30.76171875,-48.33984375,16.8,16.1,-16.0,8.0,7.9,9.6
9.079173167003319,9.082136374985566,21.024255690237727,14.016170460158484,-17.52021307519811,-1.7521625969524477,-2.6282438954286715,31.53638353535659,24.345703125,16.69921875,-20.56640625,-0.52734375,-1.40625,33.22265625,-26.3671875,-17.578125,21.97265625,-21.97265625,-30.76171875,-48.33984375,16.8,16.2,-16.9,8.0,8.0,10.5
9.082161999976961,9.085199166991515,20.911578826729126,13.941052551152751,-17.42631568894094,-1.8092855861741246,-2.7139283792611866,31.367368240093686,24.2578125,16.611328125,-20.478515625,-0.52734375,-1.494140625,32.958984375,-26.3671875,-17.578125,21.97265625,-17.578125,-30.76171875,-48.33984375,16.8,16.2,-16.9,8.0,8.0,9.7
9.085279249993619,9.089179583999794,20.793298843569207,13.86219922904614,-17.327749036307676,-1.8681167766533409,-2.802175164980011,31.189948265353816,24.169921875,16.5234375,-20.390625,-0.615234375,-1.494140625,32.783203125,-26.3671875,-17.578125,21.97265625,-17.578125,-30.76171875,-48.33984375,16.8,16.2,-16.9,8.0,8.0,10.5
9.089208124991274,9.092148166993866,20.6431383830741,13.762092255382733,-17.202615319228414,-1.9411738059772485,-2.911760708965873,30.964707574611147,23.994140625,16.435546875,-20.302734375,-0.703125,-1.669921875,32.607421875,-35.15625,-17.578125,21.97265625,-17.578125,-30.76171875,-48.33984375,16.8,16.2,-16.9,8.0,8.0,10.4
9.092182208987651,9.095316958992044,20.52868317510671,13.685788783404474,-17.107235979255595,-1.9956621779008443,-2.9934932668512664,30.793024762660067,23.90625,16.435546875,-20.21484375,-0.791015625,-1.7578125,32.431640625,-35.15625,-17.578125,21.97265625,-17.578125,-30.76171875,-48.33984375,16.8,17.0,-16.9,7.2,8.0,8.8
9.095351666997885,9.099207374994876,20.40598002699172,13.603986684661146,-17.004983355826436,-2.0529531999278143,-3.0794297998917215,30.60897004048758,23.818359375,16.34765625,-20.126953125,-0.87890625,-1.7578125,32.255859375,-35.15625,-17.578125,21.97265625,-17.578125,-30.76171875,-52.734375,16.8,17.0,-16.9,8.0,8.0,8.8
9.099244499986526,9.10326991698821,20.254266425041003,13.50284428336067,-16.878555354200838,-2.122217213500329,-3.1833258202504933,30.381399637561508,23.642578125,16.34765625,-20.0390625,-0.966796875,-1.93359375,32.080078125,-35.15625,-17.578125,21.97265625,-17.578125,-30.76171875,-52.734375,16.0,17.7,-17.6,7.2,8.0,9.4
9.103323083982104,9.107222999999067,20.094156072641905,13.396104048427937,-16.74513006053493,-2.1934747112441384,-3.2902120668662076,30.14123410896286,23.466796875,16.171875,-19.951171875,-1.0546875,-2.021484375,31.81640625,-35.15625,-17.578125,21.97265625,-21.97265625,-30.76171875,-52.734375,16.0,16.9,-17.6,6.4,8.0,9.4
9.107273959001759,9.111189416988054,19.93796279681895,13.291975197879301,-16.614968997349127,-2.261213813964496,-3.3918207209467437,29.90694419522843,23.37890625,16.171875,-19.86328125,-1.23046875,-2.109375,31.640625,-35.15625,-17.578125,21.97265625,-21.97265625,-30.76171875,-52.734375,16.8,17.7,-17.6,6.2,8.0,10.2
9.111234666983364,9.115226583991898,19.78033101629363,13.186887344195753,-16.483609180244688,-2.3278430189445287,-3.491764528416793,29.67049652444044,23.291015625,16.083984375,-19.775390625,-1.318359375,-2.197265625,31.376953125,-35.15625,-17.578125,21.97265625,-21.97265625,-30.76171875,-52.734375,16.8,17.7,-18.4,6.2,8.8,10.6
9.115284833998885,9.119203374983044,19.618086327398732,13.078724218265823,-16.34840527283227,-2.3946464735645883,-3.5919697103468824,29.427129491098096,23.115234375,15.99609375,-19.6875,-1.40625,-2.373046875,31.201171875,-35.15625,-17.578125,21.97265625,-21.97265625,-30.76171875,-57.12890625,16.8,17.7,-18.4,5.6,8.0,11.4
9.1192610419821,9.123110833985265,19.457803123471674,12.971868748981116,-16.21483593622639,-2.4589147029548997,-3.6883720544323495,29.18670468520751,23.02734375,15.908203125,-19.599609375,-1.494140625,-2.4609375,30.9375,-35.15625,-17.578125,21.97265625,-21.97265625,-30.76171875,-57.12890625,16.8,17.6,-18.6,4.8,8.0,10.5
9.1231506250042,9.126120834000176,19.30008464933977,12.866723099559847,-16.083403874449804,-2.5205160705176533,-3.7807741057764797,28.950126974009656,23.02734375,15.8203125,-19.423828125,-1.494140625,-2.548828125,30.76171875,-35.15625,-17.578125,21.97265625,-26.3671875,-30.76171875,-57.12890625,18.4,17.6,-17.8,6.4,8.0,11.3
9.126169374998426,9.129095499985851,19.177065944261212,12.784710629507474,-15.980888286884335,-2.567458758138264,-3.8511881372073957,28.765598916391816,22.939453125,15.8203125,-19.3359375,-1.58203125,-2.548828125,30.498046875,-21.97265625,-17.578125,26.3671875,-26.3671875,-21.97265625,-57.12890625,18.4,18.4,-18.6,5.6,8.0,10.5
9.129122333979467,9.132096458983142,19.056226866676873,12.70415124445125,-15.880189055564056,-2.6126429386291163,-3.918964407943674,28.58434030001531,22.8515625,15.732421875,-19.248046875,-1.58203125,-2.63671875,30.322265625,-21.97265625,-17.578125,26.3671875,-26.3671875,-21.97265625,-57.12890625,18.4,17.6,-18.6,6.4,8.9,11.2
9.132125125004677,9.135102500003995,18.93285456379378,12.621903042529187,-15.777378803161483,-2.657841639635776,-3.9867624594536637,28.39928184569067,22.763671875,15.64453125,-19.16015625,-1.669921875,-2.724609375,30.146484375,-21.97265625,-17.578125,26.3671875,-26.3671875,-21.97265625,-57.12890625,18.4,17.6,-18.6,5.6,8.9,11.2
9.135133791976841,9.138344709004741,18.808755928844615,12.539170619229743,-15.673963274037176,-2.7023703052850996,-4.053555457927649,28.213133893266924,22.67578125,15.556640625,-19.16015625,-1.669921875,-2.8125,29.970703125,-21.97265625,-17.578125,26.3671875,-26.3671875,-21.97265625,-57.12890625,19.2,17.6,-19.4,6.4,8.1,11.2
9.138387916987995,9.142102333978983,18.674003651633925,12.449335767755949,-15.561669709694936,-2.749674899585756,-4.124512349378634,28.011005477450883,22.587890625,15.46875,-19.072265625,-1.7578125,-2.900390625,29.794921875,-21.97265625,-17.578125,26.3671875,-26.3671875,-21.97265625,-57.12890625,19.2,17.8,-19.3,5.6,7.3,11.2
9.142123083991464,9.14526974997716,18.51867746401601,12.345784976010675,-15.432231220013348,-2.802871803511815,-4.204307705267722,27.77801619602402,22.5,15.380859375,-18.984375,-1.7578125,-2.98828125,29.443359375,-21.97265625,-17.578125,26.3671875,-13.18359375,-21.97265625,-57.12890625,19.5,17.8,-19.3,6.4,7.9,10.4
9.145287624996854,9.149187125003664,18.386553832495938,12.257702554997293,-15.322128193746622,-2.8470190756333373,-4.270528613450006,27.579830748743905,22.412109375,15.29296875,-18.896484375,-1.845703125,-3.076171875,29.267578125,-26.3671875,-21.97265625,26.3671875,-13.18359375,-26.3671875,-57.12890625,20.3,17.8,-19.3,5.6,7.1,10.4
9.149210667004809,9.153146833996288,18.222118518390264,12.148079012260174,-15.185098765325218,-2.900570139131137,-4.350855208696705,27.33317777758539,22.32421875,15.205078125,-18.720703125,-1.93359375,-3.1640625,29.091796875,-26.3671875,-21.97265625,26.3671875,-13.18359375,-26.3671875,-57.12890625,21.1,17.8,-19.3,5.6,8.0,11.1
9.153179583983729,9.156176791992038,18.05506745913789,12.036711639425263,-15.04588954928158,-2.9534177743135888,-4.430126661470383,27.082601188706843,22.236328125,15.1171875,-18.6328125,-2.021484375,-3.251953125,28.740234375,-26.3671875,-21.97265625,26.3671875,-13.18359375,-26.3671875,-57.12890625,21.1,18.6,-19.3,4.8,8.0,10.3
9.156199416989693,9.159225084003992,17.927517508721557,11.951678339147705,-14.93959792393463,-2.992730385404613,-4.4890955781069195,26.891276263082332,22.1484375,15.1171875,-18.544921875,-2.021484375,-3.33984375,28.564453125,-26.3671875,-21.97265625,26.3671875,-13.18359375,-26.3671875,-65.91796875,21.9,18.6,-19.3,6.4,7.2,10.3
9.15924612499657,9.162172708980506,17.798459201244636,11.865639467496425,-14.83204933437053,-3.0316055447281003,-4.547408317092151,26.697688801866956,22.060546875,15.029296875,-18.45703125,-2.021484375,-3.33984375,28.388671875,-26.3671875,-21.97265625,26.3671875,-13.18359375,-26.3671875,-65.91796875,21.9,18.5,-19.2,6.4,7.1,10.5
9.162189166992903,9.16511287499452,17.673450860325566,11.782300573550376,-14.727875716937973,-3.068406145891862,-4.602609218837794,26.51017629048835,22.060546875,14.94140625,-18.369140625,-2.109375,-3.427734375,28.212890625,-26.3671875,-21.97265625,26.3671875,-13.18359375,-26.3671875,-65.91796875,22.7,18.5,-19.2,5.6,7.9,11.3
9.165135333983926,9.168243041989626,17.547988148467958,11.698658765645305,-14.623323457056637,-3.104505078485073,-4.656757617727609,26.321982222701937,21.97265625,14.853515625,-18.28125,-2.109375,-3.515625,28.037109375,-21.97265625,-26.3671875,26.3671875,-13.18359375,-21.97265625,-65.91796875,22.7,18.5,-19.2,5.6,7.1,10.5
9.168261374987196,9.172215333994245,17.41452942119303,11.609686280795351,-14.512107850994184,-3.141996867469729,-4.712995301204594,26.121794131789542,21.884765625,14.765625,-18.193359375,-2.197265625,-3.515625,27.861328125,-21.97265625,-26.3671875,26.3671875,-13.18359375,-21.97265625,-65.91796875,23.5,18.5,-20.0,5.6,7.1,11.2
9.172232541983249,9.17533141700551,17.24451726219892,11.496344841465943,-14.37043105183243,-3.1884192835874807,-4.782628925381221,25.866775893298374,21.796875,14.677734375,-18.10546875,-2.197265625,-3.603515625,27.59765625,-21.97265625,-26.3671875,26.3671875,-13.18359375,-21.97265625,-65.91796875,23.5,18.5,-20.0,6.4,8.0,10.4
9.175347041978966,9.179197999997996,17.11083102729875,11.407220684865834,-14.259025856082292,-3.2238830572115194,-4.835824585817279,25.666246540948126,21.708984375,14.58984375,-18.017578125,-2.28515625,-3.69140625,27.421875,-21.97265625,-26.3671875,26.3671875,-13.18359375,-21.97265625,-65.91796875,24.3,18.5,-20.0,5.6,7.2,11.2
9.179213041992625,9.182328416995006,16.944487610631416,11.296325073754279,-14.120406342192847,-3.266748644162443,-4.900122966243665,25.416731415947126,21.62109375,14.501953125,-17.841796875,-2.28515625,-3.779296875,27.158203125,-21.97265625,-26.3671875,26.3671875,-13.18359375,-21.97265625,-65.91796875,24.3,18.4,-20.1,6.4,6.3,10.4
9.182343583990587,9.186108666996006,16.80948482707443,11.20632321804962,-14.007904022562023,-3.300521778938242,-4.9507826684073635,25.214227240611642,21.4453125,14.501953125,-17.75390625,-2.373046875,-3.779296875,26.982421875,-21.97265625,-26.3671875,26.3671875,-17.578125,-21.97265625,-65.91796875,24.3,19.2,-20.1,5.6,7.9,10.4
9.186124959000153,9.189096583984792,16.64607839448852,11.097385596325678,-13.871731995407107,-3.340197228054939,-5.010295842082408,24.969117591732775,21.26953125,14.326171875,-17.666015625,-2.4609375,-3.8671875,26.71875,-30.76171875,-21.97265625,30.76171875,-17.578125,-17.578125,-65.91796875,23.5,19.2,-20.1,5.6,7.1,10.4
9.189111583982594,9.192200791992946,16.516773855489106,11.011182570326072,-13.763978212907583,-3.370668641492654,-5.05600296223898,24.77516078323366,21.181640625,14.23828125,-17.578125,-2.4609375,-3.8671875,26.54296875,-30.76171875,-21.97265625,30.76171875,-17.578125,-17.578125,-65.91796875,24.3,18.4,-20.1,5.6,7.3,11.1
9.192231124994578,9.196164291992318,16.3815040844713,10.921002722980864,-13.651253403726082,-3.4016811043757422,-5.102521656563614,24.572256126706947,21.005859375,14.150390625,-17.490234375,-2.548828125,-3.955078125,26.3671875,-30.76171875,-21.97265625,30.76171875,-17.578125,-17.578125,-65.91796875,23.5,18.4,-20.9,4.8,7.3,11.9
9.196181709005032,9.199238874978619,16.209915527987892,10.806610351991928,-13.50826293998991,-3.4397608972813196,-5.15964134592198,24.31487329198184,20.830078125,14.0625,-17.314453125,-2.548828125,-3.955078125,26.103515625,-30.76171875,-21.97265625,30.76171875,-17.578125,-17.578125,-61.5234375,23.5,19.2,-20.1,5.6,8.1,11.1
9.199258209002437,9.20217562498874,16.07609282916918,10.71739521944612,-13.39674402430765,-3.468491694891417,-5.202737542337126,24.11413924375377,20.7421875,13.974609375,-17.2265625,-2.548828125,-4.04296875,25.927734375,-30.76171875,-21.97265625,30.76171875,-17.578125,-17.578125,-61.5234375,23.1,19.2,-20.0,5.6,7.2,11.2
9.202193916979013,9.205127374996664,15.948248176165734,10.632165450777155,-13.290206813471437,-3.4951543172315405,-5.242731475847311,23.922372264248597,20.654296875,13.88671875,-17.2265625,-2.63671875,-4.130859375,25.751953125,-30.76171875,-21.97265625,30.76171875,-13.18359375,-17.578125,-61.5234375,23.9,19.2,-20.8,4.8,7.2,11.2
9.205144958978053,9.208226624992676,15.81960618673044,10.546404124486958,-13.183005155608699,-3.5212155252061015,-5.281823287809153,23.72940928009566,20.56640625,13.798828125,-17.05078125,-2.63671875,-4.130859375,25.576171875,-39.55078125,-26.3671875,30.76171875,-13.18359375,-13.18359375,-61.5234375,23.9,18.4,-20.0,4.8,7.2,12.0
9.208244209003169,9.212165834003827,15.68437910435594,10.456252736237294,-13.070315920296625,-3.5477870887273917,-5.321680633091088,23.52656865653391,20.390625,13.798828125,-16.962890625,-2.724609375,-4.21875,25.3125,-39.55078125,-26.3671875,30.76171875,-13.18359375,-13.18359375,-61.5234375,23.1,19.2,-20.8,4.8,7.2,11.3
9.212183249997906,9.215191708994098,15.512351524888595,10.341567683259065,-12.926959604073824,-3.5803799058220855,-5.370569858733128,23.268527287332898,20.302734375,13.623046875,-16.875,-2.724609375,-4.21875,25.048828125,-39.55078125,-26.3671875,30.76171875,-13.18359375,-13.18359375,-61.5234375,23.9,19.2,-20.8,4.8,8.0,11.3
9.21520954198786,9.218197166977916,15.38008474732115,10.253389831547434,-12.816737289434291,-3.6045257427080317,-5.406788614062047,23.070127120981724,20.21484375,13.623046875,-16.787109375,-2.724609375,-4.306640625,24.873046875,-39.55078125,-26.3671875,30.76171875,-13.18359375,-13.18359375,-61.5234375,23.9,20.0,-20.8,4.8,7.2,11.3
9.218214541993802,9.221323417004896,15.248678023869381,10.165785349246255,-12.707231686557819,-3.6277339992540347,-5.441600998881052,22.873017035804075,20.0390625,13.447265625,-16.69921875,-2.724609375,-4.306640625,24.697265625,-39.55078125,-26.3671875,30.76171875,-13.18359375,-13.18359375,-61.5234375,23.9,19.2,-21.7,5.6,7.2,11.2
9.221340791991679,9.225163416995201,15.111910480039256,10.074606986692837,-12.593258733366039,-3.6510683867997993,-5.4766025801997,22.667865720058884,19.951171875,13.447265625,-16.611328125,-2.8125,-4.39453125,24.521484375,-39.55078125,-26.3671875,30.76171875,-8.7890625,-13.18359375,-61.5234375,24.1,20.0,-21.7,4.8,7.2,12.0
9.225185541989049,9.229068041982828,14.943652166376735,9.96243477758449,-12.453043471980612,-3.6786352982819976,-5.517952947422996,22.4154782495651,19.775390625,13.359375,-16.435546875,-2.8125,-4.39453125,24.2578125,-39.55078125,-26.3671875,30.76171875,-8.7890625,-13.18359375,-61.5234375,24.1,20.0,-20.9,4.8,7.2,12.0
9.229108083993196,9.232104958995478,14.77195377646934,9.847969184312895,-12.309961480391118,-3.705478580398404,-5.5582178705976055,22.15793066470401,19.599609375,13.18359375,-16.34765625,-2.900390625,-4.482421875,23.994140625,-39.55078125,-26.3671875,30.76171875,-8.7890625,-13.18359375,-61.5234375,24.1,19.2,-21.7,4.8,7.1,9.5
9.232140749983955,9.23514408399933,14.639203072174183,9.75946871478279,-12.19933589347848,-3.72534767179512,-5.588021507692679,21.958804608261275,19.51171875,13.18359375,-16.259765625,-2.900390625,-4.482421875,23.73046875,-39.55078125,-26.3671875,30.76171875,-8.7890625,-13.18359375,-61.5234375,24.1,20.0,-21.7,4.8,7.1,8.7
9.23516449998715,9.238146958989091,14.506855433757472,9.671236955838314,-12.089046194797902,-3.7443927211971104,-5.616589081795666,21.76028315063621,19.423828125,13.0078125,-16.171875,-2.900390625,-4.482421875,23.5546875,-39.55078125,-26.3671875,30.76171875,-8.7890625,-13.18359375,-65.91796875,24.9,19.2,-21.7,4.8,7.1,8.7
9.238171459001023,9.241212416993221,14.37527007800818,9.583513385338785,-11.979391731673491,-3.7625760493208023,-5.643864073981204,21.562905117012267,19.248046875,13.0078125,-15.99609375,-2.98828125,-4.5703125,23.466796875,-39.55078125,-26.3671875,30.76171875,-8.7890625,-13.18359375,-65.91796875,24.1,20.0,-20.9,4.0,7.3,10.4
9.241234041983262,9.245118916995125,14.241293698531507,9.494195799021005,-11.867744748776248,-3.7803232009102636,-5.670484801365395,21.36194054779726,19.16015625,12.919921875,-15.99609375,-2.98828125,-4.5703125,23.203125,-39.55078125,-26.3671875,30.76171875,-8.7890625,-13.18359375,-65.91796875,24.1,20.0,-21.7,4.8,7.3,11.2
9.245135167002445,9.24823991698213,14.070721306933223,9.380480871288814,-11.725601089111027,-3.8018045308412707,-5.702706796261906,21.106081960399834,18.984375,12.744140625,-15.8203125,-2.98828125,-4.658203125,23.02734375,-39.55078125,-26.3671875,30.76171875,-8.7890625,-13.18359375,-65.91796875,24.1,19.2,-21.7,4.8,7.3,12.0
9.248256333987229,9.252176624984713,13.934341457031465,9.28956097135431,-11.611951214192889,-3.818086830154458,-5.727130245231687,20.901512185547197,18.896484375,12.744140625,-15.732421875,-3.076171875,-4.658203125,22.763671875,-39.55078125,-26.3671875,30.76171875,-8.7890625,-13.18359375,-65.91796875,24.9,20.0,-21.7,4.0,7.2,12.2
9.25219154197839,9.255200541985687,13.762532409568639,9.175021606379092,-11.468777007973868,-3.837475149323102,-5.756212723984653,20.643798614352956,18.720703125,12.568359375,-15.556640625,-3.076171875,-4.658203125,22.587890625,-39.55078125,-26.3671875,30.76171875,-8.7890625,-13.18359375,-65.91796875,24.9,20.0,-21.7,4.0,7.2,12.2
9.255218749982305,9.2582441669947,13.630491341482301,9.086994227654868,-11.358742784568584,-3.851527766714321,-5.777291650071481,20.44573701222345,18.544921875,12.48046875,-15.46875,-3.076171875,-4.74609375,22.32421875,-39.55078125,-26.3671875,30.76171875,-8.7890625,-13.18359375,-57.12890625,24.1,19.2,-21.7,4.0,6.4,12.2
9.258261874987511,9.262135625001974,13.497881818372246,8.998587878914831,-11.248234848643538,-3.8649020140067893,-5.797353021010185,20.24682272755837,18.45703125,12.48046875,-15.380859375,-3.076171875,-4.74609375,22.1484375,-39.55078125,-26.3671875,30.76171875,-8.7890625,-13.18359375,-57.12890625,24.1,20.1,-21.7,4.8,6.3,12.0
9.262158333993284,9.265093916998012,13.328294257894886,8.885529505263257,-11.10691188157907,-3.8809305213139074,-5.82139578197086,19.99244138684233,18.369140625,12.3046875,-15.29296875,-3.1640625,-4.74609375,21.796875,-39.55078125,-26.3671875,30.76171875,-8.7890625,-13.18359375,-57.12890625,24.8,20.1,-22.5,4.0,7.1,11.2
9.265112416993361,9.268076958978781,13.199894736030274,8.799929824020182,-10.99991228002523,-3.8922660641831013,-5.838399096274652,19.79984210404541,18.193359375,12.216796875,-15.1171875,-3.1640625,-4.74609375,21.708984375,-39.55078125,-30.76171875,35.15625,-8.7890625,-4.39453125,-57.12890625,24.8,20.1,-21.7,4.0,7.1,12.0
9.268096791987773,9.271081499988213,13.070344586395297,8.713563057596865,-10.891953821996072,-3.9030064217233664,-5.854509632585049,19.605516879592948,18.10546875,12.12890625,-15.029296875,-3.1640625,-4.74609375,21.533203125,-39.55078125,-30.76171875,35.15625,-8.7890625,-4.39453125,-57.12890625,24.8,20.1,-21.7,4.0,7.3,12.0
9.271095374977449,9.274090999999316,12.940359381341958,8.626906254227974,-10.783632817784959,-3.9130811161025503,-5.869621674153825,19.410539072012938,17.9296875,12.041015625,-14.94140625,-3.1640625,-4.74609375,21.26953125,-39.55078125,-30.76171875,35.15625,-8.7890625,-4.39453125,-57.12890625,24.0,20.1,-22.5,4.0,7.3,12.0
9.274104499985697,9.277222542004893,12.810114052076793,8.540076034717863,-10.67509504339732,-3.922472465961153,-5.88370869894173,19.21517107811519,17.841796875,11.953125,-14.853515625,-3.251953125,-4.833984375,21.005859375,-39.55078125,-30.76171875,35.15625,-8.7890625,-4.39453125,-70.3125,24.8,20.1,-22.5,3.2,7.3,12.0
9.277236499998253,9.281125999987125,12.674774511680845,8.449849674453898,-10.56231209306738,-3.9314865105759647,-5.897229765863947,19.012161767521267,17.666015625,11.953125,-14.765625,-3.251953125,-4.833984375,20.7421875,-39.55078125,-30.76171875,35.15625,-8.7890625,-4.39453125,-70.3125,24.0,20.8,-22.4,4.0,7.3,10.2
9.281139083992457,9.284103958983906,12.506479725855975,8.33765315057065,-10.422066438213314,-3.9416388112576732,-5.91245821688651,18.759719588783963,17.578125,11.77734375,-14.58984375,-3.251953125,-4.833984375,20.56640625,-39.55078125,-30.76171875,35.15625,0.0,-4.39453125,-70.3125,24.8,20.0,-22.4,4.0,7.2,11.0
9.284116625000024,9.287104458984686,12.378349509083598,8.252233006055732,-10.315291257569674,-3.94858401164054,-5.92287601746081,18.567524263625398,17.40234375,11.77734375,-14.501953125,-3.251953125,-4.833984375,20.302734375,-39.55078125,-21.97265625,35.15625,0.0,-4.39453125,-70.3125,24.8,20.8,-22.4,4.0,7.2,10.2
9.287118791980902,9.290152083995054,12.249413509958213,8.166275673305476,-10.207844591631856,-3.954889372170086,-5.932334058255129,18.37412026493732,17.314453125,11.6015625,-14.326171875,-3.251953125,-4.833984375,20.126953125,-39.55078125,-21.97265625,35.15625,0.0,-4.39453125,-70.3125,24.8,20.0,-21.6,4.0,7.2,11.3
9.290166166989366,9.293234624987235,12.118810318779751,8.0792068791865,-10.099008598983128,-3.960577837909959,-5.9408667568649385,18.178215478169626,17.138671875,11.513671875,-14.23828125,-3.251953125,-4.833984375,19.951171875,-39.55078125,-21.97265625,35.15625,0.0,-4.39453125,-70.3125,24.8,20.0,-21.6,4.0,7.2,11.3
9.293250749993604,9.297137333982391,11.986908047968464,7.991272031978975,-9.989090039973712,-3.9656098833628506,-5.948414825044276,17.980362071952698,17.05078125,11.42578125,-14.150390625,-3.251953125,-4.921875,19.775390625,-39.55078125,-21.97265625,35.15625,0.0,-4.39453125,-65.91796875,24.8,20.0,-21.6,4.0,6.4,11.3
9.297152291983366,9.300174208998214,11.820519138507404,7.880346092338269,-9.850432615422838,-3.9709359354930513,-5.956403903239577,17.730778707761107,16.875,11.337890625,-13.974609375,-3.33984375,-4.921875,19.51171875,-39.55078125,-21.97265625,35.15625,0.0,-4.39453125,-65.91796875,24.8,20.1,-21.5,3.2,7.2,11.2
9.300188791996334,9.303189375001239,11.691384796211537,7.794256530807691,-9.742820663509615,-3.9742839996621337,-5.9614259994932,17.537077194317302,16.69921875,11.25,-13.88671875,-3.33984375,-4.921875,19.248046875,-39.55078125,-21.97265625,35.15625,0.0,-4.39453125,-65.91796875,24.0,20.1,-21.5,3.2,7.2,10.4
9.303203749994282,9.30619829200441,11.563495493039634,7.7089969953597555,-9.636246244199704,-3.976923077385605,-5.965384616078407,17.34524323955945,16.611328125,11.162109375,-13.798828125,-3.33984375,-4.921875,19.072265625,-39.55078125,-21.97265625,35.15625,0.0,-4.39453125,-65.91796875,24.8,20.1,-21.5,3.2,7.2,10.4
9.306212666997453,9.310103958996478,11.4362021201694,7.624134746779601,-9.5301684334745,-3.978880828842973,-5.968321243264459,17.1543031802541,16.5234375,11.07421875,-13.7109375,-3.33984375,-4.921875,18.896484375,-43.9453125,-30.76171875,35.15625,0.0,-4.39453125,-65.91796875,24.8,20.1,-22.3,3.2,7.2,10.4
9.310118333989521,9.313191541994456,11.271498430013697,7.514332286675797,-9.392915358344748,-3.9804226414370865,-5.97063396215563,16.907247645020547,16.34765625,10.986328125,-13.53515625,-3.33984375,-4.921875,18.6328125,-43.9453125,-30.76171875,35.15625,0.0,-4.39453125,-65.91796875,24.8,20.1,-21.5,3.2,7.2,10.3
9.313205833983375,9.317124708992196,11.14173525673194,7.42782350448796,-9.28477938060995,-3.9808489168629846,-5.971273375294476,16.71260288509791,16.171875,10.8984375,-13.447265625,-3.33984375,-4.921875,18.45703125,-43.9453125,-30.76171875,35.15625,0.0,-4.39453125,-65.91796875,24.8,20.1,-21.5,3.2,7.2,11.1
9.317138791986508,9.320147624996025,10.977021977257062,7.318014651504708,-9.147518314380893,-3.980387653343959,-5.970581480015938,16.46553296588559,15.99609375,10.810546875,-13.359375,-3.33984375,-4.921875,18.193359375,-43.9453125,-30.76171875,35.15625,0.0,-4.39453125,-65.91796875,24.0,20.7,-22.5,3.2,7.2,11.3
9.32017308397917,9.323221250000643,10.850407746593868,7.233605164395912,-9.04200645549489,-3.9792695315128412,-5.968904297269262,16.275611619890803,15.908203125,10.72265625,-13.18359375,-3.33984375,-4.921875,18.017578125,-43.9453125,-30.76171875,35.15625,0.0,-4.39453125,-65.91796875,24.8,20.7,-21.7,3.2,7.2,12.1
9.323238374985522,9.327168208983494,10.722923267369373,7.148615511579581,-8.935769389474476,-3.9774718462800704,-5.966207769420106,16.084384901054058,15.732421875,10.634765625,-13.095703125,-3.33984375,-4.921875,17.841796875,-43.9453125,-30.76171875,35.15625,0.0,-4.39453125,-65.91796875,24.8,20.7,-21.7,3.2,7.2,12.1
9.327187999995658,9.331163916998776,10.559307494162974,7.039538329441982,-8.799422911802488,-3.974174542429738,-5.961261813644608,15.838961241244462,15.556640625,10.458984375,-13.0078125,-3.33984375,-4.921875,17.578125,-39.55078125,-26.3671875,35.15625,0.0,0.0,-65.91796875,24.8,19.9,-22.5,3.2,7.2,11.2
9.331181833986193,9.334277416986879,10.394627787900815,6.929751858600544,-8.66218982325068,-3.969728708615482,-5.954593062923223,15.591941681851223,15.380859375,10.37109375,-12.83203125,-3.33984375,-4.921875,17.314453125,-39.55078125,-26.3671875,35.15625,0.0,0.0,-65.91796875,24.0,19.9,-21.7,3.2,7.2,10.4
9.334295374981593,9.33814245898975,10.266798683999278,6.844532455999519,-8.555665569999398,-3.9654957256810675,-5.948243588521601,15.400198025998916,15.29296875,10.283203125,-12.65625,-3.33984375,-4.921875,17.138671875,-39.55078125,-26.3671875,35.15625,0.0,0.0,-65.91796875,24.8,19.9,-21.7,3.2,7.2,11.2
9.33816004198161,9.341246833995683,10.108826617610221,6.739217745073481,-8.424022181341861,-3.9593170100667994,-5.938975515100199,15.163239926415333,15.1171875,10.1953125,-12.568359375,-3.33984375,-4.921875,16.787109375,-39.55078125,-26.3671875,35.15625,0.0,0.0,-65.91796875,24.8,20.0,-22.4,3.2,7.2,10.3
9.341266417002771,9.345132333983202,9.982424096319498,6.654949397546332,-8.318686746932924,-3.9536159710934253,-5.930423956640138,14.973636144479245,14.94140625,10.107421875,-12.392578125,-3.33984375,-4.921875,16.69921875,-39.55078125,-26.3671875,35.15625,0.0,0.0,-65.91796875,24.0,20.0,-21.6,3.2,7.2,11.1
9.345150666980771,9.349145083979238,9.825108634544614,6.550072423029743,-8.187590528787169,-3.9455767172867278,-5.918365075930091,14.73766295181692,14.765625,10.01953125,-12.3046875,-3.33984375,-4.921875,16.435546875,-43.9453125,-30.76171875,35.15625,0.0,0.0,-65.91796875,24.0,20.8,-21.6,3.2,6.4,11.1
9.349167584005045,9.35229379197699,9.663308811238823,6.442205874159215,-8.052757342699019,-3.9362113122737954,-5.9043169684106935,14.494963216858233,14.58984375,9.84375,-12.12890625,-3.33984375,-4.921875,16.083984375,-43.9453125,-30.76171875,35.15625,0.0,0.0,-65.91796875,24.0,20.0,-21.6,3.2,6.3,9.6
9.35232554198592,9.356147541984683,9.536758999214374,6.357839332809583,-7.947299166011987,-3.928107178517339,-5.892160767776009,14.305138498821561,14.501953125,9.755859375,-12.041015625,-3.33984375,-4.921875,15.908203125,-43.9453125,-30.76171875,35.15625,0.0,0.0,-65.91796875,24.0,20.0,-21.6,3.2,6.3,8.8
9.356169292004779,9.359153458994115,9.383520864467858,6.255680576311906,-7.819600720389883,-3.917373748804146,-5.876060623206219,14.075281296701785,14.326171875,9.66796875,-11.953125,-3.33984375,-4.921875,15.732421875,-43.9453125,-30.76171875,35.15625,0.0,0.0,-61.5234375,24.0,20.0,-22.4,3.2,6.3,10.4
9.35917937499471,9.362172791996272,9.264140365408798,6.176093576939199,-7.720116971174,-3.9083097835305436,-5.862464675295815,13.896210548113197,14.150390625,9.580078125,-11.77734375,-3.33984375,-4.921875,15.556640625,-43.9453125,-30.76171875,35.15625,0.0,0.0,-61.5234375,23.9,20.0,-21.6,3.2,6.4,10.3
9.36219474999234,9.366130084003089,9.145109386370068,6.096739590913378,-7.620924488641715,-3.8986569447986055,-5.847985417197909,13.717664079555103,14.0625,9.4921875,-11.689453125,-3.33984375,-4.921875,15.380859375,-43.9453125,-30.76171875,35.15625,0.0,0.0,-61.5234375,23.9,20.0,-21.6,2.4,6.4,10.3
9.366149999987101,9.369189583987463,8.989843597947113,5.993229065298075,-7.491536331622585,-3.885136845736812,-5.827705268605218,13.484765396920668,13.88671875,9.404296875,-11.513671875,-3.33984375,-4.921875,15.1171875,-43.9453125,-26.3671875,35.15625,0.0,0.0,-61.5234375,23.9,20.0,-21.6,2.4,6.4,10.3
9.36920749998535,9.373091041983571,8.870506931420886,5.913671287613925,-7.392089109517406,-3.8740264346203683,-5.811039651930552,13.305760397131332,13.798828125,9.31640625,-11.42578125,-3.33984375,-4.921875,14.94140625,-43.9453125,-26.3671875,35.15625,0.0,0.0,-61.5234375,23.9,20.0,-21.6,2.4,5.5,8.9
9.373108874977333,9.376205084001413,8.719121892340544,5.812747928227029,-7.265934910283786,-3.8590270540330045,-5.788540581049507,13.078682838510817,13.623046875,9.140625,-11.337890625,-3.33984375,-4.921875,14.677734375,-43.9453125,-26.3671875,35.15625,0.0,0.0,-61.5234375,23.9,19.2,-21.6,2.4,5.5,8.1
9.37622283399105,9.380126667005243,8.5990194899616,5.732679659974401,-7.165849574968002,-3.846402246661944,-5.7696033699929155,12.898529234942403,13.53515625,9.052734375,-11.25,-3.33984375,-4.921875,14.58984375,-43.9453125,-26.3671875,35.15625,0.0,0.0,-61.5234375,24.7,19.9,-22.4,2.4,5.5,9.7
9.380143791990122,9.383263124997029,8.448729892225218,5.632486594816813,-7.040608243521016,-3.829693992043337,-5.744540988065006,12.673094838337828,13.359375,8.96484375,-11.07421875,-3.33984375,-4.921875,14.326171875,-43.9453125,-26.3671875,35.15625,0.0,0.0,-61.5234375,24.9,19.9,-21.6,2.4,5.6,9.5
9.383280209003715,9.387150166992797,8.329277552875794,5.552851701917197,-6.941064627396496,-3.8156870322409637,-5.723530548361446,12.493916329313693,13.271484375,8.876953125,-10.986328125,-3.33984375,-4.921875,14.150390625,-43.9453125,-30.76171875,35.15625,0.0,0.0,-61.5234375,24.9,19.9,-21.6,2.4,4.8,9.5
9.387171166978078,9.391128208982991,8.182051539322599,5.454701026215065,-6.818376282768832,-3.7975302468313195,-5.696295370246979,12.273077308983897,13.095703125,8.701171875,-10.8984375,-3.33984375,-4.921875,13.974609375,-39.55078125,-30.76171875,35.15625,0.0,0.0,-61.5234375,24.9,19.1,-22.4,1.6,4.7,10.5
9.391157000005478,9.395220834005158,8.032361492929422,5.354907661952947,-6.693634577441177,-3.778049920734081,-5.667074881101121,12.048542239394132,12.919921875,8.61328125,-10.72265625,-3.33984375,-4.921875,13.7109375,-39.55078125,-30.76171875,35.15625,0.0,0.0,-61.5234375,24.9,19.1,-21.6,1.6,4.7,9.7
9.395259499986423,9.399117958993884,7.87950192596135,5.253001283974233,-6.5662516049678,-3.7570857956757604,-5.635628693513641,11.819252888942025,12.83203125,8.525390625,-10.546875,-3.33984375,-4.921875,13.53515625,-39.55078125,-30.76171875,35.15625,0.0,0.0,-52.734375,24.9,19.2,-21.6,1.6,3.9,10.5
9.399150583980372,9.40214691698202,7.735675982846746,5.157117321897831,-6.446396652372297,-3.736362101274741,-5.604543151912112,11.60351397427012,12.65625,8.349609375,-10.37109375,-3.33984375,-4.921875,13.271484375,-39.55078125,-30.76171875,35.15625,0.0,0.0,-52.734375,24.8,19.2,-20.7,1.6,3.9,10.4
9.402199208998354,9.406109499977902,7.623788661969914,5.0825257746466095,-6.353157218308262,-3.7195644063932587,-5.579346609589889,11.43568299295487,12.568359375,8.26171875,-10.283203125,-3.33984375,-4.921875,13.095703125,-39.55078125,-30.76171875,35.15625,0.0,0.0,-52.734375,25.6,19.2,-21.5,1.6,3.9,10.4
9.406133499986026,9.409206791984616,7.480449415847144,4.986966277231429,-6.2337078465392795,-3.697171878207948,-5.545757817311923,11.220674123770717,12.392578125,8.173828125,-10.107421875,-3.33984375,-4.921875,12.919921875,-35.15625,-30.76171875,35.15625,0.0,0.0,-52.734375,24.8,19.2,-20.7,0.8,3.1,10.4
9.409228292002808,9.413091750000603,7.3685406516845635,4.912360434456375,-6.14045054307048,-3.679001378677177,-5.518502068015766,11.052810977526846,12.3046875,8.0859375,-10.01953125,-3.33984375,-4.921875,12.65625,-35.15625,-30.76171875,35.15625,0.0,0.0,-52.734375,25.6,19.2,-20.7,0.8,3.1,9.6
9.413108167005703,9.416183624998666,7.229308482855184,4.819538988570122,-6.024423735712654,-3.6555431894095576,-5.483314784114337,10.843962724282775,12.12890625,7.998046875,-9.931640625,-3.33984375,-4.921875,12.48046875,-35.15625,-30.76171875,35.15625,0.0,0.0,-57.12890625,25.6,19.2,-21.5,0.8,3.1,9.6
9.416198583989171,9.419235749985091,7.119265223384378,4.746176815589585,-5.932721019486975,-3.636328304829541,-5.454492457244312,10.678897835076567,11.953125,7.91015625,-9.84375,-3.33984375,-4.921875,12.3046875,-35.15625,-30.76171875,35.15625,0.0,0.0,-57.12890625,24.8,19.1,-21.6,0.8,2.3,9.6
9.419254042004468,9.423070666991407,7.0112241870661665,4.674149458044111,-5.842686822555146,-3.6168776528941264,-5.425316479341189,10.516836280599248,11.865234375,7.734375,-9.66796875,-3.33984375,-4.921875,12.041015625,-35.15625,-30.76171875,35.15625,0.0,0.0,-57.12890625,24.8,18.3,-20.8,-0.0,2.3,9.5
9.423088583978824,9.42616208398249,6.876712508446074,4.584475005630716,-5.7305937570383945,-3.5918423137483364,-5.387763470622505,10.31506876266911,11.689453125,7.646484375,-9.580078125,-3.33984375,-4.921875,11.865234375,-35.15625,-30.76171875,35.15625,0.0,0.0,-57.12890625,24.8,18.3,-20.8,-0.0,2.3,9.5
9.426179749978473,9.430110458983108,6.769160627102423,4.512773751401616,-5.640967189252012,-3.571163942644615,-5.356745913966923,10.153740940653634,11.513671875,7.55859375,-9.4921875,-3.427734375,-4.921875,11.689453125,-43.9453125,-30.76171875,35.15625,0.0,0.0,-57.12890625,24.0,18.3,-21.6,-0.0,1.5,7.8
9.430127625004388,9.433191291987896,6.632960361689076,4.4219735744593835,-5.527466968074229,-3.5441245675406354,-5.316186851310953,9.949440542533614,11.42578125,7.470703125,-9.31640625,-3.427734375,-4.921875,11.513671875,-43.9453125,-30.76171875,35.15625,0.0,0.0,-57.12890625,24.8,18.3,-20.8,-0.0,1.5,7.8
9.43320870900061,9.437099041999318,6.527576926340509,4.351717950893673,-5.4396474386171,-3.5225414203137104,-5.283812130470566,9.791365389510764,11.25,7.3828125,-9.228515625,-3.427734375,-4.921875,11.337890625,-43.9453125,-30.76171875,35.15625,0.0,0.0,-52.734375,24.8,18.3,-20.8,-0.0,0.7,8.6
9.437119124981109,9.440117291989736,6.394992320315618,4.263328213543745,-5.329160266929683,-3.494556587220665,-5.241834880830997,9.592488480473428,11.162109375,7.294921875,-9.140625,-3.427734375,-4.921875,11.162109375,-43.9453125,-30.76171875,35.15625,0.0,0.0,-52.734375,24.8,18.3,-21.5,-0.0,0.7,8.9
9.44013541698223,9.443228291987907,6.293621957376903,4.195747971584602,-5.244684964480753,-3.472528141854398,-5.2087922127815975,9.440432936065354,10.986328125,7.20703125,-8.96484375,-3.427734375,-4.921875,10.986328125,-43.9453125,-30.76171875,35.15625,0.0,0.0,-52.734375,24.8,18.3,-20.7,-0.0,0.7,10.5
9.443245834001573,9.44712145900121,6.1899152955529235,4.126610197035282,-5.158262746294103,-3.449418100856538,-5.174127151284807,9.284872943329384,10.8984375,7.119140625,-8.876953125,-3.427734375,-4.921875,10.810546875,-43.9453125,-26.3671875,30.76171875,0.0,0.0,-52.734375,24.8,17.5,-20.7,-0.0,-0.1,10.5
9.447139500000048,9.451101249986095,6.061287629593172,4.040858419728782,-5.051073024660977,-3.4199378946541334,-5.1299068419811995,9.09193144438976,10.72265625,7.03125,-8.7890625,-3.427734375,-4.921875,10.634765625,-35.15625,-26.3671875,30.76171875,0.0,0.0,-52.734375,24.8,18.3,-20.7,-0.0,-0.1,9.8
9.451120958983665,9.455096708989004,5.931144920968774,3.9540966139791824,-4.94262076747397,-3.3891767855441315,-5.083765178316197,8.896717381453161,10.546875,6.943359375,-8.701171875,-3.427734375,-4.921875,10.37109375,-35.15625,-26.3671875,30.76171875,0.0,0.0,-52.734375,24.0,18.3,-21.5,-0.0,-0.1,9.0
9.455119333986659,9.458226499991724,5.801872223239914,3.8679148154932754,-4.834893519366603,-3.357676702057236,-5.0365150530858545,8.70280833485987,10.458984375,6.767578125,-8.525390625,-3.427734375,-4.921875,10.1953125,-35.15625,-26.3671875,30.76171875,0.0,0.0,-52.734375,24.8,17.6,-20.7,-0.0,-0.1,9.8
9.45825662498828,9.462076208990766,5.7014463331767224,3.800964222117815,-4.751205277647262,-3.3325460200792176,-4.998819030118827,8.552169499765084,10.283203125,6.6796875,-8.4375,-3.427734375,-4.921875,10.01953125,-35.15625,-26.3671875,30.76171875,0.0,0.0,-52.734375,23.9,17.6,-20.7,-0.0,-0.0,8.6
9.462092792004114,9.465203667001333,5.579861853449482,3.7199079022996546,-4.649884877874562,-3.301336583230742,-4.952004874846113,8.369792780174224,10.1953125,6.591796875,-8.349609375,-3.427734375,-4.921875,9.755859375,-35.15625,-26.3671875,30.76171875,0.0,0.0,-52.734375,24.7,17.6,-20.7,-0.0,-0.0,8.6
9.465219666977646,9.469105500000296,5.481751748565842,3.654501165710561,-4.568126457138209,-3.27551757235395,-4.913276358530925,8.222627622848764,10.01953125,6.50390625,-8.173828125,-3.427734375,-4.921875,9.66796875,-39.55078125,-30.76171875,30.76171875,0.0,0.0,-52.734375,23.9,17.6,-19.9,-0.0,-0.0,9.4
9.469123833987396,9.473094291985035,5.3605150488557225,3.5736766992371485,-4.467095874046437,-3.242816183470862,-4.8642242752062925,8.040772573283585,9.84375,6.416015625,-8.0859375,-3.427734375,-4.921875,9.404296875,-39.55078125,-30.76171875,30.76171875,0.0,0.0,-52.734375,23.9,17.6,-20.7,-0.0,-0.0,8.0
9.473111999977846,9.477108458988369,5.238126987900284,3.4920846586001892,-4.3651058232502375,-3.208896481571214,-4.81334472235682,7.8571904818504255,9.66796875,6.328125,-7.91015625,-3.427734375,-4.921875,9.228515625,-39.55078125,-30.76171875,30.76171875,0.0,0.0,-52.734375,23.9,17.6,-19.9,-0.0,-0.0,7.2
9.477126041980227,9.480212958995253,5.116442249671645,3.4109614997810973,-4.263701874726364,-3.174250782024589,-4.761376173036883,7.674663374507468,9.580078125,6.15234375,-7.822265625,-3.427734375,-4.921875,9.052734375,-39.55078125,-30.76171875,30.76171875,0.0,0.0,-52.734375,23.9,16.7,-20.0,-0.0,-0.0,7.1
9.480230083980132,9.484095124993473,5.023380321672316,3.348920214448211,-4.186150268060263,-3.1471238652906584,-4.720685797935987,7.535070482508474,9.404296875,6.064453125,-7.734375,-3.427734375,-4.921875,8.96484375,-39.55078125,-30.76171875,30.76171875,0.0,0.0,-52.734375,24.0,15.9,-20.0,-0.0,-0.0,8.7
9.484114249993581,9.487200292001944,4.90821011373301,3.2721400758220067,-4.090175094777508,-3.112782258407983,-4.669173387611975,7.362315170599515,9.228515625,5.9765625,-7.646484375,-3.427734375,-4.921875,8.701171875,-43.9453125,-26.3671875,35.15625,0.0,0.0,-52.734375,23.2,15.9,-20.8,-0.0,-0.0,7.9
9.48721808398841,9.491124666994438,4.817206034995673,3.211470689997115,-4.014338362496394,-3.085033825162605,-4.627550737743908,7.225809052493509,9.140625,5.888671875,-7.470703125,-3.427734375,-4.921875,8.61328125,-43.9453125,-26.3671875,35.15625,0.0,0.0,-52.734375,24.0,15.9,-20.0,-0.8,-0.0,8.0
9.491142458980903,9.495097541977884,4.703458095793834,3.135638730529223,-3.9195484131615363,-3.0495758563346476,-4.574363784501971,7.055187143690752,8.96484375,5.80078125,-7.3828125,-3.427734375,-4.921875,8.4375,-43.9453125,-26.3671875,35.15625,0.0,0.0,-52.734375,23.2,15.9,-20.0,-0.8,-0.0,8.8
9.495114666991867,9.49820775000262,4.589825551654608,3.0598837011030713,-3.8248546263788397,-3.013278173184564,-4.519917259776846,6.8847383274819105,8.7890625,5.712890625,-7.20703125,-3.427734375,-4.921875,8.26171875,-43.9453125,-26.3671875,35.15625,0.0,0.0,-43.9453125,23.2,15.9,-19.2,-0.8,-0.8,8.8
9.49822516698623,9.502092874987284,4.501903321651559,3.0012688811010393,-3.7515861013762994,-2.984580880260531,-4.476871320390797,6.752854982477338,8.701171875,5.625,-7.119140625,-3.427734375,-4.921875,8.173828125,-43.9453125,-26.3671875,35.15625,0.0,0.0,-43.9453125,23.1,15.9,-20.0,-1.6,-1.8,8.9
9.50211487498018,9.506203917000676,4.39327067465321,2.9288471164354726,-3.6610588955443357,-2.948371531061541,-4.422557296592312,6.5899060119798145,8.525390625,5.537109375,-7.03125,-3.427734375,-4.921875,7.91015625,-43.9453125,-26.3671875,30.76171875,0.0,0.0,-43.9453125,23.1,15.9,-20.0,-1.6,-1.8,8.1
9.506242916977499,9.510059041989734,4.279586193103394,2.8530574620689295,-3.5663218275861626,-2.909569617722177,-4.364354426583265,6.41937928965509,8.349609375,5.44921875,-6.85546875,-3.427734375,-4.921875,7.734375,-35.15625,-21.97265625,30.76171875,0.0,0.0,-43.9453125,22.3,15.9,-19.2,-1.6,-2.5,7.9
9.510095249977894,9.513030542002525,4.17499044907274,2.783326966048494,-3.479158707560624,-2.8730306373838395,-4.309545956075759,6.262485673609111,8.173828125,5.361328125,-6.767578125,-3.427734375,-4.921875,7.55859375,-35.15625,-21.97265625,30.76171875,0.0,0.0,-43.9453125,22.3,15.9,-19.2,-2.4,-2.5,7.9
9.513058166980045,9.516049541998655,4.09552905427996,2.7303527028533066,-3.4129408785666335,-2.8447231417775205,-4.26708471266628,6.14329358141994,8.0859375,5.2734375,-6.6796875,-3.427734375,-4.921875,7.470703125,-35.15625,-21.97265625,30.76171875,0.0,0.0,-48.33984375,21.5,15.9,-19.2,-2.4,-3.3,7.1
9.516086749994429,9.52000304198009,4.015194483519778,2.6767963223465188,-3.3459954029331485,-2.8156136192679573,-4.223420428901936,6.022791725279666,7.91015625,5.185546875,-6.591796875,-3.427734375,-4.921875,7.294921875,-35.15625,-21.97265625,30.76171875,0.0,0.0,-48.33984375,21.5,15.1,-19.1,-3.2,-3.3,7.1
9.520033749984577,9.52302491699811,3.9118487791570087,2.6078991861046723,-3.2598739826308405,-2.777425618072967,-4.166138427109451,5.867773168735512,7.822265625,5.09765625,-6.50390625,-3.427734375,-4.921875,7.119140625,-35.15625,-21.97265625,30.76171875,0.0,0.0,-48.33984375,21.4,15.1,-19.1,-3.2,-4.1,7.1
9.523051416996168,9.526012583984993,3.833869009574845,2.5559126730498964,-3.1948908413123704,-2.748048199487001,-4.122072299230502,5.750803514362267,7.822265625,5.009765625,-6.416015625,-3.427734375,-4.921875,7.03125,-35.15625,-26.3671875,30.76171875,0.0,0.0,-48.33984375,22.2,15.1,-19.1,-3.2,-4.9,6.3
9.526034458976937,9.529050791985355,3.757665287129719,2.5051101914198126,-3.1313877392747664,-2.7188628671739976,-4.078294300760997,5.636497930694578,7.646484375,4.921875,-6.328125,-3.427734375,-4.921875,6.943359375,-39.55078125,-26.3671875,30.76171875,0.0,0.0,-48.33984375,21.4,15.1,-19.1,-4.0,-4.9,7.2
9.529100374988047,9.532061459001852,3.680258859809455,2.453505906539637,-3.0668823831745406,-2.688725053736968,-4.033087580605452,5.520388289714183,7.470703125,4.921875,-6.15234375,-3.427734375,-4.921875,6.767578125,-39.55078125,-26.3671875,30.76171875,0.0,0.0,-48.33984375,21.4,15.1,-18.3,-4.0,-5.8,7.2
9.53209270897787,9.535044791991822,3.605605064803385,2.403736709868923,-3.00467088733616,-2.659180399350834,-3.9887705990262505,5.408407597205077,7.3828125,4.833984375,-6.064453125,-3.427734375,-4.921875,6.6796875,-39.55078125,-26.3671875,30.76171875,0.0,0.0,-39.55078125,21.4,15.1,-18.3,-4.0,-5.8,7.2
9.535074916988378,9.538040999992518,3.532084312073322,2.3547228747155478,-2.9434035933944287,-2.62961597284698,-3.94442395927047,5.298126468109983,7.294921875,4.74609375,-5.9765625,-3.427734375,-4.921875,6.591796875,-39.55078125,-26.3671875,30.76171875,0.0,0.0,-39.55078125,21.4,15.2,-18.3,-4.8,-6.6,8.0
9.538072166993516,9.541019208991202,3.4590790232939277,2.306052682195952,-2.8825658527449463,-2.599790105200464,-3.8996851578006955,5.1886185349408915,7.20703125,4.658203125,-5.9765625,-3.427734375,-4.921875,6.50390625,-39.55078125,-26.3671875,30.76171875,0.0,0.0,-39.55078125,21.5,14.4,-19.1,-4.8,-6.6,9.0
9.541046792000998,9.54404741700273,3.3875038423533064,2.258335894902204,-2.8229198686277557,-2.5700860742187177,-3.8551291113280763,5.08125576352996,7.119140625,4.5703125,-5.80078125,-3.427734375,-4.921875,6.328125,-39.55078125,-26.3671875,30.76171875,0.0,0.0,-39.55078125,21.5,14.4,-17.5,-4.8,-7.4,8.2
9.544081416999688,9.547023291990627,3.3153876796587594,2.2102584531058396,-2.762823066382306,-2.53968510889755,-3.809527663346325,4.973081519488139,6.943359375,4.5703125,-5.712890625,-3.427734375,-4.921875,6.240234375,-35.15625,-21.97265625,30.76171875,0.0,0.0,-39.55078125,20.7,15.2,-17.5,-5.8,-7.4,7.4
9.547051250003278,9.549959166994086,3.2456942029447284,2.1637961352964856,-2.704745169120602,-2.5098456422591138,-3.7647684633886707,4.868541304417093,6.85546875,4.482421875,-5.712890625,-3.427734375,-4.921875,6.15234375,-35.15625,-21.97265625,30.76171875,0.0,0.0,-39.55078125,20.7,14.4,-18.3,-5.8,-8.2,7.8
9.549991958978353,9.553018791979412,3.1775448042040018,2.118363202802668,-2.6479540035033353,-2.480221200799132,-3.720331801198698,4.766317206306003,6.767578125,4.39453125,-5.537109375,-3.427734375,-4.921875,5.9765625,-35.15625,-21.97265625,30.76171875,0.0,0.0,-39.55078125,20.7,14.4,-17.5,-5.8,-8.2,7.8
9.553049749985803,9.556110292003723,3.107590129095501,2.071726752730334,-2.5896584409129235,-2.449343593379231,-3.674015390068847,4.661385193643252,6.6796875,4.306640625,-5.44921875,-3.427734375,-4.921875,5.888671875,-35.15625,-21.97265625,30.76171875,0.0,0.0,-39.55078125,20.7,14.4,-17.5,-6.4,-9.0,7.8
9.556148250005208,9.559128499997314,3.0376481035348126,2.025098735689875,-2.5313734196123496,-2.4179868840516856,-3.6269803260775286,4.556472155302219,6.591796875,4.306640625,-5.361328125,-3.427734375,-4.921875,5.712890625,-35.15625,-21.97265625,30.76171875,0.0,0.0,-39.55078125,20.7,14.3,-17.5,-6.4,-8.9,7.2
9.559158416988794,9.563026708987309,2.9706094401289467,1.9804062934192979,-2.475507866774123,-2.387466865734313,-3.5812002986014697,4.45591416019342,6.50390625,4.21875,-5.2734375,-3.427734375,-4.833984375,5.625,-35.15625,-21.97265625,30.76171875,0.0,0.0,-39.55078125,20.7,14.3,-16.7,-6.4,-8.9,6.4
9.56305974998395,9.566055125003913,2.8850562558634736,1.9233708372423155,-2.404213546552895,-2.3478406907455103,-3.5217610361182654,4.32758438379521,6.328125,4.130859375,-5.185546875,-3.33984375,-4.74609375,5.537109375,-35.15625,-21.97265625,26.3671875,0.0,4.39453125,-39.55078125,19.9,14.3,-16.7,-6.4,-8.1,7.2
9.566091874992708,9.569203416991513,2.819601819656428,1.8797345464376185,-2.3496681830470236,-2.3169982979017467,-3.4754974468526205,4.229402729484642,6.15234375,4.04296875,-5.09765625,-3.33984375,-4.5703125,5.361328125,-35.15625,-21.97265625,26.3671875,0.0,4.39453125,-39.55078125,19.1,13.5,-16.7,-6.4,-7.0,7.2
9.569245583988959,9.573052541993093,2.752484371099799,1.8349895807331993,-2.2937369759164996,-2.2848871508426227,-3.4273307262639334,4.128726556649698,6.064453125,3.955078125,-5.009765625,-3.251953125,-4.5703125,5.2734375,-35.15625,-21.97265625,26.3671875,0.0,4.39453125,-39.55078125,19.1,13.5,-16.7,-6.4,-7.0,7.2
9.573087291995762,9.576191333995666,2.6720474726952324,1.7813649817968218,-2.2267062272460274,-2.245739730218917,-3.3686095953283752,4.008071209042849,5.9765625,3.955078125,-4.921875,-3.251953125,-4.39453125,5.09765625,-35.15625,-21.97265625,26.3671875,0.0,4.39453125,-35.15625,19.1,14.3,-16.7,-6.4,-7.0,5.6
9.576210999977775,9.579986833996372,2.607712720018002,1.738475146678668,-2.1730939333483406,-2.2138942745814942,-3.320841411872241,3.911569080027003,5.888671875,3.8671875,-4.833984375,-3.251953125,-4.306640625,5.009765625,-35.15625,-21.97265625,26.3671875,0.0,4.39453125,-35.15625,19.1,13.5,-16.7,-6.4,-6.3,5.4
9.580008874996565,9.583105416997569,2.530781478821468,1.6871876525476452,-2.1089845656845574,-2.1751718290228936,-3.2627577435343404,3.796172218232202,5.80078125,3.779296875,-4.74609375,-3.1640625,-4.306640625,4.921875,-35.15625,-21.97265625,26.3671875,13.18359375,4.39453125,-35.15625,19.2,13.5,-16.7,-6.4,-6.3,6.2
9.583122124982765,9.585996833979152,2.468770362825596,1.645846908550397,-2.0573086356879964,-2.1434366691792777,-3.2151550037689165,3.703155544238393,5.712890625,3.69140625,-4.658203125,-3.1640625,-4.21875,4.833984375,-30.76171875,-21.97265625,26.3671875,13.18359375,30.76171875,-35.15625,19.2,12.7,-15.9,-6.4,-6.3,5.4
9.586012458981713,9.589078166987747,2.4120457530560624,1.6080305020373749,-2.010038127546723,-2.113987474067093,-3.1709812111006395,3.6180686295840934,5.625,3.603515625,-4.5703125,-3.076171875,-4.130859375,4.74609375,-30.76171875,-21.97265625,26.3671875,13.18359375,30.76171875,-35.15625,19.2,12.7,-15.9,-6.4,-5.5,6.5
9.5890985839942,9.592086499993457,2.352375952319779,1.5682506348798524,-1.9603132935998209,-2.082565764135114,-3.1238486462026716,3.5285639284796684,5.537109375,3.603515625,-4.5703125,-3.076171875,-4.130859375,4.658203125,-30.76171875,-21.97265625,26.3671875,13.18359375,30.76171875,-35.15625,19.2,13.5,-16.7,-6.4,-6.3,6.5
9.592104374984046,9.595185083977412,2.2951478445628486,1.530098563041899,-1.9126232038023787,-2.0519918513461888,-3.077987777019283,3.442721766844273,5.44921875,3.515625,-4.482421875,-2.98828125,-4.04296875,4.5703125,-30.76171875,-21.97265625,26.3671875,13.18359375,30.76171875,-30.76171875,19.2,12.7,-16.7,-5.6,-5.5,6.5
9.595201999996789,9.599095541983843,2.237085878836937,1.4913905858912913,-1.86423823236411,-2.02052270279958,-3.03078405419937,3.355628818255406,5.361328125,3.427734375,-4.39453125,-2.98828125,-4.04296875,4.482421875,-30.76171875,-21.97265625,26.3671875,13.18359375,30.76171875,-30.76171875,19.2,12.7,-15.9,-6.4,-6.3,7.3
9.599114124983316,9.602214916987577,2.165078908583278,1.4433859390555184,-1.8042324238194025,-1.9808479234995653,-2.9712718852493483,3.2476183628749165,5.185546875,3.427734375,-4.306640625,-2.98828125,-3.955078125,4.39453125,-30.76171875,-21.97265625,26.3671875,8.7890625,30.76171875,-30.76171875,18.3,12.7,-15.9,-6.4,-6.4,6.5
9.602233416982926,9.606017874990357,2.108718282176202,1.405812188117468,-1.7572652351468354,-1.9492789181985026,-2.923918377297754,3.163077423264303,5.09765625,3.33984375,-4.130859375,-2.900390625,-3.955078125,4.306640625,-30.76171875,-21.97265625,26.3671875,8.7890625,13.18359375,-30.76171875,18.3,12.7,-15.1,-5.6,-6.4,7.3
9.606041541992454,9.609109958983026,2.041173087742023,1.3607820584946821,-1.7009775731183572,-1.9108299105621238,-2.866244865843186,3.0617596316130347,5.009765625,3.251953125,-4.04296875,-2.900390625,-3.8671875,4.21875,-30.76171875,-17.578125,26.3671875,8.7890625,13.18359375,-30.76171875,18.3,11.9,-15.1,-6.4,-6.5,6.3
9.609129583986942,9.612193958979333,1.987414186780354,1.3249427911869027,-1.6561784889836286,-1.8797345506031555,-2.8196018259047335,2.981121280170531,4.921875,3.251953125,-4.04296875,-2.8125,-3.8671875,4.130859375,-30.76171875,-17.578125,26.3671875,8.7890625,13.18359375,-30.76171875,18.3,12.7,-15.1,-5.6,-6.5,7.1
9.612212167005055,9.616002624999965,1.9346520930725806,1.2897680620483871,-1.6122100775604842,-1.8487769291102065,-2.77316539366531,2.901978139608871,4.833984375,3.1640625,-3.955078125,-2.8125,-3.8671875,3.955078125,-30.76171875,-17.578125,26.3671875,8.7890625,13.18359375,-26.3671875,18.3,11.9,-15.1,-6.4,-7.3,5.5
9.616024291986832,9.619049125001766,1.8706432225789111,1.2470954817192743,-1.5588693521490968,-1.8106185338990257,-2.7159278008485384,2.8059648338683667,4.658203125,3.076171875,-3.8671875,-2.724609375,-3.8671875,3.8671875,-30.76171875,-17.578125,26.3671875,8.7890625,13.18359375,-26.3671875,17.5,11.9,-15.0,-5.6,-7.3,5.5
9.61906454199925,9.622084125003312,1.8205729918686395,1.2137153279124264,-1.5171441598905295,-1.780295103632737,-2.6704426554491056,2.7308594878029595,4.658203125,2.98828125,-3.779296875,-2.724609375,-3.779296875,3.779296875,-30.76171875,-17.578125,26.3671875,13.18359375,13.18359375,-26.3671875,17.4,11.1,-14.2,-5.6,-7.3,6.3
9.62209933399572,9.625176917004865,1.7714538849121026,1.1809692566080685,-1.476211570760082,-1.7501301033552066,-2.62519515503281,2.6571808273681543,4.5703125,2.98828125,-3.69140625,-2.724609375,-3.69140625,3.779296875,-30.76171875,-17.578125,26.3671875,13.18359375,13.18359375,-26.3671875,17.4,11.9,-14.2,-6.4,-7.3,6.3
9.625191166996956,9.629065999994054,1.7222920245831566,1.1481946830554377,-1.4352433538192972,-1.7195123258704201,-2.5792684888056305,2.5834380368747345,4.482421875,2.900390625,-3.69140625,-2.724609375,-3.69140625,3.69140625,-30.76171875,-21.97265625,26.3671875,13.18359375,13.18359375,-26.3671875,17.4,11.1,-14.2,-6.4,-7.3,7.4
9.629080083977897,9.632100374990841,1.6617107840197358,1.1078071893464907,-1.3847589866831131,-1.681176224536331,-2.5217643368044964,2.492566176029604,4.306640625,2.8125,-3.603515625,-2.63671875,-3.69140625,3.515625,-30.76171875,-21.97265625,26.3671875,13.18359375,13.18359375,-26.3671875,16.6,11.1,-14.2,-5.6,-8.1,6.6
9.632114709005691,9.635072374978336,1.6154029373639185,1.0769352915759458,-1.3461691144699288,-1.6514057081838538,-2.477108562275781,2.423104406045878,4.21875,2.8125,-3.515625,-2.63671875,-3.603515625,3.427734375,-30.76171875,-21.97265625,26.3671875,13.18359375,13.18359375,-26.3671875,16.6,11.1,-14.2,-6.4,-7.3,5.8
9.63508979199105,9.63807241700124,1.570820136996539,1.0472134246643594,-1.3090167808304496,-1.62234921678892,-2.43352382518338,2.3562302054948083,4.21875,2.724609375,-3.427734375,-2.548828125,-3.603515625,3.33984375,-30.76171875,-21.97265625,26.3671875,13.18359375,13.18359375,-26.3671875,16.6,11.1,-13.5,-5.6,-8.1,5.4
9.638092541979859,9.641150874987943,1.526637672081156,1.017758448054104,-1.272198060067627,-1.5931594448487152,-2.3897391672730732,2.289956508121734,4.04296875,2.724609375,-3.427734375,-2.548828125,-3.515625,3.251953125,-30.76171875,-21.97265625,26.3671875,8.7890625,13.18359375,-26.3671875,15.9,11.1,-14.3,-6.4,-7.2,4.6
9.64116579198162,9.645067749981536,1.4822605455902975,0.9881736970601983,-1.235217121325248,-1.5634335165133841,-2.3451502747700763,2.2233908183854463,4.04296875,2.63671875,-3.33984375,-2.548828125,-3.427734375,3.251953125,-30.76171875,-21.97265625,17.578125,8.7890625,13.18359375,-26.3671875,16.7,10.3,-13.5,-6.4,-7.2,6.2
9.645082624978386,9.64809541698196,1.42692930448401,0.95128620298934,-1.1891077537366752,-1.5257775179413768,-2.2886662769120654,2.140393956726015,3.955078125,2.548828125,-3.251953125,-2.4609375,-3.427734375,3.076171875,-26.3671875,-13.18359375,17.578125,8.7890625,13.18359375,-26.3671875,15.9,10.3,-13.5,-5.6,-7.2,5.6
9.648113542003557,9.65102887499961,1.385049998547741,0.923366665698494,-1.1542083321231211,-1.496823269685323,-2.2452349045279845,2.077574997821612,3.8671875,2.548828125,-3.1640625,-2.4609375,-3.33984375,3.076171875,-26.3671875,-13.18359375,17.578125,8.7890625,13.18359375,-26.3671875,15.9,10.3,-13.5,-6.4,-7.1,5.6
9.651046333980048,9.654095874982886,1.3452991061182458,0.8968660707454972,-1.121082588431875,-1.4689663622218851,-2.203449543332828,2.0179486591773683,3.779296875,2.4609375,-3.1640625,-2.373046875,-3.251953125,2.98828125,-26.3671875,-13.18359375,17.578125,8.7890625,13.18359375,-26.3671875,15.9,10.3,-13.5,-5.6,-6.3,5.6
9.65412241697777,9.657987749989843,1.3044168779629466,0.8696112519752978,-1.0870140649691225,-1.439923729229021,-2.1598855938435313,1.9566253169444199,3.69140625,2.4609375,-3.076171875,-2.373046875,-3.1640625,2.98828125,-26.3671875,-13.18359375,17.578125,8.7890625,13.18359375,-26.3671875,15.1,10.3,-12.7,-5.6,-6.3,5.6
9.658078541979194,9.661113708978519,1.2530493540618877,0.8353662360412583,-1.0442077950515731,-1.4028463477398576,-2.1042695216097864,1.8795740310928313,3.603515625,2.373046875,-2.98828125,-2.373046875,-3.1640625,2.900390625,-26.3671875,-13.18359375,17.578125,8.7890625,13.18359375,-26.3671875,15.0,10.3,-12.7,-6.4,-6.3,6.4
9.661131542001385,9.664014791982481,1.2143319133006452,0.8095546088670967,-1.0119432610838743,-1.3744518672611177,-2.0616778008916765,1.8214978699509676,3.515625,2.28515625,-2.900390625,-2.28515625,-3.076171875,2.8125,-26.3671875,-13.18359375,21.97265625,8.7890625,13.18359375,-26.3671875,15.0,9.5,-12.7,-5.6,-6.3,6.4
9.664033541979734,9.667101458995603,1.1782691018236817,0.7855127345491212,-0.9818909181863986,-1.3476444873843922,-2.0214667310765884,1.7674036527355224,3.427734375,2.28515625,-2.900390625,-2.28515625,-3.076171875,2.724609375,-21.97265625,-17.578125,21.97265625,8.7890625,17.578125,-26.3671875,14.2,9.5,-12.7,-5.6,-7.1,5.6
9.66711724997731,9.670090792002156,1.140732064545465,0.76048804303031,-0.9506100537878878,-1.3193595885735128,-1.9790393828602693,1.7110980968181975,3.427734375,2.28515625,-2.8125,-2.28515625,-3.076171875,2.63671875,-21.97265625,-17.578125,21.97265625,8.7890625,17.578125,-26.3671875,15.0,9.5,-11.9,-6.4,-7.3,4.8
9.670107458980056,9.673092958983034,1.1050982410683032,0.7367321607122022,-0.9209152008902499,-1.2921357167071454,-1.9382035750607183,1.6576473616024545,3.33984375,2.197265625,-2.8125,-2.197265625,-2.98828125,2.63671875,-21.97265625,-17.578125,21.97265625,8.7890625,17.578125,-26.3671875,14.2,9.5,-12.7,-5.6,-6.5,5.6
9.67310804198496,9.677049999998417,1.070091699137842,0.7133944660918947,-0.8917430826148657,-1.2650242578774509,-1.897536386816176,1.605137548706763,3.251953125,2.197265625,-2.724609375,-2.197265625,-2.900390625,2.548828125,-21.97265625,-17.578125,21.97265625,8.7890625,17.578125,-17.578125,14.2,9.5,-11.9,-5.6,-6.5,5.6
9.677067583979806,9.680123708996689,1.025037762025192,0.6833585080167948,-0.8541981350209935,-1.22957447766302,-1.8443617164945298,1.537556643037788,3.1640625,2.109375,-2.63671875,-2.109375,-2.900390625,2.4609375,-21.97265625,-17.578125,21.97265625,8.7890625,17.578125,-17.578125,14.3,9.4,-11.8,-5.6,-6.3,5.6
9.680141291988548,9.684050374984508,0.9909491556618358,0.6606327704412238,-0.8257909630515327,-1.202318556731747,-1.8034778350976206,1.4864237334927537,3.076171875,2.109375,-2.548828125,-2.109375,-2.8125,2.4609375,-21.97265625,-17.578125,17.578125,8.7890625,17.578125,-17.578125,13.5,9.4,-11.0,-5.6,-6.3,6.4
9.684068542002933,9.687039499985985,0.9485086286392184,0.632339085759479,-0.7904238571993488,-1.1678379681541264,-1.7517569522311895,1.4227629429588275,2.98828125,2.021484375,-2.4609375,-2.109375,-2.8125,2.373046875,-26.3671875,-8.7890625,17.578125,8.7890625,13.18359375,-17.578125,13.5,8.6,-11.0,-5.6,-6.3,5.6
9.687057624978479,9.690143624990014,0.917035681703797,0.6113571211358647,-0.764196401419831,-1.1418594527521224,-1.7127891791281835,1.3755535225556956,2.900390625,2.021484375,-2.4609375,-2.109375,-2.724609375,2.28515625,-26.3671875,-8.7890625,17.578125,8.7890625,13.18359375,-17.578125,12.7,8.6,-11.0,-6.4,-6.5,4.8
9.690159874997335,9.694049374986207,0.8851209430132003,0.590080628675467,-0.7376007858443362,-1.1151454782161754,-1.6727182173242627,1.3276814145198004,2.8125,1.93359375,-2.373046875,-2.021484375,-2.724609375,2.28515625,-26.3671875,-8.7890625,17.578125,8.7890625,13.18359375,-17.578125,12.7,8.6,-11.0,-5.6,-7.3,5.6
9.69406437498401,9.697114334005164,0.8460265785712715,0.5640177190475143,-0.7050221488093907,-1.0818904673979217,-1.6228357010968828,1.2690398678569073,2.8125,1.93359375,-2.28515625,-2.021484375,-2.724609375,2.197265625,-26.3671875,-8.7890625,17.578125,8.7890625,13.18359375,-21.97265625,13.5,8.8,-10.3,-5.6,-7.3,5.6
9.697128708998207,9.701034833997255,0.8161730346142947,0.5441153564095297,-0.6801441955119101,-1.056084121216286,-1.5841261818244292,1.224259551921442,2.724609375,1.845703125,-2.28515625,-2.021484375,-2.63671875,2.109375,-26.3671875,-8.7890625,17.578125,8.7890625,13.18359375,-21.97265625,12.6,8.0,-10.3,-6.4,-7.2,5.6
9.70105124998372,9.704119500005618,0.7790085485121372,0.5193390323414248,-0.6491737904267811,-1.0234346352219392,-1.5351519528329087,1.1685128227682058,2.63671875,1.845703125,-2.197265625,-1.93359375,-2.548828125,2.109375,-26.3671875,-8.7890625,17.578125,8.7890625,13.18359375,-21.97265625,12.6,8.8,-10.3,-5.6,-6.4,5.6
9.704134458996123,9.707146166998427,0.7506139825445906,0.5004093216963936,-0.6255116521204944,-0.9980801649468829,-1.4971202474203245,1.1259209738168858,2.548828125,1.845703125,-2.197265625,-1.93359375,-2.4609375,2.021484375,-17.578125,-13.18359375,17.578125,8.7890625,13.18359375,-21.97265625,11.8,8.8,-10.3,-5.6,-6.4,4.8
9.707163416984258,9.711088291980559,0.7234112063408576,0.48227413756057175,-0.6028426719507126,-0.9734414100084648,-1.4601621150126973,1.0851168095112866,2.548828125,1.7578125,-2.109375,-1.845703125,-2.4609375,2.021484375,-17.578125,-13.18359375,17.578125,8.7890625,13.18359375,-21.97265625,11.8,8.0,-9.5,-5.6,-6.3,5.6
9.711105166992638,9.715091458987445,0.6890250655007202,0.4593500436671467,-0.5741875545839314,-0.9417848409761032,-1.412677261464155,1.0335375982510802,2.4609375,1.7578125,-2.109375,-1.845703125,-2.373046875,1.93359375,-17.578125,-13.18359375,17.578125,8.7890625,13.18359375,-13.18359375,11.8,8.8,-10.3,-5.6,-5.5,5.6
9.71512295899447,9.719054249988403,0.6551394285754244,0.4367596190502828,-0.5459495238128538,-0.9100002325634892,-1.3650003488452338,0.9827091428631365,2.373046875,1.669921875,-2.021484375,-1.845703125,-2.373046875,1.845703125,-17.578125,-13.18359375,17.578125,8.7890625,13.18359375,-13.18359375,11.0,7.9,-9.5,-5.6,-6.4,4.7
9.71907187497709,9.722162583988393,0.6229615701621827,0.4153077134414551,-0.519134641801821,-0.8792442768905133,-1.31886641533577,0.934442355243274,2.28515625,1.58203125,-1.93359375,-1.7578125,-2.28515625,1.845703125,-17.578125,-13.18359375,17.578125,8.7890625,13.18359375,-13.18359375,11.1,7.1,-9.5,-5.6,-5.6,5.5
9.722189166990574,9.726049958990188,0.5983373192539294,0.3988915461692863,-0.498614432711608,-0.8553097314830965,-1.2829645972246448,0.8975059788808941,2.28515625,1.58203125,-1.93359375,-1.7578125,-2.28515625,1.7578125,-17.578125,-13.18359375,13.18359375,8.7890625,13.18359375,-13.18359375,11.1,7.1,-9.5,-5.6,-6.4,4.7
9.72606695900322,9.729156249988591,0.5686479608330604,0.3790986405553736,-0.4738733006942172,-0.8259666622111794,-1.238949993316769,0.8529719412495906,2.197265625,1.58203125,-1.845703125,-1.7578125,-2.197265625,1.7578125,-17.578125,-13.18359375,13.18359375,8.7890625,13.18359375,-13.18359375,11.1,7.9,-8.7,-5.6,-5.5,5.6
9.729173500003526,9.73305008400348,0.5456062377291443,0.36373749181942955,-0.45467186477428706,-0.8028086742703021,-1.2042130114054532,0.8184093565937164,2.197265625,1.58203125,-1.845703125,-1.669921875,-2.197265625,1.7578125,-17.578125,-13.18359375,13.18359375,8.7890625,13.18359375,-13.18359375,11.1,7.9,-8.7,-5.6,-6.3,5.6
9.733069499983685,9.736164166999515,0.5176278926237972,0.34508526174919807,-0.4313565771864961,-0.774210522977504,-1.161315784466256,0.7764418389356957,2.109375,1.494140625,-1.7578125,-1.669921875,-2.109375,1.669921875,-17.578125,-13.18359375,13.18359375,8.7890625,13.18359375,-13.18359375,10.3,7.1,-8.7,-5.6,-5.5,5.6
9.73618241699296,9.740058416995453,0.49599673185198206,0.33066448790132136,-0.4133306098766519,-0.7517206048934221,-1.1275809073401333,0.743995097777973,2.021484375,1.494140625,-1.7578125,-1.58203125,-2.109375,1.669921875,-17.578125,-13.18359375,13.18359375,13.18359375,13.18359375,-13.18359375,10.2,7.1,-8.7,-4.8,-6.5,5.7
9.740081291995011,9.744095959002152,0.4697954226483599,0.3131969484322399,-0.3914961855403,-0.7240090794349525,-1.0860136191524288,0.7046931339725399,1.93359375,1.40625,-1.669921875,-1.58203125,-2.109375,1.58203125,-17.578125,-13.18359375,13.18359375,13.18359375,13.18359375,-13.18359375,9.4,6.3,-7.9,-4.8,-6.5,5.7
9.744134209002368,9.747042624978349,0.44359115667377635,0.29572743778251753,-0.369659297228147,-0.6957473208907213,-1.0436209813360822,0.6653867350106645,1.93359375,1.40625,-1.669921875,-1.58203125,-2.021484375,1.494140625,-17.578125,-8.7890625,13.18359375,13.18359375,8.7890625,-13.18359375,9.4,7.1,-8.7,-5.6,-6.5,4.9
9.747071791993221,9.749964999995427,0.42524412529103617,0.28349608352735745,-0.3543701044091984,-0.675613727490305,-1.0134205912354575,0.6378661879365541,1.845703125,1.40625,-1.58203125,-1.58203125,-2.021484375,1.494140625,-17.578125,-8.7890625,13.18359375,13.18359375,8.7890625,-13.18359375,9.4,7.1,-7.9,-5.6,-6.4,4.7
9.749994833982782,9.752998166979523,0.4075178533182597,0.2716785688788398,-0.3395982110985499,-0.6558750318926793,-0.9838125478390188,0.6112767799773896,1.845703125,1.40625,-1.58203125,-1.58203125,-2.021484375,1.40625,-17.578125,-8.7890625,13.18359375,13.18359375,8.7890625,-13.18359375,9.4,7.1,-7.9,-5.6,-6.4,3.9
9.753031125001144,9.755954333988484,0.3896559885996307,0.2597706590664205,-0.32471332383302426,-0.635685800958429,-0.9535287014376433,0.5844839828994461,1.7578125,1.318359375,-1.58203125,-1.494140625,-1.93359375,1.40625,-17.578125,-8.7890625,13.18359375,13.18359375,8.7890625,-13.18359375,8.6,6.3,-7.9,-5.6,-6.4,4.7
9.75597962498432,9.758950458985055,0.37283971108074165,0.2485598073871611,-0.3106997592339528,-0.616388937708161,-0.9245834065622416,0.5592595666211124,1.7578125,1.318359375,-1.58203125,-1.494140625,-1.93359375,1.40625,-17.578125,-8.7890625,13.18359375,0.0,8.7890625,-13.18359375,8.6,6.3,-7.9,-5.6,-6.4,4.8
9.758975749980891,9.761988333979389,0.35627728308375906,0.23751818872250607,-0.2968977359031327,-0.5970939793642644,-0.8956409690463967,0.5344159246256387,1.669921875,1.318359375,-1.494140625,-1.494140625,-1.845703125,1.318359375,-17.578125,-8.7890625,13.18359375,0.0,8.7890625,-13.18359375,8.6,6.3,-7.9,-5.6,-5.6,4.0
9.762033749982947,9.764974916994106,0.33991001118489295,0.226606674123262,-0.28325834265407634,-0.5777285564563124,-0.8665928346844686,0.5098650167773395,1.669921875,1.318359375,-1.494140625,-1.40625,-1.845703125,1.318359375,-13.18359375,-4.39453125,8.7890625,0.0,13.18359375,-13.18359375,8.6,7.1,-7.9,-4.8,-6.4,4.8
9.765004416985903,9.767992459004745,0.3245210604597257,0.21634737363981713,-0.2704342170497715,-0.5592353352746022,-0.8388530029119035,0.48678159068958854,1.669921875,1.23046875,-1.494140625,-1.40625,-1.845703125,1.318359375,-13.18359375,-4.39453125,8.7890625,0.0,13.18359375,-13.18359375,8.6,6.3,-7.9,-4.8,-6.4,4.8
9.768024416989647,9.771002958994359,0.3093837291651972,0.2062558194434648,-0.2578197743043299,-0.5407591355828654,-0.811138703374298,0.46407559374779583,1.669921875,1.23046875,-1.40625,-1.40625,-1.7578125,1.318359375,-13.18359375,-4.39453125,8.7890625,0.0,13.18359375,-13.18359375,8.6,6.3,-7.1,-5.6,-5.6,4.8
9.771033333992818,9.774002666992601,0.29480156276663116,0.19653437517775407,-0.24566796897219387,-0.5226773328995008,-0.7840159993492514,0.44220234414994675,1.58203125,1.23046875,-1.40625,-1.40625,-1.7578125,1.318359375,-13.18359375,-4.39453125,8.7890625,0.0,13.18359375,-4.39453125,8.6,6.3,-7.1,-5.6,-6.4,4.8
9.77402974999859,9.776983083982486,0.2807666554585255,0.18717777030568367,-0.2339722128821047,-0.5049960553304567,-0.757494082995685,0.42114998318778835,1.58203125,1.142578125,-1.40625,-1.318359375,-1.7578125,1.23046875,-13.18359375,-4.39453125,8.7890625,0.0,13.18359375,-4.39453125,8.6,5.5,-7.1,-4.8,-6.4,4.8
9.777007333992515,9.780001791979885,0.26729224977688565,0.17819483318459042,-0.22274354148073705,-0.48774884902037263,-0.731623273530559,0.40093837466532845,1.494140625,1.142578125,-1.318359375,-1.318359375,-1.7578125,1.23046875,-13.18359375,-4.39453125,8.7890625,8.7890625,13.18359375,-4.39453125,7.9,5.5,-7.1,-4.8,-6.4,4.8
9.780031917005545,9.783012083993526,0.25407815161137987,0.1693854344075866,-0.21173179300948333,-0.4705601638786077,-0.7058402458179115,0.3811172274170698,1.494140625,1.142578125,-1.318359375,-1.318359375,-1.669921875,1.23046875,-13.18359375,-4.39453125,8.7890625,8.7890625,13.18359375,-4.39453125,7.9,5.5,-7.1,-4.8,-6.4,4.8
9.783042124996427,9.787078333989484,0.2413910977685271,0.1609273985123514,-0.2011592481404393,-0.45378516912618544,-0.6806777536892782,0.3620866466527906,1.40625,1.0546875,-1.318359375,-1.318359375,-1.669921875,1.23046875,-13.18359375,-13.18359375,8.7890625,8.7890625,8.7890625,-4.39453125,7.1,5.5,-7.1,-5.6,-6.4,4.8
9.787113458995009,9.791073250002228,0.22495238154875574,0.14996825436583716,-0.18746031795729656,-0.4316252927353179,-0.6474379391029769,0.33742857232313367,1.40625,1.0546875,-1.23046875,-1.318359375,-1.58203125,1.142578125,-13.18359375,-13.18359375,8.7890625,8.7890625,8.7890625,-4.39453125,7.1,5.5,-6.3,-5.6,-5.6,4.9
9.791117166983895,9.795001083984971,0.20957489982820607,0.13971659988547072,-0.17464574985683848,-0.4104276132805326,-0.6156414199207988,0.31436234974230914,1.318359375,1.0546875,-1.23046875,-1.23046875,-1.58203125,1.142578125,-13.18359375,-13.18359375,8.7890625,8.7890625,8.7890625,-8.7890625,7.1,5.5,-6.3,-4.8,-6.4,4.9
9.795041834004223,9.79837116698036,0.19523881834541945,0.13015921223027963,-0.16269901528784875,-0.39022140062651384,-0.5853321009397707,0.2928582275181291,1.318359375,1.0546875,-1.23046875,-1.23046875,-1.494140625,1.0546875,-13.18359375,-13.18359375,8.7890625,0.0,8.7890625,-8.7890625,7.1,5.6,-6.3,-4.8,-5.5,3.9
9.798425499990117,9.80205087500508,0.1834497069593642,0.12229980463957611,-0.1528747557994702,-0.37325646681761,-0.559884700226415,0.27517456043904626,1.23046875,1.0546875,-1.142578125,-1.23046875,-1.494140625,1.0546875,-13.18359375,-13.18359375,8.7890625,0.0,8.7890625,-8.7890625,6.2,5.6,-6.3,-5.6,-5.5,3.9
9.802089167002123,9.805970083980355,0.17126522165633964,0.11417681443755975,-0.14272101804694975,-0.3553639450286103,-0.5330459175429155,0.2568978324845094,1.23046875,0.966796875,-1.142578125,-1.23046875,-1.494140625,1.0546875,-8.7890625,-4.39453125,8.7890625,0.0,8.7890625,-8.7890625,6.2,4.8,-6.3,-5.6,-6.3,4.7
9.806006166996667,9.808955249987775,0.15888734125027215,0.1059248941668481,-0.13240611770856017,-0.3367818660164164,-0.5051727990246246,0.2383310118754082,1.23046875,0.966796875,-1.142578125,-1.142578125,-1.40625,0.966796875,-8.7890625,-4.39453125,8.7890625,0.0,8.7890625,-8.7890625,6.2,4.8,-6.3,-4.8,-5.6,4.0
9.80898016699939,9.812189124990255,0.1499253719187092,0.09995024794580612,-0.12493780993225699,-0.3230510439431548,-0.48457656591473225,0.22488805787806382,1.142578125,0.966796875,-1.142578125,-1.142578125,-1.40625,0.966796875,-8.7890625,-4.39453125,8.7890625,0.0,8.7890625,-8.7890625,6.2,4.8,-6.3,-4.8,-5.6,4.0
9.81221895897761,9.816045749990735,0.14058223536719588,0.09372149024479724,-0.11715186280599661,-0.3084680625567515,-0.4627020938351273,0.21087335305079383,1.142578125,0.966796875,-1.0546875,-1.142578125,-1.40625,0.966796875,-8.7890625,-4.39453125,8.7890625,0.0,8.7890625,-8.7890625,6.2,5.6,-5.5,-4.8,-5.6,4.0
9.816066542000044,9.819136999984039,0.1300324139197548,0.0866882759465032,-0.10836034493312839,-0.2916448616025697,-0.43746729240385457,0.1950486208796322,1.142578125,0.966796875,-1.0546875,-1.142578125,-1.40625,0.966796875,-8.7890625,-4.39453125,8.7890625,0.0,8.7890625,-8.7890625,6.4,5.6,-5.5,-4.8,-6.5,4.7
9.819155417004367,9.823018833994865,0.12198271034471779,0.08132180689647854,-0.1016522586205976,-0.27853171447490327,-0.4177975717123549,0.18297406551707668,1.142578125,0.87890625,-1.0546875,-1.0546875,-1.40625,0.966796875,-8.7890625,-4.39453125,8.7890625,0.0,8.7890625,-8.7890625,6.4,4.8,-5.5,-4.8,-6.5,4.7
9.82304254200426,9.826119834004203,0.11236786531111081,0.0749119102074072,-0.09363988775925845,-0.26252512258352484,-0.39378768387528734,0.1685517979666662,1.142578125,0.87890625,-1.0546875,-1.0546875,-1.40625,0.87890625,-4.39453125,-4.39453125,4.39453125,0.0,4.39453125,-8.7890625,6.4,4.8,-5.5,-4.8,-6.5,3.9
9.826144749997184,9.83004591698409,0.10509442185812765,0.07006294790541842,-0.08757868488177363,-0.2501453446557845,-0.37521801698367674,0.15764163278719145,1.0546875,0.87890625,-1.0546875,-1.0546875,-1.318359375,0.87890625,-4.39453125,-4.39453125,4.39453125,0.0,4.39453125,-8.7890625,5.6,4.8,-6.3,-4.8,-6.4,4.0
9.830079499981366,9.834062499983702,0.09636315295519465,0.06424210197012976,-0.08030262746266172,-0.23494484407279262,-0.35241726610918894,0.14454472943279195,1.0546875,0.87890625,-0.966796875,-1.0546875,-1.318359375,0.87890625,-4.39453125,-4.39453125,4.39453125,0.0,4.39453125,-4.39453125,5.6,4.8,-5.5,-4.8,-6.4,4.0
9.834093749988824,9.838066958996933,0.0880057870153207,0.05867052467688047,-0.07333815584610062,-0.22001222611320687,-0.33001833916981027,0.13200868052298106,0.966796875,0.87890625,-0.966796875,-1.0546875,-1.318359375,0.87890625,-4.39453125,-4.39453125,4.39453125,0.0,4.39453125,-4.39453125,5.6,4.7,-5.6,-4.8,-6.4,4.0
9.83809974999167,9.841025500005344,0.08019895453492576,0.0534659696899505,-0.06683246211243862,-0.20568542139466064,-0.308528132091991,0.12029843180238864,0.966796875,0.87890625,-0.966796875,-1.0546875,-1.318359375,0.87890625,-4.39453125,-4.39453125,4.39453125,0.0,4.39453125,-4.39453125,5.5,4.7,-5.6,-4.8,-6.4,4.0
9.8410517089942,9.843992749985773,0.07477509454259146,0.0498500630283943,-0.0623125787854929,-0.19549337394094754,-0.2932400609114213,0.11216264181388717,0.966796875,0.87890625,-0.966796875,-0.966796875,-1.23046875,0.87890625,-4.39453125,-4.39453125,4.39453125,0.0,8.7890625,-4.39453125,5.5,4.7,-5.6,-4.8,-5.6,4.0
9.844023291982012,9.846978666988434,0.06958770496124152,0.046391803307494345,-0.05798975413436796,-0.18554436294276586,-0.27831654441414877,0.10438155744186227,0.966796875,0.87890625,-0.87890625,-0.966796875,-1.23046875,0.87890625,-8.7890625,0.0,4.39453125,0.0,8.7890625,-4.39453125,5.5,4.7,-4.8,-4.8,-6.4,4.9
9.847005874995375,9.849987458990654,0.0646476921029869,0.043098461401991264,-0.05387307675248872,-0.17586997964274384,-0.26380496946411575,0.09697153815448036,0.966796875,0.87890625,-0.87890625,-0.966796875,-1.23046875,0.87890625,-8.7890625,0.0,4.39453125,0.0,8.7890625,-4.39453125,5.5,4.7,-4.8,-4.8,-6.4,4.9
9.85001566700521,9.853070208977442,0.059924852829293135,0.03994990188619542,-0.04993737735774394,-0.16642135959523982,-0.24963203939285974,0.0898872792439397,0.966796875,0.87890625,-0.87890625,-0.966796875,-1.23046875,0.87890625,-8.7890625,0.0,4.39453125,0.0,8.7890625,0.0,5.5,4.7,-4.8,-4.8,-6.4,4.9
9.8531262089964,9.856956667004852,0.05531168514485761,0.03687445676323841,-0.046093070954048035,-0.15698529138358255,-0.23547793707537384,0.08296752771728641,0.87890625,0.87890625,-0.87890625,-0.966796875,-1.23046875,0.87890625,-8.7890625,0.0,4.39453125,0.0,8.7890625,0.0,4.7,4.7,-4.7,-4.8,-6.4,4.9
9.856989624997368,9.85998120898148,0.049946995465510985,0.03329799697700732,-0.04162249622125917,-0.1457263649484036,-0.21858954742260542,0.07492049319826646,0.87890625,0.87890625,-0.87890625,-0.966796875,-1.142578125,0.791015625,-8.7890625,0.0,4.39453125,0.0,8.7890625,0.0,4.7,4.8,-4.7,-4.8,-5.6,4.0
9.860008208983345,9.86297495898907,0.046026251251965626,0.030684167501310415,-0.03835520937663805,-0.13728138938431614,-0.20592208407647422,0.06903937687794844,0.87890625,0.87890625,-0.87890625,-0.966796875,-1.142578125,0.791015625,-8.7890625,0.0,4.39453125,0.0,4.39453125,0.0,4.7,4.8,-4.7,-4.8,-6.4,4.0
9.863002875004895,9.865956416993868,0.042362310152658345,0.028241540101772225,-0.035301925127215306,-0.12920513661119654,-0.1938077049167948,0.06354346522898752,0.87890625,0.87890625,-0.87890625,-0.966796875,-1.142578125,0.791015625,-4.39453125,0.0,4.39453125,0.0,4.39453125,0.0,4.7,4.8,-4.7,-4.8,-6.4,4.0
9.865986208984395,9.869042749982327,0.0389277424739271,0.0259518283159514,-0.03243978539493927,-0.12145526467786734,-0.18218289701680102,0.058391613710890654,0.87890625,0.87890625,-0.87890625,-0.966796875,-1.142578125,0.791015625,-4.39453125,0.0,4.39453125,0.0,4.39453125,0.0,4.7,5.6,-4.7,-5.6,-6.4,3.9
9.869078583986266,9.872933042002842,0.03558621099405292,0.023724140662701947,-0.029655175828377203,-0.11373034036227389,-0.17059551054341085,0.05337931649107938,0.791015625,0.87890625,-0.87890625,-0.966796875,-1.0546875,0.791015625,-4.39453125,0.0,4.39453125,0.0,4.39453125,0.0,3.9,5.6,-4.7,-5.6,-5.6,3.9
9.872961333981948,9.87596979198861,0.03169244127673667,0.021128294184491112,-0.02641036773061391,-0.10446956605409788,-0.1567043490811468,0.047538661915105,0.791015625,0.87890625,-0.87890625,-0.966796875,-1.0546875,0.791015625,-4.39453125,0.0,4.39453125,0.0,4.39453125,-4.39453125,3.9,5.6,-4.8,-5.6,-5.6,3.9
9.876016499998514,9.87903087498853,0.02885451851496617,0.019236345676644114,-0.024045432095805154,-0.09752118047152082,-0.14628177070728124,0.04328177777244926,0.791015625,0.87890625,-0.791015625,-0.87890625,-1.0546875,0.791015625,-4.39453125,0.0,4.39453125,0.0,4.39453125,-4.39453125,3.9,5.7,-4.8,-4.8,-5.5,4.0
9.879066875000717,9.8820189590042,0.02621064776547666,0.01747376517698444,-0.021842206471230564,-0.09087679971116486,-0.13631519956674729,0.039315971648214994,0.791015625,0.87890625,-0.791015625,-0.87890625,-1.0546875,0.703125,-4.39453125,0.0,4.39453125,0.0,4.39453125,-4.39453125,3.9,5.7,-4.8,-4.8,-5.5,3.2
9.882053708977764,9.886116958979983,0.023797693963718572,0.015865129309145715,-0.019831411636432157,-0.08465063836749673,-0.1269759575512451,0.03569654094557786,0.791015625,0.791015625,-0.791015625,-0.87890625,-1.0546875,0.703125,-4.39453125,-4.39453125,4.39453125,0.0,4.39453125,-4.39453125,4.7,4.9,-4.8,-4.8,-5.5,4.0
9.886180542001966,9.890058583987411,0.02073620076146188,0.013824133840974587,-0.017280167301218244,-0.07649610561913833,-0.1147441584287075,0.031104301142192817,0.791015625,0.791015625,-0.791015625,-0.87890625,-1.0546875,0.703125,-4.39453125,-4.39453125,4.39453125,0.0,4.39453125,-4.39453125,4.7,4.9,-4.8,-4.8,-6.5,4.0
9.89011074998416,9.894044583983487,0.01809846514259697,0.012065643428397981,-0.015082054285497488,-0.06920409980202075,-0.10380614970303112,0.027147697713895455,0.791015625,0.791015625,-0.703125,-0.791015625,-1.0546875,0.703125,-4.39453125,-4.39453125,4.39453125,0.0,4.39453125,-4.39453125,4.7,4.9,-4.0,-4.0,-6.5,4.0
9.894099708995782,9.898041958978865,0.0156814913384115,0.010454327558940999,-0.013067909448676118,-0.06226545023071379,-0.09339817534607069,0.023522237007617245,0.791015625,0.703125,-0.703125,-0.791015625,-1.0546875,0.703125,-4.39453125,-4.39453125,4.39453125,0.0,4.39453125,-4.39453125,4.7,3.8,-3.9,-4.0,-6.4,4.0
9.898094125004718,9.902153167000506,0.0135072492416467,0.009004832827764465,-0.011256041034705714,-0.055773106795198146,-0.08365966019279723,0.020260873862470045,0.791015625,0.703125,-0.615234375,-0.791015625,-1.0546875,0.703125,-4.39453125,-4.39453125,4.39453125,0.0,4.39453125,-4.39453125,4.9,3.8,-3.1,-4.0,-6.4,4.0
9.902218167000683,9.90606037498219,0.011503453771429804,0.007668969180953203,-0.009586211476191401,-0.04953643999080005,-0.07430465998620008,0.017255180657144705,0.791015625,0.703125,-0.615234375,-0.791015625,-1.0546875,0.703125,0.0,-4.39453125,8.7890625,0.0,0.0,-4.39453125,4.9,3.8,-3.1,-4.0,-6.4,4.0
9.90611420897767,9.90995133400429,0.009819729553563049,0.006546486369042032,-0.00818310796130245,-0.044068062151992354,-0.06610209322798855,0.014729594330344575,0.791015625,0.703125,-0.615234375,-0.791015625,-0.966796875,0.703125,0.0,-4.39453125,8.7890625,0.0,0.0,-4.39453125,4.9,3.8,-3.1,-4.0,-5.5,4.0
9.909984792000614,9.912970666977344,0.008333874509720002,0.005555916339813334,-0.006944895424766674,-0.03903121880679397,-0.058546828210190964,0.01250081176458,0.791015625,0.703125,-0.615234375,-0.791015625,-0.966796875,0.703125,0.0,-4.39453125,8.7890625,0.0,0.0,0.0,4.9,3.8,-3.1,-4.0,-5.5,4.0
9.912996416998794,9.915916208992712,0.007297790008114474,0.004865193338742982,-0.0060814916734286545,-0.035377523403881804,-0.05306628510582271,0.010946685012171711,0.791015625,0.703125,-0.615234375,-0.791015625,-0.966796875,0.703125,0.0,-4.39453125,8.7890625,0.0,0.0,0.0,4.9,3.8,-3.1,-4.8,-5.5,4.0
9.915939667000202,9.918930124986218,0.006380114214127539,0.004253409476085025,-0.005316761845106286,-0.032025204949591476,-0.04803780742438722,0.009570171321191307,0.791015625,0.703125,-0.615234375,-0.791015625,-0.966796875,0.703125,0.0,-4.39453125,8.7890625,0.0,0.0,0.0,4.8,4.0,-3.1,-4.8,-5.6,4.0
9.918970708997222,9.921934541984228,0.005527014159053354,0.0036846761060355692,-0.004605845132544466,-0.02879275743869513,-0.0431891361580427,0.008290521238580031,0.791015625,0.703125,-0.615234375,-0.703125,-0.966796875,0.703125,0.0,-4.39453125,0.0,0.0,0.0,0.0,4.8,4.0,-3.1,-4.0,-5.6,4.0
9.921964791981736,9.92493249999825,0.004770020083371937,0.0031800133889146242,-0.003975016736143284,-0.025812834510693532,-0.038719251766040304,0.007155030125057905,0.791015625,0.703125,-0.615234375,-0.703125,-0.966796875,0.703125,0.0,0.0,0.0,0.0,4.39453125,0.0,4.8,4.0,-3.1,-4.0,-6.4,4.0
9.92495504199178,9.927933792001568,0.004093288418308901,0.0027288589455392673,-0.003411073681924139,-0.02304207172385998,-0.03456310758578997,0.006139932627463352,0.791015625,0.703125,-0.615234375,-0.703125,-0.966796875,0.703125,0.0,0.0,0.0,0.0,4.39453125,0.0,4.8,4.0,-3.1,-4.0,-6.5,4.0
9.92795416698209,9.930874916986795,0.0034885845470876554,0.0023257230313917703,-0.0029071537892397157,-0.02046301594606843,-0.030694523919102646,0.005232876820631482,0.791015625,0.703125,-0.615234375,-0.703125,-0.966796875,0.703125,0.0,0.0,0.0,0.0,4.39453125,0.0,4.8,4.0,-3.1,-4.0,-6.5,4.0
9.93089679197874,9.933948041987605,0.0029621171140783334,0.001974744742718889,-0.002468430928398574,-0.018121013687047764,-0.027181520530571643,0.0044431756711175,0.791015625,0.703125,-0.615234375,-0.703125,-0.966796875,0.703125,0.0,0.0,0.0,0.0,4.39453125,0.0,4.8,4.0,-3.1,-4.0,-6.5,4.0
9.933977291977499,9.936950792005518,0.0024765003799207233,0.0016510002532804824,-0.0020637503166006407,-0.015862550102567947,-0.023793825153851922,0.003714750569881085,0.703125,0.703125,-0.615234375,-0.703125,-0.966796875,0.703125,0.0,0.0,0.0,0.0,4.39453125,0.0,4.0,4.0,-3.2,-4.0,-6.4,4.0
9.936994083982427,9.939976624998963,0.002060680636906653,0.0013737870912711018,-0.0017172338640888487,-0.013835568524327897,-0.020753352786491847,0.0030910209553599794,0.703125,0.703125,-0.615234375,-0.703125,-0.966796875,0.703125,0.0,0.0,0.0,0.0,4.39453125,0.0,3.9,4.0,-3.2,-4.0,-6.4,4.0
9.940007833996788,9.942954833997646,0.00169932801121309,0.0011328853408087267,-0.0014161066760109368,-0.011986249368279848,-0.017979374052419773,0.002548992016819635,0.703125,0.703125,-0.615234375,-0.703125,-0.966796875,0.703125,0.0,0.0,0.0,0.0,0.0,0.0,3.9,4.0,-3.2,-4.0,-6.4,4.0
9.94298154200078,9.945955749979476,0.001391075582247431,0.0009273837214982873,-0.0011592296518728607,-0.010326678902144549,-0.015490018353216825,0.0020866133733711467,0.703125,0.703125,-0.615234375,-0.703125,-0.966796875,0.703125,-4.39453125,0.0,0.0,0.0,0.0,0.0,3.9,4.0,-3.2,-4.0,-6.4,4.0
9.945984833990224,9.948958208988188,0.0011239583764377822,0.0007493055842918548,-0.0009366319803648394,-0.00881007211346875,-0.013215108170203126,0.0016859375646566734,0.703125,0.703125,-0.615234375,-0.703125,-0.966796875,0.703125,-4.39453125,0.0,0.0,0.0,0.0,0.0,3.9,4.0,-3.2,-4.0,-6.4,4.0
9.948985833994811,9.953044124995358,0.0008971040994588282,0.0005980693996392189,-0.0007475867495490082,-0.007447490259746296,-0.011171235389619444,0.0013456561491882425,0.703125,0.703125,-0.615234375,-0.703125,-0.87890625,0.703125,-4.39453125,0.0,0.0,0.0,0.0,0.0,3.9,4.0,-3.2,-4.0,-5.6,4.0
9.953077666985337,9.956999291985994,0.0006448938036134183,0.0004299292024089456,-0.0005374115030111828,-0.005822507259320777,-0.008733760888981165,0.0009673407054201276,0.703125,0.703125,-0.615234375,-0.703125,-0.87890625,0.703125,-4.39453125,0.0,0.0,0.0,0.0,0.0,3.9,4.0,-3.2,-4.0,-5.6,4.0
9.957026458985638,9.960017624980537,0.0004556059776426773,0.00030373731842845146,-0.0003796716480355651,-0.004492797009728101,-0.006739195514592152,0.000683408966464016,0.703125,0.703125,-0.615234375,-0.703125,-0.87890625,0.703125,-4.39453125,0.0,0.0,0.0,0.0,0.0,4.0,4.0,-3.2,-4.0,-5.5,4.0
9.96004149998771,9.962981166987447,0.0003416657447679721,0.00022777716317864808,-0.00028472145397331867,-0.0036241843236401415,-0.005436276485460212,0.0005124986171519582,0.703125,0.703125,-0.615234375,-0.703125,-0.87890625,0.703125,-4.39453125,0.0,0.0,0.0,4.39453125,0.0,4.0,4.0,-3.2,-4.0,-5.5,4.0
9.963005375000648,9.96607470899471,0.0002518086741941254,0.00016787244946275026,-0.00020984056182843188,-0.002885570439846413,-0.004328355659769619,0.0003777130112911881,0.703125,0.703125,-0.615234375,-0.703125,-0.87890625,0.703125,0.0,0.0,0.0,0.0,4.39453125,0.0,4.0,4.0,-3.2,-4.0,-5.5,4.0
9.9661092919996,9.97005099998205,0.00017792980068037723,0.00011861986712025148,-0.00014827483390030975,-0.002226108758530434,-0.0033391631377956512,0.0002668947010205658,0.703125,0.703125,-0.615234375,-0.703125,-0.87890625,0.703125,0.0,0.0,0.0,0.0,4.39453125,0.0,4.0,4.0,-3.2,-4.0,-5.6,4.0
9.970098666992271,9.974010208999971,0.00010826610003255384,7.217740002170255e-05,-9.022175002712843e-05,-0.0015355758739089905,-0.002303363810863486,0.00016239915004883078,0.703125,0.703125,-0.615234375,-0.703125,-0.87890625,0.703125,0.0,0.0,0.0,0.0,4.39453125,0.0,4.0,4.0,-3.2,-4.0,-5.6,4.0
9.97404658398591,9.97800274999463,6.16999723046326e-05,4.1133314869755067e-05,-5.141664358719399e-05,-0.001008413412749693,-0.0015126201191245398,9.254995845694891e-05,0.703125,0.703125,-0.615234375,-0.703125,-0.87890625,0.703125,0.0,0.0,0.0,0.0,4.39453125,0.0,4.0,4.0,-3.2,-4.0,-5.6,4.0
9.97805283399066,9.982455666991882,3.168213701245116e-05,2.1121424674967443e-05,-2.640178084370939e-05,-0.000612424820110908,-0.0009186372301663619,4.752320551867674e-05,0.703125,0.703125,-0.615234375,-0.703125,-0.87890625,0.703125,0.0,0.0,0.0,0.0,4.39453125,0.0,4.0,4.0,-3.2,-4.0,-5.6,4.0
9.982508208981017,9.986054249980953,1.2841687006627139e-05,8.561124671084759e-06,-1.0701405838855997e-05,-0.00031150667518548106,-0.0004672600127782216,1.9262530509940708e-05,0.703125,0.703125,-0.615234375,-0.703125,-0.87890625,0.703125,0.0,0.0,0.0,0.0,0.0,0.0,4.0,4.0,-3.2,-4.0,-5.6,4.0
9.98614245900535,9.990064499987056,5.077383361863643e-06,3.3849222412424285e-06,-4.231152801552715e-06,-0.0001554798265836985,-0.00023321973987554777,7.6160750427954644e-06,0.703125,0.703125,-0.615234375,-0.703125,-0.87890625,0.703125,0.0,0.0,0.0,0.0,0.0,0.0,4.0,4.0,-3.2,-4.0,-5.6,4.0
9.990114874992287,9.994047791988123,1.3200050131506922e-06,8.800033421004615e-07,-1.1000041776255856e-06,-5.666923805598064e-05,-8.500385708397095e-05,1.9800075197260385e-06,0.703125,0.703125,-0.615234375,-0.703125,-0.87890625,0.703125,0.0,0.0,0.0,0.0,0.0,0.0,4.0,4.0,-3.2,-4.0,-5.6,4.0
9.994095792004373,9.998039875004906,1.6867084459289845e-07,1.1244722972859897e-07,-1.4055903716075058e-07,-1.212424721375556e-05,-1.818637082063334e-05,2.530062668893477e-07,0.703125,0.703125,-0.615234375,-0.703125,-0.87890625,0.703125,0.0,0.0,0.0,0.0,0.0,0.0,4.0,4.0,-3.2,-4.0,-5.6,4.0
9.998115833994234,10.002062333980575,1.756405278274428e-09,1.170936852182952e-09,-1.4636710652296291e-09,-3.956335978103236e-07,-5.934503967154854e-07,2.634607917411642e-09,0.703125,0.703125,-0.615234375,-0.703125,-0.87890625,0.703125,0.0,0.0,0.0,0.0,0.0,0.0,4.0,4.0,-3.2,-4.0,-5.6,4.0
