t,t_read,q_target_1,q_target_2,q_target_3,q_target_4,q_target_5,q_target_6,q_1,q_2,q_3,q_4,q_5,q_6,dq_1,dq_2,dq_3,dq_4,dq_5,dq_6,load_1,load_2,load_3,load_4,load_5,load_6
6.660120561718941e-07,0.0032080830133054405,2.7472325832822664e-23,1.8314883888548444e-23,-2.2893604862489086e-23,1.7506615839778215e-17,2.6259923759667323e-17,4.1208488749234e-23,-0.615234375,-0.703125,0.615234375,-0.703125,0.966796875,-0.615234375,0.0,0.0,0.0,0.0,0.0,0.0,-3.2,-4.0,3.2,-4.0,6.4,-3.2
0.0032467909913975745,0.007095250010024756,1.5465774314655116e-08,1.0310516209770075e-08,-1.2888145262211969e-08,2.0216335421235586e-06,3.0324503131853387e-06,2.3198661471982672e-08,-0.615234375,-0.703125,0.615234375,-0.703125,0.966796875,-0.615234375,0.0,0.0,0.0,0.0,0.0,0.0,-3.2,-4.0,3.2,-4.0,6.4,-3.2
0.007115915999747813,0.01002750001498498,3.5545613757544274e-07,2.3697075838362848e-07,-2.9621344797953716e-07,2.119951772721156e-05,3.179927659081734e-05,5.331842063631641e-07,-0.615234375,-0.703125,0.615234375,-0.703125,0.966796875,-0.615234375,0.0,0.0,0.0,0.0,0.0,0.0,-3.2,-4.0,3.2,-4.0,6.4,-3.2
0.010046083014458418,0.013078541000140831,1.4078719785800025e-06,9.38581319053335e-07,-1.1732266488166697e-06,5.947291357373364e-05,8.920937036060047e-05,2.111807967870004e-06,-0.615234375,-0.703125,0.615234375,-0.703125,0.966796875,-0.615234375,0.0,0.0,0.0,0.0,0.0,0.0,-3.2,-4.0,3.2,-4.0,6.4,-3.2
0.013102458004141226,0.01616612501675263,4.061065666272145e-06,2.7073771108480967e-06,-3.3842213885601346e-06,0.00013152695704219197,0.00019729043556328794,6.0915984994082165e-06,-0.615234375,-0.703125,0.615234375,-0.703125,0.966796875,-0.615234375,0.0,0.0,0.0,0.0,0.0,0.0,-3.2,-4.0,3.2,-4.0,6.4,-3.2
0.016190291004022583,0.02014549999148585,9.43802488531597e-06,6.2920165902106456e-06,-7.865020737763339e-06,0.0002473555639410405,0.00037103334591156084,1.4157037327973954e-05,-0.615234375,-0.703125,0.615234375,-0.703125,0.966796875,-0.615234375,0.0,0.0,0.0,0.0,0.0,0.0,-3.2,-4.0,3.2,-4.0,6.4,-3.2
0.02016208300483413,0.023141665995353833,2.2606775969202498e-05,1.5071183979468332e-05,-1.8838979974335263e-05,0.00047571501552046077,0.0007135725232806911,3.3910163953803746e-05,-0.615234375,-0.703125,0.615234375,-0.703125,0.966796875,-0.615234375,0.0,0.0,0.0,0.0,0.0,0.0,-3.2,-4.0,3.2,-4.0,6.4,-3.2
0.023156500014010817,0.02613095799461007,3.921496365388722e-05,2.6143309102591477e-05,-3.2679136378239156e-05,0.0007184162840174137,0.0010776244260261205,5.882244548083083e-05,-0.615234375,-0.703125,0.615234375,-0.703125,0.966796875,-0.615234375,0.0,0.0,0.0,0.0,0.0,0.0,-3.2,-4.0,3.2,-4.0,6.4,-3.2
0.026145000010728836,0.02921675000106916,6.35294992368985e-05,4.235299949126567e-05,-5.294124936408196e-05,0.001030697898056934,0.0015460468470854013,9.529424885534776e-05,-0.615234375,-0.703125,0.615234375,-0.703125,0.966796875,-0.615234375,0.0,0.0,0.0,0.0,0.0,0.0,-3.2,-4.0,3.2,-4.0,6.4,-3.2
0.029239082999993116,0.03227383299963549,9.905671321407572e-05,6.603780880938381e-05,-8.254726101172944e-05,0.0014368237771899047,0.002155235665784857,0.00014858506982111356,-0.615234375,-0.703125,0.615234375,-0.703125,0.966796875,-0.615234375,0.0,0.0,0.0,0.0,0.0,0.0,-3.2,-4.0,3.2,-4.0,6.4,-3.2
0.03228816599585116,0.03615900001022965,0.00014683360306179968,9.788906870786646e-05,-0.0001223613358848332,0.0019284053869220118,0.0028926080803830176,0.00022025040459269955,-0.615234375,-0.703125,0.615234375,-0.703125,0.966796875,-0.615234375,0.0,0.0,0.0,0.0,0.0,0.0,-3.2,-4.0,3.2,-4.0,6.4,-3.2
0.036173125001369044,0.040117833006661385,0.00023037427604811467,0.00015358285069874312,-0.00019197856337342794,0.002700033053053433,0.004050049579580149,0.000345561414072172,-0.615234375,-0.703125,0.615234375,-0.703125,0.966796875,-0.615234375,0.0,0.0,0.0,0.0,0.0,0.0,-3.2,-4.0,3.2,-4.0,6.4,-3.2
0.04013679100899026,0.043113958003232256,0.0003477393715636516,0.0002318262477091011,-0.0002897828096363752,0.003672181372492969,0.005508272058739452,0.0005216090573454775,-0.615234375,-0.703125,0.615234375,-0.703125,0.966796875,-0.615234375,0.0,0.0,0.0,0.0,0.0,0.0,-3.2,-4.0,3.2,-4.0,6.4,-3.2
0.04312929100706242,0.0462037910183426,0.000462171013353078,0.000308114008902052,-0.00038514251112756464,0.004541027259589923,0.006811540889384885,0.0006932565200296169,-0.615234375,-0.703125,0.615234375,-0.703125,0.966796875,-0.615234375,0.0,0.0,0.0,0.0,0.0,0.0,-3.2,-4.0,3.2,-4.0,6.4,-3.2
0.04621804101043381,0.05014587499317713,0.0006074916614360441,0.0004049944409573627,-0.0005062430511967032,0.005568698555249733,0.0083530478328746,0.000911237492154066,-0.615234375,-0.703125,0.615234375,-0.703125,0.966796875,-0.615234375,0.0,0.0,0.0,0.0,0.0,0.0,-3.2,-4.0,3.2,-4.0,6.4,-3.2
0.05015933301183395,0.054134583013365045,0.0008392326049562297,0.0005594884033041531,-0.00069936050413019,0.007086298994314375,0.010629448491471563,0.0012588489074343444,-0.615234375,-0.703125,0.615234375,-0.703125,0.966796875,-0.615234375,0.0,0.0,0.0,0.0,0.0,0.0,-3.2,-4.0,3.2,-4.0,6.4,-3.2
0.05414791600196622,0.05811474999063648,0.001134887064675598,0.0007565913764503986,-0.0009457392205629961,0.008873821806709172,0.013310732710063758,0.0017023305970133968,-0.615234375,-0.703125,0.615234375,-0.703125,0.966796875,-0.615234375,0.0,0.0,0.0,0.0,0.0,0.0,-3.2,-4.0,3.2,-4.0,6.4,-3.2
0.058129790995735675,0.06112566599040292,0.0015009460877520818,0.0010006307251680545,-0.001250788406460066,0.010928130216272747,0.016392195324409123,0.002251419131628123,-0.615234375,-0.703125,0.615234375,-0.703125,0.966796875,-0.615234375,0.0,0.0,0.0,0.0,0.0,0.0,-3.2,-4.0,3.2,-4.0,6.4,-3.2
0.061139541008742526,0.06414375000167638,0.0018308389764136873,0.001220559317609125,-0.0015256991470114065,0.012670062459698326,0.019005093689547486,0.002746258464620531,-0.615234375,-0.703125,0.615234375,-0.703125,0.966796875,-0.615234375,0.0,0.0,0.0,0.0,0.0,0.0,-3.2,-4.0,3.2,-4.0,6.4,-3.2
0.0641601660172455,0.06723341601900756,0.002213117542116168,0.0014754116947441119,-0.0018442646184301363,0.014589955810014363,0.021884933715021544,0.003319676313174252,-0.615234375,-0.703125,0.615234375,-0.703125,0.966796875,-0.615234375,0.0,0.0,0.0,0.0,0.0,0.0,-3.2,-4.0,3.2,-4.0,6.4,-3.2
0.06725008299690671,0.07113579101860523,0.0026623001951790208,0.0017748667967860143,-0.0022185834959825177,0.016739150444048927,0.025108725666073386,0.003993450292768532,-0.615234375,-0.703125,0.615234375,-0.703125,0.966796875,-0.615234375,0.0,0.0,0.0,0.0,0.0,0.0,-3.2,-4.0,3.2,-4.0,6.4,-3.2
0.0711548330145888,0.07415308299823664,0.0033224197481531432,0.002214946498768762,-0.0027686831234609516,0.019734457776371724,0.029601686664557588,0.0049836296222297155,-0.615234375,-0.703125,0.615234375,-0.703125,0.966796875,-0.615234375,0.0,0.0,0.0,0.0,0.0,0.0,-3.2,-4.0,3.2,-4.0,6.4,-3.2
0.07416987500619143,0.07805199999711476,0.003909430636586576,0.002606287091057718,-0.003257858863822144,0.022269148050737705,0.03340372207610656,0.005864145954879866,-0.615234375,-0.703125,0.615234375,-0.703125,0.966796875,-0.615234375,0.0,0.0,0.0,0.0,0.0,0.0,-3.2,-4.0,3.2,-4.0,6.4,-3.2
0.07806804100982845,0.0811939160048496,0.004777880149805044,0.003185253433203363,-0.0039815667915041935,0.025844385368478183,0.03876657805271727,0.007166820224707567,-0.615234375,-0.703125,0.615234375,-0.703125,0.966796875,-0.615234375,0.0,0.0,0.0,0.0,0.0,0.0,-3.2,-4.0,3.2,-4.0,6.4,-3.2
0.08122504100902006,0.08509279100690037,0.0055794084135864785,0.0037196056090576524,-0.004649507011322063,0.02899489247697181,0.04349233871545771,0.008369112620379718,-0.615234375,-0.703125,0.615234375,-0.703125,0.966796875,-0.615234375,0.0,0.0,0.0,0.0,0.0,0.0,-3.2,-4.0,3.2,-4.0,6.4,-3.2
0.08511329101747833,0.08817604099749587,0.006698008438633207,0.004465338959088804,-0.005581673698860997,0.033200048761517276,0.04980007314227592,0.01004701265794981,-0.615234375,-0.703125,0.615234375,-0.703125,0.966796875,-0.615234375,0.0,0.0,0.0,0.0,0.0,0.0,-3.2,-4.0,3.2,-4.0,6.4,-3.2
0.08819395801401697,0.09209495800314471,0.007695235638953511,0.005130157092635674,-0.0064126963657945854,0.03679435005203626,0.05519152507805439,0.011542853458430266,-0.615234375,-0.703125,0.615234375,-0.703125,0.966796875,-0.615234375,0.0,0.0,0.0,0.0,0.0,0.0,-3.2,-4.0,3.2,-4.0,5.6,-3.2
0.09211033300380222,0.09521912501077168,0.009115876583208253,0.006077251055472168,-0.0075965638193401935,0.04170935952531226,0.06256403928796839,0.01367381487481238,-0.615234375,-0.703125,0.615234375,-0.703125,0.966796875,-0.615234375,0.0,0.0,0.0,0.0,0.0,0.0,-3.2,-4.0,3.2,-4.0,5.6,-3.2
0.09523345800698735,0.09915787499630824,0.010380074780334952,0.006920049853556634,-0.008650062316945773,0.04591380022496268,0.06887070033744402,0.015570112170502429,-0.615234375,-0.703125,0.615234375,-0.703125,0.966796875,-0.615234375,0.0,0.0,0.0,0.0,0.0,0.0,-3.2,-4.0,3.2,-4.0,5.5,-3.2
0.09917133301496506,0.1031256660062354,0.012152309019886032,0.008101539346590688,-0.010126924183238347,0.05158560331641531,0.07737840497462296,0.018228463529829046,-0.615234375,-0.703125,0.615234375,-0.703125,0.966796875,-0.615234375,0.0,0.0,0.0,0.0,0.0,0.0,-3.2,-4.0,3.2,-4.8,5.5,-3.2
0.1031407910049893,0.1062672910047695,0.014154137309519732,0.009436091539679822,-0.011795114424599757,0.05773225734353333,0.0865983860153,0.021231205964279597,-0.615234375,-0.703125,0.615234375,-0.703125,0.966796875,-0.615234375,0.0,0.0,0.0,0.0,0.0,0.0,-3.2,-4.0,3.2,-4.8,5.5,-3.2
0.10628129099495709,0.11008329101605341,0.01590147907608595,0.010600986050723966,-0.013251232563404955,0.06290836097727623,0.09436254146591434,0.023852218614128926,-0.615234375,-0.703125,0.615234375,-0.703125,0.966796875,-0.615234375,0.0,0.0,0.0,0.0,0.0,0.0,-3.2,-4.0,3.2,-4.8,5.6,-3.2
0.11009662499418482,0.11310025001876056,0.018231141258681204,0.012154094172454135,-0.015192617715567654,0.0695774668016702,0.10436620020250531,0.027346711888021805,-0.615234375,-0.703125,0.615234375,-0.703125,0.966796875,-0.615234375,0.0,0.0,0.0,0.0,0.0,0.0,-3.2,-4.0,3.2,-4.8,5.6,-3.2
0.11311916599515826,0.11620720801874995,0.020246847555819816,0.013497898370546544,-0.016872372963183162,0.07516323920235113,0.11274485880352669,0.03037027133372972,-0.615234375,-0.703125,0.615234375,-0.703125,0.966796875,-0.615234375,0.0,0.0,0.0,0.0,0.0,0.0,-3.2,-4.0,3.2,-4.8,5.6,-3.2
0.11622050000005402,0.12013041600584984,0.02247986092584264,0.01498657395056176,-0.018733217438202197,0.08117778420728687,0.12176667631093029,0.03371979138876396,-0.615234375,-0.703125,0.615234375,-0.703125,0.966796875,-0.615234375,0.0,0.0,0.0,0.0,0.0,0.0,-3.2,-4.0,3.2,-4.8,5.6,-3.2
0.12014520799857564,0.12414820800768211,0.025557534177024572,0.01703835611801638,-0.021297945147520484,0.0892076386980676,0.1338114580471014,0.03833630126553685,-0.615234375,-0.703125,0.615234375,-0.615234375,0.966796875,-0.615234375,0.0,0.0,0.0,0.0,0.0,0.0,-3.2,-4.0,3.2,-4.0,5.6,-3.2
0.1241648750146851,0.12813054100843146,0.029017610171520786,0.019345073447680522,-0.02418134180960063,0.0979254396863532,0.1468881595295298,0.043526415257281174,-0.615234375,-0.703125,0.615234375,-0.615234375,0.966796875,-0.615234375,0.0,0.0,0.0,0.0,0.0,0.0,-3.2,-4.0,3.2,-4.0,4.7,-3.2
0.12814654101384804,0.131272541009821,0.03277007853397321,0.021846719022648804,-0.027308398778310972,0.10706258042404523,0.16059387063606784,0.04915511780095981,-0.615234375,-0.703125,0.615234375,-0.615234375,0.966796875,-0.615234375,0.0,0.0,0.0,0.0,0.0,0.0,-3.2,-4.0,3.2,-4.0,4.7,-3.2
0.13128854101523757,0.13514358300017193,0.03597155809704595,0.023981038731363966,-0.029976298414204947,0.11463114571309496,0.17194671856964244,0.053957337145568926,-0.615234375,-0.703125,0.615234375,-0.615234375,0.966796875,-0.615234375,0.0,0.0,0.0,0.0,0.0,0.0,-3.2,-4.0,3.2,-4.0,4.7,-4.1
0.1351614159939345,0.13912941599846818,0.040223997715310524,0.02681599847687368,-0.033519998096092074,0.12440173303751197,0.18660259955626798,0.06033599657296578,-0.615234375,-0.703125,0.615234375,-0.615234375,0.966796875,-0.615234375,0.0,0.0,0.0,0.0,0.0,0.0,-3.2,-4.0,3.2,-4.0,4.8,-4.1
0.1391460000013467,0.14226183301070705,0.04496900592305224,0.029979337282034824,-0.03747417160254351,0.13497006401673442,0.20245509602510164,0.06745350888457836,-0.615234375,-0.703125,0.615234375,-0.615234375,0.966796875,-0.615234375,0.0,0.0,0.0,0.0,0.0,0.0,-3.2,-4.0,3.2,-4.0,4.8,-4.1
0.14227879099780694,0.14607391599565744,0.04897534349151008,0.03265022899434005,-0.040812786242925045,0.14365143489941115,0.2154771523491167,0.07346301523726512,-0.615234375,-0.703125,0.615234375,-0.615234375,0.966796875,-0.615234375,0.0,0.0,0.0,0.0,0.0,0.0,-4.0,-4.0,3.2,-4.8,4.8,-4.0
0.14609895800822414,0.14916545801679604,0.05420381673059776,0.03613587782039851,-0.04516984727549807,0.1546864460456927,0.23202966906853903,0.08130572509589665,-0.615234375,-0.703125,0.615234375,-0.615234375,0.966796875,-0.615234375,0.0,0.0,0.0,0.0,0.0,0.0,-4.0,-4.0,3.2,-4.8,4.8,-4.0
0.1491831660096068,0.15312783300760202,0.05871100507258122,0.039140670048387484,-0.04892583756048431,0.16395911012313846,0.2459386651847077,0.08806650760887183,-0.615234375,-0.703125,0.615234375,-0.615234375,0.966796875,-0.615234375,0.0,0.0,0.0,0.0,0.0,0.0,-4.1,-4.0,4.0,-4.8,4.0,-4.0
0.15314904099795967,0.15721166599541903,0.06489783557240392,0.04326522371493594,-0.05408152964366992,0.17636482199823475,0.26454723299735217,0.09734675335860586,-0.615234375,-0.703125,0.615234375,-0.615234375,0.966796875,-0.615234375,0.0,0.0,0.0,0.0,0.0,0.0,-4.1,-4.0,4.0,-4.8,4.0,-4.0
0.1572521250054706,0.16119891600101255,0.07178119619596753,0.047854130797311684,-0.059817663496639605,0.18977645775414775,0.28466468663122163,0.1076717942939513,-0.615234375,-0.703125,0.615234375,-0.615234375,0.966796875,-0.615234375,0.0,0.0,0.0,0.0,0.0,0.0,-4.1,-4.0,4.0,-4.8,3.9,-4.0
0.16123412500019185,0.16502983300597407,0.078951032112095,0.052634021408063336,-0.06579252676007916,0.20335854715577165,0.3050378207336575,0.1184265481681425,-0.615234375,-0.703125,0.615234375,-0.615234375,0.966796875,-0.615234375,0.0,0.0,0.0,0.0,0.0,0.0,-4.1,-4.8,4.0,-4.8,3.9,-4.0
0.16505570799927227,0.1680622500134632,0.08630441308592415,0.05753627539061611,-0.07192034423827007,0.2169224990480581,0.3253837485720872,0.12945661962888624,-0.615234375,-0.703125,0.615234375,-0.615234375,0.966796875,-0.52734375,0.0,0.0,0.0,0.0,0.0,0.0,-4.1,-4.8,4.1,-4.8,4.0,-3.2
0.1681105000025127,0.17104133300017565,0.09252730352767125,0.0616848690184475,-0.0771060862730593,0.22814014490134107,0.34221021735201157,0.13879095529150687,-0.615234375,-0.703125,0.615234375,-0.615234375,0.966796875,-0.52734375,0.0,0.0,0.0,0.0,0.0,0.0,-4.1,-4.8,4.1,-4.8,3.2,-3.2
0.1710655410133768,0.17405120801413432,0.09884803219218263,0.06589868812812176,-0.0823733601601522,0.23931058621812232,0.35896587932718343,0.14827204828827395,-0.615234375,-0.703125,0.615234375,-0.615234375,0.966796875,-0.52734375,0.0,0.0,0.0,0.0,0.0,0.0,-4.0,-4.9,4.1,-5.6,3.2,-4.0
0.17407966600148939,0.17712450001272373,0.10560891580162417,0.07040594386774944,-0.08800742983468676,0.25102918420459897,0.37654377630689845,0.15841337370243627,-0.615234375,-0.703125,0.615234375,-0.615234375,0.966796875,-0.52734375,0.0,0.0,0.0,0.0,0.0,0.0,-4.0,-4.9,4.1,-5.6,3.1,-4.0
0.17715391601086594,0.18013854100718163,0.11284030258606578,0.07522686839071052,-0.09403358548838814,0.26332089296909494,0.3949813394536424,0.16926045387909866,-0.615234375,-0.703125,0.615234375,-0.615234375,0.966796875,-0.52734375,0.0,0.0,0.0,0.0,0.0,4.39453125,-4.0,-4.9,4.1,-5.6,3.1,-4.0
0.18016554100904614,0.18307020800421014,0.12026216133970534,0.08017477422647021,-0.10021846778308771,0.2756957781175374,0.4135436671763062,0.180393242009558,-0.615234375,-0.703125,0.615234375,-0.615234375,0.966796875,-0.52734375,0.0,0.0,0.0,0.0,0.0,4.39453125,-4.0,-4.9,4.1,-5.6,3.1,-4.0
0.18310158301028423,0.18603008301579393,0.12782822053860643,0.08521881369240426,-0.1065235171155053,0.2880789515876373,0.432118427381456,0.19174233080790962,-0.615234375,-0.703125,0.615234375,-0.615234375,0.966796875,-0.52734375,0.0,0.0,0.0,0.0,0.0,4.39453125,-4.0,-4.9,4.1,-5.6,2.3,-4.0
0.18605775001924485,0.18907020799815655,0.13578430623153032,0.0905228708210202,-0.11315358852627522,0.3008659490654062,0.4512989235981093,0.20367645934729547,-0.615234375,-0.703125,0.615234375,-0.52734375,0.966796875,-0.52734375,0.0,0.0,0.0,0.0,0.0,4.39453125,-4.0,-4.9,4.0,-4.8,2.3,-4.0
0.18909537501167506,0.19206079101422802,0.14432207118225385,0.09621471412150258,-0.12026839265187826,0.31433946195138374,0.4715091929270756,0.21648310677338078,-0.615234375,-0.703125,0.615234375,-0.52734375,0.966796875,-0.52734375,0.0,0.0,0.0,0.0,0.0,4.39453125,-4.9,-4.9,4.0,-4.8,2.3,-4.0
0.19209191601839848,0.19509241601917893,0.15311330961167868,0.10207553974111913,-0.12759442467639892,0.32796324674862254,0.4919448701229338,0.22966996441751805,-0.615234375,-0.703125,0.615234375,-0.52734375,1.0546875,-0.52734375,0.0,0.0,0.0,0.0,0.0,4.39453125,-4.9,-4.8,4.0,-5.6,3.1,-4.0
0.19512070799828507,0.19805841601919383,0.16238070701499344,0.10825380467666229,-0.13531725584582785,0.34206974249848254,0.5131046137477238,0.24357106052249017,-0.615234375,-0.703125,0.615234375,-0.52734375,1.0546875,-0.52734375,0.0,0.0,0.0,0.0,0.0,4.39453125,-4.9,-4.8,4.0,-5.6,2.4,-4.8
0.19808616599766538,0.2010777910181787,0.17183482765045777,0.11455655176697184,-0.14319568970871469,0.3562089492035702,0.5343134238053553,0.25775224147568665,-0.615234375,-0.703125,0.615234375,-0.52734375,1.0546875,-0.52734375,0.0,0.0,0.0,0.0,0.0,0.0,-4.9,-4.8,4.8,-5.6,2.4,-4.8
0.2011040000070352,0.20406650000950322,0.18185149783955218,0.1212343318930348,-0.15154291486629343,0.3709309355614759,0.5563964033422137,0.2727772467593283,-0.615234375,-0.703125,0.615234375,-0.439453125,1.0546875,-0.52734375,0.0,0.0,0.0,0.0,4.39453125,0.0,-4.9,-4.8,4.8,-4.8,2.4,-4.9
0.20409233300597407,0.20712666600593366,0.19217241116363198,0.12811494077575467,-0.16014367596969328,0.38584010342954933,0.578760155144324,0.288258616745448,-0.615234375,-0.703125,0.615234375,-0.439453125,1.0546875,-0.439453125,0.0,0.0,0.0,0.0,4.39453125,0.0,-4.9,-4.8,4.9,-4.8,2.4,-4.1
0.20716150000225753,0.21109591599088162,0.2031984670869414,0.13546564472462758,-0.16933205590578443,0.40149541007905276,0.6022431151185792,0.30479770063041206,-0.615234375,-0.703125,0.615234375,-0.439453125,1.0546875,-0.439453125,0.0,0.0,0.0,0.0,4.39453125,0.0,-4.9,-4.8,4.9,-4.8,1.6,-4.1
0.21113737500854768,0.21506641601445153,0.21813930249047453,0.14542620166031633,-0.18178275207539538,0.4222917607469618,0.6334376411204428,0.3272089537357118,-0.615234375,-0.703125,0.615234375,-0.439453125,1.0546875,-0.439453125,0.0,0.0,0.0,0.0,4.39453125,0.0,-4.8,-5.7,4.9,-5.6,1.6,-3.9
0.21510083301109262,0.21914054101216607,0.23379129968794932,0.15586086645863287,-0.1948260830732909,0.4436020043589711,0.6654030065384566,0.3506869495319239,-0.615234375,-0.703125,0.615234375,-0.439453125,1.0546875,-0.439453125,0.0,0.0,0.0,0.0,4.39453125,0.0,-4.8,-5.7,4.9,-5.6,1.5,-4.7
0.2191937500028871,0.2231865409994498,0.2507707081192492,0.16718047207949943,-0.20897559009937422,0.46621335723693696,0.6993200358554055,0.37615606217887376,-0.615234375,-0.703125,0.615234375,-0.439453125,1.0546875,-0.3515625,0.0,0.0,0.0,0.0,0.0,4.39453125,-5.6,-5.7,4.9,-5.6,0.7,-3.9
0.22324541601119563,0.22748358300304972,0.2684179462633001,0.17894529750886676,-0.2236816218860833,0.4892003327270769,0.7338004990906153,0.4026269193949502,-0.615234375,-0.703125,0.615234375,-0.439453125,1.0546875,-0.3515625,0.0,0.0,0.0,0.0,0.0,4.39453125,-5.6,-5.7,4.8,-5.6,0.7,-4.0
0.22756483301054686,0.23203629101044498,0.2881756055803472,0.19211707038689813,-0.24014633798362253,0.5143648799304753,0.7715473198957129,0.43226340837052074,-0.615234375,-0.703125,0.615234375,-0.3515625,1.0546875,-0.3515625,0.0,0.0,0.0,0.0,0.0,4.39453125,-5.6,-5.7,5.6,-5.6,-0.1,-4.8
0.23207025000010617,0.23512516601476818,0.3098505601470118,0.20656704009800783,-0.25820880012250985,0.5413333254504681,0.8119999881757023,0.46477584022051766,-0.615234375,-0.703125,0.615234375,-0.3515625,1.0546875,-0.3515625,0.0,0.0,0.0,0.0,0.0,4.39453125,-6.5,-5.6,5.6,-5.6,-0.1,-4.9
0.23517187501420267,0.23812349999207072,0.32542041009914974,0.2169469400660998,-0.27118367508262464,0.5603239916897675,0.8404859875346515,0.4881306151487246,-0.615234375,-0.703125,0.615234375,-0.3515625,1.0546875,-0.263671875,0.0,0.0,0.0,0.0,0.0,4.39453125,-6.5,-5.6,5.6,-5.6,-0.1,-4.1
0.23814845801098272,0.24119479101500474,0.340870201710944,0.2272468011406293,-0.2840585014257866,0.5788731070551055,0.8683096605826583,0.5113053025664159,-0.615234375,-0.703125,0.615234375,-0.3515625,1.0546875,-0.263671875,0.0,0.0,0.0,0.0,0.0,8.7890625,-6.5,-5.6,5.6,-5.6,-0.1,-4.9
0.24124525001388974,0.24511054100003093,0.35748105511848005,0.23832070341232003,-0.2979008792653999,0.5985063707526096,0.8977595561289144,0.53622158267772,-0.615234375,-0.703125,0.615234375,-0.263671875,1.0546875,-0.263671875,0.0,0.0,0.0,0.0,0.0,8.7890625,-6.5,-6.4,5.6,-5.6,-0.1,-4.8
0.24515458301175386,0.24911437500850298,0.3792473087172698,0.2528315391448465,-0.31603942393105816,0.6237757950668137,0.9356636926002205,0.5688709630759047,-0.615234375,-0.703125,0.615234375,-0.263671875,1.0546875,-0.17578125,0.0,0.0,0.0,0.0,0.0,8.7890625,-6.5,-6.4,5.7,-5.6,-0.0,-4.0
0.24916429101722315,0.25310912501299754,0.402515297456396,0.2683435316375974,-0.33542941454699643,0.6502516392403319,0.9753774588604979,0.6037729461845941,-0.615234375,-0.703125,0.615234375,-0.263671875,1.0546875,-0.17578125,0.0,0.0,0.0,0.0,0.0,8.7890625,-6.5,-6.5,6.5,-5.6,-0.0,-4.0
0.25315974999102764,0.2571338330162689,0.4266707614554277,0.2844471743036185,-0.3555589678795232,0.6771899005706946,1.0157848508560419,0.6400061421831417,-0.615234375,-0.703125,0.615234375,-0.17578125,1.0546875,-0.17578125,0.0,0.0,0.0,8.7890625,0.0,8.7890625,-7.3,-6.5,6.5,-4.8,-0.0,-4.7
0.2571853330009617,0.26108645799104124,0.4520084255621309,0.30133895037475394,-0.37667368796844214,0.7048873823081312,1.0573310734621968,0.6780126383431965,-0.615234375,-0.703125,0.615234375,-0.17578125,1.0546875,-0.17578125,0.0,0.0,0.0,8.7890625,0.0,4.39453125,-7.3,-6.5,6.5,-5.6,-0.0,-4.7
0.26113150001037866,0.26512516601360403,0.47784041966329444,0.31856027977552964,-0.39820034971941193,0.7325743238727178,1.0988614858090768,0.7167606294949416,-0.615234375,-0.703125,0.615234375,-0.17578125,1.0546875,-0.087890625,0.0,0.0,0.0,8.7890625,0.0,4.39453125,-7.3,-6.5,6.5,-5.6,-0.0,-4.9
0.2651735830004327,0.2691213749931194,0.5053410345420243,0.3368940230280162,-0.4211175287850201,0.7614777360960432,1.142216604144065,0.7580115518130364,-0.615234375,-0.703125,0.615234375,-0.17578125,1.0546875,-0.087890625,0.0,0.0,0.0,8.7890625,0.0,4.39453125,-7.3,-7.3,7.4,-5.6,-0.0,-4.9
0.2691845410154201,0.27312833300675265,0.5336910703413736,0.3557940468942491,-0.444742558617811,0.7906953528883329,1.1860430293324995,0.8005366055120604,-0.615234375,-0.703125,0.615234375,-0.087890625,1.0546875,-0.087890625,0.0,0.0,0.0,8.7890625,0.0,4.39453125,-8.2,-7.3,7.4,-5.6,-0.0,-5.7
0.2731747910147533,0.2771877910126932,0.5629633580400547,0.37530890536003647,-0.4691361317000457,0.82028540311296,1.23042810466944,0.844445037060082,-0.615234375,-0.703125,0.615234375,-0.087890625,1.0546875,0.0,0.0,0.0,0.0,0.0,0.0,4.39453125,-8.2,-7.3,7.4,-5.6,-0.0,-4.9
0.27724783300072886,0.28112625001813285,0.5939623623683175,0.39597490824554493,-0.49496863530693097,0.8510197642378324,1.2765296463567486,0.8909435435524761,-0.615234375,-0.703125,0.615234375,-0.087890625,1.0546875,0.087890625,0.0,0.0,0.0,0.0,0.0,8.7890625,-8.2,-7.3,8.2,-5.6,-0.0,-4.9
0.2811755830189213,0.2851691660180222,0.6249455239090248,0.41663034927268316,-0.5207879365908539,0.8811573431537806,1.321736014730671,0.9374182858635371,-0.615234375,-0.703125,0.615234375,0.0,1.0546875,0.087890625,0.0,0.0,0.0,0.0,0.0,8.7890625,-9.0,-8.1,8.2,-5.6,-0.0,-4.7
0.28521820800960995,0.2892451660009101,0.6579716039452056,0.4386477359634703,-0.548309669954338,0.912680029943635,1.3690200449154526,0.9869574059178083,-0.615234375,-0.703125,0.615234375,0.0,1.0546875,0.17578125,0.0,0.0,0.0,0.0,0.0,8.7890625,-9.0,-8.1,8.1,-5.6,-0.0,-4.7
0.2892915830016136,0.29313104099128395,0.6924346588558835,0.46162310590392236,-0.5770288823799028,0.9449501020613864,1.4174251530920794,1.0386519882838252,-0.615234375,-0.703125,0.615234375,0.0,1.0546875,0.263671875,0.0,0.0,0.0,0.0,0.0,8.7890625,-8.9,-8.1,8.1,-5.6,-0.8,-3.9
0.29318825001246296,0.2970562909904402,0.7265345458278628,0.48435636388524184,-0.605445454856552,0.9762881592460237,1.4644322388690356,1.0898018187417942,-0.615234375,-0.703125,0.615234375,0.087890625,1.0546875,0.263671875,0.0,0.0,0.0,0.0,0.0,8.7890625,-9.7,-8.9,8.9,-5.6,-0.9,-4.7
0.29710095800692216,0.30101341599947773,0.7619056562287497,0.5079371041524998,-0.6349213801906244,1.0082065102871716,1.5123097654307576,1.1428584843431246,-0.615234375,-0.703125,0.615234375,0.087890625,1.0546875,0.263671875,0.0,0.0,0.0,0.0,0.0,13.18359375,-9.7,-8.9,8.9,-5.6,-1.7,-4.7
0.30104287501308136,0.3040532080049161,0.7987036968171043,0.5324691312114029,-0.6655864140142536,1.0408109977112165,1.561216496566825,1.1980555452256565,-0.615234375,-0.703125,0.615234375,0.087890625,1.0546875,0.3515625,0.0,0.0,0.0,0.0,0.0,13.18359375,-9.7,-8.9,8.9,-5.6,-1.7,-4.9
0.30408487500972115,0.3071020409988705,0.8279095208918597,0.5519396805945731,-0.6899246007432159,1.0662731697573815,1.5994097546360722,1.2418642813377896,-0.615234375,-0.703125,0.615234375,0.17578125,1.0546875,0.3515625,0.0,0.0,0.0,0.0,0.0,13.18359375,-10.5,-8.9,8.9,-5.6,-2.6,-5.7
0.30713233299320564,0.3109925000171643,0.8578824501052638,0.5719216334035092,-0.7149020417543864,1.0920388975518365,1.6380583463277547,1.2868236751578956,-0.52734375,-0.703125,0.615234375,0.17578125,1.0546875,0.439453125,0.0,0.0,0.0,0.0,0.0,13.18359375,-9.7,-8.9,9.7,-5.6,-2.6,-4.9
0.3110288330062758,0.31401633299537934,0.8972601369326775,0.598173424621785,-0.7477167807772311,1.1253514379576424,1.6880271569364633,1.3458902053990163,-0.52734375,-0.703125,0.615234375,0.17578125,1.0546875,0.439453125,0.0,0.0,0.0,8.7890625,0.0,13.18359375,-9.7,-9.8,9.7,-5.6,-3.4,-5.7
0.31403970799874514,0.3171535409928765,0.9285070877460038,0.6190047251640025,-0.7737559064550028,1.1513695271676982,1.7270542907515474,1.3927606316190058,-0.439453125,-0.615234375,0.615234375,0.17578125,1.0546875,0.52734375,0.0,0.0,0.0,8.7890625,0.0,13.18359375,-9.7,-9.0,9.7,-6.4,-3.3,-4.9
0.31717533300979994,0.3210518330160994,0.9618163264937036,0.6412108843291356,-0.8015136054114197,1.1787166092077668,1.7680749138116503,1.4427244897405553,-0.3515625,-0.615234375,0.615234375,0.17578125,1.0546875,0.52734375,8.7890625,4.39453125,0.0,8.7890625,0.0,13.18359375,-8.9,-9.0,10.5,-6.4,-4.1,-5.7
0.32107370800804347,0.3240107079909649,1.0043319754404751,0.6695546502936501,-0.8369433128670621,1.2130646015252107,1.8195969022878158,1.5064979631607125,-0.3515625,-0.615234375,0.615234375,0.17578125,1.0546875,0.615234375,8.7890625,4.39453125,0.0,8.7890625,0.0,13.18359375,-8.9,-9.0,10.5,-6.4,-4.1,-4.8
0.32403666601749137,0.32706533299642615,1.03747282291954,0.6916485486130267,-0.864560685766283,1.2394228968920034,1.8591343453380054,1.5562092343793101,-0.263671875,-0.52734375,0.52734375,0.263671875,1.0546875,0.615234375,8.7890625,4.39453125,0.0,8.7890625,0.0,13.18359375,-8.9,-9.0,9.8,-6.4,-5.0,-5.6
0.32710066600702703,0.3300120829953812,1.072502399411931,0.7150015996079538,-0.893751999509942,1.26690319936133,1.9003547990419953,1.608753599117896,-0.263671875,-0.52734375,0.52734375,0.263671875,1.0546875,0.703125,8.7890625,4.39453125,0.0,8.7890625,0.0,13.18359375,-8.9,-9.0,10.6,-6.4,-5.0,-5.6
0.3300392499950249,0.33302204101346433,1.1068290698470196,0.7378860465646797,-0.9223575582058492,1.2934666481928985,1.940199972289348,1.6602436047705293,-0.263671875,-0.52734375,0.439453125,0.3515625,1.0546875,0.703125,8.7890625,4.39453125,-4.39453125,8.7890625,0.0,13.18359375,-8.7,-8.7,9.8,-5.6,-5.8,-5.6
0.3330500000156462,0.336016290995758,1.142747341196726,0.7618315607978173,-0.9522894509972709,1.3208882562563153,1.9813323843844728,1.7141210117950887,-0.17578125,-0.52734375,0.439453125,0.3515625,1.0546875,0.791015625,8.7890625,4.39453125,-4.39453125,8.7890625,0.0,13.18359375,-8.7,-8.7,9.8,-6.4,-5.7,-5.6
0.3360375830088742,0.3392093330039643,1.1791443894950835,0.7860962596633889,-0.9826203245792358,1.3482993376173453,2.022449006426018,1.7687165842426251,-0.17578125,-0.439453125,0.439453125,0.3515625,1.0546875,0.87890625,13.18359375,4.39453125,-4.39453125,8.7890625,0.0,13.18359375,-8.7,-7.9,9.8,-6.4,-6.5,-5.6
0.33924025000305846,0.34318012499716133,1.2190041060114687,0.8126694040076458,-1.0158367550095566,1.3778993008310492,2.0668489512465738,1.8285061590172027,-0.087890625,-0.439453125,0.3515625,0.439453125,1.0546875,0.87890625,13.18359375,8.7890625,-4.39453125,8.7890625,0.0,13.18359375,-8.7,-8.7,9.8,-5.6,-6.5,-5.6
0.3432145830010995,0.3470509159960784,1.2696905073443112,0.8464603382295407,-1.0580754227869251,1.4149310525773873,2.122396578866081,1.9045357610164668,-0.087890625,-0.3515625,0.3515625,0.439453125,1.0546875,0.966796875,13.18359375,8.7890625,-4.39453125,8.7890625,0.0,13.18359375,-8.7,-7.9,9.5,-6.4,-7.4,-6.4
0.3470852079917677,0.35004654101794586,1.32036803101441,0.8802453540096067,-1.1003066925120082,1.4513036359403337,2.1769554539105007,1.9805520465216153,-0.087890625,-0.3515625,0.263671875,0.52734375,1.0546875,1.0546875,13.18359375,8.7890625,-4.39453125,8.7890625,0.0,13.18359375,-9.5,-7.9,9.5,-5.6,-7.4,-5.6
0.35007566600688733,0.35303937501157634,1.3604172136538144,0.9069448091025429,-1.1336810113781788,1.4796046441547754,2.2194069662321634,2.040625820480722,0.0,-0.3515625,0.263671875,0.52734375,1.0546875,1.142578125,13.18359375,8.7890625,-13.18359375,8.7890625,0.0,13.18359375,-8.8,-8.8,9.5,-6.4,-8.2,-5.6
0.35306495800614357,0.35604524999507703,1.4012370411388502,0.9341580274259002,-1.1676975342823748,1.5080618153965324,2.2620927230947983,2.1018555617082755,0.0,-0.263671875,0.263671875,0.52734375,1.0546875,1.142578125,13.18359375,8.7890625,-13.18359375,8.7890625,0.0,13.18359375,-8.8,-8.0,9.5,-6.4,-8.1,-5.6
0.3560747080191504,0.3590446659945883,1.4431358568981356,0.9620905712654237,-1.2026132140817796,1.5368764989630683,2.3053147484446024,2.1647037853472035,0.087890625,-0.263671875,0.17578125,0.615234375,1.0546875,1.23046875,8.7890625,8.7890625,-13.18359375,8.7890625,0.0,21.97265625,-8.8,-8.0,9.5,-5.6,-8.9,-5.6
0.3590810000023339,0.36209237499861047,1.485792819631653,0.990528546421102,-1.2381606830263776,1.5658148724906396,2.3487223087359594,2.2286892294474794,0.087890625,-0.263671875,0.17578125,0.615234375,1.0546875,1.318359375,8.7890625,8.7890625,-13.18359375,8.7890625,0.0,21.97265625,-8.8,-8.8,9.5,-5.6,-8.9,-5.6
0.3621227080002427,0.36505575000774115,1.529777723000054,1.0198518153333693,-1.2748147691667113,1.595247177427061,2.3928707661405912,2.2946665845000807,0.087890625,-0.17578125,0.17578125,0.615234375,1.0546875,1.318359375,8.7890625,8.7890625,-13.18359375,8.7890625,0.0,21.97265625,-8.8,-8.0,9.5,-6.4,-9.7,-5.6
0.36508095799945295,0.36912354099331424,1.5733571087698286,1.0489047391798858,-1.311130923974857,1.624013274287139,2.4360199114307086,2.360035663154743,0.17578125,-0.17578125,0.087890625,0.703125,1.23046875,1.40625,8.7890625,8.7890625,-13.18359375,8.7890625,0.0,21.97265625,-8.8,-8.0,9.5,-5.6,-8.1,-5.6
0.3691593749972526,0.37308345799101517,1.6347425345479232,1.0898283563652822,-1.3622854454566025,1.6638889169721562,2.4958333754582345,2.452113801821885,0.17578125,-0.087890625,0.087890625,0.703125,1.318359375,1.494140625,8.7890625,8.7890625,-8.7890625,8.7890625,0.0,21.97265625,-8.8,-7.9,9.5,-6.4,-8.1,-6.5
0.3731497910048347,0.3770746660011355,1.6962770926557682,1.1308513951038455,-1.4135642438798064,1.703133267116898,2.5546999006753466,2.544415638983652,0.263671875,-0.087890625,0.0,0.703125,1.494140625,1.58203125,8.7890625,8.7890625,-8.7890625,8.7890625,0.0,21.97265625,-8.8,-7.9,9.5,-6.4,-6.1,-5.7
0.3771132080000825,0.38008200001786463,1.7588486999638602,1.1725657999759067,-1.4657072499698829,1.7423208398871377,2.6134812598307064,2.6382730499457905,0.263671875,0.0,0.0,0.791015625,1.58203125,1.669921875,13.18359375,13.18359375,-8.7890625,8.7890625,0.0,21.97265625,-9.6,-7.1,9.5,-5.6,-6.1,-6.5
0.380118458007928,0.3830232910113409,1.8072651102821082,1.204843406854739,-1.5060542585684236,1.7721638302739398,2.65824574541091,2.7108976654231625,0.3515625,0.0,-0.087890625,0.791015625,1.669921875,1.669921875,13.18359375,13.18359375,-8.7890625,8.7890625,30.76171875,21.97265625,-8.8,-7.9,9.5,-6.4,-6.1,-6.4
0.3830497910093982,0.3860079160076566,1.8553024878152973,1.2368683252101982,-1.5460854065127472,1.8013728320198639,2.7020592480297956,2.782953731722946,0.3515625,0.0,-0.087890625,0.87890625,1.7578125,1.7578125,13.18359375,13.18359375,-8.7890625,8.7890625,30.76171875,21.97265625,-9.6,-7.9,9.7,-5.6,-5.5,-6.4
0.3860482079908252,0.3900685410189908,1.9052725630607463,1.2701817087071643,-1.5877271358839546,1.831345711660593,2.7470185674908896,2.8579088445911194,0.3515625,0.087890625,-0.17578125,0.87890625,1.845703125,1.93359375,13.18359375,13.18359375,-8.7890625,8.7890625,30.76171875,21.97265625,-9.6,-7.9,9.7,-6.4,-5.5,-6.4
0.39010245801182464,0.3931096250016708,1.9741855471356617,1.316123698090441,-1.6451546226130518,1.872014102012668,2.808021153019002,2.9612783207034923,0.439453125,0.087890625,-0.17578125,0.87890625,1.93359375,1.93359375,13.18359375,13.18359375,-13.18359375,8.7890625,30.76171875,21.97265625,-9.7,-8.0,9.7,-6.4,-4.7,-6.4
0.3931640830123797,0.3970353330078069,2.0272574345705943,1.3515049563803962,-1.689381195475495,1.9028233718836671,2.854235057825501,3.0408861518558914,0.439453125,0.087890625,-0.17578125,0.966796875,1.93359375,2.021484375,13.18359375,13.18359375,-13.18359375,13.18359375,30.76171875,21.97265625,-9.7,-8.0,9.7,-5.6,-5.6,-6.4
0.3970625000074506,0.4001627080142498,2.096125523562874,1.3974170157085828,-1.7467712696357285,1.942162148891351,2.913243223337027,3.144188285344311,0.52734375,0.17578125,-0.263671875,0.966796875,1.93359375,2.197265625,8.7890625,8.7890625,-13.18359375,13.18359375,30.76171875,21.97265625,-9.7,-8.0,9.7,-6.4,-5.6,-6.4
0.4001866250182502,0.40406537501257844,2.152363449665589,1.434908966443726,-1.793636208054657,1.9737657282311698,2.9606485923467547,3.2285451744983833,0.52734375,0.17578125,-0.263671875,0.966796875,2.021484375,2.28515625,8.7890625,8.7890625,-13.18359375,13.18359375,13.18359375,21.97265625,-10.5,-8.0,9.7,-6.4,-5.6,-5.6
0.40408541599754244,0.4070656660187524,2.2238602246272188,1.4825734830848123,-1.8532168538560154,2.013289907688472,3.019934861532708,3.335790336940828,0.615234375,0.263671875,-0.263671875,1.0546875,2.021484375,2.373046875,8.7890625,8.7890625,-13.18359375,13.18359375,13.18359375,21.97265625,-9.7,-7.2,10.5,-5.6,-6.5,-6.4
0.4070836660102941,0.4100322500162292,2.2798387995272615,1.5198925330181743,-1.8998656662727178,2.0437389195636957,3.065608379345543,3.4197581992908916,0.615234375,0.263671875,-0.3515625,1.0546875,2.021484375,2.373046875,8.7890625,8.7890625,-13.18359375,13.18359375,13.18359375,21.97265625,-10.5,-8.0,9.7,-6.4,-6.5,-6.4
0.4100497500039637,0.4130599579948466,2.336071937579416,1.5573812917196104,-1.9467266146495128,2.0738995714889987,3.110849357233498,3.5041079063691236,0.615234375,0.263671875,-0.3515625,1.0546875,2.021484375,2.548828125,8.7890625,8.7890625,-8.7890625,13.18359375,13.18359375,21.97265625,-10.5,-8.0,10.5,-6.4,-7.3,-5.6
0.41307712500565685,0.416201790998457,2.394346723690194,1.596231149126796,-1.9952889364084945,2.104715222485649,3.157072833728474,3.591520085535291,0.703125,0.263671875,-0.439453125,1.142578125,2.021484375,2.63671875,8.7890625,8.7890625,-8.7890625,0.0,13.18359375,21.97265625,-10.5,-8.8,9.7,-6.4,-7.3,-5.6
0.416221499996027,0.4200221660139505,2.4558171461402902,1.6372114307601935,-2.046514288450242,2.1367475454095097,3.205121318114265,3.683725719210435,0.703125,0.3515625,-0.439453125,1.142578125,2.021484375,2.63671875,13.18359375,8.7890625,-8.7890625,0.0,13.18359375,26.3671875,-10.5,-8.0,10.5,-6.4,-8.1,-6.4
0.4200415830127895,0.42303604100015946,2.5317943228087003,1.6878628818724668,-2.1098286023405834,2.1756862567970483,3.263529385195573,3.79769148421305,0.791015625,0.439453125,-0.439453125,1.23046875,2.109375,2.8125,13.18359375,8.7890625,-8.7890625,0.0,8.7890625,26.3671875,-10.5,-8.0,10.5,-5.6,-7.3,-6.4
0.42305437501636334,0.42612458299845457,2.592721668130761,1.728481112087174,-2.1606013901089676,2.2064041011545705,3.309606151731856,3.8890825021961413,0.87890625,0.439453125,-0.52734375,1.23046875,2.197265625,2.8125,13.18359375,8.7890625,-8.7890625,0.0,8.7890625,26.3671875,-10.5,-8.0,10.4,-6.4,-7.3,-6.4
0.4261760830122512,0.43008266601827927,2.656789913868043,1.7711932759120286,-2.213991594890036,2.2382308027319313,3.357346204097897,3.9851848708020645,0.87890625,0.439453125,-0.52734375,1.23046875,2.197265625,2.900390625,13.18359375,8.7890625,-8.7890625,0.0,8.7890625,26.3671875,-10.5,-8.0,11.2,-6.4,-8.1,-6.4
0.43009808301576413,0.43318595801247284,2.7386393823100437,1.8257595882066957,-2.282199485258369,2.2782010772422607,3.417301615863391,4.107959073465065,0.87890625,0.52734375,-0.615234375,1.318359375,2.28515625,3.076171875,13.18359375,8.7890625,-13.18359375,13.18359375,8.7890625,26.3671875,-11.3,-8.0,10.4,-5.6,-7.3,-6.4
0.4332005830074195,0.43708070801221766,2.804458595953474,1.8696390639689826,-2.337048829961227,2.3097966129522303,3.4646949194283456,4.20668789393021,0.966796875,0.52734375,-0.703125,1.318359375,2.373046875,3.076171875,13.18359375,8.7890625,-13.18359375,13.18359375,8.7890625,26.3671875,-11.3,-8.0,10.4,-6.4,-7.1,-7.2
0.4370946249982808,0.44014270801562816,2.888413015890422,1.9256086772602814,-2.4070108465753517,2.349410014475571,3.524115021713357,4.332619523835634,0.966796875,0.615234375,-0.703125,1.40625,2.4609375,3.251953125,13.18359375,13.18359375,-13.18359375,13.18359375,8.7890625,26.3671875,-12.1,-8.0,10.4,-5.6,-6.3,-6.4
0.44015999999828637,0.4440546660043765,2.9555544561161855,1.9703696374107904,-2.4629620467634883,2.3805493200666588,3.570823980099988,4.433331684174279,1.0546875,0.615234375,-0.791015625,1.40625,2.4609375,3.33984375,13.18359375,13.18359375,-13.18359375,13.18359375,17.578125,26.3671875,-11.3,-8.0,10.4,-6.4,-7.1,-6.5
0.44407166601740755,0.44710474999737926,3.042580921883284,2.028387281255523,-2.5354841015694034,2.4202144977133577,3.6303217465700364,4.563871382824926,1.142578125,0.615234375,-0.791015625,1.40625,2.548828125,3.427734375,13.18359375,13.18359375,-13.18359375,13.18359375,17.578125,26.3671875,-11.3,-8.8,11.2,-6.4,-7.2,-6.5
0.44712804100709036,0.45102274999953806,3.1116322026977214,2.0744214684651476,-2.593026835581435,2.4511408378404647,3.676711256760697,4.667448304046582,1.142578125,0.703125,-0.791015625,1.494140625,2.63671875,3.515625,13.18359375,13.18359375,-13.18359375,13.18359375,17.578125,26.3671875,-12.1,-8.0,11.2,-6.4,-6.4,-6.5
0.4510404579923488,0.45415075001074,3.2013729846538865,2.134248656435924,-2.667810820544905,2.490629994147972,3.7359449912219582,4.80205947698083,1.23046875,0.703125,-0.87890625,1.494140625,2.724609375,3.69140625,13.18359375,13.18359375,-8.7890625,8.7890625,17.578125,26.3671875,-12.1,-8.9,11.2,-6.4,-7.2,-6.3
0.45416779100196436,0.45805779099464417,3.274195923493931,2.1827972823292874,-2.728496602911608,2.52210395730257,3.783155935953855,4.911293885240896,1.318359375,0.791015625,-0.87890625,1.58203125,2.724609375,3.779296875,17.578125,13.18359375,-8.7890625,8.7890625,17.578125,26.3671875,-11.3,-8.9,12.0,-5.6,-7.2,-7.1
0.4580747500003781,0.46108791601727717,3.3665340040900102,2.2443560027266733,-2.805445003408341,2.5612954454852743,3.8419431682279117,5.049801006135015,1.318359375,0.791015625,-0.966796875,1.58203125,2.8125,3.8671875,17.578125,8.7890625,-8.7890625,8.7890625,17.578125,30.76171875,-12.1,-8.9,11.2,-6.4,-6.4,-7.1
0.4611047079961281,0.46409125000354834,3.439185406803972,2.292790271202648,-2.86598783900331,2.5915804958601867,3.88737074379028,5.158778110205958,1.40625,0.791015625,-0.966796875,1.58203125,2.900390625,3.955078125,17.578125,8.7890625,-8.7890625,8.7890625,17.578125,30.76171875,-12.1,-9.7,12.0,-6.4,-6.4,-7.3
0.4641105000046082,0.4680930000031367,3.512155216894028,2.3414368112626853,-2.9267960140783558,2.6215207959916946,3.932281193987542,5.268232825341042,1.494140625,0.87890625,-1.0546875,1.58203125,2.900390625,4.04296875,17.578125,8.7890625,-8.7890625,8.7890625,17.578125,30.76171875,-12.1,-8.9,12.2,-6.4,-6.3,-7.3
0.468110624991823,0.47204204101581126,3.6106498985149194,2.4070999323432796,-3.008874915429099,2.6611919097086134,3.9917878645629203,5.415974847772379,1.494140625,0.966796875,-1.0546875,1.669921875,2.98828125,4.21875,17.578125,8.7890625,-13.18359375,8.7890625,17.578125,30.76171875,-12.9,-8.8,12.2,-6.4,-6.3,-7.2
0.47205920799751766,0.4751561250013765,3.709426258704542,2.4729508391363613,-3.09118854892045,2.700140037285286,4.050210055927929,5.564139388056812,1.58203125,0.966796875,-1.142578125,1.7578125,3.076171875,4.306640625,17.578125,8.7890625,-13.18359375,8.7890625,17.578125,30.76171875,-12.9,-8.8,12.2,-5.6,-5.5,-7.2
0.4751775409968104,0.47898070799419656,3.7885208410648668,2.525680560709911,-3.157100700887388,2.730737633303843,4.096106449955765,5.682781261597301,1.669921875,1.0546875,-1.23046875,1.7578125,3.076171875,4.482421875,13.18359375,8.7890625,-13.18359375,8.7890625,17.578125,35.15625,-12.1,-8.8,12.2,-6.4,-6.3,-7.2
0.4790205830067862,0.48200916600762866,3.887315338500333,2.5915435590002223,-3.239429448750277,2.768235790923916,4.152353686385873,5.8309730077505,1.669921875,1.0546875,-1.23046875,1.845703125,3.076171875,4.5703125,13.18359375,13.18359375,-13.18359375,8.7890625,13.18359375,35.15625,-12.9,-9.6,13.0,-5.6,-7.1,-8.1
0.48204175001592375,0.4849792910099495,3.9660016317990863,2.6440010878660574,-3.3050013598325716,2.797540930989627,4.19631139648444,5.949002447698629,1.7578125,1.142578125,-1.318359375,1.845703125,3.1640625,4.74609375,13.18359375,13.18359375,-13.18359375,8.7890625,13.18359375,35.15625,-12.9,-8.8,12.0,-5.6,-6.5,-7.3
0.48500158300157636,0.4879113750066608,4.0439595743673795,2.6959730495782526,-3.3699663119728145,2.8260940342880985,4.2391410514321475,6.065939361551068,1.7578125,1.142578125,-1.40625,1.845703125,3.1640625,4.833984375,13.18359375,13.18359375,-13.18359375,8.7890625,13.18359375,35.15625,-13.7,-9.6,12.0,-6.4,-7.3,-7.3
0.4879552079946734,0.4909952910093125,4.122609816080745,2.74840654405383,-3.4355081800672873,2.8544242776282336,4.28163641644235,6.183914724121118,1.845703125,1.23046875,-1.40625,1.93359375,3.251953125,4.921875,13.18359375,13.18359375,-17.578125,8.7890625,13.18359375,35.15625,-12.8,-8.8,12.8,-5.6,-6.5,-8.1
0.4910274159919936,0.49403437500586733,4.205322853571253,2.8035485690475017,-3.5044357113093763,2.8837106891123883,4.325566033668583,6.307984280356879,1.93359375,1.23046875,-1.494140625,1.93359375,3.251953125,5.009765625,13.18359375,13.18359375,-17.578125,13.18359375,13.18359375,35.15625,-12.8,-9.6,12.0,-5.6,-7.3,-8.0
0.4940663750167005,0.4970299580018036,4.28804656356748,2.8586977090449865,-3.5733721363062334,2.912489713331651,4.368734569997477,6.43206984535122,1.93359375,1.318359375,-1.494140625,1.93359375,3.33984375,5.2734375,17.578125,13.18359375,-17.578125,13.18359375,13.18359375,39.55078125,-13.6,-8.8,12.8,-6.4,-6.4,-6.4
0.4970575000043027,0.5000162080104928,4.370345626658233,2.9135637511054884,-3.6419546888818606,2.9406223913119507,4.410933586967927,6.55551843998735,2.021484375,1.318359375,-1.494140625,2.021484375,3.427734375,5.361328125,17.578125,13.18359375,-17.578125,13.18359375,13.18359375,39.55078125,-13.6,-9.6,13.6,-5.6,-6.4,-6.4
0.5000445829937235,0.5030261659994721,4.453399763727744,2.9689331758184956,-3.7111664697731186,2.9685173713895394,4.45277605708431,6.680099645591615,2.109375,1.40625,-1.58203125,2.021484375,3.427734375,5.537109375,17.578125,13.18359375,-17.578125,13.18359375,17.578125,39.55078125,-13.6,-9.6,12.8,-5.6,-6.4,-7.1
0.5030737500055693,0.5060071250190958,4.538505440406844,3.025670293604563,-3.782087867005703,2.9965931631415805,4.494889744712371,6.807758160610266,2.109375,1.40625,-1.669921875,2.021484375,3.515625,5.537109375,17.578125,13.18359375,-17.578125,13.18359375,17.578125,39.55078125,-13.6,-9.6,13.0,-6.4,-6.5,-7.9
0.5060327910177875,0.5090125830029137,4.622495140680472,3.0816634271203154,-3.8520792839003932,3.023804534806147,4.53570680220922,6.9337427110207095,2.197265625,1.494140625,-1.669921875,2.109375,3.515625,5.712890625,17.578125,13.18359375,-17.578125,13.18359375,17.578125,39.55078125,-13.6,-9.6,13.8,-5.6,-6.5,-7.9
0.509043208003277,0.5129703750135377,4.708806471985813,3.139204314657209,-3.924005393321511,3.0512625825457333,4.5768938738186,7.063209707978719,2.28515625,1.494140625,-1.7578125,2.109375,3.603515625,5.80078125,17.578125,13.18359375,-17.578125,13.18359375,17.578125,39.55078125,-13.8,-9.7,13.0,-5.6,-6.5,-8.1
0.5130113330087624,0.5159559579915367,4.823901151493767,3.2159341009958444,-4.019917626244805,3.0870939032394245,4.630640854859137,7.235851727240651,2.28515625,1.494140625,-1.845703125,2.109375,3.69140625,5.9765625,17.578125,13.18359375,-17.578125,8.7890625,17.578125,39.55078125,-14.6,-10.5,13.0,-6.4,-5.5,-7.3
0.5159824159927666,0.5190157500037458,4.911059044887048,3.274039363258032,-4.092549204072538,3.1136421510712817,4.670463226606922,7.366588567330572,2.373046875,1.58203125,-1.845703125,2.109375,3.69140625,6.064453125,21.97265625,13.18359375,-17.578125,8.7890625,17.578125,39.55078125,-14.6,-10.5,13.8,-6.4,-6.3,-7.3
0.5190525829966646,0.5220937500125729,5.0020031551343,3.334668770089533,-4.168335962611917,3.1408143953165246,4.711221592974788,7.50300473270145,2.4609375,1.58203125,-1.93359375,2.197265625,3.69140625,6.15234375,21.97265625,13.18359375,-17.578125,8.7890625,13.18359375,39.55078125,-14.6,-10.5,13.8,-5.6,-6.3,-7.1
0.5221174159960356,0.5250900410173927,5.093676932730259,3.395784621820172,-4.2447307772752145,3.1676657322087363,4.751498598313105,7.6405153990953885,2.548828125,1.669921875,-1.93359375,2.197265625,3.779296875,6.328125,21.97265625,13.18359375,-17.578125,8.7890625,13.18359375,39.55078125,-14.6,-10.5,14.5,-6.4,-6.4,-7.9
0.5251096659922041,0.528124791017035,5.184031261335496,3.4560208408903312,-4.320026051112914,3.1936089153733076,4.790413373059962,7.7760468920032455,2.548828125,1.669921875,-2.021484375,2.197265625,3.779296875,6.416015625,21.97265625,13.18359375,-17.578125,8.7890625,13.18359375,39.55078125,-15.4,-10.5,13.7,-6.4,-6.4,-8.7
0.5281455410004128,0.531068166019395,5.276558566961773,3.5177057113078485,-4.3971321391348095,3.219646980529651,4.829470470794476,7.91483785044266,2.63671875,1.7578125,-2.109375,2.28515625,3.779296875,6.591796875,21.97265625,13.18359375,-17.578125,8.7890625,13.18359375,39.55078125,-15.2,-10.5,13.7,-5.6,-7.2,-9.0
0.5310873330163304,0.5350750409998,5.367036442310116,3.578024294873411,-4.472530368591763,3.2445978414933667,4.866896762240049,8.050554663465176,2.724609375,1.7578125,-2.109375,2.28515625,3.8671875,6.6796875,21.97265625,13.18359375,-17.578125,8.7890625,13.18359375,39.55078125,-15.2,-11.3,14.5,-6.4,-6.4,-9.0
0.5350931659922935,0.5390291250078008,5.4915269596409635,3.661017973093976,-4.576272466367469,3.2781157477705745,4.917173621655862,8.237290439461445,2.724609375,1.845703125,-2.197265625,2.28515625,3.8671875,6.85546875,17.578125,13.18359375,-17.578125,8.7890625,13.18359375,35.15625,-16.0,-10.5,14.5,-6.4,-6.4,-9.8
0.5390464160009287,0.5420680830138735,5.615828362518482,3.7438855750123214,-4.679856968765402,3.310658991048663,4.965988486572994,8.423742543777724,2.900390625,1.93359375,-2.28515625,2.373046875,3.955078125,7.03125,17.578125,13.18359375,-17.578125,8.7890625,13.18359375,35.15625,-15.2,-10.5,14.5,-5.6,-6.4,-8.8
0.5420856249984354,0.545103750017006,5.712358649534834,3.80823909968989,-4.760298874612362,3.3353049332273503,5.002957399841025,8.568537974302252,2.900390625,1.93359375,-2.28515625,2.373046875,4.04296875,7.20703125,17.578125,13.18359375,-17.578125,8.7890625,13.18359375,35.15625,-16.0,-11.3,15.3,-6.4,-6.4,-8.0
0.545120875001885,0.5490083750046324,5.809597994848768,3.873065329899178,-4.841331662373973,3.359585984792354,5.039378977188531,8.714396992273151,2.98828125,2.021484375,-2.373046875,2.4609375,4.04296875,7.3828125,17.578125,13.18359375,-17.578125,8.7890625,13.18359375,35.15625,-16.0,-11.3,14.5,-5.6,-6.4,-7.2
0.5490253329917323,0.5521127500105649,5.935901853370718,3.957267902247146,-4.94658487780893,3.390317862131414,5.08547679319712,8.903852780056077,3.076171875,2.021484375,-2.4609375,2.4609375,4.130859375,7.55859375,17.578125,13.18359375,-17.578125,8.7890625,13.18359375,35.15625,-16.1,-12.1,14.5,-5.6,-5.6,-7.9
0.5521293749916367,0.5559998330136295,6.037283825639743,4.024855883759828,-5.031069854699785,3.414335316521157,5.121502974781736,9.055925738459614,3.1640625,2.109375,-2.548828125,2.4609375,4.21875,7.734375,17.578125,13.18359375,-17.578125,8.7890625,13.18359375,35.15625,-16.1,-11.3,14.5,-6.4,-5.6,-7.9
0.5560191250115167,0.5590689580130856,6.165531169080618,4.110354112720412,-5.137942640900513,3.4438993129436364,5.165848969415455,9.248296753620927,3.251953125,2.197265625,-2.63671875,2.548828125,4.21875,7.91015625,21.97265625,17.578125,-17.578125,8.7890625,13.18359375,52.734375,-16.1,-11.3,14.5,-5.6,-5.6,-7.9
0.5590914580097888,0.5630547910113819,6.267765954070127,4.178510636046751,-5.2231382950584395,3.4668209551587115,5.200231432738066,9.401648931105191,3.33984375,2.197265625,-2.63671875,2.548828125,4.21875,7.998046875,21.97265625,17.578125,-17.578125,8.7890625,13.18359375,52.734375,-16.1,-12.1,15.3,-5.6,-6.4,-9.7
0.5630955829983577,0.5669597499945667,6.4022380779105195,4.268158718607014,-5.335198398258768,3.4961100682270323,5.244165102340548,9.60335711686578,3.427734375,2.28515625,-2.724609375,2.548828125,4.21875,8.26171875,21.97265625,17.578125,-17.578125,8.7890625,13.18359375,52.734375,-16.1,-12.1,15.2,-5.6,-6.4,-8.1
0.5669909999996889,0.5699593750177883,6.534383226614608,4.356255484409738,-5.445319355512172,3.5239529700946948,5.285929455142043,9.801574839921912,3.515625,2.373046875,-2.8125,2.63671875,4.306640625,8.4375,21.97265625,17.578125,-17.578125,8.7890625,13.18359375,52.734375,-17.0,-12.1,15.2,-5.6,-6.4,-8.9
0.5700085830176249,0.5729865409957711,6.637637675708928,4.425091783805953,-5.53136472975744,3.5450690688638336,5.317603603295749,9.956456513563394,3.603515625,2.4609375,-2.900390625,2.63671875,4.306640625,8.525390625,21.97265625,17.578125,-17.578125,8.7890625,13.18359375,52.734375,-17.0,-11.3,15.2,-5.6,-6.4,-9.6
0.573017874994548,0.5759786659909878,6.741373259170887,4.494248839447257,-5.61781104930907,3.5657251513533184,5.348587727029979,10.11205988875633,3.69140625,2.4609375,-2.98828125,2.724609375,4.306640625,8.701171875,26.3671875,17.578125,-17.578125,8.7890625,13.18359375,52.734375,-17.0,-12.1,15.2,-4.8,-7.3,-8.8
0.5760096659942064,0.5789947909943294,6.845255803619112,4.563503869079407,-5.7043798363492595,3.585855392225059,5.378783088337588,10.267883705428666,3.779296875,2.548828125,-2.98828125,2.724609375,4.39453125,8.876953125,26.3671875,17.578125,-17.578125,8.7890625,13.18359375,48.33984375,-17.0,-12.1,16.0,-5.6,-6.5,-8.8
0.5790208750113379,0.5819702500011772,6.950560860248145,4.63370724016543,-5.792134050206787,3.6057000436912987,5.408550065536948,10.425841290372215,3.8671875,2.548828125,-3.076171875,2.724609375,4.39453125,9.052734375,26.3671875,17.578125,-17.578125,8.7890625,8.7890625,48.33984375,-17.0,-12.1,16.0,-5.6,-6.5,-9.7
0.5819968750001863,0.5849832910171244,7.05536506807772,4.703576712051812,-5.879470890064768,3.6248947817219617,5.437342172582943,10.58304760211658,3.8671875,2.63671875,-3.1640625,2.724609375,4.482421875,9.140625,26.3671875,17.578125,-17.578125,8.7890625,8.7890625,48.33984375,-17.8,-12.1,16.1,-5.6,-6.3,-9.7
0.5850097500078846,0.5879972499969881,7.162200186775758,4.774800124517172,-5.968500155646463,3.6438965359874613,5.4658448039811915,10.743300280163638,3.955078125,2.63671875,-3.1640625,2.724609375,4.482421875,9.31640625,26.3671875,17.578125,-17.578125,8.7890625,8.7890625,48.33984375,-17.8,-12.9,16.1,-5.6,-6.3,-8.9
0.588027541001793,0.5910076659929473,7.269940604383513,4.846627069589009,-6.058283836986261,3.6624870865993606,5.493730629899041,10.90491090657527,4.04296875,2.724609375,-3.251953125,2.724609375,4.5703125,9.4921875,26.3671875,17.578125,-21.97265625,8.7890625,8.7890625,48.33984375,-17.6,-12.9,16.1,-5.6,-5.5,-7.8
0.5910475410055369,0.5950516659941059,7.3784844130808676,4.918989608720579,-6.1487370109007236,3.680640517903649,5.520960776855474,11.067726619621302,4.130859375,2.724609375,-3.33984375,2.8125,4.5703125,9.66796875,26.3671875,17.578125,-21.97265625,8.7890625,8.7890625,48.33984375,-17.6,-12.9,16.1,-5.6,-6.4,-7.0
0.5950857080169953,0.5980689580028411,7.524741369782874,5.016494246521916,-6.270617808152392,3.704196430986661,5.556294646479992,11.28711205467431,4.21875,2.900390625,-3.427734375,2.8125,4.658203125,9.755859375,21.97265625,17.578125,-21.97265625,8.7890625,8.7890625,48.33984375,-17.6,-12.1,16.1,-5.6,-5.6,-9.4
0.5980933330138214,0.6010292500141077,7.634494497346782,5.089662998231188,-6.362078747788982,3.7211974253959403,5.58179613809391,11.451741746020172,4.306640625,2.900390625,-3.515625,2.8125,4.658203125,9.931640625,21.97265625,17.578125,-21.97265625,8.7890625,13.18359375,48.33984375,-17.6,-12.9,16.1,-5.6,-5.6,-9.8
0.6010577499982901,0.6039950830163434,7.743347781808599,5.162231854539066,-6.452789818173832,3.7374921290232597,5.606238193534889,11.6150216727129,4.39453125,2.98828125,-3.603515625,2.8125,4.658203125,10.107421875,21.97265625,17.578125,-21.97265625,8.7890625,13.18359375,48.33984375,-17.6,-12.9,16.1,-5.6,-6.4,-9.8
0.6040233749954496,0.6069971249962691,7.85290967060153,5.235273113734354,-6.544091392167942,3.753327405295367,5.6299911079430505,11.779364505902297,4.482421875,3.076171875,-3.603515625,2.900390625,4.74609375,10.283203125,21.97265625,17.578125,-21.97265625,8.7890625,13.18359375,48.33984375,-17.6,-12.9,16.8,-5.6,-5.6,-9.8
0.6070253330108244,0.6100825410103425,7.96448202938764,5.309654686258426,-6.637068357823031,3.7688747733817847,5.653312160072677,11.946723044081459,4.5703125,3.076171875,-3.69140625,2.900390625,4.74609375,10.37109375,21.97265625,17.578125,-21.97265625,8.7890625,13.18359375,48.33984375,-18.6,-12.9,16.8,-5.6,-5.6,-10.6
0.6101259159913752,0.6140375410031993,8.080416448233361,5.3869442988222405,-6.7336803735278,3.7844163250970206,5.6766244876455305,12.120624672350042,4.658203125,3.1640625,-3.779296875,2.900390625,4.74609375,10.546875,21.97265625,17.578125,-21.97265625,0.0,13.18359375,48.33984375,-18.6,-12.9,16.8,-5.6,-5.6,-10.5
0.6140749999904074,0.6179966249910649,8.229086767086072,5.486057844724048,-6.85757230590506,3.803438579976512,5.705157869964768,12.343630150629107,4.74609375,3.1640625,-3.955078125,2.900390625,4.833984375,10.810546875,30.76171875,17.578125,-21.97265625,0.0,13.18359375,52.734375,-18.6,-13.7,16.0,-5.6,-5.5,-10.5
0.6180370410147589,0.6219833329960238,8.379362095706979,5.586241397137986,-6.9828017464224805,3.8216386555180994,5.732457983277149,12.569043143560469,4.833984375,3.251953125,-3.955078125,2.98828125,4.833984375,11.07421875,30.76171875,17.578125,-21.97265625,0.0,8.7890625,52.734375,-19.4,-13.7,17.6,-4.8,-5.5,-9.5
0.6220214999921154,0.6259673750028014,8.531594767149333,5.687729844766222,-7.1096623059577775,3.8390319679615046,5.758547951942256,12.797392150723999,5.009765625,3.33984375,-4.04296875,2.98828125,4.833984375,11.25,30.76171875,17.578125,-21.97265625,0.0,8.7890625,52.734375,-18.6,-13.7,17.8,-4.8,-5.6,-9.5
0.6260016250016633,0.6300905410025734,8.684748172761172,5.7898321151741134,-7.237290143967641,3.8554795185908572,5.783219277886286,13.027122259141757,5.09765625,3.427734375,-4.21875,2.98828125,4.921875,11.42578125,30.76171875,17.578125,-21.97265625,0.0,8.7890625,52.734375,-19.4,-13.7,17.0,-5.6,-5.6,-10.3
0.6301332910079509,0.6330192080058623,8.844857194343655,5.89657146289577,-7.370714328619711,3.8715564368650734,5.80733465529761,13.267285791515484,5.185546875,3.515625,-4.306640625,3.076171875,4.921875,11.689453125,30.76171875,17.578125,-26.3671875,8.7890625,8.7890625,52.734375,-19.2,-13.6,17.0,-4.8,-5.6,-9.6
0.6330479579919484,0.6359818750061095,8.958480726385417,5.9723204842569455,-7.465400605321183,3.8822776240527355,5.823416436079103,13.437721089578128,5.361328125,3.603515625,-4.39453125,3.076171875,4.921875,11.865234375,30.76171875,17.578125,-26.3671875,8.7890625,8.7890625,52.734375,-18.4,-13.6,17.0,-4.8,-5.6,-9.6
0.6360082500032149,0.6391819159907755,9.074443969369083,6.049629312912722,-7.5620366411409,3.8926343456501855,5.8389515184752785,13.611665954053626,5.361328125,3.69140625,-4.39453125,3.076171875,4.921875,11.953125,30.76171875,21.97265625,-26.3671875,8.7890625,8.7890625,52.734375,-19.2,-13.6,17.8,-4.8,-5.6,-10.4
0.6392005830130074,0.6430665829975624,9.200119446345793,6.133412964230529,-7.666766205288162,3.9031945647506494,5.854791847125974,13.800179169518692,5.44921875,3.779296875,-4.482421875,3.076171875,4.921875,12.216796875,30.76171875,21.97265625,-26.3671875,8.7890625,4.39453125,52.734375,-20.0,-13.6,17.8,-4.8,-5.6,-10.5
0.6430887909955345,0.6471310000051744,9.354045049748805,6.2360300331658705,-7.795037541457336,3.9151931005282172,5.872789650792326,14.03106757462321,5.625,3.779296875,-4.5703125,3.076171875,4.921875,12.3046875,30.76171875,21.97265625,-26.3671875,8.7890625,4.39453125,52.734375,-19.2,-14.4,18.4,-4.8,-6.5,-11.3
0.6471905409998726,0.6509285409993026,9.517418423171339,6.3449456154475605,-7.931182019309448,3.9268081661889456,5.890212249283419,14.276127634757012,5.712890625,3.8671875,-4.74609375,3.076171875,4.921875,12.65625,30.76171875,21.97265625,-26.3671875,8.7890625,4.39453125,52.734375,-20.2,-14.4,17.6,-5.6,-6.5,-10.4
0.6509572910144925,0.6539561249956023,9.668324860363501,6.445549906909,-8.056937383636251,3.9365184200394365,5.904777630059155,14.50248729054525,5.888671875,3.955078125,-4.74609375,3.1640625,4.921875,12.83203125,30.76171875,21.97265625,-26.3671875,0.0,4.39453125,52.734375,-19.4,-14.5,18.4,-4.8,-6.4,-10.4
0.6539822499908041,0.6569460830069147,9.790105508043496,6.526737005362331,-8.158421256702916,3.943645131856208,5.915467697784312,14.685158262065244,5.9765625,4.04296875,-4.833984375,3.1640625,5.009765625,13.0078125,30.76171875,21.97265625,-26.3671875,0.0,4.39453125,57.12890625,-19.4,-14.5,18.4,-4.8,-5.6,-10.4
0.6569739580154419,0.6600059579941444,9.911054653471384,6.607369768980923,-8.259212211226151,3.9500987784233654,5.925148167635047,14.866581980207076,6.064453125,4.130859375,-4.921875,3.1640625,5.009765625,13.271484375,30.76171875,21.97265625,-26.3671875,0.0,4.39453125,57.12890625,-20.2,-14.5,18.4,-4.8,-5.6,-10.4
0.6600447079981677,0.662989500007825,10.035712228621044,6.690474819080697,-8.363093523850868,3.9561016193345857,5.934152429001879,15.053568342931566,6.15234375,4.21875,-5.009765625,3.1640625,5.009765625,13.359375,30.76171875,21.97265625,-26.3671875,0.0,4.39453125,57.12890625,-20.2,-13.7,19.2,-4.8,-5.6,-11.2
0.6630211250158027,0.665959208010463,10.15702497404358,6.77134998269572,-8.46418747836965,3.9613134431442756,5.941970164716413,15.235537461065372,6.240234375,4.21875,-5.09765625,3.1640625,5.09765625,13.53515625,30.76171875,21.97265625,-26.3671875,0.0,4.39453125,57.12890625,-20.2,-14.5,19.3,-4.8,-5.6,-11.2
0.6659822500078008,0.6689931250002701,10.278176753967804,6.852117835978536,-8.565147294973173,3.9659002734841615,5.9488504102262425,15.417265130951707,6.328125,4.306640625,-5.185546875,3.1640625,5.09765625,13.798828125,30.76171875,21.97265625,-26.3671875,0.0,4.39453125,57.12890625,-20.2,-14.5,19.3,-4.8,-5.6,-10.4
0.6690242910117377,0.6719894580019172,10.403107714771334,6.93540514318089,-8.669256428976112,3.969985313901655,5.954977970852483,15.604661572157003,6.416015625,4.39453125,-5.2734375,3.1640625,5.09765625,13.974609375,30.76171875,21.97265625,-26.3671875,0.0,4.39453125,57.12890625,-20.0,-14.4,19.3,-4.8,-5.6,-10.4
0.6720138330128975,0.6749919580179267,10.526333699737075,7.0175557998247164,-8.771944749780893,3.973375009318732,5.960062513978097,15.789500549605611,6.50390625,4.39453125,-5.361328125,3.1640625,5.09765625,14.0625,30.76171875,21.97265625,-26.3671875,0.0,4.39453125,57.12890625,-20.8,-15.2,19.3,-4.8,-5.5,-11.2
0.6750207080040127,0.6779907080053817,10.650713376534844,7.100475584356562,-8.8755944804457,3.9761539935756574,5.964230990363486,15.976070064802267,6.591796875,4.482421875,-5.44921875,3.1640625,5.09765625,14.326171875,30.76171875,21.97265625,-26.3671875,0.0,4.39453125,61.5234375,-20.8,-15.2,19.3,-4.8,-5.5,-11.2
0.6780244580004364,0.6810149160155561,10.77539174048006,7.183594493653374,-8.979493117066717,3.9782934367574607,5.967440155136191,16.16308761072009,6.6796875,4.5703125,-5.537109375,3.251953125,5.09765625,14.58984375,30.76171875,21.97265625,-26.3671875,0.0,4.39453125,61.5234375,-20.8,-15.2,19.3,-4.0,-5.5,-10.5
0.6810449580079876,0.6839719160052482,10.901184544419003,7.267456362946002,-9.084320453682501,3.9797977358601138,5.969696603790171,16.351776816628504,6.767578125,4.658203125,-5.625,3.251953125,5.09765625,14.677734375,30.76171875,21.97265625,-26.3671875,0.0,4.39453125,61.5234375,-20.8,-15.2,19.3,-4.0,-5.6,-11.3
0.684005499992054,0.6869940409960691,11.024876381432058,7.349917587621371,-9.187396984526712,3.980637337397251,5.970956006095877,16.537314572148084,6.943359375,4.74609375,-5.712890625,3.251953125,5.09765625,14.94140625,30.76171875,21.97265625,-26.3671875,0.0,4.39453125,61.5234375,-20.8,-14.4,19.3,-4.0,-5.6,-11.3
0.6870195410156157,0.6900038330059033,11.151194020806916,7.43412934720461,-9.292661684005761,3.980841345342199,5.971262018013299,16.726791031210375,7.03125,4.833984375,-5.80078125,3.251953125,5.09765625,15.1171875,30.76171875,21.97265625,-26.3671875,0.0,4.39453125,61.5234375,-20.9,-14.4,19.3,-4.0,-5.6,-10.3
0.6900386660126969,0.6930627080146223,11.278107395302042,7.518738263534694,-9.398422829418365,3.9803823251043946,5.9705734876565915,16.917161092953066,7.119140625,4.921875,-5.888671875,3.251953125,5.09765625,15.29296875,30.76171875,21.97265625,-26.3671875,0.0,4.39453125,61.5234375,-21.7,-14.5,19.3,-4.0,-5.6,-10.3
0.6930936659919098,0.696128708019387,11.406905756390984,7.604603837593988,-9.505754796992488,3.9792368715841486,5.968855307376224,17.110358634586472,7.20703125,4.921875,-5.9765625,3.251953125,5.09765625,15.46875,30.76171875,21.97265625,-26.3671875,0.0,4.39453125,61.5234375,-21.7,-15.3,19.3,-4.0,-5.6,-11.1
0.6961930830148049,0.6999688330106437,11.537950679781202,7.691967119854135,-9.614958899817665,3.9773694976022913,5.966054246403437,17.306926019671803,7.3828125,5.009765625,-6.064453125,3.251953125,5.09765625,15.732421875,30.76171875,21.97265625,-26.3671875,0.0,4.39453125,61.5234375,-20.9,-15.3,19.3,-4.0,-5.6,-10.3
0.7000093749957159,0.7031017910048831,11.699802318934735,7.7998682126231556,-9.749835265778945,3.9740866754707005,5.961130013206051,17.5497034784021,7.470703125,5.09765625,-6.15234375,3.251953125,5.09765625,15.99609375,30.76171875,21.97265625,-26.3671875,0.0,0.0,61.5234375,-21.7,-15.3,20.1,-4.0,-5.6,-9.6
0.7031385000154842,0.7070293330179993,11.832902712636443,7.888601808424296,-9.86075226053037,3.970578794692681,5.955868192039022,17.749354068954666,7.55859375,5.185546875,-6.240234375,3.251953125,5.185546875,16.171875,30.76171875,21.97265625,-26.3671875,0.0,0.0,61.5234375,-21.7,-15.3,20.1,-4.0,-4.8,-8.8
0.7070780830108561,0.7110460830153897,12.000954948083228,8.000636632055485,-10.000795790069354,3.965108077922499,5.947662116883748,18.001432422124843,7.734375,5.2734375,-6.416015625,3.251953125,5.185546875,16.435546875,30.76171875,21.97265625,-30.76171875,0.0,0.0,61.5234375,-21.6,-16.1,19.3,-4.0,-4.8,-7.7
0.7111053330008872,0.7150805830024183,12.173269274413784,8.115512849609189,-10.144391062011486,3.9582912704414728,5.93743690566221,18.259903911620675,7.822265625,5.44921875,-6.50390625,3.251953125,5.185546875,16.611328125,30.76171875,21.97265625,-30.76171875,0.0,0.0,61.5234375,-22.4,-15.3,20.1,-4.0,-4.7,-9.3
0.7151388330094051,0.7190078330168035,12.346348894987223,8.230899263324813,-10.288624079156019,3.9502128825373424,5.925319323806014,18.519523342480834,7.998046875,5.537109375,-6.591796875,3.251953125,5.185546875,16.875,35.15625,26.3671875,-30.76171875,0.0,0.0,61.5234375,-21.6,-15.3,20.1,-4.0,-4.7,-10.1
0.7190350000164472,0.7250496660126373,12.513978430875413,8.342652287250276,-10.428315359062845,3.941211361570937,5.911817042356406,18.77096764631312,8.173828125,5.625,-6.6796875,3.251953125,5.185546875,17.05078125,35.15625,26.3671875,-30.76171875,0.0,4.39453125,61.5234375,-21.6,-15.3,20.9,-4.0,-3.9,-11.6
0.7250885410176124,0.7290433330053929,12.775221379609778,8.516814253073186,-10.64601781634148,3.924868982038765,5.887303473058147,19.162832069414666,8.349609375,5.80078125,-6.943359375,3.251953125,5.185546875,17.40234375,35.15625,26.3671875,-30.76171875,0.0,4.39453125,61.5234375,-22.4,-15.3,20.0,-4.0,-3.9,-11.6
0.729101791017456,0.7330469159933273,12.948900440526915,8.632600293684611,-10.79075036710576,3.9124406739076902,5.868661010861535,19.42335066079037,8.4375,5.888671875,-7.03125,3.251953125,5.185546875,17.666015625,35.15625,26.3671875,-26.3671875,0.0,4.39453125,61.5234375,-22.5,-15.1,20.0,-4.0,-3.9,-10.3
0.7330892909958493,0.7370171660149936,13.121810980406527,8.747873986937686,-10.934842483672107,3.8988232807487107,5.8482349211230655,19.68271647060979,8.61328125,5.9765625,-7.119140625,3.251953125,5.185546875,17.9296875,35.15625,26.3671875,-26.3671875,0.0,4.39453125,61.5234375,-22.5,-15.1,20.8,-4.0,-4.0,-11.1
0.7370584160089493,0.7410297080059536,13.294235037370525,8.862823358247017,-11.078529197808772,3.884004478299192,5.826006717448788,19.941352556055786,8.7890625,6.064453125,-7.20703125,3.251953125,5.185546875,18.193359375,35.15625,21.97265625,-26.3671875,0.0,0.0,61.5234375,-22.5,-15.1,20.8,-3.2,-4.0,-11.3
0.741065250011161,0.7450881660042796,13.468578598247866,8.97905239883191,-11.223815498539887,3.867757727236857,5.801636590855285,20.2028678973718,8.96484375,6.15234375,-7.3828125,3.251953125,5.185546875,18.45703125,35.15625,21.97265625,-26.3671875,0.0,0.0,61.5234375,-22.5,-15.9,20.9,-3.2,-3.2,-11.3
0.7451529579993803,0.7490832500043325,13.646698108130504,9.09779873875367,-11.372248423442088,3.8498425171900172,5.774763775785026,20.47004716219576,9.052734375,6.240234375,-7.55859375,3.251953125,5.185546875,18.720703125,35.15625,21.97265625,-26.3671875,0.0,0.0,61.5234375,-23.3,-15.9,20.9,-3.2,-3.2,-11.3
0.7491459159937222,0.7530257500184234,13.820905786068607,9.213937190712404,-11.517421488390504,3.831028024311155,5.7465420364667334,20.73135867910291,9.228515625,6.328125,-7.646484375,3.251953125,5.185546875,18.984375,35.15625,21.97265625,-30.76171875,0.0,0.0,61.5234375,-22.6,-16.1,20.9,-3.2,-3.2,-11.2
0.7530739580106456,0.7569642500020564,13.99245781268331,9.328305208455541,-11.660381510569424,3.8112451193082553,5.716867678962383,20.988686719024965,9.31640625,6.416015625,-7.734375,3.251953125,5.185546875,19.248046875,35.15625,21.97265625,-30.76171875,0.0,0.0,65.91796875,-23.4,-16.1,21.7,-3.2,-2.3,-11.2
0.7569991250056773,0.7602918329939712,14.164027181625208,9.44268478775014,-11.803355984687673,3.7902080567572605,5.68531208513589,21.246040772437812,9.4921875,6.50390625,-7.822265625,3.251953125,5.185546875,19.51171875,35.15625,26.3671875,-30.76171875,0.0,0.0,65.91796875,-23.4,-16.9,21.7,-2.4,-2.3,-11.2
0.7603312499995809,0.7639323330076877,14.309762908601718,9.539841939067811,-11.924802423834764,3.7713498497907385,5.657024774686107,21.464644362902575,9.580078125,6.6796875,-7.998046875,3.251953125,5.185546875,19.775390625,35.15625,26.3671875,-30.76171875,0.0,0.0,65.91796875,-23.4,-16.1,20.8,-2.4,-2.3,-11.2
0.7639665410097223,0.7669522500073072,14.468826100622756,9.645884067081838,-12.057355083852293,3.749724736988956,5.624587105483434,21.703239150934134,9.755859375,6.767578125,-8.0859375,3.251953125,5.185546875,20.0390625,35.15625,26.3671875,-30.76171875,0.0,0.0,65.91796875,-23.4,-16.1,21.6,-2.4,-1.5,-11.2
0.7669992500159424,0.7699662910017651,14.601559465009018,9.734372976672677,-12.167966220840846,3.730842073312269,5.596263109968405,21.902339197513523,9.84375,6.85546875,-8.173828125,3.251953125,5.185546875,20.21484375,35.15625,26.3671875,-30.76171875,0.0,0.0,65.91796875,-24.0,-16.0,21.6,-2.4,-1.5,-11.2
0.7699933330004569,0.7729865000001155,14.73261911254628,9.821746075030854,-12.27718259378857,3.7114461176681175,5.567169176502176,22.098928668819422,9.931640625,6.85546875,-8.26171875,3.251953125,5.185546875,20.390625,35.15625,26.3671875,-30.76171875,0.0,0.0,65.91796875,-24.0,-16.8,21.6,-2.4,-1.5,-12.0
0.7730153750162572,0.7759741659974679,14.864904827564981,9.909936551709988,-12.387420689637482,3.6911074605759078,5.536661190863861,22.297357241347473,10.107421875,7.03125,-8.349609375,3.251953125,5.185546875,20.654296875,35.15625,26.3671875,-30.76171875,0.0,0.0,70.3125,-23.2,-16.0,21.6,-1.6,-1.5,-10.4
0.7760020830028225,0.7789661659917329,14.995631507558752,9.997087671705835,-12.49635958963229,3.670252910700871,5.505379366051306,22.493447261338126,10.1953125,7.03125,-8.4375,3.251953125,5.185546875,20.830078125,35.15625,26.3671875,-30.76171875,0.0,0.0,70.3125,-24.0,-16.8,22.4,-1.6,-0.7,-10.4
0.7789977079955861,0.7819894580170512,15.126721607038787,10.08448107135919,-12.605601339198985,3.648581656184088,5.472872484276133,22.69008241055818,10.283203125,7.119140625,-8.61328125,3.251953125,5.185546875,21.005859375,35.15625,26.3671875,-30.76171875,0.0,0.0,70.3125,-24.0,-16.8,21.6,-1.6,-0.7,-11.1
0.7820168329926673,0.7850133329920936,15.258798062479002,10.172532041652667,-12.715665052065836,3.625974190787767,5.438961286181652,22.8881970937185,10.458984375,7.20703125,-8.701171875,3.251953125,5.185546875,21.181640625,35.15625,26.3671875,-30.76171875,0.0,0.0,70.3125,-24.0,-16.8,21.7,-1.6,-0.7,-11.1
0.7850435000145808,0.7879901659907773,15.391147111654147,10.260764741102767,-12.825955926378457,3.602536544407726,5.403804816611589,23.086720667481224,10.546875,7.294921875,-8.7890625,3.251953125,5.185546875,21.4453125,35.15625,26.3671875,-30.76171875,0.0,0.0,70.3125,-24.0,-16.8,21.7,-1.6,0.1,-11.1
0.788017500017304,0.7909609159978572,15.521122593716896,10.347415062477932,-12.934268828097412,3.5787507089952797,5.368126063492919,23.281683890575348,10.72265625,7.3828125,-8.876953125,3.251953125,5.185546875,21.62109375,35.15625,26.3671875,-35.15625,0.0,0.0,70.3125,-24.1,-16.8,22.5,-0.8,0.1,-11.3
0.7910165410139598,0.7940063330170233,15.652106944113497,10.434737962742332,-13.043422453427914,3.554004372650147,5.33100655897522,23.478160416170244,10.810546875,7.470703125,-8.96484375,3.251953125,5.185546875,21.796875,35.15625,26.3671875,-35.15625,0.0,0.0,70.3125,-24.1,-16.8,22.5,-0.8,0.1,-11.3
0.7940512080094777,0.7970302909961902,15.784544793837169,10.523029862558111,-13.15378732819764,3.5281857530741547,5.292278629611233,23.676817190755752,10.8984375,7.55859375,-9.052734375,3.251953125,5.185546875,22.060546875,39.55078125,26.3671875,-35.15625,0.0,0.0,65.91796875,-24.1,-16.8,22.5,-0.8,0.1,-11.3
0.7970737910072785,0.8000310409988742,15.916337632561408,10.610891755040939,-13.263614693801173,3.5016905672630174,5.2525358508945255,23.874506448842112,10.986328125,7.55859375,-9.140625,3.251953125,5.185546875,22.236328125,39.55078125,26.3671875,-35.15625,0.0,0.0,65.91796875,-24.9,-17.6,22.5,-0.0,0.1,-10.3
0.8000593330070842,0.8029785830003675,16.04638524990565,10.697590166603765,-13.371987708254707,3.474755506789194,5.2121332601837915,24.069577874858474,11.07421875,7.646484375,-9.228515625,3.251953125,5.185546875,22.412109375,39.55078125,26.3671875,-35.15625,0.0,0.0,65.91796875,-24.9,-17.6,22.5,-0.0,-0.0,-10.3
0.8030035830161069,0.8060327080020215,16.174493210292624,10.782995473528416,-13.478744341910522,3.4474479818148835,5.171171972722325,24.26173981543894,11.25,7.822265625,-9.404296875,3.251953125,5.185546875,22.67578125,39.55078125,26.3671875,-35.15625,0.0,0.0,65.91796875,-24.9,-16.8,22.5,-0.0,-0.0,-10.3
0.8060676250024699,0.8100088750070427,16.307649546336084,10.871766364224058,-13.58970795528007,3.418243076323304,5.127364614484955,24.46147431950413,11.337890625,7.91015625,-9.4921875,3.251953125,5.185546875,22.8515625,39.55078125,26.3671875,-30.76171875,0.0,0.0,65.91796875,-24.9,-16.8,22.5,-0.0,-0.0,-10.3
0.8100512080127373,0.813939957995899,16.48049124021188,10.986994160141252,-13.733742700176565,3.3790733649429194,5.068610047414379,24.72073686031782,11.513671875,7.998046875,-9.580078125,3.251953125,5.185546875,23.02734375,39.55078125,26.3671875,-30.76171875,0.0,0.0,65.91796875,-24.9,-16.9,22.5,-0.0,-0.0,-10.5
0.8139781659992877,0.8170428329904098,16.6505394363688,11.100359624245867,-13.87544953030733,3.3391314448400577,5.008697167260086,24.9758091545532,11.689453125,8.0859375,-9.755859375,3.251953125,5.185546875,23.291015625,39.55078125,26.3671875,-30.76171875,0.0,0.0,65.91796875,-24.9,-16.9,22.5,-0.0,-0.0,-9.7
0.8170777499908581,0.8209456659969874,16.784501896328454,11.189667930885637,-13.987084913607045,3.306672681795923,4.960009022693884,25.176752844492682,11.77734375,8.173828125,-9.84375,3.251953125,5.185546875,23.466796875,39.55078125,26.3671875,-30.76171875,0.0,0.0,65.91796875,-24.9,-16.9,22.5,-0.0,-0.0,-8.5
0.8209789160173386,0.8259072079963516,16.952757048250508,11.301838032167005,-14.127297540208756,3.264650440750969,4.896975661126453,25.429135572375763,11.953125,8.349609375,-10.01953125,3.251953125,5.185546875,23.73046875,39.55078125,26.3671875,-30.76171875,0.0,0.0,65.91796875,-25.7,-16.9,22.3,-0.0,-0.0,-10.1
0.8259320830111392,0.8289226249908097,17.165771865764093,11.443847910509394,-14.304809888136743,3.209418572899615,4.814127859349423,25.748657798646136,12.216796875,8.4375,-10.1953125,3.251953125,5.185546875,23.994140625,39.55078125,26.3671875,-35.15625,0.0,0.0,65.91796875,-24.8,-16.9,22.3,-0.0,-0.0,-10.9
0.8289421249937732,0.8319257080147509,17.294859989416796,11.529906659611198,-14.412383324513998,3.174828117198884,4.762242175798326,25.942289984125196,12.3046875,8.525390625,-10.283203125,3.251953125,5.185546875,24.08203125,39.55078125,26.3671875,-35.15625,0.0,0.0,65.91796875,-24.8,-16.8,22.3,-0.0,-0.0,-12.3
0.8319465829990804,0.8348944580066018,17.423418097292906,11.615612064861939,-14.519515081077422,3.1395286925012784,4.709293038751917,26.135127145939364,12.392578125,8.61328125,-10.37109375,3.251953125,5.185546875,24.2578125,39.55078125,26.3671875,-35.15625,0.0,0.0,65.91796875,-24.8,-16.8,22.3,-0.0,0.9,-13.1
0.8349207080027554,0.8379897080012597,17.550377615306353,11.700251743537569,-14.625314679421962,3.1038253236493536,4.655737985474031,26.32556642295953,12.568359375,8.701171875,-10.546875,3.251953125,5.185546875,24.521484375,39.55078125,30.76171875,-35.15625,0.0,0.0,52.734375,-24.8,-16.8,21.5,-0.0,1.7,-12.3
0.8380087910045404,0.8409929579938762,17.681869534476704,11.787913022984469,-14.734891278730586,3.065954016861663,4.598931025292495,26.522804301715055,12.65625,8.7890625,-10.634765625,3.251953125,5.185546875,24.697265625,39.55078125,30.76171875,-35.15625,0.0,0.0,52.734375,-24.8,-16.8,22.3,-0.0,1.7,-12.2
0.841015415993752,0.8439937079965603,17.809552376105238,11.87303491740349,-14.841293646754366,3.028299407390255,4.542449111085382,26.714328564157857,12.744140625,8.876953125,-10.72265625,3.251953125,5.185546875,24.873046875,39.55078125,30.76171875,-35.15625,0.0,0.0,52.734375,-25.6,-16.8,22.5,-0.0,2.6,-12.2
0.8440190410183277,0.8469772910175379,17.936757152959313,11.957838101972875,-14.947297627466094,2.9899125245418876,4.484868786812832,26.905135729438967,12.919921875,8.96484375,-10.810546875,3.251953125,5.185546875,25.13671875,39.55078125,30.76171875,-35.15625,0.0,0.0,52.734375,-24.8,-16.8,22.5,-0.0,3.4,-11.4
0.8469966250122525,0.8501045409939252,18.062498376177086,12.041665584118055,-15.052081980147568,2.951099893728228,4.426649840592343,27.093747564265623,13.0078125,9.052734375,-10.8984375,3.251953125,5.185546875,25.3125,39.55078125,30.76171875,-35.15625,0.0,0.0,52.734375,-25.6,-16.8,22.5,-0.0,3.4,-11.0
0.8501231660193298,0.8539936660090461,18.19412740268647,12.129418268457647,-15.161772835572057,2.909533881814601,4.364300822721901,27.291191104029703,13.18359375,9.140625,-10.986328125,3.251953125,5.185546875,25.6640625,39.55078125,30.76171875,-35.15625,0.0,0.0,52.734375,-25.6,-16.8,22.5,-0.0,4.2,-10.2
0.8540117910015397,0.8569908750068862,18.357240105693116,12.238160070462078,-15.297700088077596,2.8566780263156097,4.285017039473415,27.535860158539677,13.271484375,9.228515625,-11.162109375,3.251953125,5.185546875,25.83984375,43.9453125,30.76171875,-35.15625,0.0,0.0,70.3125,-25.6,-16.8,22.5,0.8,5.0,-10.2
0.8570111250155605,0.860039166000206,18.482576765151446,12.321717843434298,-15.402147304292871,2.815034306055048,4.222551459082571,27.72386514772717,13.447265625,9.31640625,-11.25,3.251953125,5.185546875,26.015625,43.9453125,26.3671875,-35.15625,0.0,0.0,70.3125,-24.8,-16.8,22.5,0.8,5.0,-11.2
0.8600575829914305,0.8631471660046373,18.609443520035157,12.406295680023437,-15.507869600029297,2.771957431338677,4.157936147008016,27.914165280052732,13.53515625,9.404296875,-11.337890625,3.251953125,5.185546875,26.19140625,43.9453125,26.3671875,-35.15625,0.0,0.0,70.3125,-25.6,-16.8,22.4,0.8,6.7,-11.2
0.8631647080183029,0.8669821660150774,18.73836482499874,12.492243216665829,-15.615304020832284,2.7272159019537034,4.090823852930555,28.10754723749811,13.7109375,9.4921875,-11.42578125,3.251953125,5.185546875,26.455078125,43.9453125,26.3671875,-35.15625,0.0,0.0,70.3125,-25.6,-16.8,23.2,1.8,7.5,-10.4
0.8669998749974184,0.8699975410127081,18.89681279251005,12.597875195006699,-15.747343993758376,2.6708701354821907,4.006305203223286,28.345219188765075,13.88671875,9.580078125,-11.6015625,3.251953125,5.185546875,26.71875,43.9453125,26.3671875,-35.15625,0.0,0.0,70.3125,-25.7,-16.8,22.4,1.8,7.5,-10.4
0.8700162500026636,0.8729983750090469,19.02088515257167,12.680590101714445,-15.850737627143053,2.6256864102874804,3.938529615431221,28.5313277288575,13.974609375,9.66796875,-11.689453125,3.251953125,5.185546875,26.982421875,43.9453125,26.3671875,-35.15625,0.0,0.0,70.3125,-25.7,-16.8,22.4,3.4,7.3,-10.4
0.8730208330089226,0.8758432500180788,19.143976911728974,12.76265127448598,-15.953314093107476,2.579922117298018,3.869883175947027,28.71596536759346,14.0625,9.755859375,-11.865234375,3.251953125,5.185546875,27.0703125,39.55078125,26.3671875,-35.15625,0.0,0.0,65.91796875,-25.7,-16.8,22.4,3.4,8.1,-11.2
0.8758605410112068,0.8789165829948615,19.259846126617333,12.839897417744888,-16.049871772181106,2.535976381860579,3.8039645727908686,28.889769189926,14.23828125,9.84375,-11.953125,3.251953125,5.185546875,27.24609375,39.55078125,30.76171875,-35.15625,0.0,0.0,65.91796875,-24.9,-16.8,22.4,3.4,9.7,-11.2
0.8789326249971054,0.8819827910047024,19.38467031696676,12.923113544644506,-16.153891930805635,2.4876786819320604,3.731518022898091,29.077005475450136,14.4140625,9.931640625,-12.041015625,3.251953125,5.185546875,27.421875,39.55078125,30.76171875,-35.15625,0.0,0.0,65.91796875,-24.9,-16.8,22.4,4.2,10.5,-11.1
0.88200000001234,0.8850730830163229,19.508741787723853,13.005827858482569,-16.25728482310321,2.4386737247103696,3.6580105870655544,29.263112681585785,14.58984375,10.01953125,-12.12890625,3.251953125,5.185546875,27.685546875,39.55078125,30.76171875,-35.15625,0.0,0.0,65.91796875,-24.9,-16.8,22.4,4.0,10.8,-10.3
0.8850918330135755,0.8889256250113249,19.63321908977581,13.088812726517208,-16.36101590814651,2.388490657423071,3.582735986134607,29.449828634663717,14.677734375,10.107421875,-12.216796875,3.251953125,5.185546875,27.861328125,39.55078125,30.76171875,-35.15625,0.0,0.0,65.91796875,-24.7,-16.8,23.2,4.8,11.6,-10.3
0.8889432910073083,0.8919731249916367,19.787435637639597,13.191623758426397,-16.489529698033,2.324876871248816,3.487315306873224,29.681153456459395,14.853515625,10.1953125,-12.392578125,3.251953125,5.09765625,28.037109375,39.55078125,30.76171875,-35.15625,0.0,0.0,65.91796875,-24.7,-16.8,22.4,4.8,10.8,-10.4
0.8919909160176758,0.8949767500162125,19.90878409358498,13.272522729056652,-16.590653411320815,2.2736774380579616,3.410516157086943,29.86317614037747,15.029296875,10.283203125,-12.48046875,3.251953125,4.921875,28.30078125,43.9453125,30.76171875,-35.15625,0.0,0.0,61.5234375,-23.9,-16.8,22.4,6.7,10.4,-10.4
0.8949937910074368,0.8980093330028467,20.027745642585646,13.351830428390432,-16.689788035488036,2.2224877566990457,3.3337316350485686,30.04161846387847,15.1171875,10.37109375,-12.65625,3.251953125,4.74609375,28.4765625,43.9453125,26.3671875,-35.15625,0.0,0.0,61.5234375,-24.7,-16.8,21.6,6.7,8.8,-10.4
0.898037375009153,0.9009803750086576,20.147692257875434,13.431794838583622,-16.789743548229527,2.169855608702943,3.2547834130544144,30.22153838681315,15.205078125,10.458984375,-12.744140625,3.251953125,4.5703125,28.65234375,43.9453125,26.3671875,-35.15625,0.0,-21.97265625,61.5234375,-24.7,-16.8,22.4,6.7,8.8,-11.2
0.9009978749963921,0.9038980000186712,20.263744230491803,13.509162820327871,-16.886453525409838,2.1179403223024464,3.176910483453669,30.395616345737707,15.380859375,10.546875,-12.83203125,3.1640625,4.482421875,28.828125,43.9453125,26.3671875,-35.15625,0.0,-21.97265625,61.5234375,-24.7,-16.8,22.3,6.7,8.5,-10.4
0.9039151250035502,0.906929916003719,20.377488993407873,13.584992662271915,-16.981240827839894,2.066092061991876,3.0991380929878143,30.566233490111813,15.46875,10.634765625,-12.919921875,3.1640625,4.39453125,29.00390625,43.9453125,26.3671875,-35.15625,0.0,-21.97265625,61.5234375,-24.7,-16.8,22.3,6.4,7.7,-10.4
0.9069521249912214,0.9099419160047546,20.49524359181753,13.663495727878356,-17.07936965984794,2.011389658295063,3.017084487442595,30.7428653877263,15.64453125,10.72265625,-13.0078125,3.1640625,4.21875,29.1796875,43.9453125,26.3671875,-35.15625,0.0,-21.97265625,61.5234375,-24.8,-16.8,22.3,7.2,6.9,-11.2
0.9099594159924891,0.9130378330009989,20.611169450151888,13.740779633434594,-17.175974541793238,1.9564962532831238,2.9347443799246853,30.916754175227837,15.732421875,10.810546875,-13.095703125,3.076171875,4.130859375,29.443359375,43.9453125,26.3671875,-35.15625,0.0,-21.97265625,61.5234375,-24.8,-16.8,22.3,6.4,8.0,-9.6
0.913062333012931,0.9169319159991574,20.730060589628096,13.820040393085396,-17.275050491356748,1.8991037916292604,2.84865568744389,31.095090884442143,15.908203125,10.8984375,-13.271484375,2.98828125,4.04296875,29.619140625,43.9453125,26.3671875,-35.15625,0.0,-21.97265625,61.5234375,-24.0,-16.8,22.3,6.4,7.2,-10.4
0.916951291001169,0.9200656250177417,20.878012326975135,13.91867488465009,-17.398343605812613,1.8260979702994675,2.739146955449201,31.3170184904627,16.083984375,10.986328125,-13.359375,2.900390625,3.8671875,29.8828125,43.9453125,26.3671875,-35.15625,0.0,-39.55078125,61.5234375,-24.0,-16.8,22.3,6.4,7.2,-8.7
0.920083875011187,0.9239473750058096,20.996314254395998,13.997542836263998,-17.496928545329997,1.7664273018106442,2.6496409527159663,31.494471381593996,16.171875,11.07421875,-13.447265625,2.900390625,3.8671875,30.05859375,43.9453125,26.3671875,-35.15625,0.0,-39.55078125,61.5234375,-24.8,-16.8,22.5,6.4,8.0,-8.7
0.9239825410186313,0.9269550830067601,21.14243227410678,14.094954849404521,-17.618693561755652,1.6910946025802664,2.5366419038703993,31.713648411160175,16.34765625,11.162109375,-13.623046875,2.8125,3.779296875,30.234375,43.9453125,26.3671875,-35.15625,0.0,-39.55078125,61.5234375,-24.0,-16.8,22.5,7.2,8.0,-9.5
0.9269836250168737,0.92995320801856,21.25405012385881,14.169366749239208,-17.711708436549007,1.6323030353728019,2.448454553059203,31.881075185788216,16.435546875,11.25,-13.7109375,2.8125,3.69140625,30.41015625,43.9453125,26.3671875,-35.15625,-17.578125,-39.55078125,61.5234375,-24.7,-16.8,22.5,8.0,8.0,-9.6
0.9299806659983005,0.9328927079914138,21.364756358289984,14.243170905526657,-17.80396363190832,1.5728985429776294,2.359347814466444,32.04713453743498,16.611328125,11.337890625,-13.798828125,2.724609375,3.603515625,30.5859375,43.9453125,26.3671875,-35.15625,-17.578125,-39.55078125,61.5234375,-23.9,-16.8,22.5,7.2,7.1,-9.6
0.9329164160008077,0.9358672079979442,21.47244811224689,14.314965408164595,-17.893706760205745,1.514042467320065,2.2710637009800974,32.208672168370335,16.69921875,11.42578125,-13.974609375,2.63671875,3.515625,30.76171875,39.55078125,26.3671875,-35.15625,-17.578125,-39.55078125,61.5234375,-24.7,-16.8,21.7,6.4,7.9,-9.6
0.9358898329955991,0.9389106250018813,21.58075159868726,14.387167732458172,-17.983959665572712,1.4537632275803598,2.1806448413705395,32.371127398030886,16.875,11.513671875,-14.0625,2.63671875,3.427734375,30.9375,39.55078125,26.3671875,-35.15625,-17.578125,-21.97265625,61.5234375,-23.9,-16.8,21.7,7.2,7.9,-9.6
0.9389379580097739,0.941883040999528,21.690958407429868,14.460638938286579,-18.075798672858223,1.3912762427501806,2.0869143641252705,32.5364376111448,16.962890625,11.6015625,-14.150390625,2.548828125,3.427734375,31.11328125,39.55078125,26.3671875,-35.15625,-17.578125,-21.97265625,61.5234375,-23.9,-16.8,22.5,7.2,8.1,-8.8
0.9419120000093244,0.944911166006932,21.797675542809483,14.531783695206322,-18.1647296190079,1.3296361624706468,1.9944542437059702,32.69651331421423,17.05078125,11.689453125,-14.23828125,2.4609375,3.33984375,31.2890625,39.55078125,26.3671875,-35.15625,-17.578125,-21.97265625,61.5234375,-24.7,-16.8,22.4,6.4,8.9,-8.8
0.9449319160194136,0.9479535410064273,21.905205731656984,14.603470487771322,-18.25433810971415,1.2663711288831319,1.8995566933246977,32.85780859748547,17.138671875,11.77734375,-14.326171875,2.4609375,3.251953125,31.46484375,39.55078125,26.3671875,-35.15625,-17.578125,-21.97265625,61.5234375,-24.9,-16.8,22.4,7.2,8.9,-8.8
0.9479850410134532,0.951055790996179,22.013051630176363,14.67536775345091,-18.34420969181364,1.20172485612457,1.8025872841868549,33.019577445264545,17.314453125,11.865234375,-14.501953125,2.373046875,3.1640625,31.552734375,39.55078125,26.3671875,-35.15625,-21.97265625,-21.97265625,61.5234375,-24.1,-16.8,21.6,7.2,8.1,-9.6
0.951083791005658,0.9549570830131415,22.121604098238482,14.74773606549232,-18.4346700818654,1.1354130836727128,1.7031196255090693,33.18240614735772,17.40234375,11.953125,-14.58984375,2.28515625,3.076171875,31.728515625,39.55078125,26.3671875,-35.15625,-21.97265625,-21.97265625,61.5234375,-24.9,-16.8,21.6,7.2,8.9,-9.6
0.9549782079993747,0.957981582992943,22.25671505009256,14.837810033395039,-18.547262541743798,1.051083753384582,1.576625630076873,33.38507257513884,17.578125,11.953125,-14.765625,2.197265625,2.98828125,31.9921875,39.55078125,26.3671875,-35.15625,-21.97265625,-26.3671875,52.734375,-24.9,-17.6,21.6,6.4,9.7,-9.6
0.9580020410066936,0.9609894159948453,22.36059625148148,14.907064167654319,-18.6338302095679,0.9848517267334689,1.4772775901002033,33.540894377222216,17.75390625,12.041015625,-14.853515625,2.197265625,2.900390625,32.16796875,39.55078125,26.3671875,-35.15625,-21.97265625,-26.3671875,52.734375,-24.1,-16.8,21.6,8.0,8.9,-8.8
0.961004957993282,0.9639012910192832,22.462857264118114,14.975238176078742,-18.719047720098427,0.9184312159274896,1.3776468238912345,33.69428589617716,17.841796875,12.216796875,-14.94140625,2.109375,2.8125,32.255859375,39.55078125,26.3671875,-35.15625,-21.97265625,-26.3671875,52.734375,-24.1,-16.0,21.5,8.0,9.7,-9.6
0.9639186660060659,0.9670125410193577,22.56120967438856,15.040806449592372,-18.801008061990466,0.8533731030130132,1.2800596545195198,33.84181451158284,18.017578125,12.216796875,-15.029296875,2.021484375,2.724609375,32.431640625,39.55078125,26.3671875,-35.15625,-21.97265625,-26.3671875,52.734375,-24.1,-16.8,21.5,7.2,9.7,-9.6
0.9670285000174772,0.9709286660072394,22.665223387708288,15.110148925138859,-18.887686156423573,0.7832779150779607,1.174916872616941,33.99783508156243,18.10546875,12.392578125,-15.1171875,2.021484375,2.548828125,32.607421875,39.55078125,26.3671875,-35.15625,-17.578125,-26.3671875,52.734375,-23.9,-16.0,21.5,8.0,8.1,-8.7
0.9709431249939371,0.9739015829982236,22.794726456666616,15.196484304444411,-18.995605380555514,0.694086557502566,1.041129836253849,34.19208968499993,18.28125,12.48046875,-15.29296875,1.845703125,2.4609375,32.87109375,43.9453125,26.3671875,-35.15625,-17.578125,-26.3671875,52.734375,-23.9,-16.0,21.5,6.2,8.7,-8.7
0.9739185410144273,0.9769085409934632,22.8920786723057,15.261385781537133,-19.076732226921415,0.625588566390267,0.9383828495854005,34.33811800845855,18.369140625,12.568359375,-15.380859375,1.845703125,2.373046875,32.958984375,43.9453125,26.3671875,-35.15625,-17.578125,-26.3671875,52.734375,-23.9,-16.0,21.5,7.0,9.5,-8.7
0.9769237080181483,0.9801027500070632,22.98944432090041,15.326296213933608,-19.15787026741701,0.5557934014808917,0.8336901022213377,34.48416648135061,18.45703125,12.65625,-15.46875,1.7578125,2.28515625,33.134765625,43.9453125,30.76171875,-35.15625,-17.578125,-35.15625,52.734375,-23.9,-16.0,21.5,7.8,9.5,-8.8
0.9801177500048652,0.9830006659904029,23.091858555968596,15.39457237064573,-19.243215463307163,0.4809437316215486,0.7214155974323229,34.63778783395289,18.6328125,12.65625,-15.556640625,1.669921875,2.109375,33.310546875,43.9453125,30.76171875,-35.15625,-17.578125,-35.15625,52.734375,-23.9,-16.8,21.6,7.0,9.7,-8.8
0.9830194580135867,0.9869659999967553,23.183931142488717,15.45595409499248,-19.319942618740598,0.41235403999787273,0.6185310599968091,34.775896713733076,18.720703125,12.744140625,-15.64453125,1.669921875,2.021484375,33.3984375,43.9453125,30.76171875,-35.15625,-17.578125,-35.15625,52.734375,-23.9,-16.8,21.6,8.0,9.7,-8.8
0.9869817080034409,0.9900403330102563,23.308147062204085,15.538764708136055,-19.423455885170068,0.3177978227391639,0.4766967341087459,34.96222059330612,18.896484375,12.919921875,-15.8203125,1.58203125,1.93359375,33.662109375,43.9453125,30.76171875,-30.76171875,-21.97265625,-35.15625,52.734375,-24.0,-16.0,20.8,8.0,9.7,-8.8
0.9900554160121828,0.9930193750187755,23.403292931340967,15.602195287560646,-19.50274410945081,0.24374040759571686,0.36561061139357526,35.10493939701146,18.984375,13.0078125,-15.908203125,1.494140625,1.7578125,33.837890625,43.9453125,30.76171875,-30.76171875,-21.97265625,-35.15625,52.734375,-24.0,-16.0,20.8,7.2,7.9,-8.0
0.9930343750165775,0.9960192500147969,23.49448084321101,15.662987228807342,-19.57873403600918,0.17138463797271603,0.25707695695907407,35.24172126481652,19.072265625,13.095703125,-15.99609375,1.40625,1.669921875,33.92578125,35.15625,30.76171875,-30.76171875,-21.97265625,-35.15625,52.734375,-24.0,-15.2,21.6,7.2,8.7,-8.0
0.9960358329990413,0.9999468330061063,23.58532587909475,15.723550586063167,-19.654438232578958,0.09791022632245205,0.14686533948367808,35.37798881864212,19.248046875,13.18359375,-16.083984375,1.40625,1.58203125,34.1015625,35.15625,26.3671875,-30.76171875,-21.97265625,-35.15625,52.734375,-23.2,-15.2,21.6,8.0,9.5,-7.0
0.999961791007081,1.0030823330162093,23.702571499448542,15.801714332965693,-19.752142916207113,0.000948395915407802,0.001422593873111703,35.55385724917281,19.423828125,13.18359375,-16.259765625,1.23046875,1.40625,34.27734375,35.15625,26.3671875,-30.76171875,-21.97265625,-35.15625,52.734375,-23.2,-16.0,20.8,8.0,8.8,-7.0
1.0030967910133768,1.0068826249917038,23.794893917691898,15.8632626117946,-19.82907826474325,-0.07716630666010262,-0.11574945999015393,35.69234087653785,19.51171875,13.271484375,-16.34765625,1.23046875,1.318359375,34.365234375,35.15625,26.3671875,-30.76171875,-21.97265625,-35.15625,52.734375,-23.2,-16.0,20.8,8.0,8.8,-8.6
1.0068973329907749,1.0099218329996802,23.90524680087719,15.936831200584793,-19.921039000730993,-0.17267125139384645,-0.2590068770907697,35.85787020131579,19.599609375,13.359375,-16.5234375,1.142578125,1.23046875,34.541015625,35.15625,26.3671875,-35.15625,-21.97265625,-35.15625,52.734375,-24.0,-15.9,20.0,8.8,9.6,-8.1
1.009939708019374,1.0129967500106432,23.992332775443487,15.994888516962325,-19.993610646202907,-0.2497525973512531,-0.37462889602687965,35.98849916316523,19.775390625,13.447265625,-16.5234375,1.0546875,1.0546875,34.716796875,35.15625,26.3671875,-35.15625,-21.97265625,-35.15625,52.734375,-23.2,-15.9,20.8,8.8,8.0,-7.3
1.0130163750145584,1.016069541015895,24.07925561486226,16.052837076574836,-20.066046345718547,-0.3282632396335402,-0.49239485945031036,36.118883422293386,19.86328125,13.53515625,-16.611328125,0.966796875,0.966796875,34.8046875,39.55078125,26.3671875,-35.15625,-21.97265625,-35.15625,43.9453125,-23.2,-15.9,20.8,8.8,8.8,-8.1
1.016084666014649,1.0199376660166308,24.164784500214434,16.10985633347629,-20.13732041684536,-0.4071139813801152,-0.6106709720701727,36.24717675032165,19.951171875,13.623046875,-16.787109375,0.87890625,0.87890625,34.98046875,39.55078125,21.97265625,-35.15625,-21.97265625,-35.15625,43.9453125,-24.0,-15.1,20.0,8.8,9.6,-8.0
1.019952500006184,1.023109875008231,24.270937401293143,16.18062493419543,-20.225781167744284,-0.5072881524491956,-0.7609322286737933,36.40640610193971,20.126953125,13.7109375,-16.875,0.791015625,0.703125,35.15625,39.55078125,21.97265625,-35.15625,-21.97265625,-35.15625,43.9453125,-23.2,-15.1,19.8,8.8,9.8,-7.2
1.0231315410055686,1.0269967910135165,24.35678363834044,16.237855758893627,-20.29731969861703,-0.5902612916201491,-0.8853919374302235,36.53517545751066,20.21484375,13.798828125,-16.962890625,0.703125,0.703125,35.244140625,39.55078125,21.97265625,-35.15625,-21.97265625,-35.15625,43.9453125,-23.2,-15.1,19.8,8.0,9.8,-8.0
1.0270117500040215,1.0309008750191424,24.459831139805996,16.306554093203996,-20.383192616504992,-0.6923019007329578,-1.0384528510994366,36.68974670970899,20.390625,13.88671875,-17.138671875,0.615234375,0.52734375,35.419921875,39.55078125,21.97265625,-30.76171875,-26.3671875,-35.15625,43.9453125,-23.1,-15.1,19.8,8.8,9.8,-8.1
1.0309151660185307,1.0349522909964435,24.56155328028304,16.374368853522025,-20.467961066902532,-0.79578839856271,-1.193682597844065,36.84232992042456,20.56640625,14.0625,-17.2265625,0.52734375,0.3515625,35.595703125,39.55078125,21.97265625,-30.76171875,-26.3671875,-35.15625,43.9453125,-22.3,-14.3,19.8,8.8,9.5,-8.1
1.03496966601233,1.037972833000822,24.665128776290025,16.44341918419335,-20.554273980241685,-0.9041502373838877,-1.3562253560758317,36.99769316443504,20.654296875,14.150390625,-17.314453125,0.3515625,0.17578125,35.771484375,39.55078125,26.3671875,-30.76171875,-26.3671875,-35.15625,39.55078125,-23.1,-14.3,19.8,7.2,10.3,-7.3
1.0379899160179775,1.0419075830141082,24.740890349892652,16.493926899928436,-20.617408624910542,-0.985435531865345,-1.4781532977980174,37.11133552483898,20.830078125,14.23828125,-17.40234375,0.263671875,0.087890625,35.859375,39.55078125,26.3671875,-30.76171875,-26.3671875,-35.15625,39.55078125,-22.3,-14.3,19.8,8.0,9.5,-7.0
1.0419249999977183,1.0459120830055326,24.83779907877546,16.558532719183642,-20.69816589897955,-1.0920518902521557,-1.6380778353782335,37.25669861816319,21.005859375,14.326171875,-17.578125,0.263671875,0.0,36.03515625,39.55078125,26.3671875,-30.76171875,-26.3671875,-35.15625,39.55078125,-21.5,-14.3,19.1,8.8,10.4,-7.0
1.045933415996842,1.0499698329949751,24.93439981371183,16.62293320914122,-20.778666511426525,-1.201464192109419,-1.8021962881641282,37.401599720567745,21.181640625,14.4140625,-17.666015625,0.087890625,-0.17578125,36.123046875,39.55078125,26.3671875,-30.76171875,-26.3671875,-35.15625,39.55078125,-21.4,-14.3,19.1,7.2,10.4,-8.1
1.0499869160121307,1.053929290996166,25.029896988105516,16.686597992070347,-20.858247490087933,-1.3129186717912156,-1.969378007686823,37.54484548215827,21.357421875,14.501953125,-17.75390625,0.0,-0.3515625,36.298828125,39.55078125,26.3671875,-30.76171875,-26.3671875,-35.15625,39.55078125,-21.4,-13.5,19.1,8.8,10.5,-8.1
1.0539464580069762,1.057910333009204,25.121034852358093,16.74735656823873,-20.93419571029841,-1.422559153572106,-2.133838730358159,37.68155227853714,21.4453125,14.58984375,-17.9296875,-0.087890625,-0.52734375,36.474609375,39.55078125,26.3671875,-30.76171875,-26.3671875,-35.15625,39.55078125,-21.4,-13.5,19.1,8.8,10.5,-7.3
1.0579301250108983,1.0619022909959313,25.210569228323635,16.807046152215758,-21.008807690269695,-1.533616456782087,-2.3004246851731303,37.81585384248545,21.62109375,14.677734375,-18.017578125,-0.263671875,-0.703125,36.650390625,39.55078125,26.3671875,-30.76171875,-26.3671875,-35.15625,39.55078125,-20.6,-13.5,19.1,7.2,9.5,-7.2
1.061920750013087,1.0659150830178987,25.298070718417556,16.86538047894504,-21.081725598681295,-1.6456019797648789,-2.468402969647318,37.94710607762634,21.796875,14.765625,-18.10546875,-0.3515625,-0.87890625,36.826171875,39.55078125,26.3671875,-30.76171875,-26.3671875,-35.15625,39.55078125,-20.6,-13.5,19.1,8.0,9.5,-7.2
1.0659378330165055,1.069843375007622,25.383921334016613,16.92261422267774,-21.153267778347175,-1.7590529121103349,-2.6385793681655025,38.075882001024915,21.884765625,14.853515625,-18.28125,-0.439453125,-1.0546875,36.9140625,39.55078125,26.3671875,-30.76171875,-26.3671875,-35.15625,39.55078125,-20.7,-13.5,18.3,8.0,10.3,-7.9
1.0698845830047503,1.0728905830183066,25.46607190791162,16.97738127194108,-21.22172658992635,-1.871204947855571,-2.8068074217833567,38.199107861867425,22.060546875,15.029296875,-18.369140625,-0.52734375,-1.142578125,37.08984375,35.15625,26.3671875,-30.76171875,-26.3671875,-35.15625,39.55078125,-19.9,-12.7,18.3,8.8,9.6,-6.3
1.072923833009554,1.0769687080173753,25.52783881199489,17.018559207996592,-21.273199009995743,-1.9580217103206348,-2.937032565480952,38.29175821799233,22.1484375,15.029296875,-18.45703125,-0.615234375,-1.318359375,37.177734375,35.15625,26.3671875,-30.76171875,-26.3671875,-35.15625,35.15625,-19.9,-12.7,18.3,8.8,9.6,-6.3
1.0770022910146508,1.0808392910112161,25.608668941116903,17.0724459607446,-21.340557450930753,-2.075125909798924,-3.1126888646983866,38.413003411675355,22.32421875,15.1171875,-18.544921875,-0.703125,-1.494140625,37.353515625,35.15625,21.97265625,-30.76171875,-26.3671875,-43.9453125,35.15625,-19.9,-12.7,18.3,8.0,10.4,-6.3
1.0808726249961182,1.0838077499938663,25.68318080839456,17.122120538929707,-21.40265067366213,-2.1868751102982342,-3.280312665447352,38.524771212591844,22.412109375,15.205078125,-18.720703125,-0.791015625,-1.58203125,37.44140625,35.15625,21.97265625,-30.76171875,-26.3671875,-43.9453125,35.15625,-19.9,-12.7,17.5,8.8,10.5,-6.3
1.0838332080165856,1.08686624999973,25.738727405916364,17.15915160394424,-21.4489395049303,-2.2727534993546143,-3.4091302490319215,38.60809110887455,22.5,15.29296875,-18.80859375,-0.87890625,-1.669921875,37.529296875,35.15625,21.97265625,-30.76171875,-26.3671875,-43.9453125,35.15625,-19.9,-11.9,17.5,9.6,11.3,-6.3
1.0868918329942971,1.0899446660187095,25.794785827374223,17.19652388491615,-21.49565485614519,-2.361827430324522,-3.5427411454867825,38.69217874106134,22.587890625,15.380859375,-18.896484375,-0.966796875,-1.7578125,37.6171875,35.15625,21.97265625,-26.3671875,-21.97265625,-43.9453125,35.15625,-19.9,-11.9,16.7,8.8,12.1,-6.4
1.0899772499979008,1.093845791008789,25.849961822691412,17.23330788179428,-21.541634852242844,-2.4520346018386565,-3.6780519027579848,38.77494273403712,22.67578125,15.46875,-18.984375,-1.0546875,-2.021484375,37.705078125,30.76171875,21.97265625,-26.3671875,-21.97265625,-43.9453125,35.15625,-19.9,-11.1,16.7,9.6,11.3,-6.4
1.0938794579997193,1.0970740000193473,25.917758940976103,17.278505960650737,-21.59813245081342,-2.566615286771314,-3.8499229301569704,38.87663841146416,22.8515625,15.556640625,-19.072265625,-1.142578125,-2.197265625,37.880859375,30.76171875,26.3671875,-26.3671875,-21.97265625,-39.55078125,35.15625,-19.1,-11.1,16.7,9.6,11.3,-5.6
1.0971059580042493,1.1009229159972165,25.97213337132196,17.314755580881307,-21.643444476101635,-2.6617588070064073,-3.9926382105096105,38.958200056982946,22.939453125,15.556640625,-19.16015625,-1.23046875,-2.28515625,37.96875,30.76171875,26.3671875,-26.3671875,-21.97265625,-39.55078125,35.15625,-19.1,-11.9,16.7,8.8,11.3,-5.6
1.1009452080179472,1.1039424579939805,26.034839400272094,17.356559600181395,-21.695699500226745,-2.775431454889802,-4.163147182334703,39.052259100408136,23.115234375,15.64453125,-19.248046875,-1.318359375,-2.4609375,38.056640625,30.76171875,26.3671875,-26.3671875,-21.97265625,-39.55078125,35.15625,-18.3,-11.1,15.9,8.8,11.2,-6.4
1.103961500019068,1.1078937080164906,26.082576953801524,17.388384635867684,-21.7354807948346,-2.865077635484493,-4.297616453226739,39.12386543070229,23.203125,15.732421875,-19.3359375,-1.494140625,-2.63671875,38.14453125,30.76171875,26.3671875,-26.3671875,-21.97265625,-39.55078125,35.15625,-18.2,-11.1,15.9,8.8,9.6,-5.6
1.1079112910083495,1.1109989160031546,26.14304741724859,17.428698278165726,-21.785872847707157,-2.982904070175953,-4.474356105263929,39.21457112587288,23.291015625,15.732421875,-19.423828125,-1.58203125,-2.8125,38.232421875,30.76171875,26.3671875,-26.3671875,-30.76171875,-39.55078125,35.15625,-18.2,-11.0,15.9,9.6,9.4,-6.4
1.1110144999984186,1.1149335830123164,26.18892676765169,17.45928451176779,-21.824105639709742,-3.0758110605955493,-4.613716590893324,39.28339015147753,23.37890625,15.8203125,-19.51171875,-1.669921875,-2.900390625,38.3203125,35.15625,26.3671875,-26.3671875,-30.76171875,-39.55078125,26.3671875,-18.2,-11.0,15.9,8.8,11.0,-5.6
1.1149482500040904,1.117952125001466,26.245015078001177,17.49667671866745,-21.870845898334313,-3.1939908616362134,-4.79098629245432,39.36752261700176,23.5546875,15.908203125,-19.599609375,-1.7578125,-3.076171875,38.408203125,35.15625,17.578125,-26.3671875,-30.76171875,-43.9453125,26.3671875,-17.4,-10.2,15.1,9.6,11.0,-6.4
1.1179696659964975,1.1208944999962114,26.28651798135718,17.524345320904786,-21.90543165113098,-3.285059531400426,-4.9275892971006385,39.42977697203577,23.642578125,15.99609375,-19.599609375,-1.845703125,-3.251953125,38.49609375,35.15625,17.578125,-26.3671875,-30.76171875,-43.9453125,26.3671875,-16.6,-10.2,15.9,9.6,9.6,-5.6
1.1209124159940984,1.123901000013575,26.325618739551015,17.55041249303401,-21.938015616292514,-3.3739963057361826,-5.060994458604274,39.48842810932652,23.73046875,16.083984375,-19.6875,-1.93359375,-3.33984375,38.583984375,35.15625,17.578125,-26.3671875,-30.76171875,-43.9453125,26.3671875,-16.6,-9.4,15.0,9.6,10.4,-5.6
1.1239183750003576,1.1268905000179075,26.36420909038907,17.576139393592715,-21.970174241990893,-3.465078345225547,-5.197617517838319,39.54631363558361,23.818359375,16.083984375,-19.775390625,-2.021484375,-3.515625,38.583984375,35.15625,17.578125,-26.3671875,-30.76171875,-43.9453125,26.3671875,-16.6,-10.2,15.0,9.6,10.4,-5.6
1.1269075000018347,1.1298764160019346,26.40122652921186,17.600817686141244,-22.001022107676555,-3.5558770047474777,-5.3338155071212165,39.601839793817796,23.90625,16.171875,-19.86328125,-2.109375,-3.603515625,38.671875,35.15625,17.578125,-21.97265625,-26.3671875,-43.9453125,26.3671875,-16.6,-9.4,15.0,9.6,11.2,-5.5
1.1298935410159174,1.1329817080113571,26.436851456013574,17.624567637342384,-22.030709546677983,-3.6467989287290057,-5.470198393093509,39.65527718402036,23.90625,16.171875,-19.951171875,-2.197265625,-3.779296875,38.759765625,26.3671875,17.578125,-21.97265625,-26.3671875,-43.9453125,26.3671875,-16.6,-9.4,14.2,9.6,11.4,-5.5
1.1329987909994088,1.136903375008842,26.47245938610464,17.648306257403092,-22.060382821753862,-3.741571223047935,-5.612356834571903,39.70868907915696,23.994140625,16.259765625,-20.0390625,-2.28515625,-3.8671875,38.84765625,26.3671875,17.578125,-21.97265625,-26.3671875,-43.9453125,21.97265625,-16.6,-9.4,14.2,9.6,12.2,-4.7
1.1369206249946728,1.1408681659959257,26.515328966411534,17.67688597760769,-22.096107472009614,-3.861571916605699,-5.792357874908549,39.7729934496173,24.169921875,16.259765625,-20.126953125,-2.373046875,-4.130859375,38.84765625,26.3671875,17.578125,-21.97265625,-26.3671875,-43.9453125,21.97265625,-15.8,-9.4,13.4,9.6,10.6,-6.4
1.140885208005784,1.14385779100121,26.5562749561508,17.704183304100535,-22.130229130125674,-3.983209201271695,-5.974813801907542,39.8344124342262,24.2578125,16.34765625,-20.21484375,-2.548828125,-4.21875,38.935546875,26.3671875,17.578125,-21.97265625,-26.3671875,-43.9453125,21.97265625,-15.8,-9.4,13.5,9.6,11.1,-5.6
1.1438745830091648,1.1467788750014734,26.585555830347406,17.72370388689827,-22.15462985862284,-4.075132161484047,-6.112698242226071,39.87833374552111,24.345703125,16.435546875,-20.21484375,-2.63671875,-4.39453125,39.0234375,26.3671875,17.578125,-21.97265625,-26.3671875,-43.9453125,21.97265625,-15.0,-8.6,13.5,8.8,11.9,-4.8
1.146795790991746,1.1498778329987545,26.612843240101476,17.741895493400982,-22.177369366751233,-4.165120719725346,-6.24768107958802,39.91926486015221,24.43359375,16.435546875,-20.302734375,-2.724609375,-4.5703125,39.111328125,26.3671875,17.578125,-21.97265625,-30.76171875,-43.9453125,21.97265625,-15.0,-8.7,13.5,8.8,11.1,-4.8
1.1498994159919675,1.1539489580027293,26.64039662720242,17.760264418134945,-22.200330522668683,-4.2608945510250145,-6.391341826537523,39.96059494080363,24.521484375,16.5234375,-20.390625,-2.8125,-4.658203125,39.111328125,30.76171875,17.578125,-21.97265625,-30.76171875,-43.9453125,21.97265625,-14.2,-8.7,12.7,8.8,12.2,-4.8
1.1539902499935124,1.1578527910169214,26.674447376413536,17.78296491760902,-22.228706147011277,-4.387377057236468,-6.581065585854702,40.0116710646203,24.609375,16.611328125,-20.478515625,-2.900390625,-4.833984375,39.19921875,30.76171875,17.578125,-21.97265625,-30.76171875,-43.9453125,17.578125,-14.2,-7.9,12.7,9.6,12.2,-4.8
1.1578851660015061,1.160865083016688,26.70446808755757,17.80297872503838,-22.253723406297972,-4.508041687075083,-6.762062530612624,40.05670213133635,24.697265625,16.611328125,-20.56640625,-2.98828125,-5.009765625,39.287109375,30.76171875,17.578125,-21.97265625,-30.76171875,-43.9453125,17.578125,-14.2,-7.9,11.7,8.8,12.0,-3.9
1.1608922500163317,1.1638567080080975,26.72604267142883,17.817361780952552,-22.271702226190694,-4.601348597932383,-6.9020228968985755,40.08906400714325,24.78515625,16.69921875,-20.654296875,-3.076171875,-5.185546875,39.287109375,30.76171875,17.578125,-21.97265625,-30.76171875,-43.9453125,17.578125,-13.4,-7.1,11.7,9.6,12.0,-4.7
1.1638792080048006,1.1668446249968838,26.746088723203346,17.8307258154689,-22.288407269336126,-4.694148398412302,-7.041222597618451,40.11913308480502,24.873046875,16.69921875,-20.654296875,-3.251953125,-5.361328125,39.375,30.76171875,17.578125,-21.97265625,-30.76171875,-43.9453125,17.578125,-12.5,-7.9,11.7,8.8,12.0,-3.9
1.166868375003105,1.1698395830171648,26.76476760438841,17.84317840292561,-22.30397300365701,-4.787125140892264,-7.180687711338394,40.147151406582616,24.873046875,16.787109375,-20.7421875,-3.33984375,-5.537109375,39.375,30.76171875,17.578125,-21.97265625,-30.76171875,-43.9453125,17.578125,-13.3,-7.0,10.9,9.6,11.2,-3.9
1.1698797910066787,1.1728650830045808,26.782186751759173,17.854791167839444,-22.318488959799314,-4.88089459461155,-7.321341891917326,40.17328012763876,24.9609375,16.787109375,-20.7421875,-3.33984375,-5.625,39.375,21.97265625,17.578125,-21.97265625,-30.76171875,-43.9453125,17.578125,-12.5,-7.0,11.7,9.6,11.9,-4.7
1.1728948329982813,1.175880082999356,26.79821979983369,17.865479866555795,-22.33184983319474,-4.9748692138551025,-7.462303820782653,40.19732969975053,25.048828125,16.875,-20.830078125,-3.427734375,-5.80078125,39.462890625,21.97265625,17.578125,-21.97265625,-30.76171875,-43.9453125,17.578125,-12.5,-6.2,10.9,9.6,11.1,-3.9
1.1759111660066992,1.1788860830129124,26.81285050780412,17.875233671869413,-22.344042089836766,-5.068967462995608,-7.603451194493412,40.21927576170618,25.13671875,16.875,-20.91796875,-3.515625,-5.9765625,39.462890625,21.97265625,13.18359375,-21.97265625,-30.76171875,-48.33984375,17.578125,-11.7,-6.2,10.1,10.4,11.1,-4.0
1.1789155000005849,1.181885208003223,26.826021734691217,17.884014489794144,-22.35501811224268,-5.162765393031316,-7.744148089546975,40.23903260203683,25.13671875,16.875,-20.91796875,-3.603515625,-6.064453125,39.462890625,21.97265625,13.18359375,-21.97265625,-30.76171875,-48.33984375,17.578125,-12.5,-6.2,10.2,11.2,12.0,-4.8
1.1819120830041356,1.1848347499908414,26.837765934027754,17.8918439560185,-22.364804945023128,-5.256386086570824,-7.884579129856237,40.25664890104163,25.224609375,16.962890625,-21.005859375,-3.779296875,-6.240234375,39.55078125,21.97265625,13.18359375,-21.97265625,-30.76171875,-48.33984375,17.578125,-11.7,-5.4,9.4,10.4,11.2,-4.0
1.1848635000060312,1.187835290998919,26.84797339700055,17.8986489313337,-22.373311164167127,-5.3486503772654155,-8.022975565898124,40.27196009550082,25.224609375,16.962890625,-21.005859375,-3.8671875,-6.328125,39.55078125,21.97265625,13.18359375,-17.578125,-30.76171875,-48.33984375,17.578125,-11.9,-6.2,9.4,10.4,12.0,-4.0
1.1878641250077635,1.1908302500087302,26.856968146956465,17.90464543130431,-22.38080678913039,-5.442499962248804,-8.163749943373206,40.2854522204347,25.3125,16.962890625,-21.005859375,-3.955078125,-6.50390625,39.55078125,21.97265625,13.18359375,-17.578125,-30.76171875,-48.33984375,17.578125,-11.1,-6.3,10.2,10.4,11.2,-4.0
1.1908673330035526,1.1938885830168147,26.864575146280945,17.909716764187294,-22.38714595523412,-5.536469081683831,-8.304703622525746,40.29686271942142,25.400390625,17.05078125,-21.09375,-4.04296875,-6.6796875,39.55078125,17.578125,13.18359375,-17.578125,-30.76171875,-48.33984375,4.39453125,-11.1,-5.5,9.4,10.4,11.2,-4.0
1.1939290830050595,1.1969470829935744,26.870894127204448,17.9139294181363,-22.392411772670375,-5.632300815030309,-8.448451222545463,40.30634119080667,25.400390625,17.05078125,-21.09375,-4.130859375,-6.767578125,39.55078125,17.578125,8.7890625,-17.578125,-30.76171875,-48.33984375,4.39453125,-11.1,-5.5,9.4,10.4,11.2,-4.0
1.196974999998929,1.200931875006063,26.87574259177912,17.917161727852747,-22.396452159815937,-5.7276588220806675,-8.591488233121002,40.31361388766868,25.48828125,17.05078125,-21.181640625,-4.21875,-6.943359375,39.638671875,17.578125,8.7890625,-17.578125,-30.76171875,-48.33984375,4.39453125,-10.3,-5.5,8.6,10.4,10.4,-4.1
1.2009534999961033,1.2048875000036787,26.879917779993153,17.9199451866621,-22.39993148332763,-5.852230830935779,-8.778346246403668,40.319876669989725,25.576171875,17.138671875,-21.181640625,-4.39453125,-7.119140625,39.638671875,17.578125,8.7890625,-17.578125,-30.76171875,-48.33984375,4.39453125,-9.5,-4.7,8.6,8.8,10.4,-4.1
1.2049067080079112,1.2080204160010908,26.88164866236917,17.921099108246114,-22.401373885307645,-5.976012607275639,-8.964018910913458,40.32247299355376,25.576171875,17.138671875,-21.26953125,-4.482421875,-7.294921875,39.638671875,17.578125,8.7890625,-13.18359375,-30.76171875,-48.33984375,4.39453125,-9.3,-4.7,7.8,9.6,10.4,-3.9
1.2080383750144392,1.2118321250018198,26.88131165922382,17.920874439482546,-22.401093049353186,-6.0740587585985395,-9.11108813789781,40.32196748883573,25.6640625,17.138671875,-21.26953125,-4.658203125,-7.3828125,39.638671875,17.578125,8.7890625,-13.18359375,-30.76171875,-48.33984375,4.39453125,-8.5,-4.6,7.8,8.8,11.2,-3.9
1.2118500409997068,1.21491475001676,26.878867478682672,17.91924498578845,-22.39905623223556,-6.193365150430007,-9.29004772564501,40.31830121802401,25.751953125,17.2265625,-21.357421875,-4.74609375,-7.55859375,39.638671875,17.578125,8.7890625,-13.18359375,-30.76171875,-48.33984375,4.39453125,-7.7,-3.8,7.0,9.6,12.0,-3.9
1.2149510000017472,1.2189361249911599,26.875234559621955,17.91682303974797,-22.396028799684963,-6.29039134488282,-9.43558701732423,40.31285183943293,25.751953125,17.2265625,-21.357421875,-4.833984375,-7.734375,39.638671875,17.578125,8.7890625,-13.18359375,-30.76171875,-43.9453125,4.39453125,-7.7,-3.8,7.0,8.8,10.4,-4.0
1.2189752080012113,1.2227991660183761,26.868325085162848,17.9122167234419,-22.390270904302376,-6.416242319290714,-9.624363478936072,40.30248762774428,25.751953125,17.2265625,-21.4453125,-5.009765625,-7.91015625,39.638671875,17.578125,8.7890625,-13.18359375,-30.76171875,-43.9453125,4.39453125,-7.7,-3.8,6.1,9.6,10.3,-4.0
1.222829291014932,1.2258571250131354,26.859388959126736,17.90625930608449,-22.382824132605613,-6.53668919975959,-9.805033799639386,40.289083438690106,25.83984375,17.314453125,-21.4453125,-5.09765625,-7.998046875,39.7265625,17.578125,8.7890625,-13.18359375,-30.76171875,-43.9453125,4.39453125,-6.9,-3.0,6.1,9.6,11.9,-3.2
1.2258894999977201,1.228945166018093,26.850681876863316,17.900454584575545,-22.37556823071943,-6.632255978517439,-9.948383967776158,40.27602281529497,25.83984375,17.314453125,-21.4453125,-5.185546875,-8.0859375,39.7265625,17.578125,8.7890625,-8.7890625,-35.15625,-43.9453125,4.39453125,-6.9,-3.0,6.1,8.8,12.7,-3.1
1.2289659999951255,1.2328923330060206,26.840494126190833,17.89366275079389,-22.36707843849236,-6.72825936617389,-10.092389049260834,40.26074118928624,25.927734375,17.314453125,-21.533203125,-5.2734375,-8.349609375,39.7265625,13.18359375,8.7890625,-8.7890625,-35.15625,-43.9453125,4.39453125,-6.1,-3.0,5.3,8.8,12.3,-2.3
1.2329117500048596,1.235958458011737,26.82532871458924,17.88355247639283,-22.354440595491035,-6.851268125496846,-10.276902188245268,40.23799307188386,25.927734375,17.314453125,-21.533203125,-5.44921875,-8.525390625,39.7265625,13.18359375,8.7890625,-8.7890625,-35.15625,-43.9453125,4.39453125,-6.1,-3.0,5.3,8.8,12.3,-2.3
1.2359768330061343,1.239919125015149,26.811924979718153,17.874616653145434,-22.343270816431797,-6.9467182832702505,-10.420077424905376,40.21788746957722,25.927734375,17.314453125,-21.533203125,-5.537109375,-8.61328125,39.7265625,13.18359375,4.39453125,-8.7890625,-35.15625,-43.9453125,4.39453125,-6.1,-3.0,5.3,9.6,11.5,-2.3
1.2399372500076424,1.2429735000187065,26.792511490215453,17.861674326810302,-22.327092908512874,-7.0699006629388865,-10.604850994408329,40.188767235323176,26.015625,17.314453125,-21.533203125,-5.625,-8.7890625,39.7265625,13.18359375,4.39453125,-8.7890625,-35.15625,-43.9453125,4.39453125,-5.3,-3.0,5.5,9.6,11.1,-2.3
1.2429908330086619,1.2468452909961343,26.775936412040426,17.85062427469362,-22.313280343367026,-7.164751793945274,-10.74712769091791,40.16390461806064,26.015625,17.314453125,-21.62109375,-5.712890625,-8.96484375,39.7265625,13.18359375,4.39453125,-8.7890625,-35.15625,-43.9453125,4.39453125,-5.4,-3.0,4.7,8.8,11.9,-2.3
1.2468627500056755,1.2499678329913877,26.752915425712356,17.835276950474906,-22.294096188093633,-7.284850764856829,-10.927276147285243,40.12937313856854,26.015625,17.314453125,-21.62109375,-5.888671875,-9.140625,39.7265625,13.18359375,4.39453125,-8.7890625,-30.76171875,-43.9453125,4.39453125,-4.6,-3.2,3.9,8.8,12.0,-1.5
1.2499847500002943,1.2538904579996597,26.732727525909592,17.821818350606396,-22.277272938257997,-7.381538709541554,-11.072308064312331,40.09909128886439,26.103515625,17.314453125,-21.62109375,-5.888671875,-9.31640625,39.7265625,8.7890625,4.39453125,-8.7890625,-30.76171875,-43.9453125,0.0,-3.8,-2.4,3.9,9.6,10.4,-1.5
1.2539074580126908,1.2578593750076834,26.705313408652856,17.803542272435234,-22.254427840544047,-7.502820163699639,-11.25423024554946,40.057970112979284,26.103515625,17.314453125,-21.62109375,-6.064453125,-9.404296875,39.7265625,8.7890625,0.0,-8.7890625,-30.76171875,-43.9453125,0.0,-3.8,-2.4,3.9,9.6,11.2,-0.7
1.2578768329985905,1.2609082499984652,26.675261480180215,17.783507653453476,-22.229384566816847,-7.625296669568285,-11.437945004352427,40.012892220270324,26.103515625,17.314453125,-21.62109375,-6.15234375,-9.580078125,39.7265625,8.7890625,0.0,-8.7890625,-30.76171875,-43.9453125,0.0,-3.8,-2.4,3.8,8.8,12.0,-0.7
1.2609257080184761,1.263899040990509,26.650607128690368,17.76707141912691,-22.208839273908634,-7.719190720701712,-11.578786081052566,39.975910693035544,26.103515625,17.40234375,-21.62109375,-6.240234375,-9.755859375,39.7265625,8.7890625,0.0,-8.7890625,-30.76171875,-43.9453125,0.0,-3.8,-1.6,3.8,9.6,12.8,-0.7
1.2639157910016365,1.2678881250030827,26.62510810948164,17.75007207298776,-22.187590091234703,-7.811113952818374,-11.716670929227563,39.93766216422246,26.19140625,17.40234375,-21.62109375,-6.328125,-9.84375,39.7265625,8.7890625,0.0,0.0,-26.3671875,-43.9453125,0.0,-2.1,-1.6,3.8,9.6,12.8,0.1
1.2679096659994684,1.2718125410028733,26.58901946310346,17.726012975402305,-22.15751621925289,-7.933636301579548,-11.900454452369322,39.883529194655196,26.19140625,17.40234375,-21.708984375,-6.50390625,-10.107421875,39.7265625,8.7890625,0.0,0.0,-26.3671875,-43.9453125,0.0,-2.1,-1.4,2.2,9.6,12.1,0.1
1.2718525000091176,1.2748416660178918,26.551127565719124,17.700751710479416,-22.12593963809927,-8.054285735307975,-12.08142860296196,39.826691348578684,26.19140625,17.40234375,-21.708984375,-6.591796875,-10.1953125,39.7265625,4.39453125,0.0,0.0,-26.3671875,-43.9453125,0.0,-2.1,-1.4,2.2,8.8,12.1,0.1
1.2748737499932759,1.2789128750155214,26.520578484554957,17.680385656369975,-22.100482070462462,-8.14651839412381,-12.219777591185714,39.78086772683243,26.19140625,17.40234375,-21.708984375,-6.6796875,-10.37109375,39.7265625,4.39453125,4.39453125,0.0,-26.3671875,-43.9453125,0.0,-2.1,-0.6,2.2,9.6,11.3,-0.0
1.278947540995432,1.2818862500134856,26.477319421638292,17.651546281092195,-22.064432851365247,-8.270571663835167,-12.405857495752748,39.715979132457434,26.19140625,17.40234375,-21.708984375,-6.767578125,-10.546875,39.7265625,4.39453125,4.39453125,0.0,-26.3671875,-43.9453125,0.0,-1.3,-0.6,2.2,10.4,12.7,-0.0
1.2819125410169363,1.2848149579949677,26.444350179193506,17.629566786129004,-22.036958482661255,-8.360626790413065,-12.540940185619597,39.66652526879027,26.19140625,17.40234375,-21.708984375,-6.85546875,-10.72265625,39.7265625,4.39453125,4.39453125,0.0,-26.3671875,-43.9453125,0.0,-1.3,-0.6,1.4,10.4,12.7,-0.0
1.284840250009438,1.2878101660171524,26.41057571151265,17.607050474341765,-22.008813092927213,-8.44934886789741,-12.674023301846114,39.615863567268974,26.19140625,17.40234375,-21.708984375,-6.943359375,-10.810546875,39.7265625,4.39453125,4.39453125,-4.39453125,-30.76171875,-43.9453125,0.0,-1.4,-0.7,1.4,9.6,13.5,-0.0
1.2878371250117198,1.2908416659920476,26.37475458234746,17.583169721564975,-21.978962151956217,-8.539954197461213,-12.80993129619182,39.562131873521196,26.19140625,17.40234375,-21.796875,-7.119140625,-10.986328125,39.7265625,4.39453125,4.39453125,-4.39453125,-30.76171875,-43.9453125,0.0,-0.6,-0.7,0.6,8.8,13.0,-0.0
1.290871083008824,1.294925249996595,26.33721046653973,17.558140311026488,-21.947675388783107,-8.631454738254726,-12.947182107382089,39.505815699809595,26.19140625,17.40234375,-21.796875,-7.20703125,-11.07421875,39.7265625,0.0,4.39453125,-4.39453125,-30.76171875,-43.9453125,0.0,-0.6,0.1,-0.2,8.8,12.2,-0.0
1.2949621659936383,1.2988871250126977,26.284559269244024,17.52303951282935,-21.90379939103669,-8.754465194209786,-13.131697791314679,39.426838903866035,26.19140625,17.40234375,-21.884765625,-7.294921875,-11.25,39.7265625,0.0,0.0,-4.39453125,-30.76171875,-43.9453125,0.0,0.2,0.1,-0.2,9.6,12.2,-0.0
1.2989163330057636,1.301789416000247,26.231475724977592,17.487650483318397,-21.85956310414799,-8.872939388648916,-13.309409082973374,39.34721358746639,26.19140625,17.40234375,-21.884765625,-7.3828125,-11.513671875,39.7265625,0.0,0.0,-4.39453125,-30.76171875,-43.9453125,0.0,0.2,0.1,-0.3,8.8,11.9,-0.0
1.3018194159958512,1.3048391659976915,26.19113974808189,17.460759832054595,-21.82594979006825,-8.959650281746413,-13.43947542261962,39.28670962212284,26.19140625,17.40234375,-21.884765625,-7.470703125,-11.6015625,39.7265625,0.0,0.0,-4.39453125,-30.76171875,-43.9453125,0.0,0.2,0.1,-0.3,9.6,11.9,-0.0
1.304865707992576,1.3078888329910114,26.147581857542868,17.431721238361913,-21.789651547952392,-9.050385266989808,-13.575577900484712,39.221372786314305,26.19140625,17.40234375,-21.884765625,-7.55859375,-11.77734375,39.7265625,0.0,0.0,-8.7890625,-30.76171875,-43.9453125,0.0,0.2,0.1,-0.3,9.6,11.9,1.7
1.3079817079997156,1.3128260830126237,26.10173039864163,17.401153599094425,-21.75144199886803,-9.142921687654963,-13.714382531482443,39.15259559796245,26.19140625,17.40234375,-21.884765625,-7.734375,-11.953125,39.7265625,0.0,0.0,-8.7890625,-30.76171875,-43.9453125,0.0,0.2,0.1,-0.3,9.6,12.0,2.5
1.3128736249927897,1.3158442080020905,26.02712277851177,17.351415185674515,-21.68926898209314,-9.28762150709271,-13.931432260639065,39.04068416776766,26.19140625,17.40234375,-21.97265625,-7.822265625,-12.12890625,39.7265625,0.0,0.0,-8.7890625,-30.76171875,-48.33984375,0.0,0.2,0.1,-0.3,9.6,11.2,3.3
1.3158738749916665,1.3189460000139661,25.979792895561015,17.319861930374014,-21.649827412967518,-9.376009473517032,-14.064014210275547,38.96968934334153,26.19140625,17.40234375,-21.97265625,-7.998046875,-12.216796875,39.7265625,0.0,0.0,-8.7890625,-30.76171875,-48.33984375,0.0,0.2,0.1,-0.3,8.0,12.0,3.5
1.318977666000137,1.322882375010522,25.929582476713293,17.286388317808864,-21.607985397261082,-9.467154552196106,-14.200731828294156,38.89437371506994,26.19140625,17.40234375,-21.97265625,-8.0859375,-12.392578125,39.7265625,0.0,0.0,-8.7890625,-30.76171875,-48.33984375,0.0,0.2,0.1,0.0,7.8,12.7,4.3
1.3229060409939848,1.32602916599717,25.864229161850687,17.24281944123379,-21.55352430154225,-9.582077322343306,-14.373115983514957,38.79634374277604,26.19140625,17.40234375,-21.97265625,-8.173828125,-12.568359375,39.7265625,0.0,0.0,-4.39453125,-30.76171875,-48.33984375,0.0,-0.0,0.1,0.0,8.6,12.7,5.1
1.3260468750086147,1.3299174580024555,25.810540461020697,17.207026974013797,-21.508783717517247,-9.673602509642192,-14.51040376446329,38.71581069153105,26.19140625,17.40234375,-21.97265625,-8.26171875,-12.744140625,39.7265625,0.0,0.0,-4.39453125,-35.15625,-48.33984375,0.0,-0.0,-0.0,0.0,9.4,11.9,5.0
1.3299349159933627,1.3329021660028957,25.74232716934155,17.1615514462277,-21.451939307784635,-9.786450955137658,-14.679676432706486,38.613490754012325,26.19140625,17.40234375,-21.97265625,-8.4375,-12.919921875,39.7265625,0.0,0.0,-4.39453125,-35.15625,-48.33984375,0.0,-0.0,-0.0,0.0,8.0,12.1,6.6
1.3329265830107033,1.3367976660083514,25.688532534197336,17.125688356131555,-21.407110445164445,-9.87293685681492,-14.809405285222379,38.532798801295996,26.19140625,17.40234375,-21.97265625,-8.4375,-13.0078125,39.7265625,0.0,0.0,-4.39453125,-35.15625,-43.9453125,0.0,-0.0,-0.0,-0.8,8.8,11.3,8.2
1.3368182080157567,1.3398975830059499,25.61687018537706,17.07791345691804,-21.347391821147557,-9.984981013889724,-14.977471520834586,38.42530527806559,26.19140625,17.40234375,-21.97265625,-8.61328125,-13.18359375,39.7265625,0.0,0.0,-4.39453125,-35.15625,-43.9453125,0.0,-0.0,-0.0,-0.9,8.8,11.0,9.2
1.3399208330083638,1.3429437080048956,25.558384589608703,17.038923059739133,-21.298653824673924,-10.073931256237206,-15.110896884355808,38.33757688441305,26.19140625,17.40234375,-21.97265625,-8.701171875,-13.271484375,39.638671875,0.0,0.0,-4.39453125,-35.15625,-43.9453125,0.0,-0.0,-0.0,-1.7,8.8,11.8,8.4
1.3429631250037346,1.3467984159942716,25.499882612091728,16.999921741394484,-21.24990217674311,-10.160821138406373,-15.24123170760956,38.249823918137594,26.19140625,17.40234375,-21.97265625,-8.7890625,-13.447265625,39.55078125,0.0,0.0,0.0,-35.15625,-43.9453125,0.0,0.9,-0.0,-1.7,8.8,11.8,9.2
1.3468164580117445,1.349850166006945,25.424161158501946,16.94944077233463,-21.186800965418286,-10.270397773170414,-15.40559665975562,38.13624173775292,26.19140625,17.40234375,-21.97265625,-8.876953125,-13.623046875,39.462890625,0.0,0.0,0.0,-26.3671875,-43.9453125,0.0,1.7,-0.0,-2.5,9.6,12.1,8.9
1.3498675409937277,1.352969250001479,25.36293050839535,16.908620338930234,-21.1357754236628,-10.356777237924572,-15.535165856886858,38.04439576259303,26.19140625,17.40234375,-21.97265625,-8.96484375,-13.7109375,39.375,0.0,0.0,0.0,-26.3671875,-43.9453125,-17.578125,1.7,-0.0,-2.5,8.8,12.1,8.1
1.3529863330186345,1.356818750005914,25.299189332880776,16.866126221920517,-21.08265777740065,-10.444718294521616,-15.667077441782423,37.948783999321165,26.19140625,17.40234375,-21.97265625,-9.052734375,-13.798828125,39.19921875,0.0,0.0,0.0,-26.3671875,-39.55078125,-17.578125,2.5,0.8,-3.3,9.6,12.9,8.1
1.356841250002617,1.359830500005046,25.21881159961475,16.812541066409832,-21.015676333012294,-10.55291310247206,-15.82936965370809,37.82821739942212,26.19140625,17.40234375,-21.97265625,-9.228515625,-13.974609375,39.0234375,0.0,0.0,0.0,-26.3671875,-39.55078125,-17.578125,2.5,0.8,-3.5,8.8,12.9,7.0
1.359897832997376,1.3628479579929262,25.153842511250144,16.76922834083343,-20.961535426041788,-10.63830125665189,-15.957451884977832,37.730763766875214,26.19140625,17.40234375,-21.97265625,-9.31640625,-14.0625,38.935546875,0.0,0.0,0.0,-26.3671875,-39.55078125,-17.578125,3.3,1.6,-4.3,8.0,12.1,6.2
1.3628836249990854,1.3658333749917801,25.08933325890885,16.726222172605905,-20.907777715757376,-10.721366232391349,-16.08204934858702,37.63399988836328,26.19140625,17.40234375,-21.97265625,-9.404296875,-14.23828125,38.84765625,0.0,0.0,0.0,-26.3671875,-39.55078125,-17.578125,4.4,1.6,-4.3,8.0,12.1,7.0
1.3658603749936447,1.3688264160009567,25.02400204107235,16.682668027381567,-20.853335034226966,-10.803836320516462,-16.205754480774694,37.536003061608525,26.19140625,17.40234375,-21.97265625,-9.4921875,-14.326171875,38.759765625,0.0,0.0,0.0,-30.76171875,-39.55078125,-17.578125,4.4,1.8,-5.1,8.0,12.9,7.9
1.3688505000027362,1.3718586250033695,24.957365345299785,16.638243563533187,-20.797804454416493,-10.886328623980228,-16.329492935970343,37.43604801794967,26.19140625,17.40234375,-21.97265625,-9.580078125,-14.501953125,38.583984375,0.0,0.0,0.0,-30.76171875,-39.55078125,-17.578125,5.2,2.6,-5.1,8.0,11.9,7.1
1.3718926250003278,1.3748485000105575,24.888540177307338,16.59236011820489,-20.74045014775612,-10.969894080684758,-16.454841121027137,37.33281026596101,26.19140625,17.40234375,-21.97265625,-9.66796875,-14.58984375,38.49609375,0.0,0.0,0.0,-30.76171875,-39.55078125,-39.55078125,6.0,2.6,-5.9,8.8,12.7,7.1
1.3748805829964112,1.3778463749913499,24.819940671254294,16.54662711416953,-20.683283892711916,-11.051613780397256,-16.57742067059588,37.229911006881444,26.19140625,17.40234375,-21.97265625,-9.755859375,-14.677734375,38.408203125,0.0,0.0,0.0,-30.76171875,-39.55078125,-39.55078125,6.0,3.4,-5.9,8.0,13.5,6.4
1.3778764579910785,1.3808322499971837,24.750175795048737,16.500117196699158,-20.62514649587395,-11.133191214732776,-16.699786822099163,37.12526369257311,26.19140625,17.40234375,-21.97265625,-9.84375,-14.765625,38.3203125,0.0,0.0,0.0,-30.76171875,-39.55078125,-39.55078125,6.8,3.4,-6.8,8.0,13.7,7.2
1.3808571250119712,1.383852041006321,24.67979877052439,16.453199180349593,-20.56649897543699,-11.213995418779433,-16.82099312816915,37.019698155786585,26.19140625,17.40234375,-21.97265625,-9.931640625,-14.94140625,38.232421875,0.0,0.0,0.0,-30.76171875,-39.55078125,-39.55078125,7.6,4.2,-7.6,8.0,12.9,8.0
1.3838840000098571,1.3868570000049658,24.607355862670502,16.404903908447,-20.50612988555876,-11.295683234616467,-16.9435248519247,36.91103379400575,26.19140625,17.40234375,-21.97265625,-10.01953125,-15.1171875,38.14453125,0.0,0.0,0.0,-30.76171875,-39.55078125,-39.55078125,7.6,4.2,-7.6,8.8,12.1,8.2
1.3868837500049267,1.3898614160134457,24.534604494846448,16.356402996564302,-20.445503745705384,-11.376269794287815,-17.064404691431722,36.80190674226967,26.19140625,17.40234375,-21.97265625,-10.107421875,-15.205078125,37.96875,0.0,0.0,0.0,-30.76171875,-39.55078125,-39.55078125,8.4,5.1,-8.4,8.8,12.8,7.4
1.3898942079977132,1.3928998750052415,24.460646668206778,16.30709777880452,-20.38387222350565,-11.456772342676121,-17.185158514014184,36.690970002310166,26.19140625,17.40234375,-21.97265625,-10.1953125,-15.380859375,37.880859375,0.0,0.0,0.0,-30.76171875,-39.55078125,-35.15625,9.2,5.1,-8.4,8.0,12.0,6.6
1.3929308750084601,1.3958718749927357,24.38509606068304,16.256730707122024,-20.320913383902532,-11.537596522816624,-17.30639478422494,36.57764409102456,26.19140625,17.40234375,-21.97265625,-10.283203125,-15.46875,37.79296875,0.0,0.0,0.0,-30.76171875,-43.9453125,-35.15625,9.2,5.9,-9.2,7.2,12.8,7.4
1.3959008750098292,1.3988459999964107,24.310293903689384,16.20686260245959,-20.258578253074496,-11.61627609602313,-17.424414144034692,36.46544085553408,26.103515625,17.40234375,-21.97265625,-10.37109375,-15.64453125,37.705078125,0.0,0.0,0.0,-30.76171875,-43.9453125,-35.15625,9.2,5.9,-10.0,7.2,12.0,7.9
1.398875125014456,1.4018687499919906,24.234494294387773,16.15632952959185,-20.19541191198981,-11.694699802023944,-17.542049703035914,36.35174144158166,26.103515625,17.40234375,-21.97265625,-10.458984375,-15.732421875,37.529296875,0.0,0.0,0.0,-30.76171875,-43.9453125,-35.15625,10.0,6.7,-10.0,7.2,12.8,7.1
1.4018977500090841,1.404857457993785,24.156560892286393,16.10437392819093,-20.13046741023866,-11.77401982417389,-17.661029736260833,36.23484133842959,26.103515625,17.40234375,-21.97265625,-10.458984375,-15.908203125,37.44140625,0.0,0.0,0.0,-30.76171875,-43.9453125,-35.15625,10.0,6.7,-10.8,8.8,11.2,7.1
1.4048865830118302,1.407954875001451,24.078617684778724,16.052411789852485,-20.0655147373156,-11.85207591939073,-17.778113879086092,36.11792652716809,26.103515625,17.40234375,-21.97265625,-10.546875,-15.99609375,37.353515625,0.0,0.0,0.0,-26.3671875,-43.9453125,-35.15625,10.8,7.6,-11.6,8.8,12.0,6.3
1.4079969160084147,1.4118612080055755,23.996588612209298,15.997725741472868,-19.997157176841085,-11.932905715920189,-17.89935857388028,35.99488291831395,26.103515625,17.40234375,-21.97265625,-10.634765625,-16.083984375,37.177734375,-4.39453125,0.0,0.0,-26.3671875,-43.9453125,-35.15625,11.6,7.6,-11.6,8.0,12.6,5.5
1.4119060829980299,1.415895250014728,23.89218546577176,15.92812364384784,-19.910154554809797,-12.033915988428852,-18.050873982643274,35.83827819865764,26.103515625,17.40234375,-21.884765625,-10.810546875,-16.259765625,37.08984375,-4.39453125,0.0,0.0,-26.3671875,-39.55078125,-35.15625,12.4,8.4,-11.6,8.0,12.6,7.1
1.4159462499956135,1.4198279160191305,23.782781505941006,15.855187670627338,-19.818984588284174,-12.13763176211304,-18.206447643169557,35.67417225891151,26.015625,17.40234375,-21.884765625,-10.8984375,-16.435546875,37.001953125,-4.39453125,0.0,0.0,-26.3671875,-39.55078125,-35.15625,12.4,8.4,-12.4,8.0,12.1,8.2
1.4198719160049222,1.4228790829947684,23.675043723844208,15.783362482562806,-19.72920310320351,-12.237745530783924,-18.356618296175885,35.51256558576632,26.015625,17.314453125,-21.796875,-10.986328125,-16.611328125,36.826171875,-4.39453125,0.0,0.0,-26.3671875,-39.55078125,-35.15625,13.2,8.4,-12.3,7.2,11.3,6.6
1.4229678330011666,1.4268032910185866,23.58909920662858,15.726066137752387,-19.65758267219049,-12.316237756357888,-18.474356634536832,35.38364880994286,26.015625,17.314453125,-21.796875,-11.07421875,-16.611328125,36.73828125,-4.39453125,0.0,8.7890625,-26.3671875,-39.55078125,-35.15625,14.0,9.2,-12.3,8.0,12.1,7.1
1.426837458013324,1.429840791010065,23.48048506272201,15.653656708481343,-19.567070885601673,-12.413774564199075,-18.62066184629861,35.220727594083016,26.015625,17.314453125,-21.796875,-11.162109375,-16.787109375,36.650390625,-4.39453125,0.0,8.7890625,-26.3671875,-39.55078125,-35.15625,14.8,9.0,-13.1,8.0,12.8,7.9
1.4298920409928542,1.4328576660191175,23.393829609958033,15.59588640663869,-19.49485800829836,-12.490319374485095,-18.73547906172764,35.09074441493705,26.015625,17.314453125,-21.708984375,-11.25,-16.875,36.5625,-4.39453125,0.0,8.7890625,-26.3671875,-39.55078125,-30.76171875,15.6,9.8,-13.1,7.2,12.8,8.7
1.4328871250036173,1.435852624999825,23.308089386256547,15.538726257504363,-19.423407821880456,-12.564989654445904,-18.847484481668857,34.96213407938482,26.015625,17.314453125,-21.708984375,-11.337890625,-16.962890625,36.474609375,-4.39453125,-4.39453125,8.7890625,-26.3671875,-35.15625,-30.76171875,16.4,10.6,-13.9,7.2,13.6,9.5
1.4358843750087544,1.4389336250023916,23.22153386592473,15.481022577283154,-19.351278221603945,-12.639334372081054,-18.959001558121578,34.83230079888709,25.927734375,17.314453125,-21.708984375,-11.42578125,-17.05078125,36.298828125,-4.39453125,-4.39453125,8.7890625,-26.3671875,-35.15625,-30.76171875,15.6,10.6,-13.9,7.2,12.9,9.0
1.4389615000109188,1.4428165830031503,23.131900959777038,15.421267306518024,-19.27658413314754,-12.715266173331505,-19.07289925999726,34.69785143966556,25.927734375,17.314453125,-21.62109375,-11.42578125,-17.2265625,36.2109375,-4.39453125,-4.39453125,8.7890625,-26.3671875,-35.15625,-30.76171875,16.4,11.4,-13.7,8.8,12.9,9.8
1.442847750004148,1.4459694999968633,23.01760445944838,15.345069639632253,-19.18133704954031,-12.81059516047771,-19.215892740716562,34.52640668917257,25.83984375,17.314453125,-21.62109375,-11.6015625,-17.314453125,36.03515625,-4.39453125,-4.39453125,8.7890625,-26.3671875,-35.15625,-30.76171875,16.3,12.2,-14.5,8.0,13.7,9.7
1.445987375016557,1.4497639579931274,22.92439165700653,15.282927771337686,-19.103659714172114,-12.887147500936983,-19.330721251405475,34.38658748550979,25.751953125,17.314453125,-21.533203125,-11.689453125,-17.490234375,35.859375,-4.39453125,-4.39453125,8.7890625,-26.3671875,-35.15625,-30.76171875,16.3,12.4,-14.5,7.2,11.9,8.1
1.4497961250017397,1.4528697080095299,22.810285973918734,15.206857315945822,-19.008571644932285,-12.979463092215045,-19.46919463832257,34.2154289608781,25.6640625,17.314453125,-21.533203125,-11.77734375,-17.666015625,35.68359375,-13.18359375,-4.39453125,8.7890625,-26.3671875,-35.15625,-43.9453125,16.3,13.2,-15.3,8.0,11.9,8.1
1.4528957500006072,1.455845207994571,22.716610699468045,15.144407132978698,-18.930508916223378,-13.054146861983037,-19.581220292974557,34.07491604920207,25.576171875,17.2265625,-21.4453125,-11.865234375,-17.75390625,35.5078125,-13.18359375,-4.39453125,8.7890625,-26.3671875,-39.55078125,-43.9453125,16.3,13.2,-15.3,8.0,12.7,8.7
1.455868165998254,1.458829915995011,22.626107710777504,15.084071807185003,-18.855089758981254,-13.125393286226911,-19.688089929340368,33.939161566166256,25.48828125,17.2265625,-21.357421875,-11.953125,-17.841796875,35.419921875,-13.18359375,-4.39453125,8.7890625,-26.3671875,-39.55078125,-43.9453125,16.3,13.2,-14.5,8.0,13.8,8.7
1.4588554160145577,1.4618150829919614,22.53450277295022,15.02300184863348,-18.77875231079185,-13.196630136561492,-19.794945204842236,33.80175415942533,25.48828125,17.138671875,-21.357421875,-11.953125,-18.017578125,35.244140625,-13.18359375,-4.39453125,8.7890625,-26.3671875,-39.55078125,-43.9453125,17.1,13.2,-15.4,8.0,13.0,8.7
1.461857707996387,1.464835499995388,22.441792448893647,14.961194965929097,-18.701493707411373,-13.267859194580737,-19.901788791871105,33.66268867334047,25.400390625,17.138671875,-21.26953125,-12.041015625,-18.10546875,35.068359375,-13.18359375,-4.39453125,8.7890625,-26.3671875,-39.55078125,-43.9453125,16.9,13.2,-15.4,7.2,13.0,8.7
1.4648640410159715,1.4678695000184234,22.34832312406836,14.898882082712241,-18.62360260339031,-13.338818502086491,-20.008227753129738,33.522484686102544,25.3125,17.05078125,-21.181640625,-12.12890625,-18.193359375,34.892578125,-13.18359375,-4.39453125,17.578125,-21.97265625,-39.55078125,-43.9453125,16.9,12.9,-15.4,7.2,12.2,7.2
1.4678945830091834,1.4708385830163024,22.2534718473511,14.835647898234066,-18.54455987279259,-13.409981709895575,-20.114972564843363,33.38020777102665,25.224609375,17.05078125,-21.181640625,-12.216796875,-18.369140625,34.8046875,-26.3671875,-4.39453125,17.578125,-21.97265625,-39.55078125,-43.9453125,16.9,13.7,-15.4,7.2,11.8,8.0
1.4708638330048416,1.4738393750158139,22.159938810456676,14.773292540304451,-18.466615675380574,-13.479350702782893,-20.21902605417434,33.23990821568501,25.13671875,16.962890625,-21.09375,-12.3046875,-18.45703125,34.716796875,-26.3671875,-4.39453125,17.578125,-21.97265625,-39.55078125,-48.33984375,16.9,12.9,-15.4,8.0,12.6,8.8
1.473867374996189,1.4768705829919782,22.064733982596746,14.709822655064498,-18.38727831883063,-13.54916653736149,-20.323749806042233,33.09710097389512,25.048828125,16.962890625,-21.005859375,-12.3046875,-18.6328125,34.541015625,-26.3671875,-13.18359375,17.578125,-21.97265625,-35.15625,-48.33984375,16.9,13.7,-15.4,8.0,11.8,8.7
1.476899333007168,1.4807815410022158,21.96803796873682,14.645358645824546,-18.306698307280694,-13.619284887970787,-20.42892733195618,32.95205695310523,24.9609375,16.962890625,-21.005859375,-12.392578125,-18.720703125,34.365234375,-26.3671875,-13.18359375,17.578125,-21.97265625,-35.15625,-48.33984375,16.9,14.5,-16.2,7.2,12.1,8.7
1.4808151250181254,1.483880332991248,21.8422979036217,14.561531935747798,-18.20191491968475,-13.709316894751232,-20.563975342126852,32.76344685543255,24.873046875,16.875,-20.91796875,-12.48046875,-18.80859375,34.189453125,-26.3671875,-13.18359375,17.578125,-21.97265625,-35.15625,-48.33984375,16.9,14.5,-16.2,8.0,12.1,8.7
1.483909875008976,1.4877637500176206,21.742256323262747,14.494837548841831,-18.11854693605228,-13.780056917658674,-20.670085376488014,32.61338448489412,24.697265625,16.787109375,-20.830078125,-12.568359375,-18.984375,34.013671875,-26.3671875,-13.18359375,17.578125,-26.3671875,-35.15625,-48.33984375,15.9,13.7,-16.2,8.0,11.3,8.1
1.4877933750103693,1.4908392080105841,21.615908619274652,14.410605746183103,-18.01325718272889,-13.868315804227464,-20.802473706341193,32.42386292891198,24.609375,16.787109375,-20.7421875,-12.65625,-19.072265625,33.92578125,-30.76171875,-13.18359375,17.578125,-26.3671875,-35.15625,-48.33984375,15.9,14.5,-16.2,7.2,11.9,9.7
1.4908735000062734,1.4939494999998715,21.515074981399092,14.343383320932727,-17.92922915116591,-13.937918403506172,-20.90687760525926,32.272612472098636,24.521484375,16.787109375,-20.654296875,-12.744140625,-19.16015625,33.75,-30.76171875,-13.18359375,17.578125,-26.3671875,-35.15625,-43.9453125,15.9,15.3,-16.2,7.2,11.1,8.9
1.4939839160069823,1.4978600410104264,21.412705199639074,14.275136799759382,-17.843920999699233,-14.007853380152921,-21.01178007022938,32.11905779945861,24.43359375,16.69921875,-20.56640625,-12.83203125,-19.3359375,33.57421875,-30.76171875,-13.18359375,17.578125,-26.3671875,-39.55078125,-43.9453125,15.9,15.3,-16.2,8.0,11.1,8.9
1.4978973749966826,1.5018406659946777,21.28314989731601,14.188766598210675,-17.735958247763353,-14.095349603091883,-21.14302440463782,31.92472484597402,24.2578125,16.611328125,-20.56640625,-12.919921875,-19.423828125,33.3984375,-30.76171875,-13.18359375,17.578125,-26.3671875,-39.55078125,-43.9453125,15.1,15.3,-16.8,7.2,12.0,9.7
1.5018695830076467,1.5057540409907233,21.150814511209344,14.100543007472897,-17.62567875934113,-14.183606272538984,-21.27540940880848,31.726221766814017,24.08203125,16.5234375,-20.390625,-13.0078125,-19.51171875,33.22265625,-30.76171875,-13.18359375,26.3671875,-21.97265625,-39.55078125,-43.9453125,14.2,15.3,-16.0,6.4,12.0,8.9
1.5057837910135277,1.508859499997925,21.019605324917823,14.013070216611883,-17.516337770764856,-14.270033745731121,-21.405050618596682,31.529407987376736,23.994140625,16.5234375,-20.302734375,-13.095703125,-19.599609375,33.046875,-30.76171875,-13.18359375,26.3671875,-21.97265625,-39.55078125,-43.9453125,15.0,15.4,-16.0,7.2,12.9,8.6
1.5088914580119308,1.5119019580015447,20.91486629119911,13.94324419413274,-17.429055242665928,-14.338268422050957,-21.507402633076435,31.372299436798667,23.90625,16.435546875,-20.302734375,-13.18359375,-19.6875,32.87109375,-35.15625,-13.18359375,26.3671875,-21.97265625,-39.55078125,-48.33984375,15.0,15.4,-16.8,6.4,12.9,9.4
1.5119330410088878,1.5158504160062876,20.811871899408366,13.874581266272244,-17.3432265828403,-14.404721263724866,-21.6070818955873,31.217807849112546,23.818359375,16.435546875,-20.21484375,-13.18359375,-19.775390625,32.783203125,-35.15625,-13.18359375,26.3671875,-21.97265625,-26.3671875,-48.33984375,15.0,16.2,-16.8,7.2,13.7,9.4
1.5158983330184128,1.5188547500001732,20.676885760286698,13.7845905068578,-17.230738133572252,-14.490861415328137,-21.736292122992207,31.01532864043005,23.73046875,16.34765625,-20.126953125,-13.271484375,-19.951171875,32.51953125,-35.15625,-13.18359375,26.3671875,-21.97265625,-26.3671875,-48.33984375,15.0,16.2,-16.9,8.0,12.8,9.8
1.5188842909992673,1.5218309579940978,20.57470827413111,13.716472182754071,-17.145590228442593,-14.555356088386631,-21.833034132579947,30.86206241119666,23.642578125,16.34765625,-20.0390625,-13.359375,-20.0390625,32.34375,-35.15625,-13.18359375,26.3671875,-21.97265625,-26.3671875,-48.33984375,15.0,17.0,-16.9,8.0,12.0,9.8
1.521857290994376,1.5248588749964256,20.47252451388502,13.648349675923345,-17.060437094904195,-14.619252755312875,-21.928879132969314,30.70878677082753,23.5546875,16.259765625,-19.951171875,-13.447265625,-20.21484375,32.255859375,-35.15625,-13.18359375,21.97265625,-21.97265625,-26.3671875,-48.33984375,15.3,16.2,-16.1,8.0,11.2,10.6
1.5248928749933839,1.52882087501348,20.36772904564205,13.578486030428035,-16.97310753803504,-14.684165523497438,-22.026248285246155,30.551593568463076,23.5546875,16.171875,-19.951171875,-13.447265625,-20.302734375,32.080078125,-35.15625,-13.18359375,21.97265625,-21.97265625,-26.3671875,-48.33984375,16.1,16.2,-16.9,8.0,12.0,10.5
1.5288596250175033,1.5318405000143684,20.23008995632477,13.486726637549847,-16.858408296937316,-14.768486875912624,-22.152730313868936,30.345134934487152,23.37890625,16.171875,-19.775390625,-13.623046875,-20.390625,31.904296875,-21.97265625,-13.18359375,21.97265625,-21.97265625,-26.3671875,-48.33984375,16.1,17.0,-16.9,6.4,12.7,9.7
1.5318735000037123,1.5347506660036743,20.12498854905437,13.416659032702912,-16.77082379087864,-14.832169780588117,-22.248254670882176,30.18748282358155,23.37890625,16.083984375,-19.775390625,-13.623046875,-20.478515625,31.640625,-21.97265625,-17.578125,21.97265625,-21.97265625,-35.15625,-48.33984375,16.9,17.0,-16.9,8.0,11.9,7.3
1.534776000014972,1.537975125014782,20.023344683866966,13.34889645591131,-16.68612056988914,-14.893185133119056,-22.339777699678585,30.035017025800446,23.291015625,15.99609375,-19.6875,-13.7109375,-20.56640625,31.552734375,-21.97265625,-17.578125,21.97265625,-21.97265625,-35.15625,-48.33984375,16.9,16.2,-16.9,8.0,11.9,7.7
1.5380041250027716,1.541792541014729,19.90980883590363,13.27320589060242,-16.591507363253033,-14.960681982639603,-22.441022973959406,29.864713253855445,23.203125,15.99609375,-19.599609375,-13.798828125,-20.7421875,31.376953125,-21.97265625,-17.578125,21.97265625,-21.97265625,-35.15625,-48.33984375,16.9,17.0,-16.9,7.2,12.0,7.7
1.54181883300771,1.5448851660185028,19.774982692942977,13.183321795295317,-16.47915224411915,-15.039947687465254,-22.55992153119788,29.662474039414466,23.02734375,15.908203125,-19.51171875,-13.88671875,-20.830078125,31.201171875,-21.97265625,-17.578125,21.97265625,-21.97265625,-35.15625,-48.33984375,16.1,17.0,-16.9,6.4,11.2,8.5
1.5449084580177441,1.547919583012117,19.665263069540767,13.110175379693844,-16.387719224617317,-15.103751239796996,-22.655626859695495,29.49789460431115,23.02734375,15.8203125,-19.423828125,-13.974609375,-20.91796875,31.025390625,-21.97265625,-17.578125,21.97265625,-21.97265625,-35.15625,-48.33984375,16.9,16.9,-16.9,7.2,12.0,9.8
1.5479394159920048,1.5518632080056705,19.557176758946017,13.038117839297346,-16.297647299121685,-15.165997600177716,-22.748996400266574,29.335765138419028,22.939453125,15.8203125,-19.3359375,-13.974609375,-21.005859375,30.9375,-26.3671875,-17.578125,21.97265625,-21.97265625,-35.15625,-48.33984375,16.9,17.7,-16.9,8.0,12.8,10.6
1.5518996659957338,1.5559662079904228,19.415283532196135,12.943522354797423,-16.17940294349679,-15.246810455005308,-22.87021568250796,29.122925298294202,22.763671875,15.732421875,-19.248046875,-14.0625,-21.09375,30.76171875,-26.3671875,-17.578125,21.97265625,-21.97265625,-30.76171875,-48.33984375,16.9,17.7,-17.7,8.0,12.8,10.6
1.555999458010774,1.55976037500659,19.267599172012925,12.845066114675284,-16.056332643344113,-15.329849200485327,-22.99477380072799,28.901398758019386,22.763671875,15.64453125,-19.16015625,-14.150390625,-21.26953125,30.498046875,-26.3671875,-17.578125,21.97265625,-21.97265625,-30.76171875,-48.33984375,17.7,17.7,-17.6,7.2,11.9,8.8
1.559813916013809,1.5627511249913368,19.129475507044837,12.752983671363225,-15.941229589204026,-15.406537816068317,-23.109806724102476,28.694213260567256,22.67578125,15.556640625,-19.072265625,-14.23828125,-21.357421875,30.322265625,-26.3671875,-17.578125,21.97265625,-21.97265625,-30.76171875,-48.33984375,18.5,17.7,-17.6,6.4,11.9,8.8
1.5627787499979604,1.565784666017862,19.021642602347473,12.681095068231649,-15.851368835289573,-15.465763087234679,-23.19864463085202,28.53246390352121,22.587890625,15.46875,-18.984375,-14.326171875,-21.4453125,30.146484375,-26.3671875,-17.578125,21.97265625,-21.97265625,-30.76171875,-48.33984375,18.6,17.7,-17.6,7.2,11.9,9.6
1.5658185830106959,1.5687262499995995,18.91065360872011,12.607102405813407,-15.758878007266752,-15.526138249073204,-23.289207373609806,28.365980413080162,22.5,15.46875,-18.896484375,-14.4140625,-21.533203125,29.970703125,-26.3671875,-17.578125,21.97265625,-21.97265625,-30.76171875,-48.33984375,18.6,17.6,-17.6,7.2,13.0,9.6
1.5687501660140697,1.5717567910032813,18.803208552713905,12.535472368475936,-15.669340460594917,-15.584028121739784,-23.376042182609677,28.20481282907086,22.412109375,15.380859375,-18.896484375,-14.501953125,-21.62109375,29.794921875,-21.97265625,-17.578125,21.97265625,-21.97265625,-30.76171875,-57.12890625,18.6,17.6,-18.4,6.4,12.2,9.6
1.5717788750189357,1.5747490829962771,18.691785010317837,12.461190006878557,-15.576487508598207,-15.643488856788622,-23.465233285182933,28.037677515476755,22.32421875,15.29296875,-18.80859375,-14.501953125,-21.708984375,29.70703125,-21.97265625,-21.97265625,21.97265625,-21.97265625,-30.76171875,-57.12890625,18.6,17.6,-18.4,7.2,12.2,10.4
1.5747789579909295,1.5778022080194205,18.580997502895595,12.387331668597064,-15.48416458574634,-15.702038534285034,-23.553057801427553,27.87149625434339,22.32421875,15.205078125,-18.720703125,-14.58984375,-21.796875,29.53125,-21.97265625,-21.97265625,21.97265625,-21.97265625,-30.76171875,-57.12890625,19.4,17.6,-18.4,6.4,12.8,10.5
1.577835000003688,1.580863875016803,18.467719287476125,12.311812858317417,-15.389766072896775,-15.761321776480862,-23.641982664721294,27.701578931214186,22.236328125,15.205078125,-18.6328125,-14.677734375,-21.884765625,29.267578125,-21.97265625,-21.97265625,21.97265625,-21.97265625,-30.76171875,-57.12890625,19.4,17.6,-18.4,6.4,12.0,9.7
1.5808914579974953,1.583864915999584,18.353999996299777,12.235999997533185,-15.294999996916484,-15.820249810302233,-23.73037471545335,27.530999994449665,22.236328125,15.1171875,-18.544921875,-14.677734375,-21.97265625,29.1796875,-21.97265625,-21.97265625,21.97265625,-21.97265625,-30.76171875,-57.12890625,21.0,17.6,-18.4,7.2,12.8,10.5
1.5838931660109665,1.5868695410026703,18.24190596557937,12.161270643719579,-15.201588304649476,-15.877767359745649,-23.816651039618474,27.362858948369055,22.1484375,15.029296875,-18.45703125,-14.765625,-22.060546875,29.00390625,-21.97265625,-21.97265625,26.3671875,-17.578125,-30.76171875,-57.12890625,21.1,17.6,-18.4,6.4,12.8,10.4
1.586894875013968,1.5899105000135023,18.129406346169503,12.086270897446337,-15.10783862180793,-15.934931935641945,-23.90239790346292,27.194109519254255,22.060546875,15.029296875,-18.369140625,-14.853515625,-22.1484375,28.828125,-21.97265625,-21.97265625,26.3671875,-17.578125,-30.76171875,-57.12890625,21.1,18.4,-18.4,6.4,12.0,10.4
1.589939541008789,1.5938662080152426,18.01488503038845,12.0099233535923,-15.012404191990386,-15.99255267431807,-23.988829011477105,27.022327545582677,21.97265625,14.94140625,-18.369140625,-14.94140625,-22.236328125,28.65234375,-21.97265625,-21.97265625,26.3671875,-17.578125,-30.76171875,-57.12890625,21.1,18.4,-19.2,6.4,12.8,10.4
1.5939004160172772,1.5978276249952614,17.865285350159297,11.91019023343953,-14.887737791799424,-16.06696513356774,-24.100447700351612,26.797928025238942,21.884765625,14.853515625,-18.193359375,-14.94140625,-22.32421875,28.388671875,-21.97265625,-21.97265625,26.3671875,-17.578125,-26.3671875,-57.12890625,21.9,18.4,-18.4,6.4,12.8,10.4
1.5978548749990296,1.6008728329907171,17.715238114253253,11.810158742835501,-14.762698428544388,-16.140636619075035,-24.21095492861255,26.57285717137988,21.884765625,14.765625,-18.10546875,-15.029296875,-22.412109375,28.212890625,-21.97265625,-21.97265625,26.3671875,-17.578125,-26.3671875,-57.12890625,22.7,18.4,-18.6,7.2,12.8,8.8
1.6009025830135215,1.6048597909975797,17.59912975804265,11.732753172028435,-14.665941465035553,-16.196990553934903,-24.295485830902358,26.398694637063976,21.708984375,14.677734375,-18.017578125,-15.1171875,-22.5,28.037109375,-21.97265625,-21.97265625,26.3671875,-17.578125,-26.3671875,-57.12890625,22.7,17.6,-18.6,6.4,12.8,8.8
1.6049089159932919,1.6089128330058884,17.445887547845434,11.630591698563622,-14.538239623204538,-16.270505116354034,-24.40575767453105,26.16883132176815,21.62109375,14.58984375,-17.9296875,-15.1171875,-22.67578125,27.7734375,-21.97265625,-21.97265625,26.3671875,-21.97265625,-26.3671875,-57.12890625,22.7,18.4,-19.4,7.2,11.9,9.3
1.6089620830025524,1.612912041018717,17.290150881691623,11.526767254461081,-14.408459068076354,-16.344223342254097,-24.51633501338115,25.93522632253743,21.4453125,14.501953125,-17.841796875,-15.29296875,-22.67578125,27.59765625,-26.3671875,-21.97265625,26.3671875,-21.97265625,-26.3671875,-52.734375,22.7,18.4,-19.4,5.6,13.5,9.3
1.612976291013183,1.616871833015466,17.135220355623762,11.423480237082508,-14.279350296353138,-16.416580011469666,-24.6248700172045,25.702830533435645,21.26953125,14.4140625,-17.666015625,-15.380859375,-22.8515625,27.333984375,-26.3671875,-21.97265625,26.3671875,-21.97265625,-26.3671875,-52.734375,21.9,18.4,-19.4,6.4,12.7,10.7
1.6169307910022326,1.6208605830033775,16.981928104538614,11.321285403025742,-14.15160675378219,-16.487222228842434,-24.73083334326365,25.47289215680792,21.09375,14.326171875,-17.578125,-15.380859375,-22.939453125,27.158203125,-26.3671875,-21.97265625,26.3671875,-21.97265625,-26.3671875,-52.734375,21.9,18.4,-19.2,6.4,12.9,10.7
1.6209104580048006,1.6248645829909947,16.82699877127544,11.217999180850295,-14.022498976062863,-16.55767176804886,-24.836507652073287,25.240498156913166,21.005859375,14.150390625,-17.490234375,-15.46875,-23.02734375,26.89453125,-26.3671875,-21.97265625,26.3671875,-17.578125,-26.3671875,-52.734375,22.4,17.6,-19.2,7.2,12.9,10.7
1.6249197910074145,1.6288874160090927,16.67024961364862,11.113499742432412,-13.891874678040505,-16.62799216607209,-24.94198824910814,25.005374420472926,20.830078125,14.0625,-17.40234375,-15.556640625,-23.203125,26.630859375,-26.3671875,-21.97265625,26.3671875,-17.578125,-26.3671875,-52.734375,21.6,17.7,-20.0,6.4,11.9,9.5
1.628939582995372,1.6328820830094628,16.512427779221195,11.008285186147464,-13.760356482684333,-16.69783390923644,-25.04675086385466,24.768641668831794,20.7421875,13.974609375,-17.2265625,-15.64453125,-23.291015625,26.455078125,-39.55078125,-21.97265625,26.3671875,-17.578125,-26.3671875,-57.12890625,22.4,17.7,-19.2,5.6,12.7,10.3
1.6329360830131918,1.6367522910004482,16.35486776491748,10.903245176611653,-13.629056470764569,-16.76661100576663,-25.149916508649945,24.53230164737622,20.56640625,13.88671875,-17.138671875,-15.732421875,-23.37890625,26.19140625,-39.55078125,-26.3671875,26.3671875,-17.578125,-26.3671875,-57.12890625,21.6,17.7,-19.2,6.4,12.7,9.7
1.6367821250169072,1.6397909579973202,16.202630816756233,10.801753877837488,-13.502192347296873,-16.83217493856996,-25.248262407854938,24.303946225134347,20.390625,13.798828125,-17.05078125,-15.8203125,-23.466796875,26.015625,-39.55078125,-26.3671875,26.3671875,-17.578125,-26.3671875,-57.12890625,21.6,17.7,-19.3,5.6,12.8,10.5
1.6398248329933267,1.6444824160134885,16.081772788467845,10.721181858978564,-13.401477323723206,-16.883609197879135,-25.3254137968187,24.122659182701767,20.302734375,13.7109375,-16.962890625,-15.8203125,-23.5546875,25.83984375,-39.55078125,-26.3671875,26.3671875,-17.578125,-26.3671875,-57.12890625,21.6,17.7,-20.1,7.2,12.8,11.3
1.6445180409937166,1.6497949580079876,15.894636657950867,10.59642443863391,-13.24553054829239,-16.962187038124593,-25.443280557186892,23.8419549869263,20.126953125,13.53515625,-16.787109375,-15.99609375,-23.73046875,25.48828125,-39.55078125,-26.3671875,26.3671875,-17.578125,-26.3671875,-57.12890625,22.4,17.5,-20.1,5.6,12.1,11.3
1.6498330830072518,1.6537382499955129,15.681663080837868,10.454442053891913,-13.068052567364893,-17.05006279583205,-25.575094193748075,23.522494621256804,19.951171875,13.53515625,-16.611328125,-15.99609375,-23.818359375,25.224609375,-35.15625,-26.3671875,26.3671875,-17.578125,-26.3671875,-57.12890625,21.6,18.3,-19.3,6.4,12.1,10.5
1.6537668330129236,1.656981750013074,15.523333134978438,10.348888756652293,-12.936110945815377,-17.114336139693982,-25.671504209540977,23.28499970246766,19.86328125,13.359375,-16.611328125,-16.083984375,-23.90625,24.9609375,-35.15625,-21.97265625,26.3671875,-17.578125,-26.3671875,-57.12890625,22.4,17.5,-20.9,5.6,12.1,8.6
1.6570085000130348,1.6607438329956494,15.392413188403445,10.261608792268964,-12.827010990336204,-17.166810565577645,-25.75021584836647,23.088619782605168,19.6875,13.359375,-16.5234375,-16.171875,-23.994140625,24.78515625,-35.15625,-21.97265625,26.3671875,-17.578125,-26.3671875,-57.12890625,21.6,18.3,-20.8,6.4,11.9,7.8
1.6607634579995647,1.6638779999921098,15.24026448747884,10.160176324985892,-12.700220406232368,-17.22703738444879,-25.840556076673185,22.86039673121826,19.599609375,13.271484375,-16.34765625,-16.259765625,-24.08203125,24.609375,-35.15625,-21.97265625,30.76171875,-21.97265625,-26.3671875,-57.12890625,22.4,18.3,-20.0,5.6,12.7,9.4
1.6638934579968918,1.6677618749963585,15.11303331497588,10.075355543317253,-12.594194429146569,-17.276782416750706,-25.915173625126055,22.66954997246382,19.51171875,13.18359375,-16.259765625,-16.259765625,-24.08203125,24.43359375,-35.15625,-21.97265625,30.76171875,-21.97265625,-26.3671875,-57.12890625,22.4,18.5,-20.0,5.6,12.7,10.4
1.667773916007718,1.671810625004582,14.954789951620356,9.969859967746903,-12.462324959683633,-17.33787450131987,-26.006811751979804,22.432184927430534,19.3359375,13.095703125,-16.171875,-16.34765625,-24.2578125,24.169921875,-35.15625,-21.97265625,30.76171875,-21.97265625,-26.3671875,-57.12890625,22.4,18.5,-20.0,6.4,13.0,10.4
1.6718273750157095,1.6758175830182154,14.788898439571842,9.859265626381227,-12.324082032976538,-17.401002307581525,-26.10150346137229,22.18334765935776,19.16015625,13.0078125,-16.083984375,-16.34765625,-24.345703125,23.994140625,-35.15625,-21.97265625,30.76171875,-21.97265625,-21.97265625,-57.12890625,22.4,18.5,-20.8,6.4,13.0,11.4
1.6758301249938086,1.6798053749953397,14.624493866613113,9.749662577742075,-12.187078222177597,-17.462648127365327,-26.193972191047987,21.93674079991967,18.984375,12.83203125,-15.908203125,-16.435546875,-24.43359375,23.73046875,-35.15625,-21.97265625,30.76171875,-21.97265625,-21.97265625,-57.12890625,21.6,18.5,-20.1,5.6,12.6,11.4
1.6798164999927394,1.682871333003277,14.460187251588042,9.640124834392028,-12.050156042990027,-17.523355648315142,-26.285033472472712,21.69028087738206,18.896484375,12.744140625,-15.8203125,-16.5234375,-24.521484375,23.5546875,-35.15625,-21.97265625,30.76171875,-21.97265625,-21.97265625,-57.12890625,22.4,18.5,-20.9,6.4,12.6,11.4
1.6828838330111466,1.6868177080177702,14.333374521053804,9.555583014035868,-11.94447876754485,-17.569599689858304,-26.354399534787454,21.500061781580705,18.80859375,12.744140625,-15.732421875,-16.611328125,-24.609375,23.291015625,-35.15625,-21.97265625,26.3671875,-13.18359375,-21.97265625,-57.12890625,22.5,19.3,-20.9,5.6,11.8,11.2
1.6868316250038333,1.6908116250124294,14.169671676795659,9.44644778453044,-11.808059730663043,-17.62851735836398,-26.442776037545965,21.254507515193488,18.6328125,12.65625,-15.556640625,-16.611328125,-24.697265625,23.02734375,-35.15625,-21.97265625,26.3671875,-13.18359375,-21.97265625,-57.12890625,22.5,19.3,-20.1,5.6,12.8,10.4
1.690824374993099,1.6939245829998981,14.003550355971226,9.33570023731415,-11.66962529664269,-17.68741646140025,-26.531124692100374,21.00532553395684,18.45703125,12.568359375,-15.46875,-16.69921875,-24.78515625,22.8515625,-35.15625,-21.97265625,26.3671875,-13.18359375,-26.3671875,-57.12890625,22.5,19.3,-20.9,6.4,12.8,12.0
1.6939507499919273,1.6978297909954563,13.873090361889936,9.248726907926624,-11.560908634908273,-17.733049669546244,-26.599574504319364,20.809635542834904,18.369140625,12.48046875,-15.380859375,-16.69921875,-24.78515625,22.67578125,-35.15625,-26.3671875,26.3671875,-13.18359375,-26.3671875,-57.12890625,22.5,19.3,-20.9,6.4,12.8,12.0
1.6978420829982497,1.7018267910170835,13.710242532589486,9.140161688392991,-11.425202110491233,-17.789250808002937,-26.683876212004407,20.56536379888423,18.28125,12.3046875,-15.29296875,-16.787109375,-24.873046875,22.32421875,-35.15625,-26.3671875,26.3671875,-13.18359375,-26.3671875,-57.12890625,23.3,18.5,-20.8,6.4,13.7,11.2
1.7018473749922123,1.7058146659983322,13.542090742589803,9.028060495059869,-11.285075618824848,-17.846403662854296,-26.769605494281443,20.313136113884703,18.10546875,12.216796875,-15.1171875,-16.875,-24.9609375,22.1484375,-35.15625,-26.3671875,30.76171875,-17.578125,-26.3671875,-57.12890625,23.1,18.5,-20.8,5.6,12.9,12.1
1.7058271660062019,1.708849624992581,13.374478605331477,8.916319070220984,-11.145398837776224,-17.902492961540684,-26.853739442311024,20.061717907997217,17.9296875,12.12890625,-15.029296875,-16.962890625,-25.13671875,21.884765625,-35.15625,-26.3671875,30.76171875,-17.578125,-26.3671875,-57.12890625,22.3,18.4,-20.8,4.8,12.9,12.1
1.7088620830036234,1.7127837910084054,13.246308986614622,8.83087265774308,-11.038590822178843,-17.94479557149442,-26.91719335724163,19.869463479921933,17.841796875,12.041015625,-14.94140625,-16.962890625,-25.13671875,21.62109375,-35.15625,-26.3671875,30.76171875,-17.578125,-26.3671875,-65.91796875,23.1,18.4,-21.6,6.4,12.9,11.3
1.7127979999931995,1.7158468330162577,13.079640694173698,8.719760462782466,-10.899700578478084,-17.99904934910996,-26.998574023664943,19.619461041260546,17.666015625,11.953125,-14.765625,-17.05078125,-25.224609375,21.357421875,-35.15625,-21.97265625,30.76171875,-17.578125,-21.97265625,-65.91796875,23.1,19.2,-20.8,5.6,12.9,11.1
1.7158624580188189,1.7198037909984123,12.949528261425915,8.63301884095061,-10.791273551188278,-18.04081444092233,-27.06122166138349,19.424292392138874,17.578125,11.865234375,-14.677734375,-17.05078125,-25.3125,21.181640625,-35.15625,-21.97265625,30.76171875,-17.578125,-21.97265625,-65.91796875,23.1,19.2,-20.8,5.6,11.8,11.1
1.719818415993359,1.7238039580115583,12.781120782313586,8.520747188209057,-10.650933985261323,-18.09411139997285,-27.141167099959276,19.17168117347038,17.40234375,11.77734375,-14.58984375,-17.138671875,-25.400390625,20.91796875,-35.15625,-21.97265625,30.76171875,-17.578125,-21.97265625,-65.91796875,23.1,19.2,-21.6,5.6,11.8,11.1
1.7238183330046013,1.726855415996397,12.61034018212805,8.406893454752034,-10.508616818440045,-18.14729022307318,-27.22093533460977,18.915510273192076,17.2265625,11.689453125,-14.4140625,-17.2265625,-25.48828125,20.654296875,-35.15625,-21.97265625,35.15625,-13.18359375,-21.97265625,-65.91796875,22.5,19.2,-20.8,5.6,12.6,11.1
1.726869500009343,1.7307777499954682,12.47973238615017,8.319821590766779,-10.399776988458488,-18.18737388128948,-27.281060821934222,18.719598579225252,17.138671875,11.6015625,-14.326171875,-17.2265625,-25.576171875,20.478515625,-39.55078125,-21.97265625,35.15625,-13.18359375,-21.97265625,-65.91796875,23.3,19.2,-20.8,5.6,12.1,11.1
1.7307932080002502,1.7338663749978878,12.311353798856441,8.207569199237629,-10.259461499047028,-18.238306057299454,-27.35745908594918,18.467030698284663,16.962890625,11.513671875,-14.150390625,-17.314453125,-25.576171875,20.21484375,-39.55078125,-21.97265625,35.15625,-13.18359375,-17.578125,-65.91796875,23.3,19.2,-20.8,4.8,12.9,11.1
1.7338810829969589,1.7378213329939172,12.17851425666918,8.119009504446119,-10.148761880557652,-18.277901538927097,-27.416852308390645,18.26777138500377,16.875,11.42578125,-14.150390625,-17.314453125,-25.576171875,20.0390625,-39.55078125,-26.3671875,35.15625,-13.18359375,-17.578125,-65.91796875,23.3,19.2,-21.6,6.4,12.8,11.3
1.7378355830151122,1.7418084579985589,12.00797474812795,8.005316498751966,-10.006645623439962,-18.327981551573252,-27.491972327359882,18.011962122191925,16.69921875,11.337890625,-13.974609375,-17.40234375,-25.6640625,19.775390625,-39.55078125,-26.3671875,35.15625,-13.18359375,-17.578125,-65.91796875,23.3,19.2,-21.6,5.6,13.6,10.5
1.7418255830125418,1.7458064579986967,11.835434719107209,7.890289812738139,-9.862862265922665,-18.377794390813087,-27.566691586219626,17.753152078660815,16.5234375,11.25,-13.88671875,-17.490234375,-25.751953125,19.51171875,-39.55078125,-26.3671875,30.76171875,-13.18359375,-17.578125,-65.91796875,23.2,20.0,-21.6,5.6,13.6,10.3
1.7458235410158522,1.7497990000119898,11.662084264431137,7.774722842954091,-9.718403553692628,-18.426982517906932,-27.640473776860397,17.493126396646705,16.435546875,11.162109375,-13.7109375,-17.490234375,-25.83984375,19.248046875,-39.55078125,-26.3671875,30.76171875,-13.18359375,-17.578125,-65.91796875,23.2,20.1,-21.6,5.6,13.7,10.3
1.749815374991158,1.7528296250093263,11.488540469640446,7.659026979760297,-9.573783724700375,-18.475370245905868,-27.713055368858804,17.232810704460668,16.259765625,10.986328125,-13.623046875,-17.578125,-25.927734375,18.984375,-39.55078125,-26.3671875,30.76171875,-13.18359375,-17.578125,-61.5234375,23.2,19.3,-21.6,4.8,12.9,10.3
1.7528446250071283,1.7568051659909543,11.35654291145341,7.571028607635607,-9.463785759544521,-18.511605166013105,-27.767407749019657,17.034814367180115,16.083984375,10.8984375,-13.447265625,-17.578125,-25.927734375,18.80859375,-39.55078125,-26.3671875,30.76171875,-13.18359375,-17.578125,-61.5234375,23.2,19.3,-20.8,5.6,12.9,11.3
1.756826083001215,1.7609339159971569,11.182662925732412,7.455108617154941,-9.31888577144368,-18.55859249798923,-27.837888746983847,16.77399438859862,15.99609375,10.810546875,-13.359375,-17.666015625,-26.015625,18.544921875,-39.55078125,-26.3671875,30.76171875,-13.18359375,-17.578125,-61.5234375,23.2,20.1,-21.7,4.8,13.5,11.3
1.7609503330022562,1.7648133750190027,11.002085750307163,7.334723833538108,-9.168404791922628,-18.60649957100282,-27.909749356504232,16.503128625460743,15.8203125,10.72265625,-13.18359375,-17.666015625,-26.19140625,18.28125,-39.55078125,-26.3671875,35.15625,-13.18359375,-17.578125,-61.5234375,23.2,20.1,-20.9,5.6,12.7,11.3
1.764829791005468,1.7688114579941612,10.831805021236423,7.221203347490949,-9.026504184363688,-18.650850442116184,-27.976275663174277,16.247707531854633,15.64453125,10.634765625,-13.095703125,-17.75390625,-26.279296875,18.10546875,-39.55078125,-26.3671875,35.15625,-13.18359375,-17.578125,-61.5234375,23.2,19.9,-21.7,4.8,12.8,9.6
1.768841875018552,1.7727755829982925,10.65527992745874,7.10351995163916,-8.879399939548954,-18.695988989531,-28.0439834842965,15.98291989118811,15.46875,10.458984375,-12.919921875,-17.75390625,-26.3671875,17.841796875,-39.55078125,-26.3671875,35.15625,-13.18359375,-17.578125,-65.91796875,23.2,19.1,-20.9,5.6,12.0,8.8
1.7727911660040263,1.7758305830066092,10.481104273499682,6.987402848999787,-8.734253561249737,-18.7396958733537,-28.109543810030548,15.721656410249523,15.29296875,10.37109375,-12.83203125,-17.841796875,-26.455078125,17.578125,-39.55078125,-26.3671875,35.15625,-13.18359375,-21.97265625,-65.91796875,23.2,19.9,-21.7,4.8,12.0,9.4
1.7758483749930747,1.7788339999970049,10.345994805640379,6.897329870426919,-8.621662338033643,-18.773034934674698,-28.15955240201205,15.518992208460569,15.205078125,10.283203125,-12.744140625,-17.841796875,-26.455078125,17.40234375,-39.55078125,-26.3671875,35.15625,-13.18359375,-21.97265625,-65.91796875,23.2,19.9,-21.6,5.6,12.7,10.2
1.7788469580118544,1.7818533329991624,10.21324444283119,6.808829628554126,-8.511037035692672,-18.80531411833696,-28.207971177505435,15.319866664246783,15.1171875,10.1953125,-12.65625,-17.9296875,-26.54296875,17.2265625,-39.55078125,-26.3671875,35.15625,-13.18359375,-21.97265625,-65.91796875,24.0,19.9,-21.6,4.8,11.9,11.0
1.7818670830165502,1.7857569580082782,10.079311366741988,6.719540911161326,-8.39942613895167,-18.83740348198841,-28.256105222982615,15.118967050112984,14.94140625,10.107421875,-12.568359375,-17.9296875,-26.630859375,17.05078125,-39.55078125,-26.3671875,30.76171875,-13.18359375,-21.97265625,-65.91796875,23.3,19.9,-22.4,5.6,11.1,12.3
1.785770082991803,1.788790374994278,9.905889988159705,6.603926658773137,-8.254908323466413,-18.878245487479646,-28.31736823121947,14.858834982239559,14.853515625,10.107421875,-12.392578125,-18.017578125,-26.71875,16.787109375,-39.55078125,-26.3671875,30.76171875,-13.18359375,-21.97265625,-65.91796875,24.1,20.9,-21.6,4.8,11.2,12.3
1.7888017910008784,1.7917776250105817,9.770925320487455,6.513950213658304,-8.142437767072872,-18.909480495613334,-28.36422074342,14.656387980731184,14.677734375,9.931640625,-12.3046875,-18.017578125,-26.71875,16.611328125,-39.55078125,-26.3671875,30.76171875,-13.18359375,-21.97265625,-57.12890625,23.3,20.1,-21.6,4.8,11.2,13.1
1.7917900000174996,1.7947275830083527,9.637680270218953,6.425120180145968,-8.031400225182473,-18.939847693967366,-28.409771540951045,14.456520405328428,14.58984375,9.84375,-12.216796875,-18.10546875,-26.806640625,16.435546875,-39.55078125,-30.76171875,30.76171875,-13.18359375,-17.578125,-57.12890625,24.1,20.1,-22.4,4.8,11.2,12.9
1.7947431660140865,1.7977972910157405,9.505789166254624,6.337192777503083,-7.921490971878857,-18.969448798021592,-28.454173197032386,14.258683749381937,14.4140625,9.755859375,-12.12890625,-18.10546875,-26.89453125,16.171875,-39.55078125,-30.76171875,30.76171875,-13.18359375,-17.578125,-57.12890625,23.3,20.1,-22.5,4.8,11.2,12.9
1.7978107079979964,1.8007291250105482,9.368573376137249,6.245715584091499,-7.807144480114377,-18.999764125973684,-28.499646188960526,14.052860064205873,14.326171875,9.66796875,-11.953125,-18.10546875,-26.89453125,15.99609375,-39.55078125,-30.76171875,30.76171875,-13.18359375,-17.578125,-57.12890625,24.1,20.1,-21.7,4.8,11.2,12.9
1.8007406250108033,1.8037502910010517,9.237310616793955,6.158207077862637,-7.697758847328311,-19.028307480860256,-28.542461221290385,13.855965925190935,14.150390625,9.580078125,-11.865234375,-18.193359375,-26.89453125,15.732421875,-39.55078125,-30.76171875,35.15625,-8.7890625,-17.578125,-57.12890625,23.1,20.1,-21.7,4.8,12.0,12.1
1.8037613749911543,1.8068412909924518,9.101773644295022,6.067849096196682,-7.584811370245855,-19.057313749471227,-28.58597062420684,13.652660466442534,14.0625,9.580078125,-11.77734375,-18.193359375,-26.982421875,15.46875,-39.55078125,-30.76171875,35.15625,-8.7890625,-17.578125,-57.12890625,23.9,20.8,-21.7,4.8,11.1,11.1
1.8068535409984179,1.8098081249918323,8.962820106773929,5.975213404515953,-7.469016755644955,-19.086561365801142,-28.629842048701715,13.444230160160895,13.88671875,9.4921875,-11.689453125,-18.193359375,-26.982421875,15.29296875,-39.55078125,-30.76171875,35.15625,-8.7890625,-17.578125,-57.12890625,23.1,20.8,-22.5,4.8,11.9,11.1
1.8098222910193726,1.812811125011649,8.829213547348896,5.886142364899264,-7.357677956124083,-19.114217955755816,-28.671326933633726,13.243820321023344,13.798828125,9.31640625,-11.513671875,-18.28125,-27.0703125,15.029296875,-39.55078125,-30.76171875,35.15625,-8.7890625,-17.578125,-74.70703125,23.9,20.0,-21.7,4.8,11.1,10.3
1.8128238749923185,1.8158356249914505,8.693934129189111,5.795956086126074,-7.244945107657596,-19.14175783588587,-28.712636753828807,13.040901193783666,13.7109375,9.228515625,-11.42578125,-18.28125,-27.0703125,14.853515625,-39.55078125,-26.3671875,35.15625,-8.7890625,-17.578125,-74.70703125,23.9,20.0,-21.7,4.8,11.9,11.0
1.8158478749974165,1.818767165997997,8.557449006012618,5.704966004008412,-7.131207505010517,-19.169073083827193,-28.753609625740793,12.836173509018925,13.53515625,9.140625,-11.337890625,-18.28125,-27.158203125,14.677734375,-39.55078125,-26.3671875,35.15625,-8.7890625,-17.578125,-74.70703125,23.9,20.0,-22.4,4.8,11.2,11.0
1.8187792910030112,1.8217702500114683,8.4249582287691,5.6166388191794,-7.020798523974242,-19.195139186129573,-28.79270877919436,12.637437343153652,13.447265625,9.052734375,-11.337890625,-18.28125,-27.158203125,14.4140625,-39.55078125,-26.3671875,35.15625,-8.7890625,-17.578125,-74.70703125,23.9,20.0,-22.4,5.6,12.0,10.2
1.8217824159946758,1.8246660830045585,8.28904121375302,5.526027475835347,-6.907534344794186,-19.221420871941618,-28.832131307912427,12.43356182062953,13.359375,9.052734375,-11.162109375,-18.369140625,-27.158203125,14.23828125,-39.55078125,-26.3671875,30.76171875,-13.18359375,-17.578125,-74.70703125,24.9,20.8,-22.4,4.8,12.0,11.3
1.8246784580114763,1.8277539160044398,8.157795876021241,5.438530584014161,-6.798163230017715,-19.246360307516394,-28.86954046127459,12.236693814031861,13.271484375,8.96484375,-11.07421875,-18.369140625,-27.158203125,14.0625,-39.55078125,-26.3671875,30.76171875,-13.18359375,-17.578125,-74.70703125,24.9,20.8,-22.4,4.8,13.0,11.3
1.8277843329997268,1.8307447080151178,8.01685360919378,5.344569072795853,-6.680711340994819,-19.272664097786638,-28.908996146679957,12.025280413790668,13.095703125,8.7890625,-10.8984375,-18.369140625,-27.24609375,13.88671875,-39.55078125,-26.3671875,30.76171875,-13.18359375,-17.578125,-65.91796875,24.1,20.0,-21.6,5.6,12.2,12.1
1.830761374993017,1.8337194159976207,7.881578537205046,5.254385691470031,-6.567982114337541,-19.29744623014338,-28.946169345215072,11.822367805807568,13.0078125,8.701171875,-10.810546875,-18.45703125,-27.24609375,13.7109375,-39.55078125,-30.76171875,30.76171875,-13.18359375,-8.7890625,-65.91796875,24.9,20.0,-22.4,4.8,12.2,12.1
1.833732625003904,1.8367956659931224,7.746394796015041,5.16426319734336,-6.455328996679204,-19.321759382327606,-28.982639073491413,11.61959219402256,12.919921875,8.61328125,-10.72265625,-18.45703125,-27.333984375,13.53515625,-39.55078125,-30.76171875,30.76171875,-13.18359375,-8.7890625,-65.91796875,24.9,20.0,-22.4,4.8,11.9,12.1
1.8368099160143174,1.8397171660035383,7.606208636339513,5.070805757559675,-6.338507196949599,-19.34649655542573,-29.019744833138596,11.40931295450927,12.83203125,8.525390625,-10.634765625,-18.45703125,-27.333984375,13.271484375,-39.55078125,-30.76171875,30.76171875,-13.18359375,-8.7890625,-65.91796875,25.7,20.0,-22.4,5.6,11.9,11.3
1.8397292500012554,1.8427362910006195,7.473053892007308,4.982035928004872,-6.227544910006104,-19.369546148840673,-29.05431922326101,11.209580838010963,12.65625,8.525390625,-10.458984375,-18.544921875,-27.333984375,13.095703125,-39.55078125,-30.76171875,39.55078125,-8.7890625,-8.7890625,-65.91796875,24.9,20.8,-21.6,4.8,12.7,11.3
1.8427470000169706,1.8458191660174634,7.33524511119392,4.890163407462613,-6.112704259328259,-19.392944640985124,-29.08941696147769,11.00286766679088,12.568359375,8.349609375,-10.37109375,-18.544921875,-27.333984375,12.83203125,-39.55078125,-30.76171875,39.55078125,-8.7890625,-8.7890625,-65.91796875,25.7,20.0,-22.4,4.8,12.7,11.1
1.8458288749970961,1.848792125005275,7.194337903326347,4.796225268884232,-5.995281586105303,-19.416390580386363,-29.124585870579544,10.791506854989521,12.48046875,8.26171875,-10.283203125,-18.544921875,-27.421875,12.65625,-35.15625,-30.76171875,39.55078125,-8.7890625,-8.7890625,-65.91796875,25.7,20.0,-22.4,4.8,12.9,11.1
1.848801165993791,1.8518302910088096,7.058281261285064,4.7055208408567095,-5.88190105107089,-19.43857179980729,-29.15785769971093,10.587421891927596,12.3046875,8.173828125,-10.1953125,-18.6328125,-27.421875,12.392578125,-35.15625,-30.76171875,39.55078125,-8.7890625,-8.7890625,-65.91796875,25.7,20.0,-22.4,4.8,12.9,11.1
1.8518392500118352,1.8557379580161069,6.919053961395816,4.612702640930545,-5.7658783011631725,-19.460806107310983,-29.191209160966476,10.378580942093725,12.216796875,8.0859375,-10.107421875,-18.6328125,-27.421875,12.216796875,-35.15625,-26.3671875,39.55078125,-8.7890625,-8.7890625,-65.91796875,25.7,20.0,-22.4,4.8,12.9,12.1
1.8557467499922495,1.8588005409983452,6.739752421780239,4.4931682811868265,-5.616460351483525,-19.488751596675883,-29.233127395013824,10.10962863267036,12.041015625,7.998046875,-9.931640625,-18.720703125,-27.509765625,11.953125,-35.15625,-26.3671875,39.55078125,-8.7890625,-8.7890625,-65.91796875,25.7,20.0,-22.4,4.0,12.8,12.1
1.8588102080102544,1.8618730829912238,6.599003117486899,4.399335411657932,-5.499169264572418,-19.510147306869122,-29.265220960303687,9.898504676230349,11.953125,7.91015625,-9.84375,-18.720703125,-27.509765625,11.77734375,-35.15625,-26.3671875,39.55078125,-8.7890625,-8.7890625,-65.91796875,26.5,20.0,-22.4,4.0,12.8,12.1
1.8618824160075746,1.8657811660086736,6.457698340602506,4.305132227068337,-5.381415283835436,-19.53115041433703,-29.296725621505544,9.68654751090376,11.77734375,7.822265625,-9.755859375,-18.720703125,-27.59765625,11.6015625,-35.15625,-26.3671875,35.15625,-8.7890625,-8.7890625,-65.91796875,25.7,20.0,-23.2,4.8,12.8,12.1
1.8657964160083793,1.8698009999934584,6.277458322375757,4.184972214917171,-5.231215268646457,-19.55724948862624,-29.33587423293936,9.416187483563636,11.6015625,7.646484375,-9.580078125,-18.720703125,-27.59765625,11.25,-43.9453125,-26.3671875,35.15625,-8.7890625,-8.7890625,-65.91796875,25.7,19.1,-22.4,4.8,12.8,11.3
1.8698127499956172,1.8728625410003588,6.0922592091352445,4.061506139423496,-5.0768826742793625,-19.583262442183255,-29.374893663274882,9.138388813702868,11.42578125,7.55859375,-9.4921875,-18.80859375,-27.685546875,11.07421875,-43.9453125,-26.3671875,35.15625,-8.7890625,-13.18359375,-65.91796875,25.7,19.9,-23.2,4.8,12.0,12.1
1.8728735000186134,1.8767512500053272,5.950960290570156,3.967306860380104,-4.959133575475132,-19.602563002719336,-29.403844504079007,8.926440435855234,11.337890625,7.470703125,-9.404296875,-18.80859375,-27.685546875,10.810546875,-43.9453125,-30.76171875,35.15625,-8.7890625,-13.18359375,-65.91796875,26.5,19.9,-23.2,4.8,12.8,11.9
1.8767612499941606,1.8798162500024773,5.77128517885606,3.847523452570707,-4.809404315713387,-19.626425127412233,-29.439637691118353,8.65692776828409,11.162109375,7.3828125,-9.228515625,-18.80859375,-27.685546875,10.546875,-43.9453125,-30.76171875,35.15625,-8.7890625,-13.18359375,-65.91796875,26.5,19.9,-23.2,4.8,12.8,11.9
1.8798259579925798,1.8828074999910314,5.629495492022094,3.7529969946813955,-4.691246243351748,-19.64471973732159,-29.467079605982384,8.44424323803314,11.07421875,7.20703125,-9.052734375,-18.896484375,-27.7734375,10.283203125,-43.9453125,-30.76171875,35.15625,-8.7890625,-13.18359375,-65.91796875,26.5,19.1,-22.4,4.0,12.8,11.1
1.8828171250061132,1.885812624997925,5.490982372360835,3.660654914907224,-4.575818643634032,-19.66213634359109,-29.493204515386637,8.236473558541253,10.8984375,7.119140625,-8.96484375,-18.896484375,-27.7734375,10.107421875,-43.9453125,-30.76171875,35.15625,-8.7890625,-13.18359375,-65.91796875,26.5,19.2,-22.4,4.0,12.8,11.9
1.8858250000048429,1.8888300410180818,5.351573318916472,3.567715545944315,-4.459644432430396,-19.679212529550753,-29.518818794326126,8.027359978374708,10.810546875,7.03125,-8.876953125,-18.896484375,-27.7734375,9.84375,-39.55078125,-30.76171875,35.15625,-8.7890625,-13.18359375,-65.91796875,26.5,19.2,-23.2,4.8,12.8,11.1
1.8888409580104053,1.8916691250051372,5.211669690108949,3.474446460072633,-4.3430580750907835,-19.695893526217308,-29.54384028932596,7.817504535163423,10.72265625,6.943359375,-8.7890625,-18.896484375,-27.7734375,9.66796875,-39.55078125,-30.76171875,35.15625,-8.7890625,-13.18359375,-70.3125,27.3,19.2,-23.2,4.8,13.6,11.9
1.8916854580165818,1.8947377080039587,5.079612382175235,3.3864082547834897,-4.2330103184793755,-19.711221147659373,-29.566831721489063,7.619418573262851,10.546875,6.943359375,-8.701171875,-18.984375,-27.861328125,9.4921875,-39.55078125,-30.76171875,35.15625,-8.7890625,-4.39453125,-70.3125,26.5,20.0,-23.2,4.0,12.8,12.1
1.8947489999991376,1.8978160830156412,4.937272594251361,3.291515062834241,-4.114393828542815,-19.72728893160779,-29.59093339741169,7.405908891377043,10.37109375,6.767578125,-8.525390625,-18.984375,-27.861328125,9.31640625,-39.55078125,-30.76171875,35.15625,-8.7890625,-4.39453125,-70.3125,26.5,19.2,-22.5,4.0,12.8,12.1
1.8978253329987638,1.90085641600308,4.794223457844307,3.196148971896205,-3.9951862148702597,-19.742964107485147,-29.614446161227722,7.191335186766461,10.283203125,6.6796875,-8.4375,-18.984375,-27.861328125,9.052734375,-39.55078125,-30.76171875,35.15625,-8.7890625,-4.39453125,-70.3125,26.5,19.2,-23.3,4.0,12.8,12.1
1.9008660000108648,1.904808541003149,4.652722762529851,3.1018151750199,-3.877268968774878,-19.758004520194245,-29.63700678029137,6.9790841437947755,10.107421875,6.591796875,-8.349609375,-18.984375,-27.861328125,8.876953125,-39.55078125,-30.76171875,30.76171875,0.0,-4.39453125,-70.3125,26.4,19.2,-23.3,4.0,13.6,12.0
1.9048194579954725,1.907778499997221,4.468586127056904,2.979057418037936,-3.7238217725474336,-19.77688592524195,-29.665328887862923,6.702879190585356,10.01953125,6.50390625,-8.26171875,-19.072265625,-27.94921875,8.61328125,-39.55078125,-30.76171875,30.76171875,0.0,-4.39453125,-70.3125,27.2,20.0,-24.1,4.0,12.9,12.0
1.9077884159923997,1.9107802080106921,4.33018996624016,2.886793310826773,-3.6084916385334695,-19.79056402381109,-29.685846035716636,6.495284949360239,9.84375,6.416015625,-8.0859375,-19.072265625,-27.94921875,8.349609375,-43.9453125,-30.76171875,30.76171875,0.0,-4.39453125,-70.3125,26.4,20.0,-23.3,4.0,12.9,11.2
1.910789957997622,1.913782290997915,4.190179197941031,2.7934527986273543,-3.4918159982841854,-19.80395469248102,-29.70593203872153,6.285268796911548,9.755859375,6.328125,-7.998046875,-19.072265625,-27.94921875,8.173828125,-43.9453125,-30.76171875,30.76171875,0.0,-8.7890625,-70.3125,27.2,20.0,-23.3,4.0,13.7,12.0
1.913791625003796,1.9168527080037165,4.050069447854741,2.7000462985698275,-3.3750578732122767,-19.816905661217127,-29.72535849182569,6.075104171782112,9.580078125,6.240234375,-7.91015625,-19.072265625,-28.037109375,7.998046875,-43.9453125,-30.76171875,30.76171875,0.0,-8.7890625,-70.3125,26.4,20.0,-24.1,4.0,12.8,12.0
1.9168621659919154,1.9208186250180006,3.906651709276769,2.604434472851179,-3.2555430910639656,-19.829697957271677,-29.74454693590751,5.8599775639151535,9.4921875,6.15234375,-7.822265625,-19.16015625,-28.037109375,7.734375,-43.9453125,-30.76171875,30.76171875,0.0,-8.7890625,-70.3125,27.2,20.0,-24.1,3.2,12.8,12.0
1.9208280830061994,1.9237737079965882,3.7212790486584657,2.4808526991056437,-3.1010658738820687,-19.845537782719322,-29.768306674078985,5.581918572987698,9.228515625,5.9765625,-7.646484375,-19.16015625,-28.037109375,7.470703125,-43.9453125,-30.76171875,35.15625,-8.7890625,-8.7890625,-70.3125,26.4,19.2,-24.1,4.0,12.8,12.0
1.923784083017381,1.92669933300931,3.583017026833547,2.3886780178890312,-2.9858475223613032,-19.856843085617957,-29.785264628426937,5.37452554025032,9.140625,5.888671875,-7.55859375,-19.16015625,-28.037109375,7.294921875,-43.9453125,-30.76171875,35.15625,-8.7890625,-8.7890625,-70.3125,26.4,19.3,-24.1,4.0,12.7,12.0
1.9267097499978263,1.929810625006212,3.4460977077116848,2.29739847180779,-2.8717480897597407,-19.86761083426327,-29.801416251394905,5.169146561567527,9.052734375,5.80078125,-7.3828125,-19.16015625,-28.125,7.03125,-43.9453125,-30.76171875,35.15625,-8.7890625,-8.7890625,-70.3125,27.2,19.3,-23.3,4.0,12.7,12.0
1.929821041005198,1.9328890000178944,3.300411517764535,2.2002743451763567,-2.7503429314704486,-19.87860137952262,-29.817902069283935,4.950617276646802,8.876953125,5.712890625,-7.294921875,-19.16015625,-28.125,6.85546875,-43.9453125,-30.76171875,35.15625,-8.7890625,-8.7890625,-70.3125,26.4,19.3,-23.3,4.0,12.7,12.0
1.9328993750095833,1.9366890829987824,3.156190945961409,2.1041272973076057,-2.6301591216345104,-19.88900822858508,-29.83351234287762,4.734286418942113,8.701171875,5.625,-7.20703125,-19.16015625,-28.125,6.6796875,-43.9453125,-30.76171875,35.15625,-8.7890625,-8.7890625,-70.3125,26.4,19.3,-24.1,4.0,12.8,12.8
1.9366993750154506,1.9398178330156952,2.9780587648241093,1.9853725098827395,-2.4817156373534384,-19.90121343026605,-29.851820145399078,4.467088147236164,8.525390625,5.537109375,-7.119140625,-19.16015625,-28.212890625,6.328125,-43.9453125,-30.76171875,35.15625,-8.7890625,-8.7890625,-70.3125,26.4,20.1,-24.0,4.0,12.0,11.2
1.9398280830064323,1.942873291001888,2.831314739686051,1.8875431597907006,-2.359428949738368,-19.910730293485656,-29.86609544022848,4.246972109529076,8.4375,5.44921875,-6.943359375,-19.248046875,-28.212890625,6.15234375,-43.9453125,-30.76171875,39.55078125,0.0,-8.7890625,-70.3125,27.3,20.1,-24.0,3.2,12.0,12.0
1.9428837079904042,1.946701708016917,2.687932451939425,1.7919549679596167,-2.2399437099495128,-19.919560672685652,-29.87934100902848,4.031898677909138,8.26171875,5.361328125,-6.85546875,-19.248046875,-28.212890625,5.888671875,-43.9453125,-30.76171875,39.55078125,0.0,-8.7890625,-70.3125,26.5,20.0,-24.0,3.2,12.8,12.0
1.9467125000082888,1.9497714579920284,2.50818302300713,1.6721220153380865,-2.0901525191726,-19.929977620805843,-29.894966431208765,3.7622745345106945,8.0859375,5.185546875,-6.6796875,-19.248046875,-28.212890625,5.625,-43.9453125,-30.76171875,39.55078125,0.0,-8.7890625,-70.3125,26.5,19.2,-24.0,4.0,12.8,12.0
1.9497823750134557,1.95277945799171,2.3639964562145,1.5759976374763336,-1.9699970468454089,-19.937809093445274,-29.90671364016791,3.5459946843217502,7.91015625,5.09765625,-6.591796875,-19.248046875,-28.30078125,5.44921875,-43.9453125,-30.76171875,39.55078125,0.0,-4.39453125,-70.3125,26.5,19.2,-24.0,4.0,12.0,12.0
1.9527917499945033,1.9558022909914143,2.2225980906727134,1.4817320604484756,-1.8521650755605867,-19.945036227117743,-29.917554340676613,3.3338971360090706,7.822265625,5.009765625,-6.50390625,-19.248046875,-28.30078125,5.185546875,-43.9453125,-30.76171875,39.55078125,0.0,-4.39453125,-70.3125,26.5,19.2,-24.0,4.0,11.9,12.0
1.9558179579908028,1.958818874991266,2.0803587330131754,1.3869058220087835,-1.7336322775109714,-19.95185435594592,-29.92778153391888,3.120538099519763,7.734375,4.921875,-6.416015625,-19.248046875,-28.30078125,5.009765625,-43.9453125,-30.76171875,39.55078125,0.0,-4.39453125,-70.3125,27.3,19.2,-24.8,4.0,11.9,12.0
1.958831875002943,1.9617955000139773,1.938650355758144,1.2924335705054293,-1.6155419631318009,-19.958196698745873,-29.937295048118806,2.907975533637216,7.55859375,4.833984375,-6.240234375,-19.3359375,-28.30078125,4.74609375,-43.9453125,-30.76171875,39.55078125,0.0,-4.39453125,-70.3125,26.5,19.2,-24.0,3.2,11.9,12.0
1.9618055000028107,1.9647572500107344,1.7987938311433849,1.1991958874289232,-1.4989948592861684,-19.964015859129482,-29.946023788694223,2.698190746715077,7.3828125,4.74609375,-6.15234375,-19.3359375,-28.30078125,4.5703125,-43.9453125,-30.76171875,35.15625,0.0,-4.39453125,-70.3125,26.3,19.2,-24.0,3.2,12.7,11.9
1.9647661659982987,1.967817875003675,1.6595078047631944,1.106338536508796,-1.382923170635987,-19.969376931758177,-29.954065397637265,2.4892617071447916,7.294921875,4.658203125,-5.9765625,-19.3359375,-28.30078125,4.306640625,-43.9453125,-30.76171875,35.15625,0.0,-4.39453125,-70.3125,26.3,19.2,-23.2,3.2,12.9,11.1
1.9678312909964006,1.971733333019074,1.5152696753870605,1.0101797835913737,-1.26272472948922,-19.974472128314762,-29.961708192472145,2.272904513080591,7.119140625,4.5703125,-5.888671875,-19.3359375,-28.30078125,4.130859375,-48.33984375,-30.76171875,35.15625,0.0,-4.39453125,-70.3125,26.3,19.2,-24.0,3.2,12.9,11.9
1.9717454999918118,1.9747716250130907,1.3310248761130623,0.8873499174087083,-1.1091873967608883,-19.980305556324076,-29.970458334486114,1.9965373141695935,7.03125,4.482421875,-5.712890625,-19.3359375,-28.30078125,3.8671875,-48.33984375,-30.76171875,35.15625,0.0,-4.39453125,-70.3125,27.1,20.0,-23.2,3.2,12.9,11.3
1.974780374992406,1.9778790409909561,1.1881360079803949,0.7920906719869298,-0.9901133399836541,-19.984308653725083,-29.976462980587627,1.7822040119705922,6.767578125,4.39453125,-5.625,-19.3359375,-28.30078125,3.603515625,-48.33984375,-30.76171875,35.15625,0.0,-4.39453125,-70.3125,26.3,20.0,-24.0,3.2,12.8,11.3
1.9778875409974717,1.981679290998727,1.0418155665982252,0.6945437110654834,-0.8681796388318572,-19.98793658768757,-29.981904881531353,1.5627233498973376,6.6796875,4.21875,-5.537109375,-19.3359375,-28.30078125,3.427734375,-48.33984375,-30.76171875,35.15625,0.0,-4.39453125,-70.3125,27.1,19.2,-24.8,3.2,12.8,11.3
1.9816901659942232,1.984712125005899,0.862711649892277,0.5751410999281846,-0.7189263749102339,-19.99172860748098,-29.987592911221473,1.2940674748384156,6.50390625,4.130859375,-5.361328125,-19.3359375,-28.30078125,3.1640625,-48.33984375,-30.76171875,39.55078125,0.0,-4.39453125,-70.3125,26.4,19.2,-24.0,3.2,12.8,11.1
1.9847236250061542,1.9877369579917286,0.7198131277186905,0.47987541847912707,-0.5998442730989119,-19.994242160750666,-29.991363241126,1.0797196915780358,6.416015625,4.04296875,-5.2734375,-19.3359375,-28.388671875,2.98828125,-48.33984375,-30.76171875,39.55078125,0.0,-4.39453125,-70.3125,27.2,19.2,-24.0,3.2,12.0,11.1
1.987747583014425,1.9907345410028938,0.5773459038210147,0.3848972692140098,-0.48112158651752635,-19.996296009315117,-29.99444401397267,0.866018855731522,6.240234375,3.955078125,-5.185546875,-19.3359375,-28.388671875,2.724609375,-43.9453125,-30.76171875,39.55078125,0.0,-4.39453125,-70.3125,26.4,19.2,-24.0,3.2,12.0,11.1
1.9907440410170238,1.993754708004417,0.4361614241349764,0.2907742827566509,-0.3634678534458167,-19.997886146202738,-29.996829219304104,0.6542421362024645,6.064453125,3.8671875,-5.009765625,-19.423828125,-28.388671875,2.548828125,-43.9453125,-30.76171875,39.55078125,0.0,-4.39453125,-70.3125,26.4,20.0,-24.0,2.4,12.0,11.2
1.9937638330156915,1.9967672080092598,0.2938677459519883,0.19591183063465883,-0.2448897882933266,-19.99904044084659,-29.998560661269885,0.44080161892798236,5.9765625,3.779296875,-4.921875,-19.423828125,-28.388671875,2.373046875,-43.9453125,-30.76171875,39.55078125,0.0,-4.39453125,-70.3125,27.2,20.0,-24.0,3.2,11.9,12.0
1.9967759159917478,1.9996304160158616,0.1519307300696352,0.1012871533797568,-0.12660894172468795,-19.99974352116947,-29.999615281754206,0.2278960951044528,5.80078125,3.69140625,-4.833984375,-19.423828125,-28.388671875,2.197265625,-43.9453125,-30.76171875,39.55078125,0.0,-4.39453125,-70.3125,26.4,20.0,-24.8,3.2,11.9,12.0
1.999640082998667,2.002713666006457,0.016960688205841314,0.011307125470560876,-0.014133906838204157,-19.999996803722585,-29.999995205583875,0.02544103230876197,5.712890625,3.603515625,-4.658203125,-19.423828125,-28.388671875,1.93359375,-43.9453125,-30.76171875,35.15625,0.0,-4.39453125,-70.3125,27.2,20.0,-24.0,3.2,11.9,11.2
2.002728666004259,2.005767875001766,-0.12858496238263936,-0.0857233082550929,0.10715413531887417,-19.999816287016785,-29.999724430525173,-0.19287744357395903,5.537109375,3.515625,-4.5703125,-19.423828125,-28.388671875,1.7578125,-43.9453125,-30.76171875,35.15625,0.0,-4.39453125,-70.3125,27.2,20.0,-24.0,3.2,12.0,12.1
2.0057775000168476,2.008795125002507,-0.27225453692382906,-0.18150302461588605,0.22687878076985452,-19.99917639934343,-29.998764599015146,-0.4083818053857436,5.44921875,3.33984375,-4.482421875,-19.423828125,-28.388671875,1.58203125,-43.9453125,-30.76171875,35.15625,0.0,-4.39453125,-70.3125,27.2,19.2,-24.8,3.2,12.0,12.1
2.0088045409938786,2.0117565830005333,-0.4148909930475032,-0.2765939953650021,0.3457424942062385,-19.998087302582917,-29.997130953874375,-0.6223364895712548,5.2734375,3.33984375,-4.306640625,-19.423828125,-28.388671875,1.40625,-43.9453125,-30.76171875,35.15625,0.0,0.0,-65.91796875,27.2,20.0,-24.0,3.2,12.0,12.9
2.0117658330127597,2.0148222080024425,-0.5544202544727902,-0.36961350298186013,0.46201687872732206,-19.996584354794532,-29.9948765321918,-0.8316303817091854,5.185546875,3.1640625,-4.21875,-19.423828125,-28.388671875,1.23046875,-43.9453125,-30.76171875,35.15625,0.0,0.0,-65.91796875,27.2,19.2,-24.0,3.2,12.0,12.9
2.0148336660058703,2.0177420410036575,-0.6989567918391938,-0.4659711945594625,0.5824639931993251,-19.994571034304307,-29.99185655145646,-1.0484351877587907,5.009765625,3.1640625,-4.04296875,-19.423828125,-28.388671875,0.966796875,-43.9453125,-30.76171875,35.15625,0.0,0.0,-65.91796875,27.2,20.0,-24.0,3.2,12.0,12.9
2.017752375017153,2.020776624995051,-0.8364525508704002,-0.5576350339136001,0.6970437923920081,-19.992224567790153,-29.98833685168523,-1.2546788263056003,4.921875,2.98828125,-3.955078125,-19.423828125,-28.388671875,0.615234375,-43.9453125,-30.76171875,35.15625,0.0,0.0,-65.91796875,27.2,19.2,-24.0,2.4,12.0,12.1
2.020787665998796,2.023853416001657,-0.9794216119090366,-0.6529477412726912,0.8161846765908608,-19.989338639564014,-29.98400795934602,-1.469132417863555,4.74609375,2.900390625,-3.8671875,-19.423828125,-28.388671875,0.439453125,-43.9453125,-30.76171875,39.55078125,0.0,0.0,-65.91796875,27.3,19.2,-24.0,2.4,12.0,12.8
2.0238632500113454,2.0278016660013236,-1.1242658414394275,-0.7495105609596184,0.9368882011995199,-19.985950913554504,-29.978926370331752,-1.6863987621591414,4.658203125,2.8125,-3.779296875,-19.423828125,-28.388671875,0.263671875,-43.9453125,-30.76171875,39.55078125,0.0,0.0,-65.91796875,28.1,19.2,-24.8,2.4,12.0,12.8
2.027812250016723,2.0308364579977933,-1.3102045388985044,-0.8734696925990029,1.0918371157487397,-19.98091716353659,-29.971375745304883,-1.9653068083477565,4.482421875,2.724609375,-3.603515625,-19.423828125,-28.388671875,-0.087890625,-43.9453125,-30.76171875,39.55078125,0.0,0.0,-70.3125,28.1,20.0,-24.0,2.4,12.0,12.0
2.030847000016365,2.034731624997221,-1.4530618847307335,-0.9687079231538223,1.2108849039422749,-19.97652634868282,-29.964789523024233,-2.1795928270961,4.306640625,2.63671875,-3.427734375,-19.423828125,-28.388671875,-0.263671875,-43.9453125,-30.76171875,39.55078125,0.0,0.0,-70.3125,27.3,20.0,-24.0,2.4,12.0,11.9
2.0347420000180136,2.03775408299407,-1.6363656691067014,-1.0909104460711343,1.3636380575889147,-19.9702256972387,-29.955338545858048,-2.4545485036600523,4.130859375,2.4609375,-3.33984375,-19.423828125,-28.388671875,-0.615234375,-43.9453125,-30.76171875,39.55078125,0.0,0.0,-70.3125,27.3,19.2,-24.1,2.4,12.0,11.1
2.037764333013911,2.0407858749968,-1.778558752502685,-1.18570583500179,1.4821322937522454,-19.964821603832142,-29.947232405748217,-2.667838128754027,4.04296875,2.373046875,-3.1640625,-19.423828125,-28.388671875,-0.791015625,-43.9453125,-30.76171875,39.55078125,0.0,0.0,-70.3125,28.1,19.2,-24.1,2.4,12.0,11.9
2.040796165994834,2.0438009159988724,-1.9211585075562958,-1.2807723383708638,1.6009654229635655,-19.958948424635604,-29.938422636953405,-2.8817377613344437,3.8671875,2.28515625,-3.076171875,-19.423828125,-28.388671875,-1.0546875,-43.9453125,-30.76171875,39.55078125,0.0,0.0,-70.3125,27.2,19.2,-24.1,2.4,12.0,11.2
2.043812791001983,2.0477140409930144,-2.062999728293688,-1.375333152195792,1.7191664402447373,-19.952655430304787,-29.928983145457185,-3.094499592440532,3.779296875,2.197265625,-2.98828125,-19.423828125,-28.388671875,-1.23046875,-43.9453125,-30.76171875,39.55078125,0.0,0.0,-70.3125,28.0,19.2,-24.1,2.4,12.0,12.0
2.047725041018566,2.050746374996379,-2.2468836312421447,-1.4979224208280963,1.8724030260351285,-19.943826824889463,-29.91574023733419,-3.370325446863217,3.515625,2.109375,-2.8125,-19.423828125,-28.388671875,-1.494140625,-43.9453125,-30.76171875,39.55078125,0.0,0.0,-70.3125,27.2,20.0,-24.1,2.4,12.0,12.0
2.050758958008373,2.0538119160046335,-2.3894259925496995,-1.5929506616997995,1.9911883271247468,-19.936461777090493,-29.90469266563574,-3.584138988824549,3.427734375,2.021484375,-2.724609375,-19.423828125,-28.388671875,-1.7578125,-43.9453125,-30.76171875,39.55078125,0.0,0.0,-70.3125,28.0,20.0,-24.9,2.4,11.2,11.2
2.053824208007427,2.057715666014701,-2.5333853485741664,-1.6889235657161108,2.111154457145136,-19.92856084089287,-29.892841261339306,-3.8000780228612494,3.251953125,1.93359375,-2.548828125,-19.423828125,-28.388671875,-1.93359375,-43.9453125,-30.76171875,39.55078125,0.0,0.0,-70.3125,27.2,20.0,-23.9,2.4,11.1,12.0
2.0577276250114664,2.0608076250064187,-2.7166237308507792,-1.811082487233853,2.2638531090423024,-19.917830710808715,-29.876746066213077,-4.074935596276169,3.076171875,1.7578125,-2.4609375,-19.423828125,-28.388671875,-2.197265625,-43.9453125,-30.76171875,39.55078125,0.0,0.0,-70.3125,27.2,19.2,-24.7,2.4,11.1,12.0
2.060821124992799,2.0647189159935806,-2.861769916099883,-1.9078466107332552,2.384808263416566,-19.90879507428598,-29.863192611428968,-4.292654874149824,2.98828125,1.669921875,-2.28515625,-19.423828125,-28.388671875,-2.373046875,-43.9453125,-30.76171875,39.55078125,0.0,0.0,-70.3125,28.1,19.2,-23.9,2.4,11.1,11.9
2.0647314579982776,2.067765790998237,-3.045144562598492,-2.030096375065661,2.5376204688320625,-19.896700950357204,-29.845051425535807,-4.567716843897737,2.8125,1.58203125,-2.197265625,-19.423828125,-28.388671875,-2.63671875,-43.9453125,-30.76171875,39.55078125,0.0,0.0,-70.3125,28.1,19.9,-24.7,2.4,11.2,12.7
2.0677777910022996,2.0708319999976084,-3.1879227597493633,-2.125281839832909,2.656602299791122,-19.886758838515554,-29.830138257773328,-4.7818841396240455,2.63671875,1.494140625,-2.021484375,-19.423828125,-28.388671875,-2.900390625,-43.9453125,-30.76171875,39.55078125,0.0,0.0,-70.3125,28.1,19.9,-23.9,1.6,11.2,11.9
2.0708441250026226,2.0747164160129614,-3.3315646569740993,-2.2210431046493992,2.7763038808117573,-19.87629159393898,-29.81443739090847,-4.9973469854611485,2.548828125,1.40625,-1.93359375,-19.423828125,-28.388671875,-3.076171875,-43.9453125,-30.76171875,39.55078125,0.0,0.0,-70.3125,28.1,19.9,-23.9,1.6,10.4,12.2
2.074728291016072,2.0777612079982646,-3.513406370116281,-2.342270913410854,2.9278386417635645,-19.86237062810453,-29.793555942156793,-5.270109555174422,2.28515625,1.23046875,-1.7578125,-19.423828125,-28.388671875,-3.33984375,-43.9453125,-30.76171875,39.55078125,0.0,0.0,-70.3125,27.3,19.1,-24.0,1.6,10.3,12.2
2.077774458011845,2.0808382910036016,-3.6559250279028834,-2.437283351935256,3.046604189919056,-19.85093574273967,-29.7764036141095,-5.483887541854325,2.197265625,1.142578125,-1.669921875,-19.423828125,-28.388671875,-3.603515625,-43.9453125,-30.76171875,39.55078125,0.0,0.0,-70.3125,28.1,19.1,-24.0,1.6,10.3,12.2
2.0808593750116415,2.0847168329928536,-3.8001713305937432,-2.5334475537291623,3.1668094421614503,-19.83889219418523,-29.75833829127785,-5.700256995890615,2.021484375,1.0546875,-1.58203125,-19.423828125,-28.388671875,-3.779296875,-43.9453125,-30.76171875,39.55078125,0.0,0.0,-70.3125,28.0,19.1,-24.8,1.6,10.3,12.0
2.0847336660081055,2.087703375000274,-3.9812008173311977,-2.6541338782207986,3.3176673477759953,-19.823107056071724,-29.734660584107587,-5.9718012259967965,1.845703125,0.87890625,-1.40625,-19.423828125,-28.388671875,-4.04296875,-48.33984375,-30.76171875,39.55078125,0.0,0.0,-70.3125,28.0,19.2,-24.8,1.6,10.4,12.8
2.087716540991096,2.090743458014913,-4.120478033445303,-2.746985355630202,3.43373169453775,-19.81045359036368,-29.715680385545518,-6.180717050167955,1.7578125,0.791015625,-1.318359375,-19.423828125,-28.388671875,-4.306640625,-48.33984375,-30.76171875,39.55078125,0.0,0.0,-70.3125,28.0,19.2,-24.8,1.6,9.6,12.0
2.0907597079931293,2.0937887500040233,-4.262477178654156,-2.8416514524361043,3.5520643155451275,-19.79709617653225,-29.695644264798375,-6.393715767981234,1.58203125,0.703125,-1.142578125,-19.423828125,-28.388671875,-4.482421875,-48.33984375,-30.76171875,39.55078125,0.0,0.0,-70.3125,28.0,19.2,-24.0,0.8,9.6,12.8
2.0938024159986526,2.0977340410172474,-4.404357529966694,-2.936238353311129,3.670297941638908,-19.783288511583326,-29.67493276737499,-6.606536294950041,1.494140625,0.615234375,-1.0546875,-19.423828125,-28.388671875,-4.658203125,-48.33984375,-30.76171875,39.55078125,0.0,0.0,-70.3125,28.0,19.2,-24.0,0.8,9.5,12.8
2.0977467499906197,2.1007478749961592,-4.588130144920061,-3.0587534299467074,3.8234417874333806,-19.764716730952387,-29.64707509642858,-6.882195217380091,1.318359375,0.52734375,-0.87890625,-19.51171875,-28.388671875,-5.009765625,-48.33984375,-30.76171875,39.55078125,0.0,0.0,-70.3125,28.0,19.2,-24.0,-0.0,9.5,12.0
2.100760375004029,2.1038085000182036,-4.728421273942548,-3.152280849295032,3.9403510616187862,-19.750015834099166,-29.62502375114875,-7.092631910913821,1.142578125,0.3515625,-0.791015625,-19.51171875,-28.388671875,-5.185546875,-48.33984375,-30.76171875,35.15625,0.0,0.0,-70.3125,28.0,18.4,-24.8,-0.0,8.7,11.9
2.1038229160185438,2.1077318330062553,-4.870880985442934,-3.247253990295289,4.0590674878691075,-19.734622913106584,-29.601934369659876,-7.3063214781644,0.966796875,0.263671875,-0.703125,-19.51171875,-28.388671875,-5.44921875,-48.33984375,-30.76171875,35.15625,0.0,0.0,-70.3125,28.0,19.2,-24.8,-0.0,8.7,11.9
2.1077479580126237,2.1108302079956047,-5.053296247897084,-3.3688641652647227,4.211080206580911,-19.714227203621125,-29.571340805431685,-7.5799443718456265,0.87890625,0.17578125,-0.52734375,-19.51171875,-28.388671875,-5.712890625,-43.9453125,-30.76171875,35.15625,0.0,0.0,-74.70703125,28.8,19.2,-24.8,-0.0,8.7,11.1
2.1108453329943586,2.114731041016057,-5.197110652974434,-3.464740435316289,4.330925544145358,-19.697603248006704,-29.546404872010058,-7.795665979461651,0.703125,0.087890625,-0.3515625,-19.51171875,-28.388671875,-5.9765625,-43.9453125,-35.15625,35.15625,0.0,0.0,-74.70703125,28.0,19.2,-24.0,-0.0,7.9,11.1
2.1147451249998994,2.1178471250168514,-5.378006755317081,-3.585337836878054,4.4816722960975754,-19.676009569916623,-29.514014354874934,-8.067010132975621,0.52734375,-0.087890625,-0.263671875,-19.51171875,-28.388671875,-6.240234375,-43.9453125,-35.15625,35.15625,0.0,0.0,-74.70703125,28.0,18.4,-24.9,-0.0,7.9,11.1
2.117861458013067,2.12171475001378,-5.522416517193833,-3.6816110114625555,4.602013764328181,-19.658223224907122,-29.48733483736068,-8.28362477579075,0.3515625,-0.17578125,-0.087890625,-19.51171875,-28.388671875,-6.416015625,-43.9453125,-35.15625,39.55078125,0.0,0.0,-74.70703125,28.0,18.4,-24.1,-0.0,7.9,11.9
2.121728541009361,2.1248397500021383,-5.70143139183933,-3.80095426122622,4.751192826532772,-19.635497108656715,-29.453245662985076,-8.552147087758996,0.17578125,-0.263671875,0.0,-19.51171875,-28.388671875,-6.6796875,-43.9453125,-35.15625,39.55078125,0.0,0.0,-74.70703125,28.0,19.2,-24.9,-0.0,8.0,11.2
2.1248556660139,2.1287004580080975,-5.8460386216961675,-3.8973590811307783,4.871698851413459,-19.616589718723475,-29.424884578085212,-8.769057932544252,0.0,-0.439453125,0.17578125,-19.51171875,-28.388671875,-6.85546875,-48.33984375,-35.15625,39.55078125,0.0,0.0,-74.70703125,28.0,18.4,-24.1,-0.0,7.2,11.2
2.1287149999989197,2.13180929099326,-6.024310455519287,-4.016206970346191,5.020258712932725,-19.592602725808096,-29.38890408871214,-9.03646568327893,-0.17578125,-0.52734375,0.263671875,-19.51171875,-28.388671875,-7.119140625,-48.33984375,-35.15625,39.55078125,0.0,0.0,-65.91796875,28.0,18.4,-24.9,-0.0,7.2,12.0
2.131826500000898,2.135726375010563,-6.167877161417911,-4.11191810761194,5.139897634514923,-19.57273944741239,-29.359109171118583,-9.251815742126865,-0.3515625,-0.615234375,0.439453125,-19.51171875,-28.388671875,-7.3828125,-48.33984375,-30.76171875,39.55078125,0.0,0.0,-65.91796875,28.0,18.4,-24.8,-0.0,6.2,12.1
2.1357434579986148,2.1388419159920886,-6.348398336059956,-4.232265557373304,5.290331946716627,-19.547069556633588,-29.320604334950385,-9.522597504089935,-0.52734375,-0.791015625,0.615234375,-19.51171875,-28.388671875,-7.646484375,-48.33984375,-30.76171875,39.55078125,0.0,0.0,-65.91796875,27.2,18.4,-24.0,-0.0,6.2,12.1
2.1388610409921966,2.142714582994813,-6.49190721749485,-4.327938144996566,5.409922681245717,-19.526109479696245,-29.289164219544368,-9.737860826242274,-0.703125,-0.87890625,0.703125,-19.51171875,-28.388671875,-7.822265625,-48.33984375,-30.76171875,39.55078125,0.0,0.0,-65.91796875,27.9,18.4,-24.8,-0.0,6.2,12.9
2.1427322500094306,2.1458267080015503,-6.669890013658782,-4.446593342439188,5.558241678048982,-19.499430957004243,-29.24914643550637,-10.004835020488173,-0.87890625,-0.966796875,0.87890625,-19.51171875,-28.388671875,-8.0859375,-48.33984375,-30.76171875,39.55078125,0.0,0.0,-65.91796875,27.9,18.3,-24.0,-0.0,5.5,12.0
2.145844083017437,2.1497043750132434,-6.812781223930737,-4.5418541492871585,5.677317686608934,-19.47746289655311,-29.216194344829667,-10.219171835896105,-1.0546875,-1.0546875,0.966796875,-19.51171875,-28.388671875,-8.349609375,-48.33984375,-30.76171875,39.55078125,0.0,0.0,-70.3125,27.1,18.3,-24.8,-0.0,5.5,12.0
2.1497214999981225,2.152786708000349,-6.990598859802229,-4.660399239868153,5.825499049835187,-19.449439038826707,-29.174158558240062,-10.485898289703343,-1.142578125,-1.23046875,1.142578125,-19.51171875,-28.388671875,-8.61328125,-48.33984375,-35.15625,39.55078125,0.0,0.0,-70.3125,27.9,18.3,-24.0,-0.0,4.7,12.0
2.1528037500102073,2.1567234999965876,-7.13176560166736,-4.754510401111574,5.943138001389464,-19.426647442256264,-29.139971163384395,-10.69764840250104,-1.40625,-1.318359375,1.318359375,-19.51171875,-28.388671875,-8.876953125,-48.33984375,-35.15625,39.55078125,0.0,0.0,-70.3125,27.1,18.3,-23.9,-0.0,4.7,11.2
2.15674270800082,2.1598600409924984,-7.311925705368689,-4.87461713691246,6.093271421140572,-19.39685819323633,-29.095287289854497,-10.967888558053033,-1.58203125,-1.494140625,1.40625,-19.51171875,-28.388671875,-9.140625,-48.33984375,-35.15625,39.55078125,0.0,0.0,-70.3125,27.1,17.5,-23.9,-0.0,4.7,11.2
2.1598776250029914,2.1637200830155052,-7.455110865449098,-4.970073910299399,6.212592387874245,-19.372618958885276,-29.058928438327914,-11.182666298173647,-1.669921875,-1.58203125,1.494140625,-19.51171875,-28.388671875,-9.31640625,-48.33984375,-35.15625,35.15625,0.0,0.0,-70.3125,28.0,17.5,-24.7,-0.0,3.9,12.0
2.1637421250052284,2.1676184580137488,-7.631370071264842,-5.087580047509894,6.359475059387365,-19.3420921634703,-29.013138245205454,-11.447055106897261,-1.93359375,-1.669921875,1.669921875,-19.51171875,-28.388671875,-9.580078125,-48.33984375,-35.15625,35.15625,0.0,0.0,-70.3125,27.2,18.4,-23.9,-0.0,3.9,11.2
2.1676595830067527,2.1707047499949113,-7.809757637702415,-5.20650509180161,6.50813136475201,-19.310419589668268,-28.9656293845024,-11.714636456553622,-2.021484375,-1.845703125,1.845703125,-19.51171875,-28.388671875,-9.84375,-48.33984375,-35.15625,35.15625,0.0,0.0,-70.3125,28.0,17.6,-23.9,-0.0,3.1,10.4
2.1707372910168488,2.1736932499916293,-7.949698785424651,-5.299799190283101,6.624748987853864,-19.28502342603386,-28.927535139050786,-11.924548178136977,-2.197265625,-1.93359375,1.93359375,-19.51171875,-28.388671875,-10.01953125,-48.33984375,-35.15625,35.15625,0.0,0.0,-70.3125,27.2,17.6,-24.7,-0.0,3.1,11.1
2.173720165999839,2.1767261250060983,-8.085150676186869,-5.390100450791246,6.737625563489064,-19.259979676271207,-28.889969514406808,-12.127726014280302,-2.373046875,-2.021484375,2.021484375,-19.51171875,-28.388671875,-10.1953125,-48.33984375,-35.15625,35.15625,0.0,0.0,-70.3125,27.2,17.6,-24.8,-0.0,2.2,11.1
2.17675179100479,2.179715625010431,-8.222634406692803,-5.4817562711285355,6.852195338910677,-19.234093380867808,-28.851140071301714,-12.333951610039204,-2.548828125,-2.109375,2.197265625,-19.51171875,-28.388671875,-10.458984375,-48.33984375,-35.15625,35.15625,0.0,0.0,-70.3125,26.4,17.6,-24.0,-0.0,2.2,11.1
2.17973904099199,2.1827152080077212,-8.35792335936189,-5.57194890624126,6.964936132801561,-19.208159344045356,-28.812239016068034,-12.536885039042835,-2.63671875,-2.197265625,2.28515625,-19.51171875,-28.30078125,-10.634765625,-48.33984375,-35.15625,39.55078125,0.0,0.0,-70.3125,27.2,17.6,-24.0,-0.0,2.2,11.2
2.1827462500077672,2.1857172500167508,-8.493930350704483,-5.662620233802988,7.078275292253743,-19.1816248552547,-28.77243728288205,-12.740895526056724,-2.8125,-2.28515625,2.373046875,-19.51171875,-28.30078125,-10.810546875,-48.33984375,-35.15625,39.55078125,0.0,0.0,-70.3125,27.2,17.5,-24.8,-0.0,2.4,12.0
2.1857452080002986,2.1887107499933336,-8.629375426583248,-5.752916951055499,7.191146188819371,-19.15473692208427,-28.732105383126402,-12.944063139874872,-2.900390625,-2.373046875,2.548828125,-19.51171875,-28.30078125,-10.986328125,-43.9453125,-35.15625,39.55078125,0.0,0.0,-61.5234375,27.2,17.5,-24.0,-0.8,1.6,12.0
2.1887558329908643,2.191727041004924,-8.76515481272745,-5.8434365418183,7.304295677272872,-19.12731683696756,-28.690975255451338,-13.147732219091175,-3.076171875,-2.4609375,2.63671875,-19.51171875,-28.30078125,-11.25,-43.9453125,-35.15625,39.55078125,0.0,4.39453125,-61.5234375,27.2,17.5,-24.0,-0.8,1.6,11.2
2.191761249996489,2.195722916017985,-8.900503803324739,-5.9336692022164925,7.417086502770623,-19.09951752790283,-28.649276291854243,-13.350755704987108,-3.1640625,-2.63671875,2.8125,-19.51171875,-28.30078125,-11.513671875,-43.9453125,-30.76171875,39.55078125,0.0,4.39453125,-61.5234375,27.2,16.7,-24.0,-0.8,0.6,12.0
2.195752250001533,2.198718875006307,-9.07993142075759,-6.053287613838394,7.56660951729798,-19.06194400013154,-28.59291600019731,-13.619897131136387,-3.33984375,-2.724609375,2.900390625,-19.51171875,-28.30078125,-11.689453125,-43.9453125,-30.76171875,39.55078125,0.0,4.39453125,-61.5234375,27.2,17.5,-24.0,-1.6,0.6,12.0
2.198744583001826,2.2017079160141293,-9.214227212825865,-6.14281814188391,7.678522677354875,-19.033280990826096,-28.549921486239143,-13.821340819238797,-3.515625,-2.8125,3.076171875,-19.51171875,-28.30078125,-11.865234375,-43.9453125,-30.76171875,39.55078125,0.0,4.39453125,-61.5234375,27.2,17.5,-24.0,-1.6,-0.2,12.0
2.201735665992601,2.204711500002304,-9.348263460621663,-6.232175640414442,7.79021955051805,-19.00420971224599,-28.50631456836899,-14.022395190932496,-3.603515625,-2.900390625,3.1640625,-19.51171875,-28.30078125,-12.12890625,-43.9453125,-30.76171875,39.55078125,0.0,4.39453125,-61.5234375,27.2,17.6,-24.0,-1.6,-0.1,11.3
2.2047480829933193,2.207710415998008,-9.483047146123567,-6.322031430749044,7.902539288436302,-18.974507071031418,-28.461760606547124,-14.22457071918535,-3.779296875,-2.98828125,3.251953125,-19.51171875,-28.30078125,-12.3046875,-48.33984375,-30.76171875,39.55078125,0.0,4.39453125,-61.5234375,27.2,17.6,-24.0,-2.4,-0.1,12.1
2.2077401659917086,2.2108150830026716,-9.616710852347657,-6.4111405682317715,8.013925710289712,-18.94458436108781,-28.416876541631716,-14.425066278521486,-3.955078125,-3.076171875,3.427734375,-19.51171875,-28.30078125,-12.568359375,-48.33984375,-30.76171875,39.55078125,0.0,0.0,-70.3125,27.2,17.6,-24.0,-2.4,-0.1,12.1
2.2108499160094652,2.214687916013645,-9.755405868997348,-6.503603912664899,8.129504890831122,-18.91304143037734,-28.369562145566015,-14.633108803496023,-4.04296875,-3.251953125,3.515625,-19.51171875,-28.30078125,-12.744140625,-48.33984375,-30.76171875,39.55078125,0.0,0.0,-70.3125,27.2,16.8,-24.0,-2.4,-0.0,12.0
2.214724249992287,2.2178147500089835,-9.927875335086044,-6.61858355672403,8.273229445905034,-18.873111871195547,-28.30966780679332,-14.891813002629066,-4.21875,-3.33984375,3.69140625,-19.51171875,-28.30078125,-13.095703125,-48.33984375,-30.76171875,39.55078125,0.0,0.0,-70.3125,27.2,16.8,-24.0,-3.4,-0.0,11.2
2.217835624993313,2.221700416004751,-10.066115086207274,-6.71074339080485,8.38842923850607,-18.840539353818112,-28.260809030727167,-15.099172629310912,-4.39453125,-3.427734375,3.779296875,-19.599609375,-28.30078125,-13.271484375,-48.33984375,-30.76171875,39.55078125,0.0,0.0,-70.3125,27.2,16.8,-24.0,-4.2,-0.0,11.2
2.221723208000185,2.2248292500153184,-10.238503816306908,-6.825669210871272,8.532086513589077,-18.799208489289224,-28.19881273393384,-15.357755724460363,-4.5703125,-3.515625,3.955078125,-19.599609375,-28.30078125,-13.53515625,-48.33984375,-30.76171875,39.55078125,0.0,0.0,-70.3125,27.2,17.6,-24.0,-5.0,-0.0,11.1
2.2248487079923507,2.2286599579965696,-10.376822614162487,-6.917881742774991,8.647352178468726,-18.76547127553637,-28.148206913304556,-15.565233921243731,-4.658203125,-3.603515625,4.04296875,-19.599609375,-28.30078125,-13.7109375,-43.9453125,-30.76171875,39.55078125,0.0,0.0,-65.91796875,27.2,17.6,-24.0,-5.0,-0.0,11.9
2.2286781250149943,2.231779124995228,-10.54595191784507,-7.030634611896714,8.78829326487089,-18.723519352781942,-28.085279029172916,-15.818927876767605,-4.833984375,-3.779296875,4.21875,-19.599609375,-28.30078125,-13.974609375,-43.9453125,-30.76171875,39.55078125,0.0,0.0,-65.91796875,27.2,16.8,-24.0,-5.0,-0.0,11.2
2.2318045000138227,2.235694916016655,-10.683748146610418,-7.122498764406945,8.903123455508688,-18.68876698316455,-28.033150474746826,-16.025622219915626,-5.009765625,-3.8671875,4.306640625,-19.599609375,-28.30078125,-14.23828125,-43.9453125,-30.76171875,39.55078125,0.0,0.0,-65.91796875,27.2,17.6,-24.0,-5.6,-0.0,11.2
2.235712124995189,2.2388656249968335,-10.855615609423982,-7.237077072949321,9.046346341186638,-18.644696710866377,-27.967045066299562,-16.28342341413597,-5.185546875,-3.955078125,4.482421875,-19.599609375,-28.30078125,-14.501953125,-43.9453125,-30.76171875,39.55078125,0.0,0.0,-65.91796875,27.2,17.6,-24.0,-5.6,-0.8,10.4
2.238882583013037,2.2426995410060044,-10.994760320725284,-7.329840213816857,9.162300267271068,-18.608423964428404,-27.912635946642602,-16.492140481087926,-5.2734375,-4.130859375,4.5703125,-19.599609375,-28.30078125,-14.677734375,-43.9453125,-30.76171875,39.55078125,0.0,0.0,-65.91796875,28.0,16.8,-24.0,-6.4,-0.8,11.2
2.2427165000117384,2.246706666017417,-11.162658269436266,-7.441772179624177,9.302215224530219,-18.563944269108642,-27.845916403662965,-16.7439874041544,-5.44921875,-4.21875,4.74609375,-19.599609375,-28.30078125,-14.94140625,-43.9453125,-30.76171875,39.55078125,0.0,0.0,-65.91796875,28.0,16.8,-24.0,-6.4,-0.9,11.2
2.246723457996268,2.249781999998959,-11.337701400562723,-7.558467600375149,9.448084500468934,-18.516737497034384,-27.775106245551576,-17.006552100844086,-5.712890625,-4.306640625,4.833984375,-19.599609375,-28.30078125,-15.205078125,-43.9453125,-30.76171875,39.55078125,0.0,0.0,-65.91796875,27.2,16.8,-24.0,-7.2,-2.5,11.2
2.2498037079931237,2.2536311250005383,-11.471956500049053,-7.647971000032702,9.559963750040874,-18.479949663964423,-27.719924495946636,-17.20793475007358,-5.80078125,-4.39453125,5.009765625,-19.51171875,-28.30078125,-15.380859375,-43.9453125,-30.76171875,39.55078125,0.0,0.0,-65.91796875,27.2,17.6,-24.0,-6.4,-2.5,11.2
2.2536678750184365,2.2567016250104643,-11.63999907319764,-7.75999938213176,9.699999227664696,-18.43318772185958,-27.649781582789366,-17.459998609796457,-5.9765625,-4.482421875,5.185546875,-19.51171875,-28.30078125,-15.64453125,-43.9453125,-30.76171875,39.55078125,0.0,0.0,-65.91796875,27.2,17.6,-23.1,-7.2,-3.5,11.2
2.2567330000165384,2.2596962910029106,-11.772988690861665,-7.84865912724111,9.810823909051376,-18.39561224597798,-27.59341836896697,-17.659483036292496,-6.15234375,-4.658203125,5.2734375,-19.51171875,-28.30078125,-15.8203125,-43.9453125,-30.76171875,39.55078125,0.0,0.0,-65.91796875,27.2,16.8,-23.9,-7.2,-3.5,12.0
2.2597229999955744,2.262713875010377,-11.90245584890834,-7.934970565938894,9.918713207423624,-18.358546841122347,-27.53782026168352,-17.853683773362512,-6.328125,-4.658203125,5.361328125,-19.51171875,-28.30078125,-16.083984375,-43.9453125,-30.76171875,35.15625,0.0,0.0,-65.91796875,26.4,17.6,-23.9,-8.0,-4.3,11.2
2.2627435000031255,2.265724416007288,-12.032977065413506,-8.021984710275671,10.027480887844586,-18.320692162363937,-27.481038243545903,-18.04946559812026,-6.416015625,-4.74609375,5.537109375,-19.423828125,-28.30078125,-16.259765625,-43.9453125,-30.76171875,35.15625,0.0,0.0,-65.91796875,27.2,17.5,-23.1,-7.2,-4.9,11.2
2.265752250008518,2.268706333008595,-12.162721250110392,-8.108480833406928,10.135601041758667,-18.28257472497439,-27.423862087461586,-18.244081875165588,-6.50390625,-4.921875,5.625,-19.423828125,-28.30078125,-16.435546875,-43.9453125,-30.76171875,35.15625,0.0,0.0,-65.91796875,28.0,16.7,-23.1,-8.0,-4.9,12.0
2.268734375014901,2.2716232080128975,-12.291049237663453,-8.19403282510897,10.242541031386217,-18.244391633075537,-27.366587449613306,-18.43657385649518,-6.6796875,-5.009765625,5.712890625,-19.3359375,-28.30078125,-16.611328125,-43.9453125,-30.76171875,35.15625,0.0,0.0,-65.91796875,27.2,16.7,-23.9,-7.2,-5.7,12.1
2.2716472500178497,2.2746123330143746,-12.416136875000854,-8.277424583333902,10.346780729167374,-18.20670871594368,-27.310063073915522,-18.62420531250128,-6.85546875,-5.009765625,5.80078125,-19.3359375,-28.30078125,-16.787109375,-43.9453125,-30.76171875,35.15625,0.0,0.0,-65.91796875,27.2,17.5,-24.1,-7.2,-6.7,12.9
2.2746430830156896,2.2777123330160975,-12.544515805423293,-8.363010536948861,10.453763171186074,-18.16755500222532,-27.251332503337984,-18.81677370813494,-6.943359375,-5.185546875,5.9765625,-19.248046875,-28.30078125,-17.05078125,-43.9453125,-30.76171875,35.15625,0.0,0.0,-65.91796875,27.2,16.7,-23.3,-7.2,-6.7,12.1
2.277765625010943,2.2817232079978567,-12.678028820451209,-8.452019213634138,10.56502401704267,-18.12631708903823,-27.189475633557347,-19.017043230676812,-7.119140625,-5.2734375,6.064453125,-19.248046875,-28.30078125,-17.2265625,-43.9453125,-30.76171875,39.55078125,13.18359375,0.0,-65.91796875,27.2,16.7,-24.1,-7.2,-7.5,12.1
2.281755708012497,2.2847214580106083,-12.848191658088533,-8.565461105392355,10.706826381740441,-18.072987468927508,-27.10948120339126,-19.2722874871328,-7.294921875,-5.361328125,6.240234375,-19.248046875,-28.30078125,-17.490234375,-43.9453125,-30.76171875,39.55078125,13.18359375,0.0,-65.91796875,27.2,16.8,-23.3,-8.0,-9.0,11.1
2.284749083017232,2.287715832993854,-12.975517465819395,-8.65034497721293,10.81293122151617,-18.032513185222044,-27.04876977783307,-19.463276198729094,-7.3828125,-5.44921875,6.328125,-19.16015625,-28.30078125,-17.75390625,-43.9453125,-30.76171875,39.55078125,13.18359375,0.0,-70.3125,27.2,16.8,-23.3,-7.2,-9.0,8.7
2.2877428749925457,2.2916076249966864,-13.102574079178389,-8.735049386118925,10.918811732648646,-17.991634506682917,-26.987451760024378,-19.653861118767583,-7.55859375,-5.537109375,6.50390625,-19.16015625,-28.30078125,-17.9296875,-43.9453125,-30.76171875,39.55078125,13.18359375,0.0,-70.3125,27.2,16.8,-23.3,-8.0,-9.0,8.7
2.2916425000003073,2.2946349999983795,-13.26763931382719,-8.845092875884793,11.056366094855989,-17.937790611359365,-26.906685917039045,-19.901458970740787,-7.734375,-5.625,6.591796875,-19.072265625,-28.30078125,-18.193359375,-43.9453125,-26.3671875,39.55078125,13.18359375,0.0,-70.3125,27.2,17.6,-23.1,-7.2,-10.6,8.4
2.2946692499972414,2.297720583010232,-13.395414235481292,-8.930276156987528,11.162845196234407,-17.895534855374958,-26.84330228306244,-20.09312135322194,-7.822265625,-5.712890625,6.6796875,-19.072265625,-28.30078125,-18.369140625,-43.9453125,-26.3671875,39.55078125,13.18359375,0.0,-70.3125,27.2,17.6,-23.9,-8.0,-10.6,9.2
2.297757082997123,2.3007188749907073,-13.525455747276967,-9.016970498184644,11.271213122730803,-17.85200949570854,-26.778014243562808,-20.28818362091545,-7.998046875,-5.80078125,6.85546875,-18.984375,-28.30078125,-18.45703125,-43.9453125,-26.3671875,39.55078125,13.18359375,0.0,-70.3125,27.2,17.6,-23.1,-7.2,-11.4,10.8
2.3007525830180384,2.303732125001261,-13.651304693036941,-9.10086979535796,11.37608724419744,-17.809384295026632,-26.71407644253995,-20.476957039555412,-8.173828125,-5.9765625,6.943359375,-18.984375,-28.212890625,-18.6328125,-43.9453125,-26.3671875,39.55078125,13.18359375,0.0,-70.3125,26.4,16.8,-23.1,-8.0,-10.5,12.4
2.3037657079985365,2.307594000012614,-13.777589192262125,-9.185059461508084,11.481324326885112,-17.766110510985815,-26.649165766478724,-20.666383788393187,-8.26171875,-5.9765625,7.03125,-18.896484375,-28.125,-18.80859375,-48.33984375,-26.3671875,39.55078125,13.18359375,0.0,-70.3125,27.2,17.6,-23.9,-7.2,-10.5,12.4
2.307622916006949,2.3105258750147186,-13.93879963186243,-9.292533087908287,11.615666359885356,-17.71013350627628,-26.565200259414418,-20.908199447793645,-8.4375,-6.15234375,7.20703125,-18.896484375,-27.94921875,-19.072265625,-48.33984375,-26.3671875,39.55078125,13.18359375,13.18359375,-57.12890625,27.2,16.8,-23.1,-8.0,-10.5,12.4
2.310545083018951,2.313611707999371,-14.060590065298221,-9.373726710198815,11.717158387748524,-17.66729315889973,-26.500939738349597,-21.090885097947332,-8.61328125,-6.15234375,7.294921875,-18.80859375,-27.861328125,-19.248046875,-48.33984375,-30.76171875,39.55078125,13.18359375,13.18359375,-57.12890625,26.4,17.6,-23.1,-7.2,-9.5,12.1
2.313629000011133,2.316602208011318,-14.18880058593276,-9.45920039062184,11.824000488277306,-17.621677785331894,-26.43251667799784,-21.28320087889914,-8.701171875,-6.328125,7.470703125,-18.80859375,-27.861328125,-19.423828125,-48.33984375,-30.76171875,39.55078125,13.18359375,13.18359375,-57.12890625,27.2,16.8,-22.4,-8.0,-9.5,12.1
2.3166200410050806,2.3196100830100477,-14.31283184778312,-9.541887898522079,11.927359873152605,-17.57704114269628,-26.36556171404442,-21.469247771674677,-8.876953125,-6.416015625,7.55859375,-18.80859375,-27.7734375,-19.6875,-48.33984375,-30.76171875,39.55078125,8.7890625,13.18359375,-57.12890625,26.4,16.8,-23.2,-8.8,-9.5,11.3
2.3196279160038102,2.322764415992424,-14.437242554431544,-9.62482836962103,12.031035462026274,-17.531762000875393,-26.29764300131309,-21.655863831647316,-9.052734375,-6.416015625,7.646484375,-18.720703125,-27.685546875,-19.86328125,-48.33984375,-30.76171875,35.15625,8.7890625,13.18359375,-57.12890625,26.4,17.6,-23.2,-8.0,-9.5,11.1
2.3227897500037216,2.3266710409952793,-14.567673756435466,-9.71178250429031,12.139728130362895,-17.483743323137656,-26.225614984706482,-21.8515106346532,-9.228515625,-6.50390625,7.822265625,-18.6328125,-27.685546875,-20.0390625,-48.33984375,-30.76171875,35.15625,8.7890625,13.18359375,-57.12890625,26.4,17.7,-23.2,-8.0,-10.5,11.1
2.3266895409906283,2.3296748750144616,-14.728051703943263,-9.818701135962176,12.273376419952706,-17.42392343884279,-26.135885158264188,-22.092077555914894,-9.31640625,-6.6796875,7.91015625,-18.544921875,-27.59765625,-20.302734375,-48.33984375,-30.76171875,35.15625,8.7890625,21.97265625,-65.91796875,26.4,17.7,-23.2,-7.2,-11.3,11.1
2.329693625011714,2.3327831249916926,-14.851217394190986,-9.900811596127323,12.376014495159152,-17.37739709329308,-26.06609563993962,-22.276826091286477,-9.4921875,-6.767578125,8.0859375,-18.544921875,-27.59765625,-20.56640625,-48.33984375,-26.3671875,35.15625,8.7890625,21.97265625,-65.91796875,26.4,17.7,-22.4,-8.0,-11.3,10.4
2.3328012909914833,2.3356797079904936,-14.978281857809794,-9.985521238539864,12.481901548174816,-17.328859327568836,-25.993288991353257,-22.467422786714693,-9.66796875,-6.85546875,8.173828125,-18.45703125,-27.509765625,-20.7421875,-48.33984375,-26.3671875,35.15625,8.7890625,21.97265625,-65.91796875,26.4,16.9,-23.2,-7.2,-10.5,11.2
2.3356930410081986,2.3385672500007786,-15.096197553167974,-10.064131702111982,12.580164627639984,-17.28332297570535,-25.924984463558026,-22.64429632975196,-9.755859375,-6.943359375,8.26171875,-18.45703125,-27.509765625,-20.91796875,-48.33984375,-26.3671875,35.15625,17.578125,21.97265625,-65.91796875,26.4,16.9,-23.2,-8.0,-11.3,11.2
2.3385845000157133,2.3416168749972712,-15.213789950764538,-10.142526633843026,12.678158292303781,-17.23743465489528,-25.856151982342926,-22.820684926146807,-9.931640625,-7.03125,8.349609375,-18.45703125,-27.421875,-21.09375,-48.33984375,-26.3671875,39.55078125,17.578125,21.97265625,-65.91796875,25.5,16.9,-23.2,-8.0,-11.3,12.1
2.3416383750154637,2.344573957991088,-15.337646795662799,-10.225097863775199,12.781372329718987,-17.188582654664113,-25.78287398199617,-23.0064701934942,-10.01953125,-7.119140625,8.525390625,-18.369140625,-27.421875,-21.26953125,-48.33984375,-26.3671875,39.55078125,17.578125,21.97265625,-65.91796875,26.3,16.8,-22.4,-8.0,-12.1,12.1
2.3445944160048384,2.347664541011909,-15.45719962836198,-10.30479975224132,12.880999690301659,-17.14091893879109,-25.711378408186636,-23.185799442542972,-10.1953125,-7.119140625,8.61328125,-18.369140625,-27.421875,-21.4453125,-43.9453125,-26.3671875,39.55078125,17.578125,21.97265625,-61.5234375,25.5,17.6,-23.2,-8.0,-12.9,12.1
2.3476807080151048,2.35074862500187,-15.581664620096863,-10.387776413397908,12.984720516747386,-17.090760696506578,-25.63614104475987,-23.372496930145296,-10.37109375,-7.294921875,8.701171875,-18.28125,-27.333984375,-21.708984375,-43.9453125,-26.3671875,39.55078125,17.578125,13.18359375,-61.5234375,25.5,16.8,-23.2,-8.0,-12.1,11.3
2.350763291004114,2.3546190409979317,-15.705614487139947,-10.470409658093299,13.08801207261662,-17.040261781783357,-25.56039267267504,-23.55842173070992,-10.458984375,-7.294921875,8.876953125,-18.28125,-27.333984375,-21.884765625,-43.9453125,-30.76171875,39.55078125,17.578125,13.18359375,-61.5234375,25.5,17.6,-22.3,-8.8,-12.9,10.2
2.3546333750127815,2.357767458015587,-15.860707860018014,-10.573805240012009,13.217256550015016,-16.976296496771447,-25.46444474515717,-23.79106179002702,-10.634765625,-7.470703125,8.96484375,-18.193359375,-27.24609375,-22.1484375,-43.9453125,-30.76171875,39.55078125,17.578125,13.18359375,-61.5234375,25.5,17.6,-23.1,-8.0,-12.9,9.4
2.357784541003639,2.361651040992001,-15.986557971029281,-10.657705314019521,13.322131642524408,-16.92375009977162,-25.38562514965743,-23.979836956543924,-10.810546875,-7.55859375,9.052734375,-18.10546875,-27.24609375,-22.32421875,-43.9453125,-30.76171875,35.15625,13.18359375,13.18359375,-61.5234375,25.5,16.8,-23.1,-8.0,-13.7,10.2
2.3616665409936104,2.3647800000035204,-16.141057054408588,-10.760704702939059,13.450880878673821,-16.858446971656235,-25.28767045748435,-24.211585581612884,-10.986328125,-7.646484375,9.228515625,-18.017578125,-27.158203125,-22.587890625,-43.9453125,-30.76171875,35.15625,13.18359375,13.18359375,-61.5234375,25.5,17.5,-22.3,-7.2,-13.7,10.3
2.3647947080025915,2.3686379580176435,-16.265118056597675,-10.843412037731783,13.554265047164726,-16.805368647547528,-25.208052971321294,-24.39767708489651,-11.07421875,-7.734375,9.31640625,-18.017578125,-26.982421875,-22.763671875,-43.9453125,-30.76171875,35.15625,13.18359375,13.18359375,-65.91796875,25.5,17.5,-23.1,-8.0,-12.9,9.5
2.368652541015763,2.371756250009639,-16.417576000667736,-10.945050667111824,13.681313333889769,-16.739350820577098,-25.10902623086565,-24.626364001001605,-11.25,-7.822265625,9.4921875,-17.9296875,-26.982421875,-22.939453125,-43.9453125,-26.3671875,35.15625,13.18359375,17.578125,-65.91796875,25.5,17.5,-22.3,-8.8,-13.7,10.5
2.371778291009832,2.3756187499966472,-16.540660839099615,-11.027107226066411,13.783884032583002,-16.6854099807237,-25.028114971085554,-24.810991258649423,-11.337890625,-7.91015625,9.580078125,-17.9296875,-26.89453125,-23.203125,-43.9453125,-26.3671875,35.15625,13.18359375,17.578125,-65.91796875,26.3,17.5,-22.4,-8.8,-13.6,9.7
2.375641499995254,2.3787558329931926,-16.692233830188826,-11.12815588679255,13.910194858490685,-16.618187222415216,-24.927280833622824,-25.03835074528324,-11.513671875,-7.998046875,9.755859375,-17.841796875,-26.71875,-23.37890625,-43.9453125,-26.3671875,35.15625,17.578125,17.578125,-65.91796875,26.3,17.5,-22.4,-8.0,-12.8,9.7
2.3787750829942524,2.382649958017282,-16.814728700110052,-11.209819133406702,14.012273916758385,-16.563210890292645,-24.844816335438964,-25.22209305016508,-11.689453125,-8.0859375,9.84375,-17.75390625,-26.630859375,-23.5546875,-43.9453125,-26.3671875,35.15625,17.578125,17.578125,-65.91796875,25.6,17.5,-22.4,-8.0,-12.8,9.5
2.382667625002796,2.3857584159995895,-16.96632435238981,-11.310882901593207,14.138603626991506,-16.494360490375083,-24.741540735562623,-25.449486528584714,-11.865234375,-8.26171875,10.01953125,-17.75390625,-26.54296875,-23.73046875,-43.9453125,-26.3671875,35.15625,17.578125,17.578125,-65.91796875,25.6,16.9,-22.4,-8.8,-12.7,10.3
2.385775458009448,2.389594083011616,-17.08690428224076,-11.39126952149384,14.239086901867287,-16.438947006687677,-24.658420510031515,-25.630356423361135,-11.953125,-8.349609375,10.107421875,-17.666015625,-26.455078125,-23.994140625,-43.9453125,-26.3671875,35.15625,17.578125,26.3671875,-57.12890625,25.6,16.9,-22.4,-8.0,-12.7,10.3
2.3896118749980815,2.392533041012939,-17.235190430895415,-11.490126953930277,14.362658692412852,-16.370002522375028,-24.55500378356254,-25.852785646343126,-12.12890625,-8.4375,10.283203125,-17.578125,-26.3671875,-24.169921875,-43.9453125,-26.3671875,35.15625,17.578125,26.3671875,-57.12890625,25.6,17.7,-21.6,-8.0,-12.7,10.5
2.3925504999933764,2.39564612499089,-17.34835185063669,-11.565567900424458,14.45695987553057,-16.31679009917917,-24.475185148768755,-26.02252777595503,-12.3046875,-8.525390625,10.37109375,-17.578125,-26.279296875,-24.2578125,-43.9453125,-26.3671875,35.15625,17.578125,26.3671875,-57.12890625,25.6,17.7,-22.4,-8.8,-13.7,11.3
2.395663333008997,2.3987544999981765,-17.46781850606603,-11.645212337377355,14.556515421721691,-16.260043961115056,-24.390065941672585,-26.20172775909905,-12.392578125,-8.61328125,10.458984375,-17.490234375,-26.19140625,-24.43359375,-43.9453125,-26.3671875,35.15625,17.578125,26.3671875,-57.12890625,25.6,16.9,-22.4,-8.0,-13.7,11.3
2.398771708016284,2.402644165995298,-17.58669733915098,-11.724464892767319,14.655581115959137,-16.202991173800804,-24.304486760701206,-26.380046008726467,-12.568359375,-8.701171875,10.546875,-17.40234375,-26.015625,-24.697265625,-43.9453125,-26.3671875,39.55078125,17.578125,26.3671875,-57.12890625,24.7,16.9,-22.4,-8.0,-12.1,11.3
2.4026664160192013,2.4057176659989636,-17.73505712014288,-11.823371413428587,14.779214266785731,-16.130960554787794,-24.196440832181693,-26.60258568021432,-12.65625,-8.7890625,10.72265625,-17.314453125,-25.927734375,-24.873046875,-39.55078125,-26.3671875,39.55078125,17.578125,26.3671875,-57.12890625,25.5,17.6,-22.4,-8.0,-12.7,11.3
2.405754875013372,2.4095944160071667,-17.85223312069864,-11.901488747132426,14.876860933915529,-16.073411759856096,-24.110117639784146,-26.778349681047956,-12.83203125,-8.876953125,10.810546875,-17.314453125,-25.83984375,-25.13671875,-39.55078125,-26.3671875,39.55078125,17.578125,30.76171875,-52.734375,25.5,16.8,-22.4,-8.0,-12.7,8.9
2.409632541006431,2.4125796660082415,-17.998756342761222,-11.999170895174148,14.99896361896768,-16.00062179505552,-24.000932692583277,-26.99813451414183,-13.0078125,-8.96484375,10.986328125,-17.2265625,-25.751953125,-25.400390625,-39.55078125,-30.76171875,39.55078125,17.578125,30.76171875,-52.734375,24.7,17.6,-21.6,-8.0,-12.8,7.7
2.412611875013681,2.415580125001725,-18.110881442177845,-12.073920961451897,15.09240120181487,-15.944291536992559,-23.916437305488838,-27.166322163266766,-13.095703125,-9.052734375,11.07421875,-17.138671875,-25.6640625,-25.48828125,-39.55078125,-30.76171875,39.55078125,17.578125,30.76171875,-52.734375,25.5,17.6,-21.6,-8.8,-12.8,8.5
2.415611833013827,2.418592666013865,-18.22338191819565,-12.1489212787971,15.186151598496364,-15.887218502985071,-23.830827754477607,-27.335072877293474,-13.271484375,-9.140625,11.162109375,-17.138671875,-25.48828125,-25.576171875,-39.55078125,-30.76171875,39.55078125,17.578125,30.76171875,-52.734375,24.7,16.8,-21.6,-8.8,-12.0,10.1
2.418619166011922,2.4215852080087643,-18.335752798721398,-12.223835199147599,15.279793998934496,-15.829651070825289,-23.74447660623793,-27.5036291980821,-13.359375,-9.228515625,11.337890625,-17.05078125,-25.400390625,-25.83984375,-39.55078125,-30.76171875,35.15625,17.578125,30.76171875,-52.734375,25.7,16.8,-21.6,-8.0,-12.0,9.7
2.4216161660151556,2.424718207999831,-18.447330522541083,-12.298220348360722,15.3727754354509,-15.77193001072368,-23.657895016085522,-27.670995783811627,-13.447265625,-9.31640625,11.42578125,-17.05078125,-25.3125,-26.015625,-39.55078125,-30.76171875,35.15625,17.578125,30.76171875,-52.734375,25.7,16.7,-21.6,-8.8,-12.0,10.5
2.4247531250002794,2.4277188330015633,-18.56368093336772,-12.375787288911814,15.469734111139765,-15.711139009620174,-23.56670851443026,-27.845521400051584,-13.623046875,-9.404296875,11.513671875,-16.962890625,-25.224609375,-26.19140625,-43.9453125,-30.76171875,35.15625,17.578125,30.76171875,-57.12890625,24.9,16.7,-21.6,-8.8,-12.0,10.5
2.427743708016351,2.4316322499944363,-18.674182595237816,-12.449455063491877,15.561818829364846,-15.652829412668385,-23.47924411900258,-28.01127389285672,-13.7109375,-9.4921875,11.6015625,-16.875,-25.13671875,-26.3671875,-43.9453125,-30.76171875,35.15625,17.578125,30.76171875,-57.12890625,25.7,16.7,-21.6,-8.0,-12.0,10.5
2.43165504100034,2.4346129579935223,-18.81808353969046,-12.545389026460306,15.681736283075388,-15.576046166301936,-23.364069249452903,-28.227125309535687,-13.88671875,-9.66796875,11.77734375,-16.787109375,-24.9609375,-26.54296875,-43.9453125,-30.76171875,35.15625,17.578125,30.76171875,-57.12890625,25.7,15.9,-21.5,-8.0,-11.9,11.3
2.434632666001562,2.43769562500529,-18.927156719479974,-12.618104479653315,15.772630599566634,-15.517198179457306,-23.275797269185958,-28.39073507921996,-13.974609375,-9.755859375,11.865234375,-16.787109375,-24.873046875,-26.71875,-43.9453125,-30.76171875,35.15625,17.578125,30.76171875,-57.12890625,25.7,15.9,-21.5,-8.8,-11.1,10.5
2.4377145410107914,2.4407437079935335,-19.039612585105445,-12.693075056736964,15.86634382092121,-15.455932375759211,-23.183898563638817,-28.55941887765817,-14.150390625,-9.755859375,11.953125,-16.69921875,-24.78515625,-26.89453125,-43.9453125,-30.76171875,35.15625,21.97265625,30.76171875,-57.12890625,24.8,16.7,-21.5,-8.0,-11.1,10.4
2.440763207996497,2.444676957995398,-19.150417706652412,-12.766945137768275,15.958681422210349,-15.394970342589648,-23.092455513884474,-28.72562655997862,-14.23828125,-9.84375,12.041015625,-16.69921875,-24.78515625,-27.0703125,-43.9453125,-30.76171875,35.15625,21.97265625,30.76171875,-57.12890625,25.6,16.8,-21.5,-8.8,-12.0,11.2
2.444695290992968,2.447734916000627,-19.29268210141671,-12.86178806761114,16.077235084513934,-15.31582213607404,-22.97373320411106,-28.939023152125063,-14.4140625,-10.01953125,12.216796875,-16.611328125,-24.609375,-27.333984375,-39.55078125,-30.76171875,35.15625,21.97265625,30.76171875,-57.12890625,25.6,16.0,-20.7,-8.8,-11.2,10.4
2.4477527500130236,2.4516050000092946,-19.402793874998718,-12.935195916665812,16.168994895832263,-15.253875133797054,-22.880812700695582,-29.104190812498075,-14.501953125,-10.107421875,12.3046875,-16.5234375,-24.521484375,-27.509765625,-39.55078125,-30.76171875,35.15625,21.97265625,30.76171875,-57.12890625,25.6,16.0,-21.5,-8.8,-11.2,9.5
2.4516224580002017,2.4546634159923997,-19.54151611648352,-13.027677410989014,16.284596763736257,-15.174966928306855,-22.76245039246028,-29.31227417472528,-14.677734375,-10.1953125,12.48046875,-16.435546875,-24.345703125,-27.7734375,-39.55078125,-26.3671875,35.15625,21.97265625,30.76171875,-57.12890625,25.6,16.0,-20.8,-8.0,-11.2,9.5
2.4546886660100427,2.457722666003974,-19.65092183422666,-13.100614556151108,16.37576819518889,-15.112044807078941,-22.66806721061841,-29.47638275133999,-14.853515625,-10.283203125,12.568359375,-16.435546875,-24.345703125,-27.94921875,-39.55078125,-26.3671875,35.15625,21.97265625,30.76171875,-57.12890625,24.8,16.0,-20.8,-8.8,-12.0,9.5
2.4577398750116117,2.460739458008902,-19.759339860875116,-13.17289324058341,16.46611655072926,-15.049082486058476,-22.573623729087714,-29.639009791312674,-14.94140625,-10.37109375,12.65625,-16.34765625,-24.2578125,-28.125,-39.55078125,-26.3671875,35.15625,13.18359375,30.76171875,-57.12890625,24.7,16.0,-20.8,-8.8,-12.8,9.6
2.460754750005435,2.464636624994455,-19.866021028318166,-13.244014018878776,16.555017523598465,-14.986530374564438,-22.479795561846657,-29.799031542477245,-15.1171875,-10.37109375,12.744140625,-16.259765625,-24.169921875,-28.30078125,-39.55078125,-26.3671875,35.15625,13.18359375,30.76171875,-57.12890625,24.7,16.8,-20.8,-9.0,-12.0,9.6
2.4646541660185903,2.467772791016614,-20.003340484364266,-13.33556032290951,16.669450403636876,-14.905127670504598,-22.357691505756897,-30.0050107265464,-15.205078125,-10.546875,12.919921875,-16.171875,-24.08203125,-28.4765625,-39.55078125,-26.3671875,35.15625,13.18359375,30.76171875,-57.12890625,24.7,16.0,-20.8,-8.2,-12.8,9.6
2.4677927080192603,2.4716354999982286,-20.113320595957514,-13.40888039730501,16.761100496631258,-14.839202353589275,-22.258803530383915,-30.169980893936273,-15.380859375,-10.634765625,13.0078125,-16.171875,-23.90625,-28.65234375,-39.55078125,-26.3671875,35.15625,13.18359375,30.76171875,-57.12890625,24.7,16.0,-20.8,-9.0,-12.0,8.7
2.471661082992796,2.4747798329917714,-20.24820248649403,-13.498801657662687,16.873502072078356,-14.75745078958704,-22.13617618438056,-30.372303729741045,-15.556640625,-10.72265625,13.095703125,-16.083984375,-23.818359375,-28.828125,-39.55078125,-26.3671875,35.15625,13.18359375,30.76171875,-57.12890625,24.7,16.0,-20.7,-9.6,-12.1,9.5
2.4747979580133688,2.47859154100297,-20.3570298527762,-13.571353235184134,16.964191543980164,-14.690758025570268,-22.036137038355402,-30.5355447791643,-15.64453125,-10.810546875,13.271484375,-15.99609375,-23.73046875,-29.00390625,-39.55078125,-26.3671875,35.15625,21.97265625,30.76171875,-57.12890625,24.7,16.0,-20.7,-9.6,-12.1,9.5
2.4786088750115596,2.481686790997628,-20.488576486149608,-13.659050990766406,17.073813738458007,-14.609254807540433,-21.91388221131065,-30.732864729224413,-15.8203125,-10.8984375,13.359375,-15.908203125,-23.5546875,-29.1796875,-39.55078125,-26.3671875,30.76171875,21.97265625,30.76171875,-57.12890625,24.8,16.0,-20.7,-8.8,-12.1,9.6
2.4817042910144664,2.4856397910043597,-20.594885045043636,-13.729923363362424,17.16240420420303,-14.542668408383472,-21.81400261257521,-30.892327567565452,-15.908203125,-10.986328125,13.447265625,-15.8203125,-23.5546875,-29.35546875,-39.55078125,-26.3671875,30.76171875,21.97265625,30.76171875,-57.12890625,24.8,15.9,-20.7,-8.8,-12.7,8.8
2.4856593330041505,2.48876675000065,-20.7300076533034,-13.820005102202266,17.27500637775282,-14.457090266547539,-21.685635399821308,-31.095011479955097,-16.083984375,-11.07421875,13.53515625,-15.732421875,-23.37890625,-29.53125,-39.55078125,-26.3671875,30.76171875,21.97265625,30.76171875,-52.734375,24.8,15.9,-20.7,-9.6,-11.9,9.6
2.4887887079967186,2.4925919999950565,-20.836354914905574,-13.890903276603716,17.363629095754643,-14.388982109935371,-21.583473164903058,-31.254532372358362,-16.171875,-11.162109375,13.7109375,-15.732421875,-23.291015625,-29.70703125,-39.55078125,-26.3671875,30.76171875,21.97265625,30.76171875,-52.734375,24.8,15.9,-20.7,-9.6,-11.9,9.7
2.4926111660024617,2.495607666001888,-20.965572257384807,-13.977048171589871,17.47131021448734,-14.305318046413937,-21.457977069620906,-31.448358386077214,-16.34765625,-11.25,13.798828125,-15.64453125,-23.115234375,-29.8828125,-39.55078125,-26.3671875,30.76171875,21.97265625,30.76171875,-52.734375,24.8,15.9,-20.7,-8.8,-11.9,10.5
2.4956254580174573,2.498656290990766,-21.066936930713105,-14.044624620475403,17.555780775594243,-14.238978870338153,-21.35846830550723,-31.600405396069657,-16.435546875,-11.337890625,13.88671875,-15.556640625,-23.02734375,-30.05859375,-39.55078125,-26.3671875,30.76171875,21.97265625,30.76171875,-52.734375,24.8,15.1,-20.7,-8.8,-11.9,10.5
2.4986787080124486,2.5025405829946976,-21.16913018580645,-14.112753457204299,17.640941821505372,-14.171456871337123,-21.257185307005685,-31.75369527870967,-16.611328125,-11.42578125,14.0625,-15.46875,-22.939453125,-30.234375,-39.55078125,-26.3671875,35.15625,21.97265625,30.76171875,-52.734375,23.9,15.9,-19.9,-8.8,-12.7,10.5
2.5025773330125958,2.505578415992204,-21.29891027478995,-14.199273516526635,17.74909189565828,-14.084765940648982,-21.127148910973474,-31.948365412184927,-16.787109375,-11.513671875,14.150390625,-15.380859375,-22.763671875,-30.41015625,-43.9453125,-26.3671875,35.15625,21.97265625,30.76171875,-52.734375,23.9,15.1,-19.9,-9.6,-11.4,9.7
2.505619375006063,2.5085579580045305,-21.399621296171873,-14.266414197447915,17.83301774680989,-14.016755186092702,-21.025132779139053,-32.09943194425781,-16.875,-11.6015625,14.23828125,-15.29296875,-22.67578125,-30.5859375,-43.9453125,-26.3671875,35.15625,21.97265625,35.15625,-52.734375,23.9,15.1,-20.7,-9.6,-11.4,8.1
2.5085885830048937,2.51158600000781,-21.497449848293375,-14.331633232195584,17.914541540244485,-13.950064118054332,-20.9250961770815,-32.246174772440064,-17.05078125,-11.689453125,14.326171875,-15.205078125,-22.587890625,-30.76171875,-43.9453125,-26.3671875,35.15625,21.97265625,35.15625,-52.734375,23.1,15.1,-20.7,-8.8,-11.4,7.6
2.511613208014751,2.5145795000134967,-21.596623441038126,-14.397748960692084,17.997186200865094,-13.881816338825775,-20.82272450823866,-32.39493516155719,-17.138671875,-11.77734375,14.501953125,-15.205078125,-22.5,-30.9375,-43.9453125,-26.3671875,35.15625,21.97265625,35.15625,-52.734375,23.9,15.1,-20.0,-8.8,-11.8,7.6
2.514610000012908,2.5174895410018507,-21.69440364750225,-14.462935765001498,18.078669706251876,-13.813887543245759,-20.72083131486864,-32.54160547125337,-17.2265625,-11.865234375,14.501953125,-15.1171875,-22.32421875,-31.025390625,-43.9453125,-26.3671875,35.15625,21.97265625,35.15625,-52.734375,23.9,15.1,-20.8,-8.8,-11.8,8.4
2.517513583006803,2.5205762080149725,-21.78868409171176,-14.525789394474508,18.15723674309314,-13.747779546798522,-20.621669320197782,-32.683026137567644,-17.314453125,-11.865234375,14.58984375,-15.1171875,-22.32421875,-31.201171875,-43.9453125,-26.3671875,30.76171875,21.97265625,35.15625,-52.734375,24.0,15.1,-20.0,-9.6,-11.8,9.0
2.520600582996849,2.5236295410140883,-21.88842300818004,-14.592282005453361,18.2403525068167,-13.677181941954347,-20.51577291293152,-32.83263451227006,-17.490234375,-12.041015625,14.765625,-15.029296875,-22.1484375,-31.2890625,-43.9453125,-26.3671875,30.76171875,21.97265625,35.15625,-52.734375,23.2,14.3,-20.0,-9.6,-11.3,9.8
2.52364708299865,2.526673790998757,-21.98634882361231,-14.657565882408207,18.32195735301026,-13.607195243798884,-20.410792865698326,-32.97952323541847,-17.578125,-12.041015625,14.853515625,-14.94140625,-22.060546875,-31.46484375,-39.55078125,-26.3671875,30.76171875,21.97265625,35.15625,-48.33984375,24.0,15.1,-20.0,-8.8,-11.3,9.8
2.52670670801308,2.5297612080175895,-22.084189769883082,-14.722793179922053,18.403491474902566,-13.536593403853152,-20.304890105779727,-33.12628465482462,-17.75390625,-12.12890625,14.94140625,-14.853515625,-21.97265625,-31.640625,-39.55078125,-26.3671875,30.76171875,21.97265625,35.15625,-48.33984375,23.2,15.1,-20.0,-8.8,-12.1,9.8
2.5297782080015168,2.5336345410032663,-22.18189737687392,-14.787931584582614,18.484914480728257,-13.46540305559786,-20.19810458339679,-33.27284606531088,-17.9296875,-12.216796875,15.029296875,-14.765625,-21.884765625,-31.728515625,-39.55078125,-26.3671875,30.76171875,21.97265625,35.15625,-48.33984375,22.4,15.1,-20.0,-8.8,-12.0,9.7
2.533659875014564,2.5367758749925997,-22.30463835543634,-14.869758903624227,18.58719862953028,-13.374986734501386,-20.06248010175208,-33.45695753315451,-18.017578125,-12.392578125,15.205078125,-14.677734375,-21.708984375,-31.9921875,-39.55078125,-26.3671875,30.76171875,21.97265625,35.15625,-48.33984375,23.2,14.3,-19.2,-9.6,-11.2,8.9
2.5367975830158684,2.5406004580145236,-22.40324899230093,-14.93549932820062,18.669374160250783,-13.301535994663123,-19.952303991994683,-33.604873488451396,-18.193359375,-12.392578125,15.205078125,-14.677734375,-21.62109375,-32.080078125,-39.55078125,-26.3671875,30.76171875,21.97265625,35.15625,-48.33984375,22.3,15.1,-20.0,-10.4,-12.0,9.7
2.540635083016241,2.5437493750068825,-22.523112353347663,-15.015408235565108,18.769260294456377,-13.211264720658795,-19.81689708098819,-33.78466853002149,-18.28125,-12.568359375,15.380859375,-14.58984375,-21.533203125,-32.34375,-39.55078125,-26.3671875,30.76171875,21.97265625,35.15625,-48.33984375,23.1,14.3,-19.2,-9.6,-12.0,8.8
2.543774207995739,2.5475709160091355,-22.620553796900246,-15.080369197933498,18.850461497416873,-13.137064544791526,-19.70559681718729,-33.93083069535037,-18.45703125,-12.65625,15.46875,-14.501953125,-21.357421875,-32.431640625,-39.55078125,-26.3671875,30.76171875,21.97265625,35.15625,-48.33984375,22.3,13.5,-19.2,-9.6,-11.2,8.8
2.5475919579912443,2.5506054160068743,-22.738318984126455,-15.15887932275097,18.94859915343871,-13.046393282370158,-19.569589923555235,-34.10747847618968,-18.544921875,-12.744140625,15.64453125,-14.4140625,-21.26953125,-32.6953125,-39.55078125,-26.3671875,30.76171875,21.97265625,35.15625,-48.33984375,22.3,13.5,-19.2,-10.4,-12.0,8.7
2.550624625000637,2.553677207994042,-22.831284331847584,-15.220856221231722,19.026070276539652,-12.974033139027801,-19.4610497085417,-34.246926497771376,-18.720703125,-12.744140625,15.732421875,-14.326171875,-21.09375,-32.783203125,-39.55078125,-26.3671875,30.76171875,21.97265625,35.15625,-48.33984375,22.3,14.3,-19.1,-9.6,-11.2,9.5
2.5537018750037532,2.557590375014115,-22.925086758075125,-15.283391172050083,19.1042389650626,-12.900308301823706,-19.35046245273556,-34.38763013711269,-18.80859375,-12.83203125,15.732421875,-14.23828125,-21.005859375,-32.958984375,-39.55078125,-26.3671875,30.76171875,21.97265625,35.15625,-48.33984375,22.3,14.3,-19.1,-8.8,-12.0,9.5
2.557615458004875,2.560722624999471,-23.043608670537843,-15.36240578035856,19.2030072254482,-12.806111378541337,-19.209167067812004,-34.56541300580676,-18.984375,-12.919921875,15.908203125,-14.150390625,-20.830078125,-33.134765625,-39.55078125,-26.3671875,30.76171875,21.97265625,35.15625,-48.33984375,21.5,14.3,-19.1,-8.8,-12.0,7.9
2.5607414999976754,2.5645951660117134,-23.137654699882248,-15.425103133254831,19.28137891656854,-12.730522115312159,-19.09578317296824,-34.70648204982337,-19.072265625,-13.0078125,15.99609375,-14.0625,-20.7421875,-33.310546875,-39.55078125,-26.3671875,30.76171875,21.97265625,35.15625,-48.33984375,22.3,14.4,-19.1,-8.8,-11.2,7.9
2.564614500006428,2.5676475829968695,-23.253398711934643,-15.50226580795643,19.377832259945535,-12.636445497823548,-18.95466824673532,-34.88009806790197,-19.248046875,-13.18359375,16.083984375,-14.0625,-20.654296875,-33.486328125,-39.55078125,-26.3671875,30.76171875,21.97265625,35.15625,-48.33984375,21.5,13.6,-19.1,-9.6,-11.2,7.9
2.567664500005776,2.570755332999397,-23.343941963350797,-15.562627975567198,19.453284969458995,-12.562030508404812,-18.84304576260722,-35.015912945026194,-19.3359375,-13.18359375,16.171875,-13.974609375,-20.478515625,-33.57421875,-39.55078125,-21.97265625,30.76171875,21.97265625,35.15625,-48.33984375,21.5,13.6,-19.1,-9.6,-11.2,8.9
2.570773500017822,2.5746260000159964,-23.435685233774294,-15.623790155849528,19.529737694811907,-12.485879270839495,-18.728818906259242,-35.15352785066144,-19.423828125,-13.271484375,16.259765625,-13.88671875,-20.390625,-33.837890625,-39.55078125,-21.97265625,30.76171875,21.97265625,35.15625,-48.33984375,21.5,13.6,-19.1,-9.6,-12.0,8.1
2.5746472500031814,2.577821999992011,-23.549213141280177,-15.699475427520117,19.624344284400145,-12.390579942064539,-18.585869913096808,-35.323819711920265,-19.599609375,-13.359375,16.435546875,-13.798828125,-20.302734375,-33.92578125,-39.55078125,-21.97265625,30.76171875,21.97265625,35.15625,-48.33984375,21.5,13.6,-18.3,-9.6,-12.0,7.3
2.5778374999936204,2.5815897500142455,-23.642055186811007,-15.76137012454067,19.701712655675834,-12.311750963905858,-18.467626445858787,-35.46308278021651,-19.6875,-13.447265625,16.5234375,-13.7109375,-20.126953125,-34.1015625,-39.55078125,-21.97265625,30.76171875,21.97265625,35.15625,-48.33984375,21.5,13.6,-18.3,-9.6,-11.2,7.0
2.581603875005385,2.5846761249995325,-23.75089911669137,-15.833932744460915,19.79241593057614,-12.218288498962877,-18.327432748444316,-35.62634867503706,-19.86328125,-13.53515625,16.611328125,-13.623046875,-19.951171875,-34.189453125,-35.15625,-21.97265625,30.76171875,21.97265625,35.15625,-48.33984375,21.5,13.6,-18.3,-9.6,-11.1,7.8
2.5846966250101104,2.5877544580143876,-23.83965463604068,-15.893103090693788,19.86637886336723,-12.141222102761304,-18.211833154141956,-35.75948195406102,-19.951171875,-13.53515625,16.69921875,-13.53515625,-19.951171875,-34.365234375,-35.15625,-21.97265625,30.76171875,21.97265625,30.76171875,-43.9453125,21.5,14.4,-18.3,-9.6,-11.9,7.8
2.587769833015045,2.591614083008608,-23.927292028986987,-15.951528019324657,19.93941002415582,-12.064358824599857,-18.096538236899786,-35.890938043480475,-20.0390625,-13.623046875,16.787109375,-13.447265625,-19.775390625,-34.453125,-35.15625,-21.97265625,30.76171875,21.97265625,30.76171875,-43.9453125,21.5,13.6,-18.3,-10.4,-11.9,9.0
2.591627540998161,2.5946865410078317,-24.036511172144955,-16.02434078142997,20.030425976787463,-11.9674768652628,-17.9512152978942,-36.05476675821743,-20.21484375,-13.7109375,16.875,-13.359375,-19.599609375,-34.62890625,-35.15625,-21.97265625,30.76171875,21.97265625,30.76171875,-43.9453125,20.7,13.6,-18.4,-9.6,-12.2,9.0
2.594701082998654,2.5977571250114124,-24.12289753073563,-16.081931687157088,20.102414608946358,-11.889973642090755,-17.83496046313613,-36.18434629610345,-20.302734375,-13.798828125,16.962890625,-13.271484375,-19.51171875,-34.716796875,-35.15625,-21.97265625,30.76171875,26.3671875,30.76171875,-43.9453125,20.7,13.6,-18.4,-9.6,-12.2,9.0
2.597770499996841,2.6016059160174336,-24.208606810179326,-16.139071206786216,20.173839008482773,-11.812297853605118,-17.718446780407678,-36.31291021526899,-20.390625,-13.88671875,17.05078125,-13.18359375,-19.3359375,-34.892578125,-35.15625,-21.97265625,30.76171875,26.3671875,30.76171875,-43.9453125,21.6,13.6,-18.4,-9.6,-12.2,8.9
2.6016323750081938,2.6046830830164254,-24.31564470586848,-16.21042980391232,20.2630372548904,-11.714177972543835,-17.57126695881575,-36.47346705880272,-20.56640625,-13.974609375,17.2265625,-13.095703125,-19.16015625,-35.068359375,-35.15625,-21.97265625,30.76171875,26.3671875,30.76171875,-43.9453125,20.8,13.6,-17.6,-10.4,-10.3,8.9
2.604695582995191,2.6077562909922563,-24.39991014048945,-16.266606760326297,20.33325845040787,-11.636043335468752,-17.45406500320313,-36.59986521073417,-20.654296875,-14.0625,17.314453125,-13.0078125,-19.072265625,-35.15625,-35.15625,-21.97265625,30.76171875,26.3671875,43.9453125,-39.55078125,20.8,12.8,-17.6,-10.4,-10.3,8.1
2.6077685829950497,2.6116020000190474,-24.483877317651153,-16.3225848784341,20.403231098042625,-11.557388238106153,-17.336082357159228,-36.725815976476724,-20.7421875,-14.150390625,17.40234375,-12.919921875,-18.984375,-35.33203125,-35.15625,-26.3671875,30.76171875,26.3671875,43.9453125,-39.55078125,20.8,12.8,-17.6,-10.4,-10.3,7.8
2.611623208009405,2.6147006250103004,-24.58839492188145,-16.3922632812543,20.490329101567873,-11.458346500173665,-17.187519750260495,-36.882592382822175,-20.830078125,-14.150390625,17.490234375,-12.83203125,-18.80859375,-35.5078125,-35.15625,-26.3671875,30.76171875,26.3671875,43.9453125,-39.55078125,21.6,13.6,-17.6,-9.6,-11.0,7.8
2.6147168329916894,2.618614458013326,-24.671626249500285,-16.44775083300019,20.559688541250235,-11.3785540617225,-17.067831092583752,-37.007439374250424,-21.005859375,-14.23828125,17.578125,-12.744140625,-18.720703125,-35.595703125,-35.15625,-26.3671875,30.76171875,21.97265625,43.9453125,-39.55078125,20.8,13.6,-17.6,-9.6,-11.0,8.6
2.61862958301208,2.6217573750182055,-24.776060771795645,-16.517373847863762,20.646717309829704,-11.277249716571244,-16.91587457485687,-37.16409115769347,-21.09375,-14.326171875,17.666015625,-12.65625,-18.544921875,-35.771484375,-35.15625,-26.3671875,26.3671875,21.97265625,43.9453125,-39.55078125,20.7,12.8,-17.6,-10.4,-11.3,9.0
2.621771833015373,2.625620375009021,-24.859252592208552,-16.572835061472368,20.71604382684046,-11.195585649050798,-16.793378473576198,-37.28887888831283,-21.26953125,-14.4140625,17.75390625,-12.568359375,-18.45703125,-35.947265625,-35.15625,-26.3671875,26.3671875,21.97265625,43.9453125,-39.55078125,19.9,12.7,-17.6,-10.4,-11.3,7.4
2.625636290991679,2.6287614580069203,-24.96073440644352,-16.64048960429568,20.800612005369597,-11.094778309156403,-16.642167463734605,-37.44110160966528,-21.357421875,-14.501953125,17.841796875,-12.48046875,-18.28125,-36.03515625,-35.15625,-26.3671875,26.3671875,21.97265625,35.15625,-43.9453125,19.9,12.7,-17.6,-9.6,-12.1,8.2
2.6287762080028187,2.6326103750034235,-25.04251247397548,-16.695008315983657,20.868760394979567,-11.012569969323083,-16.518854953984626,-37.563768710963224,-21.4453125,-14.58984375,17.9296875,-12.392578125,-18.193359375,-36.2109375,-35.15625,-17.578125,26.3671875,21.97265625,35.15625,-43.9453125,19.9,12.7,-17.6,-9.6,-12.1,7.8
2.6326247499964666,2.635681707994081,-25.141915304584487,-16.76127686972299,20.95159608715374,-10.911443428643576,-16.367165142965366,-37.71287295687673,-21.533203125,-14.677734375,18.10546875,-12.3046875,-18.017578125,-36.38671875,-35.15625,-17.578125,26.3671875,21.97265625,35.15625,-43.9453125,20.7,11.9,-16.7,-10.4,-11.3,7.8
2.6356957080133725,2.63959579099901,-25.22057522132485,-16.813716814216566,21.017146017770706,-10.830462912144208,-16.245694368216313,-37.830862831987275,-21.708984375,-14.677734375,18.10546875,-12.216796875,-17.9296875,-36.5625,-35.15625,-17.578125,26.3671875,26.3671875,35.15625,-43.9453125,19.9,12.7,-17.5,-10.4,-11.3,7.0
2.6396114579983987,2.642651708010817,-25.32002226820809,-16.88001484547206,21.100018556840073,-10.726840113315891,-16.09026016997384,-37.98003340231214,-21.796875,-14.765625,18.28125,-12.12890625,-17.75390625,-36.650390625,-35.15625,-17.578125,26.3671875,26.3671875,35.15625,-43.9453125,19.9,12.8,-16.7,-9.6,-11.2,8.0
2.6426699580042623,2.6466182910080533,-25.397031888644435,-16.931354592429624,21.164193240537028,-10.645620304398065,-15.968430456597098,-38.09554783296665,-21.884765625,-14.853515625,18.28125,-12.041015625,-17.666015625,-36.73828125,-30.76171875,-17.578125,26.3671875,26.3671875,35.15625,-39.55078125,19.9,12.8,-17.5,-9.6,-12.0,7.2
2.6466355829907116,2.6497757080069277,-25.496008882943567,-16.99733925529571,21.246674069119635,-10.539945836691167,-15.809918755036751,-38.24401332441535,-21.97265625,-14.94140625,18.369140625,-11.953125,-17.490234375,-36.9140625,-30.76171875,-17.578125,26.3671875,26.3671875,39.55078125,-39.55078125,20.7,12.0,-17.5,-10.4,-12.0,7.1
2.649793040996883,2.6536072909948416,-25.574107800380048,-17.049405200253364,21.311756500316704,-10.455514445381134,-15.6832716680717,-38.36116170057007,-22.060546875,-15.029296875,18.544921875,-11.865234375,-17.314453125,-37.08984375,-30.76171875,-21.97265625,26.3671875,26.3671875,39.55078125,-39.55078125,20.7,12.0,-16.8,-10.4,-11.1,7.1
2.653624208003748,2.656769291003002,-25.668025797859748,-17.112017198573167,21.39002149821646,-10.352722704474228,-15.529084056711342,-38.502038696789626,-22.236328125,-15.1171875,18.6328125,-11.77734375,-17.2265625,-37.177734375,-30.76171875,-21.97265625,26.3671875,26.3671875,39.55078125,-39.55078125,19.9,12.0,-16.8,-9.6,-12.7,7.9
2.6567881660012063,2.660532250010874,-25.74488699423172,-17.163257996154478,21.454072495193095,-10.267549608228798,-15.401324412343198,-38.61733049134758,-22.32421875,-15.1171875,18.720703125,-11.689453125,-17.05078125,-37.265625,-30.76171875,-21.97265625,26.3671875,26.3671875,39.55078125,-39.55078125,20.0,12.0,-16.8,-9.6,-11.1,8.1
2.6605511250090785,2.663638333004201,-25.835471525381013,-17.22364768358734,21.529559604484174,-10.165921525944237,-15.248882288916356,-38.75320728807152,-22.5,-15.205078125,18.80859375,-11.6015625,-16.875,-37.44140625,-30.76171875,-21.97265625,26.3671875,26.3671875,39.55078125,-39.55078125,19.2,11.9,-16.0,-10.4,-11.2,8.1
2.663658875011606,2.6674800000037067,-25.90960298375669,-17.273068655837793,21.59133581979724,-10.081721044083395,-15.12258156612509,-38.864404475635034,-22.587890625,-15.29296875,18.896484375,-11.513671875,-16.787109375,-37.529296875,-30.76171875,-21.97265625,26.3671875,26.3671875,39.55078125,-39.55078125,19.2,11.9,-16.0,-10.4,-11.2,7.3
2.66749904101016,2.6706197909952607,-26.000352258900996,-17.333568172600664,21.666960215750827,-9.977345057970348,-14.966017586955523,-39.0005283883515,-22.67578125,-15.380859375,18.984375,-11.42578125,-16.611328125,-37.705078125,-30.76171875,-21.97265625,26.3671875,26.3671875,39.55078125,-39.55078125,19.2,11.9,-16.0,-9.6,-12.0,7.2
2.670636374998139,2.674558041006094,-26.073790456296212,-17.38252697086414,21.72815871358017,-9.891802470085052,-14.837703705127579,-39.11068568444431,-22.763671875,-15.380859375,19.072265625,-11.337890625,-16.5234375,-37.79296875,-30.76171875,-21.97265625,26.3671875,26.3671875,39.55078125,-39.55078125,19.2,11.9,-15.9,-9.6,-12.1,8.0
2.674573208001675,2.6777164580125827,-26.16504713206298,-17.443364754708654,21.804205943385817,-9.784121117105403,-14.676181675658107,-39.24757069809447,-22.939453125,-15.46875,19.16015625,-11.25,-16.259765625,-37.96875,-30.76171875,-21.97265625,26.3671875,26.3671875,39.55078125,-39.55078125,19.2,11.9,-15.9,-10.4,-10.5,8.0
2.6777321660192683,2.6815465410181787,-26.237549095352247,-17.491699396901495,21.86462424612687,-9.697445653801614,-14.546168480702422,-39.35632364302837,-23.02734375,-15.556640625,19.248046875,-11.162109375,-16.171875,-38.056640625,-30.76171875,-21.97265625,26.3671875,26.3671875,39.55078125,-39.55078125,18.3,11.9,-15.9,-10.4,-10.5,8.1
2.6815590000187512,2.6846051659958903,-26.32451412350415,-17.549676082336102,21.937095102920125,-9.592125385183424,-14.388188077775137,-39.486771185256224,-23.115234375,-15.64453125,19.3359375,-11.07421875,-15.99609375,-38.232421875,-30.76171875,-21.97265625,26.3671875,26.3671875,39.55078125,-39.55078125,19.1,11.2,-15.9,-10.4,-10.2,8.1
2.684617833001539,2.6876747909991536,-26.393342410478972,-17.59556160698598,21.994452008732477,-9.507692240221122,-14.261538360331683,-39.590013615718455,-23.203125,-15.732421875,19.423828125,-10.986328125,-15.8203125,-38.3203125,-30.76171875,-21.97265625,26.3671875,26.3671875,48.33984375,-35.15625,19.1,11.2,-15.9,-10.4,-10.2,7.3
2.6876885830133688,2.6915500000177417,-26.461825961654824,-17.64121730776988,22.05152163471235,-9.422709371515198,-14.134064057272798,-39.69273894248224,-23.37890625,-15.732421875,19.51171875,-10.8984375,-15.732421875,-38.408203125,-30.76171875,-17.578125,26.3671875,26.3671875,48.33984375,-35.15625,18.3,12.0,-15.1,-10.4,-11.0,7.8
2.6915629580034874,2.694673916004831,-26.54735324099536,-17.698235493996904,22.12279436749613,-9.315173664458873,-13.97276049668831,-39.82102986149304,-23.466796875,-15.8203125,19.599609375,-10.810546875,-15.64453125,-38.583984375,-30.76171875,-17.578125,26.3671875,26.3671875,48.33984375,-35.15625,18.3,11.2,-15.1,-11.2,-12.2,7.8
2.6946869580133352,2.698618583002826,-26.6156000119543,-17.743733341302864,22.179666676628578,-9.22821364689489,-13.842320470342335,-39.92340001793145,-23.5546875,-15.908203125,19.6875,-10.72265625,-15.46875,-38.671875,-30.76171875,-17.578125,26.3671875,26.3671875,48.33984375,-35.15625,18.3,11.2,-15.1,-10.4,-11.4,7.0
2.6986321250151377,2.701761083008023,-26.70087000391404,-17.80058000260936,22.2507250032617,-9.118078282769005,-13.677117424153508,-40.051305005871065,-23.642578125,-15.99609375,19.775390625,-10.634765625,-15.29296875,-38.84765625,-30.76171875,-17.578125,26.3671875,26.3671875,48.33984375,-35.15625,18.3,11.2,-15.1,-10.4,-11.1,7.2
2.701772875007009,2.7056449160154443,-26.768020557252658,-17.84534703816844,22.306683797710548,-9.030148896188418,-13.545223344282629,-40.15203083587899,-23.73046875,-15.99609375,19.86328125,-10.546875,-15.1171875,-38.935546875,-30.76171875,-17.578125,26.3671875,26.3671875,48.33984375,-35.15625,18.3,11.1,-15.1,-10.4,-10.3,8.0
2.7056574579910375,2.7087677080126014,-26.850173163467673,-17.90011544231178,22.375144302889723,-8.921091141329706,-13.381636711994558,-40.27525974520151,-23.90625,-16.083984375,19.951171875,-10.37109375,-14.94140625,-39.0234375,-30.76171875,-17.578125,26.3671875,26.3671875,39.55078125,-39.55078125,17.5,11.1,-15.1,-9.6,-10.3,8.0
2.7087795000115875,2.712618499994278,-26.915474805521132,-17.94364987034742,22.42956233793428,-8.833200401348368,-13.24980060202255,-40.3732122082817,-23.994140625,-16.171875,20.0390625,-10.283203125,-14.853515625,-39.19921875,-30.76171875,-21.97265625,26.3671875,26.3671875,39.55078125,-39.55078125,17.5,10.3,-14.2,-9.6,-11.2,6.4
2.7126326659927145,2.7155360000033397,-26.995176251515762,-17.996784167677177,22.495980209596468,-8.724434630510117,-13.086651945765176,-40.492764377273645,-24.08203125,-16.259765625,20.126953125,-10.1953125,-14.677734375,-39.287109375,-30.76171875,-21.97265625,26.3671875,26.3671875,39.55078125,-39.55078125,17.5,10.3,-14.2,-9.6,-10.4,7.2
2.7155500410008244,2.7185992500162683,-27.05486350619467,-18.03657567079645,22.54571958849556,-8.641871213552864,-12.962806820329297,-40.58229525929201,-24.169921875,-16.259765625,20.126953125,-10.107421875,-14.58984375,-39.462890625,-30.76171875,-21.97265625,21.97265625,26.3671875,39.55078125,-39.55078125,17.5,11.1,-15.0,-10.4,-10.4,7.2
2.718615374993533,2.7215915830165613,-27.116965754754553,-18.077977169836366,22.59747146229546,-8.554924981954844,-12.832387472932265,-40.675448632131825,-24.2578125,-16.34765625,20.21484375,-10.01953125,-14.4140625,-39.55078125,-30.76171875,-21.97265625,21.97265625,26.3671875,39.55078125,-39.55078125,17.5,10.3,-15.0,-10.4,-10.3,7.2
2.7216062500083353,2.7246786250034347,-27.176953542801353,-18.117969028534237,22.647461285667795,-8.469899543741603,-12.704849315612403,-40.76543031420203,-24.345703125,-16.34765625,20.302734375,-9.931640625,-14.326171875,-39.638671875,-30.76171875,-21.97265625,21.97265625,26.3671875,39.55078125,-39.55078125,16.7,11.1,-14.2,-10.4,-11.1,7.2
2.7246932910056785,2.7286296660022344,-27.23824102964401,-18.158827353096004,22.698534191370005,-8.38194423510753,-12.572916352661297,-40.85736154446601,-24.43359375,-16.435546875,20.390625,-9.84375,-14.150390625,-39.7265625,-30.76171875,-21.97265625,21.97265625,26.3671875,39.55078125,-30.76171875,16.7,10.3,-14.2,-10.4,-11.1,6.4
2.728643708018353,2.732583916018484,-27.31573484066117,-18.210489893774117,22.76311236721764,-8.269102601174499,-12.403653901761748,-40.97360226099176,-24.521484375,-16.5234375,20.390625,-9.755859375,-13.974609375,-39.814453125,-30.76171875,-17.578125,21.97265625,26.3671875,39.55078125,-30.76171875,16.7,10.3,-15.3,-11.2,-11.3,7.1
2.7325980000023264,2.735652375005884,-27.39225130683344,-18.261500871222292,22.826876089027863,-8.15583140644456,-12.23374710966684,-41.08837696025016,-24.609375,-16.611328125,20.478515625,-9.66796875,-13.798828125,-39.990234375,-30.76171875,-17.578125,21.97265625,26.3671875,39.55078125,-30.76171875,16.7,9.5,-15.3,-10.4,-10.5,6.3
2.735677791002672,2.7396205000113696,-27.451114035054115,-18.300742690036074,22.875928362545096,-8.06739220523529,-12.101088307852935,-41.17667105258117,-24.697265625,-16.611328125,20.654296875,-9.580078125,-13.623046875,-39.990234375,-30.76171875,-17.578125,21.97265625,26.3671875,39.55078125,-30.76171875,16.7,10.3,-13.7,-10.4,-9.7,6.3
2.739635416015517,2.742698415997438,-27.52581101073514,-18.350540673823428,22.938175842279286,-7.9534682358297015,-11.930202353744551,-41.28871651610271,-24.78515625,-16.69921875,20.7421875,-9.404296875,-13.53515625,-40.166015625,-30.76171875,-17.578125,21.97265625,26.3671875,39.55078125,-30.76171875,16.7,10.4,-13.7,-10.4,-10.3,6.4
2.742727166012628,2.7465418750070967,-27.58342531759626,-18.38895021173084,22.986187764663548,-7.864255216515059,-11.79638282477259,-41.375137976394385,-24.9609375,-16.787109375,20.7421875,-9.31640625,-13.359375,-40.25390625,-26.3671875,-17.578125,21.97265625,26.3671875,39.55078125,-30.76171875,15.9,9.6,-14.5,-10.4,-10.3,5.6
2.7465585000172723,2.749607708014082,-27.65391889113176,-18.435945927421173,23.044932409276466,-7.7534442515054325,-11.63016637725815,-41.48087833669764,-25.048828125,-16.787109375,20.830078125,-9.228515625,-13.18359375,-40.341796875,-26.3671875,-17.578125,21.97265625,26.3671875,43.9453125,-30.76171875,15.9,10.4,-14.5,-10.4,-11.1,6.4
2.7496312080183998,2.7526996660162695,-27.709730703143997,-18.473153802096,23.091442252619995,-7.664371376969296,-11.496557065453944,-41.564596054716,-25.048828125,-16.875,20.91796875,-9.140625,-13.095703125,-40.4296875,-26.3671875,-13.18359375,21.97265625,26.3671875,43.9453125,-30.76171875,16.7,9.6,-13.4,-10.4,-11.3,7.2
2.7527178750024177,2.756571083009476,-27.76514612868381,-18.51009741912254,23.137621773903174,-7.574714089296909,-11.362071133945363,-41.647719193025715,-25.13671875,-16.875,21.005859375,-9.052734375,-12.919921875,-40.4296875,-26.3671875,-13.18359375,21.97265625,30.76171875,43.9453125,-30.76171875,15.9,10.4,-13.4,-10.4,-11.3,7.2
2.7565901250054594,2.7595139580080286,-27.83374207093076,-18.55582804728717,23.194785059108966,-7.46198669789157,-11.192980046837354,-41.75061310639614,-25.3125,-16.962890625,21.09375,-8.96484375,-12.744140625,-40.517578125,-26.3671875,-13.18359375,21.97265625,30.76171875,43.9453125,-30.76171875,15.1,9.6,-13.4,-11.2,-11.3,7.3
2.7595279999950435,2.7624377910105977,-27.88509890935147,-18.590065939567644,23.237582424459553,-7.376276049777891,-11.064414074666837,-41.827648364027205,-25.3125,-17.05078125,21.09375,-8.876953125,-12.65625,-40.693359375,-26.3671875,-13.18359375,21.97265625,30.76171875,43.9453125,-30.76171875,15.9,9.5,-13.4,-11.2,-11.1,7.3
2.7624547079904005,2.7655677500006277,-27.935670069675673,-18.62378004645045,23.27972505806306,-7.290734995968111,-10.936102493952166,-41.90350510451351,-25.400390625,-17.05078125,21.181640625,-8.7890625,-12.48046875,-40.693359375,-26.3671875,-13.18359375,21.97265625,30.76171875,43.9453125,-21.97265625,15.9,9.5,-13.4,-10.4,-10.3,8.1
2.765582624997478,2.7685174999933224,-27.98906523765457,-18.65937682510305,23.324221031378812,-7.199142761385362,-10.798714142078044,-41.98359785648186,-25.48828125,-17.138671875,21.26953125,-8.701171875,-12.3046875,-40.869140625,-26.3671875,-13.18359375,21.97265625,30.76171875,48.33984375,-21.97265625,15.1,9.5,-12.6,-11.2,-10.3,7.3
2.768530000001192,2.771515791013371,-28.038760181509865,-18.692506787673246,23.365633484591555,-7.1126781167707644,-10.669017175156146,-42.0581402722648,-25.576171875,-17.138671875,21.357421875,-8.61328125,-12.216796875,-40.95703125,-26.3671875,-17.578125,21.97265625,30.76171875,48.33984375,-21.97265625,15.1,9.5,-12.7,-11.2,-11.3,6.4
2.7715323330194224,2.77454354101792,-28.08876384594444,-18.725842563962964,23.4073032049537,-7.024444481215086,-10.53666672182263,-42.13314576891666,-25.6640625,-17.138671875,21.357421875,-8.525390625,-12.041015625,-40.95703125,-26.3671875,-17.578125,21.97265625,30.76171875,48.33984375,-21.97265625,15.1,9.5,-12.7,-11.2,-10.5,7.2
2.774557333003031,2.7775255409942474,-28.138513206217546,-18.75900880414503,23.448761005181286,-6.935386700538717,-10.403080050808075,-42.207769809326315,-25.751953125,-17.2265625,21.4453125,-8.4375,-11.865234375,-41.1328125,-26.3671875,-17.578125,21.97265625,26.3671875,48.33984375,-21.97265625,15.1,9.5,-12.7,-11.2,-10.5,6.4
2.7775377499929164,2.7804972500016447,-28.186908015427633,-18.79127201028509,23.489090012856362,-6.847488315833492,-10.271232473750239,-42.28036202314145,-25.83984375,-17.314453125,21.4453125,-8.349609375,-11.77734375,-41.1328125,-26.3671875,-17.578125,21.97265625,26.3671875,48.33984375,-21.97265625,14.3,8.7,-12.7,-11.2,-10.3,6.3
2.7805123750003986,2.7835946659906767,-28.234592787732623,-18.823061858488416,23.528827323110516,-6.759611103570879,-10.139416655356317,-42.351889181598935,-25.927734375,-17.314453125,21.533203125,-8.26171875,-11.689453125,-41.220703125,-26.3671875,-17.578125,21.97265625,26.3671875,48.33984375,-21.97265625,14.3,9.5,-12.7,-11.2,-11.1,6.3
2.7836082080029882,2.786657832999481,-28.283565951494037,-18.855710634329355,23.569638292911694,-6.667996436294698,-10.001994654442047,-42.42534892724105,-25.927734375,-17.40234375,21.62109375,-8.0859375,-11.513671875,-41.396484375,-26.3671875,-17.578125,21.97265625,26.3671875,43.9453125,-30.76171875,15.1,8.7,-11.9,-10.4,-10.3,6.3
2.7866703330073506,2.7895803750143386,-28.331347925679967,-18.887565283786646,23.609456604733303,-6.577224159985545,-9.865836239978318,-42.49702188851995,-26.015625,-17.40234375,21.62109375,-8.0859375,-11.337890625,-41.484375,-26.3671875,-13.18359375,21.97265625,26.3671875,43.9453125,-30.76171875,14.3,9.5,-12.7,-11.2,-10.3,5.6
2.789592832996277,2.7925379580119625,-28.376339861777605,-18.91755990785174,23.64694988481467,-6.4904489161259535,-9.73567337418893,-42.564509792666406,-26.103515625,-17.490234375,21.708984375,-7.91015625,-11.25,-41.484375,-26.3671875,-13.18359375,21.97265625,26.3671875,43.9453125,-30.76171875,14.3,8.7,-12.7,-10.4,-10.4,6.4
2.7925497910182457,2.7955952910124324,-28.421253653864557,-18.947502435909705,23.68437804488713,-6.402511338622979,-9.603767007934469,-42.63188048079684,-26.19140625,-17.490234375,21.796875,-7.822265625,-11.162109375,-41.572265625,-26.3671875,-13.18359375,21.97265625,35.15625,43.9453125,-30.76171875,13.5,8.7,-11.9,-10.4,-11.2,6.4
2.795607333013322,2.798622083006194,-28.46705042469723,-18.97803361646482,23.722542020581024,-6.311437241415874,-9.46715586212381,-42.700575637045844,-26.279296875,-17.578125,21.796875,-7.822265625,-10.986328125,-41.66015625,-26.3671875,-13.18359375,17.578125,35.15625,43.9453125,-30.76171875,13.5,8.7,-12.7,-11.2,-10.4,5.5
2.798643832997186,2.801768000004813,-28.511882148986125,-19.007921432657415,23.75990179082177,-6.220845827532048,-9.331268741298071,-42.76782322347918,-26.279296875,-17.578125,21.884765625,-7.734375,-10.810546875,-41.748046875,-26.3671875,-13.18359375,17.578125,35.15625,43.9453125,-30.76171875,14.3,8.8,-11.9,-11.2,-10.4,6.3
2.801780875015538,2.8055507079989184,-28.55751706853196,-19.03834471235464,23.797930890443297,-6.127106218563389,-9.190659327845085,-42.83627560279794,-26.3671875,-17.666015625,21.97265625,-7.646484375,-10.72265625,-41.748046875,-21.97265625,-13.18359375,17.578125,35.15625,43.9453125,-21.97265625,13.5,8.0,-11.9,-11.2,-10.4,7.1
2.805562749999808,2.8085716660134494,-28.61161046896657,-19.074406979311046,23.84300872413881,-6.013900430470228,-9.020850645705343,-42.917415703449855,-26.455078125,-17.75390625,21.97265625,-7.470703125,-10.546875,-41.923828125,-21.97265625,-13.18359375,17.578125,35.15625,43.9453125,-21.97265625,13.5,8.0,-11.9,-9.6,-9.6,5.6
2.808585666003637,2.8115286249958444,-28.654122228373417,-19.102748152248946,23.87843519031118,-5.923260338002166,-8.884890507003249,-42.98118334256013,-26.54296875,-17.75390625,22.060546875,-7.3828125,-10.37109375,-41.923828125,-21.97265625,-17.578125,17.578125,35.15625,43.9453125,-21.97265625,13.5,8.0,-12.0,-9.6,-8.7,5.6
2.8115471249911934,2.8146295830083545,-28.695143214716747,-19.13009547647783,23.91261934559729,-5.834333471857985,-8.751500207786977,-43.04271482207512,-26.630859375,-17.75390625,22.1484375,-7.294921875,-10.283203125,-42.01171875,-21.97265625,-17.578125,17.578125,35.15625,43.9453125,-21.97265625,12.7,8.8,-11.2,-9.6,-8.7,6.4
2.8146459580166265,2.8175423330103513,-28.73740221097167,-19.15826814064778,23.947835175809722,-5.741146388225985,-8.611719582338978,-43.10610331645751,-26.630859375,-17.841796875,22.1484375,-7.20703125,-10.107421875,-42.099609375,-21.97265625,-17.578125,17.578125,26.3671875,43.9453125,-21.97265625,13.5,8.0,-11.2,-10.4,-9.5,6.4
2.8175565830024425,2.8205029160017148,-28.776474496481406,-19.184316330987603,23.980395413734502,-5.653495105914778,-8.480242658872166,-43.164711744722105,-26.71875,-17.841796875,22.236328125,-7.20703125,-10.01953125,-42.099609375,-21.97265625,-17.578125,17.578125,26.3671875,43.9453125,-21.97265625,12.7,8.0,-11.2,-12.2,-10.5,6.5
2.820516875013709,2.8235464160097763,-28.815596505657414,-19.210397670438276,24.012997088047843,-5.564226931355307,-8.34634039703296,-43.223394758486116,-26.806640625,-17.9296875,22.32421875,-7.119140625,-9.931640625,-42.1875,-21.97265625,-17.578125,17.578125,26.3671875,43.9453125,-21.97265625,12.7,7.9,-10.4,-12.2,-11.3,5.7
2.823560249991715,2.826703875005478,-28.855166953097985,-19.236777968731992,24.045972460914985,-5.472327967301261,-8.208491950951892,-43.28275042964698,-26.89453125,-17.9296875,22.32421875,-7.03125,-9.84375,-42.275390625,-21.97265625,-17.578125,17.578125,26.3671875,39.55078125,-21.97265625,11.9,7.9,-11.2,-12.2,-11.3,5.7
2.8267175829969347,2.8295411659928504,-28.895522151152495,-19.263681434101663,24.079601792627077,-5.376855735971247,-8.065283603956871,-43.343283226728744,-26.89453125,-17.9296875,22.412109375,-6.85546875,-9.66796875,-42.36328125,-21.97265625,-8.7890625,17.578125,26.3671875,39.55078125,-21.97265625,12.7,7.9,-10.4,-10.6,-10.5,5.6
2.829555333009921,2.8324858749983832,-28.93118618388762,-19.28745745592508,24.109321819906345,-5.290934216740944,-7.936401325111417,-43.39677927583143,-26.982421875,-18.017578125,22.412109375,-6.85546875,-9.4921875,-42.36328125,-21.97265625,-8.7890625,17.578125,26.3671875,39.55078125,-21.97265625,11.9,7.9,-11.1,-11.0,-9.6,5.6
2.8324997079907916,2.8354872500058264,-28.96758258622052,-19.311721724147013,24.139652155183768,-5.201673197069223,-7.802509795603835,-43.45137387933078,-26.982421875,-18.017578125,22.5,-6.767578125,-9.404296875,-42.451171875,-21.97265625,-8.7890625,17.578125,26.3671875,39.55078125,-21.97265625,12.7,7.9,-10.3,-10.2,-11.2,5.6
2.8355009999941103,2.838600540999323,-29.004044833729374,-19.33602988915292,24.170037361441146,-5.11057219162248,-7.6658582874337196,-43.506067250594064,-27.0703125,-18.10546875,22.5,-6.591796875,-9.31640625,-42.5390625,-21.97265625,-8.7890625,17.578125,26.3671875,39.55078125,-21.97265625,12.6,7.1,-10.3,-10.2,-11.2,5.5
2.8386174580082297,2.841498124995269,-29.041223991204948,-19.36081599413663,24.201019992670787,-5.015855265174949,-7.523782897762423,-43.56183598680742,-27.158203125,-18.10546875,22.587890625,-6.50390625,-9.140625,-42.5390625,-21.97265625,-8.7890625,17.578125,26.3671875,39.55078125,-21.97265625,11.8,8.0,-10.3,-10.4,-11.4,5.5
2.8415152080124244,2.8445979579992127,-29.075169593269457,-19.38344639551297,24.229307994391213,-4.927677529249984,-7.391516293874976,-43.61275438990418,-27.158203125,-18.193359375,22.587890625,-6.416015625,-9.052734375,-42.626953125,-17.578125,-8.7890625,17.578125,26.3671875,39.55078125,-21.97265625,12.6,7.2,-10.3,-11.2,-11.4,5.5
2.8446176660072524,2.8476668749935925,-29.110845488613837,-19.407230325742557,24.259037907178197,-4.83315746521655,-7.2497361978248245,-43.66626823292076,-27.24609375,-18.193359375,22.67578125,-6.328125,-8.876953125,-42.626953125,-17.578125,-8.7890625,17.578125,26.3671875,48.33984375,-21.97265625,11.8,7.2,-10.3,-10.4,-10.6,6.3
2.8476872910105158,2.8515602910192683,-29.145463406710764,-19.430308937807176,24.28788617225897,-4.739524721042247,-7.1092870815633695,-43.71819511006615,-27.333984375,-18.193359375,22.67578125,-6.240234375,-8.701171875,-42.71484375,-17.578125,-13.18359375,17.578125,26.3671875,48.33984375,-21.97265625,11.0,7.2,-10.3,-10.4,-10.2,5.7
2.851579000009224,2.855556082999101,-29.188378214351363,-19.458918809567574,24.32364851195947,-4.62065782791338,-6.93098674187007,-43.78256732152705,-27.421875,-18.28125,22.763671875,-6.15234375,-8.525390625,-42.802734375,-17.578125,-13.18359375,17.578125,26.3671875,48.33984375,-21.97265625,11.0,7.2,-10.3,-10.4,-10.2,5.7
2.8555808330129366,2.8588424579938874,-29.231369875938334,-19.487579917292223,24.35947489661528,-4.498247321696402,-6.747370982544603,-43.847054813907505,-27.509765625,-18.28125,22.8515625,-6.064453125,-8.349609375,-42.802734375,-17.578125,-13.18359375,13.18359375,30.76171875,48.33984375,-21.97265625,11.1,7.2,-9.5,-10.4,-10.2,6.4
2.8588637500070035,2.8625918329926208,-29.265775856533214,-19.51051723768881,24.388146547111013,-4.397694523025427,-6.5965417845381396,-43.89866378479982,-27.59765625,-18.369140625,22.8515625,-5.9765625,-8.0859375,-42.890625,-17.578125,-13.18359375,13.18359375,30.76171875,48.33984375,-21.97265625,10.3,6.2,-9.5,-10.4,-8.8,6.4
2.862612416007323,2.8665540830115788,-29.304111281119752,-19.536074187413167,24.420092734266458,-4.282733396312331,-6.424100094468496,-43.95616692167963,-27.59765625,-18.369140625,22.939453125,-5.80078125,-8.0859375,-42.978515625,-21.97265625,-13.18359375,13.18359375,30.76171875,48.33984375,-17.578125,11.1,7.0,-9.5,-10.4,-10.4,5.6
2.8665704159939196,2.8696512500173412,-29.343484660309798,-19.562323106873198,24.4529038835915,-4.1611914955088185,-6.241787243263227,-44.0152269904647,-27.685546875,-18.369140625,23.02734375,-5.712890625,-7.91015625,-43.06640625,-21.97265625,-8.7890625,13.18359375,30.76171875,43.9453125,-17.578125,10.3,7.0,-8.7,-11.2,-11.2,5.4
2.8696663330192678,2.8735554160084575,-29.373491720077936,-19.58232781338529,24.477909766731614,-4.066010010946463,-6.099015016419695,-44.060237580116905,-27.685546875,-18.45703125,23.02734375,-5.625,-7.734375,-43.06640625,-21.97265625,-8.7890625,13.18359375,30.76171875,43.9453125,-17.578125,11.1,6.2,-9.4,-11.2,-11.2,6.2
2.8735869160154834,2.8766630830068607,-29.410494871734628,-19.606996581156416,24.50874572644552,-3.9453371296405777,-5.9180056944608666,-44.11574230760194,-27.7734375,-18.45703125,23.115234375,-5.44921875,-7.55859375,-43.154296875,-21.97265625,-8.7890625,17.578125,30.76171875,43.9453125,-17.578125,10.3,7.0,-8.6,-10.4,-11.2,5.4
2.8766822080069687,2.8804541249992326,-29.438920908001272,-19.625947272000847,24.53243409000106,-3.8499602175402385,-5.774940326310358,-44.158381362001904,-27.861328125,-18.544921875,23.115234375,-5.361328125,-7.3828125,-43.2421875,-21.97265625,-8.7890625,17.578125,30.76171875,43.9453125,-17.578125,10.3,6.2,-8.6,-10.4,-11.3,4.9
2.880474833014887,2.8834552080079447,-29.472802164838313,-19.648534776558876,24.560668470698594,-3.7329721582616333,-5.59945823739245,-44.20920324725747,-27.861328125,-18.544921875,23.203125,-5.361328125,-7.20703125,-43.2421875,-13.18359375,-8.7890625,17.578125,30.76171875,43.9453125,-17.578125,10.3,6.4,-8.6,-11.2,-10.5,5.7
2.883472040994093,2.886606500018388,-29.498837699150087,-19.66589179943339,24.582364749291738,-3.640425762596802,-5.460638643895203,-44.24825654872513,-27.94921875,-18.544921875,23.203125,-5.185546875,-7.03125,-43.330078125,-13.18359375,-8.7890625,17.578125,30.76171875,48.33984375,-17.578125,9.5,7.2,-8.6,-11.2,-9.7,4.9
2.886643666017335,2.8895397080050316,-29.525676281187053,-19.683784187458034,24.604730234322542,-3.5424059707460183,-5.313608956119027,-44.28851442178058,-27.94921875,-18.6328125,23.291015625,-5.09765625,-6.85546875,-43.330078125,-13.18359375,-13.18359375,17.578125,30.76171875,48.33984375,-17.578125,10.3,6.4,-7.8,-12.2,-8.5,5.6
2.889565290999599,2.8925424159970134,-29.549750896620555,-19.69983393108037,24.62479241385046,-3.4520346301644427,-5.178051945246664,-44.324626344930834,-28.037109375,-18.6328125,23.291015625,-5.009765625,-6.767578125,-43.41796875,-13.18359375,-13.18359375,17.578125,30.76171875,48.33984375,-17.578125,9.5,6.4,-8.7,-11.4,-9.3,4.8
2.8925846659985837,2.895572000008542,-29.573977038312023,-19.715984692208014,24.64498086526002,-3.358563326277956,-5.037844989416934,-44.360965557468035,-28.037109375,-18.720703125,23.37890625,-4.921875,-6.591796875,-43.41796875,-13.18359375,-13.18359375,17.578125,30.76171875,48.33984375,-17.578125,10.3,5.6,-7.9,-11.4,-9.3,5.6
2.895586833008565,2.8986145830131136,-29.597405541114366,-19.73160369407624,24.664504617595302,-3.2655498250550075,-4.898324737582511,-44.39610831167155,-28.125,-18.720703125,23.37890625,-4.833984375,-6.50390625,-43.505859375,-13.18359375,-13.18359375,13.18359375,30.76171875,48.33984375,-17.578125,9.5,5.6,-7.9,-11.4,-10.9,4.7
2.8986289580061566,2.9025475830130745,-29.6204744625058,-19.746982975003867,24.683728718754832,-3.17122427224999,-4.756836408374985,-44.430711693758695,-28.125,-18.720703125,23.466796875,-4.658203125,-6.328125,-43.505859375,-13.18359375,-13.18359375,13.18359375,30.76171875,48.33984375,-17.578125,9.5,6.4,-7.1,-10.4,-10.7,5.5
2.902561875001993,2.905549000017345,-29.64929587840723,-19.766197252271485,24.707746565339356,-3.049171393066512,-4.573757089599768,-44.473943817610845,-28.212890625,-18.80859375,23.5546875,-4.5703125,-6.15234375,-43.505859375,-13.18359375,-13.18359375,13.18359375,30.76171875,43.9453125,-8.7890625,9.5,5.6,-7.1,-10.4,-10.7,6.3
2.905563250009436,2.9085044160019606,-29.670529493288555,-19.780352995525703,24.72544124440713,-2.955949149156213,-4.43392372373432,-44.50579423993283,-28.212890625,-18.80859375,23.5546875,-4.482421875,-6.064453125,-43.59375,-13.18359375,-13.18359375,13.18359375,30.76171875,43.9453125,-8.7890625,9.5,5.6,-7.1,-10.4,-10.7,5.7
2.908520708006108,2.911528791009914,-29.690807333105376,-19.793871555403584,24.74233944425448,-2.8640266842655087,-4.296040026398263,-44.53621099965807,-28.30078125,-18.80859375,23.642578125,-4.39453125,-5.888671875,-43.59375,-13.18359375,-8.7890625,13.18359375,30.76171875,43.9453125,-8.7890625,8.7,5.6,-6.2,-10.2,-11.1,5.7
2.911546832998283,2.914643875003094,-29.71089273251777,-19.807261821678512,24.759077277098136,-2.769905978093275,-4.154858967139912,-44.56633909877665,-28.30078125,-18.896484375,23.73046875,-4.306640625,-5.712890625,-43.681640625,-13.18359375,-8.7890625,13.18359375,30.76171875,43.9453125,-8.7890625,9.5,4.8,-5.4,-10.2,-10.3,4.9
2.9146614159981254,2.9185557079908904,-29.730864212366953,-19.820576141577966,24.77572017697246,-2.6729686522498284,-4.009452978374743,-44.59629631855043,-28.388671875,-18.896484375,23.73046875,-4.21875,-5.625,-43.681640625,-13.18359375,-8.7890625,17.578125,30.76171875,43.9453125,-8.7890625,8.7,5.6,-6.2,-11.0,-11.1,5.7
2.9185730000026524,2.92168029100867,-29.754938141823036,-19.836625427882023,24.79578178485253,-2.5511353617368746,-3.8267030426053124,-44.632407212734556,-28.388671875,-18.896484375,23.73046875,-4.04296875,-5.44921875,-43.76953125,-13.18359375,-8.7890625,17.578125,30.76171875,43.9453125,-8.7890625,8.7,5.5,-6.2,-11.4,-11.3,4.8
2.921703416010132,2.925483458006056,-29.773395179911894,-19.84893011994126,24.811162649926576,-2.453563346174007,-3.680345019261011,-44.66009276986784,-28.4765625,-18.984375,23.818359375,-3.955078125,-5.2734375,-43.76953125,-17.578125,-8.7890625,17.578125,30.76171875,43.9453125,-13.18359375,7.9,4.7,-5.4,-10.6,-10.5,4.8
2.925516332994448,2.928504083014559,-29.79490378478981,-19.863269189859874,24.82908648732484,-2.334638535440438,-3.5019578031606575,-44.692355677184715,-28.4765625,-18.984375,23.818359375,-3.8671875,-5.09765625,-43.857421875,-17.578125,-8.7890625,17.578125,30.76171875,43.9453125,-13.18359375,8.7,4.7,-5.4,-10.6,-11.3,4.7
2.928522291011177,2.9316085829923395,-29.811106948320653,-19.874071298880438,24.842589123600543,-2.2408235109032786,-3.361235266354918,-44.71666042248098,-28.564453125,-18.984375,23.818359375,-3.779296875,-4.921875,-43.857421875,-17.578125,-8.7890625,17.578125,30.76171875,43.9453125,-13.18359375,7.9,4.7,-6.4,-11.2,-11.1,4.7
2.9316258750041015,2.935550583002623,-29.82713898248276,-19.884759321655174,24.855949152068966,-2.143909214460267,-3.2158638216904007,-44.74070847372414,-28.564453125,-18.984375,23.818359375,-3.69140625,-4.833984375,-43.857421875,-17.578125,-8.7890625,17.578125,30.76171875,43.9453125,-13.18359375,7.9,5.5,-6.4,-11.2,-11.9,4.7
2.9355675000115298,2.9386767499963753,-29.8464781410902,-19.89765209406013,24.872065117575165,-2.0207526181461235,-3.031128927219185,-44.769717211635296,-28.65234375,-18.984375,23.818359375,-3.515625,-4.5703125,-43.9453125,-17.578125,-8.7890625,4.39453125,30.76171875,43.9453125,-13.18359375,7.1,5.5,-6.4,-10.4,-9.5,4.8
2.938695999997435,2.942519833013648,-29.861013373604194,-19.907342249069465,24.88417781133683,-1.922946847526974,-2.8844202712904607,-44.79152006040629,-28.65234375,-18.984375,23.90625,-3.427734375,-4.39453125,-43.9453125,-17.578125,-8.7890625,4.39453125,30.76171875,43.9453125,-13.18359375,7.9,5.6,-5.6,-10.4,-8.8,4.8
2.942537249997258,2.9456042910169344,-29.87787377141383,-19.918582514275887,24.898228142844857,-1.8027952246394747,-2.704192836959212,-44.81681065712075,-28.740234375,-19.072265625,23.90625,-3.33984375,-4.21875,-43.9453125,-8.7890625,-8.7890625,4.39453125,30.76171875,52.734375,-8.7890625,7.1,4.8,-5.6,-11.2,-8.8,4.8
2.945626541011734,2.9495694159995764,-29.890644428985425,-19.92709628599028,24.908870357487853,-1.7061165285150746,-2.5591747927726116,-44.83596664347814,-28.740234375,-19.072265625,23.994140625,-3.251953125,-4.130859375,-43.9453125,-8.7890625,-8.7890625,4.39453125,30.76171875,52.734375,-8.7890625,7.1,4.8,-5.6,-11.2,-10.4,5.7
2.949605458008591,2.9534725830017123,-29.906055529357985,-19.937370352905322,24.921712941131656,-1.581538305287562,-2.372307457931343,-44.85908329403698,-28.740234375,-19.072265625,23.994140625,-3.076171875,-3.8671875,-44.033203125,-8.7890625,-4.39453125,4.39453125,30.76171875,52.734375,-8.7890625,7.1,4.8,-5.5,-10.4,-10.4,4.9
2.95350375000271,2.956468541000504,-29.920021398467483,-19.946680932311654,24.93335116538957,-1.459424470315138,-2.189136705472707,-44.880032097701225,-28.828125,-19.072265625,23.994140625,-2.98828125,-3.69140625,-44.033203125,-8.7890625,-4.39453125,8.7890625,30.76171875,52.734375,-8.7890625,7.1,4.8,-5.5,-10.4,-9.6,4.9
2.956495874997927,2.95951420799247,-29.92997987589732,-19.95331991726488,24.9416498965811,-1.365658917622061,-2.0484883764330917,-44.89496981384598,-28.828125,-19.16015625,23.994140625,-2.900390625,-3.603515625,-44.033203125,-8.7890625,-4.39453125,8.7890625,30.76171875,52.734375,-8.7890625,7.1,4.8,-5.5,-10.4,-9.5,4.7
2.959549082996091,2.962485291005578,-29.93946010906324,-19.959640072708826,24.94955009088603,-1.2699480965440946,-1.9049221448161417,-44.90919016359486,-28.916015625,-19.16015625,23.994140625,-2.8125,-3.515625,-44.12109375,-13.18359375,-4.39453125,8.7890625,30.76171875,52.734375,-8.7890625,6.3,4.7,-5.5,-10.4,-9.5,4.7
2.9625116249953862,2.965487583016511,-29.948000550857856,-19.965333700571904,24.95666712571488,-1.1770514962429843,-1.7655772443644766,-44.922000826286784,-29.00390625,-19.16015625,24.08203125,-2.724609375,-3.33984375,-44.12109375,-13.18359375,-4.39453125,8.7890625,30.76171875,43.9453125,-8.7890625,5.5,4.7,-4.7,-11.2,-10.3,4.7
2.965517083008308,2.968469208019087,-29.95600201149099,-19.970668007660663,24.963335009575825,-1.0827831397832923,-1.6241747096749384,-44.934003017236485,-29.00390625,-19.16015625,24.08203125,-2.63671875,-3.251953125,-44.12109375,-13.18359375,-4.39453125,8.7890625,30.76171875,43.9453125,-8.7890625,5.5,4.7,-4.7,-12.0,-11.1,4.8
2.9684935830009636,2.971393415995408,-29.963268352952444,-19.97551223530163,24.969390294127038,-0.9893992810361998,-1.4840989215542997,-44.94490252942867,-29.091796875,-19.248046875,24.08203125,-2.548828125,-3.076171875,-44.12109375,-13.18359375,-8.7890625,8.7890625,30.76171875,43.9453125,-8.7890625,4.7,3.9,-5.6,-12.2,-11.4,4.8
2.9714184580079746,2.9745031250058673,-29.969770610610073,-19.97984707374005,24.97480884217506,-0.8976140094501666,-1.3464210141752497,-44.95465591591511,-29.091796875,-19.248046875,24.08203125,-2.4609375,-2.98828125,-44.12109375,-13.18359375,-8.7890625,8.7890625,30.76171875,43.9453125,-8.7890625,4.7,3.9,-5.6,-12.2,-11.4,4.8
2.9745339160144795,2.9775092499912716,-29.97600076299866,-19.984000508665773,24.980000635832216,-0.7998272748825731,-1.1997409123238596,-44.96400114449799,-29.091796875,-19.248046875,24.08203125,-2.28515625,-2.8125,-44.12109375,-13.18359375,-8.7890625,4.39453125,30.76171875,43.9453125,-8.7890625,5.4,3.9,-5.6,-11.4,-10.6,4.8
2.9775393750169314,2.9804853750101756,-29.981330631120663,-19.987553754080444,24.984442192600554,-0.7054749660652739,-1.058212449097911,-44.971995946681,-29.1796875,-19.248046875,24.169921875,-2.197265625,-2.63671875,-44.12109375,-13.18359375,-8.7890625,4.39453125,30.76171875,43.9453125,-8.7890625,4.6,3.9,-4.8,-10.2,-9.5,4.8
2.9805122500110883,2.9834709580172785,-29.98594533499554,-19.99063022333036,24.988287779162953,-0.6121301120437761,-0.9181951680656641,-44.978918002493316,-29.1796875,-19.248046875,24.169921875,-2.109375,-2.4609375,-44.12109375,-13.18359375,-8.7890625,4.39453125,30.76171875,43.9453125,-8.7890625,4.6,3.9,-4.8,-10.2,-10.3,5.6
2.983499458001461,2.9864272080012597,-29.98992365289011,-19.993282435260074,24.99160304407509,-0.5183217764294566,-0.7774826646441849,-44.98488547933516,-29.1796875,-19.248046875,24.169921875,-2.021484375,-2.373046875,-44.208984375,-13.18359375,-8.7890625,4.39453125,30.76171875,48.33984375,0.0,4.6,3.9,-4.8,-10.2,-11.1,4.8
2.986489500006428,2.9896764580043964,-29.993244499097877,-19.995496332731918,24.994370415914897,-0.42441301547481486,-0.6366195232122223,-44.98986674864681,-29.1796875,-19.248046875,24.169921875,-1.93359375,-2.197265625,-44.208984375,-13.18359375,0.0,4.39453125,30.76171875,48.33984375,0.0,4.6,3.9,-4.8,-10.4,-11.3,4.8
2.9896990830020513,2.9935236659948714,-29.996072887765955,-19.997381925177304,24.99672740647163,-0.32359873082572155,-0.4853980962385823,-44.994109331648936,-29.1796875,-19.3359375,24.169921875,-1.845703125,-2.021484375,-44.208984375,-13.18359375,0.0,4.39453125,30.76171875,48.33984375,0.0,4.6,3.1,-4.7,-11.2,-10.5,4.8
2.9935445000010077,2.9967004579957575,-29.998457635351393,-19.99897175690093,24.99871469612616,-0.202802038152763,-0.3042030572291445,-44.99768645302709,-29.1796875,-19.3359375,24.169921875,-1.7578125,-1.845703125,-44.208984375,-13.18359375,0.0,4.39453125,35.15625,48.33984375,0.0,4.7,3.1,-4.7,-10.4,-9.7,4.8
2.9967257080134004,3.000488082994707,-29.99960320621039,-19.99973547080693,24.99966933850866,-0.10286446299481206,-0.15429669449221808,-44.999404809315585,-29.1796875,-19.3359375,24.169921875,-1.58203125,-1.669921875,-44.296875,-13.18359375,0.0,4.39453125,35.15625,48.33984375,0.0,4.7,3.1,-4.7,-9.6,-8.5,4.0
3.000525875017047,3.0034837080165744,-29.999989764806287,-19.999993176537526,24.999991470671905,0.016520849023773203,0.024781273535659804,-44.99998464720943,-29.1796875,-19.3359375,24.169921875,-1.494140625,-1.494140625,-44.296875,0.0,0.0,4.39453125,35.15625,48.33984375,-8.7890625,4.7,3.1,-4.7,-10.4,-8.5,4.0
3.0035141660191584,3.0064497500134166,-29.999542938689803,-19.99969529245987,24.999619115574838,0.11040022082642173,0.16560033123963258,-44.99931440803471,-29.1796875,-19.3359375,24.2578125,-1.40625,-1.318359375,-44.296875,0.0,0.0,4.39453125,35.15625,52.734375,-8.7890625,4.7,3.9,-3.9,-10.4,-9.3,4.0
3.006473624991486,3.009459916007472,-29.99844896232798,-19.998965974885323,24.99870746860665,0.20337142222834723,0.3050571333425208,-44.99767344349197,-29.1796875,-19.3359375,24.2578125,-1.318359375,-1.23046875,-44.296875,0.0,-4.39453125,4.39453125,35.15625,52.734375,-8.7890625,4.7,3.9,-3.9,-10.4,-10.6,3.9
3.009492125012912,3.012435250013368,-29.996665353008407,-19.997776902005604,24.997221127507004,0.298192853051711,0.44728927957756653,-44.99499802951261,-29.1796875,-19.3359375,24.2578125,-1.23046875,-1.0546875,-44.296875,0.0,-4.39453125,4.39453125,35.15625,52.734375,-8.7890625,4.7,3.9,-3.9,-10.4,-10.6,3.9
3.0124617500114255,3.015460583003005,-29.99425254982286,-19.996168366548574,24.995210458185717,0.39147242130464105,0.5872086319569616,-44.99137882473429,-29.1796875,-19.423828125,24.2578125,-1.142578125,-0.87890625,-44.296875,0.0,-4.39453125,4.39453125,26.3671875,52.734375,-8.7890625,4.7,3.1,-3.9,-10.4,-10.6,3.9
3.015488125005504,3.0184933330165222,-29.991122160641304,-19.994081440427536,24.99260180053442,0.4865257994713026,0.7297886992069539,-44.98668324096195,-29.1796875,-19.423828125,24.345703125,-1.0546875,-0.791015625,-44.296875,0.0,-4.39453125,4.39453125,26.3671875,52.734375,-8.7890625,4.8,3.1,-3.1,-10.4,-11.4,4.0
3.0185183330031577,3.0213825830142014,-29.98730875672933,-19.991539171152887,24.98942396394111,0.5816885491908429,0.8725328237862643,-44.980963135094,-29.1796875,-19.423828125,24.345703125,-0.966796875,-0.615234375,-44.296875,0.0,-4.39453125,4.39453125,26.3671875,52.734375,-8.7890625,4.8,2.3,-3.1,-11.2,-9.6,4.0
3.021403291000752,3.0244524580193684,-29.98304681826536,-19.988697878843574,24.98587234855447,0.6722775530347508,1.0084163295521262,-44.97457022739804,-29.1796875,-19.423828125,24.345703125,-0.87890625,-0.439453125,-44.296875,0.0,-4.39453125,4.39453125,26.3671875,52.734375,0.0,4.8,2.3,-3.1,-12.0,-8.8,4.0
3.024472874996718,3.027577458007727,-29.977836032042354,-19.98522402136157,24.98153002670196,0.76864869478357,1.152973042175355,-44.96675404806353,-29.1796875,-19.423828125,24.345703125,-0.791015625,-0.3515625,-44.296875,0.0,-4.39453125,4.39453125,26.3671875,43.9453125,0.0,4.8,2.3,-3.1,-12.0,-8.8,4.0
3.027595708001172,3.031504540995229,-29.97181966891916,-19.981213112612775,24.97651639076597,0.8666732650493564,1.3000098975740346,-44.957729503378744,-29.1796875,-19.423828125,24.345703125,-0.703125,-0.17578125,-44.296875,0.0,-4.39453125,4.39453125,26.3671875,43.9453125,0.0,4.8,2.3,-3.1,-12.2,-8.6,4.0
3.0315225000085775,3.0346400830021594,-29.963230850403363,-19.975487233602244,24.969359042002804,0.9899039247289777,1.4848558870934665,-44.944846275605045,-29.1796875,-19.423828125,24.345703125,-0.52734375,0.0,-44.296875,0.0,-4.39453125,4.39453125,30.76171875,43.9453125,0.0,4.8,2.3,-3.1,-10.6,-9.4,4.0
3.034657333017094,3.0385385410045274,-29.955555908759475,-19.970370605839648,24.96296325729956,1.0882545039721865,1.6323817559582798,-44.93333386313921,-29.1796875,-19.423828125,24.345703125,-0.439453125,0.17578125,-44.296875,0.0,-4.39453125,4.39453125,30.76171875,43.9453125,0.0,4.8,2.3,-3.1,-10.6,-10.2,3.1
3.038560665998375,3.042707375017926,-29.944984219111053,-19.963322812740703,24.954153515925878,1.2106784355503422,1.8160176533255132,-44.91747632866658,-29.1796875,-19.423828125,24.345703125,-0.3515625,0.263671875,-44.296875,0.0,-4.39453125,4.39453125,30.76171875,43.9453125,0.0,4.8,2.4,-3.1,-11.0,-10.5,3.1
3.042745125014335,3.0464990000182297,-29.932400882038237,-19.954933921358823,24.94366740169853,1.341868918413043,2.0128033776195644,-44.898601323057356,-29.1796875,-19.423828125,24.345703125,-0.263671875,0.52734375,-44.296875,0.0,-4.39453125,4.39453125,30.76171875,48.33984375,0.0,4.8,2.4,-3.1,-11.8,-10.5,3.1
3.04652691600495,3.0494950830179732,-29.919915912925653,-19.9466106086171,24.933263260771376,1.4603853012831047,2.190577951924657,-44.879873869388476,-29.1796875,-19.423828125,24.345703125,-0.087890625,0.615234375,-44.296875,0.0,0.0,4.39453125,30.76171875,48.33984375,0.0,4.8,2.4,-3.2,-10.4,-10.5,3.2
3.0495224999904167,3.0525521660165396,-29.909277058825058,-19.939518039216708,24.92439754902088,1.5542266127407534,2.33133991911113,-44.86391558823759,-29.1796875,-19.423828125,24.345703125,0.0,0.791015625,-44.296875,0.0,0.0,4.39453125,30.76171875,48.33984375,0.0,4.0,2.4,-3.2,-10.4,-10.5,3.2
3.052583458018489,3.0565972909971606,-29.897721965457794,-19.931814643638532,24.91476830454816,1.650080304602375,2.4751204569035625,-44.84658294818669,-29.1796875,-19.423828125,24.345703125,0.087890625,0.966796875,-44.296875,0.0,0.0,0.0,35.15625,48.33984375,0.0,4.0,2.4,-3.2,-10.4,-10.5,2.4
3.05661954099196,3.0604895830038004,-29.881429292027512,-19.920952861351676,24.901191076689592,1.7764112969142394,2.664616945371359,-44.82214393804127,-29.1796875,-19.423828125,24.345703125,0.17578125,1.23046875,-44.296875,0.0,0.0,0.0,35.15625,48.33984375,0.0,3.9,2.4,-2.4,-11.2,-9.5,2.3
3.0605085830029566,3.0635847079975065,-29.86459396930871,-19.90972931287247,24.88716164109059,1.8980723611460597,2.8471085417190896,-44.796890953963064,-29.1796875,-19.423828125,24.345703125,0.3515625,1.40625,-44.296875,0.0,0.0,0.0,35.15625,48.33984375,0.0,3.9,2.4,-2.4,-10.4,-9.5,2.3
3.063600207999116,3.06749350001337,-29.850415413615373,-19.900276942410247,24.875346178012812,1.9947374803153908,2.992106220473086,-44.77562312042306,-29.1796875,-19.423828125,24.345703125,0.439453125,1.58203125,-44.296875,0.0,0.0,0.0,35.15625,48.33984375,0.0,3.9,2.4,-2.4,-10.4,-9.5,2.3
3.067511208006181,3.0706132909981534,-29.831470577359994,-19.887647051573328,24.859558814466663,2.116954121384468,3.1754311820767023,-44.74720586603999,-29.1796875,-19.423828125,24.345703125,0.615234375,1.7578125,-44.296875,0.0,0.0,0.0,35.15625,48.33984375,0.0,3.9,1.6,-2.3,-10.4,-8.8,1.5
3.070630958012771,3.0745194999908563,-29.815551267025324,-19.877034178016885,24.846292722521106,2.2143875645307984,3.3215813467961977,-44.72332690053799,-29.1796875,-19.423828125,24.345703125,0.703125,1.93359375,-44.296875,0.0,0.0,0.0,30.76171875,48.33984375,0.0,3.1,1.6,-2.3,-10.4,-8.0,1.5
3.074536625004839,3.0776602500118315,-29.794612367030638,-19.863074911353756,24.828843639192197,2.336290877855098,3.5044363167826473,-44.69191855054596,-29.1796875,-19.423828125,24.345703125,0.791015625,2.109375,-44.296875,0.0,0.0,0.0,30.76171875,48.33984375,0.0,3.1,1.6,-2.3,-10.4,-8.0,1.6
3.077677791006863,3.081521290994715,-29.776958401759902,-19.85130560117327,24.814132001466586,2.434269074861449,3.651403612292174,-44.665437602639855,-29.1796875,-19.423828125,24.345703125,0.87890625,2.197265625,-44.296875,0.0,0.0,0.0,30.76171875,48.33984375,0.0,3.1,1.5,-1.5,-10.4,-9.5,0.8
3.0815407499903813,3.0854705829988234,-29.754253918931962,-19.836169279287972,24.79521159910997,2.5546796909655907,3.832019536448386,-44.63138087839794,-29.1796875,-19.423828125,24.345703125,1.0546875,2.373046875,-44.296875,0.0,0.0,0.0,30.76171875,43.9453125,0.0,3.1,1.5,-1.5,-10.4,-10.3,0.8
3.0854883750143927,3.0885935830010567,-29.729920000505203,-19.819946667003467,24.774933333754333,2.677632184811448,4.016448277217172,-44.594880000757804,-29.1796875,-19.423828125,24.345703125,1.142578125,2.548828125,-44.296875,0.0,0.0,0.0,30.76171875,43.9453125,0.0,3.1,1.5,-1.5,-11.2,-9.7,0.7
3.0886108750128187,3.0925114580022637,-29.70986254943714,-19.806575032958094,24.758218791197617,2.774812689858739,4.162219034788109,-44.564793824155714,-29.1796875,-19.423828125,24.345703125,1.23046875,2.724609375,-44.296875,0.0,0.0,0.0,30.76171875,43.9453125,0.0,2.3,1.5,-1.5,-10.4,-8.9,-0.1
3.092528625013074,3.096485375019256,-29.683685890349036,-19.789123926899357,24.736404908624195,2.8966487888281094,4.344973183242164,-44.52552883552355,-29.1796875,-19.423828125,24.345703125,1.40625,2.900390625,-44.296875,0.0,0.0,0.0,30.76171875,43.9453125,0.0,2.3,0.7,-1.5,-9.6,-8.9,-0.1
3.0965056660061236,3.099552333005704,-29.655963268339043,-19.770642178892693,24.713302723615868,3.020216521077442,4.530324781616163,-44.48394490250856,-29.1796875,-19.423828125,24.345703125,1.494140625,3.076171875,-44.296875,0.0,0.0,0.0,30.76171875,43.9453125,0.0,2.3,0.7,-0.7,-10.4,-9.5,-0.1
3.0995712080039084,3.1025450000015553,-29.633804465502458,-19.755869643668305,24.694837054585378,3.1153835433835746,4.673075315075362,-44.45070669825368,-29.1796875,-19.423828125,24.345703125,1.58203125,3.1640625,-44.296875,0.0,0.0,0.0,30.76171875,43.9453125,0.0,2.3,0.7,-0.7,-10.4,-10.3,-0.1
3.1025627909984905,3.106406708015129,-29.61151779346594,-19.74101186231063,24.676264827888286,3.208184946681087,4.812277420021631,-44.41727669019891,-29.1796875,-19.423828125,24.345703125,1.669921875,3.33984375,-44.296875,0.0,0.0,0.0,30.76171875,43.9453125,0.0,1.5,0.7,-0.7,-10.4,-9.5,-0.1
3.1064309579960536,3.1095667910121847,-29.58173147001456,-19.72115431334304,24.651442891678805,3.328073399027015,4.992110098540523,-44.37259720502184,-29.1796875,-19.423828125,24.345703125,1.7578125,3.515625,-44.296875,0.0,0.0,0.0,30.76171875,43.9453125,0.0,1.5,0.7,-0.7,-10.4,-10.6,-0.0
3.1095867500116583,3.113516790996073,-29.556621696120622,-19.704414464080415,24.63051808010052,3.4257919708789246,5.138687956318387,-44.33493254418094,-29.1796875,-19.423828125,24.345703125,1.93359375,3.69140625,-44.296875,0.0,0.0,0.0,30.76171875,43.9453125,0.0,1.5,-0.1,0.1,-10.4,-10.6,-0.0
3.1135352500132285,3.1165649160102475,-29.524181775100086,-19.682787850066724,24.603484812583403,3.5479377741535707,5.321906661230356,-44.28627266265013,-29.1796875,-19.423828125,24.345703125,2.021484375,3.8671875,-44.296875,0.0,0.0,0.0,30.76171875,43.9453125,0.0,0.7,-0.1,0.1,-10.4,-9.8,-0.0
3.1165823329938576,3.120501666009659,-29.498371195892986,-19.66558079726199,24.581975996577487,3.6421054221920124,5.463158133288019,-44.24755679383948,-29.1796875,-19.423828125,24.345703125,2.109375,4.04296875,-44.296875,0.0,0.0,0.0,30.76171875,43.9453125,0.0,0.7,-0.1,0.1,-10.4,-8.6,-0.0
3.1205188329913653,3.12356833301601,-29.464026369836596,-19.64268424655773,24.553355308197165,3.7636359534408625,5.645453930161294,-44.1960395547549,-29.1796875,-19.423828125,24.345703125,2.197265625,4.21875,-44.296875,0.0,0.0,0.0,30.76171875,43.9453125,0.0,0.7,-0.1,0.1,-10.4,-8.6,-0.0
3.123597375000827,3.127507291006623,-29.43638190039068,-19.62425460026045,24.53031825032556,3.858578933254641,5.787868399881962,-44.154572850586014,-29.1796875,-19.423828125,24.345703125,2.373046875,4.39453125,-44.296875,0.0,0.0,0.0,30.76171875,52.734375,0.0,0.7,-0.1,0.1,-10.4,-9.4,-0.0
3.127526708005462,3.130641750001814,-29.40009765101836,-19.600065100678908,24.500081375848634,3.9796291346240698,5.969443701936105,-44.10014647652754,-29.1796875,-19.423828125,24.345703125,2.4609375,4.5703125,-44.296875,0.0,0.0,0.0,30.76171875,52.734375,0.0,-0.1,-0.1,0.1,-10.4,-9.7,-0.0
3.1306592500186525,3.134503041015705,-29.370368692260474,-19.580245794840316,24.4753072435504,4.076024363719885,6.114036545579827,-44.05555303839071,-29.1796875,-19.423828125,24.345703125,2.548828125,4.74609375,-44.296875,0.0,0.0,0.0,30.76171875,52.734375,0.0,-0.1,-0.1,0.1,-10.4,-8.9,-0.0
3.134520249994239,3.1376238749944605,-29.332748084392787,-19.55516538959519,24.443956736993993,4.194699820675893,6.29204973101384,-43.99912212658918,-29.1796875,-19.423828125,24.345703125,2.724609375,4.921875,-44.296875,0.0,0.0,0.0,30.76171875,52.734375,0.0,-0.2,-0.1,0.1,-10.4,-9.7,-0.0
3.137640625005588,3.1414993749931455,-29.30155554142576,-19.534370360950504,24.417962951188134,4.290498176344838,6.435747264517257,-43.95233331213864,-29.1796875,-19.423828125,24.345703125,2.8125,5.009765625,-44.296875,0.0,0.0,0.0,30.76171875,52.734375,0.0,-0.2,-0.0,0.1,-10.4,-9.6,-0.0
3.141523208003491,3.1454032080073375,-29.261760859866193,-19.507840573244128,24.384800716555162,4.409552830944442,6.614329246416663,-43.892641289799286,-29.1796875,-19.423828125,24.345703125,2.900390625,5.2734375,-44.296875,0.0,0.0,0.0,30.76171875,48.33984375,0.0,-0.2,-0.0,0.1,-10.4,-8.0,-0.8
3.1454412910097744,3.1484462910157163,-29.220498972043124,-19.48033264802875,24.35041581003594,4.529529768325324,6.794294652487986,-43.83074845806468,-29.1796875,-19.423828125,24.345703125,3.076171875,5.44921875,-44.296875,0.0,0.0,0.0,30.76171875,48.33984375,0.0,-0.2,-0.0,0.1,-9.6,-7.8,-1.8
3.148477875016397,3.1514282500138506,-29.187758889880847,-19.45850592658723,24.323132408234034,4.622396251401392,6.933594377102089,-43.78163833482127,-29.1796875,-19.51171875,24.345703125,3.1640625,5.625,-44.296875,0.0,0.0,0.0,30.76171875,48.33984375,0.0,-0.2,-0.0,0.0,-10.4,-7.0,-1.8
3.1514505410159472,3.1544390410126653,-29.15506471432708,-19.436709809551388,24.295887261939235,4.7132061040536835,7.069809156080525,-43.73259707149062,-29.1796875,-19.51171875,24.345703125,3.251953125,5.712890625,-44.296875,0.0,0.0,0.0,30.76171875,48.33984375,0.0,-0.2,-0.0,0.0,-10.4,-8.6,-2.6
3.1544693750038277,3.1574333329917863,-29.121212199121924,-19.414141466081283,24.26767683260161,4.80532112714471,7.207981690717065,-43.681818298682884,-29.1796875,-19.51171875,24.345703125,3.33984375,5.80078125,-44.296875,0.0,0.0,0.0,30.76171875,48.33984375,0.0,-0.0,-0.0,0.0,-10.4,-8.6,-2.5
3.157462833012687,3.160441957996227,-29.086997648278277,-19.39133176551885,24.23916470689856,4.896555152306522,7.344832728459783,-43.63049647241741,-29.1796875,-19.51171875,24.345703125,3.427734375,5.9765625,-44.296875,0.0,0.0,0.0,30.76171875,48.33984375,0.0,-0.0,-0.0,0.0,-10.4,-9.0,-3.3
3.160469333000947,3.1634301250160206,-29.051986714284478,-19.36799114285632,24.209988928570397,4.988077694888002,7.482116542332003,-43.577980071426715,-29.1796875,-19.51171875,24.345703125,3.515625,6.064453125,-44.296875,0.0,0.0,0.0,30.76171875,48.33984375,0.0,-0.0,-0.0,0.0,-10.4,-10.6,-4.1
3.163458041002741,3.166461832995992,-29.016540764560936,-19.34436050970729,24.180450637134122,5.078948362651177,7.618422543976765,-43.5248111468414,-29.1796875,-19.51171875,24.345703125,3.603515625,6.15234375,-44.296875,0.0,0.0,0.0,30.76171875,43.9453125,0.0,-0.0,-0.0,0.0,-10.4,-10.6,-4.1
3.1664940000046045,3.1694409160118084,-28.97987966213838,-19.31991977475892,24.14989971844866,5.171141063332076,7.756711594998115,-43.469819493207574,-29.1796875,-19.51171875,24.345703125,3.69140625,6.328125,-44.296875,0.0,-4.39453125,0.0,30.76171875,43.9453125,0.0,-0.0,-0.0,0.0,-11.2,-10.5,-5.0
3.1694668749987613,3.172480708017247,-28.943341668967584,-19.295561112645057,24.119451390806326,5.261304148990046,7.891956223485069,-43.41501250345138,-29.1796875,-19.51171875,24.345703125,3.779296875,6.416015625,-44.296875,0.0,-4.39453125,0.0,30.76171875,43.9453125,0.0,-0.0,-0.0,0.0,-10.4,-9.7,-5.0
3.1725075409922283,3.175529625004856,-28.905317584781166,-19.270211723187444,24.087764653984305,5.353404537631093,8.03010680644664,-43.35797637717175,-29.1796875,-19.51171875,24.345703125,3.8671875,6.591796875,-44.296875,0.0,-4.39453125,0.0,30.76171875,43.9453125,0.0,-0.0,-0.0,0.0,-10.4,-8.9,-5.8
3.17556683300063,3.179504291008925,-28.866395101530173,-19.244263401020117,24.05532925127515,5.445945845503578,8.168918768255367,-43.29959265229526,-29.1796875,-19.51171875,24.345703125,3.955078125,6.767578125,-44.208984375,0.0,-4.39453125,0.0,30.76171875,43.9453125,0.0,-0.0,-0.0,0.0,-10.4,-8.6,-5.7
3.1795317080104724,3.1824793750129174,-28.814959478828502,-19.209972985885667,24.012466232357088,5.565692938129341,8.34853940719401,-43.222439218242755,-29.1796875,-19.51171875,24.345703125,4.130859375,6.943359375,-44.208984375,0.0,-4.39453125,0.0,30.76171875,43.9453125,4.39453125,-0.0,-0.0,0.0,-10.4,-8.6,-5.7
3.1825102909933776,3.1854660829994828,-28.77558352700434,-19.18372235133623,23.979652939170286,5.655510299419744,8.483265449129615,-43.163375290506515,-29.1796875,-19.51171875,24.345703125,4.21875,7.119140625,-44.208984375,0.0,-4.39453125,0.0,30.76171875,43.9453125,4.39453125,-0.0,-0.0,0.0,-10.4,-8.6,-6.5
3.1854926660016645,3.1884619159973226,-28.735526326903667,-19.15701755126911,23.94627193908639,5.745317966863734,8.617976950295601,-43.1032894903555,-29.1796875,-19.51171875,24.345703125,4.306640625,7.20703125,-44.208984375,0.0,0.0,0.0,30.76171875,43.9453125,4.39453125,-0.8,-0.0,0.0,-10.4,-9.7,-7.4
3.188491541019175,3.19151116599096,-28.694611626936094,-19.129741084624065,23.912176355780087,5.835495354744628,8.753243032116943,-43.04191744040414,-29.1796875,-19.51171875,24.345703125,4.39453125,7.3828125,-44.208984375,0.0,0.0,0.0,30.76171875,43.9453125,4.39453125,-0.8,-0.8,0.9,-10.4,-9.7,-8.2
3.191553540993482,3.1955319580156356,-28.65217872130037,-19.101452480866914,23.876815601083646,5.927437314825284,8.891155972237927,-42.97826808195055,-29.1796875,-19.51171875,24.345703125,4.482421875,7.55859375,-44.208984375,0.0,0.0,0.0,30.76171875,43.9453125,4.39453125,-0.8,-0.8,0.9,-10.4,-8.9,-8.2
3.195575749996351,3.199494708009297,-28.595432271936247,-19.063621514624167,23.829526893280207,6.048002541927265,9.072003812890898,-42.89314840790437,-29.1796875,-19.51171875,24.345703125,4.5703125,7.646484375,-44.12109375,0.0,0.0,0.0,30.76171875,43.9453125,4.39453125,-1.8,-0.8,1.7,-9.6,-8.7,-9.0
3.1995434160053264,3.2035063749935944,-28.53833696419929,-19.02555797613286,23.78194747016608,6.166696335705803,9.250044503558703,-42.80750544629893,-29.1796875,-19.51171875,24.345703125,4.658203125,7.91015625,-43.9453125,0.0,0.0,0.0,30.76171875,43.9453125,13.18359375,-2.6,-1.8,1.7,-9.6,-8.7,-7.4
3.2035541250079405,3.2075127080024686,-28.479495662176557,-18.986330441451038,23.7329130518138,6.28643431271095,9.429651469066425,-42.719243493264834,-29.1796875,-19.51171875,24.345703125,4.833984375,8.0859375,-43.857421875,0.0,0.0,0.0,30.76171875,48.33984375,13.18359375,-2.6,-1.8,2.5,-9.6,-8.7,-8.0
3.207570875005331,3.2115524999971967,-28.419432828570784,-18.946288552380523,23.682860690475653,6.406102566298384,9.609153849447576,-42.62914924285618,-29.1796875,-19.51171875,24.345703125,4.921875,8.26171875,-43.681640625,0.0,0.0,0.0,30.76171875,48.33984375,13.18359375,-3.4,-2.6,2.6,-11.2,-8.7,-6.4
3.2116099999984726,3.215474083001027,-28.35789458676719,-18.905263057844795,23.631578822306,6.526180254458871,9.789270381688306,-42.53684188015079,-29.1796875,-19.51171875,24.345703125,5.009765625,8.4375,-43.59375,0.0,0.0,0.0,30.76171875,48.33984375,13.18359375,-3.4,-2.6,3.4,-10.4,-8.7,-7.2
3.2155048749991693,3.218443165998906,-28.29747293755163,-18.864981958367753,23.581227447959698,6.641720839545964,9.962581259318945,-42.44620940632744,-29.1796875,-19.51171875,24.345703125,5.185546875,8.61328125,-43.41796875,0.0,0.0,0.0,30.76171875,48.33984375,13.18359375,-4.2,-2.6,3.4,-9.6,-8.0,-5.4
3.2184721250087023,3.221408750017872,-28.250730685805486,-18.833820457203657,23.542275571504575,6.729577028745339,10.094365543118009,-42.37609602870823,-29.1796875,-19.51171875,24.345703125,5.2734375,8.701171875,-43.330078125,0.0,0.0,0.0,30.76171875,48.33984375,13.18359375,-4.2,-3.4,4.2,-10.4,-8.8,-5.4
3.221431832993403,3.224557416018797,-28.203495849118433,-18.802330566078954,23.502913207598688,6.817064271656312,10.225596407484469,-42.30524377367765,-29.1796875,-19.51171875,24.345703125,5.361328125,8.876953125,-43.2421875,0.0,0.0,0.0,30.76171875,43.9453125,30.76171875,-5.0,-3.4,4.2,-10.4,-8.8,-5.4
3.224578207999002,3.22846087499056,-28.15261348826586,-18.768408992177243,23.460511240221564,6.909907662361373,10.36486149354206,-42.22892023239879,-29.1796875,-19.51171875,24.345703125,5.44921875,8.96484375,-43.2421875,0.0,0.0,0.0,30.76171875,43.9453125,30.76171875,-5.0,-3.4,4.2,-10.4,-9.8,-6.4
3.228479415993206,3.231569625000702,-28.088569383753658,-18.72571292250244,23.40714115312804,7.024790071171179,10.537185106756768,-42.13285407563048,-29.1796875,-19.51171875,24.345703125,5.537109375,9.140625,-43.06640625,0.0,0.0,0.0,30.76171875,43.9453125,30.76171875,-5.8,-4.2,5.1,-10.4,-9.8,-6.4
3.23158783299732,3.2355023749987595,-28.036784955333033,-18.691189970222023,23.363987462777523,7.116137821674878,10.674206732512316,-42.05517743299955,-29.1796875,-19.51171875,24.345703125,5.625,9.31640625,-43.06640625,0.0,0.0,0.0,26.3671875,43.9453125,30.76171875,-6.8,-4.2,5.1,-10.4,-9.0,-6.4
3.2355216660071164,3.2394780830072705,-27.97029151392958,-18.64686100928639,23.30857626160799,7.231498772754855,10.847248159132283,-41.95543727089437,-29.1796875,-19.51171875,24.345703125,5.80078125,9.4921875,-42.978515625,0.0,0.0,0.0,26.3671875,43.9453125,30.76171875,-6.8,-5.0,5.9,-9.6,-7.9,-7.3
3.239495749992784,3.2425378329935484,-27.902033283128628,-18.60135552208575,23.25169440260719,7.3477597089840865,11.02163956347613,-41.85304992469294,-29.1796875,-19.51171875,24.345703125,5.888671875,9.66796875,-42.890625,0.0,0.0,0.0,26.3671875,43.9453125,21.97265625,-7.6,-5.0,6.7,-9.6,-7.9,-6.5
3.2425551250053104,3.2464878750033677,-27.84874510074282,-18.565830067161883,23.207287583952354,7.437066217082364,11.155599325623546,-41.773117651114234,-29.1796875,-19.51171875,24.345703125,5.9765625,9.755859375,-42.802734375,0.0,0.0,0.0,26.3671875,39.55078125,21.97265625,-7.6,-5.0,6.7,-9.6,-7.9,-6.5
3.2465049579914194,3.249587500002235,-27.778995924125276,-18.51933061608352,23.149163270104406,7.55211185908893,11.328167788633396,-41.66849388618792,-29.1796875,-19.51171875,24.345703125,6.15234375,9.931640625,-42.71484375,0.0,0.0,0.0,26.3671875,39.55078125,21.97265625,-8.4,-5.8,7.4,-8.6,-8.8,-7.1
3.249604625016218,3.2526062079996336,-27.72351063705203,-18.482340424701352,23.102925530876693,7.642191598321139,11.463287397481707,-41.585265955578045,-29.1796875,-19.51171875,24.345703125,6.15234375,10.01953125,-42.626953125,0.0,0.0,0.0,30.76171875,39.55078125,21.97265625,-9.2,-5.8,7.4,-10.2,-10.4,-6.3
3.252633500000229,3.2564815410005394,-27.668657660398477,-18.445771773598985,23.05721471699873,7.730039047527443,11.595058571291164,-41.50298649059771,-29.1796875,-19.51171875,24.345703125,6.328125,10.1953125,-42.5390625,0.0,0.0,0.0,30.76171875,39.55078125,21.97265625,-9.1,-6.6,8.2,-9.4,-9.6,-6.3
3.256509916012874,3.2594408330041915,-27.597542159936744,-18.398361439957828,22.997951799947295,7.842212463627397,11.763318695441095,-41.39631323990511,-29.1796875,-19.51171875,24.345703125,6.416015625,10.37109375,-42.451171875,0.0,0.0,0.0,30.76171875,39.55078125,21.97265625,-9.9,-6.6,8.2,-9.8,-8.9,-7.2
3.2594576250121463,3.262551791005535,-27.54277940830559,-18.361852938870395,22.952316173587988,7.927317115600748,11.890975673401122,-41.31416911245839,-29.1796875,-19.51171875,24.345703125,6.50390625,10.546875,-42.36328125,0.0,0.0,0.0,30.76171875,39.55078125,26.3671875,-9.9,-7.4,9.0,-9.8,-8.1,-6.4
3.2625664160004817,3.266428833012469,-27.48438430814241,-18.32292287209494,22.903653590118665,8.016888263114318,12.025332394671477,-41.226576462213615,-29.1796875,-19.51171875,24.345703125,6.591796875,10.634765625,-42.275390625,0.0,0.0,0.0,30.76171875,43.9453125,26.3671875,-10.7,-7.4,9.0,-9.8,-8.1,-6.4
3.2664556660165545,3.2695305829984136,-27.410406476034666,-18.273604317356444,22.842005396695555,8.128676722117316,12.193015083175974,-41.115609714052,-29.1796875,-19.51171875,24.345703125,6.6796875,10.810546875,-42.1875,0.0,0.0,0.0,30.76171875,43.9453125,26.3671875,-11.5,-7.4,10.0,-9.6,-8.7,-7.2
3.269547625008272,3.2734952500031795,-27.350863922303624,-18.233909281535748,22.792386601919677,8.217332432895997,12.325998649343996,-41.02629588345544,-29.091796875,-19.51171875,24.345703125,6.85546875,10.986328125,-42.099609375,0.0,0.0,0.0,30.76171875,43.9453125,26.3671875,-10.7,-8.2,10.0,-9.6,-8.7,-6.4
3.273512625019066,3.276514916011365,-27.273565065911306,-18.18237671060754,22.727970888259414,8.330736891389419,12.49610533708413,-40.910347598866956,-29.091796875,-19.51171875,24.345703125,6.943359375,11.162109375,-41.923828125,0.0,0.0,0.0,30.76171875,43.9453125,26.3671875,-11.5,-8.2,10.8,-8.8,-7.9,-6.4
3.2765316250151955,3.280482791014947,-27.2139991570339,-18.142666104689265,22.678332630861593,8.416867981248084,12.625301971872126,-40.82099873555085,-29.00390625,-19.51171875,24.345703125,7.03125,11.25,-41.923828125,0.0,0.0,0.0,30.76171875,43.9453125,26.3671875,-11.5,-9.1,10.8,-8.6,-8.0,-7.2
3.280499290995067,3.283596249995753,-27.134785264126137,-18.08985684275076,22.61232105343845,8.529776046812925,12.794664070219389,-40.702177896189205,-28.916015625,-19.51171875,24.345703125,7.119140625,11.42578125,-41.748046875,8.7890625,0.0,0.0,30.76171875,43.9453125,26.3671875,-11.5,-9.9,11.6,-9.4,-8.0,-6.4
3.2836159160069656,3.2874606660043355,-27.071823007428783,-18.047882004952523,22.559852506190666,8.61823387564476,12.92735081346714,-40.60773451114318,-28.916015625,-19.51171875,24.345703125,7.294921875,11.513671875,-41.66015625,8.7890625,0.0,0.0,30.76171875,43.9453125,26.3671875,-11.5,-9.9,12.4,-8.8,-9.6,-6.4
3.287478457990801,3.2905846660141833,-26.992891524015754,-17.995261016010502,22.494076270013128,8.72757589286124,13.091363839291862,-40.48933728602363,-28.828125,-19.51171875,24.345703125,7.3828125,11.689453125,-41.572265625,8.7890625,0.0,0.0,30.76171875,43.9453125,26.3671875,-11.5,-10.7,12.3,-8.8,-8.8,-7.2
3.290601874992717,3.2944681660155766,-26.928337375830036,-17.952224917220022,22.440281146525027,8.815759781297611,13.223639671946417,-40.39250606374505,-28.828125,-19.51171875,24.2578125,7.55859375,11.77734375,-41.484375,8.7890625,0.0,0.0,35.15625,43.9453125,26.3671875,-12.3,-10.7,12.3,-8.0,-8.8,-6.4
3.294485165999504,3.2975531659903936,-26.847174558240493,-17.898116372160327,22.372645465200403,8.925101138284449,13.387651707426672,-40.27076183736074,-28.740234375,-19.51171875,24.2578125,7.734375,12.041015625,-41.396484375,8.7890625,0.0,-4.39453125,35.15625,43.9453125,26.3671875,-11.3,-11.5,12.3,-8.0,-7.9,-7.2
3.297572500014212,3.3014549580111634,-26.781934719303678,-17.854623146202453,22.318278932753056,9.011794067059657,13.517691100589486,-40.17290207895552,-28.740234375,-19.51171875,24.169921875,7.91015625,12.12890625,-41.30859375,13.18359375,0.0,-4.39453125,35.15625,43.9453125,26.3671875,-12.1,-11.5,12.3,-7.2,-8.7,-7.2
3.3014779160148464,3.305547166004544,-26.698505487317814,-17.799003658211877,22.248754572764856,9.121155013207495,13.681732519811243,-40.04775823097672,-28.65234375,-19.51171875,24.169921875,8.0859375,12.3046875,-41.1328125,13.18359375,0.0,-4.39453125,35.15625,39.55078125,30.76171875,-12.1,-12.3,13.1,-6.4,-9.5,-7.2
3.305594083009055,3.3094670409918763,-26.60948661270075,-17.7396577418005,22.174572177250624,9.236045864101023,13.854068796151534,-39.914229919051124,-28.564453125,-19.423828125,24.08203125,8.173828125,12.48046875,-41.044921875,13.18359375,0.0,-4.39453125,35.15625,39.55078125,30.76171875,-12.1,-11.5,12.0,-6.2,-8.9,-6.4
3.309505250013899,3.312460832996294,-26.523870465280286,-17.682580310186857,22.103225387733584,9.344857065455418,14.017285598183125,-39.78580569792043,-28.4765625,-19.423828125,23.994140625,8.349609375,12.65625,-40.869140625,13.18359375,0.0,-4.39453125,43.9453125,39.55078125,30.76171875,-12.1,-12.3,12.0,-5.4,-9.7,-5.6
3.312484291003784,3.315399665996665,-26.457986882789847,-17.638657921859895,22.048322402324885,9.427499494330881,14.141249241496324,-39.686980324184766,-28.4765625,-19.423828125,23.994140625,8.4375,12.83203125,-40.78125,13.18359375,0.0,-13.18359375,43.9453125,39.55078125,30.76171875,-12.0,-12.3,12.8,-5.4,-8.1,-6.4
3.3154272079991642,3.3183883750170935,-26.392333337182812,-17.59488889145521,21.993611114319013,9.50893710660377,14.263405659905654,-39.58850000577422,-28.388671875,-19.423828125,23.994140625,8.4375,12.919921875,-40.693359375,13.18359375,0.0,-13.18359375,43.9453125,39.55078125,30.76171875,-12.0,-13.1,12.8,-6.4,-7.9,-6.4
3.318414166016737,3.321548875013832,-26.325120572215727,-17.55008038147715,21.93760047684645,9.59138564565573,14.387078468483596,-39.48768085832359,-28.388671875,-19.423828125,23.90625,8.4375,13.095703125,-40.60546875,17.578125,0.0,-13.18359375,43.9453125,39.55078125,30.76171875,-12.8,-13.0,12.8,-7.2,-7.1,-7.2
3.321572000015294,3.325462333014002,-26.25343257707765,-17.502288384718433,21.877860480898057,9.678321202468439,14.517481803702658,-39.380148865616476,-28.30078125,-19.3359375,23.90625,8.525390625,13.18359375,-40.517578125,17.578125,0.0,-13.18359375,43.9453125,48.33984375,30.76171875,-12.0,-13.0,12.8,-8.0,-8.7,-7.2
3.3254825829935726,3.32838749999064,-26.163760865469953,-17.442507243646634,21.803134054558306,9.785649751311082,14.678474626966622,-39.24564129820493,-28.30078125,-19.3359375,23.818359375,8.525390625,13.359375,-40.4296875,17.578125,8.7890625,-13.18359375,43.9453125,48.33984375,30.76171875,-12.8,-13.0,12.9,-8.3,-8.0,-7.4
3.3284031249932013,3.331485083006555,-26.096147155348355,-17.397431436898902,21.74678929612364,9.865565335975523,14.798348003963284,-39.14422073302253,-28.212890625,-19.3359375,23.818359375,8.525390625,13.53515625,-40.341796875,17.578125,8.7890625,-13.18359375,8.7890625,48.33984375,30.76171875,-12.8,-13.8,13.7,-9.1,-8.0,-8.2
3.3315000830043573,3.335455207998166,-26.02384927495823,-17.349232849972154,21.686541062465192,9.950081382453467,14.925122073680201,-39.03577391243735,-28.125,-19.248046875,23.73046875,8.525390625,13.623046875,-40.25390625,17.578125,8.7890625,-13.18359375,8.7890625,48.33984375,30.76171875,-12.9,-13.0,12.9,-9.9,-8.0,-8.2
3.3354695000161882,3.338393083016854,-25.93028370429966,-17.28685580286644,21.608569753583055,10.058062261236147,15.087093391854221,-38.895425556449496,-28.037109375,-19.248046875,23.642578125,8.61328125,13.798828125,-40.078125,17.578125,8.7890625,-13.18359375,8.7890625,48.33984375,30.76171875,-12.1,-13.8,12.9,-10.6,-8.9,-7.2
3.338407041010214,3.3414298749994487,-25.860391851418665,-17.24026123427911,21.55032654284888,10.137721271262734,15.206581906894101,-38.790587777127996,-28.037109375,-19.248046875,23.642578125,8.61328125,13.974609375,-39.990234375,17.578125,8.7890625,-13.18359375,8.7890625,48.33984375,30.76171875,-12.9,-13.7,13.7,-11.4,-8.1,-7.2
3.341450875013834,3.3443759579968173,-25.787390173567005,-17.19159344904467,21.48949181130584,10.220034964850381,15.330052447275573,-38.68108526035051,-27.94921875,-19.16015625,23.5546875,8.61328125,14.0625,-39.90234375,17.578125,8.7890625,-13.18359375,8.7890625,39.55078125,35.15625,-12.9,-13.7,12.9,-12.2,-8.9,-7.2
3.344390582991764,3.347366416011937,-25.716326178664936,-17.144217452443293,21.43027181555413,10.299311042168735,15.448966563253103,-38.57448926799741,-27.861328125,-19.16015625,23.466796875,8.701171875,14.150390625,-39.7265625,17.578125,8.7890625,-13.18359375,8.7890625,39.55078125,35.15625,-12.9,-13.7,12.9,-12.2,-7.9,-7.1
3.347380457998952,3.3504452499910258,-25.6434869990481,-17.0956579993654,21.369572499206765,10.379714715190092,15.569572072785137,-38.465230498572154,-27.7734375,-19.072265625,23.466796875,8.7890625,14.326171875,-39.638671875,17.578125,8.7890625,-13.18359375,8.7890625,39.55078125,35.15625,-12.1,-13.7,13.6,-12.2,-7.1,-7.1
3.3504591250093654,3.353561541007366,-25.56789362786595,-17.0452624185773,21.306578023221633,10.462266918877399,15.693400378316099,-38.35184044179892,-27.7734375,-19.072265625,23.37890625,8.876953125,14.4140625,-39.462890625,17.578125,8.7890625,-13.18359375,13.18359375,39.55078125,35.15625,-12.9,-13.7,12.8,-12.2,-7.9,-6.3
3.3535782910184935,3.357384416012792,-25.49069606239369,-16.993797374929123,21.242246718661395,10.54565554054616,15.818483310819243,-38.23604409359053,-27.685546875,-19.072265625,23.291015625,8.96484375,14.501953125,-39.375,17.578125,8.7890625,-17.578125,13.18359375,39.55078125,35.15625,-12.7,-14.5,12.8,-12.0,-8.7,-6.3
3.3574012909957673,3.360394957999233,-25.395244580101206,-16.930163053400804,21.162703816751005,10.647515155437082,15.971272733155622,-38.09286687015181,-27.59765625,-19.072265625,23.291015625,9.052734375,14.765625,-39.287109375,21.97265625,8.7890625,-17.578125,13.18359375,39.55078125,35.15625,-12.7,-15.3,13.6,-11.2,-7.2,-7.1
3.3604166250152048,3.3634845830092672,-25.3193124588397,-16.879541639226467,21.099427049033086,10.727584725818753,16.09137708872813,-37.97896868825955,-27.509765625,-19.072265625,23.203125,9.140625,14.853515625,-39.19921875,21.97265625,8.7890625,-17.578125,13.18359375,43.9453125,35.15625,-12.7,-15.3,12.8,-11.2,-7.2,-7.9
3.363504291017307,3.36652170799789,-25.24097026890583,-16.827313512603887,21.03414189075485,10.80932560100484,16.213988401507258,-37.86145540335875,-27.421875,-18.984375,23.203125,9.31640625,14.94140625,-39.111328125,21.97265625,8.7890625,-17.578125,13.18359375,43.9453125,35.15625,-11.9,-15.3,13.6,-10.2,-8.0,-8.2
3.3665393330156803,3.370437708013924,-25.16338461813798,-16.775589745425318,20.969487181781638,10.88942554468237,16.334138317023555,-37.745076927206966,-27.333984375,-18.984375,23.115234375,9.404296875,15.1171875,-38.935546875,21.97265625,8.7890625,-17.578125,13.18359375,43.9453125,35.15625,-11.9,-15.3,13.7,-10.2,-7.3,-8.2
3.3704546660010237,3.3734674580045976,-25.062451287268225,-16.708300858178816,20.885376072723524,10.992392025059011,16.488588037588517,-37.59367693090234,-27.24609375,-18.896484375,23.02734375,9.4921875,15.205078125,-38.84765625,21.97265625,8.7890625,-17.578125,35.15625,43.9453125,35.15625,-11.9,-15.3,13.7,-10.2,-7.3,-9.0
3.3734847079904284,3.3765185410156846,-24.98368897234171,-16.65579264822781,20.81974081028476,11.071791691467128,16.607687537200693,-37.475533458512565,-27.24609375,-18.896484375,23.02734375,9.66796875,15.380859375,-38.671875,21.97265625,8.7890625,-17.578125,35.15625,43.9453125,35.15625,-12.9,-15.3,13.7,-9.6,-7.3,-7.2
3.3765382500132546,3.380409250006778,-24.903743236436426,-16.60249549095762,20.753119363697024,11.1515534107465,16.72733011611975,-37.35561485465464,-27.158203125,-18.80859375,22.939453125,9.66796875,15.46875,-38.583984375,21.97265625,8.7890625,-17.578125,35.15625,43.9453125,35.15625,-12.9,-15.3,13.7,-10.4,-7.8,-7.2
3.3804276660084724,3.3835160410089884,-24.801083803386028,-16.534055868924018,20.667569836155014,11.252777280445,16.8791659206675,-37.20162570507904,-27.0703125,-18.80859375,22.8515625,9.84375,15.556640625,-38.408203125,21.97265625,8.7890625,-17.578125,35.15625,35.15625,35.15625,-12.9,-16.1,13.7,-9.6,-7.8,-7.2
3.3835385410056915,3.387529875006294,-24.718307121938924,-16.47887141462595,20.598589268282424,11.333437117671927,17.00015567650789,-37.07746068290838,-26.982421875,-18.720703125,22.763671875,9.931640625,15.732421875,-38.3203125,21.97265625,8.7890625,-17.578125,35.15625,35.15625,35.15625,-12.9,-15.3,13.7,-9.6,-7.2,-8.0
3.3875877910177223,3.3914110000187065,-24.609677553942372,-16.40645170262825,20.50806462828531,11.438021792658319,17.157032688987478,-36.91451633091356,-26.982421875,-18.720703125,22.67578125,10.01953125,15.8203125,-38.14453125,21.97265625,13.18359375,-17.578125,26.3671875,35.15625,35.15625,-13.7,-16.1,13.6,-10.4,-8.0,-8.0
3.3914452909957618,3.3943991659907624,-24.505265999864314,-16.336843999909544,20.421054999886927,11.537223588135038,17.30583538220256,-36.757898999796474,-26.89453125,-18.6328125,22.67578125,10.107421875,15.99609375,-37.96875,21.97265625,13.18359375,-17.578125,26.3671875,35.15625,35.15625,-13.7,-16.1,13.6,-9.6,-8.8,-8.0
3.3944283750024624,3.397404290997656,-24.42390528290092,-16.282603521933947,20.353254402417424,11.613648115364274,17.420472173046413,-36.635857924351384,-26.806640625,-18.6328125,22.67578125,10.1953125,16.083984375,-37.880859375,21.97265625,13.18359375,-17.578125,26.3671875,35.15625,35.15625,-13.7,-16.1,14.4,-9.6,-9.0,-8.8
3.3974285410076845,3.400400750018889,-24.341537787531955,-16.227691858354635,20.284614822943297,11.690253074689643,17.535379612034465,-36.51230668129793,-26.806640625,-18.544921875,22.587890625,10.283203125,16.259765625,-37.79296875,17.578125,13.18359375,-17.578125,26.3671875,35.15625,35.15625,-14.5,-16.2,14.4,-9.6,-9.0,-8.0
3.4004242079972755,3.4033495410112664,-24.258754422183465,-16.172502948122307,20.21562868515289,11.766484113488412,17.64972617023262,-36.388131633275194,-26.71875,-18.544921875,22.5,10.37109375,16.34765625,-37.6171875,17.578125,13.18359375,-17.578125,26.3671875,39.55078125,39.55078125,-13.7,-16.2,14.4,-9.6,-9.0,-7.2
3.4033721660089213,3.40638274999219,-24.176765069898057,-16.117843379932037,20.147304224915036,11.841246757836819,17.761870136755228,-36.26514760484709,-26.71875,-18.45703125,22.412109375,10.458984375,16.435546875,-37.529296875,17.578125,13.18359375,-17.578125,26.3671875,39.55078125,39.55078125,-14.5,-16.2,13.6,-9.6,-9.0,-7.1
3.406411083007697,3.409442875010427,-24.091703304331684,-16.061135536221123,20.076419420276405,11.918050397910516,17.877075596865772,-36.137554956497524,-26.630859375,-18.45703125,22.412109375,10.546875,16.611328125,-37.353515625,17.578125,13.18359375,-17.578125,26.3671875,39.55078125,39.55078125,-14.5,-17.0,14.5,-9.6,-8.0,-7.9
3.409512874990469,3.4134660830022767,-24.004315511668263,-16.002877007778842,20.00359625972357,11.996163031315607,17.994244546973412,-36.00647326750239,-26.54296875,-18.45703125,22.32421875,10.634765625,16.787109375,-37.265625,17.578125,13.18359375,-17.578125,30.76171875,39.55078125,39.55078125,-14.5,-17.0,14.5,-9.6,-7.2,-7.9
3.4134942080127075,3.4164709160104394,-23.891313287328245,-15.927542191552163,19.90942773944019,12.096007594918486,18.144011392377728,-35.83696993099237,-26.54296875,-18.369140625,22.236328125,10.810546875,16.962890625,-37.177734375,17.578125,13.18359375,-17.578125,30.76171875,39.55078125,39.55078125,-15.4,-17.0,14.5,-8.0,-7.0,-8.1
3.4165010410069954,3.4194440830033273,-23.805350740707166,-15.87023382713811,19.837792283922635,12.171100125788188,18.256650188682283,-35.70802611106075,-26.455078125,-18.28125,22.1484375,10.810546875,17.05078125,-37.001953125,17.578125,13.18359375,-17.578125,30.76171875,39.55078125,39.55078125,-15.4,-16.8,13.7,-8.8,-7.0,-7.3
3.4194718330109026,3.422397832997376,-23.719897028587692,-15.813264685725128,19.766580857156413,12.245025928073757,18.367538892110634,-35.579845542881536,-26.3671875,-18.28125,22.1484375,10.8984375,17.2265625,-36.9140625,17.578125,13.18359375,-17.578125,30.76171875,43.9453125,39.55078125,-15.4,-16.8,14.5,-8.8,-6.2,-7.3
3.4224246660014614,3.4254162500146776,-23.634448040498523,-15.756298693665682,19.6953733670821,12.318240599857965,18.477360899786948,-35.45167206074778,-26.3671875,-18.193359375,22.060546875,11.07421875,17.314453125,-36.826171875,17.578125,13.18359375,-17.578125,30.76171875,43.9453125,39.55078125,-16.2,-16.8,14.5,-8.0,-7.0,-8.9
3.4254539160174318,3.428405582992127,-23.54625934080789,-15.69750622720526,19.621882784006566,12.393074608298463,18.589611912447694,-35.31938901121183,-26.279296875,-18.10546875,22.060546875,11.162109375,17.40234375,-36.650390625,17.578125,13.18359375,-17.578125,30.76171875,43.9453125,39.55078125,-16.2,-16.0,15.2,-8.0,-8.1,-8.9
3.4284334580006544,3.4313975000113714,-23.458997673042816,-15.639331782028545,19.549164727535683,12.46640691665533,18.699610374982996,-35.188496509564224,-26.19140625,-18.10546875,21.97265625,11.25,17.490234375,-36.5625,17.578125,13.18359375,-17.578125,26.3671875,43.9453125,39.55078125,-15.4,-16.8,14.4,-8.0,-8.1,-9.7
3.431426333001582,3.434386083012214,-23.37082820743081,-15.580552138287207,19.47569017285901,12.539792465033619,18.809688697550428,-35.056242311146214,-26.19140625,-18.017578125,21.884765625,11.25,17.578125,-36.474609375,17.578125,13.18359375,-21.97265625,26.3671875,43.9453125,39.55078125,-16.1,-16.8,14.4,-8.8,-8.9,-9.7
3.434417625016067,3.4373928749992047,-23.28218926199246,-15.521459507994974,19.401824384993734,12.612862273951635,18.91929341092745,-34.92328389298869,-26.103515625,-18.017578125,21.884765625,11.42578125,17.75390625,-36.298828125,17.578125,13.18359375,-21.97265625,26.3671875,43.9453125,39.55078125,-16.1,-16.8,15.2,-8.0,-7.1,-9.7
3.4374274580040947,3.4405930830107536,-23.19248209903638,-15.461654732690919,19.327068415863653,12.686103930169281,19.029155895253922,-34.78872314855457,-25.927734375,-17.9296875,21.796875,11.513671875,17.841796875,-36.123046875,21.97265625,13.18359375,-21.97265625,26.3671875,43.9453125,39.55078125,-15.3,-16.8,15.2,-8.0,-7.1,-8.9
3.44089429100859,3.444455165998079,-23.088511863110828,-15.392341242073886,19.240426552592375,12.77011476407128,19.15517214610692,-34.63276779466624,-25.927734375,-17.841796875,21.708984375,11.6015625,18.017578125,-35.947265625,21.97265625,13.18359375,-21.97265625,26.3671875,35.15625,39.55078125,-16.1,-16.8,15.2,-8.0,-7.1,-8.1
3.444475083000725,3.447470290993806,-22.98040520509403,-15.320270136729352,19.15033767091169,12.856489526213553,19.28473428932033,-34.470607807641045,-25.83984375,-17.75390625,21.62109375,11.689453125,18.10546875,-35.771484375,21.97265625,21.97265625,-21.97265625,26.3671875,35.15625,39.55078125,-16.1,-16.0,15.3,-7.0,-7.2,-7.0
3.447488333011279,3.45055500001763,-22.8888695852315,-15.259246390154333,19.074057987692917,12.928859176453347,19.39328876468002,-34.33330437784725,-25.751953125,-17.75390625,21.62109375,11.77734375,18.193359375,-35.595703125,21.97265625,21.97265625,-21.97265625,30.76171875,35.15625,39.55078125,-16.1,-16.8,15.3,-7.8,-8.0,-6.2
3.4505904160032514,3.4544131660077255,-22.794099762700988,-15.196066508467325,18.99508313558416,13.003059742623567,19.504589613935348,-34.19114964405148,-25.6640625,-17.666015625,21.533203125,11.953125,18.369140625,-35.5078125,21.97265625,21.97265625,-17.578125,30.76171875,35.15625,39.55078125,-16.0,-16.8,15.3,-6.2,-7.2,-7.8
3.4544515830057207,3.458478250016924,-22.675383820905463,-15.116922547270308,18.8961531840879,13.094985784636444,19.642478676954667,-34.01307573135819,-25.576171875,-17.578125,21.4453125,12.041015625,18.45703125,-35.33203125,21.97265625,21.97265625,-17.578125,30.76171875,35.15625,39.55078125,-16.8,-16.8,15.3,-6.4,-7.2,-8.0
3.4585174999956507,3.4624936660111416,-22.549471049423712,-15.032980699615807,18.791225874519746,13.191265719595622,19.786898579393434,-33.824206574135566,-25.48828125,-17.490234375,21.357421875,12.12890625,18.6328125,-35.15625,21.97265625,21.97265625,-17.578125,30.76171875,35.15625,48.33984375,-16.8,-16.0,15.3,-6.4,-7.2,-8.8
3.4625317080062814,3.4664326249912847,-22.424257249018698,-14.949504832679132,18.686881040848917,13.28579336199774,19.92869004299661,-33.63638587352805,-25.400390625,-17.40234375,21.26953125,12.3046875,18.720703125,-34.98046875,21.97265625,21.97265625,-17.578125,30.76171875,35.15625,48.33984375,-16.8,-16.0,15.3,-5.4,-8.0,-8.9
3.4664598329982255,3.469382957991911,-22.300865474435614,-14.867243649623742,18.584054562029678,13.377782561498094,20.06667384224714,-33.45129821165342,-25.3125,-17.40234375,21.181640625,12.392578125,18.896484375,-34.8046875,21.97265625,17.578125,-17.578125,30.76171875,35.15625,48.33984375,-16.8,-16.8,15.3,-5.4,-8.0,-8.9
3.4694119580090046,3.472368999995524,-22.207573113433167,-14.805048742288777,18.506310927860977,13.446580670878879,20.169871006318317,-33.31135967014975,-25.224609375,-17.314453125,21.181640625,12.48046875,18.984375,-34.716796875,21.97265625,17.578125,-17.578125,30.76171875,35.15625,48.33984375,-16.8,-16.8,16.1,-5.4,-7.2,-8.9
3.472398208017694,3.4753642080177087,-22.112716498303786,-14.741810998869191,18.42726374858649,13.515879863095089,20.273819794642634,-33.16907474745568,-25.13671875,-17.2265625,21.09375,12.48046875,19.072265625,-34.541015625,21.97265625,17.578125,-21.97265625,30.76171875,35.15625,48.33984375,-16.9,-16.8,16.1,-6.4,-7.2,-9.7
3.475390875013545,3.4783807909989264,-22.017167926513384,-14.678111951008923,18.347639938761155,13.585029611806114,20.37754441770917,-33.02575188977008,-25.048828125,-17.2265625,21.005859375,12.568359375,19.16015625,-34.365234375,21.97265625,17.578125,-21.97265625,30.76171875,35.15625,48.33984375,-16.9,-16.8,16.1,-6.4,-7.1,-8.9
3.478408916009357,3.4814060410135426,-21.920316486930833,-14.613544324620555,18.26693040577571,13.654461625137417,20.481692437706126,-32.88047473039625,-24.9609375,-17.138671875,20.91796875,12.568359375,19.248046875,-34.27734375,26.3671875,17.578125,-21.97265625,30.76171875,35.15625,43.9453125,-16.9,-16.7,16.1,-7.2,-7.9,-9.7
3.4814359580050223,3.48441050000838,-21.822681346667505,-14.54845423111167,18.18556778888957,13.723792460003502,20.585688690005252,-32.734022020001255,-24.873046875,-17.05078125,20.91796875,12.65625,19.423828125,-34.1015625,26.3671875,17.578125,-21.97265625,30.76171875,35.15625,43.9453125,-16.9,-16.7,16.1,-6.4,-7.9,-8.9
3.4844362910080235,3.4883984999905806,-21.72542080809391,-14.483613872062609,18.104517340078278,13.792205378582336,20.688308067873503,-32.588131212140866,-24.78515625,-17.05078125,20.830078125,12.65625,19.51171875,-33.92578125,26.3671875,17.578125,-21.97265625,30.76171875,35.15625,43.9453125,-16.9,-16.7,16.0,-7.2,-7.3,-8.7
3.4884400000155438,3.4913770830025896,-21.59488302356426,-14.396588682376175,17.995735852970235,13.883019639490474,20.824529459235713,-32.39232453534639,-24.697265625,-16.962890625,20.7421875,12.744140625,19.6875,-33.75,26.3671875,17.578125,-21.97265625,13.18359375,35.15625,43.9453125,-16.9,-16.7,16.0,-8.0,-7.3,-8.7
3.4914122500049416,3.494392541004345,-21.49742246802121,-14.331614978680808,17.914518723350994,13.950082870823813,20.92512430623572,-32.24613370203181,-24.609375,-16.875,20.654296875,12.744140625,19.775390625,-33.57421875,26.3671875,17.578125,-17.578125,13.18359375,35.15625,43.9453125,-16.9,-16.7,16.0,-8.8,-7.3,-7.9
3.494436458015116,3.4974942080152687,-21.39777726127571,-14.265184840850473,17.83148105106311,14.018006329588019,21.02700949438203,-32.09666589191357,-24.521484375,-16.787109375,20.654296875,12.83203125,19.86328125,-33.3984375,26.3671875,17.578125,-17.578125,13.18359375,35.15625,43.9453125,-16.9,-15.9,16.8,-8.0,-8.0,-7.9
3.4975310410081875,3.501413165999111,-21.295313417397015,-14.19687561159801,17.746094514497514,14.087182928776556,21.130774393164835,-31.942970126095524,-24.521484375,-16.787109375,20.56640625,12.83203125,20.0390625,-33.310546875,26.3671875,17.578125,-17.578125,13.18359375,35.15625,43.9453125,-17.7,-16.9,16.8,-8.0,-6.4,-8.7
3.50144300001557,3.5043898330186494,-21.165065881675908,-14.110043921117272,17.63755490139661,14.174154667709164,21.261232001563748,-31.74759882251386,-24.43359375,-16.69921875,20.478515625,13.0078125,20.126953125,-33.134765625,26.3671875,17.578125,-17.578125,13.18359375,35.15625,52.734375,-18.5,-16.9,16.8,-7.2,-6.4,-7.9
3.50442050001584,3.507381458010059,-21.065394992830168,-14.04359666188678,17.55449582735849,14.239992724655533,21.359989086983298,-31.598092489245253,-24.345703125,-16.611328125,20.390625,13.095703125,20.21484375,-32.958984375,26.3671875,21.97265625,-17.578125,13.18359375,35.15625,52.734375,-18.5,-16.9,16.9,-7.2,-6.3,-7.1
3.507410666003125,3.5104058750148397,-20.964836373040725,-13.976557582027151,17.470696977533944,14.305797361778872,21.458696042668308,-31.44725455956109,-24.2578125,-16.5234375,20.302734375,13.095703125,20.390625,-32.87109375,26.3671875,21.97265625,-17.578125,21.97265625,35.15625,52.734375,-18.5,-16.1,16.9,-8.0,-6.3,-7.9
3.510458208009368,3.5133870409918018,-20.861872317930146,-13.907914878620097,17.384893598275124,14.372539919202092,21.55880987880314,-31.29280847689522,-24.169921875,-16.435546875,20.21484375,13.18359375,20.390625,-32.6953125,26.3671875,21.97265625,-26.3671875,21.97265625,35.15625,52.734375,-18.5,-16.1,16.9,-8.0,-7.9,-7.9
3.51341520799906,3.5164397500047926,-20.76151031103068,-13.841006874020454,17.301258592525553,14.436984751440258,21.65547712716039,-31.14226546654602,-24.08203125,-16.435546875,20.21484375,13.271484375,20.478515625,-32.51953125,26.3671875,21.97265625,-26.3671875,21.97265625,35.15625,52.734375,-18.5,-16.9,17.7,-8.0,-7.3,-8.2
3.5164754159923177,3.519526666001184,-20.657173757751796,-13.771449171834531,17.214311464793166,14.503350913067575,21.75502636960136,-30.985760636627695,-23.994140625,-16.34765625,20.126953125,13.359375,20.56640625,-32.431640625,26.3671875,21.97265625,-26.3671875,21.97265625,35.15625,52.734375,-18.5,-16.8,16.9,-7.2,-7.3,-9.0
3.5195541249995586,3.522439332999056,-20.55172476519785,-13.701149843465233,17.12643730433156,14.569780127610459,21.85467019141569,-30.827587147796773,-23.90625,-16.34765625,20.0390625,13.447265625,20.654296875,-32.255859375,26.3671875,21.97265625,-26.3671875,21.97265625,30.76171875,43.9453125,-18.5,-16.8,16.9,-7.2,-7.3,-9.0
3.5224710830079857,3.526382750016637,-20.45137244317979,-13.634248295453194,17.042810369316477,14.632404908897637,21.948607363346458,-30.677058664769685,-23.818359375,-16.259765625,19.951171875,13.53515625,20.830078125,-32.16796875,26.3671875,21.97265625,-26.3671875,21.97265625,30.76171875,43.9453125,-18.5,-16.8,16.9,-7.2,-7.3,-8.8
3.5264167500135954,3.529393583012279,-20.314946573945765,-13.543297715963842,16.929122144954807,14.716626209045621,22.074939313568432,-30.472419860918645,-23.73046875,-16.171875,19.86328125,13.623046875,20.91796875,-31.9921875,26.3671875,21.97265625,-26.3671875,21.97265625,30.76171875,43.9453125,-19.3,-16.8,16.9,-6.4,-8.0,-8.8
3.529423708008835,3.5323576249938924,-20.21045338061596,-13.473635587077306,16.842044483846635,14.780431119106233,22.17064667865935,-30.31568007092394,-23.642578125,-16.083984375,19.775390625,13.7109375,21.005859375,-31.81640625,26.3671875,21.97265625,-26.3671875,26.3671875,30.76171875,43.9453125,-19.3,-16.8,16.9,-6.4,-7.2,-8.8
3.5323857910116203,3.5353617910004687,-20.107078756950106,-13.40471917130007,16.75589896412509,14.842961427511032,22.26444214126655,-30.160618135425157,-23.5546875,-15.99609375,19.775390625,13.7109375,21.09375,-31.728515625,26.3671875,21.97265625,-21.97265625,26.3671875,30.76171875,43.9453125,-19.3,-16.8,17.7,-7.2,-7.2,-10.6
3.5353900410118513,3.5383796250098385,-20.00178791265083,-13.334525275100553,16.66815659387571,14.906053659091146,22.359080488636717,-30.002681868976243,-23.466796875,-15.99609375,19.6875,13.798828125,21.181640625,-31.552734375,26.3671875,21.97265625,-21.97265625,26.3671875,30.76171875,43.9453125,-19.3,-16.8,17.7,-7.2,-7.2,-10.6
3.53840529100853,3.54136791601195,-19.89566367124712,-13.263775780831413,16.57971972603925,14.969043123587761,22.453564685381643,-29.843495506870678,-23.37890625,-15.908203125,19.599609375,13.798828125,21.26953125,-31.376953125,26.3671875,21.97265625,-21.97265625,26.3671875,30.76171875,48.33984375,-19.3,-16.8,17.7,-8.0,-7.2,-10.6
3.541399875015486,3.544453665992478,-19.789825041586507,-13.193216694391005,16.49152086798876,15.03126851782119,22.546902776731784,-29.684737562379762,-23.291015625,-15.8203125,19.51171875,13.88671875,21.4453125,-31.201171875,26.3671875,21.97265625,-21.97265625,26.3671875,35.15625,48.33984375,-19.3,-16.8,17.7,-7.2,-6.4,-10.4
3.5444831250060815,3.5474735829920974,-19.680395164971767,-13.12026344331451,16.400329304143156,15.094988810132481,22.642483215198723,-29.52059274745765,-23.203125,-15.8203125,19.423828125,13.974609375,21.533203125,-31.025390625,26.3671875,17.578125,-21.97265625,26.3671875,35.15625,48.33984375,-19.3,-17.6,17.6,-7.2,-6.3,-9.6
3.5474999580183066,3.5504333330027293,-19.57287570688112,-13.048583804587414,16.310729755734254,15.156993788171157,22.735490682256735,-29.359313560321684,-23.115234375,-15.732421875,19.3359375,13.974609375,21.62109375,-30.849609375,26.3671875,17.578125,-21.97265625,17.578125,35.15625,48.33984375,-19.3,-16.8,17.6,-8.0,-7.1,-9.6
3.550460041005863,3.553388250002172,-19.466951582898773,-12.977967721932515,16.222459652415647,15.217501562624456,22.826252343936684,-29.20042737434816,-23.02734375,-15.64453125,19.248046875,14.0625,21.708984375,-30.673828125,26.3671875,17.578125,-21.97265625,17.578125,35.15625,48.33984375,-19.2,-16.8,17.6,-7.2,-7.9,-9.6
3.5534168329904787,3.5564488749951124,-19.360725058678007,-12.90715003911867,16.133937548898338,15.277613618221888,22.91642042733283,-29.04108758801701,-22.939453125,-15.556640625,19.248046875,14.150390625,21.796875,-30.498046875,26.3671875,17.578125,-21.97265625,17.578125,35.15625,48.33984375,-19.2,-16.8,18.4,-7.2,-7.3,-9.5
3.5564856250130106,3.5603421659907326,-19.250033151613913,-12.833355434409274,16.04169429301158,15.339654112597126,23.00948116889569,-28.87504972742087,-22.8515625,-15.556640625,19.16015625,14.150390625,21.884765625,-30.322265625,30.76171875,17.578125,-21.97265625,17.578125,35.15625,48.33984375,-19.2,-17.7,18.4,-8.0,-7.3,-9.5
3.56037679099245,3.5633341250068042,-19.109035220795192,-12.739356813863463,15.924196017329347,15.41780749552512,23.12671124328768,-28.663552831192792,-22.67578125,-15.46875,18.984375,14.23828125,21.97265625,-30.05859375,30.76171875,17.578125,-21.97265625,17.578125,26.3671875,57.12890625,-19.2,-17.7,17.6,-8.0,-8.1,-7.9
3.563366540998686,3.566526790993521,-19.000215190271287,-12.666810126847526,15.833512658559407,15.477464947800495,23.21619742170074,-28.500322785406933,-22.587890625,-15.380859375,18.984375,14.326171875,22.060546875,-29.8828125,30.76171875,21.97265625,-21.97265625,17.578125,26.3671875,57.12890625,-19.2,-17.7,18.5,-7.2,-7.2,-7.1
3.566548333008541,3.570380874996772,-18.88394503719008,-12.589296691460055,15.736620864325069,15.540579423380356,23.310869135070533,-28.32591755578512,-22.5,-15.29296875,18.896484375,14.4140625,22.236328125,-29.794921875,30.76171875,21.97265625,-21.97265625,21.97265625,26.3671875,57.12890625,-19.2,-16.9,18.5,-7.2,-6.4,-7.1
3.57039999999688,3.573461916006636,-18.74256522200941,-12.495043481339607,15.618804351674509,15.616462096116155,23.42469314417423,-28.113847833014116,-22.412109375,-15.205078125,18.80859375,14.501953125,22.32421875,-29.53125,30.76171875,21.97265625,-26.3671875,21.97265625,26.3671875,57.12890625,-20.1,-16.9,18.5,-8.0,-7.2,-7.9
3.573477416008245,3.5774168749921955,-18.62911185938608,-12.419407906257387,15.524259882821736,15.676680364732562,23.515020547098842,-27.94366778907912,-22.32421875,-15.205078125,18.720703125,14.58984375,22.412109375,-29.443359375,30.76171875,21.97265625,-26.3671875,21.97265625,26.3671875,57.12890625,-20.1,-17.7,18.5,-7.2,-7.2,-8.8
3.5774424160190392,3.580490332999034,-18.48229506426925,-12.321530042846165,15.40191255355771,15.753726460848537,23.630589691272803,-27.72344259640387,-22.236328125,-15.1171875,18.6328125,14.677734375,22.587890625,-29.267578125,30.76171875,21.97265625,-26.3671875,21.97265625,26.3671875,48.33984375,-20.1,-17.6,18.5,-6.4,-6.4,-10.4
3.5805083329905756,3.5843633330077864,-18.368277880668654,-12.245518587112436,15.306898233890532,15.81288318216143,23.719324773242146,-27.552416821002982,-22.1484375,-15.029296875,18.544921875,14.677734375,22.67578125,-29.091796875,30.76171875,21.97265625,-26.3671875,21.97265625,35.15625,48.33984375,-20.9,-17.6,18.5,-7.2,-6.4,-10.4
3.5843867080111522,3.587520500004757,-18.223436532509368,-12.148957688339578,15.186197110424477,15.887190660621362,23.830785990932043,-27.33515479876405,-21.97265625,-14.94140625,18.45703125,14.765625,22.763671875,-28.916015625,30.76171875,21.97265625,-26.3671875,21.97265625,35.15625,48.33984375,-20.1,-17.6,19.2,-8.0,-7.2,-11.5
3.58753787499154,3.5914083330135327,-18.10525515516387,-12.070170103442582,15.08771262930321,15.947131205140344,23.920696807710517,-27.157882732745808,-21.884765625,-14.853515625,18.369140625,14.853515625,22.8515625,-28.740234375,30.76171875,21.97265625,-26.3671875,21.97265625,35.15625,48.33984375,-20.1,-17.6,19.2,-7.2,-6.4,-11.5
3.5914239160192665,3.5944935000152327,-17.95890253857781,-11.972601692385208,14.965752115481513,16.020512124008235,24.030768186012352,-26.938353807866715,-21.796875,-14.765625,18.28125,14.94140625,23.02734375,-28.4765625,30.76171875,21.97265625,-21.97265625,21.97265625,35.15625,48.33984375,-20.8,-17.6,19.2,-6.4,-6.4,-9.4
3.5945080410165247,3.597472291003214,-17.842274420525932,-11.894849613683956,14.868562017104928,16.078325555475068,24.117488333212602,-26.763411630788898,-21.708984375,-14.765625,18.193359375,15.029296875,23.115234375,-28.30078125,30.76171875,21.97265625,-21.97265625,21.97265625,35.15625,48.33984375,-20.8,-18.4,19.2,-6.4,-5.5,-8.6
3.5974885830073617,3.601404375018319,-17.729165441085783,-11.819443627390523,14.774304534238155,16.133838735370375,24.200758103055563,-26.593748161628675,-21.62109375,-14.677734375,18.10546875,15.029296875,23.203125,-28.125,30.76171875,21.97265625,-21.97265625,21.97265625,35.15625,57.12890625,-20.8,-18.4,19.2,-7.2,-5.5,-7.8
3.6014189580164384,3.604537291015731,-17.579417417390328,-11.719611611593553,14.649514514491942,16.20650189502354,24.30975284253531,-26.369126126085494,-21.4453125,-14.58984375,18.017578125,15.205078125,23.291015625,-27.861328125,30.76171875,21.97265625,-21.97265625,21.97265625,30.76171875,57.12890625,-20.8,-18.4,19.2,-6.4,-6.3,-8.7
3.6045546249952167,3.60840537500917,-17.459467113347912,-11.639644742231942,14.549555927789932,16.26402995184872,24.39604492777308,-26.189200670021872,-21.357421875,-14.501953125,17.9296875,15.205078125,23.37890625,-27.7734375,30.76171875,21.97265625,-21.97265625,21.97265625,30.76171875,57.12890625,-20.8,-18.4,19.3,-6.4,-6.4,-9.5
3.608422541001346,3.611478208011249,-17.31092252331116,-11.540615015540773,14.42576876942597,16.334448416248243,24.501672624372365,-25.96638378496674,-21.26953125,-14.4140625,17.75390625,15.29296875,23.466796875,-27.509765625,30.76171875,21.97265625,-21.97265625,17.578125,30.76171875,57.12890625,-20.8,-18.4,19.3,-6.4,-6.4,-10.3
3.611495791003108,3.614546666009119,-17.192440678933107,-11.461627119288737,14.327033899110925,16.389969608830423,24.584954413245637,-25.788661018399658,-21.181640625,-14.326171875,17.75390625,15.380859375,23.5546875,-27.421875,30.76171875,21.97265625,-30.76171875,17.578125,30.76171875,57.12890625,-20.9,-17.6,20.1,-6.4,-6.4,-11.5
3.614563708018977,3.6183980829955544,-17.07376481929515,-11.382509879530101,14.228137349412629,16.445013494746657,24.667520242119984,-25.610647228942724,-21.005859375,-14.23828125,17.666015625,15.380859375,23.642578125,-27.158203125,30.76171875,21.97265625,-30.76171875,17.578125,30.76171875,57.12890625,-20.9,-17.6,20.1,-6.4,-6.4,-10.7
3.6184150830085855,3.6215170829964336,-16.92422155679802,-11.282814371198679,14.103517963998351,16.513573201008697,24.77035980151304,-25.38633233519703,-20.91796875,-14.150390625,17.578125,15.46875,23.73046875,-26.89453125,30.76171875,21.97265625,-30.76171875,17.578125,26.3671875,57.12890625,-21.7,-17.7,20.1,-6.4,-6.4,-9.9
3.6215340410126373,3.62540520800394,-16.8026627996047,-11.201775199736467,14.002218999670587,16.568652098905602,24.8529781483584,-25.203994199407052,-20.830078125,-14.150390625,17.490234375,15.556640625,23.818359375,-26.806640625,30.76171875,21.97265625,-30.76171875,17.578125,26.3671875,57.12890625,-21.7,-18.5,20.1,-7.2,-6.4,-9.4
3.625422333017923,3.628413583006477,-16.650555437115806,-11.100370291410538,13.875462864263156,16.636759882668567,24.955139824002853,-24.97583315567371,-20.654296875,-14.0625,17.314453125,15.64453125,23.90625,-26.54296875,30.76171875,21.97265625,-30.76171875,17.578125,26.3671875,57.12890625,-20.9,-18.5,19.3,-6.4,-7.2,-8.6
3.6284333750081714,3.631553040992003,-16.53233847212966,-11.021558981419773,13.776948726774735,16.689075397369535,25.033613096054303,-24.79850770819449,-20.56640625,-13.974609375,17.2265625,15.732421875,24.08203125,-26.3671875,30.76171875,21.97265625,-30.76171875,21.97265625,26.3671875,57.12890625,-21.7,-18.5,19.3,-5.6,-5.6,-9.4
3.6315705410088412,3.6354045000043698,-16.408776377674442,-10.939184251782962,13.673980314728723,16.74318511829645,25.11477767744467,-24.61316456651166,-20.390625,-13.88671875,17.2265625,15.732421875,24.08203125,-26.19140625,30.76171875,21.97265625,-26.3671875,21.97265625,26.3671875,57.12890625,-20.8,-18.5,20.9,-6.4,-6.4,-9.6
3.635421832994325,3.63931404100731,-16.25654280327824,-10.837695202185493,13.54711900273189,16.80905597303208,25.21358395954812,-24.38481420491736,-20.302734375,-13.798828125,17.05078125,15.8203125,24.2578125,-26.015625,35.15625,21.97265625,-26.3671875,21.97265625,26.3671875,57.12890625,-21.6,-18.4,20.1,-6.4,-6.3,-11.2
3.639354083017679,3.642487125005573,-16.100495326392938,-10.733663550928625,13.417079438660764,16.875676779775862,25.313515169663795,-24.150742989589407,-20.126953125,-13.7109375,16.962890625,15.8203125,24.345703125,-25.751953125,35.15625,21.97265625,-26.3671875,21.97265625,30.76171875,52.734375,-20.8,-18.4,20.1,-6.4,-5.5,-11.2
3.642519832996186,3.6463930000027176,-15.974419034224658,-10.649612689483106,13.312015861853865,16.928843716095923,25.393265574143882,-23.961628551336986,-20.0390625,-13.623046875,16.787109375,15.908203125,24.43359375,-25.576171875,35.15625,21.97265625,-26.3671875,21.97265625,30.76171875,52.734375,-20.8,-18.4,19.3,-6.4,-5.6,-11.4
3.646436375012854,3.6494116660032887,-15.817896068581446,-10.545264045720963,13.181580057151226,16.994040314357992,25.49106047153699,-23.726844102872167,-19.951171875,-13.53515625,16.69921875,15.99609375,24.521484375,-25.3125,35.15625,26.3671875,-26.3671875,17.578125,30.76171875,52.734375,-21.6,-18.4,20.0,-6.4,-6.4,-9.8
3.6494356660114136,3.6523415410192683,-15.697625562111972,-10.465083708074648,13.081354635093328,17.043533171939163,25.565299757908743,-23.546438343167956,-19.86328125,-13.447265625,16.611328125,15.99609375,24.609375,-25.13671875,35.15625,26.3671875,-30.76171875,17.578125,30.76171875,52.734375,-21.7,-18.4,20.0,-6.4,-5.6,-9.0
3.6523640000086743,3.6553153330169152,-15.579864227282727,-10.386576151521819,12.983220189402292,17.09149015880822,25.63723523821233,-23.36979634092409,-19.6875,-13.359375,16.5234375,16.083984375,24.697265625,-24.9609375,35.15625,26.3671875,-30.76171875,17.578125,30.76171875,52.734375,-21.7,-18.4,20.0,-6.4,-5.6,-7.7
3.6553453750093468,3.658910875004949,-15.459631239935423,-10.306420826623615,12.883026033279501,17.13994427483762,25.709916412256433,-23.189446859903132,-19.599609375,-13.271484375,16.435546875,16.083984375,24.697265625,-24.78515625,35.15625,26.3671875,-30.76171875,17.578125,30.76171875,52.734375,-21.7,-18.4,20.0,-6.4,-6.4,-8.5
3.6589496660162695,3.662341999995988,-15.313824803654228,-10.209216535769485,12.76152066971186,17.19802016878021,25.797030253170316,-22.970737205481342,-19.51171875,-13.18359375,16.34765625,16.171875,24.78515625,-24.609375,35.15625,26.3671875,-30.76171875,17.578125,21.97265625,61.5234375,-21.7,-18.4,20.0,-6.4,-6.4,-9.3
3.6623731660074554,3.6654626660165377,-15.174877386959118,-10.116584924639412,12.645731155799266,17.25267253101845,25.87900879652768,-22.762316080438676,-19.3359375,-13.095703125,16.259765625,16.259765625,24.873046875,-24.43359375,35.15625,26.3671875,-30.76171875,17.578125,21.97265625,61.5234375,-21.7,-18.4,20.0,-6.4,-6.5,-10.6
3.6654877080000006,3.669393999996828,-15.048088126695562,-10.032058751130375,12.540073438912952,17.30195934609339,25.952939019140086,-22.572132190043344,-19.248046875,-13.0078125,16.171875,16.259765625,24.9609375,-24.345703125,35.15625,21.97265625,-30.76171875,13.18359375,21.97265625,61.5234375,-21.7,-18.4,20.9,-6.4,-5.7,-12.2
3.6694149160175584,3.6724675410077907,-14.88770318797416,-9.92513545864944,12.406419323311804,17.363515949468862,26.045273924203293,-22.33155478196124,-19.072265625,-12.919921875,16.083984375,16.34765625,25.048828125,-24.08203125,35.15625,21.97265625,-26.3671875,13.18359375,21.97265625,61.5234375,-21.6,-18.4,20.9,-6.4,-5.7,-12.2
3.672489457996562,3.6764226660015993,-14.761744947947118,-9.841163298631413,12.301454123289268,17.411246507061755,26.11686976059263,-22.14261742192068,-18.984375,-12.83203125,15.99609375,16.34765625,25.13671875,-23.90625,35.15625,21.97265625,-26.3671875,13.18359375,21.97265625,61.5234375,-21.6,-18.4,20.9,-7.2,-5.5,-12.3
3.676442333002342,3.6795407079916913,-14.599297567768613,-9.732865045179075,12.166081306473847,17.472015854283423,26.208023781425133,-21.89894635165292,-18.896484375,-12.744140625,15.8203125,16.435546875,25.224609375,-23.642578125,35.15625,21.97265625,-26.3671875,13.18359375,21.97265625,61.5234375,-22.4,-18.5,20.1,-6.4,-5.5,-11.5
3.679559000011068,3.683391250000568,-14.470817839430776,-9.647211892953852,12.059014866192316,17.51945497703766,26.279182465556495,-21.706226759146166,-18.720703125,-12.65625,15.732421875,16.5234375,25.3125,-23.466796875,35.15625,21.97265625,-26.3671875,13.18359375,26.3671875,57.12890625,-21.6,-18.5,20.9,-6.4,-5.5,-10.7
3.683408665994648,3.6864989580062684,-14.311642934919595,-9.541095289946396,11.926369112433017,17.577471395742982,26.36620709361447,-21.46746440237939,-18.6328125,-12.568359375,15.64453125,16.611328125,25.400390625,-23.203125,35.15625,26.3671875,-26.3671875,13.18359375,26.3671875,57.12890625,-22.4,-18.5,20.8,-5.6,-5.6,-9.2
3.6865162500180304,3.6903988330159336,-14.182769420926569,-9.455179613951046,11.81897451743881,17.623835520905335,26.435753281358,-21.274154131389853,-18.45703125,-12.48046875,15.46875,16.611328125,25.48828125,-23.02734375,35.15625,26.3671875,-26.3671875,17.578125,26.3671875,57.12890625,-21.6,-18.5,20.0,-6.4,-5.6,-10.0
3.6904212500085123,3.693497500004014,-14.020347778295829,-9.346898518863886,11.68362314857984,17.681501295932428,26.52225194389864,-21.030521667443743,-18.369140625,-12.392578125,15.380859375,16.69921875,25.576171875,-22.763671875,35.15625,26.3671875,-30.76171875,17.578125,26.3671875,57.12890625,-22.4,-18.5,20.8,-6.4,-5.6,-10.0
3.69351695801015,3.6974192500056233,-13.891212059338521,-9.260808039559015,11.57601004944877,17.7267434813741,26.590115222061147,-20.83681808900778,-18.28125,-12.3046875,15.29296875,16.787109375,25.576171875,-22.5,35.15625,26.3671875,-30.76171875,17.578125,26.3671875,57.12890625,-22.4,-18.5,20.8,-5.6,-6.5,-9.7
3.6974371249962132,3.7013822910084855,-13.727213545873857,-9.15147569724924,11.439344621561531,17.783433092703348,26.67514963905502,-20.590820318810785,-18.10546875,-12.216796875,15.1171875,16.875,25.6640625,-22.32421875,35.15625,26.3671875,-30.76171875,17.578125,26.3671875,61.5234375,-22.4,-18.3,20.0,-5.6,-6.5,-11.3
3.7014044579991605,3.7053540000051726,-13.560711945102986,-9.040474630068656,11.300593287585803,17.84011823007586,26.76017734511379,-20.341067917654478,-18.017578125,-12.12890625,15.029296875,16.875,25.751953125,-22.060546875,35.15625,26.3671875,-30.76171875,17.578125,17.578125,61.5234375,-22.4,-18.3,20.8,-5.6,-6.4,-11.3
3.7053726250014734,3.7083344160055276,-13.393648532082098,-8.929099021388065,11.161373776735084,17.896122224276596,26.844183336414893,-20.090472798123145,-17.841796875,-12.041015625,14.94140625,16.962890625,25.83984375,-21.796875,35.15625,26.3671875,-30.76171875,17.578125,17.578125,61.5234375,-22.4,-19.1,20.8,-5.6,-5.6,-11.3
3.708353875001194,3.7113480000116397,-13.26779252389601,-8.845195015930672,11.056493769913343,17.93774024592159,26.906610368882383,-19.901688785844012,-17.75390625,-11.953125,14.853515625,17.05078125,25.927734375,-21.62109375,35.15625,26.3671875,-30.76171875,17.578125,17.578125,61.5234375,-23.2,-18.3,20.8,-5.6,-5.6,-11.3
3.7113674159918446,3.7143194999953266,-13.140277629087132,-8.760185086058087,10.950231357572632,17.97940925775943,26.969113886639143,-19.7104164436307,-17.578125,-11.865234375,14.765625,17.05078125,26.015625,-21.357421875,35.15625,26.3671875,-35.15625,17.578125,17.578125,61.5234375,-22.5,-18.3,20.8,-5.6,-5.6,-10.3
3.7143344999931287,3.7174087500025053,-13.014440832838213,-8.67629388855881,10.845367360698514,18.020042296269924,27.030063444404888,-19.52166124925732,-17.490234375,-11.77734375,14.677734375,17.05078125,26.103515625,-21.181640625,35.15625,26.3671875,-35.15625,17.578125,17.578125,61.5234375,-22.5,-18.3,20.8,-6.4,-5.4,-11.1
3.7174287080124486,3.720426125015365,-12.882911503569764,-8.58860766904651,10.73575958630816,18.061999288760795,27.092998933141192,-19.324367255354648,-17.40234375,-11.689453125,14.58984375,17.138671875,26.103515625,-21.005859375,35.15625,26.3671875,-35.15625,17.578125,17.578125,65.91796875,-23.3,-18.5,21.6,-5.6,-6.2,-11.1
3.720444333011983,3.723366916005034,-12.754429735149738,-8.502953156766491,10.628691445958118,18.102480150902934,27.1537202263544,-19.131644602724606,-17.314453125,-11.689453125,14.501953125,17.138671875,26.19140625,-20.830078125,35.15625,26.3671875,-35.15625,17.578125,26.3671875,65.91796875,-23.3,-19.3,21.6,-6.4,-5.4,-11.1
3.723382666008547,3.726315041014459,-12.628965714751967,-8.419310476501312,10.524138095626622,18.141532766011675,27.212299149017515,-18.943448572127952,-17.2265625,-11.6015625,14.326171875,17.2265625,26.279296875,-20.56640625,35.15625,21.97265625,-35.15625,17.578125,26.3671875,65.91796875,-23.3,-19.3,20.9,-5.6,-5.8,-10.4
3.726330000004964,3.7292582080117427,-12.502847090508864,-8.335231393672576,10.419039242090742,18.180316763300223,27.270475144950336,-18.754270635763294,-17.138671875,-11.513671875,14.23828125,17.2265625,26.279296875,-20.390625,35.15625,21.97265625,-35.15625,13.18359375,26.3671875,65.91796875,-24.1,-19.3,20.9,-5.6,-6.6,-10.4
3.729272958007641,3.7324245409981813,-12.376648330892708,-8.251098887261804,10.313873609077238,18.21865437271993,27.327981559079895,-18.564972496339063,-16.962890625,-11.42578125,14.150390625,17.314453125,26.3671875,-20.21484375,35.15625,21.97265625,-26.3671875,13.18359375,26.3671875,65.91796875,-23.3,-19.3,20.9,-5.6,-5.8,-10.4
3.7324389159912243,3.736366833007196,-12.240591738421724,-8.16039449228115,10.200493115351419,18.259462251948918,27.38919337792338,-18.360887607632584,-16.875,-11.337890625,14.0625,17.314453125,26.455078125,-19.951171875,35.15625,21.97265625,-26.3671875,13.18359375,26.3671875,65.91796875,-23.3,-19.3,21.7,-5.6,-5.6,-10.4
3.736384415999055,3.739420666010119,-12.07061111278741,-8.047074075191606,10.05884259398951,18.309685929266486,27.46452889389973,-18.105916669181113,-16.69921875,-11.25,13.974609375,17.40234375,26.54296875,-19.6875,39.55078125,21.97265625,-26.3671875,13.18359375,26.3671875,65.91796875,-23.3,-19.2,21.7,-5.6,-5.6,-10.4
3.7394372500129975,3.7424010830000043,-11.938769966826456,-7.959179977884304,9.948974972355384,18.348064041736002,27.522096062604,-17.908154950239684,-16.611328125,-11.162109375,13.88671875,17.40234375,26.630859375,-19.51171875,39.55078125,21.97265625,-26.3671875,13.18359375,17.578125,65.91796875,-24.1,-19.2,21.7,-5.6,-4.8,-10.4
3.742416041000979,3.7453579580178484,-11.809861822326996,-7.873241214884664,9.841551518605852,18.385104644038375,27.57765696605756,-17.714792733490494,-16.435546875,-11.07421875,13.798828125,17.490234375,26.630859375,-19.3359375,39.55078125,21.97265625,-26.3671875,13.18359375,17.578125,65.91796875,-23.3,-19.2,21.6,-5.6,-5.5,-10.4
3.7453723330108915,3.7484385830175597,-11.68167168188242,-7.787781121254947,9.734726401568707,18.421467509604792,27.632201264407186,-17.52250752282363,-16.34765625,-10.986328125,13.623046875,17.490234375,26.71875,-19.16015625,39.55078125,30.76171875,-26.3671875,13.18359375,17.578125,65.91796875,-23.3,-19.2,20.8,-5.6,-5.5,-10.4
3.748452708008699,3.7523354580043815,-11.547833133388966,-7.698555422259311,9.62319427782412,18.458933999838717,27.688400999758073,-17.32174970008345,-16.259765625,-10.8984375,13.53515625,17.578125,26.71875,-18.984375,39.55078125,30.76171875,-35.15625,13.18359375,17.578125,65.91796875,-24.1,-19.2,21.6,-5.6,-5.5,-11.2
3.752352957992116,3.755474875011714,-11.377984534180147,-7.585323022786764,9.481653778483478,18.50575247429785,27.75862871144678,-17.06697680127022,-16.083984375,-10.810546875,13.447265625,17.578125,26.806640625,-18.720703125,39.55078125,30.76171875,-35.15625,13.18359375,17.578125,65.91796875,-24.0,-19.2,21.6,-5.6,-6.4,-11.2
3.7554941659909673,3.759361958014779,-11.240880014373916,-7.493920009582611,9.367400011978287,18.542954535078206,27.814431802617307,-16.861320021560875,-15.99609375,-10.72265625,13.359375,17.666015625,26.89453125,-18.544921875,35.15625,30.76171875,-35.15625,13.18359375,17.578125,65.91796875,-24.0,-19.2,21.6,-5.6,-5.6,-11.2
3.7593798330053687,3.762413165997714,-11.070903757408889,-7.38060250493926,9.225753131174077,18.588348680398813,27.88252302059822,-16.606355636113335,-15.8203125,-10.546875,13.18359375,17.666015625,26.982421875,-18.28125,35.15625,30.76171875,-35.15625,13.18359375,17.578125,61.5234375,-24.0,-18.4,21.6,-5.6,-4.8,-10.4
3.7624305410136003,3.765489000012167,-10.937162963172813,-7.291441975448542,9.114302469310681,18.62350326653573,27.935254899803596,-16.405744444759222,-15.732421875,-10.546875,13.095703125,17.666015625,26.982421875,-18.10546875,35.15625,30.76171875,-35.15625,13.18359375,17.578125,61.5234375,-24.0,-19.2,21.6,-5.6,-5.6,-9.6
3.7655063749989495,3.769408749998547,-10.80206640501421,-7.201377603342807,9.00172200417851,18.658514426772367,27.987771640158552,-16.203099607521317,-15.64453125,-10.458984375,13.0078125,17.75390625,27.0703125,-17.9296875,35.15625,26.3671875,-35.15625,13.18359375,17.578125,61.5234375,-24.8,-19.2,21.6,-5.6,-5.6,-8.8
3.7694363330083434,3.773363665997749,-10.629088587415218,-7.086059058276812,8.857573822846039,18.702613908826034,28.053920863239053,-15.943632881122827,-15.46875,-10.283203125,12.83203125,17.841796875,27.158203125,-17.666015625,35.15625,26.3671875,-30.76171875,13.18359375,17.578125,61.5234375,-24.1,-19.2,21.6,-4.8,-4.8,-9.6
3.773381833016174,3.7764107499970123,-10.455019237219345,-6.970012824812897,8.712516031016103,18.74617084158639,28.119256262379583,-15.682528855829018,-15.29296875,-10.283203125,12.744140625,17.841796875,27.24609375,-17.40234375,35.15625,26.3671875,-30.76171875,13.18359375,17.578125,61.5234375,-24.1,-20.0,21.6,-5.6,-5.6,-10.3
3.7764367909985594,3.779463582992321,-10.31996303110556,-6.879975354070373,8.59996919258797,18.779401990675428,28.169102986013144,-15.47994454665834,-15.205078125,-10.1953125,12.65625,17.9296875,27.24609375,-17.2265625,39.55078125,26.3671875,-30.76171875,13.18359375,17.578125,61.5234375,-24.9,-19.2,22.4,-4.8,-5.6,-11.1
3.7794835829990916,3.7833809580188245,-10.185031138584133,-6.790020759056089,8.487525948820114,18.812113599794877,28.218170399692315,-15.2775467078762,-15.1171875,-10.01953125,12.568359375,17.9296875,27.24609375,-17.05078125,39.55078125,26.3671875,-30.76171875,13.18359375,17.578125,61.5234375,-24.9,-19.2,22.4,-5.6,-6.4,-11.9
3.7833991250081453,3.787363415991422,-10.01128319591303,-6.674188797275353,8.342735996594214,18.853519668707065,28.280279503060598,-15.016924793869546,-14.94140625,-9.931640625,12.392578125,17.9296875,27.333984375,-16.875,39.55078125,26.3671875,-30.76171875,13.18359375,17.578125,61.5234375,-24.9,-19.2,21.7,-5.6,-5.6,-13.1
3.787379499990493,3.7904701660154387,-9.834270224960918,-6.556180149973945,8.195225187467434,18.894880307667673,28.342320461501508,-14.751405337441376,-14.765625,-9.84375,12.3046875,18.017578125,27.421875,-16.5234375,39.55078125,26.3671875,-30.76171875,8.7890625,17.578125,61.5234375,-24.9,-19.2,22.5,-5.6,-5.6,-11.5
3.7904851250059437,3.794358832994476,-9.695891290654,-6.463927527102666,8.079909408878336,18.9266383947167,28.389957592075053,-14.543836935981,-14.677734375,-9.755859375,12.12890625,18.017578125,27.509765625,-16.34765625,39.55078125,26.3671875,-35.15625,8.7890625,17.578125,61.5234375,-24.9,-19.2,21.7,-5.6,-4.8,-11.1
3.7943732909916434,3.7973521660023835,-9.522319387955019,-6.348212925303346,7.935266156629206,18.96576369817497,28.44864554726246,-14.283479081932528,-14.501953125,-9.66796875,12.041015625,18.10546875,27.59765625,-16.083984375,39.55078125,26.3671875,-35.15625,8.7890625,17.578125,61.5234375,-24.9,-19.2,22.5,-4.8,-5.6,-11.9
3.797366290993523,3.80041783300112,-9.388466369795822,-6.258977579863881,7.823721974829876,18.99539943393561,28.493099150903415,-14.082699554693733,-14.4140625,-9.580078125,11.953125,18.10546875,27.59765625,-15.8203125,35.15625,26.3671875,-35.15625,8.7890625,17.578125,65.91796875,-24.9,-19.3,22.5,-5.6,-5.6,-11.1
3.8004338330065366,3.8043847079970874,-9.25106437701124,-6.167376251340826,7.709220314176013,19.025337583717068,28.538006375575602,-13.876596565516857,-14.23828125,-9.4921875,11.865234375,18.193359375,27.59765625,-15.64453125,35.15625,26.3671875,-35.15625,8.7890625,17.578125,65.91796875,-24.9,-20.1,22.5,-4.8,-5.6,-11.2
3.8044027500145603,3.8074971660098527,-9.07296953562652,-6.048646357084346,7.560807946355415,19.063417249982496,28.595125874973746,-13.60945430343978,-14.0625,-9.31640625,11.689453125,18.193359375,27.7734375,-15.380859375,35.15625,26.3671875,-35.15625,13.18359375,17.578125,65.91796875,-24.9,-19.3,22.4,-4.8,-4.8,-12.0
3.807517708017258,3.8112987079948653,-8.93294654736488,-5.955297698243253,7.444122122804091,19.092784745167442,28.639177117751164,-13.39941982104732,-13.974609375,-9.228515625,11.6015625,18.193359375,27.7734375,-15.1171875,35.15625,26.3671875,-35.15625,13.18359375,17.578125,65.91796875,-25.7,-19.3,22.4,-5.6,-4.8,-11.2
3.8113138749904465,3.8142962910060305,-8.762013183294744,-5.841342122196496,7.301677652745643,19.12795656131237,28.691934841968553,-13.143019774942115,-13.88671875,-9.140625,11.513671875,18.28125,27.861328125,-14.853515625,35.15625,26.3671875,-35.15625,13.18359375,17.578125,65.91796875,-25.6,-19.3,23.2,-4.8,-4.7,-11.2
3.8143125000060536,3.81733316599275,-8.62677089690923,-5.751180597939487,7.188975747424382,19.155258331066285,28.73288749659943,-12.940156345363846,-13.7109375,-9.052734375,11.337890625,18.28125,27.861328125,-14.677734375,35.15625,26.3671875,-35.15625,13.18359375,17.578125,65.91796875,-25.6,-19.3,22.4,-5.6,-4.7,-11.2
3.8173531659995206,3.820290458010277,-8.489437077197444,-5.65962471813163,7.074530897664539,19.182508909157672,28.773763363736506,-12.734155615796166,-13.623046875,-8.96484375,11.25,18.28125,27.94921875,-14.501953125,39.55078125,26.3671875,-35.15625,13.18359375,17.578125,70.3125,-25.6,-19.1,22.4,-5.6,-4.7,-12.0
3.820306250010617,3.823239958001068,-8.35587355080566,-5.570582367203773,6.963227959004699,19.2085557002654,28.8128335503981,-12.53381032620849,-13.447265625,-8.96484375,11.162109375,18.369140625,27.94921875,-14.23828125,39.55078125,26.3671875,-35.15625,13.18359375,17.578125,70.3125,-24.8,-19.9,22.4,-4.8,-4.7,-11.2
3.823255291004898,3.8264179160178173,-8.222313454711337,-5.481542303140891,6.8519278789261175,19.234154360898657,28.851231541347985,-12.333470182067007,-13.359375,-8.7890625,11.07421875,18.369140625,27.94921875,-14.0625,39.55078125,30.76171875,-35.15625,13.18359375,17.578125,70.3125,-25.6,-19.1,23.2,-5.6,-5.7,-11.2
3.826430665998487,3.829268541012425,-8.078305654326769,-5.385537102884513,6.731921378605622,19.26125619250869,28.891884288763034,-12.117458481490152,-13.18359375,-8.701171875,10.8984375,18.369140625,28.037109375,-13.88671875,39.55078125,30.76171875,-35.15625,8.7890625,17.578125,70.3125,-25.6,-19.1,22.4,-5.6,-4.9,-12.0
3.8292763750068843,3.832303083006991,-7.949077809506297,-5.299385206337531,6.6242315079218965,19.285137189941143,28.927705784911712,-11.923616714259445,-13.095703125,-8.61328125,10.8984375,18.45703125,28.037109375,-13.623046875,39.55078125,30.76171875,-30.76171875,8.7890625,17.578125,70.3125,-25.7,-19.1,23.2,-4.8,-5.7,-11.2
3.832317791006062,3.8353832499997225,-7.81078709491923,-5.207191396612821,6.508989245766006,19.310234534024733,28.965351801037098,-11.716180642378845,-12.919921875,-8.525390625,10.72265625,18.45703125,28.125,-13.447265625,39.55078125,30.76171875,-30.76171875,8.7890625,17.578125,70.3125,-25.7,-19.1,22.4,-4.8,-4.7,-11.3
3.8353961250104476,3.838454165990697,-7.670636229661626,-5.113757486441084,6.392196858051379,19.335187725229556,29.002781587844336,-11.505954344492439,-12.83203125,-8.4375,10.634765625,18.544921875,28.125,-13.271484375,43.9453125,30.76171875,-30.76171875,8.7890625,17.578125,70.3125,-25.7,-19.2,23.2,-4.8,-5.5,-11.3
3.838466250017518,3.841351041017333,-7.530680468605361,-5.020453645736907,6.275567057171158,19.359624097358065,29.039436146037094,-11.296020702908041,-12.65625,-8.349609375,10.546875,18.544921875,28.212890625,-13.095703125,43.9453125,30.76171875,-30.76171875,8.7890625,13.18359375,65.91796875,-25.7,-19.2,23.2,-4.8,-4.7,-12.1
3.841363083018223,3.844195915997261,-7.398463809189019,-4.932309206126013,6.16538650765752,19.382268337198425,29.073402505797638,-11.09769571378353,-12.568359375,-8.26171875,10.458984375,18.544921875,28.212890625,-12.83203125,43.9453125,30.76171875,-30.76171875,8.7890625,13.18359375,65.91796875,-25.7,-19.2,23.2,-4.8,-4.8,-11.1
3.8442078749940265,3.8472912500146776,-7.2684732939512315,-4.845648862634154,6.057061078292696,19.4041152104406,29.106172815660905,-10.902709940926847,-12.48046875,-8.173828125,10.37109375,18.6328125,28.30078125,-12.65625,43.9453125,26.3671875,-30.76171875,13.18359375,13.18359375,65.91796875,-25.7,-19.2,23.2,-4.8,-4.8,-11.9
3.8473047080042306,3.850406915997155,-7.126801053873457,-4.751200702582305,5.939000878227862,19.42745716463638,29.14118574695457,-10.690201580810186,-12.3046875,-8.0859375,10.283203125,18.6328125,28.30078125,-12.48046875,43.9453125,26.3671875,-30.76171875,13.18359375,13.18359375,65.91796875,-25.7,-19.2,23.2,-4.8,-4.8,-11.9
3.8504193749977276,3.854356124997139,-6.984142858006614,-4.656095238671075,5.820119048338869,19.450469843384877,29.175704765077313,-10.47621428700992,-12.12890625,-7.998046875,10.107421875,18.6328125,28.388671875,-12.3046875,43.9453125,26.3671875,-35.15625,13.18359375,13.18359375,65.91796875,-25.6,-19.2,23.2,-4.8,-4.8,-12.1
3.854370375018334,3.8572734160115942,-6.802938781238581,-4.53529252082572,5.669115651032132,19.478991805289674,29.21848770793451,-10.204408171857871,-11.953125,-7.91015625,9.931640625,18.720703125,28.388671875,-12.041015625,43.9453125,26.3671875,-35.15625,13.18359375,13.18359375,65.91796875,-24.8,-20.1,22.4,-4.0,-4.8,-12.1
3.8572872079967055,3.860319416009588,-6.668996023118736,-4.445997348745824,5.557496685932283,19.499566856085423,29.249350284128134,-10.003494034678104,-11.865234375,-7.822265625,9.84375,18.720703125,28.4765625,-11.77734375,43.9453125,26.3671875,-35.15625,13.18359375,13.18359375,65.91796875,-25.6,-19.3,23.2,-4.8,-4.0,-12.1
3.860333165997872,3.8634015830175485,-6.528974377358445,-4.352649584905629,5.44081198113204,19.52061580972846,29.280923714592696,-9.793461566037667,-11.689453125,-7.734375,9.755859375,18.720703125,28.4765625,-11.6015625,43.9453125,26.3671875,-35.15625,13.18359375,13.18359375,65.91796875,-24.8,-19.3,23.2,-4.8,-4.8,-12.0
3.8634175000188407,3.8673327910073567,-6.387036314050713,-4.258024209367141,5.322530261708908,19.541474607420067,29.312211911130102,-9.580554471076068,-11.6015625,-7.646484375,9.66796875,18.720703125,28.564453125,-11.337890625,43.9453125,30.76171875,-35.15625,13.18359375,13.18359375,65.91796875,-25.6,-19.3,23.3,-4.8,-4.0,-12.0
3.867347040999448,3.87042795799789,-6.2059859124367005,-4.137323941624468,5.171654927030565,19.567384868757014,29.351077303135522,-9.308978868655052,-11.42578125,-7.55859375,9.580078125,18.80859375,28.564453125,-11.07421875,43.9453125,30.76171875,-35.15625,8.7890625,13.18359375,65.91796875,-25.6,-20.1,24.1,-4.0,-4.8,-11.2
3.8704417500121053,3.874270250002155,-6.063232937132914,-4.042155291421942,5.052694114277431,19.587265776519946,29.38089866477992,-9.09484940569937,-11.337890625,-7.470703125,9.404296875,18.80859375,28.564453125,-10.810546875,43.9453125,30.76171875,-35.15625,8.7890625,13.18359375,65.91796875,-25.6,-20.1,23.3,-4.8,-4.8,-11.1
3.874284124991391,3.877298500010511,-5.885792563183274,-3.923861708788849,4.904827135986064,19.61130564981079,29.416958474716186,-8.82868884477491,-11.162109375,-7.294921875,9.31640625,18.80859375,28.564453125,-10.458984375,39.55078125,30.76171875,-35.15625,8.7890625,13.18359375,65.91796875,-25.6,-19.1,24.1,-4.8,-4.8,-10.3
3.877312583004823,3.880361207993701,-5.745787353356384,-3.830524902237589,4.78815612779699,19.629749844899646,29.44462476734947,-8.618681030034576,-10.986328125,-7.20703125,9.140625,18.896484375,28.65234375,-10.1953125,39.55078125,30.76171875,-35.15625,8.7890625,8.7890625,79.1015625,-25.6,-19.1,23.3,-4.0,-4.8,-10.3
3.8803788330114912,3.883473875001073,-5.603902567728736,-3.73593504515249,4.669918806440616,19.647971634201873,29.47195745130281,-8.405853851593104,-10.8984375,-7.20703125,9.052734375,18.896484375,28.65234375,-10.107421875,39.55078125,30.76171875,-35.15625,8.7890625,8.7890625,79.1015625,-25.6,-19.9,24.1,-4.0,-4.8,-11.2
3.88349179099896,3.8872471660142764,-5.459723491890463,-3.6398156612603083,4.549769576575389,19.66600472775404,29.499007091631057,-8.189585237835693,-10.72265625,-7.119140625,8.96484375,18.896484375,28.65234375,-9.931640625,39.55078125,26.3671875,-35.15625,8.7890625,8.7890625,79.1015625,-25.6,-19.9,24.1,-4.8,-4.8,-11.2
3.887270915991394,3.890293291013222,-5.284515265596105,-3.52301017706407,4.403762721330069,19.687264901257944,29.530897351886914,-7.926772898394157,-10.546875,-6.943359375,8.7890625,18.896484375,28.740234375,-9.66796875,39.55078125,26.3671875,-35.15625,0.0,8.7890625,79.1015625,-25.6,-19.9,23.3,-4.8,-4.8,-11.2
3.890310040995246,3.8933396660140716,-5.143479617357926,-3.4289864115719504,4.286233014464963,19.70385881469046,29.55578822203569,-7.715219426036889,-10.37109375,-6.85546875,8.701171875,18.896484375,28.740234375,-9.4921875,39.55078125,26.3671875,-35.15625,0.0,8.7890625,79.1015625,-24.8,-19.9,23.3,-4.8,-4.8,-12.1
3.8933562909951434,3.8963520410179626,-5.001995694152756,-3.3346637961018373,4.168329745127322,19.720041008247616,29.580061512371426,-7.5029935412291335,-10.283203125,-6.767578125,8.525390625,18.896484375,28.740234375,-9.31640625,39.55078125,26.3671875,-35.15625,0.0,8.7890625,79.1015625,-25.6,-19.9,23.3,-4.8,-4.8,-12.1
3.8963669580116402,3.8994215409911703,-4.862051890493258,-3.2413679269955056,4.051709908744363,19.735590539982454,29.60338580997368,-7.293077835739887,-10.1953125,-6.6796875,8.4375,18.984375,28.740234375,-9.052734375,43.9453125,26.3671875,-35.15625,0.0,4.39453125,61.5234375,-25.6,-20.1,23.3,-4.0,-5.6,-11.3
3.8994358330091927,3.903349750005873,-4.719290533459202,-3.1461936889728017,3.932742111216027,19.750986437934376,29.626479656901566,-7.078935800188804,-10.01953125,-6.591796875,8.4375,18.984375,28.828125,-8.876953125,43.9453125,26.3671875,-35.15625,0.0,4.39453125,61.5234375,-25.6,-20.1,24.9,-4.8,-4.8,-11.3
3.9033746249915566,3.9064209159987513,-4.535901163186907,-3.023934108791271,3.7799176359891136,19.770073912499385,29.655110868749077,-6.803851744780359,-9.84375,-6.50390625,8.26171875,18.984375,28.916015625,-8.61328125,43.9453125,30.76171875,-35.15625,0.0,4.39453125,61.5234375,-25.6,-20.1,24.0,-4.8,-4.0,-11.1
3.9064348750107456,3.90938808300416,-4.393296313101331,-2.9288642087342205,3.661080260917757,19.784381578578486,29.676572367867728,-6.5899444696519955,-9.755859375,-6.416015625,8.0859375,18.984375,28.916015625,-8.4375,43.9453125,30.76171875,-35.15625,0.0,4.39453125,61.5234375,-25.6,-20.1,24.0,-4.8,-4.0,-11.1
3.909404000005452,3.9123951660003513,-4.2548407457830635,-2.8365604971887093,3.5457006214858895,19.797826258096837,29.696739387145254,-6.382261118674596,-9.66796875,-6.328125,7.998046875,18.984375,28.916015625,-8.173828125,43.9453125,30.76171875,-35.15625,0.0,4.39453125,61.5234375,-26.4,-20.1,24.0,-4.8,-4.8,-11.1
3.9124152500007767,3.916346625017468,-4.114326299956059,-2.742884199970706,3.4286052499633852,19.811021837995916,29.71653275699387,-6.171489449934088,-9.4921875,-6.15234375,7.91015625,19.072265625,28.916015625,-7.91015625,43.9453125,30.76171875,-35.15625,0.0,4.39453125,61.5234375,-25.6,-19.3,24.0,-4.0,-4.8,-11.2
3.9163646660163067,3.920322457997827,-3.929895018852704,-2.6199300125684695,3.2749125157105894,19.827656612147663,29.741484918221495,-5.894842528279056,-9.31640625,-6.064453125,7.734375,19.072265625,29.00390625,-7.646484375,43.9453125,30.76171875,-35.15625,0.0,13.18359375,65.91796875,-26.4,-20.0,24.0,-4.0,-4.0,-11.2
3.9203401250124443,3.9234351660124958,-3.74409484312498,-2.496063228749987,3.1200790359374864,19.84363042283549,29.765445634253236,-5.61614226468747,-9.140625,-5.9765625,7.646484375,19.072265625,29.00390625,-7.3828125,43.9453125,30.76171875,-35.15625,0.0,13.18359375,65.91796875,-26.4,-20.0,24.8,-4.8,-3.9,-11.2
3.923452749993885,3.927328124991618,-3.5985184812840845,-2.3990123208560563,2.998765401070051,19.855597192841643,29.78339578926246,-5.3977777219261265,-8.96484375,-5.888671875,7.470703125,19.16015625,29.00390625,-7.20703125,43.9453125,30.76171875,-35.15625,0.0,13.18359375,65.91796875,-25.6,-20.0,24.0,-4.0,-4.7,-11.2
3.9273471249907743,3.9304106250056066,-3.4162592159536964,-2.277506143969131,2.846882679961395,19.8699010003619,29.80485150054285,-5.124388823930545,-8.876953125,-5.712890625,7.294921875,19.16015625,29.091796875,-6.943359375,43.9453125,30.76171875,-39.55078125,8.7890625,13.18359375,65.91796875,-26.4,-19.2,24.0,-4.0,-3.9,-11.2
3.930428916006349,3.934352707990911,-3.2719384587850144,-2.1812923058566764,2.7266153823208263,19.880693244361737,29.821039866542606,-4.907907688177522,-8.701171875,-5.625,7.20703125,19.16015625,29.091796875,-6.767578125,43.9453125,30.76171875,-39.55078125,8.7890625,13.18359375,65.91796875,-26.5,-19.2,24.0,-4.0,-4.0,-12.9
3.934369875001721,3.9383227080106735,-3.0872714703436817,-2.058180980229121,2.5727262252863823,19.89381539706808,29.840723095602122,-4.6309072055155225,-8.525390625,-5.537109375,7.119140625,19.16015625,29.091796875,-6.416015625,43.9453125,30.76171875,-39.55078125,8.7890625,13.18359375,65.91796875,-26.5,-20.0,24.0,-4.0,-4.0,-11.3
3.9383393750176765,3.9414242499915417,-2.901147515834471,-1.9340983438896473,2.41762292986204,19.906261919209324,29.85939287881399,-4.351721273751706,-8.349609375,-5.361328125,6.943359375,19.16015625,29.091796875,-6.15234375,43.9453125,30.76171875,-39.55078125,8.7890625,4.39453125,70.3125,-26.5,-19.2,24.0,-4.0,-4.8,-12.1
3.9414434999926016,3.9452928329992574,-2.7555207553790306,-1.8370138369193536,2.2962672961491952,19.915455811077155,29.873183716615735,-4.133281133068546,-8.26171875,-5.361328125,6.85546875,19.248046875,29.091796875,-5.888671875,43.9453125,30.76171875,-39.55078125,8.7890625,4.39453125,70.3125,-26.5,-20.0,24.0,-3.2,-4.9,-11.1
3.945315249991836,3.9482423750159796,-2.5737902578466922,-1.7158601718977948,2.1448252148722466,19.926259655803314,29.889389483704974,-3.8606853867700384,-8.0859375,-5.185546875,6.6796875,19.248046875,29.091796875,-5.625,43.9453125,30.76171875,-39.55078125,0.0,4.39453125,70.3125,-26.5,-20.0,24.0,-4.0,-4.9,-11.1
3.948279750009533,3.9512542500160635,-2.4345791552858556,-1.6230527701905704,2.028815962738216,19.934033703823637,29.901050555735456,-3.6518687329287833,-7.91015625,-5.09765625,6.591796875,19.248046875,29.1796875,-5.44921875,43.9453125,30.76171875,-35.15625,0.0,4.39453125,70.3125,-26.4,-20.0,24.8,-4.0,-4.1,-11.1
3.9512825410056394,3.9542467500141356,-2.293516126171247,-1.5290107507808315,1.9112634384760203,19.94146750176618,29.912201252649268,-3.4402741892568707,-7.734375,-5.009765625,6.416015625,19.248046875,29.1796875,-5.185546875,43.9453125,30.76171875,-35.15625,0.0,4.39453125,70.3125,-25.6,-20.0,24.0,-4.0,-3.9,-11.2
3.9542684580083005,3.9572867910028435,-2.153195189332707,-1.4354634595551379,1.7943293244439478,19.948419602973114,29.92262940445967,-3.2297927839990606,-7.646484375,-4.921875,6.328125,19.248046875,29.1796875,-5.009765625,43.9453125,30.76171875,-35.15625,0.0,4.39453125,70.3125,-26.4,-20.0,24.0,-4.0,-3.9,-12.0
3.9573204159969464,3.96033850000822,-2.0097217790008783,-1.339814519333919,1.6747681491674014,19.95507196313213,29.932607944698194,-3.0145826685013177,-7.55859375,-4.833984375,6.240234375,19.248046875,29.1796875,-4.833984375,43.9453125,30.76171875,-35.15625,0.0,4.39453125,65.91796875,-27.2,-20.0,24.0,-4.0,-3.9,-12.0
3.96037008301937,3.9632952910033055,-1.8663099305120614,-1.2442066203413744,1.555258275426743,19.96126122983963,29.941891844759443,-2.799464895768092,-7.3828125,-4.74609375,6.064453125,19.248046875,29.1796875,-4.5703125,43.9453125,30.76171875,-35.15625,0.0,4.39453125,65.91796875,-26.4,-20.0,24.0,-4.0,-4.9,-11.2
3.963318041001912,3.966207374993246,-1.7276402474859005,-1.1517601649906004,1.4397002062382533,19.96680867145125,29.950213007176878,-2.591460371228851,-7.294921875,-4.658203125,5.9765625,19.248046875,29.1796875,-4.39453125,43.9453125,30.76171875,-35.15625,0.0,4.39453125,65.91796875,-27.2,-20.0,24.0,-4.0,-4.9,-12.0
3.9662304999947082,3.9692730410024524,-1.590604019004425,-1.0604026793362833,1.3255033491703574,19.971868869929434,29.957803304894153,-2.3859060285066374,-7.119140625,-4.482421875,5.888671875,19.248046875,29.1796875,-4.21875,43.9453125,30.76171875,-35.15625,0.0,4.39453125,65.91796875,-26.4,-19.2,24.0,-4.0,-4.9,-12.8
3.9693138750153594,3.972313500009477,-1.4454896789039084,-0.963659785935939,1.204574732419927,19.97677050518852,29.965155757782775,-2.1682345183558627,-7.03125,-4.39453125,5.80078125,19.3359375,29.267578125,-3.955078125,43.9453125,30.76171875,-35.15625,0.0,4.39453125,65.91796875,-27.2,-19.2,24.8,-3.2,-4.1,-12.1
3.9723415409971494,3.975293249997776,-1.3029641848338274,-0.8686427898892182,1.0858034873615259,19.981127588391338,29.971691382587007,-1.954446277250741,-6.85546875,-4.306640625,5.712890625,19.3359375,29.267578125,-3.779296875,43.9453125,30.76171875,-35.15625,0.0,4.39453125,65.91796875,-26.4,-19.2,24.8,-3.2,-3.9,-12.1
3.9753286250052042,3.978356250008801,-1.1623201672195085,-0.7748801114796723,0.9686001393496158,19.984983382851066,29.9774750742766,-1.7434802508292626,-6.767578125,-4.21875,5.537109375,19.3359375,29.267578125,-3.515625,43.9453125,30.76171875,-35.15625,0.0,4.39453125,74.70703125,-27.2,-19.1,24.0,-3.2,-3.9,-11.3
3.9783854999986943,3.981358040997293,-1.0183636390449617,-0.6789090926966411,0.8486363658708045,19.98847373972945,29.982710609594175,-1.5275454585674424,-6.591796875,-4.130859375,5.44921875,19.3359375,29.35546875,-3.251953125,43.9453125,30.76171875,-35.15625,0.0,8.7890625,74.70703125,-26.4,-19.1,24.8,-3.2,-3.1,-11.3
3.98138845799258,3.9843123750179075,-0.8769233271092358,-0.5846155514061572,0.7307694392576775,19.991453790483924,29.987180685725885,-1.3153849906638537,-6.50390625,-4.04296875,5.2734375,19.3359375,29.35546875,-3.076171875,43.9453125,30.76171875,-35.15625,0.0,8.7890625,74.70703125,-27.2,-19.1,24.0,-3.2,-3.1,-11.9
3.984339999995427,3.987290874996688,-0.737885694183241,-0.49192379612216064,0.6149047451527261,19.99394935921387,29.990924038820808,-1.1068285412748615,-6.328125,-3.955078125,5.185546875,19.3359375,29.35546875,-2.900390625,43.9453125,30.76171875,-35.15625,0.0,8.7890625,74.70703125,-27.2,-19.1,24.0,-3.2,-3.1,-11.9
3.987316832994111,3.9902922500041313,-0.5976406273095333,-0.39842708487302214,0.49803385609128076,19.996031002627486,29.994046503941227,-0.8964609409642998,-6.240234375,-3.8671875,5.09765625,19.3359375,29.35546875,-2.63671875,43.9453125,30.76171875,-39.55078125,0.0,8.7890625,74.70703125,-27.2,-19.1,24.8,-3.2,-3.1,-11.1
3.9903273330128286,3.9933297499956097,-0.455796155888581,-0.30386410392572066,0.37983012990715387,19.997691531933015,29.996537297899522,-0.6836942338328715,-6.064453125,-3.779296875,4.921875,19.3359375,29.35546875,-2.4609375,43.9453125,30.76171875,-39.55078125,0.0,8.7890625,74.70703125,-27.3,-19.1,24.0,-4.0,-3.2,-11.2
3.993363790999865,3.996300083003007,-0.31271831810457423,-0.20847887873638282,0.2605985984204816,19.998913384409683,29.998370076614528,-0.4690774771568613,-5.9765625,-3.603515625,4.833984375,19.3359375,29.35546875,-2.197265625,43.9453125,30.76171875,-39.55078125,0.0,8.7890625,74.70703125,-27.3,-18.3,24.0,-4.0,-3.2,-11.2
3.9963365409930702,3.9992683750169817,-0.17263548574090004,-0.1150903238272667,0.14386290478408642,19.99966885269257,29.999503279038855,-0.25895322861135006,-5.80078125,-3.515625,4.74609375,19.3359375,29.35546875,-2.021484375,43.9453125,30.76171875,-39.55078125,0.0,0.0,70.3125,-27.3,-19.2,24.0,-4.0,-3.2,-12.0
3.9993032079946715,4.0022695410007145,-0.032835543119317086,-0.02189036207954472,0.027362952599433967,19.99998802029761,29.999982030446418,-0.049253314678975625,-5.712890625,-3.427734375,4.658203125,19.3359375,29.35546875,-1.845703125,43.9453125,30.76171875,-39.55078125,0.0,0.0,70.3125,-27.3,-19.2,24.8,-4.0,-3.2,-12.1
4.00230120800552,4.005286291008815,0.10844163631291273,0.07229442420860849,-0.09036803026077975,19.99986933747889,29.999804006218337,0.1626624544693691,-5.537109375,-3.33984375,4.482421875,19.3359375,29.35546875,-1.58203125,43.9453125,35.15625,-39.55078125,0.0,0.0,70.3125,-27.3,-19.2,24.1,-4.0,-3.2,-11.3
4.005322250013705,4.0083066660154145,0.2508022016002629,0.1672014677335086,-0.20900183466688269,19.999301079517448,29.998951619276173,0.37620330240039435,-5.361328125,-3.251953125,4.39453125,19.3359375,29.35546875,-1.40625,43.9453125,35.15625,-39.55078125,0.0,0.0,70.3125,-27.3,-19.2,24.1,-4.0,-3.2,-11.3
4.008339499996509,4.011320040997816,0.3929784393817025,0.26198562625446836,-0.3274820328181046,19.99828401467576,29.99742602201364,0.5894676590725538,-5.2734375,-3.1640625,4.306640625,19.3359375,29.35546875,-1.23046875,43.9453125,35.15625,-39.55078125,0.0,0.0,70.3125,-28.0,-19.2,24.9,-4.0,-3.2,-12.1
4.011357790994225,4.014372333011124,0.5351948986807643,0.35679659912050954,-0.44599574890061155,19.996817151408273,29.99522572711241,0.8027923480211464,-5.09765625,-3.076171875,4.130859375,19.423828125,29.35546875,-0.966796875,43.9453125,35.15625,-39.55078125,0.0,0.0,70.3125,-27.2,-19.2,24.1,-3.2,-3.2,-12.0
4.014409499999601,4.01733050000621,0.6789737118407643,0.45264914122717614,-0.5658114265339672,19.99487706276151,29.992315594142262,1.0184605677611465,-5.009765625,-2.98828125,4.04296875,19.423828125,29.35546875,-0.791015625,43.9453125,35.15625,-39.55078125,0.0,0.0,70.3125,-28.0,-19.2,24.1,-3.2,-3.2,-12.0
4.017357833014103,4.020256290998077,0.817867265730715,0.5452448438204767,-0.681556054775615,19.992566320017225,29.98884948002584,1.2268008985960726,-4.833984375,-2.900390625,3.955078125,19.423828125,29.35546875,-0.615234375,43.9453125,35.15625,-39.55078125,0.0,0.0,70.3125,-27.2,-19.2,24.9,-3.2,-3.2,-12.0
4.020307250000769,4.02333887500572,0.9567943327920934,0.6378628885280623,-0.7973286106600747,19.989825685469064,29.984738528203593,1.43519149918814,-4.74609375,-2.8125,3.8671875,19.423828125,29.35546875,-0.3515625,43.9453125,35.15625,-39.55078125,0.0,0.0,70.3125,-27.2,-19.2,24.9,-2.2,-3.2,-12.0
4.023364624998067,4.027349540992873,1.1007848544883407,0.7338565696588938,-0.9173207120736363,19.986531828588184,29.979797742882276,1.651177281732511,-4.5703125,-2.724609375,3.69140625,19.423828125,29.35546875,-0.17578125,43.9453125,30.76171875,-39.55078125,0.0,0.0,70.3125,-27.2,-19.2,23.9,-2.2,-3.2,-12.0
4.0273686250147875,4.031322708004154,1.2893188334258958,0.8595458889505971,-1.0744323611882436,19.981520984769606,29.972281477154407,1.9339782501388436,-4.39453125,-2.548828125,3.603515625,19.423828125,29.35546875,0.087890625,43.9453125,30.76171875,-35.15625,0.0,0.0,70.3125,-27.2,-18.4,24.7,-2.2,-3.2,-12.0
4.03134025001782,4.034458790993085,1.476278024068323,0.984185349378882,-1.2302316867235996,19.97576980238979,29.96365470358469,2.2144170361024846,-4.21875,-2.373046875,3.427734375,19.423828125,29.35546875,0.439453125,43.9453125,30.76171875,-35.15625,0.0,0.0,70.3125,-28.0,-18.4,24.7,-2.4,-3.2,-11.2
4.034475749998819,4.038323582994053,1.6238374683139682,1.082558312209312,-1.353197890261615,19.970680196244356,29.956020294366535,2.4357562024709525,-4.04296875,-2.28515625,3.251953125,19.423828125,29.35546875,0.615234375,43.9453125,30.76171875,-35.15625,0.0,0.0,70.3125,-27.2,-18.4,23.9,-2.4,-3.2,-12.0
4.038345000008121,4.041310750006232,1.8058731665043166,1.2039154443362112,-1.5048943054202386,19.963731805523956,29.94559770828593,2.708809749756475,-3.8671875,-2.197265625,3.1640625,19.423828125,29.35546875,0.87890625,43.9453125,30.76171875,-35.15625,0.0,0.0,70.3125,-27.2,-19.2,24.7,-2.4,-3.2,-12.0
4.0413496250112075,4.045337457995629,1.9471853863663748,1.2981235909109166,-1.6226544886386425,19.95782741539571,29.93674112309356,2.920778079549562,-3.779296875,-2.109375,2.98828125,19.423828125,29.35546875,1.142578125,43.9453125,30.76171875,-35.15625,0.0,0.0,70.3125,-28.0,-19.2,24.0,-2.4,-3.2,-11.2
4.045374833018286,4.04827299999306,2.136428689922521,1.4242857932816806,-1.7803572416021196,19.949220786262703,29.923831179394057,3.204643034883781,-3.515625,-1.93359375,2.900390625,19.423828125,29.35546875,1.40625,43.9453125,30.76171875,-35.15625,0.0,0.0,70.3125,-27.2,-18.4,24.8,-2.4,-3.2,-11.2
4.048305000003893,4.051265499991132,2.274135857996719,1.5160905719978126,-1.8951132149972627,19.942453945728428,29.913680918592643,3.4112037869950784,-3.427734375,-1.845703125,2.724609375,19.423828125,29.35546875,1.58203125,43.9453125,30.76171875,-39.55078125,0.0,0.0,70.3125,-27.2,-18.4,24.0,-2.4,-3.2,-12.0
4.051289916009409,4.054239499993855,2.414366476067655,1.6095776507117698,-2.011972063389687,19.935126279668488,29.902689419502735,3.6215497141014823,-3.33984375,-1.7578125,2.63671875,19.423828125,29.35546875,1.845703125,43.9453125,30.76171875,-39.55078125,0.0,0.0,70.3125,-28.0,-18.4,24.0,-2.4,-2.3,-11.2
4.05426487501245,4.057237916014856,2.554076508309136,1.7027176722060906,-2.12839709025761,19.927386997013862,29.89108049552079,3.8311147624637036,-3.1640625,-1.669921875,2.4609375,19.423828125,29.35546875,2.021484375,48.33984375,30.76171875,-39.55078125,0.0,0.0,70.3125,-28.0,-18.3,24.0,-2.4,-2.3,-12.0
4.057263624999905,4.060299791017314,2.6948473593700424,1.7965649062466948,-2.2457061328083654,19.919145426891255,29.878718140336883,4.042271039055064,-2.98828125,-1.58203125,2.373046875,19.423828125,29.35546875,2.28515625,48.33984375,30.76171875,-39.55078125,0.0,0.0,70.3125,-27.2,-18.3,24.0,-2.4,-2.3,-12.0
4.060329375002766,4.063293165992945,2.8387015676707064,1.892467711780471,-2.3655846397255855,19.91026283000474,29.865394245007113,4.258052351506059,-2.8125,-1.40625,2.28515625,19.423828125,29.35546875,2.4609375,48.33984375,30.76171875,-39.55078125,0.0,0.0,70.3125,-27.2,-17.5,24.9,-2.4,-2.4,-12.0
4.063324707996799,4.066294000018388,2.9791880423374377,1.986125361558292,-2.482656701947884,19.901138310362423,29.851707465543633,4.468782063506157,-2.724609375,-1.318359375,2.109375,19.423828125,29.35546875,2.724609375,48.33984375,35.15625,-39.55078125,0.0,0.0,70.3125,-27.2,-17.5,24.1,-2.4,-2.4,-11.2
4.0663287909992505,4.069279165996704,3.120018663871117,2.080012442580745,-2.600015553225906,19.891544641849947,29.837316962774917,4.680027995806676,-2.548828125,-1.23046875,2.021484375,19.423828125,29.35546875,2.900390625,48.33984375,35.15625,-39.55078125,0.0,0.0,70.3125,-27.2,-17.5,24.1,-2.4,-2.4,-11.2
4.0693085830134805,4.072314457996981,3.25964190535157,2.173094603567713,-2.7163682544596384,19.881590978690436,29.822386468035653,4.889462858027355,-2.373046875,-1.142578125,1.93359375,19.423828125,29.35546875,3.1640625,48.33984375,35.15625,-39.55078125,0.0,0.0,70.3125,-27.2,-17.5,24.9,-1.6,-2.4,-11.1
4.072343458014075,4.075298250012565,3.4017727288719484,2.2678484859146324,-2.8348106073933095,19.871005592192226,29.80650838828834,5.102659093307922,-2.28515625,-1.0546875,1.845703125,19.423828125,29.35546875,3.33984375,48.33984375,35.15625,-39.55078125,0.0,0.0,70.3125,-27.2,-18.3,24.9,-1.6,-1.6,-11.9
4.0753296250186395,4.07832483301172,3.5415469943074824,2.3610313295383216,-2.9512891619229213,19.860149321214543,29.790223981821818,5.312320491461224,-2.109375,-0.966796875,1.669921875,19.423828125,29.35546875,3.515625,48.33984375,35.15625,-39.55078125,0.0,0.0,70.3125,-27.2,-18.4,24.1,-1.6,-1.6,-11.9
4.078353332995903,4.081270374997985,3.6829990387323117,2.4553326924882075,-3.0691658656102563,19.848711327670586,29.77306699150588,5.524498558098467,-2.021484375,-0.87890625,1.58203125,19.423828125,29.35546875,3.779296875,48.33984375,35.15625,-39.55078125,0.0,0.0,70.3125,-27.2,-18.4,24.9,-1.6,-1.6,-11.1
4.081301750004059,4.084267458005343,3.820848915716648,2.5472326104777654,-3.184040763097182,19.837126960024193,29.755690440036286,5.731273373574972,-1.845703125,-0.791015625,1.494140625,19.423828125,29.35546875,3.955078125,48.33984375,30.76171875,-39.55078125,0.0,0.0,70.3125,-27.2,-18.4,24.8,-1.6,-1.5,-11.2
4.0842935830005445,4.087248416006332,3.960644868605257,2.640429912403505,-3.300537390504356,19.82493707121626,29.737405606824392,5.940967302907885,-1.669921875,-0.703125,1.318359375,19.423828125,29.35546875,4.130859375,48.33984375,30.76171875,-39.55078125,0.0,0.0,70.3125,-26.4,-18.4,24.0,-1.6,-1.5,-11.2
4.087273707991699,4.090249541011872,4.099806797631363,2.733204531754242,-3.416505664692822,19.812359601713222,29.71853940256983,6.149710196447044,-1.58203125,-0.52734375,1.23046875,19.423828125,29.35546875,4.306640625,48.33984375,30.76171875,-39.55078125,0.0,0.0,70.3125,-27.2,-17.6,24.8,-1.6,-1.5,-12.0
4.090314625005703,4.093352750001941,4.241714882628001,2.8278099217520003,-3.5347624021899975,19.799078035263182,29.698617052894775,6.3625723239420005,-1.40625,-0.439453125,1.142578125,19.423828125,29.35546875,4.5703125,48.33984375,30.76171875,-39.55078125,0.0,0.0,70.3125,-27.2,-17.6,24.8,-1.6,-0.7,-11.3
4.093388958019204,4.097276999993483,4.385083971793532,2.9233893145290213,-3.6542366431612736,19.78519130349003,29.677786955235046,6.577625957690298,-1.23046875,-0.3515625,1.0546875,19.423828125,29.35546875,4.74609375,48.33984375,30.76171875,-39.55078125,0.0,0.0,70.3125,-26.4,-17.5,24.8,-0.8,-0.7,-12.1
4.097322624991648,4.101271207997343,4.568377831974601,3.0455852213164007,-3.8069815266454974,19.76675012893367,29.650125193400502,6.852566747961902,-1.142578125,-0.263671875,0.87890625,19.423828125,29.35546875,5.09765625,48.33984375,30.76171875,-39.55078125,0.0,0.0,70.3125,-27.2,-17.5,24.8,-0.8,-0.7,-11.3
4.101313291001134,4.104471375001594,4.754149366066669,3.169432910711113,-3.9617911383888877,19.747270571511933,29.620905857267903,7.1312240491000045,-0.966796875,-0.087890625,0.703125,19.423828125,29.35546875,5.361328125,48.33984375,35.15625,-39.55078125,0.0,0.0,70.3125,-27.2,-17.5,24.8,-0.8,-0.0,-11.1
4.104520624998258,4.108348041016143,4.903320551262509,3.2688803675083395,-4.08610045938542,19.731052205671105,29.596578308506658,7.3549808268937635,-0.791015625,0.0,0.615234375,19.423828125,29.35546875,5.625,48.33984375,35.15625,-39.55078125,0.0,0.0,70.3125,-27.2,-17.5,24.8,-0.8,-0.0,-11.1
4.108403707999969,4.112396415992407,5.083753511611453,3.3891690077409686,-4.236461259676207,19.710746648388742,29.566119972583117,7.625630267417179,-0.615234375,0.087890625,0.439453125,19.423828125,29.35546875,5.888671875,48.33984375,35.15625,-35.15625,0.0,0.0,70.3125,-28.0,-17.5,24.8,-0.0,-0.0,-11.2
4.112507165991701,4.116237375012133,5.2742208281168494,3.5161472187445666,-4.395184023430705,19.688491784189942,29.532737676284913,7.911331242175274,-0.439453125,0.17578125,0.3515625,19.423828125,29.35546875,6.15234375,48.33984375,35.15625,-35.15625,0.0,0.0,70.3125,-27.2,-18.3,25.6,-0.0,0.1,-12.0
4.116271125007188,4.119259916013107,5.448737368643151,3.6324915790954337,-4.540614473869311,19.66735887016355,29.501038305245327,8.173106052964727,-0.263671875,0.3515625,0.17578125,19.423828125,29.35546875,6.416015625,43.9453125,35.15625,-35.15625,0.0,0.0,70.3125,-27.2,-17.6,24.8,-0.0,0.1,-11.2
4.1192913750128355,4.122248583007604,5.588634280818862,3.725756187212575,-4.657195234015715,19.64990434667424,29.47485652001136,8.382951421228293,-0.087890625,0.439453125,0.087890625,19.423828125,29.35546875,6.591796875,43.9453125,35.15625,-35.15625,0.0,0.0,70.3125,-27.2,-17.6,25.6,-0.0,-0.0,-11.2
4.122274875000585,4.125253833015449,5.726705458739926,3.817803639159951,-4.7722545489499355,19.632227977812835,29.44834196671925,8.59005818810989,0.0,0.52734375,-0.087890625,19.423828125,29.35546875,6.85546875,43.9453125,30.76171875,-35.15625,0.0,0.0,70.3125,-27.2,-17.6,24.8,-0.0,-0.0,-11.2
4.125288458017167,4.128219583013561,5.866041132286245,3.91069408819083,-4.888367610238534,19.61393565168881,29.420903477533216,8.799061698429368,0.17578125,0.615234375,-0.17578125,19.423828125,29.35546875,7.119140625,43.9453125,30.76171875,-35.15625,0.0,0.0,70.3125,-27.2,-17.6,24.8,-0.0,-0.0,-11.2
4.128252666007029,4.131231875013327,6.0029656903906465,4.001977126927097,-5.002471408658847,19.59551425902245,29.393271388533677,9.00444853558597,0.3515625,0.703125,-0.263671875,19.423828125,29.35546875,7.294921875,43.9453125,30.76171875,-39.55078125,0.0,0.0,70.3125,-27.2,-17.6,25.6,-0.0,-0.0,-11.2
4.131261000002269,4.134172499994747,6.141795465759447,4.094530310506298,-5.118162888132869,19.57638428148429,29.36457642222644,9.21269319863917,0.439453125,0.791015625,-0.439453125,19.423828125,29.35546875,7.55859375,43.9453125,30.76171875,-39.55078125,0.0,0.0,70.3125,-27.2,-17.6,24.8,-0.0,-0.0,-10.3
4.134194957994623,4.137258708011359,6.277060829962084,4.184707219974722,-5.230884024968399,19.557306191883672,29.33595928782551,9.415591244943126,0.52734375,0.87890625,-0.52734375,19.423828125,29.35546875,7.734375,43.9453125,30.76171875,-39.55078125,0.0,0.0,70.3125,-28.0,-18.4,24.8,-0.0,-0.0,-10.3
4.137284708005609,4.140234457998304,6.419364547616869,4.279576365077913,-5.3494704563473885,19.53676601015292,29.305149015229382,9.629046821425304,0.703125,0.966796875,-0.615234375,19.423828125,29.35546875,7.998046875,43.9453125,30.76171875,-39.55078125,0.0,0.0,74.70703125,-27.2,-18.4,25.6,-0.0,-0.0,-10.3
4.140261749998899,4.143239249999169,6.556334307518088,4.370889538345392,-5.463611922931759,19.516539771270494,29.27480965690574,9.834501461277132,0.87890625,1.142578125,-0.791015625,19.423828125,29.35546875,8.173828125,43.9453125,30.76171875,-39.55078125,0.0,0.0,74.70703125,-27.2,-17.6,24.8,-0.0,-0.0,-10.5
4.1432732079993,4.146249999990687,6.694741620955411,4.463161080636941,-5.5789513507961725,19.495645492475692,29.243468238713536,10.042112431433116,0.966796875,1.23046875,-0.87890625,19.423828125,29.35546875,8.349609375,43.9453125,30.76171875,-39.55078125,0.0,0.0,74.70703125,-28.0,-17.6,24.8,-0.0,-0.0,-11.3
4.146286541013978,4.149262666003779,6.833085164879759,4.5553901099198395,-5.694237637399797,19.474301552210918,29.211452328316376,10.24962774731964,1.0546875,1.318359375,-0.966796875,19.51171875,29.35546875,8.525390625,43.9453125,30.76171875,-35.15625,0.0,0.0,74.70703125,-28.0,-17.6,25.6,-0.0,-0.0,-11.3
4.149292082991451,4.152239791001193,6.970918523345917,4.647279015563945,-5.80909876945495,19.452578177493574,29.17886726624036,10.456377785018876,1.23046875,1.40625,-1.0546875,19.51171875,29.35546875,8.701171875,43.9453125,30.76171875,-35.15625,0.0,0.0,74.70703125,-28.1,-17.6,25.6,-0.0,-0.0,-12.0
4.152264916017884,4.15524487500079,7.107099023450877,4.738066015633918,-5.922582519542373,19.430664693506877,29.14599704026032,10.660648535176314,1.40625,1.494140625,-1.23046875,19.51171875,29.35546875,8.876953125,43.9453125,30.76171875,-35.15625,0.0,0.0,74.70703125,-27.3,-17.6,24.8,-0.0,-0.0,-12.0
4.155287916015368,4.158248708001338,7.245418647506601,4.830279098337734,-6.037848872922164,19.40794692470488,29.11192038705732,10.868127971259902,1.494140625,1.58203125,-1.318359375,19.51171875,29.35546875,9.140625,43.9453125,30.76171875,-35.15625,0.0,0.0,61.5234375,-28.1,-17.6,25.6,-0.0,-0.0,-11.2
4.158278957998846,4.162321583018638,7.382115228683511,4.921410152455675,-6.15176269056959,19.385038615161598,29.077557922742393,11.073172843025267,1.669921875,1.669921875,-1.494140625,19.51171875,29.35546875,9.31640625,43.9453125,30.76171875,-35.15625,0.0,0.0,61.5234375,-28.1,-17.6,24.8,-0.0,-0.0,-12.1
4.1623669580149,4.165295707993209,7.568680825305972,5.0457872168706475,-6.307234021088328,19.3530367478095,29.029555121714253,11.353021237958957,1.7578125,1.7578125,-1.58203125,19.51171875,29.35546875,9.580078125,43.9453125,30.76171875,-35.15625,0.0,0.0,61.5234375,-28.9,-17.6,25.7,-0.0,-0.0,-11.3
4.165333250013646,4.168250457994873,7.703859663564798,5.135906442376532,-6.419883052970661,19.329316206611015,28.993974309916524,11.555789495347197,1.93359375,1.845703125,-1.7578125,19.51171875,29.35546875,9.755859375,43.9453125,30.76171875,-35.15625,0.0,0.0,61.5234375,-28.1,-18.4,24.9,-0.0,-0.0,-11.3
4.168278958008159,4.171322208014317,7.837934944816642,5.225289963211095,-6.531612454013866,19.305344980092052,28.958017470138078,11.756902417224964,2.109375,2.021484375,-1.845703125,19.51171875,29.35546875,10.01953125,43.9453125,30.76171875,-39.55078125,0.0,0.0,61.5234375,-28.0,-17.6,24.9,-0.0,0.8,-11.1
4.171359750005649,4.175259875017218,7.977979060461642,5.3186527069744285,-6.648315883718032,19.279832296537062,28.919748444805595,11.966968590692463,2.28515625,2.021484375,-1.93359375,19.51171875,29.35546875,10.1953125,43.9453125,30.76171875,-39.55078125,0.0,0.0,61.5234375,-28.0,-18.4,25.7,-0.0,0.9,-11.9
4.1753012080152985,4.17930712501402,8.15687376342389,5.437915842282593,-6.797394802853239,19.246534007250553,28.86980101087583,12.235310645135835,2.4609375,2.197265625,-2.109375,19.51171875,29.35546875,10.458984375,43.9453125,30.76171875,-39.55078125,0.0,0.0,65.91796875,-28.0,-17.6,24.9,-0.0,1.7,-11.9
4.179371333011659,4.183323166012997,8.341280179804235,5.560853453202823,-6.951066816503526,19.21137446597724,28.81706169896586,12.511920269706351,2.63671875,2.28515625,-2.28515625,19.51171875,29.35546875,10.72265625,43.9453125,30.76171875,-39.55078125,0.0,0.0,65.91796875,-28.0,-17.6,25.6,-0.0,2.5,-12.0
4.183378665999044,4.187325791019248,8.522508599652367,5.681672399768245,-7.102090499710304,19.175990163266974,28.76398524490046,12.783762899478551,2.8125,2.4609375,-2.4609375,19.51171875,29.35546875,11.07421875,43.9453125,30.76171875,-39.55078125,0.0,0.0,65.91796875,-28.0,-17.6,24.8,-0.0,2.5,-11.2
4.1873876659956295,4.191310916008661,8.703474508137743,5.802316338758495,-7.252895423448138,19.139830853614576,28.70974628042186,13.055211762206614,2.98828125,2.548828125,-2.63671875,19.51171875,29.35546875,11.337890625,43.9453125,30.76171875,-39.55078125,0.0,0.0,65.91796875,-28.1,-17.6,24.8,0.8,3.3,-11.2
4.191370790998917,4.195339666010113,8.882930625053666,5.921953750035777,-7.402442187544697,19.1031532418718,28.6547298628077,13.324395937580498,3.1640625,2.63671875,-2.8125,19.51171875,29.35546875,11.513671875,43.9453125,30.76171875,-39.55078125,0.0,0.0,65.91796875,-28.1,-18.4,24.8,0.8,3.4,-12.1
4.195399624994025,4.199310583004262,9.064092353411311,6.042728235607541,-7.5534102945094235,19.065294004305084,28.597941006457628,13.596138530116967,3.33984375,2.724609375,-2.900390625,19.51171875,29.35546875,11.77734375,48.33984375,30.76171875,-39.55078125,0.0,0.0,65.91796875,-28.1,-18.4,25.6,1.6,4.2,-12.9
4.199362083018059,4.203327541006729,9.241915348712801,6.161276899141868,-7.7015961239273105,19.02731370877404,28.54097056316106,13.862873023069202,3.515625,2.900390625,-3.076171875,19.51171875,29.35546875,12.041015625,48.33984375,30.76171875,-39.55078125,0.0,0.0,65.91796875,-28.1,-17.6,24.7,1.8,5.0,-12.8
4.203382666019024,4.2073424580157734,9.421980825759585,6.28132055050639,-7.851650688132963,18.988022860260777,28.482034290391166,14.132971238639376,3.779296875,2.98828125,-3.251953125,19.51171875,29.35546875,12.3046875,48.33984375,30.76171875,-39.55078125,0.0,0.0,65.91796875,-27.3,-18.4,24.7,2.6,5.0,-12.8
4.207400165993022,4.21171541599324,9.601532859034236,6.401021906022825,-8.001277382528528,18.948005661773905,28.422008492660854,14.402299288551355,3.955078125,3.1640625,-3.427734375,19.51171875,29.35546875,12.568359375,48.33984375,30.76171875,-39.55078125,0.0,0.0,65.91796875,-27.1,-17.6,24.7,2.4,5.8,-12.8
4.211947750009131,4.215374082996277,9.804313900758888,6.536209267172593,-8.170261583965738,18.901798020710284,28.352697031065425,14.706470851138333,4.130859375,3.251953125,-3.515625,19.51171875,29.35546875,13.0078125,48.33984375,30.76171875,-39.55078125,0.0,0.0,65.91796875,-27.1,-18.4,24.7,2.4,6.5,-10.4
4.21541583299404,4.2193911249923985,9.958623283351633,6.639082188901089,-8.298852736126337,18.865910730442252,28.298866095663378,14.937934925027449,4.306640625,3.33984375,-3.69140625,19.51171875,29.35546875,13.18359375,43.9453125,30.76171875,-39.55078125,0.0,0.0,74.70703125,-27.9,-18.4,24.7,3.2,6.5,-9.6
4.219428790995153,4.223276041011559,10.136807277211737,6.757871518141158,-8.447339397676465,18.823686475934963,28.235529713902444,15.205210915817608,4.482421875,3.515625,-3.8671875,19.51171875,29.35546875,13.53515625,43.9453125,30.76171875,-39.55078125,0.0,0.0,74.70703125,-27.9,-17.6,24.8,3.2,7.3,-7.6
4.223300165991532,4.226238291012123,10.308323043527144,6.8722153623514295,-8.590269202939284,18.782243103885676,28.173364655828514,15.462484565290715,4.658203125,3.603515625,-3.955078125,19.51171875,29.35546875,13.7109375,43.9453125,30.76171875,-39.55078125,0.0,0.0,74.70703125,-27.9,-17.6,24.8,4.0,8.1,-9.2
4.22626633301843,4.22935387500911,10.439477267238974,6.959651511492649,-8.699564389365829,18.7500200223514,28.1250300335271,15.659215900858461,4.833984375,3.69140625,-4.130859375,19.51171875,29.35546875,13.88671875,43.9453125,30.76171875,-39.55078125,0.0,0.0,74.70703125,-27.1,-18.4,24.0,4.0,8.1,-10.0
4.229374040995026,4.233274458005326,10.576646816272318,7.051097877514878,-8.813872346893616,18.715822683539866,28.0737340253098,15.864970224408475,4.921875,3.779296875,-4.306640625,19.51171875,29.267578125,14.0625,43.9453125,30.76171875,-39.55078125,0.0,0.0,74.70703125,-27.9,-18.4,24.0,4.0,7.3,-11.5
4.233298500010278,4.237301250017481,10.749506015102034,7.166337343401356,-8.957921679251712,18.672000671609123,28.008001007413682,16.12425902265305,5.185546875,3.8671875,-4.39453125,19.51171875,29.267578125,14.326171875,48.33984375,30.76171875,-39.55078125,0.0,0.0,74.70703125,-27.1,-18.5,24.8,4.8,8.9,-12.3
4.237340416002553,4.240253041003598,10.927111712936426,7.284741141957618,-9.105926427447,18.6261253752537,27.93918806288055,16.39066756940464,5.361328125,4.04296875,-4.5703125,19.51171875,29.1796875,14.58984375,48.33984375,30.76171875,-39.55078125,0.0,-8.7890625,57.12890625,-27.1,-17.7,24.0,5.6,8.1,-11.5
4.240286000014748,4.243230541003868,11.056266466135597,7.3708443107570645,-9.213555388446327,18.592220258661424,27.888330387992134,16.584399699203395,5.44921875,4.130859375,-4.658203125,19.51171875,29.091796875,14.765625,48.33984375,30.76171875,-39.55078125,0.0,-8.7890625,57.12890625,-27.1,-17.7,24.7,5.6,7.2,-11.3
4.243260957999155,4.246211541001685,11.186468919894596,7.457645946596397,-9.322057433245472,18.557573034618887,27.836359551928332,16.779703379841894,5.625,4.21875,-4.74609375,19.51171875,29.00390625,14.94140625,48.33984375,26.3671875,-39.55078125,0.0,-8.7890625,57.12890625,-27.1,-17.7,24.7,5.6,7.2,-12.1
4.246237500017742,4.249200040998403,11.31649622185322,7.544330814568813,-9.430413518210992,18.52250178999444,27.78375268499166,16.974744332779828,5.712890625,4.306640625,-4.921875,19.51171875,28.916015625,15.1171875,48.33984375,26.3671875,-35.15625,0.0,-8.7890625,57.12890625,-27.2,-17.7,23.9,5.6,7.2,-12.9
4.24922279099701,4.252192040992668,11.446657233031955,7.631104822021303,-9.538881027526646,18.486920760238128,27.730381140357192,17.16998584954793,5.888671875,4.39453125,-5.009765625,19.51171875,28.828125,15.380859375,48.33984375,26.3671875,-35.15625,0.0,-8.7890625,57.12890625,-27.2,-17.7,24.7,6.4,6.3,-12.0
4.252222540992079,4.255196000012802,11.577195127796024,7.718130085197349,-9.647662606496663,18.450757924485686,27.67613688672853,17.365792691694036,5.9765625,4.482421875,-5.185546875,19.51171875,28.740234375,15.556640625,43.9453125,26.3671875,-35.15625,0.0,-8.7890625,57.12890625,-28.0,-17.7,23.9,6.4,6.3,-12.0
4.255225125001743,4.258187750005163,11.70759893604236,7.805065957361572,-9.756332446701963,18.41415068367899,27.62122602551849,17.56139840406354,6.15234375,4.5703125,-5.2734375,19.51171875,28.65234375,15.8203125,43.9453125,26.3671875,-35.15625,0.0,-26.3671875,70.3125,-27.2,-18.4,23.9,7.2,5.5,-12.0
4.258218416012824,4.261332249996485,11.837339921582313,7.891559947721541,-9.864449934651903,18.377249021317553,27.56587353197633,17.75600988237347,6.328125,4.658203125,-5.361328125,19.423828125,28.564453125,15.99609375,43.9453125,26.3671875,-35.15625,0.0,-26.3671875,70.3125,-27.2,-18.4,24.7,6.4,5.5,-12.0
4.261373624991393,4.265186083008302,11.973815702690713,7.982543801793809,-9.97817975224228,18.33791139831479,27.506867097472185,17.96072355403607,6.416015625,4.74609375,-5.537109375,19.423828125,28.4765625,16.259765625,43.9453125,30.76171875,-35.15625,0.0,-26.3671875,70.3125,-27.2,-18.4,24.0,6.4,5.5,-11.2
4.265220958011923,4.268211832997622,12.139830391545106,8.093220261030071,-10.116525326287586,18.28933530247757,27.43400295371636,18.20974558731766,6.591796875,4.833984375,-5.625,19.423828125,28.388671875,16.5234375,43.9453125,30.76171875,-39.55078125,0.0,-26.3671875,70.3125,-27.2,-18.4,24.8,7.2,5.5,-9.6
4.268237290991237,4.27131083299173,12.26967717558413,8.179784783722754,-10.224730979653438,18.250784117181862,27.37617617577279,18.404515763376196,6.767578125,4.921875,-5.80078125,19.3359375,28.30078125,16.69921875,43.9453125,30.76171875,-39.55078125,0.0,-26.3671875,70.3125,-27.2,-18.4,24.0,6.4,5.6,-8.4
4.271329750015866,4.275151625013677,12.402515042754313,8.268343361836209,-10.33542920229526,18.21083463355755,27.316251950336323,18.60377256413147,6.85546875,5.09765625,-5.888671875,19.3359375,28.212890625,16.962890625,43.9453125,30.76171875,-39.55078125,0.0,-26.3671875,70.3125,-27.2,-17.6,24.0,7.2,4.8,-8.4
4.275170208013151,4.278339375014184,12.56707576971025,8.378050513140167,-10.472563141425207,18.16062415224961,27.240936228374412,18.850613654565375,7.119140625,5.185546875,-5.9765625,19.248046875,28.212890625,17.138671875,48.33984375,30.76171875,-39.55078125,0.0,-21.97265625,70.3125,-26.4,-17.6,24.8,7.2,5.6,-10.0
4.278357541013975,4.282280332990922,12.703303553401998,8.468869035601331,-10.586086294501662,18.118450741104578,27.177676111656865,19.054955330102995,7.20703125,5.2734375,-6.15234375,19.248046875,28.125,17.314453125,48.33984375,30.76171875,-39.55078125,0.0,-21.97265625,70.3125,-27.2,-18.4,24.0,7.2,4.7,-10.6
4.282369374996051,4.286260666005546,12.874317756555532,8.582878504370354,-10.72859813046296,18.064722432941437,27.097083649412156,19.311476634833298,7.3828125,5.44921875,-6.328125,19.16015625,28.125,17.578125,48.33984375,30.76171875,-39.55078125,-13.18359375,-21.97265625,70.3125,-27.2,-17.6,24.0,7.2,6.3,-10.6
4.286280416010413,4.290251416008687,13.040543306792218,8.69369553786148,-10.867119422326846,18.011653391484288,27.01748008722643,19.560814960188328,7.55859375,5.537109375,-6.416015625,19.072265625,28.037109375,17.841796875,48.33984375,30.76171875,-39.55078125,-13.18359375,-21.97265625,70.3125,-27.2,-17.6,24.0,6.4,6.3,-10.6
4.290269499993883,4.293394250009442,13.209578762373416,8.806385841582276,-11.007982301977865,17.956825120526723,26.935237680790085,19.814368143560124,7.734375,5.625,-6.591796875,19.072265625,28.037109375,18.10546875,48.33984375,30.76171875,-39.55078125,-13.18359375,-21.97265625,70.3125,-27.2,-17.6,24.0,6.4,7.4,-10.5
4.293419082998298,4.297277708014008,13.34267469835223,8.895116465568154,-11.118895581960189,17.913037237274374,26.86955585591156,20.014012047528347,7.91015625,5.712890625,-6.6796875,18.984375,27.94921875,18.369140625,43.9453125,30.76171875,-39.55078125,-13.18359375,-21.97265625,61.5234375,-26.4,-17.5,24.0,7.2,7.4,-10.5
4.297295041003963,4.300400958018145,13.506017403819133,9.004011602546088,-11.255014503182588,17.858549074916898,26.787823612375345,20.259026105728697,8.0859375,5.888671875,-6.85546875,18.984375,27.861328125,18.544921875,43.9453125,30.76171875,-39.55078125,-13.18359375,-13.18359375,61.5234375,-26.4,-17.5,24.0,7.2,6.6,-11.2
4.3004206659970805,4.3042296250059735,13.637374812356697,9.091583208237799,-11.364479010297245,17.814126831469693,26.721190247204543,20.456062218535045,8.26171875,5.9765625,-6.943359375,18.984375,27.7734375,18.720703125,43.9453125,30.76171875,-39.55078125,-13.18359375,-13.18359375,61.5234375,-26.4,-17.5,24.0,7.2,5.6,-12.0
4.30424770800164,4.307365207991097,13.797761959994531,9.198507973329686,-11.498134966662125,17.759151192120374,26.63872678818056,20.696642939991797,8.4375,6.064453125,-7.119140625,18.896484375,27.685546875,19.072265625,43.9453125,30.76171875,-39.55078125,-13.18359375,-13.18359375,61.5234375,-26.4,-17.5,24.0,7.2,6.4,-10.4
4.307382958009839,4.311263708019396,13.928785550100315,9.28585703340021,-11.60732129175026,17.713634837470593,26.57045225620589,20.893178325150473,8.525390625,6.15234375,-7.20703125,18.80859375,27.59765625,19.248046875,43.9453125,30.76171875,-35.15625,-13.18359375,-13.18359375,61.5234375,-26.4,-17.5,24.0,6.4,6.4,-10.3
4.3112809160084,4.314352000015788,14.091211611932128,9.394141074621418,-11.74267634327677,17.656446796286925,26.484670194430386,21.13681741789819,8.701171875,6.328125,-7.3828125,18.80859375,27.509765625,19.51171875,43.9453125,30.76171875,-35.15625,-13.18359375,-13.18359375,61.5234375,-26.4,-16.7,24.0,7.2,6.4,-11.1
4.314369541010819,4.318268041010015,14.219538315827512,9.479692210551674,-11.849615263189591,17.610662554066668,26.4159938311,21.329307473741267,8.7890625,6.416015625,-7.470703125,18.720703125,27.421875,19.6875,48.33984375,30.76171875,-35.15625,-13.18359375,-26.3671875,61.5234375,-27.2,-16.8,24.0,6.4,6.4,-10.3
4.318293125019409,4.322383207996609,14.382072993446034,9.588048662297355,-11.985060827871692,17.55190368163573,26.327855522453596,21.573109490169053,9.052734375,6.50390625,-7.646484375,18.720703125,27.333984375,19.951171875,48.33984375,30.76171875,-35.15625,-13.18359375,-26.3671875,61.5234375,-26.4,-17.6,24.0,8.0,5.5,-10.4
4.322432457993273,4.326298250001855,14.55295278293995,9.701968521959968,-12.127460652449937,17.48919114192814,26.233786712892208,21.829429174409928,9.140625,6.591796875,-7.734375,18.6328125,27.24609375,20.21484375,48.33984375,30.76171875,-35.15625,-13.18359375,-26.3671875,61.5234375,-27.2,-17.6,24.0,7.2,5.5,-9.6
4.326342083018972,4.330153832997894,14.71378491851806,9.809189945678707,-12.26148743209838,17.429279750167414,26.14391962525112,22.07067737777709,9.31640625,6.767578125,-7.91015625,18.544921875,27.24609375,20.390625,48.33984375,30.76171875,-39.55078125,-13.18359375,-26.3671875,61.5234375,-27.2,-16.8,24.0,6.4,5.5,-10.4
4.330185208003968,4.333265875000507,14.87134059785945,9.914227065239633,-12.39278383154954,17.36974673675094,26.05462010512641,22.307010896789176,9.580078125,6.85546875,-8.0859375,18.45703125,27.0703125,20.654296875,48.33984375,30.76171875,-39.55078125,-13.18359375,-26.3671875,61.5234375,-26.4,-17.6,24.0,7.2,5.6,-10.4
4.333290833019419,4.336259458010318,14.998265508122163,9.998843672081442,-12.498554590101781,17.321175630461017,25.981763445691524,22.497398262183246,9.66796875,6.943359375,-8.173828125,18.45703125,27.0703125,20.91796875,39.55078125,30.76171875,-39.55078125,-13.18359375,-26.3671875,65.91796875,-26.4,-17.5,24.0,7.2,7.2,-9.6
4.336282750009559,4.339226540992968,15.120205716265096,10.080137144176732,-12.60017143022093,17.27399302867142,25.910989543007133,22.680308574397642,9.755859375,7.03125,-8.26171875,18.45703125,26.982421875,21.005859375,39.55078125,30.76171875,-39.55078125,-13.18359375,-17.578125,65.91796875,-27.2,-17.5,24.0,7.2,6.4,-11.2
4.339247333002277,4.34221366600832,15.240702494758018,10.160468329838679,-12.700585412298327,17.226865162250064,25.840297743375096,22.861053742137027,9.931640625,7.119140625,-8.349609375,18.369140625,26.89453125,21.181640625,39.55078125,30.76171875,-39.55078125,-13.18359375,-17.578125,65.91796875,-26.4,-17.5,24.0,7.2,5.7,-11.3
4.342232499999227,4.345174332993338,15.361701963158005,10.241134642105337,-12.801418302631651,17.179032604959737,25.768548907439605,23.042552944737007,10.107421875,7.20703125,-8.525390625,18.28125,26.806640625,21.4453125,39.55078125,26.3671875,-39.55078125,-13.18359375,-17.578125,65.91796875,-26.4,-17.5,23.2,6.4,6.5,-10.5
4.345189040992409,4.348160708002979,15.481208203086908,10.320805468724606,-12.901006835905754,17.131286422120912,25.69692963318137,23.22181230463036,10.1953125,7.294921875,-8.61328125,18.28125,26.806640625,21.62109375,39.55078125,26.3671875,-35.15625,-13.18359375,-17.578125,65.91796875,-26.4,-17.5,24.0,7.2,7.3,-11.3
4.348180583008798,4.351338915992528,15.601789358848952,10.4011929058993,-13.001491132374143,17.082598927981373,25.623898391972062,23.402684038273428,10.283203125,7.3828125,-8.701171875,18.28125,26.71875,21.796875,39.55078125,26.3671875,-35.15625,-13.18359375,-17.578125,65.91796875,-27.1,-16.7,24.0,8.0,6.4,-10.4
4.351356791012222,4.355273458000738,15.729436785401347,10.486291190267565,-13.107863987834435,17.030493154131403,25.545739731197106,23.59415517810202,10.546875,7.470703125,-8.876953125,18.193359375,26.630859375,21.97265625,48.33984375,26.3671875,-35.15625,-13.18359375,-17.578125,65.91796875,-26.3,-16.7,23.2,7.2,6.4,-11.2
4.355291375017259,4.358233125007246,15.887019025772736,10.591346017181824,-13.239182521477257,16.96535851505433,25.448037772581493,23.830528538659106,10.634765625,7.55859375,-8.96484375,18.10546875,26.54296875,22.236328125,48.33984375,26.3671875,-35.15625,-13.18359375,-26.3671875,61.5234375,-26.3,-17.7,24.0,7.2,5.6,-9.6
4.358250290999422,4.361202750005759,16.005125773380794,10.670083848920529,-13.337604811150639,16.915948411395828,25.37392261709374,24.00768866007119,10.810546875,7.646484375,-9.052734375,18.017578125,26.455078125,22.412109375,48.33984375,26.3671875,-35.15625,-13.18359375,-26.3671875,61.5234375,-26.3,-17.7,24.0,6.4,6.4,-9.5
4.361220165999839,4.364260791015113,16.12332227889658,10.748881519264387,-13.43610189908048,16.865987847879428,25.298981771819143,24.184983418344867,10.8984375,7.822265625,-9.228515625,18.017578125,26.455078125,22.587890625,48.33984375,30.76171875,-35.15625,-17.578125,-26.3671875,61.5234375,-26.3,-16.9,23.1,7.2,6.4,-10.3
4.364280625013635,4.367311708017951,16.244756757031038,10.829837838020692,-13.537297297525864,16.814119435824622,25.221179153736934,24.367135135546558,10.986328125,7.91015625,-9.31640625,17.9296875,26.3671875,22.763671875,48.33984375,30.76171875,-35.15625,-17.578125,-26.3671875,61.5234375,-26.3,-16.1,23.1,7.2,6.4,-10.3
4.367329875007272,4.371200082998257,16.36537311446104,10.910248742974026,-13.637810928717547,16.762054538941044,25.143081808411562,24.54805967169156,11.162109375,7.998046875,-9.4921875,17.9296875,26.279296875,22.939453125,48.33984375,30.76171875,-39.55078125,-17.578125,-26.3671875,61.5234375,-26.4,-16.1,23.1,7.2,7.3,-10.4
4.371217500010971,4.374190833012108,16.518607447288122,11.01240496485875,-13.765506206073452,16.695117157119764,25.042675735679648,24.777911170932185,11.337890625,8.0859375,-9.580078125,17.841796875,26.19140625,23.203125,48.33984375,30.76171875,-39.55078125,-17.578125,-26.3671875,61.5234375,-26.4,-16.9,23.1,7.2,6.5,-10.4
4.374208041001111,4.377202625008067,16.636063499248607,11.090708999499071,-13.863386249373855,16.643202032314296,24.964803048471442,24.954095248872907,11.42578125,8.173828125,-9.66796875,17.841796875,26.103515625,23.37890625,39.55078125,30.76171875,-39.55078125,-17.578125,-21.97265625,57.12890625,-26.4,-16.7,23.1,7.2,7.3,-10.4
4.377240666013677,4.380292415997246,16.754797535426672,11.169865023617781,-13.962331279522228,16.590181293589293,24.885271940383937,25.13219630314001,11.513671875,8.26171875,-9.755859375,17.75390625,26.015625,23.5546875,39.55078125,30.76171875,-39.55078125,-17.578125,-21.97265625,57.12890625,-27.2,-16.7,23.9,7.2,6.5,-10.4
4.380317166011082,4.384245124994777,16.874860868153586,11.249907245435724,-14.062384056794652,16.536008798047153,24.80401319707073,25.312291302230378,11.77734375,8.349609375,-9.931640625,17.75390625,25.927734375,23.642578125,39.55078125,30.76171875,-39.55078125,-13.18359375,-21.97265625,57.12890625,-26.4,-16.7,23.2,8.0,7.1,-12.0
4.38428341600229,4.387240083015058,17.029065612053955,11.352710408035971,-14.190888010044981,16.46559948472184,24.698399227082756,25.543598418080933,11.953125,8.4375,-10.01953125,17.666015625,25.83984375,23.90625,39.55078125,30.76171875,-39.55078125,-13.18359375,-21.97265625,57.12890625,-25.6,-16.7,23.2,7.2,7.1,-11.2
4.387269166007172,4.3902055410144385,17.144713520150468,11.429809013433644,-14.287261266792072,16.412174320193877,24.618261480290816,25.717070280225702,12.041015625,8.525390625,-10.1953125,17.578125,25.751953125,24.08203125,39.55078125,30.76171875,-35.15625,-13.18359375,-21.97265625,57.12890625,-26.4,-16.7,22.4,8.2,6.4,-10.4
4.390233040991006,4.393157540995162,17.259141160252362,11.506094106834908,-14.382617633543632,16.358783524598003,24.538175286897,25.888711740378543,12.216796875,8.61328125,-10.283203125,17.578125,25.6640625,24.2578125,39.55078125,30.76171875,-35.15625,-13.18359375,-21.97265625,57.12890625,-25.6,-16.7,23.2,8.2,7.2,-11.2
4.393191957991803,4.396178916009376,17.373004233260765,11.582002822173843,-14.4775035277173,16.305128353593453,24.457692530390183,26.059506349891144,12.3046875,8.701171875,-10.37109375,17.490234375,25.576171875,24.43359375,43.9453125,30.76171875,-35.15625,-13.18359375,-26.3671875,57.12890625,-26.4,-16.7,23.2,7.4,7.2,-11.2
4.396216332999757,4.399187541013816,17.488998352620058,11.659332235080038,-14.574165293850063,16.24992221002993,24.37488331504489,26.233497528930084,12.48046875,8.7890625,-10.458984375,17.490234375,25.48828125,24.609375,43.9453125,30.76171875,-35.15625,-13.18359375,-26.3671875,57.12890625,-25.6,-16.7,23.2,8.0,6.4,-11.2
4.399213124997914,4.402157666016137,17.603545262242886,11.735696841495258,-14.669621051869052,16.194857814890437,24.292286722335657,26.40531789336433,12.568359375,8.876953125,-10.634765625,17.40234375,25.400390625,24.873046875,43.9453125,30.76171875,-35.15625,-13.18359375,-26.3671875,57.12890625,-26.4,-15.9,22.3,7.2,7.3,-10.5
4.4021821659989655,4.405101500015007,17.716646771165188,11.81109784744346,-14.763872309304304,16.139949431089185,24.20992414663378,26.57497015674778,12.744140625,8.96484375,-10.72265625,17.314453125,25.3125,25.048828125,43.9453125,30.76171875,-35.15625,-17.578125,-26.3671875,57.12890625,-25.6,-15.9,22.3,7.2,7.3,-10.5
4.405125666002277,4.408202291000634,17.828394948402426,11.885596632268285,-14.856995790335354,16.08516685319157,24.127750279787357,26.74259242260364,12.744140625,9.052734375,-10.810546875,17.314453125,25.224609375,25.224609375,43.9453125,30.76171875,-35.15625,-17.578125,-26.3671875,57.12890625,-26.4,-15.9,22.3,8.0,6.5,-10.5
4.408237333002035,4.412209541012999,17.946113013686286,11.964075342457525,-14.955094178071903,16.026880582321684,24.04032087348253,26.919169520529433,12.919921875,9.140625,-10.8984375,17.2265625,25.13671875,25.400390625,43.9453125,30.76171875,-35.15625,-17.578125,-26.3671875,57.12890625,-26.3,-15.9,23.1,7.2,6.3,-10.2
4.412244666018523,4.415225250006188,18.09708317696835,12.064722117978901,-15.080902647473623,15.951253249069515,23.92687987360427,27.145624765452528,13.095703125,9.228515625,-11.07421875,17.138671875,25.048828125,25.6640625,43.9453125,30.76171875,-35.15625,-17.578125,-26.3671875,57.12890625,-26.3,-16.0,22.3,8.0,6.3,-8.6
4.415254708001157,4.418205124995438,18.21001065642765,12.1400071042851,-15.175008880356353,15.894031191233612,23.84104678685042,27.315015984641473,13.271484375,9.404296875,-11.162109375,17.138671875,24.9609375,25.83984375,43.9453125,30.76171875,-35.15625,-17.578125,-30.76171875,65.91796875,-25.5,-15.2,23.1,8.8,6.3,-7.8
4.4182302500121295,4.421178040996892,18.321243691562277,12.214162461041518,-15.267703076301874,15.837115753043037,23.755673629564555,27.481865537343417,13.359375,9.4921875,-11.337890625,17.05078125,24.873046875,26.015625,43.9453125,30.76171875,-35.15625,-17.578125,-30.76171875,65.91796875,-25.5,-15.2,22.4,8.0,7.2,-7.0
4.421227083017584,4.424191750003956,18.43286807904578,12.288578719363851,-15.360723399204796,15.77944336971357,23.669165054570357,27.649302118568666,13.53515625,9.4921875,-11.42578125,17.05078125,24.78515625,26.103515625,43.9453125,26.3671875,-35.15625,-17.578125,-30.76171875,65.91796875,-25.5,-16.0,22.4,8.0,7.2,-8.6
4.424223833018914,4.427245541010052,18.544080924851116,12.362720616567412,-15.45340077070926,15.721422930406113,23.58213439560917,27.816121387276674,13.623046875,9.580078125,-11.513671875,16.962890625,24.78515625,26.279296875,43.9453125,26.3671875,-35.15625,-17.578125,-30.76171875,65.91796875,-25.5,-16.0,22.4,8.0,7.2,-8.6
4.427279333001934,4.430252582998946,18.657050962489375,12.438033974992917,-15.547542468741128,15.661906360239854,23.49285954035978,27.985576443734065,13.798828125,9.66796875,-11.6015625,16.875,24.697265625,26.455078125,43.9453125,26.3671875,-35.15625,-17.578125,-30.76171875,65.91796875,-25.6,-16.0,22.4,7.2,8.2,-9.8
4.430279499996686,4.433286415995099,18.767557030014814,12.511704686676541,-15.639630858345674,15.603116542325647,23.404674813488473,28.151335545022217,13.88671875,9.755859375,-11.689453125,16.875,24.521484375,26.54296875,43.9453125,26.3671875,-35.15625,-17.578125,-30.76171875,65.91796875,-25.6,-16.0,22.4,8.0,7.4,-10.6
4.433320790994912,4.437243041000329,18.879152400549398,12.586101600366264,-15.732627000457844,15.543167196722106,23.314750795083157,28.318728600824095,14.0625,9.84375,-11.865234375,16.787109375,24.43359375,26.71875,43.9453125,26.3671875,-35.15625,-17.578125,-26.3671875,48.33984375,-24.8,-16.0,21.6,8.0,6.6,-11.4
4.437277416000143,4.441706915997202,19.02368923670688,12.68245949113792,-15.853074363922396,15.46464423307713,23.196966349615696,28.535533855060315,14.23828125,9.931640625,-11.953125,16.69921875,24.345703125,26.982421875,43.9453125,26.3671875,-35.15625,-17.578125,-26.3671875,48.33984375,-24.8,-16.0,22.4,7.2,7.1,-9.6
4.441769291006494,4.445295625017025,19.186887973909073,12.791258649272716,-15.989073311590877,15.374774865584392,23.062162298376588,28.780331960863613,14.4140625,10.01953125,-12.12890625,16.611328125,24.169921875,27.24609375,43.9453125,26.3671875,-35.15625,-17.578125,-26.3671875,48.33984375,-24.8,-16.0,22.3,8.0,6.3,-10.4
4.4453597080137115,4.449271290999604,19.316648443996122,12.87776562933075,-16.097207036663434,15.302390414442694,22.953585621664043,28.974972665994184,14.58984375,10.107421875,-12.216796875,16.5234375,24.08203125,27.509765625,43.9453125,26.3671875,-35.15625,-17.578125,-26.3671875,48.33984375,-24.7,-16.0,22.3,7.2,5.5,-8.8
4.449323083012132,4.453153208014555,19.459174279793736,12.972782853195824,-16.215978566494776,15.221921857762524,22.832882786643786,29.188761419690604,14.765625,10.283203125,-12.392578125,16.435546875,23.994140625,27.7734375,43.9453125,26.3671875,-35.15625,-17.578125,-26.3671875,48.33984375,-24.7,-15.2,21.5,8.0,6.3,-8.0
4.453186124999775,4.456193124991842,19.5973662988082,13.064910865872134,-16.33113858234015,15.142922573493397,22.714383860240098,29.396049448212302,14.94140625,10.37109375,-12.568359375,16.435546875,23.90625,27.861328125,43.9453125,26.3671875,-35.15625,-17.578125,-26.3671875,57.12890625,-23.9,-15.9,21.5,8.0,7.1,-8.0
4.456227457994828,4.460257833008654,19.705656013567776,13.137104009045185,-16.42138001130646,15.08033481907907,22.620502228618605,29.558484020351663,15.029296875,10.458984375,-12.65625,16.34765625,23.818359375,28.037109375,43.9453125,26.3671875,-35.15625,-17.578125,-26.3671875,57.12890625,-24.7,-15.1,21.5,8.8,7.1,-8.8
4.460293750016717,4.46413408301305,19.849737367405492,13.233158244936995,-16.54144780617126,14.996116926206478,22.494175389309717,29.77460605110824,15.205078125,10.546875,-12.744140625,16.259765625,23.73046875,28.212890625,43.9453125,26.3671875,-35.15625,-21.97265625,-26.3671875,57.12890625,-23.9,-15.9,21.6,8.0,8.2,-9.5
4.464162290998502,4.4671810409927275,19.98606016983849,13.32404011322566,-16.65505014153209,14.915426747537396,22.373140121306093,29.979090254757732,15.380859375,10.634765625,-12.919921875,16.171875,23.5546875,28.4765625,43.9453125,26.3671875,-35.15625,-21.97265625,-26.3671875,57.12890625,-23.9,-15.9,21.6,7.2,7.4,-9.5
4.467209207999986,4.470157875010045,20.092910628402787,13.395273752268524,-16.744092190335653,14.851486158017519,22.27722923702628,30.13936594260418,15.556640625,10.72265625,-13.0078125,16.171875,23.5546875,28.564453125,43.9453125,26.3671875,-35.15625,-21.97265625,-26.3671875,57.12890625,-23.1,-15.9,21.6,8.0,8.0,-10.6
4.4701844160154,4.473174208018463,20.19680224812939,13.464534832086262,-16.830668540107823,14.788722113676211,22.183083170514315,30.295203372194088,15.64453125,10.810546875,-13.095703125,16.083984375,23.466796875,28.740234375,43.9453125,26.3671875,-35.15625,-21.97265625,-26.3671875,57.12890625,-23.9,-15.9,21.6,8.8,7.2,-10.6
4.4732024160039145,4.4761353750072885,20.301737432495884,13.534491621663921,-16.9181145270799,14.72472534694991,22.087088020424865,30.452606148743826,15.8203125,10.8984375,-13.18359375,15.99609375,23.291015625,28.916015625,43.9453125,26.3671875,-35.15625,-21.97265625,-30.76171875,52.734375,-23.1,-15.3,21.6,8.0,7.2,-10.6
4.47616287501296,4.4791790829913225,20.404228651818023,13.602819101212017,-17.003523876515032,14.661627211865056,21.992440817797583,30.606342977727035,15.908203125,10.986328125,-13.271484375,15.908203125,23.203125,29.091796875,43.9453125,26.3671875,-35.15625,-21.97265625,-30.76171875,52.734375,-23.1,-15.3,21.6,8.2,8.0,-9.8
4.479207916010637,4.482164582994301,20.50918774898071,13.672791832653807,-17.090989790817257,14.596395565375563,21.894593348063342,30.76378162347107,15.99609375,10.986328125,-13.359375,15.908203125,23.115234375,29.267578125,43.9453125,26.3671875,-35.15625,-21.97265625,-30.76171875,52.734375,-23.9,-16.1,21.6,8.2,7.9,-9.6
4.482189916016068,4.485182000003988,20.611519164600885,13.74101277640059,-17.17626597050072,14.532190746022962,21.798286119034444,30.917278746901328,16.171875,11.07421875,-13.53515625,15.8203125,23.02734375,29.35546875,43.9453125,26.3671875,-35.15625,-17.578125,-30.76171875,52.734375,-23.1,-16.1,20.8,8.2,7.9,-10.4
4.485213833017042,4.4881940000050236,20.714827193510324,13.80988479567355,-17.26235599459195,14.466757823722109,21.700136735583165,31.07224079026549,16.259765625,11.162109375,-13.623046875,15.732421875,22.939453125,29.619140625,43.9453125,26.3671875,-30.76171875,-17.578125,-30.76171875,52.734375,-23.1,-16.1,20.8,8.0,7.1,-9.6
4.488238124991767,4.491204082994955,20.817680576768932,13.878453717845955,-17.34806714730743,14.400990327113181,21.601485490669774,31.2265208651534,16.435546875,11.25,-13.7109375,15.64453125,22.8515625,29.70703125,43.9453125,26.3671875,-30.76171875,-17.578125,-30.76171875,52.734375,-23.1,-16.1,20.8,8.0,8.0,-10.3
4.491237957990961,4.494220291002421,20.919238016778124,13.946158677852083,-17.432698347315117,14.33543365692756,21.503150485391338,31.378857025167186,16.5234375,11.337890625,-13.798828125,15.64453125,22.67578125,29.970703125,39.55078125,26.3671875,-30.76171875,-17.578125,-30.76171875,52.734375,-23.1,-15.3,20.8,8.0,7.2,-8.7
4.494254249992082,4.497187416011002,21.020884339166802,14.013922892777869,-17.51740361597233,14.269196373842377,21.403794560763565,31.531326508750205,16.611328125,11.42578125,-13.88671875,15.46875,22.587890625,30.05859375,39.55078125,26.3671875,-30.76171875,-17.578125,-30.76171875,57.12890625,-23.1,-15.2,20.8,7.2,6.4,-8.7
4.497221583005739,4.500203375006095,21.120420341203808,14.080280227469204,-17.600350284336503,14.203721650185201,21.305582475277802,31.68063051180571,16.69921875,11.513671875,-14.0625,15.46875,22.5,30.322265625,39.55078125,26.3671875,-30.76171875,-17.578125,-30.76171875,57.12890625,-23.9,-15.2,20.0,8.0,7.2,-7.0
4.500234000006458,4.503168208000716,21.22099926218736,14.14733284145824,-17.684166051822796,14.136936495330136,21.205404742995206,31.83149889328104,16.875,11.513671875,-14.0625,15.380859375,22.412109375,30.498046875,39.55078125,21.97265625,-30.76171875,-26.3671875,-30.76171875,57.12890625,-23.1,-16.0,20.7,8.0,8.0,-7.8
4.503197250014637,4.506179957999848,21.3194730168594,14.212982011239601,-17.766227514049483,14.070932532997917,21.106398799496876,31.979209525289104,16.962890625,11.6015625,-14.150390625,15.29296875,22.32421875,30.5859375,39.55078125,21.97265625,-30.76171875,-26.3671875,-30.76171875,57.12890625,-23.1,-16.0,20.7,7.2,8.0,-7.8
4.50621329099522,4.509190415992634,21.4192267698728,14.279484513248534,-17.84935564156068,14.003439650167945,21.005159475251915,32.1288401548092,17.05078125,11.689453125,-14.326171875,15.29296875,22.236328125,30.76171875,39.55078125,21.97265625,-35.15625,-26.3671875,-30.76171875,57.12890625,-23.2,-16.0,19.9,8.0,8.0,-8.9
4.5092224160034675,4.512224333011545,21.518272687555843,14.34551512503723,-17.931893906296548,13.935788309145934,20.9036824637189,32.27740903133377,17.2265625,11.77734375,-14.4140625,15.205078125,22.060546875,30.849609375,39.55078125,21.97265625,-35.15625,-26.3671875,-30.76171875,57.12890625,-23.2,-15.2,20.7,8.0,6.4,-10.5
4.512257833004696,4.51524325000355,21.617696927088225,14.41179795139215,-18.014747439240185,13.867230430343653,20.80084564551548,32.42654539063234,17.314453125,11.865234375,-14.501953125,15.1171875,21.97265625,31.025390625,39.55078125,21.97265625,-35.15625,-26.3671875,-30.76171875,48.33984375,-23.2,-15.1,20.7,8.0,7.2,-9.7
4.5152712909912225,4.520227083005011,21.715915774208653,14.477277182805768,-18.096596478507205,13.798856669021948,20.698285003532924,32.57387366131298,17.490234375,11.953125,-14.58984375,15.029296875,21.884765625,31.201171875,39.55078125,21.97265625,-35.15625,-26.3671875,-35.15625,48.33984375,-23.2,-15.1,20.7,7.2,6.4,-9.7
4.520276541006751,4.524158415995771,21.877977563334944,14.58531837555663,-18.2316479694458,13.684607699296699,20.526911548945048,32.81696634500242,17.666015625,12.041015625,-14.765625,14.94140625,21.708984375,31.46484375,39.55078125,26.3671875,-35.15625,-17.578125,-35.15625,48.33984375,-22.4,-15.1,20.0,8.0,6.4,-8.1
4.524195833015256,4.527380500017898,22.00393423669247,14.669289491128312,-18.336611863910374,13.594555742115006,20.39183361317251,33.0059013550387,17.75390625,12.12890625,-14.853515625,14.853515625,21.62109375,31.640625,39.55078125,26.3671875,-30.76171875,-17.578125,-35.15625,48.33984375,-23.2,-15.1,20.8,7.2,5.6,-8.1
4.527417041012086,4.531237415998476,22.10683198012922,14.737887986752812,-18.422359983441012,13.520157458030111,20.280236187045166,33.16024797019382,17.9296875,12.216796875,-14.94140625,14.853515625,21.533203125,31.81640625,39.55078125,26.3671875,-30.76171875,-17.578125,-35.15625,48.33984375,-22.3,-15.1,20.8,8.8,6.3,-7.0
4.531265875004465,4.534210375015391,22.22903614159308,14.819357427728722,-18.5241967846609,13.430809559710896,20.146214339566345,33.34355421238962,18.017578125,12.3046875,-15.1171875,14.765625,21.4453125,31.9921875,35.15625,26.3671875,-30.76171875,-17.578125,-35.15625,48.33984375,-23.1,-15.1,20.0,8.8,7.1,-7.8
4.534240166016389,4.537173666001763,22.32291641809342,14.881944278728946,-18.602430348411183,13.361427112580706,20.04214066887106,33.48437462714013,18.193359375,12.392578125,-15.205078125,14.677734375,21.357421875,32.080078125,35.15625,26.3671875,-30.76171875,-17.578125,-26.3671875,48.33984375,-22.3,-15.2,20.0,8.0,7.9,-9.4
4.537206208013231,4.5401632910070475,22.41605109485441,14.944034063236273,-18.680042579045338,13.291946656409436,19.937919984614155,33.624076642281615,18.28125,12.48046875,-15.29296875,14.58984375,21.26953125,32.255859375,35.15625,26.3671875,-30.76171875,-17.578125,-26.3671875,48.33984375,-22.3,-15.2,20.0,8.0,9.1,-8.9
4.540211250016,4.543243457999779,22.50991415820464,15.006609438803093,-18.758261798503867,13.221258380019123,19.831887570028684,33.76487123730696,18.369140625,12.568359375,-15.380859375,14.501953125,21.181640625,32.431640625,35.15625,26.3671875,-30.76171875,-21.97265625,-26.3671875,48.33984375,-22.3,-14.4,19.9,8.0,8.3,-8.9
4.543277999997372,4.546249791019363,22.605187563224884,15.070125042149922,-18.837656302687414,13.14881482164709,19.723222232470636,33.907781344837325,18.45703125,12.65625,-15.46875,14.501953125,21.09375,32.607421875,35.15625,26.3671875,-30.76171875,-21.97265625,-26.3671875,48.33984375,-22.3,-14.4,19.9,9.6,9.1,-8.9
4.546276958019007,4.550149832997704,22.697847615487454,15.131898410324968,-18.914873012906195,13.077677565210283,19.616516347815427,34.04677142323118,18.6328125,12.744140625,-15.556640625,14.4140625,20.91796875,32.6953125,35.15625,26.3671875,-30.76171875,-21.97265625,-26.3671875,48.33984375,-22.4,-14.4,19.9,9.0,8.8,-8.8
4.550188749999506,4.553211249993183,22.817954568070782,15.211969712047189,-19.01496214005897,12.984451373845516,19.476677060768274,34.226931852106176,18.720703125,12.83203125,-15.64453125,14.326171875,20.830078125,32.87109375,35.15625,26.3671875,-30.76171875,-21.97265625,-26.3671875,48.33984375,-22.4,-14.4,19.9,8.2,8.8,-8.0
4.553245540999342,4.556186666013673,22.911210307662408,15.274140205108273,-19.092675256385352,12.911260240375276,19.366890360562913,34.366815461493616,18.896484375,12.83203125,-15.732421875,14.23828125,20.7421875,33.046875,39.55078125,26.3671875,-30.76171875,-21.97265625,-35.15625,48.33984375,-21.6,-15.1,19.9,9.0,8.8,-7.2
4.556222832994536,4.5591655829921365,23.001532934860016,15.334355289906679,-19.167944112383346,12.839686438652274,19.259529657978412,34.50229940229003,18.984375,12.919921875,-15.8203125,14.150390625,20.56640625,33.22265625,39.55078125,26.3671875,-30.76171875,-21.97265625,-35.15625,48.33984375,-22.4,-14.3,19.9,8.8,7.0,-6.1
4.559198250004556,4.562164333008695,23.09129607405463,15.394197382703085,-19.24274672837884,12.767877150974519,19.151815726461777,34.636944111081945,19.072265625,13.0078125,-15.908203125,14.0625,20.478515625,33.310546875,39.55078125,26.3671875,-30.76171875,-26.3671875,-35.15625,48.33984375,-22.4,-14.3,20.0,8.0,7.8,-7.7
4.562203790992498,4.565300957998261,23.181455899231686,15.454303932821123,-19.317879916026403,12.69505769785981,19.042586546789714,34.772183848847526,19.16015625,13.095703125,-15.99609375,13.974609375,20.302734375,33.486328125,39.55078125,21.97265625,-30.76171875,-26.3671875,-35.15625,48.33984375,-22.4,-14.3,20.0,8.0,7.8,-7.7
4.565326375013683,4.569187749992125,23.274579481386752,15.516386320924502,-19.395482901155624,12.619102802490637,18.928654203735956,34.91186922208013,19.3359375,13.18359375,-16.171875,13.974609375,20.21484375,33.57421875,39.55078125,21.97265625,-30.76171875,-26.3671875,-35.15625,48.33984375,-21.5,-14.3,19.2,8.8,7.8,-8.5
4.569210332992952,4.572332625015406,23.389627571571594,15.593085047714396,-19.491356309642992,12.524204513450973,18.78630677017646,35.08444135735739,19.51171875,13.271484375,-16.259765625,13.88671875,20.0390625,33.75,39.55078125,21.97265625,-30.76171875,-26.3671875,-35.15625,48.33984375,-21.5,-14.3,19.2,8.8,8.0,-8.4
4.572349708003458,4.576212207990466,23.48198406984639,15.65465604656426,-19.56832005820531,12.447158071775611,18.670737107663417,35.222976104769586,19.51171875,13.359375,-16.34765625,13.798828125,19.951171875,33.837890625,35.15625,21.97265625,-30.76171875,-26.3671875,-39.55078125,43.9453125,-22.3,-14.4,19.2,8.0,8.0,-8.4
4.576227000012295,4.579212208016543,23.59526078502269,15.730173856681793,-19.662717320852238,12.351584126684507,18.52737619002676,35.39289117753403,19.6875,13.447265625,-16.5234375,13.7109375,19.775390625,34.1015625,35.15625,21.97265625,-30.76171875,-26.3671875,-39.55078125,43.9453125,-22.3,-14.4,19.2,8.8,7.2,-6.9
4.579229333001422,4.582277416018769,23.682374168367737,15.78824944557849,-19.73531180697311,12.277262701603746,18.41589405240562,35.5235612525516,19.775390625,13.53515625,-16.5234375,13.623046875,19.6875,34.189453125,35.15625,26.3671875,-30.76171875,-21.97265625,-39.55078125,43.9453125,-22.3,-13.6,19.9,8.8,7.2,-8.5
4.58230325000477,4.58615191600984,23.77101885243252,15.84734590162168,-19.809182377027096,12.200886356095388,18.301329534143083,35.65652827864878,19.951171875,13.623046875,-16.611328125,13.53515625,19.599609375,34.27734375,35.15625,26.3671875,-30.76171875,-21.97265625,-39.55078125,43.9453125,-21.5,-13.6,19.9,8.0,8.0,-9.3
4.586168708017794,4.589341332990443,23.881702861363962,15.921135240909308,-19.90141905113663,12.104439377380341,18.15665906607051,35.82255429204594,20.126953125,13.7109375,-16.787109375,13.447265625,19.423828125,34.453125,35.15625,26.3671875,-30.76171875,-21.97265625,-39.55078125,43.9453125,-20.9,-13.6,19.1,8.8,8.1,-9.0
4.589359916019021,4.592323374992702,23.972417007942717,15.981611338628479,-19.977014173285585,12.024479157993554,18.03671873699033,35.95862551191408,20.126953125,13.798828125,-16.875,13.359375,19.3359375,34.62890625,35.15625,26.3671875,-30.76171875,-21.97265625,-39.55078125,43.9453125,-21.7,-13.6,19.1,8.8,8.1,-8.2
4.592339875001926,4.596159291017102,24.05658230371456,16.037721535809705,-20.04715191976213,11.949539235461158,17.924308853191736,36.08487345557184,20.21484375,13.798828125,-16.962890625,13.271484375,19.248046875,34.716796875,35.15625,26.3671875,-30.76171875,-21.97265625,-35.15625,43.9453125,-22.5,-13.5,19.1,8.0,8.1,-8.2
4.596174791018711,4.599318082997343,24.164118923110227,16.109412615406818,-20.13676576925852,11.852713832138683,17.779070748208024,36.24617838466534,20.390625,13.88671875,-17.05078125,13.18359375,19.072265625,34.892578125,35.15625,26.3671875,-30.76171875,-21.97265625,-35.15625,43.9453125,-21.7,-13.5,19.1,8.0,8.0,-8.8
4.599334041005932,4.603230208012974,24.252050338380975,16.168033558920648,-20.210041948650797,11.772624636741604,17.658936955112406,36.37807550757146,20.56640625,13.974609375,-17.138671875,13.095703125,18.984375,35.068359375,35.15625,21.97265625,-30.76171875,-26.3671875,-35.15625,43.9453125,-20.9,-13.5,19.1,8.8,7.2,-8.0
4.603245416015852,4.607236166018993,24.360087959716385,16.240058639810925,-20.30007329976364,11.673067093763416,17.509600640645125,36.54013193957458,20.654296875,14.0625,-17.2265625,13.0078125,18.80859375,35.244140625,35.15625,21.97265625,-26.3671875,-26.3671875,-35.15625,43.9453125,-21.7,-13.5,19.1,8.8,7.2,-8.0
4.607254041009583,4.610311583004659,24.46985759543515,16.31323839695677,-20.39154799619596,11.570577038508294,17.355865557762442,36.70478639315273,20.830078125,14.150390625,-17.314453125,12.919921875,18.720703125,35.419921875,35.15625,21.97265625,-26.3671875,-26.3671875,-35.15625,43.9453125,-20.7,-13.5,19.1,8.0,8.8,-7.9
4.610328915994614,4.614190041000256,24.55340071345998,16.368933808973317,-20.461167261216648,11.491649401084697,17.237474101627043,36.83010107018997,20.91796875,14.23828125,-17.40234375,12.83203125,18.544921875,35.595703125,35.15625,21.97265625,-26.3671875,-26.3671875,-35.15625,43.9453125,-20.7,-12.7,19.1,8.8,8.0,-7.9
4.6142096249968745,4.617357000010088,24.658020130458635,16.438680086972425,-20.54835010871553,11.391654708521335,17.087482062782,36.98703019568795,21.09375,14.326171875,-17.578125,12.744140625,18.45703125,35.771484375,35.15625,21.97265625,-26.3671875,-26.3671875,-35.15625,48.33984375,-19.9,-12.8,18.3,8.8,8.8,-7.1
4.617390500003239,4.62121329101501,24.743089701045,16.49539313403,-20.619241417537488,11.309376877343666,16.9640653160155,37.114634551567505,21.181640625,14.4140625,-17.666015625,12.65625,18.369140625,35.859375,35.15625,21.97265625,-26.3671875,-26.3671875,-35.15625,48.33984375,-20.7,-12.8,18.4,8.0,8.0,-8.0
4.621231083001476,4.624336083012167,24.844979193722597,16.563319462481733,-20.70414932810216,11.20965870951359,16.814488064270385,37.2674687905839,21.357421875,14.501953125,-17.75390625,12.568359375,18.193359375,36.03515625,35.15625,21.97265625,-26.3671875,-21.97265625,-35.15625,48.33984375,-19.9,-12.8,18.4,8.8,8.0,-7.2
4.624353791004978,4.628212415991584,24.92715736249802,16.61810490833201,-20.772631135415,11.128278809217138,16.692418213825707,37.390736043747026,21.4453125,14.58984375,-17.841796875,12.48046875,18.10546875,36.123046875,35.15625,21.97265625,-26.3671875,-21.97265625,-35.15625,48.33984375,-19.8,-12.8,18.4,8.8,8.8,-8.0
4.628229750000173,4.631326791015454,25.028323890685737,16.685549260457158,-20.856936575571446,11.02689647529429,16.540344712941433,37.542485836028604,21.533203125,14.58984375,-17.9296875,12.392578125,17.9296875,36.298828125,35.15625,21.97265625,-26.3671875,-21.97265625,-35.15625,48.33984375,-19.8,-12.8,18.4,8.8,8.9,-7.2
4.631346083013341,4.635175166011322,25.108990746350248,16.7393271642335,-20.924158955291876,10.945086847017455,16.417630270526182,37.66348611952537,21.62109375,14.677734375,-18.017578125,12.3046875,17.841796875,36.38671875,35.15625,21.97265625,-26.3671875,-21.97265625,-35.15625,48.33984375,-19.8,-12.7,18.4,8.0,8.9,-7.2
4.6351930829987396,4.638293833006173,25.207741036687064,16.80516069112471,-21.006450863905886,10.843734326581266,16.2656014898719,37.811611555030595,21.796875,14.765625,-18.10546875,12.216796875,17.578125,36.5625,35.15625,21.97265625,-26.3671875,-21.97265625,-39.55078125,39.55078125,-19.8,-12.7,18.4,8.8,8.1,-6.4
4.638311082992004,4.64221424999414,25.28710311338899,16.858068742259327,-21.072585927824143,10.7612972397039,16.14194585955585,37.930654670083484,21.884765625,14.853515625,-18.193359375,12.12890625,17.490234375,36.650390625,35.15625,21.97265625,-26.3671875,-26.3671875,-39.55078125,39.55078125,-19.8,-12.7,18.3,9.6,7.1,-7.1
4.642236457992112,4.646230582991848,25.386152454786302,16.9241016365242,-21.155127045655263,10.657147075864122,15.985720613796182,38.07922868217945,22.060546875,14.94140625,-18.28125,12.041015625,17.40234375,36.826171875,35.15625,21.97265625,-26.3671875,-26.3671875,-39.55078125,39.55078125,-19.0,-11.9,18.3,9.6,7.9,-7.9
4.646270291006658,4.650208000006387,25.486932965794995,16.991288643863328,-21.239110804829174,10.549697162521841,15.82454574378276,38.23039944869249,22.1484375,15.029296875,-18.45703125,11.953125,17.2265625,37.001953125,35.15625,21.97265625,-30.76171875,-26.3671875,-39.55078125,39.55078125,-20.0,-11.9,17.5,8.8,8.9,-7.2
4.650238708010875,4.6531511660141405,25.58508064029447,17.05672042686298,-21.320900533578723,10.443576412313702,15.665364618470553,38.37762096044171,22.32421875,15.1171875,-18.544921875,11.865234375,17.05078125,37.08984375,35.15625,21.97265625,-30.76171875,-26.3671875,-39.55078125,39.55078125,-19.2,-11.9,17.5,9.6,8.9,-7.2
4.653180082998006,4.656096874998184,25.65718599879782,17.104790665865217,-21.380988332331516,10.364658039555877,15.546987059333814,38.485778998196736,22.412109375,15.205078125,-18.6328125,11.77734375,16.962890625,37.265625,35.15625,21.97265625,-30.76171875,-26.3671875,-39.55078125,35.15625,-19.2,-11.9,17.5,8.8,8.9,-7.2
4.656122000014875,4.659147708007367,25.72875678557643,17.15250452371762,-21.440630654647023,10.285503807001707,15.428255710502558,38.59313517836465,22.5,15.205078125,-18.720703125,11.689453125,16.787109375,37.353515625,35.15625,21.97265625,-30.76171875,-26.3671875,-39.55078125,35.15625,-19.2,-11.9,17.5,8.8,8.8,-8.1
4.659180624992587,4.662140875007026,25.80258425041639,17.20172283361093,-21.502153542013648,10.202976602718843,15.304464904078264,38.70387637562459,22.587890625,15.29296875,-18.80859375,11.6015625,16.69921875,37.44140625,35.15625,21.97265625,-30.76171875,-26.3671875,-39.55078125,35.15625,-19.2,-11.9,16.8,8.8,8.8,-8.1
4.662169290997554,4.665118125005392,25.874147774012297,17.249431849341534,-21.561789811676917,10.122109507159166,15.183164260738751,38.81122166101845,22.67578125,15.380859375,-18.896484375,11.6015625,16.5234375,37.6171875,35.15625,21.97265625,-30.76171875,-26.3671875,-39.55078125,35.15625,-19.2,-11.9,16.8,10.4,8.8,-7.3
4.665147249994334,4.6680447079997975,25.94488773841737,17.29659182561158,-21.62073978201447,10.041310234137113,15.06196535120567,38.91733160762605,22.763671875,15.46875,-18.984375,11.513671875,16.435546875,37.705078125,35.15625,21.97265625,-26.3671875,-26.3671875,-39.55078125,35.15625,-19.0,-11.1,16.8,10.4,8.8,-7.3
4.668075666006189,4.671206041006371,26.013897218138982,17.34259814542599,-21.678247681782494,9.961640907313784,14.942461360970675,39.020845827208475,22.8515625,15.46875,-18.984375,11.42578125,16.34765625,37.79296875,35.15625,21.97265625,-26.3671875,-26.3671875,-39.55078125,35.15625,-19.0,-11.9,17.6,9.6,9.5,-7.1
4.671225250000134,4.675201166013721,26.087504215423174,17.391669476948785,-21.739586846185986,9.875719356308602,14.813579034462903,39.131256323134764,22.939453125,15.556640625,-19.072265625,11.337890625,16.171875,37.96875,30.76171875,21.97265625,-26.3671875,-26.3671875,-39.55078125,39.55078125,-19.0,-11.1,16.8,9.6,8.7,-7.1
4.675226541003212,4.67817116601509,26.18009482759944,17.45339655173296,-21.8167456896662,9.766214661165094,14.649321991747641,39.270142241399164,23.115234375,15.64453125,-19.16015625,11.162109375,15.99609375,38.14453125,30.76171875,21.97265625,-26.3671875,-26.3671875,-39.55078125,39.55078125,-18.2,-11.1,16.8,9.6,7.1,-7.2
4.67819433301338,4.681198333011707,26.248102265485386,17.498734843656926,-21.873418554571153,9.684744646679494,14.527116970019241,39.37215339822808,23.203125,15.732421875,-19.248046875,11.07421875,15.908203125,38.232421875,30.76171875,21.97265625,-26.3671875,-26.3671875,-39.55078125,39.55078125,-18.2,-11.1,16.7,9.6,8.0,-7.2
4.6812203750014305,4.684307207993697,26.316857165327793,17.544571443551863,-21.93071430443984,9.60145889238218,14.40218833857327,39.47528574799169,23.291015625,15.732421875,-19.3359375,10.986328125,15.732421875,38.3203125,30.76171875,21.97265625,-26.3671875,-26.3671875,-39.55078125,39.55078125,-18.2,-11.1,16.7,9.6,8.0,-8.0
4.684324125002604,4.687198791012634,26.386759963427057,17.591173308951372,-21.9889666361892,9.515809036253124,14.273713554379686,39.58013994514059,23.37890625,15.8203125,-19.423828125,10.8984375,15.64453125,38.408203125,30.76171875,21.97265625,-21.97265625,-26.3671875,-39.55078125,39.55078125,-18.4,-11.1,16.7,9.6,8.0,-7.2
4.687219915998867,4.690245000005234,26.451413570665196,17.6342757137768,-22.042844642220984,9.435693935821655,14.153540903732482,39.67712035599779,23.466796875,15.908203125,-19.51171875,10.8984375,15.556640625,38.49609375,30.76171875,21.97265625,-21.97265625,-26.3671875,-39.55078125,39.55078125,-17.6,-11.1,15.9,10.4,8.8,-7.2
4.690261375013506,4.69413237500703,26.518730162871123,17.67915344191408,-22.098941802392588,9.351338598150386,14.027007897225579,39.778095244306684,23.5546875,15.908203125,-19.599609375,10.810546875,15.46875,38.671875,30.76171875,21.97265625,-21.97265625,-26.3671875,-39.55078125,39.55078125,-17.6,-11.1,15.9,10.4,8.8,-6.4
4.6941522500128485,4.6981686250073835,26.603964219877337,17.73597614658489,-22.16997018323111,9.243113659788666,13.864670489682998,39.905946329816004,23.642578125,15.99609375,-19.599609375,10.634765625,15.29296875,38.84765625,30.76171875,21.97265625,-21.97265625,-26.3671875,-39.55078125,35.15625,-18.4,-11.2,16.7,9.6,8.8,-6.4
4.698183666012483,4.701300165994326,26.691228701910077,17.79415246794005,-22.24269058492506,9.130615419986924,13.695923129980388,40.036843052865116,23.818359375,16.083984375,-19.775390625,10.546875,15.1171875,38.935546875,30.76171875,21.97265625,-21.97265625,-26.3671875,-39.55078125,35.15625,-17.6,-11.2,16.0,8.8,7.2,-7.2
4.701315040991176,4.7052015000081155,26.75827239905426,17.838848266036173,-22.298560332545225,9.04298029088522,13.564470436327829,40.13740859858139,23.90625,16.171875,-19.86328125,10.458984375,14.94140625,39.0234375,30.76171875,17.578125,-21.97265625,-26.3671875,-39.55078125,35.15625,-17.6,-10.4,16.0,9.6,7.2,-7.2
4.705215875001159,4.708327333006309,26.840884707450044,17.89392313830003,-22.367403922875027,8.933505175495819,13.400257763243728,40.261327061175066,23.994140625,16.259765625,-19.951171875,10.37109375,14.853515625,39.19921875,30.76171875,17.578125,-26.3671875,-26.3671875,-39.55078125,35.15625,-17.5,-10.4,16.0,8.6,9.8,-6.3
4.708343458012678,4.712161625007866,26.90639326482514,17.937595509883426,-22.421994387354278,8.845488529403562,13.268232794105344,40.35958989723771,24.08203125,16.259765625,-20.0390625,10.283203125,14.765625,39.287109375,30.76171875,17.578125,-26.3671875,-26.3671875,-39.55078125,35.15625,-16.7,-10.4,15.2,8.6,10.6,-6.3
4.712176208005985,4.7152684580069035,26.985786150769673,17.990524100513113,-22.48815512564139,8.737336126580965,13.106004189871447,40.478679226154505,24.169921875,16.34765625,-20.126953125,10.1953125,14.501953125,39.462890625,26.3671875,17.578125,-26.3671875,-26.3671875,-39.55078125,35.15625,-17.5,-10.3,15.2,9.4,9.0,-6.3
4.715282749995822,4.719180165993748,27.049418561152656,18.032945707435104,-22.541182134293887,8.649443283396808,12.974164925095213,40.57412784172898,24.2578125,16.34765625,-20.126953125,10.107421875,14.4140625,39.55078125,26.3671875,17.578125,-26.3671875,-26.3671875,-39.55078125,35.15625,-16.7,-11.1,16.0,9.6,9.6,-6.4
4.719194333010819,4.722371458017733,27.128624635154633,18.085749756769754,-22.607187195962194,8.538480879846412,12.807721319769618,40.69293695273195,24.43359375,16.5234375,-20.21484375,10.01953125,14.23828125,39.638671875,26.3671875,21.97265625,-26.3671875,-26.3671875,-39.55078125,35.15625,-15.9,-9.5,15.8,10.4,8.8,-6.4
4.722389041009592,4.726185750012519,27.192554943212517,18.128369962141676,-22.660462452677102,8.447615196948764,12.671422795423146,40.78883241481877,24.521484375,16.5234375,-20.302734375,9.84375,14.150390625,39.7265625,26.3671875,21.97265625,-21.97265625,-26.3671875,-39.55078125,35.15625,-16.7,-10.3,15.0,8.8,8.0,-6.4
4.726205290993676,4.7301412080123555,27.268025408295205,18.178683605530136,-22.72335450691266,8.33879262063937,12.508188930959056,40.90203811244281,24.609375,16.611328125,-20.390625,9.755859375,13.88671875,39.814453125,26.3671875,21.97265625,-21.97265625,-26.3671875,-39.55078125,35.15625,-16.7,-9.5,15.0,8.8,7.0,-7.2
4.730159458005801,4.7332950409909245,27.345189676062564,18.230126450708376,-22.787658063385475,8.225721220123084,12.338581830184625,41.01778451409384,24.697265625,16.69921875,-20.478515625,9.66796875,13.7109375,39.990234375,30.76171875,21.97265625,-21.97265625,-26.3671875,-39.55078125,35.15625,-15.9,-9.5,15.0,9.6,7.8,-5.6
4.733312500000466,4.737177166010952,27.405964401846425,18.270642934564282,-22.838303668205352,8.135330771250564,12.202996156875844,41.108946602769635,24.78515625,16.69921875,-20.56640625,9.580078125,13.623046875,40.078125,30.76171875,21.97265625,-21.97265625,-26.3671875,-43.9453125,30.76171875,-15.9,-10.3,15.0,8.8,9.4,-5.6
4.737194290995831,4.741174124996178,27.479862277857077,18.319908185238052,-22.899885231547565,8.023774927329892,12.03566239099484,41.21979341678561,24.9609375,16.787109375,-20.7421875,9.4921875,13.53515625,40.166015625,30.76171875,21.97265625,-21.97265625,-26.3671875,-43.9453125,30.76171875,-15.1,-9.5,14.3,9.6,9.8,-6.4
4.7411934999981895,4.744313750008587,27.554926908964294,18.369951272642865,-22.962439090803567,7.908532748919144,11.862799123378716,41.33239036344644,25.048828125,16.875,-20.7421875,9.31640625,13.271484375,40.25390625,30.76171875,17.578125,-21.97265625,-26.3671875,-43.9453125,30.76171875,-15.9,-9.5,15.1,9.6,9.0,-7.2
4.744331666006474,4.748160791001283,27.613068606751856,18.408712404501237,-23.010890505626534,7.817883831853863,11.726825747780795,41.419602910127786,25.13671875,16.875,-20.830078125,9.228515625,13.18359375,40.341796875,30.76171875,17.578125,-26.3671875,-26.3671875,-43.9453125,30.76171875,-15.1,-9.5,14.3,9.6,9.0,-6.4
4.748178041016217,4.7522054160072,27.68341615758356,18.455610771722377,-23.069513464652967,7.706518736932072,11.559778105398108,41.52512423637534,25.13671875,16.962890625,-20.91796875,9.140625,13.0078125,40.4296875,30.76171875,17.578125,-26.3671875,-26.3671875,-43.9453125,30.76171875,-15.9,-9.5,14.3,8.8,9.6,-7.3
4.7522297910181805,4.756166790990392,27.756426890660148,18.504284593773434,-23.1303557422168,7.588903192994325,11.383354789491488,41.63464033599022,25.3125,17.05078125,-21.005859375,9.052734375,12.83203125,40.60546875,26.3671875,17.578125,-26.3671875,-26.3671875,-39.55078125,26.3671875,-15.1,-8.7,14.3,9.6,8.8,-5.7
4.756184500001837,4.760115957993548,27.82660476665991,18.551069844439937,-23.18883730554992,7.4738081074316565,11.210712161147484,41.73990714998986,25.400390625,17.138671875,-21.09375,8.96484375,12.65625,40.693359375,26.3671875,17.578125,-26.3671875,-26.3671875,-39.55078125,26.3671875,-15.1,-8.7,13.5,8.8,7.8,-6.2
4.760137750010472,4.7631594160047825,27.895683536573866,18.59712235771591,-23.24640294714488,7.358467232524905,11.037700848787358,41.843525304860805,25.48828125,17.138671875,-21.181640625,8.876953125,12.48046875,40.78125,26.3671875,13.18359375,-26.3671875,-26.3671875,-39.55078125,26.3671875,-15.1,-9.5,13.5,10.4,7.8,-7.0
4.763196790998336,4.7671510000072885,27.948398878814945,18.632265919209964,-23.290332399012463,7.269021028711307,10.90353154306696,41.92259831822241,25.576171875,17.2265625,-21.181640625,8.7890625,12.392578125,40.869140625,26.3671875,13.18359375,-17.578125,-26.3671875,-39.55078125,26.3671875,-15.1,-8.7,14.3,10.4,9.4,-7.0
4.767177500005346,4.770132166013354,28.01603057338991,18.677353715593274,-23.346692144491588,7.152374303866809,10.728561455800213,42.02404586008486,25.6640625,17.2265625,-21.357421875,8.701171875,12.216796875,40.95703125,26.3671875,13.18359375,-17.578125,-26.3671875,-39.55078125,26.3671875,-15.1,-9.5,13.5,10.4,9.8,-6.5
4.770162416010862,4.773180791002233,28.066025392872874,18.710683595248582,-23.38835449406072,7.064723589673934,10.597085384510901,42.09903808930931,25.751953125,17.314453125,-21.357421875,8.525390625,12.12890625,41.044921875,26.3671875,13.18359375,-17.578125,-26.3671875,-39.55078125,26.3671875,-15.1,-8.7,13.5,8.8,9.8,-6.5
4.773225875018397,4.777099875005661,28.116694166308978,18.74446277753932,-23.43057847192414,6.974605019744326,10.461907529616488,42.17504124946347,25.751953125,17.40234375,-21.4453125,8.525390625,11.953125,41.1328125,26.3671875,13.18359375,-17.578125,-26.3671875,-43.9453125,30.76171875,-15.1,-8.8,13.5,9.6,9.8,-6.5
4.777126541011967,4.780097915994702,28.180267684265917,18.786845122843946,-23.48355640355492,6.859624649372186,10.28943697405828,42.27040152639888,25.83984375,17.40234375,-21.533203125,8.349609375,11.865234375,41.30859375,26.3671875,13.18359375,-17.578125,-30.76171875,-43.9453125,30.76171875,-15.1,-8.8,12.8,9.6,10.4,-5.6
4.780114749999484,4.783188416011399,28.228254323982082,18.818836215988057,-23.52354526998506,6.771366440816519,10.157049661224779,42.34238148597312,25.927734375,17.490234375,-21.533203125,8.26171875,11.689453125,41.396484375,26.3671875,13.18359375,-17.578125,-30.76171875,-43.9453125,30.76171875,-15.1,-8.8,13.6,10.4,9.6,-5.6
4.783203791012056,4.786263499991037,28.27720641063329,18.851470940422193,-23.56433867552774,6.679973307013856,10.019959960520783,42.41580961594993,26.015625,17.490234375,-21.62109375,8.173828125,11.6015625,41.484375,26.3671875,13.18359375,-17.578125,-30.76171875,-43.9453125,30.76171875,-14.3,-8.8,12.8,10.4,10.4,-5.6
4.786281250009779,4.789196833007736,28.325312930216683,18.88354195347779,-23.604427441847246,6.588766446858201,9.8831496702873,42.487969395325024,26.103515625,17.578125,-21.62109375,8.0859375,11.42578125,41.484375,26.3671875,13.18359375,-17.578125,-30.76171875,-43.9453125,30.76171875,-14.3,-8.0,13.6,9.6,10.4,-6.4
4.789214832999278,4.792184082994936,28.370554196823157,18.913702797882106,-23.642128497352633,6.50168028077255,9.752520421158824,42.55583129523474,26.19140625,17.578125,-21.708984375,7.998046875,11.25,41.572265625,21.97265625,13.18359375,-17.578125,-30.76171875,-43.9453125,30.76171875,-14.3,-8.8,13.6,9.6,10.4,-5.6
4.792197833012324,4.795145832991693,28.415939826388126,18.94395988425875,-23.679949855323436,6.4129855686408055,9.619478352961208,42.62390973958219,26.279296875,17.666015625,-21.796875,7.91015625,11.162109375,41.66015625,21.97265625,13.18359375,-17.578125,-30.76171875,-43.9453125,26.3671875,-13.5,-8.0,12.8,9.6,10.4,-5.6
4.79515883300337,4.798258249997161,28.460373728987406,18.973582485991606,-23.716978107489506,6.3248057398842406,9.48720860982636,42.69056059348111,26.279296875,17.666015625,-21.796875,7.822265625,10.986328125,41.748046875,21.97265625,13.18359375,-17.578125,-30.76171875,-43.9453125,26.3671875,-14.3,-8.0,13.6,10.4,10.5,-5.5
4.798270583007252,4.802113500016276,28.506406328671183,19.00427088578079,-23.75533860722598,6.231989096577786,9.347983644866678,42.75960949300678,26.3671875,17.75390625,-21.884765625,7.734375,10.810546875,41.8359375,21.97265625,17.578125,-17.578125,-30.76171875,-43.9453125,26.3671875,-14.3,-8.0,12.7,10.4,9.7,-5.5
4.802130500000203,4.8052788329951,28.562560176575456,19.041706784383635,-23.802133480479537,6.116649633382477,9.174974450073716,42.84384026486318,26.455078125,17.75390625,-21.97265625,7.646484375,10.634765625,41.923828125,21.97265625,17.578125,-21.97265625,-30.76171875,-43.9453125,26.3671875,-13.5,-8.8,12.7,9.6,9.7,-5.5
4.805300291016465,4.808166500006337,28.607889015017957,19.07192601001197,-23.839907512514962,6.021763717436023,9.032645576154033,42.91183352252693,26.54296875,17.841796875,-22.060546875,7.470703125,10.458984375,42.01171875,21.97265625,17.578125,-21.97265625,-30.76171875,-43.9453125,26.3671875,-13.6,-8.0,11.9,9.6,9.5,-4.7
4.808181250002235,4.811130415997468,28.64847227445517,19.098981516303446,-23.8737268953793,5.935394261538076,8.903091392307115,42.97270841168275,26.54296875,17.841796875,-22.060546875,7.3828125,10.283203125,42.01171875,21.97265625,17.578125,-21.97265625,-30.76171875,-43.9453125,26.3671875,-13.6,-8.0,12.7,9.6,8.7,-5.5
4.811144833016442,4.8141283330041915,28.689607248667315,19.126404832444877,-23.908006040556092,5.846420972306845,8.769631458460267,43.03441087300097,26.630859375,17.9296875,-22.060546875,7.294921875,10.1953125,42.099609375,17.578125,17.578125,-21.97265625,-30.76171875,-48.33984375,21.97265625,-13.6,-7.9,12.7,8.8,7.9,-5.5
4.814142540999455,4.817191708018072,28.730583375171182,19.15372225011412,-23.942152812642643,5.75629429107677,8.634441436615155,43.095875062756775,26.71875,17.9296875,-22.1484375,7.20703125,10.01953125,42.099609375,17.578125,17.578125,-21.97265625,-30.76171875,-48.33984375,21.97265625,-13.6,-7.9,12.7,8.8,7.9,-6.3
4.817211874993518,4.820165125012863,28.77187851458215,19.181252343054766,-23.97656542881845,5.663881933096405,8.495822899644608,43.157817771873226,26.71875,18.017578125,-22.236328125,7.119140625,9.931640625,42.1875,17.578125,17.578125,-21.97265625,-30.76171875,-48.33984375,21.97265625,-13.6,-7.1,12.0,9.6,8.6,-5.8
4.8201792080071755,4.823095875006402,28.811165502704842,19.207443668469896,-24.009304585587373,5.574415460167637,8.361623190251455,43.216748254057265,26.806640625,18.017578125,-22.236328125,7.03125,9.755859375,42.275390625,17.578125,13.18359375,-21.97265625,-30.76171875,-48.33984375,21.97265625,-13.6,-7.9,12.0,10.4,7.8,-5.8
4.8231105000013486,4.82614150000154,28.84936073540396,19.232907156935973,-24.041133946169964,5.485916723090233,8.22887508463535,43.27404110310594,26.89453125,18.10546875,-22.32421875,6.943359375,9.66796875,42.275390625,17.578125,13.18359375,-17.578125,-30.76171875,-48.33984375,21.97265625,-12.6,-7.1,12.0,10.6,8.6,-6.6
4.8261559160018805,4.829093708016444,28.888395193050638,19.258930128700424,-24.073662660875534,5.393849302477332,8.090773953715999,43.332592789575955,26.982421875,18.10546875,-22.412109375,6.85546875,9.580078125,42.36328125,17.578125,13.18359375,-17.578125,-30.76171875,-48.33984375,21.97265625,-12.6,-7.1,11.2,10.6,9.8,-5.5
4.82910758300568,4.83208975000889,28.925597166711793,19.283731444474526,-24.10466430559316,5.304498239926593,7.9567473598898895,43.38839575006769,26.982421875,18.10546875,-22.412109375,6.767578125,9.4921875,42.451171875,21.97265625,13.18359375,-17.578125,-30.76171875,-48.33984375,21.97265625,-12.6,-7.9,12.0,10.6,9.0,-5.5
4.832107082998846,4.834991083014756,28.962765005202545,19.308510003468363,-24.135637504335453,5.213582400419328,7.820373600628992,43.44414750780382,27.0703125,18.193359375,-22.5,6.6796875,9.31640625,42.5390625,21.97265625,13.18359375,-17.578125,-30.76171875,-43.9453125,21.97265625,-12.6,-7.2,11.2,10.4,9.0,-5.5
4.835008333000587,4.838164415996289,28.99810369860583,19.332069132403888,-24.16508641550486,5.125534417010268,7.688301625515402,43.49715554790875,27.158203125,18.193359375,-22.5,6.591796875,9.140625,42.626953125,21.97265625,13.18359375,-17.578125,-30.76171875,-43.9453125,21.97265625,-11.8,-7.2,12.0,10.4,8.7,-4.7
4.8381816250039265,4.841105833009351,29.03606636752646,19.357377578350974,-24.196721972938715,5.029108597868515,7.543662896802772,43.55409955128969,27.158203125,18.193359375,-22.587890625,6.50390625,9.052734375,42.626953125,21.97265625,8.7890625,-17.578125,-30.76171875,-43.9453125,21.97265625,-12.6,-8.0,11.1,10.4,9.5,-5.5
4.841122665995499,4.8442375829909,29.070606431121416,19.380404287414276,-24.225505359267846,4.939628493760871,7.409442740641306,43.60590964668212,27.24609375,18.28125,-22.587890625,6.416015625,8.96484375,42.626953125,21.97265625,8.7890625,-17.578125,-30.76171875,-43.9453125,21.97265625,-11.8,-7.2,11.1,10.4,10.3,-6.3
4.844258708006237,4.8480939580185805,29.106753098173925,19.404502065449282,-24.25562758181161,4.844099461404014,7.266149192106021,43.66012964726089,27.333984375,18.28125,-22.67578125,6.328125,8.7890625,42.71484375,21.97265625,8.7890625,-17.578125,-30.76171875,-43.9453125,21.97265625,-12.0,-7.2,11.1,10.4,10.3,-5.5
4.848112416017102,4.851213207992259,29.150204381687836,19.43346958779189,-24.29183698473986,4.726548400298867,7.0898226004483,43.72530657253175,27.333984375,18.369140625,-22.763671875,6.15234375,8.61328125,42.802734375,21.97265625,8.7890625,-17.578125,-30.76171875,-43.9453125,21.97265625,-12.8,-7.2,10.3,8.8,9.0,-5.6
4.851230750005925,4.855139249993954,29.18458239088029,19.456388260586863,-24.320485325733575,4.631301745006235,6.9469526175093534,43.776873586320434,27.421875,18.369140625,-22.763671875,6.064453125,8.4375,42.890625,21.97265625,8.7890625,-17.578125,-30.76171875,-43.9453125,17.578125,-12.0,-7.1,11.1,8.8,9.0,-4.8
4.855156375007937,4.858106625004439,29.226864656646015,19.48457643776401,-24.35572054720501,4.51123941294758,6.76685911942137,43.84029698496902,27.509765625,18.45703125,-22.8515625,5.9765625,8.26171875,42.978515625,21.97265625,8.7890625,-17.578125,-30.76171875,-43.9453125,17.578125,-12.0,-6.3,10.3,9.6,8.6,-4.8
4.858123540994711,4.861123790993588,29.258086160667755,19.505390773778505,-24.381738467223126,4.420376766995825,6.630565150493738,43.88712924100163,27.59765625,18.45703125,-22.8515625,5.888671875,8.0859375,42.978515625,21.97265625,13.18359375,-17.578125,-30.76171875,-43.9453125,17.578125,-11.2,-6.3,10.2,8.8,8.6,-5.6
4.861140791006619,4.86416429100791,29.289182901165084,19.52612193411006,-24.40765241763757,4.327881954751789,6.491822932127684,43.93377435174763,27.59765625,18.544921875,-22.939453125,5.80078125,7.998046875,43.06640625,21.97265625,13.18359375,-17.578125,-30.76171875,-43.9453125,17.578125,-12.0,-6.3,10.2,8.8,9.4,-4.8
4.86418591599795,4.868134499993175,29.319899869133607,19.546599912755738,-24.433249890944676,4.234434064979355,6.3516510974690314,43.97984980370041,27.59765625,18.544921875,-22.939453125,5.712890625,7.822265625,43.154296875,21.97265625,13.18359375,-13.18359375,-30.76171875,-43.9453125,17.578125,-11.9,-6.3,10.2,8.6,9.7,-4.8
4.868175500014331,4.871109458006686,29.359128548078818,19.57275236538588,-24.465940456732355,4.111856617549011,6.167784926323518,44.03869282211823,27.685546875,18.6328125,-23.02734375,5.537109375,7.646484375,43.2421875,21.97265625,13.18359375,-13.18359375,-30.76171875,-43.9453125,17.578125,-11.9,-5.5,10.2,9.4,9.7,-4.0
4.87113899999531,4.874066624994157,29.387521722961775,19.591681148641186,-24.489601435801475,4.020700159173465,6.031050238760197,44.08128258444267,27.7734375,18.6328125,-23.02734375,5.44921875,7.470703125,43.2421875,17.578125,13.18359375,-13.18359375,-30.76171875,-43.9453125,17.578125,-11.1,-5.4,10.2,8.6,8.9,-4.8
4.874098250002135,4.877050540992059,29.41523873572251,19.610159157148342,-24.51269894643542,3.929587488695334,5.894381233043001,44.122858103583766,27.7734375,18.6328125,-23.115234375,5.361328125,7.470703125,43.2421875,17.578125,13.18359375,-13.18359375,-30.76171875,-43.9453125,17.578125,-11.1,-6.2,9.4,8.8,10.5,-5.6
4.87707704101922,4.88010745801148,29.442496876876326,19.628331251250884,-24.535414064063605,3.8377874213103707,5.756681131965556,44.163745315314486,27.861328125,18.720703125,-23.115234375,5.361328125,7.294921875,43.330078125,17.578125,13.18359375,-13.18359375,-26.3671875,-43.9453125,17.578125,-11.1,-5.4,9.5,9.6,8.8,-4.8
4.880130958015798,4.883212707994971,29.469773275501236,19.646515517000825,-24.55814439625103,3.7435849182629504,5.6153773773944256,44.20465991325185,27.861328125,18.720703125,-23.203125,5.2734375,7.119140625,43.330078125,17.578125,13.18359375,-13.18359375,-26.3671875,-43.9453125,17.578125,-11.1,-5.4,9.5,9.6,8.8,-4.8
4.883233750006184,4.88713600000483,29.49679167959294,19.66452778639529,-24.58065973299411,3.647786580666057,5.471679870999085,44.245187519389404,27.94921875,18.720703125,-23.203125,5.09765625,7.03125,43.330078125,17.578125,13.18359375,-13.18359375,-26.3671875,-43.9453125,17.578125,-10.2,-5.4,9.5,9.6,9.6,-5.6
4.88715854100883,4.890153624990489,29.529964078645367,19.686642719096913,-24.60830339887114,3.5264852829167683,5.2897279243751525,44.29494611796805,28.037109375,18.720703125,-23.291015625,5.009765625,6.85546875,43.41796875,17.578125,13.18359375,-13.18359375,-26.3671875,-43.9453125,17.578125,-10.2,-6.2,8.7,8.8,10.4,-4.9
4.890173332998529,4.893127999996068,29.554683027615944,19.70312201841063,-24.62890252301329,3.433217547377732,5.149826321066598,44.33202454142392,28.125,18.720703125,-23.291015625,4.921875,6.6796875,43.505859375,13.18359375,13.18359375,-13.18359375,-26.3671875,-43.9453125,13.18359375,-9.4,-6.5,9.5,9.6,10.4,-4.9
4.893145790993003,4.8960786660027225,29.57840597235805,19.718937314905364,-24.648671643631705,3.3411840971177673,5.011776145676651,44.36760895853707,28.125,18.80859375,-23.291015625,4.833984375,6.591796875,43.505859375,13.18359375,13.18359375,-13.18359375,-26.3671875,-43.9453125,13.18359375,-10.2,-5.7,9.5,9.6,10.4,-4.9
4.896098249999341,4.899219915998401,29.601330971132384,19.73422064742159,-24.667775809276982,3.249697745772568,4.874546618658852,44.401996456698576,28.125,18.80859375,-23.37890625,4.74609375,6.416015625,43.505859375,13.18359375,13.18359375,-13.18359375,-30.76171875,-43.9453125,13.18359375,-10.2,-5.7,8.7,10.4,10.4,-5.6
4.899238000012701,4.903124666016083,29.625011681673005,19.750007787782003,-24.6875097347275,3.152331261550753,4.728496892326129,44.4375175225095,28.212890625,18.896484375,-23.37890625,4.658203125,6.240234375,43.59375,13.18359375,8.7890625,-13.18359375,-30.76171875,-43.9453125,13.18359375,-9.4,-5.7,8.7,9.6,10.4,-4.8
4.903142374998424,4.906076665996807,29.653454119527527,19.76896941301835,-24.71121176627294,3.0311463750773964,4.546719562616095,44.48018117929129,28.30078125,18.896484375,-23.37890625,4.5703125,6.064453125,43.681640625,13.18359375,8.7890625,-8.7890625,-30.76171875,-43.9453125,13.18359375,-9.5,-5.7,9.5,10.4,9.6,-4.8
4.906092958000954,4.9090983330097515,29.674208527476953,19.782805684984634,-24.728507106230794,2.939489620689218,4.409234431033827,44.51131279121543,28.30078125,18.896484375,-23.466796875,4.482421875,5.888671875,43.681640625,13.18359375,8.7890625,-8.7890625,-30.76171875,-43.9453125,13.18359375,-9.5,-5.7,8.7,10.4,8.0,-4.7
4.9091137910145335,4.912099333014339,29.694796693237468,19.79653112882498,-24.74566391103122,2.845585223721746,4.268377835582619,44.5421950398562,28.30078125,18.896484375,-23.466796875,4.39453125,5.80078125,43.76953125,13.18359375,8.7890625,-8.7890625,-30.76171875,-43.9453125,13.18359375,-9.5,-5.7,8.7,11.2,8.8,-3.9
4.912114125007065,4.915192290995037,29.714583331590774,19.809722221060515,-24.762152776325642,2.75225462565172,4.12838193847758,44.57187499738616,28.388671875,18.984375,-23.466796875,4.306640625,5.712890625,43.76953125,13.18359375,8.7890625,-8.7890625,-30.76171875,-48.33984375,13.18359375,-9.5,-4.7,8.7,11.2,9.6,-4.7
4.9152068750117905,4.919129082991276,29.734288618432686,19.822859078955123,-24.778573848693906,2.6559853041548225,3.9839779562322337,44.60143292764903,28.388671875,18.984375,-23.5546875,4.130859375,5.537109375,43.76953125,13.18359375,8.7890625,-8.7890625,-30.76171875,-48.33984375,13.18359375,-9.5,-4.7,8.8,9.6,9.6,-4.8
4.919143333012471,4.923096750018885,29.758354456003865,19.838902970669242,-24.798628713336555,2.5333631639326937,3.8000447458990405,44.6375316840058,28.4765625,19.072265625,-23.642578125,4.04296875,5.361328125,43.857421875,13.18359375,8.7890625,-8.7890625,-30.76171875,-48.33984375,13.18359375,-8.7,-4.7,8.0,10.4,10.4,-4.0
4.923114041012013,4.926103916019201,29.781477008029338,19.85431800535289,-24.817897506691118,2.4095760088281177,3.614364013242177,44.672215512044005,28.564453125,19.072265625,-23.642578125,3.955078125,5.185546875,43.857421875,13.18359375,8.7890625,-13.18359375,-30.76171875,-48.33984375,13.18359375,-7.8,-4.7,8.0,10.2,10.4,-4.8
4.926120999996783,4.929131665994646,29.798216534764627,19.865477689843086,-24.831847112303855,2.315771179185596,3.473656768778394,44.697324802146944,28.564453125,19.072265625,-23.642578125,3.779296875,5.009765625,43.9453125,13.18359375,8.7890625,-13.18359375,-30.76171875,-48.33984375,13.18359375,-8.6,-4.7,8.0,8.6,8.8,-4.0
4.929151374992216,4.932157750008628,29.814413840693753,19.876275893795835,-24.845344867244794,2.221183601981307,3.33177540297196,44.72162076104063,28.564453125,19.16015625,-23.73046875,3.69140625,4.921875,43.9453125,13.18359375,8.7890625,-13.18359375,-30.76171875,-48.33984375,13.18359375,-8.6,-3.9,8.0,8.6,9.6,-4.8
4.9321757500001695,4.935162915993715,29.829905531315596,19.886603687543733,-24.858254609429665,2.126733122554895,3.1900996838323423,44.7448582969734,28.65234375,19.16015625,-23.73046875,3.515625,4.74609375,43.9453125,13.18359375,8.7890625,-13.18359375,-30.76171875,-43.9453125,8.7890625,-7.8,-3.8,8.0,8.8,9.6,-4.8
4.935180125001352,4.939100499992492,29.84462821249022,19.896418808326814,-24.870523510408514,2.0328597107668362,3.049289566150254,44.76694231873533,28.65234375,19.16015625,-23.73046875,3.427734375,4.5703125,43.9453125,13.18359375,8.7890625,-13.18359375,-30.76171875,-43.9453125,8.7890625,-7.8,-3.8,7.9,9.6,9.6,-4.8
4.9391177910147235,4.942104165995261,29.8629178856758,19.908611923783866,-24.88576490472983,1.9097568610089979,2.8646352915134967,44.7943768285137,28.740234375,19.16015625,-23.818359375,3.33984375,4.39453125,44.033203125,13.18359375,4.39453125,-13.18359375,-35.15625,-43.9453125,8.7890625,-7.8,-3.8,7.1,9.6,9.6,-4.0
4.9421316660009325,4.945127165992744,29.87614489424961,19.91742992949974,-24.896787411874676,1.8154847846974829,2.7232271770462244,44.814217341374416,28.740234375,19.248046875,-23.818359375,3.251953125,4.306640625,44.033203125,13.18359375,4.39453125,-8.7890625,-35.15625,-43.9453125,8.7890625,-8.0,-3.8,7.1,9.6,8.8,-4.8
4.945145125006093,4.949122874997556,29.888700618117923,19.925800412078615,-24.907250515098273,1.7211850388635548,2.581777558295332,44.833050927176885,28.740234375,19.248046875,-23.818359375,3.076171875,4.130859375,44.12109375,13.18359375,4.39453125,-8.7890625,-35.15625,-43.9453125,8.7890625,-8.0,-3.8,7.1,8.8,8.7,-4.0
4.949140333017567,4.953111250011716,29.90431430030244,19.93620953353496,-24.920261916918697,1.5961044561650257,2.3941566842475384,44.856471450453654,28.828125,19.248046875,-23.90625,2.900390625,3.955078125,44.12109375,13.18359375,4.39453125,-8.7890625,-35.15625,-43.9453125,8.7890625,-7.2,-3.8,6.3,7.2,9.5,-4.0
4.953128166001989,4.957121540996013,29.91872467540642,19.945816450270947,-24.93227056283868,1.471192078588281,2.2067881178824216,44.87808701310963,28.828125,19.248046875,-23.90625,2.8125,3.779296875,44.12109375,13.18359375,4.39453125,-8.7890625,-35.15625,-43.9453125,8.7890625,-7.2,-4.0,7.1,8.8,10.3,-4.0
4.957143083011033,4.961034375010058,29.932046967388768,19.95469797825918,-24.94337247282397,1.345373032455686,2.0180595486835293,44.89807045108315,28.916015625,19.248046875,-23.90625,2.724609375,3.69140625,44.208984375,13.18359375,4.39453125,-8.7890625,-35.15625,-43.9453125,8.7890625,-6.4,-4.0,7.1,8.8,11.5,-4.0
4.961076915991725,4.964143666002201,29.943945535413317,19.96263035694221,-24.95328794617776,1.2220430565611693,1.8330645848417542,44.91591830311997,28.916015625,19.248046875,-23.90625,2.548828125,3.515625,44.208984375,13.18359375,4.39453125,-4.39453125,-35.15625,-43.9453125,8.7890625,-7.2,-4.0,7.1,7.2,10.7,-4.0
4.964176375011448,4.96712570800446,29.952515106236575,19.968343404157718,-24.960429255197152,1.1248385189132635,1.6872577783698954,44.92877265935486,28.916015625,19.248046875,-23.994140625,2.548828125,3.33984375,44.208984375,13.18359375,4.39453125,-4.39453125,-35.15625,-43.9453125,8.7890625,-7.1,-4.0,6.3,8.8,9.4,-3.9
4.967148833005922,4.970102624996798,29.96006660405942,19.973377736039613,-24.966722170049515,1.0315918831966173,1.5473878247949262,44.94009990608913,28.916015625,19.3359375,-23.994140625,2.4609375,3.1640625,44.208984375,13.18359375,4.39453125,-4.39453125,-35.15625,-43.9453125,8.7890625,-7.1,-3.2,6.3,8.8,10.2,-3.9
4.970127541018883,4.973064207995776,29.96697876803037,19.97798584535358,-24.972482306691973,0.9381266241036385,1.4071899361554576,44.95046815204555,29.00390625,19.3359375,-23.994140625,2.373046875,3.076171875,44.208984375,8.7890625,4.39453125,-4.39453125,-35.15625,-43.9453125,4.39453125,-6.3,-3.1,6.3,9.6,10.2,-3.9
4.973089583014371,4.976087415998336,29.973201702771508,19.98213446851434,-24.977668085642925,0.8451639380683265,1.2677459071024897,44.959802554157264,29.00390625,19.3359375,-23.994140625,2.28515625,2.900390625,44.296875,8.7890625,4.39453125,-4.39453125,-35.15625,-43.9453125,4.39453125,-6.3,-3.1,6.3,9.1,11.0,-3.1
4.97612179099815,4.979123041004641,29.97889994458822,19.985933296392147,-24.982416620490184,0.7499801811806213,1.124970271770932,44.96834991688233,29.00390625,19.3359375,-24.08203125,2.197265625,2.724609375,44.296875,8.7890625,4.39453125,-4.39453125,-26.3671875,-43.9453125,4.39453125,-6.3,-3.1,5.4,9.1,11.4,-4.0
4.979150166007457,4.982060500013176,29.98391217267043,19.989274781780285,-24.98659347722536,0.6548997621641477,0.9823496432462215,44.975868259005644,29.091796875,19.3359375,-24.08203125,2.197265625,2.63671875,44.296875,8.7890625,4.39453125,-4.39453125,-26.3671875,-43.9453125,4.39453125,-5.5,-3.1,5.4,9.9,11.4,-4.0
4.982089166005608,4.985060708015226,29.98812772401935,19.99208514934623,-24.99010643668279,0.562611216818299,0.8439168252274485,44.982191586029025,29.091796875,19.423828125,-24.08203125,2.109375,2.4609375,44.296875,8.7890625,4.39453125,-8.7890625,-26.3671875,-43.9453125,4.39453125,-5.4,-2.3,5.4,10.4,11.4,-4.0
4.985086916014552,4.988064875011332,29.99176912359384,19.99451274906256,-24.9931409363282,0.468465503078616,0.702698254617924,44.98765368539076,29.1796875,19.423828125,-24.08203125,2.021484375,2.28515625,44.296875,8.7890625,4.39453125,-8.7890625,-26.3671875,-43.9453125,4.39453125,-4.6,-2.3,5.4,10.4,10.4,-4.0
4.988090083003044,4.9910853750188835,29.99475028392084,19.99650018928056,-24.9956252366007,0.3741392522879089,0.5612088784318634,44.992125425881255,29.1796875,19.423828125,-24.08203125,1.93359375,2.109375,44.296875,8.7890625,4.39453125,-8.7890625,-26.3671875,-43.9453125,4.39453125,-4.6,-2.3,5.4,11.2,8.8,-4.0
4.9911188750120346,4.995044041017536,29.99708082632445,19.9980538842163,-24.997567355270377,0.2789997203965091,0.41849958059476366,44.995621239486674,29.1796875,19.423828125,-24.169921875,1.7578125,2.021484375,44.296875,8.7890625,4.39453125,-8.7890625,-26.3671875,-52.734375,4.39453125,-4.6,-3.2,4.6,10.4,9.6,-4.0
4.9950775830075145,4.998076290998142,29.999103220541137,19.999402147027425,-24.99925268378428,0.15464074972271907,0.23196112458407864,44.99865483081171,29.267578125,19.423828125,-24.169921875,1.669921875,1.7578125,44.296875,8.7890625,4.39453125,-8.7890625,-26.3671875,-52.734375,4.39453125,-3.8,-3.2,4.7,9.6,8.6,-4.0
4.99810791600612,5.001057457993738,29.99986750133057,19.999911667553715,-24.999889584442144,0.05944148424116374,0.0891622263617456,44.999801251995855,29.267578125,19.423828125,-24.169921875,1.58203125,1.58203125,44.296875,8.7890625,4.39453125,-8.7890625,-26.3671875,-52.734375,4.39453125,-3.8,-3.2,4.7,10.4,8.6,-4.0
5.001081624999642,5.0040380409918725,29.999956700354396,19.999971133569595,-24.999963916961995,-0.033980235180004516,-0.05097035277000678,44.99993505053159,29.267578125,19.423828125,-24.169921875,1.40625,1.494140625,44.296875,8.7890625,4.39453125,-4.39453125,-26.3671875,-52.734375,4.39453125,-3.8,-3.2,4.7,8.6,9.4,-4.0
5.004061208019266,5.007221958017908,29.99938956417916,19.99959304278611,-24.999491303482635,-0.1275857474075548,-0.1913786211113322,44.999084346268745,29.267578125,19.423828125,-24.169921875,1.318359375,1.318359375,44.384765625,8.7890625,4.39453125,-4.39453125,-26.3671875,-52.734375,4.39453125,-3.8,-3.2,4.7,8.6,9.6,-3.1
5.007244458014611,5.0111484579974785,29.99805760242966,19.99870506828644,-24.99838133535805,-0.22758644883705242,-0.3413796732555786,44.99708640364449,29.267578125,19.423828125,-24.169921875,1.142578125,1.23046875,44.384765625,8.7890625,4.39453125,-4.39453125,-26.3671875,-52.734375,4.39453125,-3.8,-3.2,4.7,7.8,10.4,-3.1
5.011187666008482,5.015129333012737,29.995367677133494,19.99691178475566,-24.996139730944577,-0.35145280294820935,-0.527179204422314,44.99305151570024,29.267578125,19.423828125,-24.169921875,0.966796875,1.0546875,44.384765625,4.39453125,4.39453125,-4.39453125,-26.3671875,-43.9453125,4.39453125,-3.8,-3.2,4.7,8.8,8.8,-3.1
5.01515200000722,5.019120375014609,29.991503297048556,19.994335531365703,-24.99291941420713,-0.4759691787993586,-0.713953768199038,44.987254945572836,29.267578125,19.423828125,-24.169921875,0.791015625,0.87890625,44.384765625,4.39453125,4.39453125,-4.39453125,-43.9453125,-43.9453125,4.39453125,-3.8,-3.2,4.8,8.0,9.5,-3.2
5.019156082998961,5.022143208014313,29.98641962806151,19.990946418707672,-24.98868302338459,-0.6017152851299122,-0.9025729276948684,44.97962944209226,29.267578125,19.423828125,-24.169921875,0.615234375,0.703125,44.384765625,4.39453125,0.0,-4.39453125,-43.9453125,-43.9453125,4.39453125,-3.8,-3.2,4.8,7.2,10.3,-3.2
5.022174165991601,5.02516270801425,29.981803758430225,19.987869172286818,-24.98483646535852,-0.6964811207393427,-1.0447216811090139,44.97270563764533,29.267578125,19.423828125,-24.2578125,0.52734375,0.615234375,44.384765625,4.39453125,0.0,0.0,-43.9453125,-43.9453125,4.39453125,-4.0,-3.2,4.0,6.4,9.5,-3.2
5.025186540995492,5.029119625018211,29.97652468545169,19.984349790301124,-24.98043723787641,-0.7910521214757954,-1.1865781822136932,44.96478702817753,29.267578125,19.423828125,-24.2578125,0.439453125,0.439453125,44.384765625,4.39453125,0.0,0.0,-43.9453125,-43.9453125,4.39453125,-4.0,-3.2,4.0,6.4,9.7,-3.2
5.0291392499930225,5.033100500004366,29.96857958420895,19.9790530561393,-24.973816320174123,-0.9151169214755245,-1.3726753822132867,44.95286937631342,29.267578125,19.423828125,-24.2578125,0.3515625,0.263671875,44.384765625,0.0,0.0,0.0,-43.9453125,-43.9453125,4.39453125,-4.0,-3.2,4.0,7.2,10.5,-3.2
5.033118040999398,5.03710454099928,29.95941529933833,19.972943532892216,-24.96617941611527,-1.0399647262763296,-1.5599470894144942,44.93912294900749,29.267578125,19.423828125,-24.2578125,0.263671875,0.087890625,44.384765625,0.0,0.0,0.0,-43.9453125,-43.9453125,0.0,-4.0,-2.4,4.0,8.0,11.4,-3.2
5.037121625005966,5.0411333329975605,29.94901271184442,19.966008474562948,-24.957510593203686,-1.1655494814380398,-1.7483242221570598,44.923519067766634,29.267578125,19.423828125,-24.2578125,0.17578125,-0.087890625,44.384765625,0.0,0.0,0.0,-26.3671875,-43.9453125,0.0,-4.0,-2.4,3.9,7.2,11.4,-2.3
5.041154708014801,5.045009207999101,29.93733589919806,19.958223932798706,-24.94777991599838,-1.2920129443086052,-1.938019416462908,44.90600384879709,29.267578125,19.423828125,-24.2578125,0.087890625,-0.263671875,44.384765625,0.0,0.0,-4.39453125,-26.3671875,-43.9453125,0.0,-4.0,-2.4,3.9,8.8,10.6,-2.3
5.045041500008665,5.048018416011473,29.92494570781675,19.949963805211166,-24.937454756513958,-1.4138402210873857,-2.120760331631079,44.88741856172513,29.267578125,19.423828125,-24.2578125,0.0,-0.439453125,44.384765625,0.0,0.0,-4.39453125,-26.3671875,-43.9453125,0.0,-4.0,-2.4,3.9,9.6,10.3,-2.4
5.0480476660013665,5.051024207990849,29.914597724339014,19.94306514955934,-24.928831436949178,-1.5080293234654158,-2.2620439851981238,44.87189658650852,29.267578125,19.423828125,-24.345703125,-0.087890625,-0.615234375,44.384765625,0.0,0.0,-4.39453125,-26.3671875,-43.9453125,0.0,-4.0,-2.4,3.1,9.6,10.3,-2.4
5.051050125010079,5.054052874998888,29.903596700348682,19.93573113356579,-24.919663916957234,-1.602068715809573,-2.4031030737143597,44.85539505052302,29.267578125,19.423828125,-24.345703125,-0.17578125,-0.703125,44.384765625,0.0,0.0,-4.39453125,-26.3671875,-43.9453125,0.0,-4.0,-2.3,3.1,9.0,11.1,-2.4
5.05407945800107,5.057040915999096,29.89182310852262,19.927882072348414,-24.909852590435513,-1.696913701569611,-2.5453705523544166,44.83773466278393,29.267578125,19.423828125,-24.345703125,-0.263671875,-0.87890625,44.384765625,0.0,0.0,-4.39453125,-26.3671875,-43.9453125,0.0,-4.0,-2.3,3.1,9.0,11.2,-2.4
5.057066875015153,5.060013833019184,29.879549567167725,19.919699711445148,-24.899624639306435,-1.790408725920429,-2.6856130888806438,44.819324350751586,29.267578125,19.423828125,-24.345703125,-0.3515625,-1.0546875,44.384765625,0.0,0.0,-4.39453125,-26.3671875,-43.9453125,0.0,-4.0,-2.3,3.1,9.0,11.2,-1.6
5.060059875017032,5.063033707992872,29.86659327527751,19.91106218351834,-24.888827729397928,-1.884038939105535,-2.8260584086583025,44.799889912916264,29.267578125,19.423828125,-24.345703125,-0.439453125,-1.142578125,44.384765625,0.0,0.0,-4.39453125,-26.3671875,-43.9453125,0.0,-4.0,-2.3,3.1,9.6,12.0,-1.6
5.0630632500106,5.066051166009856,29.85292849225163,19.901952328167752,-24.87744041020969,-1.9779518516228127,-2.9669277774342193,44.77939273837744,29.267578125,19.423828125,-24.345703125,-0.52734375,-1.318359375,44.384765625,0.0,0.0,-4.39453125,-26.3671875,-43.9453125,0.0,-3.1,-2.3,3.1,9.6,11.3,-1.6
5.066079832991818,5.069045957992785,29.838534802985645,19.892356535323763,-24.865445669154703,-2.0722334500634596,-3.108350175095189,44.757802204478466,29.267578125,19.423828125,-24.345703125,-0.615234375,-1.494140625,44.384765625,0.0,0.0,-4.39453125,-26.3671875,-43.9453125,0.0,-3.1,-2.3,3.1,8.8,11.3,-1.5
5.069075291015906,5.072085499996319,29.823578975112962,19.882385983408643,-24.852982479260803,-2.1658087650472475,-3.2487131475708715,44.73536846266944,29.267578125,19.423828125,-24.345703125,-0.703125,-1.669921875,44.384765625,0.0,0.0,-4.39453125,-26.3671875,-52.734375,0.0,-3.1,-2.3,3.1,8.8,10.5,-0.7
5.072129915992264,5.075049375009257,29.80764777155072,19.871765181033815,-24.839706476292267,-2.2611830067139937,-3.3917745100709906,44.71147165732608,29.267578125,19.423828125,-24.345703125,-0.791015625,-1.7578125,44.384765625,0.0,0.0,-4.39453125,-26.3671875,-52.734375,0.0,-3.1,-2.4,2.3,9.6,11.3,-0.7
5.075082625000505,5.078147749998607,29.791595812777423,19.86106387518495,-24.826329843981192,-2.3533256778065113,-3.529988516709767,44.68739371916614,29.267578125,19.423828125,-24.43359375,-0.87890625,-1.93359375,44.384765625,0.0,0.0,-4.39453125,-30.76171875,-52.734375,0.0,-3.1,-2.4,1.4,10.4,11.1,-0.7
5.078180083015468,5.082105875015259,29.774068181943377,19.84937878796225,-24.81172348495281,-2.4499309647404677,-3.6748964471107017,44.661102272915066,29.267578125,19.423828125,-24.43359375,-0.966796875,-2.109375,44.384765625,0.0,0.0,-4.39453125,-30.76171875,-52.734375,0.0,-3.1,-2.4,1.4,10.4,10.3,-0.7
5.082132665993413,5.085143375006737,29.750678125175703,19.8337854167838,-24.792231770979754,-2.5731218472847583,-3.8596827709271375,44.62601718776356,29.267578125,19.423828125,-24.43359375,-1.0546875,-2.28515625,44.384765625,0.0,0.0,-4.39453125,-30.76171875,-52.734375,0.0,-3.2,-1.6,1.4,10.4,10.3,0.1
5.0851746250118595,5.089200125017669,29.731895845626426,19.821263897084282,-24.77657987135535,-2.667863850001177,-4.001795775001765,44.59784376843964,29.267578125,19.423828125,-24.43359375,-1.142578125,-2.373046875,44.384765625,0.0,0.0,-4.39453125,-30.76171875,-52.734375,0.0,-2.4,-1.6,1.4,9.6,11.2,0.1
5.089228374999948,5.093105666019255,29.705811360115725,19.80387424007715,-24.754842800096444,-2.7940230999776516,-4.191034649966477,44.55871704017359,29.267578125,19.423828125,-24.43359375,-1.318359375,-2.63671875,44.384765625,0.0,0.0,-4.39453125,-30.76171875,-48.33984375,0.0,-2.4,-1.5,1.4,9.6,10.4,0.1
5.093150416010758,5.097130083013326,29.679427966762045,19.786285311174694,-24.73285663896837,-2.915975580280544,-4.3739633704208165,44.519141950143066,29.267578125,19.423828125,-24.43359375,-1.40625,-2.8125,44.384765625,0.0,0.0,-4.39453125,-30.76171875,-48.33984375,0.0,-2.4,-1.5,0.6,10.4,9.5,-0.0
5.097173125017434,5.101108791015577,29.651197186319813,19.767464790879878,-24.709330988599845,-3.0409432321772107,-4.561414848265816,44.47679577947972,29.267578125,19.423828125,-24.43359375,-1.58203125,-2.98828125,44.384765625,0.0,0.0,-4.39453125,-30.76171875,-48.33984375,0.0,-2.4,-1.5,0.7,9.6,9.5,-0.0
5.101160499994876,5.10511645799852,29.622046016881345,19.748030677920895,-24.68503834740112,-3.1646934044066772,-4.747040106610016,44.43306902532201,29.267578125,19.423828125,-24.43359375,-1.669921875,-3.1640625,44.384765625,0.0,0.0,0.0,-30.76171875,-48.33984375,0.0,-1.4,-1.5,0.7,8.8,10.3,-0.0
5.105171125003835,5.1091548330150545,29.591552631017166,19.727701754011445,-24.659627192514307,-3.289039906230045,-4.933559859345068,44.38732894652575,29.267578125,19.423828125,-24.43359375,-1.845703125,-3.33984375,44.384765625,0.0,0.0,0.0,-30.76171875,-48.33984375,0.0,-1.4,-1.5,0.7,9.6,9.6,-0.0
5.109215958014829,5.1131680000107735,29.55960965340055,19.706406435600368,-24.63300804450046,-3.414314776778558,-5.121472165167837,44.33941448010083,29.267578125,19.423828125,-24.43359375,-1.93359375,-3.515625,44.384765625,0.0,0.0,0.0,-30.76171875,-43.9453125,0.0,-1.4,-0.7,0.7,9.6,9.6,-0.0
5.1132256659911945,5.11703083300381,29.526766292361863,19.684510861574577,-24.60563857696822,-3.5383657443165073,-5.307548616474761,44.2901494385428,29.267578125,19.423828125,-24.43359375,-2.109375,-3.603515625,44.384765625,0.0,0.0,0.0,-30.76171875,-43.9453125,0.0,-0.6,-0.7,-0.1,8.0,11.4,-0.0
5.117067290993873,5.120060207991628,29.4942009661233,19.6628006440822,-24.578500805102752,-3.6570850183008536,-5.48562752745128,44.24130144918495,29.267578125,19.423828125,-24.43359375,-2.197265625,-3.779296875,44.384765625,0.0,0.0,0.0,-30.76171875,-43.9453125,0.0,-0.6,-0.7,-0.1,8.8,10.6,-0.0
5.120094290992711,5.123026375018526,29.467784596306196,19.645189730870797,-24.556487163588496,-3.7505360201027953,-5.625804030154193,44.2016768944593,29.267578125,19.423828125,-24.43359375,-2.28515625,-3.955078125,44.384765625,0.0,0.0,0.0,-30.76171875,-43.9453125,0.0,-0.6,-0.7,-0.1,9.6,9.8,-0.0
5.123055791016668,5.126087707991246,29.44129509252752,19.62753006168501,-24.534412577106266,-3.8418828297660412,-5.762824244649062,44.16194263879128,29.267578125,19.423828125,-24.43359375,-2.373046875,-4.130859375,44.384765625,0.0,0.0,0.0,-30.76171875,-43.9453125,0.0,-0.7,0.1,-0.1,9.6,10.3,-0.0
5.126158208004199,5.130128916003741,29.41286183704037,19.608574558026916,-24.51071819753364,-3.93748699074671,-5.906230486120065,44.11929275556056,29.267578125,19.423828125,-24.43359375,-2.4609375,-4.21875,44.384765625,0.0,0.0,0.0,-30.76171875,-43.9453125,0.0,0.1,0.1,-0.1,10.4,11.1,-0.0
5.130158582993317,5.133984790998511,29.37516796814256,19.58344531209504,-24.479306640118804,-4.060624300299494,-6.090936450449241,44.06275195221384,29.267578125,19.423828125,-24.43359375,-2.548828125,-4.39453125,44.384765625,0.0,0.0,0.0,-30.76171875,-43.9453125,0.0,0.1,0.1,-0.1,9.6,11.1,-0.0
5.13400950000505,5.137046832998749,29.3377866558226,19.55852443721507,-24.448155546518834,-4.179009672022907,-6.268514508034361,44.0066799837339,29.267578125,19.423828125,-24.43359375,-2.724609375,-4.5703125,44.384765625,0.0,0.0,0.0,-30.76171875,-43.9453125,0.0,0.1,0.1,0.0,9.6,10.3,0.8
5.137076125014573,5.140036166005302,29.30725069181702,19.538167127878015,-24.42270890984752,-4.273175082196724,-6.409762623295086,43.960876037725534,29.267578125,19.423828125,-24.43359375,-2.8125,-4.74609375,44.384765625,0.0,0.0,0.0,-30.76171875,-43.9453125,0.0,0.1,0.1,0.0,9.6,9.5,0.8
5.140063916012878,5.143040249997284,29.27684566945628,19.517897112970854,-24.397371391213564,-4.364824428025031,-6.5472366420375465,43.91526850418442,29.267578125,19.423828125,-24.43359375,-2.900390625,-4.833984375,44.384765625,0.0,0.0,0.0,-30.76171875,-43.9453125,0.0,0.1,0.1,0.0,10.4,11.1,0.8
5.143122041015886,5.147003374993801,29.245057097688786,19.496704731792526,-24.370880914740656,-4.458531664270085,-6.6877974964051266,43.86758564653318,29.267578125,19.423828125,-24.43359375,-2.98828125,-5.009765625,44.384765625,0.0,0.0,0.0,-30.76171875,-43.9453125,0.0,0.1,0.1,0.0,9.6,10.5,1.8
5.147039875009796,5.150015791004989,29.20334605423035,19.468897369486903,-24.336121711858627,-4.578431523610023,-6.8676472854150346,43.80501908134553,29.267578125,19.423828125,-24.43359375,-3.076171875,-5.185546875,44.384765625,0.0,0.0,0.0,-30.76171875,-43.9453125,0.0,0.1,0.1,0.0,9.6,11.3,2.6
5.150043708010344,5.1529923749913,29.170616717755788,19.447077811837193,-24.308847264796494,-4.67024245412907,-7.005363681193605,43.75592507663368,29.267578125,19.423828125,-24.43359375,-3.1640625,-5.2734375,44.384765625,0.0,0.0,0.0,-30.76171875,-43.9453125,0.0,0.1,-0.0,0.0,9.6,12.1,3.4
5.153019165998558,5.156029333011247,29.137556286563917,19.425037524375945,-24.281296905469933,-4.7610836136940975,-7.141625420541146,43.706334429845874,29.267578125,19.423828125,-24.43359375,-3.33984375,-5.361328125,44.384765625,0.0,0.0,0.0,-30.76171875,-43.9453125,0.0,0.1,-0.0,0.0,8.8,13.1,3.4
5.156059166009072,5.159015208017081,29.103121370215373,19.402080913476915,-24.252601141846146,-4.8537878226076945,-7.280681733911542,43.65468205532306,29.267578125,19.423828125,-24.43359375,-3.427734375,-5.625,44.384765625,0.0,0.0,0.0,-30.76171875,-43.9453125,0.0,0.1,-0.0,0.0,8.8,11.5,3.4
5.159049790992867,5.162080957990838,29.06859818494945,19.379065456632965,-24.22383182079121,-4.944878363269906,-7.417317544904859,43.60289727742418,29.267578125,19.423828125,-24.43359375,-3.515625,-5.712890625,44.384765625,0.0,0.0,0.0,-30.76171875,-43.9453125,0.0,0.1,-0.0,0.0,8.8,11.5,4.2
5.162129000003915,5.166112875012914,29.032382142264417,19.354921428176276,-24.193651785220347,-5.038553017397236,-7.557829526095854,43.54857321339662,29.267578125,19.423828125,-24.43359375,-3.603515625,-5.888671875,44.384765625,0.0,0.0,0.0,-30.76171875,-43.9453125,0.0,-0.0,-0.0,0.0,9.6,11.5,4.2
5.166154041013215,5.170126290991902,28.984017663080294,19.32267844205353,-24.153348052566912,-5.160823366963822,-7.741235050445733,43.47602649462044,29.267578125,19.423828125,-24.43359375,-3.779296875,-6.15234375,44.384765625,0.0,0.0,0.0,-30.76171875,-43.9453125,0.0,-0.0,-0.0,0.0,8.8,8.5,5.8
5.17018783299136,5.174193874991033,28.934385642749298,19.289590428499533,-24.111988035624414,-5.283152572161741,-7.924728858242612,43.40157846412395,29.267578125,19.423828125,-24.43359375,-3.8671875,-6.328125,44.384765625,0.0,0.0,0.0,-30.76171875,-48.33984375,0.0,-0.0,-0.0,0.0,8.0,9.3,5.8
5.1742542080173735,5.178234374994645,28.883176949826257,19.25545129988417,-24.069314124855214,-5.40625519539995,-8.109382793099925,43.32476542473939,29.267578125,19.423828125,-24.43359375,-3.955078125,-6.50390625,44.384765625,0.0,0.0,0.0,-30.76171875,-48.33984375,0.0,-0.0,-0.0,0.0,9.6,10.4,6.5
5.178325290995417,5.183062333002454,28.830728507668123,19.22048567177875,-24.025607089723437,-5.529279387130641,-8.29391908069596,43.24609276150218,29.267578125,19.423828125,-24.43359375,-4.130859375,-6.767578125,44.296875,0.0,0.0,0.0,-30.76171875,-48.33984375,0.0,-0.0,-0.0,0.0,9.6,8.8,6.5
5.183099125017179,5.187020665995078,28.76772472190447,19.178483147936312,-23.973103934920392,-5.673251637669776,-8.509877456504665,43.15158708285671,29.267578125,19.423828125,-24.43359375,-4.21875,-6.85546875,44.296875,0.0,0.0,0.0,-30.76171875,-48.33984375,0.0,-0.0,-0.0,0.0,9.6,9.5,7.4
5.187054875015747,5.190036457992392,28.714292071413485,19.142861380942325,-23.928576726177905,-5.792310260166228,-8.688465390249341,43.07143810712023,29.267578125,19.423828125,-24.43359375,-4.39453125,-7.03125,44.208984375,0.0,0.0,0.0,-30.76171875,-48.33984375,0.0,0.8,-0.0,-0.8,8.0,10.3,7.4
5.190071541001089,5.193129874998704,28.672798967617254,19.115199311744835,-23.893999139681043,-5.882954637957853,-8.82443195693678,43.00919845142588,29.267578125,19.423828125,-24.43359375,-4.482421875,-7.119140625,44.12109375,0.0,0.0,0.0,-30.76171875,-43.9453125,-13.18359375,0.8,-0.0,-0.8,8.8,11.1,7.4
5.193161708011758,5.196995250007603,28.629627353259306,19.086418235506205,-23.858022794382755,-5.975670584908127,-8.963505877362191,42.94444102988896,29.267578125,19.423828125,-24.43359375,-4.5703125,-7.294921875,44.033203125,0.0,0.0,0.0,-30.76171875,-43.9453125,-13.18359375,0.8,-0.0,-0.8,8.8,11.4,6.3
5.197028499998851,5.200008457992226,28.574655755744118,19.04977050382941,-23.812213129786763,-6.091489452624124,-9.137234178936186,42.86198363361618,29.267578125,19.423828125,-24.43359375,-4.658203125,-7.3828125,43.857421875,0.0,0.0,0.0,-30.76171875,-43.9453125,-13.18359375,1.6,-0.0,-1.8,9.6,10.6,5.5
5.200034375011455,5.203018041007454,28.53119487549886,19.020796583665906,-23.775995729582384,-6.181366946137674,-9.272050419206511,42.79679231324829,29.267578125,19.423828125,-24.43359375,-4.74609375,-7.55859375,43.76953125,0.0,0.0,0.0,-30.76171875,-43.9453125,-13.18359375,1.6,-0.0,-1.8,8.8,10.6,4.7
5.203047916002106,5.206003791012336,28.486984657209526,18.99132310480635,-23.73915388100794,-6.271335322628541,-9.407002983942812,42.730476985814285,29.267578125,19.423828125,-24.43359375,-4.833984375,-7.646484375,43.681640625,0.0,0.0,0.0,-30.76171875,-43.9453125,-13.18359375,2.7,-0.0,-2.6,8.8,11.2,5.5
5.2060305410122965,5.20902800001204,28.442599456618836,18.961732971079222,-23.70216621384903,-6.360242348644201,-9.5403635229663,42.663899184928255,29.267578125,19.423828125,-24.43359375,-5.009765625,-7.822265625,43.681640625,0.0,0.0,0.0,-30.76171875,-43.9453125,-13.18359375,2.7,-0.0,-2.6,8.0,11.2,6.3
5.20906329099671,5.212997082999209,28.396828195375434,18.931218796916955,-23.664023496146193,-6.450500357589179,-9.675750536383768,42.59524229306315,29.267578125,19.423828125,-24.43359375,-5.09765625,-7.998046875,43.59375,0.0,0.0,0.0,-30.76171875,-39.55078125,-26.3671875,3.5,0.9,-2.6,8.8,11.2,5.5
5.213030874991091,5.216051625000546,28.3359752502577,18.89065016683847,-23.613312708548083,-6.568358719963899,-9.852538079945848,42.50396287538655,29.267578125,19.423828125,-24.43359375,-5.185546875,-8.0859375,43.505859375,0.0,0.0,0.0,-30.76171875,-39.55078125,-26.3671875,3.5,0.9,-3.4,8.8,12.1,5.6
5.216086666012416,5.219136750005418,28.288356566442772,18.858904377628512,-23.573630472035642,-6.658958302577371,-9.988437453866057,42.43253484966416,29.267578125,19.423828125,-24.43359375,-5.2734375,-8.26171875,43.41796875,0.0,0.0,0.0,-30.76171875,-39.55078125,-26.3671875,4.3,1.7,-3.4,8.0,10.5,4.8
5.21917491601198,5.223085208010161,28.239569884366816,18.826379922911208,-23.532974903639012,-6.750364360403497,-10.125546540605246,42.35935482655022,29.267578125,19.423828125,-24.43359375,-5.361328125,-8.4375,43.41796875,0.0,0.0,0.0,-30.76171875,-39.55078125,-26.3671875,4.3,1.7,-4.2,8.0,10.5,6.4
5.2231352500093635,5.227165916003287,28.176034075584766,18.784022717056512,-23.480028396320645,-6.867349602656388,-10.30102440398458,42.26405111337715,29.267578125,19.423828125,-24.43359375,-5.44921875,-8.525390625,43.330078125,0.0,0.0,0.0,-30.76171875,-39.55078125,-26.3671875,5.1,1.7,-4.2,8.8,11.1,6.4
5.227226374991005,5.231100041011814,28.10925501002967,18.73950334001978,-23.42437917502473,-6.987919187382424,-10.481878781073636,42.163882515044506,29.267578125,19.423828125,-24.43359375,-5.537109375,-8.701171875,43.2421875,0.0,0.0,0.0,-30.76171875,-39.55078125,-26.3671875,5.9,2.5,-5.0,9.6,11.9,6.4
5.23115754101309,5.234985415998381,28.043993258323454,18.69599550554897,-23.369994381936213,-7.1035028018923665,-10.655254202838549,42.06598988748518,29.267578125,19.423828125,-24.43359375,-5.712890625,-8.96484375,43.154296875,0.0,0.0,0.0,-30.76171875,-43.9453125,-17.578125,5.9,2.6,-5.0,8.0,11.1,6.4
5.235019874991849,5.238033833011286,27.978832749955018,18.65255516663668,-23.31569395829585,-7.216798857913066,-10.825198286869599,41.96824912493253,29.267578125,19.423828125,-24.43359375,-5.80078125,-9.140625,43.06640625,0.0,0.0,0.0,-30.76171875,-43.9453125,-17.578125,6.7,3.4,-5.9,8.8,10.4,6.4
5.238066791003803,5.241070374991978,27.92670218482639,18.617801456550925,-23.27225182068866,-7.305988565858163,-10.958982848787246,41.89005327723959,29.267578125,19.423828125,-24.43359375,-5.888671875,-9.228515625,42.978515625,0.0,0.0,0.0,-30.76171875,-43.9453125,-17.578125,6.7,3.4,-5.9,8.8,10.4,5.6
5.241102833009791,5.245111416006694,27.874121380519835,18.582747587013223,-23.22843448376653,-7.39469351071119,-11.092040266066785,41.81118207077976,29.267578125,19.423828125,-24.43359375,-5.9765625,-9.31640625,42.890625,0.0,0.0,0.0,-30.76171875,-43.9453125,-17.578125,7.5,3.4,-6.7,9.6,12.0,6.4
5.245148332993267,5.249007333011832,27.803072949234426,18.535381966156283,-23.169227457695357,-7.512630389463358,-11.268945584195038,41.704609423851636,29.267578125,19.423828125,-24.43359375,-6.064453125,-9.4921875,42.802734375,0.0,0.0,0.0,-30.76171875,-43.9453125,-17.578125,8.3,4.2,-6.7,9.6,12.0,6.5
5.249031208019005,5.252186875004554,27.73382461690534,18.489216411270228,-23.111520514087786,-7.625541062587997,-11.438311593881995,41.600736925358014,29.267578125,19.423828125,-24.43359375,-6.240234375,-9.66796875,42.71484375,0.0,0.0,0.0,-30.76171875,-43.9453125,-26.3671875,8.3,4.2,-7.5,7.8,12.0,6.5
5.252209083002526,5.256016875006026,27.676381619677347,18.450921079784898,-23.063651349731124,-7.717740038868195,-11.576610058302293,41.51457242951602,29.267578125,19.423828125,-24.43359375,-6.328125,-9.84375,42.626953125,0.0,0.0,0.0,-30.76171875,-43.9453125,-26.3671875,9.1,5.0,-7.5,8.6,11.2,6.4
5.256047666014638,5.258990291011287,27.60607623692414,18.404050824616093,-23.005063530770116,-7.828851336240059,-11.743277004360088,41.40911435538621,29.267578125,19.423828125,-24.43359375,-6.416015625,-10.01953125,42.5390625,0.0,0.0,0.0,-26.3671875,-43.9453125,-26.3671875,9.9,5.0,-8.3,9.4,12.0,7.2
5.259020708006574,5.2619790410099085,27.550933788393248,18.367289192262167,-22.95911149032771,-7.914713369908563,-11.872070054862846,41.32640068258987,29.267578125,19.423828125,-24.43359375,-6.50390625,-10.1953125,42.451171875,0.0,0.0,0.0,-26.3671875,-43.9453125,-26.3671875,9.9,5.8,-8.3,9.8,12.0,6.4
5.262004749994958,5.265002625004854,27.494983114624,18.329988743082666,-22.912485928853332,-8.000719510048004,-12.001079265072006,41.242474671935994,29.267578125,19.423828125,-24.43359375,-6.591796875,-10.283203125,42.36328125,0.0,0.0,0.0,-26.3671875,-43.9453125,-26.3671875,10.8,5.8,-9.1,9.0,12.1,7.3
5.265029625006719,5.267991333006648,27.437650282171948,18.2917668547813,-22.864708568476626,-8.087723123990104,-12.131584685985155,41.15647542325792,29.267578125,19.423828125,-24.43359375,-6.6796875,-10.458984375,42.275390625,0.0,0.0,0.0,-26.3671875,-43.9453125,-26.3671875,10.8,5.8,-9.1,9.0,11.3,7.3
5.268017249996774,5.270982665999327,27.380415426554777,18.253610284369852,-22.81701285546232,-8.173476101778675,-12.260214152668013,41.070623139832165,29.267578125,19.423828125,-24.43359375,-6.767578125,-10.546875,42.1875,0.0,0.0,0.0,-26.3671875,-43.9453125,-26.3671875,11.6,6.6,-9.9,9.0,12.1,6.5
5.2710073750058655,5.273984458006453,27.32252890131835,18.215019267545568,-22.768774084431957,-8.259120599854668,-12.388680899782004,40.983793351977525,29.1796875,19.423828125,-24.43359375,-6.85546875,-10.72265625,42.099609375,0.0,0.0,0.0,-26.3671875,-43.9453125,-26.3671875,11.6,6.7,-9.9,9.6,11.3,6.5
5.2740147080039605,5.277023416012526,27.263701280096317,18.175800853397547,-22.719751066746934,-8.345074196053204,-12.517611294079806,40.89555192014448,29.1796875,19.423828125,-24.43359375,-6.943359375,-10.8984375,42.01171875,0.0,0.0,0.0,-30.76171875,-43.9453125,-26.3671875,11.6,7.5,-10.7,9.6,10.3,7.2
5.2770923750067595,5.28104954099399,27.20286793214386,18.135245288095906,-22.66905661011989,-8.432845210283132,-12.649267815424698,40.80430189821579,29.1796875,19.423828125,-24.43359375,-7.119140625,-10.986328125,41.923828125,0.0,0.0,0.0,-30.76171875,-43.9453125,-26.3671875,12.4,7.5,-10.7,8.0,11.1,6.4
5.281076749990461,5.28403954100213,27.12316844084517,18.082112293896778,-22.602640367370974,-8.54618131043959,-12.819271965659386,40.68475266126775,29.1796875,19.423828125,-24.43359375,-7.119140625,-11.162109375,41.748046875,0.0,0.0,0.0,-30.76171875,-43.9453125,-26.3671875,12.2,8.3,-11.5,8.6,11.1,6.4
5.284064708015649,5.287000957992859,27.062703005172807,18.041802003448538,-22.552252504310673,-8.630954783125697,-12.946432174688546,40.59405450775921,29.1796875,19.423828125,-24.345703125,-7.294921875,-11.25,41.66015625,0.0,0.0,0.0,-30.76171875,-43.9453125,-26.3671875,13.0,8.3,-11.5,7.8,11.2,6.3
5.287029416009318,5.290026958013186,27.002118847690245,18.001412565126827,-22.501765706408534,-8.714880702573842,-13.072321053860762,40.50317827153536,29.1796875,19.423828125,-24.345703125,-7.3828125,-11.42578125,41.572265625,-4.39453125,0.0,0.0,-30.76171875,-43.9453125,-26.3671875,13.8,8.3,-11.5,7.8,11.2,5.5
5.290061750012683,5.293070415995317,26.939546966746732,17.959697977831155,-22.449622472288947,-8.800525469827782,-13.200788204741674,40.4093204501201,29.1796875,19.423828125,-24.345703125,-7.470703125,-11.513671875,41.572265625,-4.39453125,0.0,0.0,-30.76171875,-43.9453125,-30.76171875,13.8,9.1,-12.3,8.8,11.2,7.1
5.293101082992507,5.297081500000786,26.876217346158715,17.917478230772478,-22.3968477884656,-8.886167556927697,-13.329251335391545,40.314326019238074,29.091796875,19.423828125,-24.345703125,-7.55859375,-11.6015625,41.484375,-4.39453125,0.0,0.0,-30.76171875,-43.9453125,-30.76171875,13.8,9.1,-12.2,8.8,12.0,7.3
5.297113166016061,5.301050500012934,26.791681033842217,17.861120689228144,-22.32640086153518,-8.998909251949723,-13.498363877924584,40.18752155076333,29.00390625,19.423828125,-24.2578125,-7.646484375,-11.77734375,41.30859375,-4.39453125,0.0,0.0,-30.76171875,-43.9453125,-30.76171875,13.8,9.9,-12.2,8.8,12.0,6.5
5.301083708007354,5.304026625002734,26.706972377336154,17.804648251557435,-22.255810314446794,-9.11013175746173,-13.665197636192595,40.06045856600423,29.00390625,19.423828125,-24.2578125,-7.734375,-11.953125,41.220703125,-4.39453125,0.0,8.7890625,-30.76171875,-43.9453125,-30.76171875,14.7,9.9,-13.0,8.0,12.0,7.3
5.304053333005868,5.308025208010804,26.642938327830475,17.761958885220317,-22.202448606525397,-9.193085257939416,-13.789627886909125,39.96440749174571,28.916015625,19.423828125,-24.169921875,-7.91015625,-12.12890625,41.1328125,-4.39453125,0.0,8.7890625,-30.76171875,-43.9453125,-30.76171875,13.9,10.7,-12.2,8.0,11.2,7.2
5.308069833001355,5.311116208002204,26.55540845979632,17.703605639864215,-22.12950704983027,-9.304963586611612,-13.957445379917417,39.83311268969448,28.828125,19.423828125,-24.169921875,-7.998046875,-12.216796875,40.95703125,-13.18359375,0.0,8.7890625,-30.76171875,-39.55078125,-30.76171875,13.9,10.7,-13.0,8.8,12.0,6.4
5.311155875009717,5.315091833006591,26.487437393956224,17.658291595970816,-22.07286449496352,-9.39067292113118,-14.08600938169677,39.731156090934334,28.828125,19.423828125,-24.169921875,-8.0859375,-12.392578125,40.869140625,-13.18359375,0.0,8.7890625,-30.76171875,-39.55078125,-30.76171875,14.7,11.5,-13.0,8.8,12.0,5.6
5.315146915992955,5.319062624999788,26.398610694762848,17.599073796508563,-21.998842245635707,-9.501189478430875,-14.251784217646314,39.59791604214427,28.740234375,19.3359375,-24.08203125,-8.26171875,-12.568359375,40.78125,-13.18359375,0.0,8.7890625,-30.76171875,-39.55078125,-30.76171875,14.7,11.5,-12.9,7.2,11.3,6.3
5.319110540993279,5.32309483300196,26.309367329380976,17.539578219587316,-21.92447277448415,-9.610577291660379,-14.415865937490569,39.464050994071464,28.65234375,19.3359375,-23.994140625,-8.349609375,-12.744140625,40.693359375,-13.18359375,-4.39453125,13.18359375,-30.76171875,-39.55078125,-30.76171875,14.7,11.5,-12.9,8.0,9.7,7.1
5.323148124996806,5.327152457990451,26.217410189112258,17.47827345940817,-21.847841824260218,-9.72162316067373,-14.582434741010596,39.326115283668386,28.564453125,19.3359375,-23.994140625,-8.4375,-13.0078125,40.517578125,-13.18359375,-4.39453125,13.18359375,-30.76171875,-39.55078125,-30.76171875,14.4,12.3,-13.7,7.2,9.3,7.3
5.327235125005245,5.3310900409996975,26.123253601611324,17.415502401074217,-21.76937800134277,-9.833629854645649,-14.750444781968474,39.18488040241699,28.4765625,19.248046875,-23.90625,-8.525390625,-13.095703125,40.4296875,-17.578125,-4.39453125,13.18359375,-30.76171875,-43.9453125,-30.76171875,14.4,11.5,-13.7,8.8,10.9,8.1
5.331165957992198,5.335018208017573,26.03167902636129,17.35445268424086,-21.693065855301075,-9.940974400452161,-14.911461600678242,39.04751853954193,28.4765625,19.248046875,-23.90625,-8.61328125,-13.18359375,40.25390625,-17.578125,-4.39453125,13.18359375,-30.76171875,-43.9453125,-30.76171875,15.2,12.1,-13.7,8.8,10.1,7.3
5.335053791000973,5.338115791004384,25.9401299596358,17.293419973090533,-21.61677496636317,-10.046771901178674,-15.070157851768013,38.9101949394537,28.388671875,19.16015625,-23.818359375,-8.7890625,-13.359375,40.166015625,-17.578125,-4.39453125,13.18359375,-26.3671875,-43.9453125,-30.76171875,15.2,12.1,-13.7,7.2,11.4,8.0
5.338151458010543,5.344953207997605,25.86649473595559,17.244329823970396,-21.555412279962997,-10.130799026835206,-15.19619854025281,38.79974210393339,28.212890625,19.16015625,-23.73046875,-8.96484375,-13.623046875,39.90234375,-17.578125,-8.7890625,13.18359375,-26.3671875,-43.9453125,-30.76171875,14.4,12.9,-13.7,8.0,11.2,7.2
5.344973791012308,5.3479613329982385,25.702162575575386,17.134775050383592,-21.418468812979487,-10.315012553203802,-15.472518829805702,38.55324386336308,28.125,19.072265625,-23.642578125,-9.052734375,-13.7109375,39.7265625,-17.578125,-8.7890625,13.18359375,-26.3671875,-43.9453125,-30.76171875,14.4,12.1,-13.7,7.2,11.2,6.5
5.347978916019201,5.351085458009038,25.628839406220358,17.08589293748024,-21.3573661718503,-10.395780996585247,-15.59367149487787,38.44325910933053,28.037109375,19.072265625,-23.5546875,-9.140625,-13.798828125,39.638671875,-21.97265625,-8.7890625,13.18359375,-26.3671875,-35.15625,-35.15625,14.4,12.9,-13.7,6.2,10.4,5.7
5.351116791018285,5.3549992500047665,25.551667773563295,17.03444518237553,-21.293056477969415,-10.479870100752349,-15.719805151128522,38.32750166034494,27.94921875,18.984375,-23.466796875,-9.140625,-13.974609375,39.55078125,-21.97265625,-8.7890625,13.18359375,-26.3671875,-35.15625,-35.15625,13.6,12.1,-12.9,7.0,10.4,6.5
5.355021708004642,5.358016790996771,25.454765102722284,16.969843401814856,-21.21230425226857,-10.584158677848738,-15.876238016773108,38.18214765408343,27.7734375,18.984375,-23.466796875,-9.228515625,-14.0625,39.462890625,-21.97265625,-8.7890625,13.18359375,-26.3671875,-35.15625,-35.15625,12.8,12.9,-13.6,7.8,11.9,7.0
5.358036165998783,5.3610542910173535,25.379304453996117,16.919536302664078,-21.1494203783301,-10.664393620962816,-15.996590431444224,38.06895668099418,27.685546875,18.984375,-23.37890625,-9.31640625,-14.150390625,39.375,-21.97265625,-8.7890625,13.18359375,-26.3671875,-35.15625,-35.15625,12.8,13.7,-13.6,9.1,12.7,7.8
5.36107237500255,5.364018708001822,25.3027241121643,16.868482741442865,-21.085603426803583,-10.744965798067676,-16.117448697101516,37.95408616824645,27.685546875,18.896484375,-23.37890625,-9.404296875,-14.326171875,39.287109375,-21.97265625,-8.7890625,17.578125,-26.3671875,-35.15625,-35.15625,13.5,12.9,-14.4,9.1,12.7,8.6
5.364036250015488,5.367116750014247,25.227413062139657,16.81827537475977,-21.02284421844972,-10.823382716080449,-16.235074074120675,37.84111959320949,27.59765625,18.896484375,-23.291015625,-9.4921875,-14.4140625,39.111328125,-21.97265625,-8.7890625,17.578125,-26.3671875,-35.15625,-35.15625,13.5,13.7,-13.6,8.3,13.1,7.4
5.367136749991914,5.371033666015137,25.14804525205753,16.765363501371688,-20.95670437671461,-10.90516330308144,-16.35774495462216,37.72206787808629,27.421875,18.896484375,-23.291015625,-9.580078125,-14.58984375,39.0234375,-30.76171875,-8.7890625,17.578125,-26.3671875,-39.55078125,-35.15625,11.9,13.7,-14.4,8.3,11.5,8.2
5.371051333000651,5.374053541017929,25.046986479119596,16.69799098607973,-20.872488732599667,-11.00804692162965,-16.512070382444474,37.570479718679394,27.333984375,18.80859375,-23.203125,-9.66796875,-14.765625,38.84765625,-30.76171875,-8.7890625,17.578125,-26.3671875,-39.55078125,-30.76171875,11.9,13.7,-14.4,8.8,11.0,8.2
5.374070916004712,5.377019166015089,24.968385801548465,16.645590534365642,-20.80698816795705,-11.087123872413303,-16.630685808619955,37.4525787023227,27.24609375,18.80859375,-23.115234375,-9.755859375,-14.853515625,38.759765625,-30.76171875,-8.7890625,17.578125,-21.97265625,-39.55078125,-30.76171875,11.9,14.5,-14.4,8.8,11.8,7.2
5.377036207995843,5.380100208014483,24.890651659563662,16.593767773042444,-20.742209716303055,-11.164536313449746,-16.74680447017462,37.335977489345495,27.158203125,18.80859375,-23.02734375,-9.84375,-15.029296875,38.671875,-30.76171875,-8.7890625,17.578125,-21.97265625,-39.55078125,-30.76171875,11.9,14.5,-13.6,8.8,11.8,8.0
5.380117291002534,5.383195208007237,24.809310055232913,16.539540036821943,-20.67442504602743,-11.244714997293794,-16.86707249594069,37.21396508284937,27.0703125,18.720703125,-22.939453125,-9.931640625,-15.1171875,38.49609375,-30.76171875,-8.7890625,17.578125,-21.97265625,-39.55078125,-30.76171875,11.8,14.5,-13.6,8.8,11.8,8.0
5.3832171660033055,5.387071125005605,24.726885900027714,16.484590600018475,-20.605738250023098,-11.325116897841825,-16.98767534676274,37.09032885004157,26.982421875,18.720703125,-22.939453125,-10.01953125,-15.29296875,38.408203125,-30.76171875,-8.7890625,17.578125,-21.97265625,-39.55078125,-30.76171875,11.8,14.5,-14.4,8.8,12.1,7.1
5.387105708010495,5.390985958016245,24.622662732043047,16.415108488028697,-20.518885610035873,-11.425594659633616,-17.138391989450422,36.933994098064574,26.982421875,18.6328125,-22.8515625,-10.107421875,-15.380859375,38.232421875,-26.3671875,-8.7890625,17.578125,-21.97265625,-39.55078125,-30.76171875,12.6,14.5,-14.4,8.0,12.1,7.1
5.391016083012801,5.393975332990522,24.516927994821366,16.34461866321424,-20.430773329017807,-11.526206694056313,-17.28931004108447,36.775391992232045,26.89453125,18.544921875,-22.763671875,-10.1953125,-15.64453125,38.056640625,-26.3671875,-8.7890625,17.578125,-21.97265625,-39.55078125,-39.55078125,12.6,14.5,-13.6,8.8,10.2,7.1
5.394005833019037,5.396958875004202,24.435462346894653,16.2903082312631,-20.362885289078882,-11.602838348026815,-17.404257522040222,36.65319352034198,26.806640625,18.544921875,-22.763671875,-10.283203125,-15.732421875,37.96875,-26.3671875,-8.7890625,17.578125,-30.76171875,-39.55078125,-39.55078125,12.6,14.5,-14.5,8.8,10.2,8.1
5.396986375009874,5.399978166009532,24.353711161028468,16.235807440685647,-20.29475930085706,-11.678979268282676,-17.518468902424015,36.5305667415427,26.806640625,18.544921875,-22.67578125,-10.37109375,-15.8203125,37.880859375,-26.3671875,-13.18359375,17.578125,-30.76171875,-39.55078125,-39.55078125,13.4,15.3,-14.5,8.0,11.0,8.9
5.400005916017108,5.402964583016001,24.270345964054954,16.1802306427033,-20.22528830337913,-11.755855406941897,-17.633783110412846,36.40551894608243,26.71875,18.45703125,-22.587890625,-10.458984375,-15.99609375,37.705078125,-26.3671875,-13.18359375,21.97265625,-30.76171875,-39.55078125,-39.55078125,12.9,14.5,-14.5,8.0,11.0,8.1
5.402986333006993,5.4059580829925835,24.187525477925607,16.125016985283736,-20.156271231604673,-11.831476121951603,-17.747214182927404,36.28128821688841,26.71875,18.45703125,-22.587890625,-10.546875,-16.083984375,37.6171875,-26.3671875,-13.18359375,21.97265625,-30.76171875,-39.55078125,-39.55078125,13.7,15.3,-14.5,8.0,11.3,8.9
5.405985916004283,5.408987166010775,24.103637149350927,16.069091432900617,-20.086364291125776,-11.907321299145327,-17.86098194871799,36.15545572402639,26.630859375,18.369140625,-22.5,-10.634765625,-16.171875,37.529296875,-17.578125,-13.18359375,21.97265625,-30.76171875,-39.55078125,-39.55078125,13.7,15.3,-14.5,8.8,12.1,8.9
5.409017083002254,5.412000415992225,24.018321936741845,16.01221462449456,-20.015268280618205,-11.983696542349628,-17.975544813524444,36.02748290511277,26.54296875,18.369140625,-22.412109375,-10.72265625,-16.34765625,37.353515625,-17.578125,-13.18359375,21.97265625,-30.76171875,-39.55078125,-39.55078125,13.7,15.3,-14.5,8.0,11.3,8.1
5.412034000008134,5.414996958017582,23.932867130693445,15.955244753795629,-19.94405594224454,-12.059442974137614,-18.08916446120642,35.899300696040164,26.455078125,18.28125,-22.412109375,-10.810546875,-16.435546875,37.265625,-17.578125,-13.18359375,21.97265625,-30.76171875,-39.55078125,-39.55078125,13.7,15.3,-14.5,7.2,10.4,8.8
5.415027625014773,5.417989458015654,23.847540801209266,15.89836053413951,-19.87295066767439,-12.134336913342864,-18.201505370014296,35.7713112018139,26.455078125,18.28125,-22.32421875,-10.810546875,-16.5234375,37.08984375,-17.578125,-13.18359375,21.97265625,-26.3671875,-39.55078125,-39.55078125,14.5,15.3,-14.4,8.0,11.2,7.2
5.418016708019422,5.420969083003001,23.76181780571237,15.841211870474911,-19.801514838093638,-12.208849514787408,-18.31327427218111,35.64272670856855,26.3671875,18.193359375,-22.236328125,-10.8984375,-16.611328125,37.001953125,-17.578125,-17.578125,21.97265625,-26.3671875,-39.55078125,-39.55078125,14.5,15.3,-14.4,8.0,12.0,7.2
5.4209975830162875,5.4239756659953855,23.67580852405537,15.783872349370247,-19.72984043671281,-12.282889467010008,-18.424334200515013,35.513712786083055,26.279296875,18.193359375,-22.1484375,-10.986328125,-16.69921875,36.826171875,-17.578125,-17.578125,17.578125,-26.3671875,-39.55078125,-39.55078125,13.8,16.1,-14.4,8.0,12.1,7.2
5.4240039580035955,5.427021583018359,23.58853772261452,15.725691815076349,-19.657114768845435,-12.357290032092019,-18.53593504813803,35.382806583921784,26.279296875,18.10546875,-22.1484375,-11.07421875,-16.787109375,36.73828125,-17.578125,-17.578125,17.578125,-26.3671875,-39.55078125,-39.55078125,14.6,15.3,-14.4,8.8,12.9,7.9
5.4270591660169885,5.430046499997843,23.499310443014945,15.666206962009962,-19.582758702512454,-12.432616756880693,-18.64892513532104,35.248965664522416,26.19140625,18.10546875,-22.060546875,-11.162109375,-16.962890625,36.650390625,-21.97265625,-17.578125,17.578125,-26.3671875,-39.55078125,-39.55078125,14.6,16.1,-14.4,8.0,12.1,7.9
5.4300784160150215,5.43311337500927,23.410601603580943,15.607067735720628,-19.50883466965079,-12.506775631337925,-18.76016344700689,35.115902405371415,26.19140625,18.017578125,-22.060546875,-11.25,-17.05078125,36.474609375,-21.97265625,-17.578125,17.578125,-26.3671875,-39.55078125,-43.9453125,15.4,15.2,-15.2,8.0,12.1,8.7
5.433149874996161,5.4370216249953955,23.319818520549394,15.546545680366261,-19.43318210045783,-12.581928207086746,-18.872892310630117,34.97972778082409,26.103515625,18.017578125,-21.97265625,-11.337890625,-17.138671875,36.38671875,-21.97265625,-17.578125,17.578125,-26.3671875,-39.55078125,-43.9453125,15.4,16.0,-15.3,7.2,11.2,8.8
5.437056249997113,5.440106541005662,23.20357390760395,15.469049271735965,-19.33631158966996,-12.677086204195543,-19.015629306293313,34.80536086140592,26.015625,17.9296875,-21.884765625,-11.42578125,-17.314453125,36.2109375,-21.97265625,-13.18359375,17.578125,-26.3671875,-39.55078125,-43.9453125,15.4,16.0,-15.3,8.0,11.2,8.0
5.440147207991686,5.444055750005646,23.1109748467167,15.4073165644778,-19.25914570559725,-12.752042827796966,-19.128064241695448,34.66646227007505,26.015625,17.841796875,-21.796875,-11.513671875,-17.40234375,36.123046875,-21.97265625,-13.18359375,17.578125,-26.3671875,-39.55078125,-43.9453125,16.2,16.0,-15.3,8.0,12.0,8.0
5.44411825001589,5.448062665993348,22.991210918474103,15.327473945649402,-19.159342432061756,-12.847900312714087,-19.27185046907113,34.48681637771115,25.927734375,17.75390625,-21.708984375,-11.6015625,-17.578125,35.947265625,-21.97265625,-13.18359375,17.578125,-26.3671875,-39.55078125,-43.9453125,17.0,15.2,-15.3,8.0,11.9,9.6
5.448121583001921,5.452059625007678,22.869567629396254,15.246378419597503,-19.05797302449688,-12.944031253300938,-19.41604687995141,34.30435144409439,25.83984375,17.666015625,-21.62109375,-11.689453125,-17.75390625,35.771484375,-13.18359375,-13.18359375,17.578125,-26.3671875,-39.55078125,-39.55078125,17.0,15.2,-15.3,7.2,11.1,9.6
5.452112291008234,5.45600779101369,22.74740786853124,15.164938579020827,-18.956173223776037,-13.039349596299875,-19.55902439444981,34.12111180279686,25.83984375,17.666015625,-21.62109375,-11.77734375,-17.9296875,35.5078125,-13.18359375,-13.18359375,17.578125,-21.97265625,-39.55078125,-39.55078125,17.8,16.0,-16.1,8.0,10.3,8.0
5.456045166007243,5.4600186250172555,22.626143889361956,15.084095926241304,-18.85511990780163,-13.132785313403645,-19.699177970105467,33.93921583404293,25.751953125,17.578125,-21.533203125,-11.865234375,-18.017578125,35.33203125,-13.18359375,-17.578125,17.578125,-21.97265625,-39.55078125,-39.55078125,17.8,16.0,-16.1,7.2,11.1,8.0
5.460060540994164,5.463945249997778,22.501445312594686,15.00096354172979,-18.75120442716224,-13.227663921482645,-19.841495882223967,33.75216796889203,25.751953125,17.490234375,-21.4453125,-12.041015625,-18.193359375,35.15625,-13.18359375,-17.578125,21.97265625,-21.97265625,-39.55078125,-39.55078125,18.7,16.0,-16.1,7.2,11.1,8.8
5.463978000014322,5.466929040994728,22.378924820450244,14.919283213633497,-18.64910401704187,-13.319721783558158,-19.979582675337237,33.56838723067537,25.6640625,17.40234375,-21.357421875,-12.041015625,-18.369140625,34.98046875,-13.18359375,-17.578125,21.97265625,-21.97265625,-39.55078125,-39.55078125,18.7,16.0,-16.1,7.2,10.5,8.1
5.466953625000315,5.46994937499403,22.28529411898201,14.856862745988007,-18.57107843248501,-13.389310264045482,-20.083965396068223,33.42794117847301,25.576171875,17.40234375,-21.26953125,-12.12890625,-18.369140625,34.8046875,-17.578125,-17.578125,21.97265625,-21.97265625,-30.76171875,-48.33984375,18.7,16.0,-16.1,8.0,11.3,7.3
5.469978041015565,5.472983582993038,22.189629264636462,14.793086176424309,-18.491357720530385,-13.459740018918794,-20.18961002837819,33.28444389695469,25.48828125,17.314453125,-21.181640625,-12.216796875,-18.544921875,34.716796875,-17.578125,-17.578125,21.97265625,-21.97265625,-30.76171875,-48.33984375,18.7,16.2,-15.3,8.0,11.3,8.9
5.4730150410032365,5.475997666013427,22.093062432667754,14.72870828844517,-18.410885360556463,-13.530157137072967,-20.29523570560945,33.13959364900163,25.400390625,17.314453125,-21.181640625,-12.3046875,-18.6328125,34.541015625,-17.578125,-17.578125,21.97265625,-21.97265625,-30.76171875,-48.33984375,18.7,17.0,-16.0,7.2,12.1,8.0
5.476028916018549,5.4800259580079,21.996733835528662,14.664489223685775,-18.33061152960722,-13.599733666818763,-20.399600500228143,32.995100753292995,25.3125,17.2265625,-21.09375,-12.3046875,-18.720703125,34.453125,-17.578125,-17.578125,21.97265625,-21.97265625,-30.76171875,-48.33984375,19.5,16.2,-16.0,8.0,12.1,9.6
5.480079958011629,5.484005500009516,21.866479322851145,14.577652881900763,-18.222066102375955,-13.692773146985616,-20.539159720478423,32.799718984276716,25.13671875,17.138671875,-21.005859375,-12.48046875,-18.80859375,34.189453125,-17.578125,-17.578125,21.97265625,-21.97265625,-30.76171875,-48.33984375,18.5,16.2,-16.0,8.0,12.1,8.8
5.484034499997506,5.487010832992382,21.738473530320938,14.492315686880627,-18.115394608600784,-13.783061562359563,-20.674592343539345,32.60771029548141,25.048828125,17.05078125,-20.91796875,-12.568359375,-18.984375,34.013671875,-17.578125,-17.578125,21.97265625,-21.97265625,-30.76171875,-48.33984375,18.5,16.2,-16.0,8.0,11.9,8.0
5.4870446659915615,5.490981875016587,21.640474019905742,14.426982679937161,-18.033728349921454,-13.851432083102209,-20.777148124653312,32.460711029858615,24.9609375,16.962890625,-20.830078125,-12.65625,-19.072265625,33.92578125,-26.3671875,-17.578125,21.97265625,-21.97265625,-35.15625,-43.9453125,18.5,16.2,-16.0,7.2,11.9,8.0
5.4910197500139475,5.494917250005528,21.510319506169754,14.340213004113169,-17.925266255141466,-13.941244241338843,-20.911866362008265,32.26547925925463,24.873046875,16.875,-20.7421875,-12.744140625,-19.248046875,33.75,-26.3671875,-17.578125,21.97265625,-21.97265625,-35.15625,-43.9453125,18.5,15.9,-16.0,8.0,11.2,9.7
5.494952375011053,5.49807379100821,21.380729937183336,14.253819958122225,-17.817274947652784,-14.029562238410595,-21.044343357615894,32.071094905775006,24.697265625,16.787109375,-20.654296875,-12.83203125,-19.423828125,33.57421875,-26.3671875,-17.578125,21.97265625,-26.3671875,-35.15625,-43.9453125,18.5,15.9,-16.1,8.0,10.4,9.7
5.498097083007451,5.501081791007891,21.276516855348547,14.184344570232366,-17.73043071279046,-14.099800321739298,-21.149700482608946,31.914775283022824,24.609375,16.787109375,-20.654296875,-12.919921875,-19.51171875,33.3984375,-26.3671875,-21.97265625,17.578125,-26.3671875,-35.15625,-43.9453125,18.5,15.9,-16.9,7.2,10.4,8.1
5.501100916007999,5.505009624990635,21.17648742741843,14.11765828494562,-17.647072856182028,-14.166570670049483,-21.249856005074225,31.764731141127644,24.521484375,16.69921875,-20.56640625,-13.0078125,-19.599609375,33.310546875,-26.3671875,-21.97265625,17.578125,-26.3671875,-35.15625,-43.9453125,18.3,15.9,-16.9,7.2,11.2,8.7
5.505027333012549,5.507967125013238,21.045024848327145,14.030016565551431,-17.53752070693929,-14.253372764730193,-21.380059147095288,31.567537272490718,24.43359375,16.611328125,-20.478515625,-13.095703125,-19.6875,33.134765625,-30.76171875,-21.97265625,17.578125,-26.3671875,-35.15625,-43.9453125,18.3,15.9,-16.9,6.4,12.0,9.5
5.507992458005901,5.510968999995384,20.945217017958655,13.963478011972438,-17.454347514965544,-14.318564237002336,-21.477846355503505,31.417825526937982,24.345703125,16.5234375,-20.390625,-13.18359375,-19.86328125,32.958984375,-30.76171875,-21.97265625,17.578125,-26.3671875,-35.15625,-48.33984375,18.3,16.0,-16.9,7.2,10.4,9.5
5.510992416006047,5.514004124997882,20.843774288823003,13.895849525882003,-17.369811907352506,-14.384205433531768,-21.576308150297653,31.265661433234506,24.2578125,16.5234375,-20.302734375,-13.18359375,-19.86328125,32.783203125,-30.76171875,-21.97265625,17.578125,-26.3671875,-35.15625,-48.33984375,18.3,16.0,-16.9,8.0,11.2,9.7
5.514044250012375,5.516970458003925,20.74010246994505,13.826734979963366,-17.28341872495421,-14.450653957307864,-21.675980935961796,31.110153704917575,24.169921875,16.435546875,-20.302734375,-13.271484375,-19.951171875,32.6953125,-30.76171875,-21.97265625,17.578125,-26.3671875,-35.15625,-48.33984375,18.3,16.0,-17.6,7.2,12.0,10.5
5.5169982080115005,5.519924207997974,20.639301571537686,13.759534381025125,-17.19941797628141,-14.51465513256817,-21.771982698852252,30.95895235730653,24.08203125,16.34765625,-20.21484375,-13.359375,-20.126953125,32.51953125,-30.76171875,-21.97265625,17.578125,-26.3671875,-35.15625,-48.33984375,18.3,16.0,-17.6,7.2,10.4,9.7
5.519949250010541,5.522976541018579,20.53815646798427,13.692104311989512,-17.115130389986895,-14.578281088989817,-21.867421633484724,30.8072347019764,23.994140625,16.34765625,-20.126953125,-13.447265625,-20.21484375,32.34375,-30.76171875,-21.97265625,21.97265625,-26.3671875,-35.15625,-48.33984375,18.4,16.8,-17.6,6.4,10.4,9.7
5.52300675000879,5.525998791010352,20.43289712596153,13.621931417307687,-17.027414271634612,-14.643871908145256,-21.965807862217883,30.649345688942294,23.90625,16.259765625,-20.0390625,-13.53515625,-20.302734375,32.16796875,-30.76171875,-21.97265625,21.97265625,-26.3671875,-35.15625,-48.33984375,18.4,16.0,-16.8,6.4,11.2,9.7
5.526019250013633,5.529100625019055,20.32872601835897,13.552484012239315,-16.940605015299145,-14.708167020332539,-22.062250530498808,30.493089027538456,23.818359375,16.171875,-19.951171875,-13.53515625,-20.390625,32.080078125,-30.76171875,-21.97265625,21.97265625,-26.3671875,-35.15625,-48.33984375,18.4,16.0,-16.8,7.2,11.2,9.7
5.529119415994501,5.53213095801766,20.221048214472447,13.480698809648297,-16.85087351206037,-14.77398929211562,-22.16098393817343,30.33157232170867,23.73046875,16.083984375,-19.86328125,-13.623046875,-20.478515625,31.81640625,-30.76171875,-21.97265625,21.97265625,-26.3671875,-30.76171875,-48.33984375,18.4,16.0,-16.8,7.2,12.0,8.9
5.532148500002222,5.536016083002323,20.115376115675534,13.410250743783688,-16.762813429729615,-14.837963977205533,-22.2569459658083,30.1730641735133,23.642578125,16.083984375,-19.86328125,-13.7109375,-20.654296875,31.728515625,-30.76171875,-21.97265625,21.97265625,-21.97265625,-30.76171875,-48.33984375,19.2,16.8,-17.7,6.4,10.5,9.5
5.536038249992998,5.539976583007956,19.979011436661438,13.319340957774292,-16.64917619721787,-14.919623200689626,-22.37943480103444,29.96851715499216,23.466796875,15.99609375,-19.6875,-13.798828125,-20.7421875,31.46484375,-30.76171875,-17.578125,21.97265625,-21.97265625,-30.76171875,-48.33984375,18.4,16.0,-16.9,6.4,11.3,9.5
5.54001141601475,5.543001208017813,19.838952421502157,13.225968281001437,-16.5324603512518,-15.002458566179872,-22.50368784926981,29.75842863225323,23.37890625,15.908203125,-19.6875,-13.88671875,-20.830078125,31.2890625,-30.76171875,-17.578125,26.3671875,-21.97265625,-30.76171875,-48.33984375,18.4,16.0,-18.5,7.2,12.0,9.5
5.543033958005253,5.545991332997801,19.73188626168344,13.154590841122292,-16.44323855140287,-15.065083464842186,-22.59762519726328,29.59782939252516,23.291015625,15.8203125,-19.599609375,-13.974609375,-20.91796875,31.11328125,-30.76171875,-17.578125,26.3671875,-21.97265625,-30.76171875,-48.33984375,18.4,16.0,-18.5,6.4,12.0,8.7
5.546020333014894,5.548911332996795,19.62566438357878,13.083776255719187,-16.354720319648983,-15.12662549580305,-22.689938243704574,29.43849657536817,23.203125,15.8203125,-19.51171875,-13.974609375,-21.005859375,30.9375,-30.76171875,-17.578125,26.3671875,-21.97265625,-30.76171875,-48.33984375,19.2,16.8,-17.7,7.2,11.2,8.7
5.548935041006189,5.551864458015189,19.5215751523433,13.014383434895533,-16.267979293619415,-15.186369671831274,-22.779554507746912,29.28236272851495,23.115234375,15.732421875,-19.423828125,-14.0625,-21.09375,30.849609375,-30.76171875,-17.578125,26.3671875,-21.97265625,-30.76171875,-52.734375,19.2,16.8,-17.7,6.4,11.2,9.5
5.5518880000163335,5.5549480830086395,19.41570262283914,12.943801748559427,-16.179752185699286,-15.246573263982627,-22.869859895973942,29.123553934258712,23.02734375,15.64453125,-19.3359375,-14.0625,-21.181640625,30.673828125,-30.76171875,-17.578125,26.3671875,-17.578125,-30.76171875,-52.734375,19.2,16.0,-17.6,7.2,11.9,9.8
5.5549734579981305,5.557942165993154,19.304633362835272,12.869755575223515,-16.087194469029395,-15.309127716300601,-22.963691574450902,28.956950044252906,22.939453125,15.64453125,-19.248046875,-14.150390625,-21.357421875,30.498046875,-30.76171875,-17.578125,26.3671875,-17.578125,-30.76171875,-52.734375,19.2,16.8,-17.6,7.2,10.3,9.8
5.55797066600644,5.56100154100568,19.196306679769428,12.797537786512951,-15.996922233141191,-15.369548679215443,-23.054323018823165,28.794460019654142,22.8515625,15.556640625,-19.16015625,-14.23828125,-21.4453125,30.322265625,-30.76171875,-17.578125,26.3671875,-17.578125,-30.76171875,-52.734375,19.2,16.8,-17.6,6.4,11.1,9.8
5.561031707999064,5.563959582999814,19.085233712033183,12.723489141355454,-15.904361426694322,-15.430904836392772,-23.14635725458916,28.627850568049773,22.763671875,15.46875,-19.16015625,-14.326171875,-21.533203125,30.146484375,-30.76171875,-17.578125,26.3671875,-17.578125,-30.76171875,-52.734375,19.3,16.8,-18.4,6.4,11.3,9.5
5.563985540997237,5.5669530000013765,18.977632571352956,12.651755047568638,-15.8146938094608,-15.489773859431308,-23.23466078914696,28.466448857029434,22.67578125,15.46875,-19.072265625,-14.326171875,-21.62109375,29.970703125,-30.76171875,-17.578125,26.3671875,-17.578125,-30.76171875,-52.734375,19.3,16.8,-18.4,7.2,10.5,8.7
5.56698408300872,5.569905333017232,18.867984919333214,12.57865661288881,-15.723320766111016,-15.549192834839648,-23.32378925225947,28.301977378999823,22.587890625,15.380859375,-18.984375,-14.4140625,-21.708984375,29.794921875,-26.3671875,-17.578125,26.3671875,-17.578125,-30.76171875,-57.12890625,19.3,16.8,-18.4,7.2,11.3,8.7
5.56993420800427,5.573033749999013,18.759699216633948,12.506466144422632,-15.633082680528293,-15.607315739050405,-23.410973608575606,28.13954882495092,22.5,15.29296875,-18.896484375,-14.501953125,-21.796875,29.70703125,-26.3671875,-17.578125,26.3671875,-17.578125,-30.76171875,-57.12890625,19.3,16.8,-18.4,6.4,11.1,9.5
5.573053541011177,5.5761315409909,18.644764530196987,12.429843020131324,-15.537303775164158,-15.66840778429297,-23.502611676439457,27.967146795295477,22.412109375,15.205078125,-18.80859375,-14.501953125,-21.884765625,29.53125,-26.3671875,-17.578125,26.3671875,-21.97265625,-30.76171875,-57.12890625,20.1,16.8,-18.5,7.2,10.3,9.6
5.576150333014084,5.579941708012484,18.53021759137824,12.35347839425216,-15.4418479928152,-15.728686263090923,-23.593029394636385,27.79532638706736,22.32421875,15.1171875,-18.720703125,-14.58984375,-21.884765625,29.35546875,-26.3671875,-26.3671875,26.3671875,-21.97265625,-30.76171875,-57.12890625,20.1,16.8,-18.5,7.2,11.9,9.6
5.579959541006247,5.583097249997081,18.388718070278905,12.259145380185936,-15.323931725232423,-15.802321175936964,-23.703481763905447,27.583077105418358,22.236328125,15.1171875,-18.6328125,-14.677734375,-22.060546875,29.091796875,-26.3671875,-26.3671875,26.3671875,-21.97265625,-30.76171875,-57.12890625,20.1,17.6,-18.5,6.4,11.2,9.6
5.583119290997274,5.5869893330091145,18.27084400226195,12.180562668174632,-15.225703335218293,-15.86297239128501,-23.794458586927515,27.406266003392922,22.1484375,15.029296875,-18.544921875,-14.765625,-22.1484375,28.916015625,-26.3671875,-26.3671875,26.3671875,-21.97265625,-30.76171875,-57.12890625,20.1,17.6,-19.3,7.2,10.4,9.6
5.587007499998435,5.59011874999851,18.12517746747942,12.08345164498628,-15.104314556232854,-15.937069879475285,-23.90560481921293,27.18776620121913,21.97265625,14.94140625,-18.45703125,-14.853515625,-22.236328125,28.740234375,-30.76171875,-26.3671875,26.3671875,-21.97265625,-30.76171875,-52.734375,20.1,17.8,-19.3,6.4,11.2,8.0
5.590142041008221,5.593938750011148,18.007253602365427,12.004835734910284,-15.006044668637857,-15.996372056745274,-23.994558085117912,27.01088040354814,21.884765625,14.853515625,-18.369140625,-14.853515625,-22.32421875,28.564453125,-30.76171875,-26.3671875,26.3671875,-21.97265625,-30.76171875,-52.734375,20.1,17.0,-19.3,6.4,12.1,7.8
5.593955332995392,5.597005290997913,17.86320629743179,11.90880419828786,-14.88600524785983,-16.067992487141677,-24.101988730712517,26.79480944614769,21.796875,14.765625,-18.28125,-14.94140625,-22.412109375,28.388671875,-30.76171875,-26.3671875,26.3671875,-21.97265625,-30.76171875,-52.734375,20.9,17.8,-19.3,7.2,12.1,8.6
5.597020582994446,5.600122083007591,17.746951417561082,11.831300945040722,-14.789126181300905,-16.12514551710708,-24.187718275660618,26.620427126341625,21.62109375,14.677734375,-18.193359375,-15.029296875,-22.5,28.212890625,-30.76171875,-17.578125,26.3671875,-21.97265625,-30.76171875,-52.734375,20.1,17.0,-19.3,7.2,11.3,8.6
5.60013850001269,5.603039458015701,17.628276973195746,11.752184648797163,-14.690230810996457,-16.182897020638062,-24.274345530957095,26.44241545979362,21.533203125,14.58984375,-18.10546875,-15.1171875,-22.587890625,28.125,-30.76171875,-17.578125,26.3671875,-21.97265625,-30.76171875,-52.734375,20.1,17.0,-19.3,6.4,12.0,10.2
5.603054790990427,5.6060387500037905,17.516894071983188,11.677929381322125,-14.597411726652659,-16.23656260927335,-24.354843913910027,26.275341107974782,21.4453125,14.501953125,-18.017578125,-15.1171875,-22.67578125,27.94921875,-30.76171875,-17.578125,26.3671875,-21.97265625,-30.76171875,-52.734375,20.1,17.0,-19.3,6.4,12.0,10.6
5.606064124993281,5.609024750010576,17.401572209164787,11.60104813944319,-14.501310174303988,-16.291583166356844,-24.437374749535266,26.102358313747178,21.357421875,14.501953125,-17.9296875,-15.205078125,-22.763671875,27.861328125,-30.76171875,-17.578125,26.3671875,-21.97265625,-26.3671875,-52.734375,20.1,17.8,-19.3,6.4,11.2,11.4
5.6090399580134545,5.6120212910172995,17.287151772508118,11.524767848338744,-14.405959810423429,-16.34563324077405,-24.518449861161073,25.930727658762173,21.26953125,14.4140625,-17.841796875,-15.205078125,-22.8515625,27.685546875,-30.76171875,-17.578125,26.3671875,-21.97265625,-26.3671875,-48.33984375,20.9,17.6,-19.3,7.2,12.0,11.4
5.612038332998054,5.615960208000615,17.17148257523634,11.44765505015756,-14.309568812696952,-16.39973151769876,-24.599597276548142,25.75722386285451,21.181640625,14.4140625,-17.75390625,-15.29296875,-22.8515625,27.421875,-30.76171875,-17.578125,26.3671875,-17.578125,-26.3671875,-48.33984375,20.9,17.6,-19.2,6.4,12.8,11.3
5.6159747909987345,5.619047165993834,17.019046772878184,11.34603118191879,-14.18253897739849,-16.47020268299472,-24.705304024492083,25.528570159317276,21.005859375,14.23828125,-17.666015625,-15.380859375,-23.02734375,27.24609375,-30.76171875,-21.97265625,26.3671875,-17.578125,-26.3671875,-48.33984375,20.1,17.6,-19.2,7.2,12.0,10.5
5.619062582991319,5.622992999997223,16.899019107339083,11.266012738226054,-14.082515922782571,-16.525040301981967,-24.78756045297295,25.348528661008622,20.91796875,14.150390625,-17.578125,-15.46875,-23.115234375,26.982421875,-30.76171875,-21.97265625,26.3671875,-17.578125,-26.3671875,-48.33984375,20.8,16.8,-19.2,6.4,12.0,9.7
5.623007791000418,5.626050958002452,16.745084151078633,11.163389434052423,-13.954236792565528,-16.59453935316334,-24.89180902974501,25.11762622661795,20.830078125,14.0625,-17.40234375,-15.556640625,-23.203125,26.71875,-30.76171875,-21.97265625,26.3671875,-17.578125,-26.3671875,-48.33984375,20.8,16.8,-19.2,5.6,12.0,10.3
5.626066249998985,5.629984500003047,16.625305737860256,11.083537158573504,-13.854421448216883,-16.6479789780778,-24.9719684671167,24.937958606790385,20.7421875,14.0625,-17.314453125,-15.556640625,-23.291015625,26.54296875,-35.15625,-21.97265625,26.3671875,-17.578125,-26.3671875,-61.5234375,20.8,17.6,-19.2,7.2,12.0,10.3
5.629999500000849,5.633077041013166,16.470704233152436,10.98046948876829,-13.725586860960364,-16.716138603344632,-25.074207905016948,24.70605634972865,20.56640625,13.974609375,-17.2265625,-15.64453125,-23.466796875,26.3671875,-35.15625,-21.97265625,26.3671875,-17.578125,-26.3671875,-61.5234375,20.8,17.6,-19.2,6.4,11.1,10.5
5.633091958006844,5.636084041005233,16.348709371313824,10.899139580875882,-13.623924476094857,-16.76928013948675,-25.153920209230122,24.523064056970735,20.478515625,13.88671875,-17.138671875,-15.732421875,-23.466796875,26.19140625,-35.15625,-21.97265625,26.3671875,-17.578125,-26.3671875,-61.5234375,20.8,17.6,-19.3,5.6,11.9,10.5
5.63610212499043,5.639112666016445,16.229590286611508,10.819726857741006,-13.524658572176259,-16.820627536565866,-25.2309413048488,24.344385429917264,20.302734375,13.798828125,-17.05078125,-15.8203125,-23.5546875,26.015625,-35.15625,-21.97265625,26.3671875,-17.578125,-26.3671875,-61.5234375,20.0,17.6,-19.3,5.4,11.1,10.5
5.639129040995613,5.642898582998896,16.109442525899695,10.739628350599798,-13.424535438249746,-16.871881427125818,-25.307822140688724,24.164163788849542,20.21484375,13.798828125,-16.962890625,-15.8203125,-23.642578125,25.83984375,-35.15625,-21.97265625,26.3671875,-17.578125,-26.3671875,-61.5234375,20.8,18.4,-19.3,6.2,11.1,10.5
5.642917499993928,5.645840790995862,15.958553917365336,10.639035944910225,-13.298794931137783,-16.935492734576936,-25.403239101865402,23.937830876048004,20.126953125,13.623046875,-16.875,-15.908203125,-23.73046875,25.576171875,-35.15625,-21.97265625,26.3671875,-17.578125,-26.3671875,-61.5234375,20.8,17.6,-20.1,5.4,12.1,9.6
5.645855708018644,5.648982790997252,15.841140126058221,10.560760084038813,-13.20095010504852,-16.984414810271577,-25.476622215407367,23.76171018908733,20.0390625,13.623046875,-16.787109375,-15.908203125,-23.818359375,25.48828125,-35.15625,-21.97265625,26.3671875,-17.578125,-26.3671875,-57.12890625,21.6,18.4,-20.1,7.4,11.3,10.4
5.648996875010198,5.652071874996182,15.715242747914838,10.47682849860989,-13.096035623262367,-17.03631605162089,-25.554474077431337,23.572864121872257,19.951171875,13.53515625,-16.69921875,-15.99609375,-23.90625,25.3125,-35.15625,-21.97265625,26.3671875,-17.578125,-26.3671875,-57.12890625,21.6,18.4,-20.1,6.6,12.1,11.2
5.652087041002233,5.655965208017733,15.59101613408025,10.3940107560535,-12.992513445066878,-17.08696990115697,-25.63045485173545,23.386524201120373,19.775390625,13.447265625,-16.611328125,-16.083984375,-23.994140625,25.048828125,-35.15625,-21.97265625,26.3671875,-17.578125,-26.3671875,-57.12890625,20.8,18.4,-20.0,5.8,12.0,10.5
5.655980250012362,5.659080665995134,15.433984102853833,10.289322735235888,-12.861653419044863,-17.150213924326362,-25.725320886489545,23.150976154280748,19.6875,13.359375,-16.5234375,-16.083984375,-24.08203125,24.78515625,-35.15625,-26.3671875,26.3671875,-17.578125,-26.3671875,-57.12890625,21.6,18.4,-20.0,6.4,11.2,10.5
5.659095125010936,5.662944500014419,15.307930131988574,10.205286754659049,-12.756608443323813,-17.200352387529176,-25.80052858129376,22.96189519798286,19.599609375,13.271484375,-16.435546875,-16.171875,-24.169921875,24.697265625,-35.15625,-26.3671875,30.76171875,-17.578125,-26.3671875,-57.12890625,21.7,18.4,-20.0,5.6,11.2,9.7
5.662961666006595,5.666086915996857,15.150947997949887,10.100631998633258,-12.625789998291575,-17.262017067196574,-25.893025600794864,22.72642199692483,19.423828125,13.18359375,-16.259765625,-16.259765625,-24.2578125,24.43359375,-35.15625,-26.3671875,30.76171875,-17.578125,-26.3671875,-57.12890625,21.7,18.4,-20.0,6.4,12.0,8.6
5.666102165996563,5.669992250012001,15.023031646519815,10.015354431013211,-12.519193038766515,-17.31163411181001,-25.96745116771502,22.534547469779724,19.3359375,13.095703125,-16.171875,-16.259765625,-24.345703125,24.2578125,-30.76171875,-26.3671875,30.76171875,-17.578125,-26.3671875,-57.12890625,21.7,18.4,-20.0,6.4,11.2,9.4
5.670006875006948,5.673112082993612,14.86347863541271,9.908985756941806,-12.38623219617726,-17.372737299249202,-26.059105948873803,22.295217953119064,19.16015625,13.0078125,-16.083984375,-16.34765625,-24.43359375,23.994140625,-30.76171875,-26.3671875,30.76171875,-17.578125,-26.3671875,-57.12890625,21.7,18.5,-20.0,5.6,11.1,10.5
5.673133583011804,5.6769586660084315,14.735312629559866,9.82354175303991,-12.27942719129989,-17.42119477608472,-26.13179216412708,22.1029689443398,19.072265625,12.919921875,-15.99609375,-16.435546875,-24.609375,23.818359375,-30.76171875,-26.3671875,30.76171875,-17.578125,-26.3671875,-57.12890625,21.7,18.5,-20.1,6.4,9.5,10.5
5.6769757909933105,5.679937625012826,14.577331330269336,9.718220886846224,-12.147776108557782,-17.48016541095838,-26.220248116437574,21.865996995404004,18.984375,12.83203125,-15.908203125,-16.435546875,-24.609375,23.642578125,-30.76171875,-21.97265625,26.3671875,-17.578125,-26.3671875,-57.12890625,22.5,18.5,-20.9,6.4,10.3,11.3
5.679953790997388,5.68302120800945,14.454518384789592,9.636345589859728,-12.045431987324664,-17.525434193559683,-26.288151290339524,21.681777577184388,18.80859375,12.744140625,-15.8203125,-16.5234375,-24.697265625,23.466796875,-30.76171875,-21.97265625,26.3671875,-17.578125,-26.3671875,-57.12890625,21.6,18.5,-20.9,5.6,11.2,11.3
5.683036000002176,5.686061415995937,14.327074794786448,9.551383196524299,-11.939228995655377,-17.571883195410592,-26.357824793115892,21.490612192179672,18.720703125,12.744140625,-15.64453125,-16.611328125,-24.697265625,23.291015625,-30.76171875,-21.97265625,26.3671875,-17.578125,-26.3671875,-57.12890625,22.4,19.3,-20.1,5.6,11.2,11.3
5.686082666012226,5.689977833011653,14.200770785815763,9.467180523877175,-11.833975654846473,-17.617391774275802,-26.426087661413703,21.301156178723645,18.6328125,12.65625,-15.556640625,-16.611328125,-24.78515625,23.02734375,-35.15625,-21.97265625,26.3671875,-17.578125,-21.97265625,-61.5234375,22.4,19.3,-20.1,5.6,12.0,10.5
5.689995082997484,5.693078915996011,14.038099203216738,9.358732802144493,-11.698416002680618,-17.675240319103576,-26.512860478655362,21.057148804825108,18.45703125,12.568359375,-15.46875,-16.69921875,-24.78515625,22.8515625,-35.15625,-21.97265625,26.3671875,-17.578125,-21.97265625,-61.5234375,22.4,19.2,-20.9,5.6,13.0,11.2
5.693094415997621,5.6969688330136705,13.908857587403928,9.272571724935952,-11.590714656169943,-17.72059292478438,-26.580889387176573,20.86328638110589,18.369140625,12.48046875,-15.380859375,-16.69921875,-24.873046875,22.67578125,-35.15625,-21.97265625,26.3671875,-17.578125,-21.97265625,-61.5234375,22.4,19.2,-20.8,5.6,12.2,12.0
5.696984208014328,5.700061832991196,13.746187847578451,9.164125231718966,-11.455156539648712,-17.77691786383038,-26.665376795745573,20.619281771367675,18.28125,12.392578125,-15.29296875,-16.787109375,-24.9609375,22.412109375,-35.15625,-26.3671875,30.76171875,-17.578125,-21.97265625,-61.5234375,23.2,19.2,-20.8,6.4,12.2,12.0
5.700076750013977,5.703927833004855,13.61649233717251,9.077661558115008,-11.34707694764376,-17.821225003807147,-26.73183750571072,20.424738505758764,18.10546875,12.3046875,-15.205078125,-16.875,-25.048828125,22.1484375,-35.15625,-26.3671875,30.76171875,-17.578125,-21.97265625,-61.5234375,22.5,19.2,-20.8,5.6,11.0,11.2
5.70394216600107,5.707059708016459,13.453932469529288,8.969288313019526,-11.21161039127441,-17.87601373790956,-26.81402060686434,20.18089870429393,17.9296875,12.12890625,-15.029296875,-16.875,-25.13671875,21.884765625,-39.55078125,-26.3671875,30.76171875,-17.578125,-21.97265625,-61.5234375,22.5,18.4,-20.8,6.4,11.8,11.2
5.707074125006329,5.7110804580152035,13.321854063470232,8.881236042313489,-11.101545052891863,-17.91992316838194,-26.87988475257291,19.98278109520535,17.841796875,12.12890625,-14.94140625,-16.962890625,-25.224609375,21.708984375,-39.55078125,-26.3671875,30.76171875,-17.578125,-17.578125,-61.5234375,22.5,19.3,-20.8,5.6,11.8,10.4
5.711096832994372,5.71496045801905,13.151739145310142,8.767826096873428,-10.959782621091788,-17.975684285583824,-26.963526428375737,19.72760871796521,17.75390625,11.953125,-14.765625,-16.962890625,-25.224609375,21.533203125,-39.55078125,-26.3671875,30.76171875,-13.18359375,-17.578125,-61.5234375,23.3,18.5,-19.9,5.6,12.9,11.1
5.714975415990921,5.718089208006859,12.987221766395427,8.658147844263619,-10.822684805329526,-18.028768008571003,-27.043152012856506,19.48083264959314,17.578125,11.953125,-14.677734375,-17.05078125,-25.3125,21.181640625,-39.55078125,-21.97265625,30.76171875,-13.18359375,-17.578125,-61.5234375,22.5,19.3,-20.7,6.4,12.9,10.3
5.718106957996497,5.721995041007176,12.854039517452849,8.569359678301899,-10.711699597877375,-18.071139275206022,-27.10670891280903,19.281059276179274,17.490234375,11.865234375,-14.58984375,-17.138671875,-25.3125,21.005859375,-39.55078125,-21.97265625,30.76171875,-13.18359375,-17.578125,-61.5234375,23.3,19.3,-20.7,5.6,12.9,10.3
5.722012582991738,5.725095291010803,12.68750059376101,8.458333729174006,-10.572917161467512,-18.123371389615052,-27.185057084422574,19.031250890641516,17.314453125,11.77734375,-14.501953125,-17.138671875,-25.400390625,20.7421875,-39.55078125,-21.97265625,30.76171875,-13.18359375,-17.578125,-61.5234375,23.3,19.3,-20.7,6.4,13.0,10.5
5.725112832995364,5.728973040997516,12.554963213889849,8.369975475926566,-10.46246934490821,-18.164347236616784,-27.246520854925176,18.832444820834773,17.138671875,11.6015625,-14.4140625,-17.2265625,-25.48828125,20.56640625,-35.15625,-21.97265625,30.76171875,-13.18359375,-17.578125,-61.5234375,22.5,18.5,-21.5,5.6,12.2,10.5
5.728992207994452,5.7329608330037445,12.388698796625128,8.259132531083418,-10.323915663854276,-18.215013857639516,-27.322520786459272,18.583048194937692,17.05078125,11.513671875,-14.23828125,-17.314453125,-25.576171875,20.390625,-35.15625,-21.97265625,30.76171875,-13.18359375,-17.578125,-65.91796875,23.3,19.2,-20.7,5.6,12.7,11.3
5.732978500018362,5.736072208004771,12.217372904851665,8.144915269901109,-10.18114408737639,-18.266372251931465,-27.399558377897197,18.326059357277497,16.875,11.42578125,-14.150390625,-17.314453125,-25.6640625,20.126953125,-35.15625,-21.97265625,30.76171875,-17.578125,-17.578125,-65.91796875,23.3,19.2,-21.7,5.6,12.7,11.2
5.736089415993774,5.739934625016758,12.083336465050815,8.055557643367209,-10.069447054209014,-18.30595507080655,-27.458932606209828,18.12500469757622,16.787109375,11.337890625,-14.0625,-17.40234375,-25.751953125,19.86328125,-35.15625,-26.3671875,30.76171875,-17.578125,-17.578125,-65.91796875,23.3,19.2,-21.7,4.8,11.9,10.4
5.739954832999501,5.742944249999709,11.91639007907401,7.944260052716006,-9.93032506589501,-18.354528929253963,-27.531793393880946,17.874585118611012,16.611328125,11.25,-13.88671875,-17.40234375,-25.83984375,19.6875,-35.15625,-26.3671875,35.15625,-17.578125,-17.578125,-65.91796875,23.2,19.2,-20.9,5.6,11.9,11.2
5.742964833014412,5.745973165991018,11.786084380618798,7.857389587079199,-9.821736983849002,-18.391884864713006,-27.58782729706951,17.679126570928197,16.5234375,11.162109375,-13.798828125,-17.490234375,-25.927734375,19.51171875,-35.15625,-26.3671875,35.15625,-17.578125,-17.578125,-65.91796875,23.2,19.2,-20.9,4.8,11.1,12.0
5.745987833011895,5.748905457992805,11.654950719442779,7.769967146295186,-9.712458932868985,-18.428988321269657,-27.643482481904485,17.482426079164167,16.34765625,11.07421875,-13.7109375,-17.490234375,-26.015625,19.248046875,-39.55078125,-26.3671875,35.15625,-17.578125,-26.3671875,-61.5234375,23.2,19.2,-21.7,5.6,11.9,11.2
5.748924250015989,5.752038125006948,11.52732126710421,7.684880844736139,-9.606101055920178,-18.464631228437995,-27.69694684265699,17.290981900656313,16.259765625,10.986328125,-13.623046875,-17.578125,-26.015625,19.072265625,-39.55078125,-26.3671875,35.15625,-17.578125,-26.3671875,-61.5234375,23.2,19.2,-21.7,4.8,12.9,12.0
5.7520541659905575,5.75587770799757,11.39101155358843,7.594007702392287,-9.492509627990362,-18.50219033022865,-27.75328549534298,17.086517330382645,16.171875,10.8984375,-13.447265625,-17.578125,-26.103515625,18.896484375,-39.55078125,-26.3671875,35.15625,-13.18359375,-26.3671875,-61.5234375,23.2,19.2,-20.9,5.6,12.1,12.0
5.755893916008063,5.758877125015715,11.22341239846543,7.482274932310286,-9.35284366538786,-18.547656505265593,-27.82148475789839,16.835118597698145,15.99609375,10.810546875,-13.359375,-17.666015625,-26.19140625,18.6328125,-39.55078125,-30.76171875,35.15625,-13.18359375,-26.3671875,-61.5234375,23.2,19.2,-20.9,5.6,12.1,9.6
5.758892375015421,5.761893040995346,11.092250080296026,7.394833386864017,-9.243541733580024,-18.58269192502855,-27.874037887542823,16.63837512044404,15.908203125,10.72265625,-13.271484375,-17.666015625,-26.279296875,18.369140625,-39.55078125,-30.76171875,30.76171875,-13.18359375,-26.3671875,-61.5234375,23.2,19.2,-21.7,5.6,11.9,8.8
5.7619077500130516,5.764985874993727,10.960099653341702,7.306733102227802,-9.133416377784755,-18.617509268771922,-27.926263903157885,16.440149480012554,15.8203125,10.634765625,-13.18359375,-17.666015625,-26.3671875,18.193359375,-39.55078125,-30.76171875,30.76171875,-13.18359375,-26.3671875,-61.5234375,24.0,19.2,-21.7,5.6,11.1,8.5
5.764999750012066,5.76805012501427,10.82433578149275,7.2162238543285,-9.020279817910627,-18.652777629195615,-27.97916644379342,16.236503672239124,15.64453125,10.546875,-13.095703125,-17.75390625,-26.455078125,18.017578125,-35.15625,-30.76171875,30.76171875,-13.18359375,-21.97265625,-61.5234375,23.2,19.2,-21.7,4.8,10.3,9.3
5.768064958014293,5.771992624999257,10.689496255421375,7.126330836947583,-8.907913546184481,-18.687306087351647,-28.030959131027473,16.034244383132062,15.46875,10.458984375,-12.919921875,-17.75390625,-26.54296875,17.841796875,-35.15625,-30.76171875,30.76171875,-13.18359375,-21.97265625,-61.5234375,23.2,19.3,-21.7,5.6,10.3,10.1
5.7720069579954725,5.774922500015236,10.515722521816567,7.010481681211045,-8.763102101513809,-18.731074357799244,-28.096611536698866,15.77358378272485,15.380859375,10.37109375,-12.919921875,-17.841796875,-26.54296875,17.666015625,-35.15625,-30.76171875,30.76171875,-8.7890625,-21.97265625,-61.5234375,24.0,19.3,-22.4,5.6,11.0,11.5
5.774938540998846,5.777946000016527,10.38622884167018,6.924152561113454,-8.65519070139182,-18.76315835115256,-28.144737526728836,15.57934326250527,15.29296875,10.283203125,-12.83203125,-17.841796875,-26.630859375,17.490234375,-35.15625,-26.3671875,30.76171875,-8.7890625,-21.97265625,-61.5234375,24.0,19.3,-22.4,5.6,11.0,12.3
5.777960541017819,5.78091533301631,10.252510760467642,6.835007173645095,-8.543758967056371,-18.79581541025076,-28.193723115376145,15.378766140701464,15.1171875,10.1953125,-12.65625,-17.9296875,-26.71875,17.314453125,-35.15625,-26.3671875,30.76171875,-8.7890625,-21.97265625,-61.5234375,23.2,19.3,-21.6,4.8,10.2,12.3
5.780935332993977,5.783971083001234,10.120655895843068,6.747103930562046,-8.43387991320256,-18.82754866014676,-28.241322990220144,15.180983843764604,15.029296875,10.107421875,-12.568359375,-17.9296875,-26.71875,17.138671875,-35.15625,-26.3671875,30.76171875,-8.7890625,-21.97265625,-61.5234375,24.0,19.3,-21.6,4.8,10.4,13.0
5.78398479099269,5.787072625011206,9.985262181309396,6.656841454206265,-8.321051817757834,-18.859651689614022,-28.28947753442103,14.977893271964096,14.853515625,10.107421875,-12.392578125,-18.017578125,-26.806640625,16.875,-43.9453125,-26.3671875,30.76171875,-8.7890625,-21.97265625,-61.5234375,23.2,20.1,-21.6,4.8,10.4,12.2
5.78708966600243,5.790872957993997,9.847172618215877,6.5647817454772515,-8.205977181846567,-18.891893516380208,-28.337840274570315,14.770758927323817,14.677734375,10.01953125,-12.3046875,-18.017578125,-26.806640625,16.69921875,-43.9453125,-26.3671875,30.76171875,-8.7890625,-17.578125,-61.5234375,23.2,20.0,-21.6,4.8,10.4,12.2
5.790889416006394,5.793850707996171,9.677860043766238,6.451906695844158,-8.064883369805202,-18.930739552065084,-28.396109328097626,14.516790065649356,14.58984375,9.84375,-12.216796875,-18.017578125,-26.89453125,16.435546875,-43.9453125,-26.3671875,30.76171875,-13.18359375,-17.578125,-61.5234375,23.2,19.2,-21.6,5.6,10.4,12.0
5.793864375009434,5.796945416019298,9.545058285644206,6.36337219042947,-7.9542152380368405,-18.960682856006766,-28.441024284010147,14.31758742846631,14.501953125,9.755859375,-12.12890625,-18.10546875,-26.89453125,16.171875,-43.9453125,-26.3671875,30.76171875,-13.18359375,-17.578125,-61.5234375,24.0,19.2,-21.6,4.8,10.4,11.2
5.796957999991719,5.800041208014591,9.406738259076889,6.271158839384593,-7.838948549230744,-18.99138138238523,-28.48707207357785,14.110107388615335,14.326171875,9.66796875,-11.953125,-18.10546875,-26.982421875,15.908203125,-43.9453125,-26.3671875,35.15625,-13.18359375,-17.578125,-61.5234375,23.2,19.2,-21.6,4.8,10.4,10.4
5.800053457991453,5.803949749999447,9.26811394597213,6.178742630648087,-7.723428288310112,-19.021649231972816,-28.53247384795922,13.902170918958197,14.150390625,9.580078125,-11.865234375,-18.10546875,-26.982421875,15.64453125,-43.9453125,-26.3671875,35.15625,-13.18359375,-17.578125,-61.5234375,23.3,20.0,-21.6,5.6,11.3,10.1
5.803975499991793,5.8069822910183575,9.092158330909427,6.061438887272952,-7.576798609091193,-19.059353572874794,-28.589030359312193,13.638237496364141,14.0625,9.4921875,-11.77734375,-18.193359375,-27.0703125,15.380859375,-39.55078125,-26.3671875,35.15625,-13.18359375,-17.578125,-61.5234375,24.1,20.0,-22.4,4.8,11.3,10.1
5.806998625019332,5.810065958008636,8.956295206163732,5.9708634707758215,-7.4635793384697795,-19.087922606018573,-28.631883909027863,13.434442809245597,13.974609375,9.404296875,-11.689453125,-18.193359375,-27.0703125,15.205078125,-39.55078125,-26.3671875,35.15625,-13.18359375,-13.18359375,-70.3125,24.1,20.0,-22.4,4.8,11.3,10.9
5.810080833005486,5.813874749990646,8.817568911957592,5.8783792746383945,-7.347974093297996,-19.116606840741944,-28.674910261112917,13.226353367936387,13.798828125,9.31640625,-11.513671875,-18.28125,-27.0703125,15.029296875,-39.55078125,-26.3671875,35.15625,-13.18359375,-13.18359375,-70.3125,24.1,20.0,-21.6,4.8,11.2,11.2
5.813889290991938,5.81688662499073,8.645869899327066,5.763913266218044,-7.204891582772557,-19.151430856714484,-28.727146285071722,12.968804848990597,13.623046875,9.228515625,-11.42578125,-18.28125,-27.158203125,14.853515625,-39.55078125,-26.3671875,35.15625,-13.18359375,-13.18359375,-70.3125,23.3,20.0,-22.4,4.8,11.2,12.0
5.816900833015097,5.819794291019207,8.509879352952087,5.673252901968057,-7.0915661274600765,-19.17848277393994,-28.76772416090991,12.76481902942813,13.53515625,9.140625,-11.337890625,-18.28125,-27.158203125,14.677734375,-39.55078125,-30.76171875,35.15625,-13.18359375,-13.18359375,-70.3125,24.1,20.0,-22.4,5.6,11.2,12.0
5.81980866601225,5.822897875012131,8.378391196706835,5.58559413113789,-6.981992663922365,-19.204195848881515,-28.80629377332227,12.567586795060253,13.447265625,9.052734375,-11.25,-18.369140625,-27.158203125,14.4140625,-39.55078125,-30.76171875,35.15625,-13.18359375,-13.18359375,-70.3125,23.9,20.0,-22.4,4.8,12.1,11.3
5.822911875002319,5.825906707992544,8.237875667759665,5.491917111839777,-6.864896389799724,-19.23119461803352,-28.84679192705028,12.356813501639499,13.271484375,8.96484375,-11.07421875,-18.369140625,-27.24609375,14.23828125,-39.55078125,-30.76171875,35.15625,-13.18359375,-13.18359375,-70.3125,23.9,20.0,-22.4,4.8,11.3,11.3
5.825920916016912,5.8288591250020545,8.101437181046546,5.400958120697696,-6.7511976508721245,-19.256937746653012,-28.885406619979516,12.152155771569817,13.18359375,8.876953125,-10.986328125,-18.369140625,-27.24609375,14.0625,-39.55078125,-30.76171875,35.15625,-13.18359375,-8.7890625,-65.91796875,23.9,20.0,-22.4,5.6,12.1,11.3
5.828873332997318,5.8318606660177466,7.967390256334145,5.311593504222763,-6.639491880278457,-19.281778300921793,-28.922667451382694,11.951085384501217,13.095703125,8.7890625,-10.8984375,-18.45703125,-27.24609375,13.88671875,-39.55078125,-30.76171875,35.15625,-13.18359375,-8.7890625,-65.91796875,24.7,20.0,-22.4,4.8,12.0,12.1
5.831878083001357,5.834857665991876,7.830791358857786,5.220527572571857,-6.525659465714824,-19.30663336431334,-28.95995004647001,11.746187038286678,13.0078125,8.701171875,-10.810546875,-18.45703125,-27.333984375,13.623046875,-39.55078125,-30.76171875,35.15625,-8.7890625,-8.7890625,-65.91796875,24.7,20.0,-22.5,4.8,12.0,11.3
5.834874583000783,5.83786654099822,7.694393783633816,5.129595855755877,-6.41199481969485,-19.330991861687078,-28.99648779253062,11.541590675450724,12.83203125,8.61328125,-10.634765625,-18.45703125,-27.333984375,13.447265625,-39.55078125,-26.3671875,35.15625,-8.7890625,-8.7890625,-65.91796875,24.7,20.0,-21.7,4.8,12.0,12.1
5.8378859579970594,5.8408007500111125,7.5571473799431645,5.038098253295443,-6.297622816619307,-19.35503980853931,-29.032559712808965,11.335721069914747,12.83203125,8.525390625,-10.546875,-18.544921875,-27.421875,13.18359375,-39.55078125,-26.3671875,35.15625,-8.7890625,-8.7890625,-65.91796875,25.9,20.0,-22.5,4.8,11.2,12.1
5.840818791009951,5.843892583012348,7.423318043918213,4.948878695945476,-6.186098369931848,-19.378044268006434,-29.06706640200965,11.13497706587732,12.65625,8.4375,-10.458984375,-18.544921875,-27.421875,13.0078125,-39.55078125,-26.3671875,35.15625,-8.7890625,-8.7890625,-65.91796875,25.9,20.0,-22.5,4.8,12.0,12.0
5.843910333001986,5.8470038330124225,7.282076080586794,4.854717387057863,-6.068396733822332,-19.40184834215024,-29.10277251322536,10.923114120880191,12.568359375,8.26171875,-10.37109375,-18.544921875,-27.421875,12.744140625,-35.15625,-26.3671875,35.15625,-8.7890625,-8.7890625,-65.91796875,25.9,19.2,-22.5,4.8,12.0,12.0
5.847026541014202,5.850938374991529,7.139533430264354,4.75968895350957,-5.949611191886964,-19.425379303010764,-29.138068954516147,10.709300145396531,12.392578125,8.173828125,-10.283203125,-18.6328125,-27.509765625,12.568359375,-35.15625,-26.3671875,35.15625,-8.7890625,-13.18359375,-70.3125,25.9,19.2,-22.5,4.0,12.0,12.0
5.850955541012809,5.854049499990651,6.95956838344373,4.639712255629153,-5.7996403195364445,-19.45438434350891,-29.181576515263366,10.439352575165595,12.3046875,8.0859375,-10.107421875,-18.6328125,-27.59765625,12.3046875,-35.15625,-26.3671875,35.15625,-8.7890625,-13.18359375,-70.3125,26.7,19.2,-22.4,4.8,12.0,11.1
5.854068707994884,5.857864999998128,6.816783415098347,4.5445222767322315,-5.680652845915293,-19.476840536295523,-29.215260804443286,10.22517512264752,12.12890625,7.998046875,-10.01953125,-18.6328125,-27.59765625,12.041015625,-35.15625,-30.76171875,35.15625,-8.7890625,-13.18359375,-70.3125,25.9,19.2,-22.4,4.8,12.0,11.1
5.857882875017822,5.860885125002824,6.641625322356072,4.427750214904048,-5.5346877686300635,-19.503718313040135,-29.2555774695602,9.962437983534109,12.041015625,7.91015625,-9.84375,-18.720703125,-27.59765625,11.77734375,-35.15625,-30.76171875,35.15625,-8.7890625,-13.18359375,-70.3125,26.5,19.2,-22.4,4.8,12.0,11.1
5.860902332991827,5.863984083000105,6.502793295644214,4.335195530429476,-5.418994413036848,-19.524499474069607,-29.286749211104407,9.75418994346632,11.865234375,7.734375,-9.755859375,-18.720703125,-27.685546875,11.6015625,-35.15625,-30.76171875,35.15625,-8.7890625,-13.18359375,-70.3125,26.5,19.2,-22.4,4.8,11.1,12.1
5.864006540999981,5.868032750004204,6.359912066777298,4.239941377851532,-5.299926722314419,-19.54540603600709,-29.318109054010637,9.539868100165947,11.689453125,7.646484375,-9.66796875,-18.720703125,-27.685546875,11.42578125,-39.55078125,-30.76171875,35.15625,-8.7890625,-8.7890625,-70.3125,25.7,19.2,-22.4,4.8,11.9,12.1
5.868072208017111,5.871842624997953,6.172548383977718,4.115032255985145,-5.143790319981435,-19.57208495618701,-29.35812743428051,9.258822575966578,11.513671875,7.55859375,-9.4921875,-18.80859375,-27.7734375,11.162109375,-39.55078125,-30.76171875,35.15625,-8.7890625,-8.7890625,-65.91796875,25.7,19.1,-22.4,4.0,12.1,11.3
5.871872249990702,5.874847500002943,5.997198097980911,3.9981320653206076,-4.997665081650763,-19.596299140099266,-29.394448710148897,8.995797146971366,11.337890625,7.470703125,-9.404296875,-18.80859375,-27.7734375,10.8984375,-39.55078125,-30.76171875,35.15625,-8.7890625,-8.7890625,-65.91796875,25.7,19.1,-23.2,4.8,12.1,11.1
5.874878625007113,5.877945874992292,5.858319314170643,3.9055462094470954,-4.881932761808872,-19.614961351118524,-29.422442026677786,8.787478971255965,11.25,7.3828125,-9.31640625,-18.80859375,-27.7734375,10.634765625,-39.55078125,-30.76171875,35.15625,-8.7890625,-8.7890625,-65.91796875,26.5,19.1,-23.2,4.8,12.1,11.1
5.8779710000089835,5.880862624995643,5.7153315061766286,3.8102210041177527,-4.762776255147195,-19.633701023999013,-29.45055153599852,8.572997259264943,11.07421875,7.294921875,-9.140625,-18.80859375,-27.861328125,10.458984375,-39.55078125,-30.76171875,35.15625,-8.7890625,-8.7890625,-65.91796875,25.6,19.1,-22.4,4.8,11.1,11.9
5.880884790996788,5.883805499994196,5.580477757512284,3.7203185050081893,-4.65039813126024,-19.650934589003487,-29.47640188350523,8.370716636268426,10.986328125,7.119140625,-9.052734375,-18.896484375,-27.861328125,10.283203125,-39.55078125,-30.76171875,35.15625,-8.7890625,-8.7890625,-65.91796875,26.4,19.1,-23.2,4.0,11.9,12.1
5.8838322079973295,5.886849625007017,5.443948832788813,3.6292992218592084,-4.536624027324014,-19.667948219329137,-29.501922328993704,8.16592324918322,10.8984375,7.119140625,-8.96484375,-18.896484375,-27.861328125,10.01953125,-43.9453125,-30.76171875,35.15625,-8.7890625,-8.7890625,-65.91796875,26.4,19.9,-23.2,4.0,11.9,11.3
5.886873415991431,5.8898869160038885,5.302953076745252,3.5353020511635016,-4.41912756395438,-19.68506132596592,-29.52759198894888,7.954429615117878,10.72265625,7.03125,-8.876953125,-18.896484375,-27.94921875,9.84375,-43.9453125,-30.76171875,35.15625,-8.7890625,-8.7890625,-70.3125,26.4,20.0,-23.2,4.8,11.1,12.1
5.88991695799632,5.892940207995707,5.161727955609391,3.4411519704062603,-4.301439963007828,-19.701737819709436,-29.552606729564154,7.742591933414086,10.634765625,6.943359375,-8.7890625,-18.896484375,-27.94921875,9.66796875,-43.9453125,-30.76171875,35.15625,0.0,-8.7890625,-70.3125,26.4,20.0,-23.3,4.8,12.1,12.1
5.892971458000829,5.89596941601485,5.019875756380099,3.3465838375867323,-4.183229796983419,-19.718021620284404,-29.57703243042661,7.529813634570148,10.458984375,6.767578125,-8.61328125,-18.984375,-28.037109375,9.404296875,-43.9453125,-30.76171875,35.15625,0.0,-8.7890625,-70.3125,26.4,19.2,-23.3,4.0,11.3,12.1
5.896001332992455,5.898995499999728,4.879052976379182,3.252701984252788,-4.065877480315988,-19.733725694902063,-29.600588542353098,7.3185794645687725,10.37109375,6.767578125,-8.525390625,-18.984375,-28.037109375,9.228515625,-43.9453125,-30.76171875,35.15625,0.0,-8.7890625,-70.3125,26.4,20.0,-23.3,4.0,11.3,12.1
5.899028999992879,5.901961791008944,4.7382224239005275,3.1588149492670183,-3.9485186865837756,-19.748971824282073,-29.62345773642311,7.10733363585079,10.1953125,6.591796875,-8.4375,-18.984375,-28.037109375,9.052734375,-43.9453125,-30.76171875,35.15625,0.0,-8.7890625,-70.3125,26.4,19.2,-23.3,4.0,12.0,12.8
5.9019912499934435,5.904815957997926,4.600330970132077,3.0668873134213848,-3.8336091417767335,-19.763456231306684,-29.645184346960022,6.900496455198116,10.107421875,6.50390625,-8.349609375,-18.984375,-28.037109375,8.7890625,-43.9453125,-30.76171875,35.15625,0.0,-8.7890625,-70.3125,26.4,19.2,-23.3,4.8,12.0,12.0
5.904836375004379,5.907957249990432,4.467797823489928,2.9785318823266183,-3.7231648529082757,-19.776965081274827,-29.66544762191224,6.701696735234891,9.931640625,6.416015625,-8.26171875,-19.072265625,-28.125,8.61328125,-43.9453125,-30.76171875,35.15625,0.0,-13.18359375,-65.91796875,26.4,19.2,-24.1,4.0,11.2,12.0
5.907979333016556,5.9110682909959,4.321287231032993,2.880858154021995,-3.601072692527497,-19.79142885939277,-29.687143289089157,6.481930846549489,9.84375,6.328125,-8.0859375,-19.072265625,-28.125,8.349609375,-43.9453125,-30.76171875,35.15625,0.0,-13.18359375,-65.91796875,26.4,19.2,-23.3,4.0,11.1,12.0
5.911087749991566,5.914987416006625,4.176283179253546,2.7841887861690306,-3.480235982711291,-19.80525922079715,-29.707888831195728,6.264424768880319,9.66796875,6.240234375,-7.998046875,-19.072265625,-28.125,8.173828125,-43.9453125,-30.76171875,35.15625,-8.7890625,-13.18359375,-65.91796875,26.4,19.2,-23.3,4.0,11.9,12.0
5.915006416005781,5.9188988750102,3.9933404994103747,2.6622269996069163,-3.327783749508648,-19.822021778884313,-29.733032668326466,5.990010749115562,9.580078125,6.15234375,-7.822265625,-19.072265625,-28.212890625,7.91015625,-43.9453125,-30.76171875,35.15625,-8.7890625,-13.18359375,-65.91796875,27.2,19.2,-23.3,4.0,11.1,12.8
5.918916875001742,5.922108333004871,3.81063012958613,2.5404200863907533,-3.1755251079884452,-19.83800054906397,-29.757000823595956,5.715945194379195,9.31640625,5.9765625,-7.734375,-19.16015625,-28.212890625,7.55859375,-43.9453125,-30.76171875,35.15625,-8.7890625,-13.18359375,-65.91796875,26.4,19.2,-24.1,4.0,11.2,11.9
5.922125665994827,5.92593162500998,3.6605964493120267,2.440397632874684,-3.0504970410933585,-19.850553125630018,-29.775829688445025,5.4908946739680395,9.228515625,5.9765625,-7.55859375,-19.16015625,-28.212890625,7.3828125,-43.9453125,-30.76171875,35.15625,-8.7890625,-13.18359375,-65.91796875,26.4,20.0,-23.3,4.0,11.2,11.9
5.925953791011125,5.928951790992869,3.481483188005011,2.3209887920033405,-2.901235990004179,-19.864868764414098,-29.797303146621143,5.222224782007516,9.052734375,5.80078125,-7.470703125,-19.16015625,-28.212890625,7.03125,-43.9453125,-30.76171875,35.15625,-8.7890625,-4.39453125,-74.70703125,26.4,19.2,-24.1,4.0,12.0,11.1
5.929022333002649,5.932966291002231,3.3378186769109144,2.225212451273943,-2.7815155640924316,-19.87582525448177,-29.81373788172266,5.006728015366372,8.96484375,5.712890625,-7.3828125,-19.16015625,-28.212890625,6.85546875,-43.9453125,-30.76171875,35.15625,0.0,-4.39453125,-74.70703125,27.2,19.2,-24.1,4.0,12.1,12.0
5.932999957993161,5.9359377910150215,3.1514773494343458,2.100984899622897,-2.6262311245286245,-19.889340422737916,-29.83401063410688,4.727216024151518,8.701171875,5.625,-7.20703125,-19.16015625,-28.212890625,6.591796875,-43.9453125,-30.76171875,35.15625,0.0,-4.39453125,-74.70703125,26.4,19.2,-23.9,4.0,12.1,11.2
5.935963458003243,5.938942208013032,3.0125647472499,2.0083764981666,-2.510470622708253,-19.898905091527325,-29.848357637290984,4.51884712087485,8.61328125,5.44921875,-7.119140625,-19.248046875,-28.212890625,6.328125,-43.9453125,-30.76171875,35.15625,0.0,-4.39453125,-74.70703125,27.2,18.4,-23.9,3.2,12.1,11.2
5.938964833010687,5.941856416000519,2.8718102487333406,1.9145401658222272,-2.393175207277787,-19.908152499753797,-29.862228749630695,4.307715373100011,8.4375,5.361328125,-7.03125,-19.248046875,-28.212890625,6.15234375,-43.9453125,-30.76171875,35.15625,0.0,-4.39453125,-74.70703125,26.4,18.4,-23.9,3.2,12.0,12.0
5.9418852500093635,5.944931125006406,2.7347911122761053,1.823194074850737,-2.2789925935634243,-19.916725718988783,-29.875088578483172,4.102186668414158,8.349609375,5.361328125,-6.943359375,-19.248046875,-28.212890625,5.9765625,-43.9453125,-30.76171875,35.15625,0.0,-4.39453125,-74.70703125,27.2,20.0,-23.9,3.2,12.8,12.0
5.9449594159959815,5.947935083007906,2.5904963119936766,1.7269975413291179,-2.1587469266614003,-19.92529747562739,-29.887946213441083,3.885744467990515,8.173828125,5.2734375,-6.767578125,-19.248046875,-28.212890625,5.712890625,-43.9453125,-30.76171875,35.15625,0.0,0.0,-70.3125,26.4,20.0,-23.9,4.0,12.8,11.2
5.947962166013895,5.950941874994896,2.4494952830477255,1.6329968553651502,-2.041246069206441,-19.933221547716954,-29.89983232157543,3.674242924571588,7.998046875,5.185546875,-6.6796875,-19.248046875,-28.212890625,5.537109375,-43.9453125,-30.76171875,35.15625,0.0,0.0,-70.3125,26.4,20.0,-23.9,4.0,12.9,12.0
5.950963915995089,5.953949125017971,2.308486745340974,1.5389911635606492,-1.9237389544508143,-19.94069974194693,-29.91104961292039,3.462730118011461,7.91015625,5.009765625,-6.50390625,-19.248046875,-28.212890625,5.361328125,-43.9453125,-30.76171875,35.15625,0.0,0.0,-70.3125,26.4,19.2,-24.1,4.0,12.9,12.0
5.9539775410084985,5.956960875017103,2.1668687485335605,1.4445791656890403,-1.8057239571113035,-19.947761554471647,-29.92164233170747,3.2503031228003407,7.822265625,4.921875,-6.416015625,-19.248046875,-28.212890625,5.09765625,-43.9453125,-30.76171875,35.15625,0.0,0.0,-70.3125,27.2,19.2,-24.1,4.0,12.9,11.2
5.956996332999552,5.959965791000286,2.0249592622244057,1.349972841482937,-1.6874660518536744,-19.954387320267653,-29.931580980401478,3.0374388933366085,7.646484375,4.921875,-6.328125,-19.248046875,-28.212890625,4.921875,-43.9453125,-30.76171875,35.15625,0.0,0.0,-70.3125,26.4,20.0,-24.1,4.0,12.9,12.0
5.96003358301823,5.964948166016256,1.8821361436342767,1.2547574290895178,-1.5684467863619003,-19.960600787404786,-29.940901181107183,2.823204215451415,7.470703125,4.74609375,-6.15234375,-19.3359375,-28.212890625,4.5703125,-43.9453125,-30.76171875,35.15625,0.0,0.0,-70.3125,26.4,19.2,-24.1,3.2,13.6,11.9
5.96497979099513,5.968930666014785,1.6494562845879863,1.0996375230586577,-1.374546903823325,-19.969747051925356,-29.954620577888033,2.4741844268819797,7.294921875,4.5703125,-5.9765625,-19.3359375,-28.212890625,4.306640625,-43.9453125,-30.76171875,35.15625,0.0,0.0,-70.3125,26.4,19.2,-24.1,3.2,13.6,11.1
5.968957583012525,5.972842000017408,1.4622598157244386,0.9748398771496257,-1.2185498464370352,-19.976228052711026,-29.964342079066537,2.193389723586658,7.119140625,4.482421875,-5.888671875,-19.3359375,-28.212890625,4.04296875,-43.9453125,-30.76171875,35.15625,0.0,0.0,-70.3125,27.2,19.2,-24.0,3.2,13.7,8.5
5.972873916005483,5.975865083019016,1.277899824092506,0.8519332160616706,-1.0649165200770914,-19.98184700660504,-29.972770509907562,1.9168497361387589,6.943359375,4.39453125,-5.712890625,-19.3359375,-28.30078125,3.8671875,-43.9453125,-30.76171875,35.15625,0.0,0.0,-70.3125,27.2,19.2,-24.0,3.2,12.9,9.3
5.975901916011935,5.979926291009178,1.1353242815769398,0.7568828543846264,-0.9461035679807861,-19.98567307710047,-29.978509615650704,1.7029864223654096,6.767578125,4.306640625,-5.537109375,-19.3359375,-28.30078125,3.69140625,-43.9453125,-30.76171875,39.55078125,0.0,0.0,-70.3125,26.4,19.2,-24.0,3.2,12.9,9.3
5.979982541000936,5.983958083001198,0.9431451019668194,0.628763401311213,-0.7859542516390193,-19.9901139712902,-29.985170956935296,1.4147176529502292,6.6796875,4.130859375,-5.44921875,-19.3359375,-28.30078125,3.427734375,-43.9453125,-30.76171875,39.55078125,0.0,0.0,-70.3125,27.3,19.2,-24.0,3.2,12.7,11.5
5.983998875017278,5.9879093329946045,0.7539558601185208,0.5026372400790138,-0.6282965500987703,-19.993682897477537,-29.990524346216304,1.1309337901777812,6.416015625,4.04296875,-5.2734375,-19.3359375,-28.30078125,3.1640625,-43.9453125,-30.76171875,39.55078125,0.0,-4.39453125,-57.12890625,26.5,19.2,-24.0,3.2,12.7,13.1
5.987958500016248,5.991954208002426,0.5674084835057391,0.37827232233715946,-0.47284040292145235,-19.996422431278894,-29.994633646918338,0.8511127252586087,6.240234375,3.955078125,-5.09765625,-19.3359375,-28.388671875,2.900390625,-43.9453125,-30.76171875,39.55078125,0.0,-4.39453125,-57.12890625,27.3,19.2,-24.0,3.2,12.0,13.0
5.992016333009815,5.995965750014875,0.37621158219223005,0.2508077214614867,-0.31350965182686147,-19.998427325338742,-29.997640988008115,0.5643173732883451,6.064453125,3.779296875,-4.921875,-19.423828125,-28.388671875,2.63671875,-43.9453125,-30.76171875,39.55078125,0.0,-4.39453125,-57.12890625,27.3,19.2,-23.2,3.2,12.0,13.0
5.996024833002593,5.999946958007058,0.18732411424525763,0.12488274283017176,-0.15610342853771775,-19.999610103713103,-29.999415155569654,0.28098617136788645,5.888671875,3.603515625,-4.833984375,-19.423828125,-28.388671875,2.373046875,-43.9453125,-30.76171875,39.55078125,0.0,-4.39453125,-57.12890625,27.2,19.2,-24.0,3.2,12.0,13.8
6.000036415993236,6.003916000016034,-0.0017160632514058682,-0.0011440421676039121,0.0014300527095018286,-19.999999967279187,-29.99999995091878,-0.002574094877108802,5.712890625,3.515625,-4.658203125,-19.423828125,-28.388671875,2.021484375,-43.9453125,-30.76171875,39.55078125,0.0,-4.39453125,-57.12890625,27.2,19.2,-24.0,3.2,11.9,12.9
6.00396591599565,6.007942416006699,-0.1868881795367421,-0.12459211969116141,0.15574014961394872,-19.99961191632755,-29.99941787449132,-0.2803322693051132,5.44921875,3.427734375,-4.482421875,-19.423828125,-28.4765625,1.7578125,-48.33984375,-30.76171875,39.55078125,0.0,-8.7890625,-70.3125,26.4,19.2,-24.0,3.2,11.1,12.9
6.00800000000163,6.0119488750060555,-0.3769811965773829,-0.2513207977182553,0.314150997147816,-19.998420884075678,-29.997631326113517,-0.5654717948660744,5.361328125,3.251953125,-4.39453125,-19.423828125,-28.4765625,1.40625,-48.33984375,-30.76171875,39.55078125,0.0,-8.7890625,-70.3125,27.2,19.2,-24.0,3.2,11.1,11.8
6.012006583012408,6.015955957991537,-0.5657633534739509,-0.37717556898263394,0.47146946122828937,-19.996443148474246,-29.99466472271137,-0.8486450302109263,5.185546875,3.1640625,-4.21875,-19.423828125,-28.4765625,1.142578125,-48.33984375,-30.76171875,39.55078125,0.0,-8.7890625,-70.3125,27.2,19.2,-24.0,3.2,11.1,11.8
6.016013500018744,6.019831375015201,-0.7545388356158027,-0.5030258904105351,0.6287823630131659,-19.993673123105136,-29.990509684657702,-1.1318082534237042,5.009765625,2.98828125,-4.04296875,-19.423828125,-28.4765625,0.87890625,-48.33984375,-30.76171875,39.55078125,0.0,-8.7890625,-70.3125,27.2,19.2,-24.0,3.2,11.1,12.6
6.01986983299139,6.023307916009799,-0.9361918036659791,-0.6241278691106527,0.7801598363883129,-19.990259238013884,-29.985388857020826,-1.4042877054989686,4.833984375,2.900390625,-3.8671875,-19.423828125,-28.4765625,0.52734375,-48.33984375,-30.76171875,39.55078125,0.0,-8.7890625,-70.3125,27.2,19.2,-24.0,2.4,11.2,12.9
6.023343625012785,6.027943541004788,-1.09979591930314,-0.7331972795354267,0.9164965994192802,-19.986556025220597,-29.979834037830898,-1.64969387895471,4.658203125,2.8125,-3.779296875,-19.423828125,-28.4765625,0.263671875,-39.55078125,-30.76171875,39.55078125,0.0,0.0,-74.70703125,28.0,19.2,-24.0,2.4,11.2,12.9
6.0279829160135705,6.031801125005586,-1.318239263716532,-0.8788261758110214,1.0985327197637735,-19.980682284464397,-29.971023426696597,-1.977358895574798,4.482421875,2.724609375,-3.603515625,-19.423828125,-28.4765625,-0.087890625,-39.55078125,-30.76171875,39.55078125,0.0,0.0,-74.70703125,28.0,19.2,-24.0,2.4,11.2,11.9
6.031841165997321,6.03592787499656,-1.4998540762402217,-0.9999027174934811,1.2498783968668483,-19.9749892254176,-29.9624838381264,-2.249781114360333,4.306640625,2.548828125,-3.427734375,-19.423828125,-28.4765625,-0.3515625,-39.55078125,-30.76171875,39.55078125,0.0,0.0,-74.70703125,28.0,19.2,-24.1,2.4,11.2,10.3
6.035952291014837,6.039825582993217,-1.693311390429811,-1.1288742602865407,1.411092825358173,-19.968115657328873,-29.95217348599331,-2.5399670856447165,4.04296875,2.4609375,-3.251953125,-19.423828125,-28.4765625,-0.615234375,-39.55078125,-30.76171875,35.15625,0.0,0.0,-74.70703125,27.2,19.2,-24.1,2.4,11.2,9.5
6.039852957997937,6.042819583002711,-1.8768000177681887,-1.2512000118454591,1.5640000148068207,-19.960824094469597,-29.941236141704394,-2.815200026652283,3.955078125,2.28515625,-3.1640625,-19.423828125,-28.4765625,-0.87890625,-39.55078125,-30.76171875,35.15625,0.0,0.0,-74.70703125,27.2,19.2,-24.1,2.4,11.2,10.1
6.042848083015997,6.045813291013474,-2.0176442002620703,-1.345096133508047,1.6813701668850558,-19.954716645235074,-29.93207496785261,-3.0264663003931056,3.8671875,2.197265625,-2.98828125,-19.423828125,-28.4765625,-1.142578125,-43.9453125,-30.76171875,35.15625,0.0,0.0,-74.70703125,28.0,19.2,-24.1,2.4,11.2,10.9
6.045840250008041,6.048758624994662,-2.15830469083893,-1.4388697938926198,1.798587242365772,-19.94817419505413,-29.922261292581194,-3.2374570362583945,3.69140625,2.109375,-2.900390625,-19.423828125,-28.4765625,-1.318359375,-43.9453125,-30.76171875,35.15625,0.0,0.0,-70.3125,28.0,19.2,-24.1,2.4,11.2,11.7
6.0487807909958065,6.051835624995874,-2.296491830708033,-1.5309945538053555,1.9137431922566912,-19.941315294539084,-29.911972941808624,-3.44473774606205,3.515625,2.021484375,-2.8125,-19.423828125,-28.4765625,-1.40625,-43.9453125,-30.76171875,35.15625,0.0,0.0,-70.3125,27.2,19.2,-23.9,2.4,10.3,13.2
6.0518584579986054,6.054851291002706,-2.4410705152172825,-1.6273803434781884,2.0342254293477326,-19.93368087478228,-29.90052131217342,-3.661605772825924,3.427734375,1.93359375,-2.724609375,-19.423828125,-28.4765625,-1.669921875,-43.9453125,-30.76171875,35.15625,0.0,0.0,-70.3125,28.0,19.2,-24.7,2.4,10.3,13.2
6.054873707995284,6.057813457999146,-2.5826617488986012,-1.721774499265734,2.152218124082165,-19.925749485870746,-29.88862422880612,-3.8739926233479016,3.251953125,1.845703125,-2.548828125,-19.423828125,-28.564453125,-1.845703125,-43.9453125,-30.76171875,39.55078125,0.0,0.0,-70.3125,28.0,19.2,-23.9,2.4,9.5,14.0
6.057842375012115,6.060835790995043,-2.7220089366925935,-1.8146726244617288,2.2683407805771583,-19.917503941659685,-29.87625591248953,-4.08301340503889,3.076171875,1.7578125,-2.4609375,-19.423828125,-28.564453125,-2.021484375,-43.9453125,-30.76171875,39.55078125,0.0,0.0,-70.3125,27.2,19.2,-23.9,2.4,9.5,13.7
6.060868833010318,6.06382283300627,-2.8640078431342597,-1.9093385620895065,2.3866732026118798,-19.90865204516162,-29.862978067742432,-4.296011764701389,2.98828125,1.669921875,-2.28515625,-19.423828125,-28.564453125,-2.28515625,-43.9453125,-30.76171875,39.55078125,0.0,0.0,-70.3125,28.0,19.2,-23.9,2.4,9.5,12.9
6.063849833008135,6.066841916006524,-3.0038106379525855,-2.002540425301724,2.503175531627152,-19.899493255986002,-29.849239883979003,-4.505715956928879,2.8125,1.58203125,-2.197265625,-19.423828125,-28.564453125,-2.4609375,-48.33984375,-30.76171875,39.55078125,0.0,-4.39453125,-65.91796875,28.0,19.2,-23.9,2.4,9.5,12.9
6.066869000002043,6.069809000007808,-3.145336241020473,-2.0968908273469817,2.621113534183724,-19.889772468738503,-29.834658703107753,-4.718004361530709,2.724609375,1.494140625,-2.109375,-19.423828125,-28.564453125,-2.724609375,-48.33984375,-30.76171875,39.55078125,0.0,-4.39453125,-65.91796875,28.0,19.2,-23.9,1.6,9.6,12.9
6.0698334999906365,6.072763000003761,-3.2842304752531826,-2.1894869835021216,2.736858729377649,-19.879792422182753,-29.819688633274126,-4.926345712879773,2.548828125,1.40625,-2.021484375,-19.423828125,-28.564453125,-2.98828125,-48.33984375,-30.76171875,39.55078125,0.0,-4.39453125,-65.91796875,28.0,19.2,-24.8,1.6,8.8,12.7
6.072795332991518,6.075843875005376,-3.4229286357613873,-2.2819524238409246,2.852440529801153,-19.86939085969488,-29.804086289542322,-5.134392953642081,2.373046875,1.318359375,-1.845703125,-19.423828125,-28.564453125,-3.1640625,-48.33984375,-30.76171875,39.55078125,0.0,-4.39453125,-65.91796875,27.2,19.2,-24.0,1.6,8.8,12.7
6.075873249996221,6.0798302910116035,-3.566984290728932,-2.3779895271526215,2.9724869089407737,-19.85812593898912,-29.787188908483675,-5.350476436093398,2.28515625,1.142578125,-1.7578125,-19.423828125,-28.564453125,-3.427734375,-48.33984375,-30.76171875,39.55078125,0.0,-4.39453125,-65.91796875,28.1,19.2,-24.0,1.6,8.8,11.9
6.0798657500126865,6.082838291011285,-3.753720427172158,-2.5024802847814387,3.128100355976795,-19.842822189000238,-29.764233283500356,-5.630580640758237,2.109375,1.0546875,-1.58203125,-19.423828125,-28.564453125,-3.69140625,-48.33984375,-30.76171875,39.55078125,0.0,-4.39453125,-65.91796875,28.1,19.2,-24.0,1.6,8.7,12.0
6.082864333002362,6.085851790994639,-3.893872664201022,-2.5959151094673483,3.2448938868341823,-19.830815029757076,-29.746222544635614,-5.840808996301534,1.93359375,0.966796875,-1.494140625,-19.423828125,-28.564453125,-3.955078125,-43.9453125,-30.76171875,39.55078125,0.0,0.0,-65.91796875,28.1,19.2,-24.8,1.6,8.7,11.2
6.08588620799128,6.088897750014439,-4.035026152193907,-2.6900174347959376,3.362521793494919,-19.818269505698368,-29.727404258547555,-6.052539228290859,1.845703125,0.87890625,-1.40625,-19.423828125,-28.564453125,-4.130859375,-43.9453125,-30.76171875,39.55078125,0.0,0.0,-79.1015625,28.1,19.2,-24.8,1.6,7.9,12.0
6.088935790990945,6.092823874991154,-4.177381717350964,-2.784921144900643,3.4811514311258005,-19.8051562532762,-29.7077343799143,-6.266072576026446,1.669921875,0.791015625,-1.23046875,-19.423828125,-28.564453125,-4.39453125,-43.9453125,-30.76171875,39.55078125,0.0,0.0,-79.1015625,28.1,19.2,-24.0,0.8,7.9,11.9
6.092857458017534,6.0967752909928095,-4.360305107576236,-2.9068700717174907,3.6335875896468606,-19.787625082009036,-29.681437623013554,-6.5404576613643535,1.494140625,0.615234375,-1.142578125,-19.423828125,-28.564453125,-4.658203125,-43.9453125,-30.76171875,39.55078125,0.0,0.0,-79.1015625,28.1,19.2,-24.8,0.8,7.9,11.9
6.096798125014175,6.099987124995096,-4.543948060908604,-3.0292987072724027,3.7866233840905,-19.769252624773596,-29.653878937160396,-6.815922091362906,1.318359375,0.52734375,-0.966796875,-19.423828125,-28.564453125,-4.921875,-43.9453125,-30.76171875,35.15625,0.0,0.0,-79.1015625,28.1,19.2,-24.8,0.8,8.0,11.9
6.100011666014325,6.103888707992155,-4.693576930082625,-3.12905128672175,3.911314108402185,-19.753709475565977,-29.63056421334896,-7.0403653951239376,1.142578125,0.3515625,-0.87890625,-19.423828125,-28.564453125,-5.09765625,-43.9453125,-30.76171875,35.15625,0.0,0.0,-79.1015625,28.1,18.4,-24.8,0.8,7.2,12.8
6.103911874990445,6.107785166008398,-4.875017406394711,-3.250011604263141,4.062514505328923,-19.7341689607684,-29.601253441152597,-7.312526109592067,0.966796875,0.263671875,-0.703125,-19.423828125,-28.564453125,-5.44921875,-48.33984375,-30.76171875,35.15625,0.0,0.0,-70.3125,28.1,19.2,-24.8,0.8,7.2,11.2
6.107823041005759,6.1107777080032974,-5.056783859334378,-3.371189239556252,4.213986549445313,-19.713829742368684,-29.57074461355303,-7.585175789001567,0.791015625,0.087890625,-0.52734375,-19.423828125,-28.564453125,-5.712890625,-48.33984375,-30.76171875,35.15625,0.0,0.0,-70.3125,28.1,18.4,-24.8,0.8,7.1,12.0
6.110808916011592,6.113818540994544,-5.195420481892042,-3.463613654594695,4.329517068243366,-19.69780141162219,-29.546702117433288,-7.793130722838064,0.703125,0.0,-0.439453125,-19.51171875,-28.564453125,-5.888671875,-48.33984375,-30.76171875,35.15625,0.0,0.0,-70.3125,28.1,18.4,-24.8,-0.0,6.3,12.0
6.113882166013354,6.1168187080184,-5.3379946119071136,-3.558663074604742,4.448328843255925,-19.6808515344597,-29.52127730168955,-8.00699191786067,0.52734375,-0.087890625,-0.263671875,-19.51171875,-28.564453125,-6.15234375,-48.33984375,-35.15625,35.15625,0.0,0.0,-70.3125,28.1,18.4,-24.0,-0.0,6.3,12.0
6.116848583013052,6.119858624995686,-5.475494598225875,-3.6503297321505834,4.5629121651882265,-19.664055859526474,-29.496083789289713,-8.213241897338813,0.439453125,-0.17578125,-0.17578125,-19.51171875,-28.564453125,-6.328125,-48.33984375,-35.15625,39.55078125,0.0,0.0,-70.3125,28.7,18.4,-24.8,-0.0,6.3,12.0
6.119885874999454,6.123861916013993,-5.616156592735853,-3.7441043951572355,4.680130493946542,-19.64641652511125,-29.46962478766687,-8.42423488910378,0.263671875,-0.263671875,0.0,-19.51171875,-28.564453125,-6.591796875,-48.33984375,-35.15625,39.55078125,0.0,0.0,-70.3125,27.9,18.4,-24.0,-0.0,6.3,12.0
6.123881041014101,6.126971666002646,-5.800984133012344,-3.867322755341563,4.834153444176951,-19.62253334067794,-29.43380001101691,-8.701476199518517,0.0,-0.439453125,0.087890625,-19.51171875,-28.564453125,-6.85546875,-43.9453125,-35.15625,39.55078125,0.0,0.0,-70.3125,27.1,18.4,-24.8,-0.0,5.5,11.2
6.126992958015762,6.130887375009479,-5.944792196701666,-3.9631947978011106,4.9539934972513855,-19.603394782401395,-29.405092173602092,-8.9171882950525,-0.087890625,-0.52734375,0.263671875,-19.51171875,-28.564453125,-7.03125,-43.9453125,-35.15625,39.55078125,0.0,0.0,-70.3125,27.9,18.3,-24.0,-0.0,5.5,12.0
6.130907665996347,6.134818249993259,-6.12549671796927,-4.08366447864618,5.104580598307722,-19.578653795035127,-29.367980692552692,-9.188245076953905,-0.263671875,-0.615234375,0.439453125,-19.51171875,-28.564453125,-7.3828125,-43.9453125,-35.15625,39.55078125,0.0,0.0,-70.3125,27.9,18.3,-24.1,-0.0,5.5,10.4
6.13484966600663,6.137838916009059,-6.307226985380617,-4.204817990253745,5.256022487817178,-19.55299224335852,-29.32948836503778,-9.460840478070926,-0.52734375,-0.791015625,0.52734375,-19.51171875,-28.564453125,-7.646484375,-43.9453125,-30.76171875,39.55078125,0.0,0.0,-70.3125,27.1,18.3,-24.1,-0.0,4.7,10.4
6.137862166011473,6.140785208001034,-6.445943692834948,-4.297295795223299,5.37161974402912,-19.53287610282613,-29.299314154239198,-9.668915539252422,-0.615234375,-0.87890625,0.615234375,-19.51171875,-28.564453125,-7.822265625,-43.9453125,-30.76171875,39.55078125,0.0,0.0,-70.3125,28.0,18.3,-24.9,-0.0,4.7,11.1
6.140801083005499,6.143973208003445,-6.581133052496082,-4.387422034997388,5.484277543746733,-19.512829827752288,-29.26924474162843,-9.871699578744122,-0.791015625,-0.966796875,0.791015625,-19.51171875,-28.564453125,-7.998046875,-43.9453125,-30.76171875,39.55078125,0.0,0.0,-70.3125,27.2,18.3,-24.1,-0.0,3.9,11.9
6.143996375001734,6.147861750010634,-6.727956355775495,-4.485304237183663,5.606630296479576,-19.4905629959707,-29.235844493956048,-10.091934533663242,-0.87890625,-1.0546875,0.87890625,-19.51171875,-28.564453125,-8.173828125,-52.734375,-30.76171875,39.55078125,0.0,0.0,-65.91796875,28.0,18.3,-24.9,-0.0,3.9,11.9
6.147880041011376,6.150971166003728,-6.906181815811501,-4.604121210541001,5.755151513176248,-19.46283812496642,-29.194257187449633,-10.359272723717252,-1.142578125,-1.23046875,1.0546875,-19.51171875,-28.564453125,-8.4375,-52.734375,-30.76171875,39.55078125,0.0,0.0,-65.91796875,27.2,17.5,-24.8,-0.0,3.9,11.2
6.150989457994001,6.1548889160039835,-7.048691237309972,-4.699127491539982,5.873909364424974,-19.440118333442655,-29.16017750016398,-10.57303685596496,-1.23046875,-1.318359375,1.23046875,-19.51171875,-28.564453125,-8.701171875,-52.734375,-30.76171875,39.55078125,0.0,0.0,-65.91796875,28.0,17.5,-24.0,-0.0,3.1,11.2
6.154905458010035,6.15795758299646,-7.227927958095515,-4.818618638730343,6.023273298412926,-19.410845278206732,-29.116267917310097,-10.841891937143272,-1.494140625,-1.494140625,1.318359375,-19.51171875,-28.564453125,-8.96484375,-52.734375,-35.15625,39.55078125,0.0,0.0,-65.91796875,27.2,17.5,-24.8,-0.0,3.1,11.2
6.157976749993395,6.161847583018243,-7.368311070605269,-4.912207380403512,6.140259225504387,-19.387372659850257,-29.081058989775386,-11.052466605907902,-1.58203125,-1.58203125,1.40625,-19.51171875,-28.564453125,-9.140625,-52.734375,-35.15625,39.55078125,0.0,0.0,-65.91796875,27.1,17.5,-24.8,-0.0,2.2,11.2
6.161866500013275,6.164950416015927,-7.545857845076166,-5.0305718967174435,6.288214870896802,-19.356997349587996,-29.03549602438199,-11.318786767614249,-1.7578125,-1.669921875,1.58203125,-19.51171875,-28.564453125,-9.404296875,-43.9453125,-35.15625,39.55078125,0.0,0.0,-65.91796875,27.1,17.5,-24.8,-0.0,2.2,11.2
6.164968875003979,6.1688732909969985,-7.687263442580403,-5.124842295053602,6.406052868816999,-19.332252622258736,-28.9983789333881,-11.530895163870605,-1.93359375,-1.7578125,1.669921875,-19.51171875,-28.564453125,-9.580078125,-43.9453125,-35.15625,39.55078125,0.0,0.0,-70.3125,27.1,17.6,-24.8,-0.0,1.4,12.0
6.168893291003769,6.172848624992184,-7.865875546668936,-5.243917031112623,6.554896288890777,-19.30029362913443,-28.95044044370164,-11.798813320003404,-2.109375,-1.93359375,1.845703125,-19.51171875,-28.564453125,-9.931640625,-43.9453125,-35.15625,39.55078125,0.0,0.0,-70.3125,27.1,17.6,-24.7,-0.0,1.5,11.3
6.172867874993244,6.17595579099725,-8.046466256387106,-5.364310837591404,6.705388546989252,-19.267178548965063,-28.900767823447595,-12.069699384580659,-2.28515625,-2.021484375,2.021484375,-19.51171875,-28.564453125,-10.107421875,-43.9453125,-30.76171875,39.55078125,0.0,0.0,-70.3125,27.1,17.6,-24.7,-0.0,0.7,11.3
6.175973208009964,6.179810833011288,-8.187343457171838,-5.458228971447893,6.822786214309863,-19.240783157014345,-28.861174735521516,-12.281015185757758,-2.4609375,-2.109375,2.109375,-19.51171875,-28.564453125,-10.37109375,-43.9453125,-30.76171875,35.15625,0.0,0.0,-70.3125,27.2,17.6,-24.7,-0.0,0.7,11.3
6.179830708017107,6.182967916014604,-8.362071953521724,-5.57471463568115,6.968393294601433,-19.207356838740786,-28.81103525811118,-12.543107930282586,-2.63671875,-2.28515625,2.28515625,-19.51171875,-28.4765625,-10.546875,-43.9453125,-30.76171875,35.15625,0.0,0.0,-70.3125,27.2,16.8,-24.7,-0.0,0.7,11.9
6.182986083003925,6.186854958010372,-8.50476915316526,-5.669846102110173,7.087307627637713,-19.179490222067585,-28.769235333101378,-12.75715372974789,-2.724609375,-2.373046875,2.373046875,-19.51171875,-28.4765625,-10.810546875,-48.33984375,-30.76171875,35.15625,0.0,4.39453125,-61.5234375,27.2,16.8,-24.7,-0.0,0.7,12.7
6.18687316600699,6.1899602499906905,-8.680269177976502,-5.786846118651001,7.233557648313749,-19.144513887770927,-28.71677083165639,-13.020403766964753,-2.900390625,-2.4609375,2.548828125,-19.51171875,-28.4765625,-11.162109375,-48.33984375,-30.76171875,35.15625,0.0,4.39453125,-61.5234375,27.2,17.5,-24.7,-0.8,-0.1,12.1
6.189978375012288,6.193860083003528,-8.820235747626814,-5.880157165084543,7.350196456355676,-19.116060046827247,-28.674090070240872,-13.230353621440221,-3.1640625,-2.63671875,2.724609375,-19.51171875,-28.4765625,-11.337890625,-48.33984375,-30.76171875,35.15625,0.0,4.39453125,-61.5234375,26.4,16.7,-24.1,-0.8,-0.1,12.1
6.193882624997059,6.197904750006273,-8.995920706950818,-5.997280471300545,7.496600589125679,-19.079639067565118,-28.619458601347677,-13.493881060426228,-3.251953125,-2.724609375,2.900390625,-19.51171875,-28.4765625,-11.6015625,-48.33984375,-35.15625,43.9453125,0.0,4.39453125,-61.5234375,27.2,16.7,-24.1,-1.8,-0.1,12.1
6.197946250002133,6.200809000001755,-9.17841784627762,-6.118945230851747,7.648681538564681,-19.04096923115619,-28.56145384673428,-13.767626769416431,-3.427734375,-2.900390625,2.98828125,-19.51171875,-28.4765625,-11.865234375,-48.33984375,-35.15625,43.9453125,0.0,4.39453125,-61.5234375,27.2,16.7,-24.1,-1.8,-0.0,12.0
6.20083791599609,6.203788582992274,-9.308055075896196,-6.205370050597464,7.756712563246827,-19.01297931769632,-28.51946897654448,-13.962082613844293,-3.603515625,-2.900390625,3.1640625,-19.51171875,-28.4765625,-12.12890625,-48.33984375,-35.15625,43.9453125,0.0,4.39453125,-61.5234375,27.2,17.5,-24.1,-1.8,-0.0,12.0
6.203833790990757,6.206796750018839,-9.442161552770456,-6.294774368513637,7.868467960642043,-18.983566989622993,-28.47535048443449,-14.163242329155683,-3.69140625,-2.98828125,3.251953125,-19.51171875,-28.4765625,-12.3046875,-43.9453125,-35.15625,43.9453125,0.0,0.0,-74.70703125,27.2,17.5,-24.1,-2.4,-0.0,12.0
6.206823250016896,6.209820457996102,-9.575772398653438,-6.383848265768959,7.979810332211196,-18.9537985986883,-28.430697898032456,-14.363658597980157,-3.8671875,-3.076171875,3.33984375,-19.51171875,-28.4765625,-12.568359375,-43.9453125,-35.15625,43.9453125,0.0,0.0,-74.70703125,27.2,17.6,-24.1,-2.4,-0.0,12.0
6.209849708015099,6.212815083010355,-9.71082177425714,-6.473881182838093,8.092351478547611,-18.923236045415035,-28.384854068122554,-14.566232661385708,-3.955078125,-3.1640625,3.427734375,-19.51171875,-28.4765625,-12.744140625,-43.9453125,-35.15625,43.9453125,0.0,0.0,-74.70703125,27.2,17.6,-24.7,-2.4,-0.0,12.0
6.212847499991767,6.215795666008489,-9.84437564170154,-6.562917094467693,8.203646368084613,-18.892541364547643,-28.338812046821467,-14.766563462552309,-4.130859375,-3.33984375,3.603515625,-19.51171875,-28.4765625,-13.0078125,-43.9453125,-30.76171875,43.9453125,0.0,0.0,-74.70703125,27.2,16.8,-23.9,-3.2,-0.0,11.2
6.215819083008682,6.218822082999395,-9.976546455146755,-6.651030970097836,8.313788712622292,-18.861701594363097,-28.292552391544646,-14.964819682720131,-4.21875,-3.427734375,3.69140625,-19.51171875,-28.4765625,-13.18359375,-43.9453125,-30.76171875,35.15625,0.0,0.0,-74.70703125,27.2,16.8,-23.9,-3.2,-0.0,11.2
6.218850833014585,6.221812333009439,-10.111169357059232,-6.740779571372821,8.425974464216024,-18.82981388039093,-28.244720820586394,-15.166754035588848,-4.39453125,-3.515625,3.779296875,-19.51171875,-28.4765625,-13.359375,-43.9453125,-30.76171875,35.15625,0.0,0.0,-74.70703125,27.2,16.8,-24.7,-3.2,-0.0,11.1
6.221841666003456,6.224837874993682,-10.243750687891556,-6.829167125261037,8.536458906576295,-18.797938088398254,-28.196907132597385,-15.365626031837335,-4.5703125,-3.603515625,3.955078125,-19.51171875,-28.4765625,-13.623046875,-48.33984375,-30.76171875,35.15625,0.0,0.0,-74.70703125,27.2,16.8,-23.9,-4.0,-0.0,11.1
6.224872624996351,6.227824416011572,-10.37788009956343,-6.918586733042287,8.648233416302856,-18.76521136617894,-28.14781704926841,-15.566820149345146,-4.658203125,-3.69140625,4.04296875,-19.51171875,-28.4765625,-13.798828125,-48.33984375,-30.76171875,35.15625,0.0,0.0,-65.91796875,28.0,16.8,-23.9,-4.0,-0.0,11.1
6.227860125014558,6.230825541017111,-10.509856127022674,-7.00657075134845,8.75821343918556,-18.732537636592337,-28.098806454888503,-15.764784190534012,-4.833984375,-3.779296875,4.130859375,-19.51171875,-28.4765625,-13.974609375,-48.33984375,-30.76171875,35.15625,0.0,0.0,-65.91796875,27.2,16.8,-24.0,-4.0,-0.9,11.3
6.230852458014851,6.233808207995025,-10.64181364616079,-7.09454243077386,8.868178038467322,-18.699397522325402,-28.0490962834881,-15.962720469241185,-4.921875,-3.8671875,4.306640625,-19.51171875,-28.4765625,-14.23828125,-48.33984375,-30.76171875,35.15625,0.0,0.0,-65.91796875,27.2,16.8,-24.0,-4.8,-0.9,10.5
6.233837708015926,6.236827040993376,-10.773224539968753,-7.1821496933125015,8.977687116640624,-18.665924187750555,-27.99888628162583,-16.15983680995313,-5.09765625,-3.955078125,4.39453125,-19.51171875,-28.4765625,-14.4140625,-48.33984375,-30.76171875,39.55078125,0.0,0.0,-65.91796875,27.2,16.8,-24.0,-4.8,-1.7,11.3
6.23686070801341,6.23984795800061,-10.906055776636933,-7.270703851091289,9.088379813864108,-18.631609310784892,-27.94741396617734,-16.3590836649554,-5.185546875,-4.04296875,4.482421875,-19.51171875,-28.4765625,-14.58984375,-48.33984375,-30.76171875,39.55078125,0.0,0.0,-65.91796875,28.0,16.8,-24.0,-5.6,-1.7,12.0
6.239880958019057,6.242891458008671,-11.038520600639037,-7.359013733759358,9.198767167199195,-18.596906110058768,-27.895359165088152,-16.55778090095856,-5.361328125,-4.130859375,4.658203125,-19.51171875,-28.4765625,-14.853515625,-48.33984375,-30.76171875,39.55078125,0.0,0.0,-65.91796875,27.2,16.8,-24.0,-5.6,-2.5,11.2
6.2429251660068985,6.246746249991702,-11.17178477519626,-7.447856516797506,9.30982064599688,-18.561504069045615,-27.842256103568424,-16.75767716279439,-5.537109375,-4.21875,4.74609375,-19.51171875,-28.4765625,-15.029296875,-43.9453125,-30.76171875,39.55078125,0.0,0.0,-70.3125,27.2,16.8,-24.0,-5.6,-3.3,11.2
6.246781499998178,6.2499138330167625,-11.340233669962766,-7.560155779975178,9.450194724968968,-18.51604829823329,-27.774072447349933,-17.01035050494415,-5.712890625,-4.306640625,4.921875,-19.51171875,-28.4765625,-15.29296875,-43.9453125,-30.76171875,39.55078125,0.0,0.0,-70.3125,27.2,17.6,-24.0,-6.4,-3.4,11.1
6.2499381249945145,6.253740665997611,-11.477809077161087,-7.651872718107391,9.564840897634236,-18.4783344462071,-27.717501669310646,-17.21671361574163,-5.80078125,-4.482421875,5.009765625,-19.51171875,-28.4765625,-15.46875,-43.9453125,-30.76171875,39.55078125,0.0,0.0,-70.3125,27.2,16.8,-24.0,-6.4,-4.2,11.1
6.253770291019464,6.256794999993872,-11.644447072267958,-7.762964714845305,9.703705893556629,-18.431939095929835,-27.647908643894752,-17.466670608401937,-5.9765625,-4.5703125,5.185546875,-19.51171875,-28.4765625,-15.732421875,-43.9453125,-26.3671875,39.55078125,0.0,0.0,-70.3125,28.0,16.8,-24.0,-7.4,-5.0,11.1
6.256822166003985,6.25979974999791,-11.77685335385175,-7.8512355692345,9.814044461543123,-18.394512769747042,-27.591769154620565,-17.665280030777627,-6.15234375,-4.658203125,5.2734375,-19.51171875,-28.4765625,-15.908203125,-43.9453125,-26.3671875,39.55078125,0.0,0.0,-70.3125,27.2,16.8,-24.0,-7.4,-5.0,11.2
6.259826249995967,6.262793625006452,-11.906921906054299,-7.9379479373695325,9.922434921711913,-18.35725966868723,-27.535889503030848,-17.860382859081447,-6.328125,-4.74609375,5.44921875,-19.51171875,-28.4765625,-16.083984375,-43.9453125,-26.3671875,39.55078125,0.0,0.0,-70.3125,27.2,16.8,-23.2,-8.2,-5.8,11.2
6.262821083015297,6.265803332993528,-12.036326010776127,-8.024217340517417,10.03027167564677,-18.3197144102232,-27.4795716153348,-18.05448901616419,-6.416015625,-4.833984375,5.537109375,-19.51171875,-28.4765625,-16.259765625,-43.9453125,-26.3671875,39.55078125,0.0,0.0,-61.5234375,27.2,16.8,-23.2,-8.0,-6.6,11.2
6.265829333016882,6.268777749995934,-12.166041688962325,-8.110694459308217,10.138368074135268,-18.2815928022628,-27.4223892033942,-18.249062533443485,-6.591796875,-4.921875,5.625,-19.423828125,-28.4765625,-16.435546875,-43.9453125,-26.3671875,39.55078125,0.0,0.0,-61.5234375,27.2,16.8,-24.0,-8.0,-6.6,11.2
6.268801791011356,6.271753208013251,-12.293947202768141,-8.195964801845427,10.244956002306782,-18.243523808927673,-27.365285713391508,-18.440920804152213,-6.6796875,-5.009765625,5.712890625,-19.423828125,-28.4765625,-16.69921875,-43.9453125,-26.3671875,39.55078125,0.0,0.0,-61.5234375,27.2,16.8,-24.0,-8.0,-7.4,10.4
6.2717781249957625,6.274840333004249,-12.421750958953982,-8.281167305969321,10.351459132461649,-18.20500667537765,-27.307510013066477,-18.63262643843097,-6.85546875,-5.09765625,5.888671875,-19.423828125,-28.4765625,-16.875,-43.9453125,-26.3671875,39.55078125,0.0,0.0,-61.5234375,27.2,16.8,-23.2,-8.0,-8.2,11.2
6.274871791014448,6.27885500001139,-12.554305137300467,-8.369536758200312,10.461920947750386,-18.164549387560754,-27.246824081341135,-18.8314577059507,-7.03125,-5.185546875,5.9765625,-19.3359375,-28.4765625,-17.05078125,-43.9453125,-30.76171875,35.15625,0.0,0.0,-61.5234375,26.3,16.8,-24.0,-8.0,-8.2,11.2
6.2788911660027225,6.281860624992987,-12.726079855663619,-8.48405323710908,10.605066546386347,-18.111345633880962,-27.167018450821445,-19.089119783495427,-7.119140625,-5.2734375,6.15234375,-19.248046875,-28.4765625,-17.314453125,-43.9453125,-30.76171875,35.15625,0.0,0.0,-61.5234375,27.1,17.6,-23.2,-7.2,-9.9,11.3
6.281892875005724,6.284837582992623,-12.85403240683412,-8.569354937889415,10.711693672361765,-18.071141523115532,-27.1067122846733,-19.281048610251183,-7.294921875,-5.361328125,6.240234375,-19.248046875,-28.4765625,-17.490234375,-43.9453125,-30.76171875,35.15625,0.0,0.0,-61.5234375,27.1,17.6,-23.2,-8.0,-9.9,11.3
6.284863958018832,6.287815540999873,-12.98039807604711,-8.653598717364739,10.816998396705921,-18.03095197816309,-27.046427967244632,-19.470597114070664,-7.3828125,-5.44921875,6.328125,-19.16015625,-28.4765625,-17.75390625,-43.9453125,-30.76171875,35.15625,0.0,0.0,-65.91796875,27.1,17.7,-24.0,-7.2,-10.7,10.5
6.287846791004995,6.291847707994748,-13.106979090391391,-8.737986060260926,10.922482575326157,-17.99020843711061,-26.98531265566591,-19.660468635587087,-7.55859375,-5.625,6.50390625,-19.16015625,-28.4765625,-18.017578125,-43.9453125,-30.76171875,35.15625,13.18359375,0.0,-65.91796875,27.1,16.9,-23.1,-8.0,-11.4,10.3
6.2918858749908395,6.295902999991085,-13.277924569393361,-8.851949712928906,11.064937141161131,-17.93440788762701,-26.901611831440512,-19.91688685409004,-7.734375,-5.712890625,6.6796875,-19.072265625,-28.4765625,-18.10546875,-43.9453125,-30.76171875,35.15625,13.18359375,0.0,-65.91796875,27.1,16.9,-23.1,-7.2,-12.2,11.1
6.295945624995511,6.29986108301091,-13.449206088589277,-8.96613739239285,11.207671740491062,-17.87759436447574,-26.81639154671361,-20.173809132883914,-7.91015625,-5.80078125,6.767578125,-18.984375,-28.30078125,-18.369140625,-43.9453125,-30.76171875,39.55078125,13.18359375,0.0,-65.91796875,27.3,16.9,-23.9,-7.2,-10.4,11.1
6.299896458018338,6.302964791015256,-13.615367323099763,-9.076911548733175,11.346139435916466,-17.821607018910342,-26.732410528365513,-20.423050984649645,-8.173828125,-5.9765625,6.943359375,-18.984375,-28.125,-18.6328125,-43.9453125,-30.76171875,39.55078125,13.18359375,0.0,-65.91796875,26.5,16.9,-23.1,-8.0,-10.4,11.2
6.3030049999943,6.30681025001104,-13.745735813591747,-9.16382387572783,11.454779844659786,-17.77707321171403,-26.665609817571045,-20.618603720387622,-8.26171875,-6.064453125,7.03125,-18.896484375,-28.037109375,-18.80859375,-48.33984375,-30.76171875,39.55078125,13.18359375,17.578125,-61.5234375,26.5,16.9,-23.9,-7.2,-9.6,11.2
6.306851750006899,6.310919500014279,-13.906609798066627,-9.271073198711084,11.588841498388854,-17.721376970882964,-26.582065456324443,-20.859914697099942,-8.4375,-6.15234375,7.20703125,-18.896484375,-27.94921875,-19.072265625,-48.33984375,-30.76171875,39.55078125,13.18359375,17.578125,-61.5234375,26.5,16.7,-23.2,-8.0,-9.6,11.2
6.310963124997215,6.314919166004984,-14.077989107969863,-9.38532607197991,11.731657589974883,-17.66113401009726,-26.491701015145892,-21.116983661954794,-8.61328125,-6.240234375,7.3828125,-18.80859375,-27.861328125,-19.423828125,-48.33984375,-30.76171875,39.55078125,13.18359375,17.578125,-61.5234375,26.5,16.7,-23.2,-7.2,-9.6,10.4
6.314978915994288,6.3188810409919824,-14.244817292296293,-9.496544861530863,11.870681076913575,-17.601580488493976,-26.402370732740962,-21.36722593844444,-8.7890625,-6.416015625,7.55859375,-18.720703125,-27.7734375,-19.6875,-48.33984375,-30.76171875,39.55078125,13.18359375,17.578125,-61.5234375,26.3,16.7,-22.4,-7.2,-10.4,8.8
6.318939499993576,6.32288270801655,-14.40879686445537,-9.60586457630358,12.007330720379471,-17.54215966583693,-26.313239498755397,-21.613195296683056,-8.96484375,-6.50390625,7.646484375,-18.720703125,-27.685546875,-19.86328125,-48.33984375,-30.76171875,39.55078125,13.18359375,17.578125,-61.5234375,26.3,16.7,-23.2,-8.0,-9.6,8.4
6.322938041004818,6.32688620800036,-14.57378222374142,-9.715854815827612,12.144818519784513,-17.48148063516816,-26.22222095275224,-21.860673335612127,-9.140625,-6.591796875,7.822265625,-18.6328125,-27.59765625,-20.126953125,-43.9453125,-30.76171875,39.55078125,13.18359375,21.97265625,-61.5234375,26.3,16.7,-23.2,-7.2,-10.4,9.2
6.326971750007942,6.330872249993263,-14.739636108476166,-9.826424072317444,12.283030090396801,-17.419569166629245,-26.129353749943867,-22.109454162714247,-9.404296875,-6.767578125,7.998046875,-18.544921875,-27.509765625,-20.390625,-43.9453125,-30.76171875,39.55078125,13.18359375,21.97265625,-61.5234375,26.3,16.8,-22.3,-7.2,-9.6,10.7
6.330925749993185,6.335245333000785,-14.901638322480888,-9.934425548320592,12.418031935400737,-17.358202355799264,-26.037303533698896,-22.352457483721334,-9.580078125,-6.85546875,8.0859375,-18.544921875,-27.509765625,-20.56640625,-43.9453125,-30.76171875,39.55078125,13.18359375,21.97265625,-61.5234375,25.5,16.8,-23.1,-8.0,-11.2,11.5
6.33540000001085,6.338814707996789,-15.084262483726695,-10.05617498915113,12.57021873643891,-17.287953742058985,-25.93193061308848,-22.62639372559004,-9.755859375,-6.943359375,8.26171875,-18.45703125,-27.421875,-20.830078125,-43.9453125,-26.3671875,35.15625,13.18359375,21.97265625,-61.5234375,26.4,16.8,-23.1,-8.0,-10.4,10.7
6.338859875017079,6.342739832994994,-15.22497281355647,-10.149981875704313,12.687477344630388,-17.233045810966615,-25.84956871644992,-22.837459220334704,-9.931640625,-7.119140625,8.4375,-18.45703125,-27.421875,-21.005859375,-43.9453125,-26.3671875,35.15625,13.18359375,21.97265625,-61.5234375,25.6,16.0,-22.3,-8.0,-12.0,10.5
6.342771041003289,6.345795250002993,-15.383495064731633,-10.255663376487757,12.819579220609691,-17.170363091914155,-25.755544637871232,-23.07524259709745,-10.107421875,-7.119140625,8.525390625,-18.369140625,-27.333984375,-21.181640625,-48.33984375,-26.3671875,35.15625,13.18359375,17.578125,-57.12890625,25.6,16.8,-23.1,-8.0,-11.2,11.3
6.34582220800803,6.348760207998566,-15.50675810234663,-10.337838734897753,12.92229841862219,-17.12101312105238,-25.681519681578568,-23.260137153519945,-10.1953125,-7.20703125,8.701171875,-18.369140625,-27.333984375,-21.357421875,-48.33984375,-26.3671875,35.15625,13.18359375,17.578125,-57.12890625,26.4,16.8,-22.3,-8.8,-12.2,12.1
6.348780833010096,6.351990916009527,-15.625942438054135,-10.417294958702756,13.021618698378443,-17.07278435825235,-25.609176537378527,-23.4389136570812,-10.37109375,-7.294921875,8.7890625,-18.28125,-27.24609375,-21.62109375,-48.33984375,-26.3671875,35.15625,13.18359375,17.578125,-57.12890625,25.6,16.8,-22.4,-8.0,-12.2,12.1
6.352044958010083,6.355787500011502,-15.757041773321852,-10.5046945155479,13.130868144434874,-17.019147838097474,-25.528721757146208,-23.635562659982778,-10.546875,-7.470703125,8.876953125,-18.193359375,-27.158203125,-21.884765625,-48.33984375,-30.76171875,35.15625,13.18359375,17.578125,-57.12890625,25.6,16.8,-22.4,-8.0,-12.2,12.1
6.355822458019247,6.358869957999559,-15.908242839432766,-10.605495226288511,13.256869032860635,-16.95651706587092,-25.434775598806375,-23.86236425914915,-10.634765625,-7.55859375,8.96484375,-18.193359375,-27.0703125,-22.060546875,-48.33984375,-30.76171875,35.15625,13.18359375,17.578125,-57.12890625,26.3,16.8,-23.2,-8.0,-12.8,11.3
6.358905166009208,6.362750375003088,-16.031218827126292,-10.687479218084196,13.35934902260524,-16.904963412057967,-25.357445118086947,-24.04682824068944,-10.810546875,-7.646484375,9.140625,-18.10546875,-27.0703125,-22.32421875,-48.33984375,-30.76171875,35.15625,13.18359375,17.578125,-57.12890625,25.5,16.8,-22.4,-8.0,-12.8,11.1
6.362771290994715,6.365934583009221,-16.184915365190776,-10.78994357679385,13.48742947099231,-16.839748145670267,-25.2596222185054,-24.277373047786163,-10.986328125,-7.734375,9.228515625,-18.017578125,-26.982421875,-22.5,-43.9453125,-30.76171875,35.15625,13.18359375,17.578125,-65.91796875,25.5,16.8,-23.2,-8.0,-12.0,11.1
6.365954833017895,6.369799291016534,-16.311028166097284,-10.874018777398188,13.592523471747734,-16.78558058658656,-25.17837087987984,-24.466542249145924,-11.07421875,-7.822265625,9.404296875,-17.9296875,-26.806640625,-22.763671875,-43.9453125,-30.76171875,35.15625,17.578125,17.578125,-65.91796875,25.5,16.7,-22.4,-7.2,-11.1,10.3
6.369818583014421,6.372886458004359,-16.463538492256873,-10.975692328171249,13.71961541021406,-16.71927563973161,-25.078913459597416,-24.69530773838531,-11.25,-7.91015625,9.4921875,-17.9296875,-26.71875,-23.02734375,-43.9453125,-30.76171875,35.15625,17.578125,17.578125,-65.91796875,25.5,16.7,-23.2,-8.0,-11.9,9.5
6.3729091660061385,6.375879708008142,-16.585094018618793,-11.056729345745861,13.820911682182324,-16.665795395807617,-24.998693093711424,-24.87764102792819,-11.42578125,-7.998046875,9.66796875,-17.841796875,-26.71875,-23.291015625,-43.9453125,-26.3671875,39.55078125,17.578125,17.578125,-65.91796875,25.5,16.7,-22.4,-8.0,-12.7,9.5
6.375899583013961,6.378883833007421,-16.70233787465877,-11.13489191643918,13.918614895548972,-16.613674548672773,-24.920511823009157,-25.053506811988157,-11.513671875,-8.0859375,9.755859375,-17.841796875,-26.630859375,-23.37890625,-43.9453125,-26.3671875,39.55078125,17.578125,17.578125,-65.91796875,25.7,16.7,-22.4,-8.0,-13.0,9.5
6.378910041006748,6.381922875007149,-16.819995213371968,-11.21333014224798,14.016662677809972,-16.56083413119499,-24.841251196792484,-25.22999282005795,-11.6015625,-8.173828125,9.84375,-17.75390625,-26.54296875,-23.5546875,-43.9453125,-26.3671875,39.55078125,17.578125,17.578125,-65.91796875,26.5,16.7,-22.4,-8.0,-12.2,9.5
6.381940874998691,6.385811415995704,-16.93806894833089,-11.292045965553928,14.11505745694241,-16.50726197501625,-24.76089296252437,-25.407103422496338,-11.865234375,-8.26171875,9.931640625,-17.75390625,-26.455078125,-23.73046875,-43.9453125,-26.3671875,39.55078125,17.578125,26.3671875,-61.5234375,24.9,16.7,-22.4,-8.8,-12.2,10.3
6.385829915991053,6.388911791000282,-17.089013560129725,-11.39267570675315,14.240844633441435,-16.437972510037746,-24.65695876505662,-25.63352034019459,-11.953125,-8.349609375,10.107421875,-17.666015625,-26.3671875,-23.994140625,-43.9453125,-26.3671875,39.55078125,17.578125,26.3671875,-61.5234375,25.7,16.9,-22.4,-8.0,-12.7,9.6
6.388929790991824,6.3927868329919875,-17.208871942886198,-11.472581295257465,14.340726619071829,-16.382303819173558,-24.573455728760337,-25.813307914329297,-12.12890625,-8.4375,10.1953125,-17.578125,-26.279296875,-24.169921875,-43.9453125,-26.3671875,39.55078125,17.578125,26.3671875,-61.5234375,25.7,16.9,-22.4,-8.0,-11.9,9.6
6.392804708011681,6.395789625006728,-17.358123629529842,-11.572082419686563,14.4651030246082,-16.31217056286444,-24.46825584429666,-26.037185444294764,-12.216796875,-8.525390625,10.37109375,-17.578125,-26.103515625,-24.2578125,-43.9453125,-26.3671875,35.15625,17.578125,26.3671875,-61.5234375,25.7,17.7,-22.4,-8.8,-11.9,11.2
6.395807416003663,6.398942333005834,-17.47333814126162,-11.648892094174414,14.561115117718016,-16.257407941559467,-24.386111912339203,-26.21000721189243,-12.392578125,-8.61328125,10.458984375,-17.490234375,-26.015625,-24.521484375,-43.9453125,-26.3671875,35.15625,17.578125,26.3671875,-61.5234375,25.5,17.7,-22.4,-8.0,-12.1,10.5
6.398964666004758,6.402847916004248,-17.594063165234157,-11.729375443489438,14.661719304361794,-16.19943677124816,-24.29915515687224,-26.391094747851234,-12.568359375,-8.701171875,10.546875,-17.40234375,-25.927734375,-24.697265625,-43.9453125,-26.3671875,35.15625,17.578125,26.3671875,-61.5234375,24.7,17.7,-22.4,-8.0,-12.9,10.5
6.402882666006917,6.406782666017534,-17.743275257214393,-11.828850171476262,14.786062714345327,-16.126943406013613,-24.19041510902042,-26.61491288582159,-12.65625,-8.876953125,10.72265625,-17.314453125,-25.83984375,-24.873046875,-39.55078125,-26.3671875,35.15625,17.578125,26.3671875,-57.12890625,25.5,16.9,-22.4,-8.8,-12.1,11.3
6.4068186249933206,6.409855958016124,-17.892494608878366,-11.928329739252243,14.910412174065302,-16.0535027215767,-24.08025408236505,-26.83874191331755,-12.83203125,-8.96484375,10.810546875,-17.2265625,-25.6640625,-25.13671875,-39.55078125,-26.3671875,35.15625,17.578125,26.3671875,-57.12890625,25.5,16.8,-22.4,-8.0,-11.9,10.5
6.409898500016425,6.413748040999053,-18.008781579923454,-12.005854386615635,15.007317983269544,-15.995607536051331,-23.993411304076997,-27.01317236988518,-13.0078125,-9.052734375,10.986328125,-17.2265625,-25.576171875,-25.3125,-39.55078125,-26.3671875,35.15625,17.578125,26.3671875,-57.12890625,25.5,16.8,-21.6,-8.0,-11.1,10.5
6.413781708019087,6.41681654099375,-18.15479895335674,-12.103199302237826,15.128999127797279,-15.922077962700405,-23.883116944050606,-27.23219843003511,-13.18359375,-9.140625,11.162109375,-17.138671875,-25.400390625,-25.576171875,-39.55078125,-26.3671875,35.15625,17.578125,26.3671875,-57.12890625,24.7,16.8,-21.6,-8.0,-11.1,10.5
6.416845875006402,6.419820166018326,-18.26954201082094,-12.179694673880626,15.224618342350778,-15.863638852767796,-23.795458279151696,-27.404313016231406,-13.271484375,-9.228515625,11.25,-17.05078125,-25.400390625,-25.751953125,-39.55078125,-26.3671875,35.15625,17.578125,26.3671875,-57.12890625,25.5,16.8,-21.6,-8.8,-11.1,10.3
6.419844332995126,6.422801291017095,-18.381414771362508,-12.25427651424167,15.317845642802085,-15.806097149913542,-23.709145724870314,-27.57212215704376,-13.447265625,-9.31640625,11.337890625,-17.05078125,-25.224609375,-25.927734375,-43.9453125,-26.3671875,35.15625,17.578125,26.3671875,-57.12890625,24.7,16.8,-21.6,-8.8,-10.3,10.3
6.422824583016336,6.4258322910172865,-18.492204133891235,-12.328136089260823,15.410170111576027,-15.748557412177943,-23.622836118266914,-27.738306200836853,-13.53515625,-9.404296875,11.42578125,-16.962890625,-25.13671875,-26.103515625,-43.9453125,-26.3671875,35.15625,17.578125,35.15625,-61.5234375,25.5,16.8,-21.6,-8.0,-10.3,11.1
6.425861458003055,6.428834124992136,-18.604681604098705,-12.403121069399138,15.503901336748918,-15.689569393002067,-23.5343540895031,-27.90702240614806,-13.7109375,-9.4921875,11.513671875,-16.875,-25.048828125,-26.279296875,-43.9453125,-26.3671875,35.15625,17.578125,35.15625,-61.5234375,24.7,16.8,-21.6,-8.0,-10.3,11.3
6.428866541013122,6.43185741599882,-18.715564855820315,-12.477043237213543,15.596304046516925,-15.630847451648416,-23.446271177472624,-28.07334728373047,-13.798828125,-9.580078125,11.6015625,-16.875,-24.9609375,-26.455078125,-43.9453125,-26.3671875,35.15625,17.578125,35.15625,-61.5234375,24.7,16.8,-21.5,-8.0,-10.3,11.3
6.431888791004894,6.43485254101688,-18.826660941554852,-12.551107294369901,15.688884117962374,-15.57143878019031,-23.357158170285466,-28.239991412332277,-13.88671875,-9.66796875,11.77734375,-16.787109375,-24.873046875,-26.630859375,-43.9453125,-30.76171875,35.15625,17.578125,35.15625,-61.5234375,25.5,16.0,-21.5,-8.0,-10.3,10.5
6.434878291009227,6.437833791016601,-18.936135738256418,-12.624090492170945,15.780113115213679,-15.512328620986573,-23.26849293147986,-28.404203607384627,-14.0625,-9.755859375,11.865234375,-16.69921875,-24.78515625,-26.806640625,-43.9453125,-30.76171875,35.15625,17.578125,35.15625,-61.5234375,24.9,16.0,-21.5,-8.0,-10.4,8.9
6.4378662499948405,6.440816374990391,-19.045136858225234,-12.696757905483489,15.870947381854359,-15.452907127448302,-23.179360691172455,-28.56770528733785,-14.150390625,-9.84375,11.953125,-16.69921875,-24.78515625,-26.982421875,-43.9453125,-30.76171875,35.15625,17.578125,35.15625,-61.5234375,24.9,16.0,-21.5,-8.8,-11.2,8.5
6.440855416003615,6.4438559580012225,-19.15376221699681,-12.769174811331208,15.961468514164007,-15.393121016793982,-23.089681525190972,-28.730643325495215,-14.326171875,-9.931640625,12.041015625,-16.611328125,-24.697265625,-27.158203125,-39.55078125,-30.76171875,35.15625,17.578125,26.3671875,-61.5234375,24.9,16.0,-21.5,-8.0,-11.2,8.5
6.443890791008016,6.447742249991279,-19.263634668611665,-12.842423112407777,16.05302889050972,-15.332063416314668,-22.998095124472,-28.895452002917498,-14.4140625,-10.01953125,12.12890625,-16.5234375,-24.521484375,-27.333984375,-39.55078125,-30.76171875,35.15625,17.578125,26.3671875,-57.12890625,24.9,15.9,-21.5,-8.0,-10.4,9.3
6.447771375009324,6.450871750013903,-19.403463269485208,-12.935642179656806,16.169552724571005,-15.253496694197162,-22.880245041295744,-29.10519490422781,-14.501953125,-10.107421875,12.3046875,-16.435546875,-24.521484375,-27.509765625,-39.55078125,-30.76171875,35.15625,21.97265625,26.3671875,-57.12890625,25.7,15.9,-21.5,-8.0,-12.1,9.7
6.450910874991678,6.45477483299328,-19.516061140591024,-13.010707427060682,16.26338428382585,-15.189519157874223,-22.784278736811334,-29.274091710886534,-14.677734375,-10.1953125,12.48046875,-16.435546875,-24.43359375,-27.685546875,-39.55078125,-30.76171875,35.15625,21.97265625,26.3671875,-57.12890625,24.9,15.9,-20.7,-8.0,-12.1,9.7
6.454816333018243,6.458811040996807,-19.655467267584644,-13.10364484505643,16.379556056320535,-15.109417320817705,-22.664125981226558,-29.483200901376968,-14.853515625,-10.283203125,12.568359375,-16.34765625,-24.2578125,-27.861328125,-39.55078125,-26.3671875,35.15625,21.97265625,26.3671875,-57.12890625,24.7,15.9,-21.5,-8.0,-11.2,10.5
6.458855125005357,6.462742583011277,-19.79885468549179,-13.199236456994527,16.49904557124316,-15.025982728339155,-22.538974092508735,-29.69828202823769,-15.029296875,-10.37109375,12.744140625,-16.259765625,-24.08203125,-28.037109375,-39.55078125,-26.3671875,35.15625,21.97265625,26.3671875,-57.12890625,24.7,15.9,-20.7,-8.0,-11.2,10.4
6.462776708009187,6.465826250001555,-19.93731843263398,-13.291545621755986,16.61443202719498,-14.944390753215043,-22.416586129822562,-29.90597764895097,-15.1171875,-10.546875,12.83203125,-16.171875,-23.994140625,-28.30078125,-39.55078125,-26.3671875,35.15625,21.97265625,30.76171875,-52.734375,25.5,15.1,-20.7,-8.0,-12.0,9.6
6.4658794999995735,6.468824083014624,-20.046336374316194,-13.36422424954413,16.70528031193016,-14.879432455839726,-22.31914868375959,-30.069504561474293,-15.29296875,-10.634765625,12.919921875,-16.171875,-23.90625,-28.4765625,-39.55078125,-26.3671875,35.15625,17.578125,30.76171875,-52.734375,24.7,15.2,-20.7,-9.6,-12.1,10.5
6.468851790996268,6.4717982500151265,-20.150322573099682,-13.433548382066455,16.791935477583067,-14.81687476719297,-22.225312150789456,-30.225483859649525,-15.380859375,-10.634765625,13.0078125,-16.083984375,-23.818359375,-28.65234375,-39.55078125,-26.3671875,35.15625,17.578125,30.76171875,-52.734375,24.7,16.0,-20.9,-8.8,-11.3,9.7
6.471822874998907,6.474724291008897,-20.253827571018036,-13.502551714012023,16.878189642515025,-14.75401969669388,-22.13102954504082,-30.380741356527054,-15.556640625,-10.72265625,13.095703125,-15.99609375,-23.73046875,-28.828125,-39.55078125,-26.3671875,35.15625,17.578125,30.76171875,-52.734375,24.7,16.0,-20.9,-8.0,-11.3,9.7
6.474748750013532,6.4777648329909425,-20.355326492327052,-13.570217661551368,16.962772076939206,-14.691806989547588,-22.037710484321384,-30.532989738490574,-15.64453125,-10.810546875,13.18359375,-15.99609375,-23.642578125,-28.916015625,-39.55078125,-26.3671875,35.15625,17.578125,30.76171875,-52.734375,24.7,16.0,-20.9,-8.8,-11.1,11.3
6.477796166000189,6.480751291004708,-20.46058452928937,-13.640389686192913,17.050487107741137,-14.626680047392915,-21.94002007108937,-30.690876793934056,-15.732421875,-10.8984375,13.271484375,-15.908203125,-23.466796875,-29.091796875,-39.55078125,-26.3671875,35.15625,17.578125,30.76171875,-52.734375,24.7,16.0,-20.9,-8.8,-10.3,10.4
6.480783541017445,6.483743707998656,-20.563313690028615,-13.70887579335241,17.13609474169051,-14.562510926431482,-21.84376638964722,-30.844970535042926,-15.908203125,-10.986328125,13.359375,-15.908203125,-23.466796875,-29.267578125,-39.55078125,-26.3671875,35.15625,17.578125,30.76171875,-52.734375,24.7,15.2,-21.7,-9.6,-11.1,10.4
6.4837858749961015,6.486671082995599,-20.666101040192913,-13.777400693461942,17.221750866827428,-14.497697407926351,-21.746546111889526,-30.999151560289373,-15.99609375,-11.07421875,13.53515625,-15.8203125,-23.37890625,-29.443359375,-39.55078125,-26.3671875,35.15625,17.578125,30.76171875,-52.734375,24.7,15.1,-20.9,-8.8,-11.1,10.4
6.486697250016732,6.489783750002971,-20.765335397624458,-13.843556931749639,17.304446164687047,-14.43453953118722,-21.65180929678083,-31.14800309643669,-16.171875,-11.162109375,13.623046875,-15.732421875,-23.203125,-29.619140625,-39.55078125,-26.3671875,35.15625,17.578125,30.76171875,-52.734375,23.9,15.1,-20.7,-8.8,-11.2,10.4
6.4898161250166595,6.4927362500166055,-20.871160531275436,-13.91410702085029,17.39263377606286,-14.366545368052986,-21.549818052079477,-31.306740796913154,-16.259765625,-11.25,13.798828125,-15.64453125,-23.115234375,-29.794921875,-39.55078125,-26.3671875,35.15625,17.578125,30.76171875,-52.734375,23.9,15.1,-19.9,-8.8,-12.0,9.6
6.4927663750131615,6.49584358301945,-20.970803126473594,-13.980535417649062,17.475669272061328,-14.301909992580018,-21.452864988870026,-31.45620468971039,-16.34765625,-11.337890625,13.88671875,-15.64453125,-23.02734375,-29.970703125,-39.55078125,-30.76171875,30.76171875,17.578125,30.76171875,-52.734375,24.7,15.1,-19.9,-9.6,-11.2,8.0
6.49588699999731,6.499797083000885,-21.07570983466781,-14.050473223111872,17.563091528889842,-14.233207727234795,-21.349811590852195,-31.613564752001714,-16.435546875,-11.42578125,13.974609375,-15.556640625,-22.939453125,-30.146484375,-39.55078125,-30.76171875,30.76171875,17.578125,30.76171875,-52.734375,24.9,15.1,-19.9,-8.8,-11.2,7.7
6.499829541018698,6.502834874991095,-21.207522705492707,-14.13834847032847,17.672935587910587,-14.145921763234824,-21.218882644852236,-31.811284058239057,-16.611328125,-11.513671875,14.0625,-15.46875,-22.763671875,-30.322265625,-39.55078125,-30.76171875,30.76171875,17.578125,30.76171875,-52.734375,24.9,15.1,-20.7,-8.8,-10.4,8.5
6.502861500019208,6.505799125006888,-21.308338646189192,-14.205559097459462,17.756948871824324,-14.07842642941983,-21.117639644129746,-31.962507969283788,-16.787109375,-11.6015625,14.150390625,-15.380859375,-22.67578125,-30.498046875,-39.55078125,-30.76171875,30.76171875,17.578125,35.15625,-52.734375,24.1,15.1,-20.7,-8.8,-11.2,8.5
6.505829875008203,6.508746291015996,-21.406572141675177,-14.27104809445012,17.838810118062646,-14.012037192567385,-21.01805578885108,-32.10985821251277,-16.875,-11.689453125,14.23828125,-15.29296875,-22.587890625,-30.5859375,-39.55078125,-30.76171875,30.76171875,26.3671875,35.15625,-52.734375,24.1,14.4,-20.8,-8.8,-11.2,9.8
6.508776791015407,6.511828415998025,-21.503635129937845,-14.335756753291896,17.91969594161487,-13.945826555297675,-20.918739832946514,-32.25545269490677,-17.05078125,-11.689453125,14.326171875,-15.205078125,-22.412109375,-30.76171875,-39.55078125,-30.76171875,30.76171875,26.3671875,35.15625,-52.734375,24.1,15.2,-20.8,-8.8,-10.4,9.8
6.511866375018144,6.51484662501025,-21.604902385087456,-14.40326825672497,18.00408532090621,-13.8760896337844,-20.814134450676598,-32.407353577631184,-17.138671875,-11.77734375,14.501953125,-15.205078125,-22.32421875,-30.9375,-39.55078125,-21.97265625,35.15625,26.3671875,35.15625,-52.734375,24.1,15.2,-20.0,-8.8,-10.4,9.0
6.514877041016007,6.517844457994215,-21.703093444158025,-14.468728962772017,18.08591120346502,-13.807819603465356,-20.711729405198035,-32.554640166237036,-17.2265625,-11.865234375,14.501953125,-15.1171875,-22.236328125,-31.025390625,-39.55078125,-21.97265625,35.15625,26.3671875,35.15625,-52.734375,23.9,15.2,-20.8,-8.8,-10.4,9.8
6.517874999990454,6.520892250002362,-21.80038775869707,-14.533591839131379,18.16698979891422,-13.739530860023345,-20.60929629003502,-32.700581638045605,-17.40234375,-11.953125,14.677734375,-15.029296875,-22.1484375,-31.201171875,-39.55078125,-21.97265625,35.15625,26.3671875,35.15625,-52.734375,23.1,15.2,-20.0,-8.8,-10.4,8.8
6.520932332990924,6.524800000013784,-21.899111044442133,-14.599407362961422,18.24925920370178,-13.669575876753012,-20.504363815129516,-32.848666566663205,-17.490234375,-12.041015625,14.765625,-15.029296875,-21.97265625,-31.376953125,-43.9453125,-21.97265625,35.15625,26.3671875,35.15625,-52.734375,23.9,14.4,-20.0,-9.6,-9.6,8.8
6.524843499995768,6.528737040993292,-22.02466853735001,-14.68311235823334,18.35389044779167,-13.579624865050413,-20.36943729757562,-33.037002806025015,-17.666015625,-12.12890625,14.853515625,-14.94140625,-21.884765625,-31.552734375,-43.9453125,-21.97265625,35.15625,17.578125,35.15625,-48.33984375,23.1,14.3,-20.0,-8.8,-10.3,8.8
6.528793791017961,6.531820333009819,-22.150638165311186,-14.767092110207457,18.45886513775932,-13.48825380131352,-20.232380701970282,-33.22595724796678,-17.841796875,-12.216796875,15.029296875,-14.765625,-21.796875,-31.728515625,-43.9453125,-21.97265625,35.15625,17.578125,35.15625,-48.33984375,23.1,15.1,-19.0,-7.8,-11.1,9.5
6.5318507500051055,6.535799250006676,-22.24753547784895,-14.831690318565967,18.539612898207455,-13.41718906083374,-20.12578359125061,-33.37130321677343,-17.9296875,-12.3046875,15.1171875,-14.765625,-21.708984375,-31.904296875,-43.9453125,-26.3671875,30.76171875,17.578125,35.15625,-48.33984375,23.1,14.3,-19.0,-9.4,-11.1,7.9
6.535827665997203,6.5387591250182595,-22.372824828144978,-14.915216552096652,18.644020690120815,-13.324275410094993,-19.98641311514249,-33.55923724221747,-18.10546875,-12.48046875,15.205078125,-14.677734375,-21.533203125,-32.080078125,-43.9453125,-26.3671875,30.76171875,17.578125,35.15625,-48.33984375,23.1,13.5,-19.8,-8.6,-10.5,7.9
6.538786707998952,6.541771582997171,-22.46548071205282,-14.976987141368546,18.72123392671068,-13.254805021850801,-19.882207532776203,-33.698221068079235,-18.193359375,-12.48046875,15.29296875,-14.58984375,-21.533203125,-32.255859375,-43.9453125,-26.3671875,30.76171875,17.578125,35.15625,-48.33984375,23.1,14.3,-19.8,-8.6,-11.3,7.9
6.541807125002379,6.545755041006487,-22.559557847816283,-15.039705231877523,18.7996315398469,-13.183598391115982,-19.775397586673975,-33.839336771724426,-18.28125,-12.568359375,15.380859375,-14.58984375,-21.357421875,-32.34375,-39.55078125,-26.3671875,30.76171875,17.578125,30.76171875,-48.33984375,23.1,14.3,-19.8,-9.6,-10.5,8.7
6.545788832998369,6.548748958011856,-22.682800079333436,-15.121866719555623,18.902333399444526,-13.089276027190966,-19.63391404078645,-34.024200119000156,-18.45703125,-12.744140625,15.556640625,-14.501953125,-21.181640625,-32.51953125,-39.55078125,-26.3671875,30.76171875,21.97265625,30.76171875,-48.33984375,23.1,13.5,-19.2,-10.4,-10.4,9.8
6.548777957999846,6.5517472499923315,-22.774736955296152,-15.183157970197435,18.97894746274679,-13.018130205679698,-19.52719530851955,-34.16210543294422,-18.6328125,-12.744140625,15.64453125,-14.4140625,-21.09375,-32.607421875,-39.55078125,-26.3671875,30.76171875,21.97265625,30.76171875,-48.33984375,22.3,14.3,-19.2,-10.6,-10.4,9.0
6.55177616601577,6.554743540997151,-22.866448816977666,-15.244299211318443,19.05537401414805,-12.94647989052607,-19.419719835789106,-34.2996732254665,-18.720703125,-12.83203125,15.732421875,-14.326171875,-21.005859375,-32.783203125,-39.55078125,-26.3671875,30.76171875,21.97265625,30.76171875,-48.33984375,22.3,13.5,-19.2,-10.6,-10.4,8.2
6.554769083013525,6.557768416008912,-22.957492996299607,-15.304995330866404,19.131244163583002,-12.87466962380618,-19.31200443570927,-34.43623949444941,-18.80859375,-12.919921875,15.8203125,-14.23828125,-20.91796875,-32.958984375,-39.55078125,-26.3671875,30.76171875,21.97265625,30.76171875,-48.33984375,22.3,13.5,-19.2,-10.6,-11.2,8.2
6.5578047079907265,6.561751250002999,-23.049318022486162,-15.366212014990774,19.207765018738463,-12.801543981502903,-19.202315972254354,-34.57397703372924,-18.984375,-13.0078125,15.908203125,-14.150390625,-20.830078125,-33.134765625,-39.55078125,-26.3671875,30.76171875,21.97265625,30.76171875,-48.33984375,22.3,13.5,-19.2,-9.8,-12.0,8.7
6.561794875015039,6.565742583014071,-23.169219613032404,-15.446146408688268,19.307683010860334,-12.704981744235862,-19.05747261635379,-34.7538294195486,-19.072265625,-13.095703125,15.99609375,-14.0625,-20.654296875,-33.310546875,-35.15625,-26.3671875,30.76171875,21.97265625,35.15625,-43.9453125,22.3,13.5,-19.2,-8.8,-12.0,8.7
6.565780458011432,6.569702665990917,-23.288074836933305,-15.525383224622203,19.40672903077775,-12.608032190973322,-18.91204828645998,-34.93211225539996,-19.248046875,-13.18359375,16.171875,-13.974609375,-20.478515625,-33.486328125,-35.15625,-26.3671875,30.76171875,21.97265625,35.15625,-43.9453125,22.3,13.5,-19.2,-8.8,-10.4,7.9
6.569732708012452,6.572817708016373,-23.405034701412305,-15.603356467608203,19.50419558451025,-12.511405474396124,-18.767108211594188,-35.10755205211846,-19.423828125,-13.271484375,16.259765625,-13.88671875,-20.390625,-33.57421875,-35.15625,-26.3671875,30.76171875,21.97265625,35.15625,-43.9453125,21.5,13.5,-19.2,-9.6,-11.2,8.7
6.572858166007791,6.576845583011163,-23.49688859708126,-15.664592398054173,19.580740497567714,-12.434650980338107,-18.65197647050716,-35.24533289562189,-19.51171875,-13.359375,16.34765625,-13.798828125,-20.21484375,-33.75,-35.15625,-26.3671875,30.76171875,21.97265625,35.15625,-43.9453125,21.5,13.5,-19.2,-10.4,-10.4,9.5
6.576880458014784,6.5807668330089655,-23.614265766449552,-15.742843844299701,19.678554805374628,-12.33543139472613,-18.503147092089197,-35.42139864967433,-19.6875,-13.447265625,16.435546875,-13.7109375,-20.0390625,-34.013671875,-35.15625,-26.3671875,30.76171875,21.97265625,35.15625,-43.9453125,21.5,13.5,-19.2,-9.6,-11.2,9.0
6.5807887080009095,6.584801749995677,-23.727412083313595,-15.818274722209065,19.772843402761332,-12.238553215667354,-18.35782982350103,-35.59111812497039,-19.775390625,-13.53515625,16.611328125,-13.623046875,-19.951171875,-34.189453125,-35.15625,-26.3671875,30.76171875,21.97265625,39.55078125,-48.33984375,21.5,13.5,-18.4,-9.6,-10.4,9.0
6.58482379099587,6.5887804160011,-23.84329200801286,-15.895528005341905,19.86941000667738,-12.138047183603762,-18.207070775405644,-35.764938012019286,-19.951171875,-13.623046875,16.69921875,-13.447265625,-19.775390625,-34.27734375,-35.15625,-26.3671875,30.76171875,26.3671875,39.55078125,-48.33984375,21.5,13.6,-18.4,-8.8,-10.3,9.6
6.588799791003112,6.591685666004196,-23.956538262782782,-15.971025508521855,19.963781885652317,-12.038535799927843,-18.057803699891764,-35.93480739417417,-20.0390625,-13.7109375,16.875,-13.359375,-19.599609375,-34.541015625,-35.15625,-26.3671875,30.76171875,26.3671875,39.55078125,-48.33984375,21.5,12.8,-18.3,-8.8,-10.3,8.8
6.5917021250061225,6.59475695801666,-24.0386141048913,-16.0257427365942,20.03217842074275,-11.965599430889299,-17.948399146333948,-36.05792115733695,-20.126953125,-13.798828125,16.875,-13.271484375,-19.51171875,-34.62890625,-35.15625,-21.97265625,26.3671875,26.3671875,39.55078125,-48.33984375,21.5,12.8,-18.3,-9.6,-11.1,8.8
6.594773082993925,6.597701874998165,-24.124914462828432,-16.08327630855229,20.10409538569036,-11.888154742547757,-17.832232113821636,-36.18737169424265,-20.302734375,-13.88671875,17.05078125,-13.271484375,-19.423828125,-34.716796875,-35.15625,-21.97265625,26.3671875,26.3671875,39.55078125,-48.33984375,20.8,12.8,-17.5,-9.6,-12.1,9.6
6.597717374999775,6.6008098750025965,-24.207128147194222,-16.138085431462812,20.172606789328515,-11.813644594569778,-17.720466891854667,-36.31069222079133,-20.390625,-13.974609375,17.138671875,-13.18359375,-19.248046875,-34.892578125,-35.15625,-21.97265625,26.3671875,26.3671875,39.55078125,-48.33984375,20.8,12.0,-17.5,-9.6,-10.5,9.6
6.600824749999447,6.603734166012146,-24.293333983023444,-16.195555988682298,20.24444498585287,-11.734733325366069,-17.602099988049105,-36.44000097453517,-20.478515625,-13.974609375,17.138671875,-13.095703125,-19.16015625,-35.068359375,-39.55078125,-21.97265625,26.3671875,26.3671875,39.55078125,-43.9453125,21.6,12.8,-18.3,-9.6,-10.5,8.8
6.603748166002333,6.60676995801623,-24.373908006001432,-16.249272004000954,20.31159000500119,-11.660238391216144,-17.490357586824217,-36.56086200900215,-20.56640625,-14.0625,17.2265625,-13.0078125,-19.072265625,-35.244140625,-39.55078125,-21.97265625,26.3671875,26.3671875,39.55078125,-43.9453125,20.8,12.8,-18.3,-8.8,-10.3,7.2
6.606787791009992,6.609757916012313,-24.457139879388066,-16.304759919592044,20.38094989949005,-11.58252148560342,-17.37378222840513,-36.6857098190821,-20.7421875,-14.150390625,17.314453125,-12.919921875,-18.896484375,-35.33203125,-39.55078125,-21.97265625,26.3671875,26.3671875,39.55078125,-43.9453125,20.8,12.8,-18.4,-8.8,-10.3,7.8
6.609772916010115,6.61282825001399,-24.538336783670765,-16.35889118911384,20.4486139863923,-11.505941033341582,-17.258911550012375,-36.807505175506144,-20.830078125,-14.150390625,17.40234375,-12.919921875,-18.80859375,-35.5078125,-39.55078125,-21.97265625,26.3671875,26.3671875,39.55078125,-43.9453125,20.8,12.8,-18.4,-9.6,-11.1,7.8
6.612841082998784,6.616772665991448,-24.62123021088953,-16.41415347392635,20.517691842407938,-11.426966602488672,-17.14044990373301,-36.93184531633429,-20.91796875,-14.23828125,17.490234375,-12.83203125,-18.720703125,-35.595703125,-39.55078125,-21.97265625,30.76171875,26.3671875,39.55078125,-43.9453125,20.7,12.8,-18.4,-9.6,-11.1,7.8
6.616784415993607,6.619831000018166,-24.726928114238614,-16.48461874282574,20.605773428532174,-11.325075933682665,-16.987613900523996,-37.09039217135792,-21.09375,-14.326171875,17.666015625,-12.744140625,-18.544921875,-35.771484375,-39.55078125,-21.97265625,30.76171875,26.3671875,39.55078125,-43.9453125,19.9,12.8,-17.6,-9.6,-10.5,8.0
6.619842582993442,6.6237264160008635,-24.808246878088898,-16.538831252059264,20.67353906507408,-11.245757458522203,-16.868636187783306,-37.21237031713335,-21.181640625,-14.4140625,17.666015625,-12.65625,-18.45703125,-35.947265625,-30.76171875,-21.97265625,30.76171875,26.3671875,35.15625,-43.9453125,19.9,12.8,-18.4,-9.6,-10.5,6.4
6.623739083006512,6.626681041001575,-24.91102786165214,-16.60735190776809,20.759189884710118,-11.144319746469566,-16.71647961970435,-37.36654179247821,-21.26953125,-14.501953125,17.841796875,-12.568359375,-18.28125,-36.03515625,-30.76171875,-21.97265625,30.76171875,21.97265625,35.15625,-43.9453125,20.7,12.7,-17.6,-10.4,-10.3,7.2
6.626693625003099,6.629815082997084,-24.988340217382447,-16.658893478254967,20.82361684781871,-11.067125556356274,-16.60068833453441,-37.48251032607367,-21.357421875,-14.58984375,17.9296875,-12.48046875,-18.193359375,-36.123046875,-30.76171875,-21.97265625,30.76171875,21.97265625,35.15625,-43.9453125,20.7,11.9,-16.6,-9.6,-11.1,8.0
6.629827500000829,6.63382154100691,-25.069756984983226,-16.71317132332215,20.891464154152686,-10.984985403598957,-16.477478105398436,-37.604635477474844,-21.4453125,-14.677734375,18.017578125,-12.392578125,-18.017578125,-36.298828125,-30.76171875,-21.97265625,30.76171875,21.97265625,35.15625,-43.9453125,20.7,11.9,-16.6,-9.6,-10.3,8.0
6.633833666011924,6.637756790994899,-25.172950559998917,-16.781967039999277,20.977458799999095,-10.879594765816323,-16.319392148724486,-37.75942583999837,-21.62109375,-14.677734375,18.10546875,-12.3046875,-17.841796875,-36.38671875,-30.76171875,-21.97265625,26.3671875,21.97265625,35.15625,-43.9453125,20.0,12.7,-16.6,-9.6,-11.3,8.8
6.637775125011103,6.640801500005182,-25.273504558967964,-16.849003039311977,21.06125379913997,-10.775485909287612,-16.16322886393142,-37.91025683845194,-21.796875,-14.765625,18.193359375,-12.216796875,-17.75390625,-36.5625,-30.76171875,-21.97265625,26.3671875,21.97265625,35.15625,-43.9453125,19.2,12.7,-16.6,-9.6,-10.5,8.8
6.640814625017811,6.644776125001954,-25.35038650141365,-16.9002576676091,21.12532208451137,-10.694918922947469,-16.042378384421205,-38.02557975212047,-21.884765625,-14.853515625,18.28125,-12.12890625,-17.666015625,-36.73828125,-35.15625,-21.97265625,26.3671875,21.97265625,39.55078125,-39.55078125,19.2,11.9,-16.6,-9.6,-10.5,8.0
6.644788583012996,6.648773041000823,-25.450032946181366,-16.96668863078758,21.208360788484473,-10.589215122279061,-15.883822683418591,-38.17504941927205,-21.97265625,-14.94140625,18.369140625,-12.041015625,-17.490234375,-36.826171875,-35.15625,-21.97265625,26.3671875,26.3671875,39.55078125,-39.55078125,20.0,12.1,-17.7,-9.6,-10.3,8.9
6.648787457990693,6.652763624995714,-25.549303142472365,-17.032868761648242,21.2910859520603,-10.482432053129058,-15.723648079693588,-38.323954713708545,-22.060546875,-15.029296875,18.45703125,-11.953125,-17.314453125,-37.08984375,-35.15625,-21.97265625,26.3671875,26.3671875,39.55078125,-39.55078125,20.0,12.1,-17.7,-9.6,-10.3,7.3
6.652779666008428,6.655857791018207,-25.647402280921142,-17.09826818728076,21.372835234100947,-10.375414449352023,-15.563121674028034,-38.47110342138171,-22.236328125,-15.1171875,18.6328125,-11.77734375,-17.138671875,-37.177734375,-35.15625,-17.578125,26.3671875,26.3671875,39.55078125,-39.55078125,19.0,12.1,-16.9,-9.6,-10.3,7.3
6.655873041017912,6.65982158301631,-25.72272138486038,-17.148480923240253,21.435601154050314,-10.29221074528039,-15.438316117920586,-38.584082077290574,-22.32421875,-15.205078125,18.720703125,-11.689453125,-17.05078125,-37.265625,-35.15625,-17.578125,26.3671875,26.3671875,39.55078125,-39.55078125,19.0,11.3,-16.1,-10.4,-11.3,7.0
6.6598362080112565,6.6637725830078125,-25.81833091138669,-17.212220607591124,21.515275759488905,-10.185257078523616,-15.277885617785422,-38.72749636708003,-22.5,-15.205078125,18.80859375,-11.6015625,-16.875,-37.44140625,-30.76171875,-17.578125,26.3671875,26.3671875,39.55078125,-39.55078125,19.0,12.1,-16.1,-9.6,-10.5,7.8
6.663795583008323,6.66776920799748,-25.912849815844353,-17.275233210562902,21.594041513203628,-10.078011585658384,-15.117017378487576,-38.86927472376653,-22.587890625,-15.29296875,18.896484375,-11.513671875,-16.69921875,-37.6171875,-30.76171875,-17.578125,26.3671875,26.3671875,39.55078125,-35.15625,19.0,11.9,-16.9,-9.6,-9.4,7.8
6.667785666009877,6.670836458011763,-26.007087766018024,-17.33805851067868,21.67257313834835,-9.969539963322406,-14.954309944983608,-39.01063164902703,-22.67578125,-15.380859375,18.984375,-11.42578125,-16.5234375,-37.705078125,-30.76171875,-17.578125,26.3671875,26.3671875,39.55078125,-35.15625,19.0,11.9,-16.7,-9.6,-9.4,8.1
6.67085154101369,6.673865582997678,-26.078803843551377,-17.385869229034252,21.732336536292816,-9.885926924215045,-14.82889038632257,-39.11820576532707,-22.763671875,-15.46875,19.072265625,-11.337890625,-16.435546875,-37.79296875,-30.76171875,-21.97265625,26.3671875,26.3671875,39.55078125,-35.15625,19.0,11.1,-15.9,-9.6,-11.0,7.3
6.6738802079926245,6.67778100000578,-26.149055701111696,-17.43270380074113,21.79087975092641,-9.803103498159437,-14.704655247239154,-39.22358355166754,-22.939453125,-15.556640625,19.16015625,-11.25,-16.259765625,-37.96875,-30.76171875,-21.97265625,26.3671875,26.3671875,39.55078125,-35.15625,18.4,11.1,-15.9,-9.6,-11.4,7.3
6.677798541000811,6.681755208002869,-26.239065559210157,-17.492710372806773,21.86588796600846,-9.695621888929992,-14.54343283339499,-39.358598338815234,-23.02734375,-15.64453125,19.248046875,-11.162109375,-16.083984375,-38.056640625,-30.76171875,-21.97265625,26.3671875,26.3671875,39.55078125,-35.15625,19.2,11.1,-15.9,-9.6,-11.4,7.9
6.681774791009957,6.6856532499950845,-26.32938968452947,-17.552926456352978,21.941158070441222,-9.58617613117262,-14.37926419675893,-39.494084526794204,-23.115234375,-15.64453125,19.3359375,-10.986328125,-15.99609375,-38.232421875,-30.76171875,-21.97265625,26.3671875,26.3671875,39.55078125,-39.55078125,19.2,11.1,-15.9,-8.8,-12.2,7.1
6.685671915998682,6.688674541015644,-26.41691975879276,-17.611279839195173,22.014099798993968,-9.478545374980154,-14.217818062470231,-39.62537963818914,-23.291015625,-15.8203125,19.51171875,-10.8984375,-15.8203125,-38.408203125,-30.76171875,-21.97265625,26.3671875,26.3671875,39.55078125,-39.55078125,18.4,10.3,-15.1,-9.6,-10.4,7.2
6.688696375000291,6.691828915994847,-26.484167527150937,-17.65611168476729,22.07013960595911,-9.394770895291911,-14.092156342937868,-39.7262512907264,-23.37890625,-15.8203125,19.51171875,-10.8984375,-15.64453125,-38.49609375,-30.76171875,-21.97265625,26.3671875,26.3671875,39.55078125,-39.55078125,18.4,11.1,-15.9,-11.2,-9.6,7.2
6.691845708002802,6.695786958007375,-26.553556521409114,-17.702371014272742,22.127963767840928,-9.307312204553808,-13.960968306830711,-39.83033478211367,-23.466796875,-15.8203125,19.599609375,-10.810546875,-15.556640625,-38.583984375,-30.76171875,-17.578125,26.3671875,26.3671875,39.55078125,-39.55078125,18.4,11.1,-15.9,-10.4,-9.6,8.0
6.695804125018185,6.6997385830036364,-26.639850101481656,-17.75990006765444,22.199875084568045,-9.197062008431166,-13.79559301264675,-39.959775152222484,-23.5546875,-15.908203125,19.6875,-10.634765625,-15.380859375,-38.759765625,-30.76171875,-17.578125,26.3671875,26.3671875,39.55078125,-39.55078125,18.3,11.1,-15.1,-9.6,-10.2,6.4
6.699754041008418,6.702728541014949,-26.724931733756186,-17.816621155837456,22.27077644479682,-9.086694150755003,-13.630041226132503,-40.08739760063428,-23.642578125,-15.99609375,19.775390625,-10.546875,-15.205078125,-38.84765625,-30.76171875,-17.578125,26.3671875,26.3671875,39.55078125,-39.55078125,18.3,11.1,-15.1,-9.6,-10.2,7.2
6.702750374999596,6.705828250007471,-26.78878705392244,-17.85919136928163,22.323989211602033,-9.002737563395737,-13.504106345093605,-40.183180580883665,-23.818359375,-16.083984375,19.86328125,-10.458984375,-15.1171875,-38.935546875,-30.76171875,-17.578125,26.3671875,26.3671875,39.55078125,-30.76171875,17.5,10.3,-15.1,-9.6,-11.4,8.0
6.705845874996157,6.709727583016502,-26.854132480061875,-17.902754986707915,22.37844373338489,-8.91579294768025,-13.373689421520375,-40.28119872009281,-23.90625,-16.171875,19.951171875,-10.37109375,-14.94140625,-39.0234375,-30.76171875,-17.578125,26.3671875,26.3671875,39.55078125,-30.76171875,17.5,10.3,-15.1,-9.6,-11.4,8.0
6.709743500017794,6.712766832992202,-26.935507419667825,-17.957004946445217,22.44625618305652,-8.806019154722641,-13.209028732083961,-40.403261129501736,-23.994140625,-16.171875,20.0390625,-10.283203125,-14.765625,-39.19921875,-30.76171875,-17.578125,26.3671875,26.3671875,39.55078125,-30.76171875,17.5,11.1,-15.1,-10.4,-11.4,6.4
6.712780458008638,6.715772875002585,-26.9982136054213,-17.998809070280867,22.49851133785108,-8.720256421205473,-13.080384631808208,-40.49732040813195,-24.08203125,-16.259765625,20.126953125,-10.1953125,-14.677734375,-39.287109375,-30.76171875,-21.97265625,21.97265625,26.3671875,39.55078125,-30.76171875,17.5,10.3,-14.3,-11.2,-11.2,7.2
6.715786250017118,6.719648708007298,-27.059671315090007,-18.039780876726674,22.549726095908337,-8.635178395359688,-12.95276759303953,-40.589506972635014,-24.169921875,-16.259765625,20.126953125,-10.107421875,-14.501953125,-39.375,-30.76171875,-21.97265625,21.97265625,26.3671875,39.55078125,-30.76171875,17.5,11.1,-15.1,-10.4,-10.4,7.2
6.719666082994081,6.722707875014748,-27.138108003794827,-18.092072002529886,22.615090003162354,-8.525076577678014,-12.787614866517021,-40.70716200569224,-24.2578125,-16.34765625,20.21484375,-10.01953125,-14.326171875,-39.55078125,-30.76171875,-21.97265625,21.97265625,26.3671875,43.9453125,-30.76171875,17.5,10.3,-15.1,-10.4,-10.4,7.2
6.722723000013502,6.725759875000222,-27.199198396353143,-18.132798930902098,22.665998663627622,-8.43810422615624,-12.657156339234358,-40.79879759452972,-24.345703125,-16.435546875,20.302734375,-9.931640625,-14.23828125,-39.638671875,-30.76171875,-21.97265625,21.97265625,26.3671875,43.9453125,-35.15625,17.5,10.4,-15.1,-11.2,-10.3,7.2
6.72577370799263,6.72877604101086,-27.259539478997073,-18.17302631933138,22.716282899164227,-8.351114560158354,-12.526671840237531,-40.88930921849561,-24.43359375,-16.5234375,20.390625,-9.755859375,-14.0625,-39.7265625,-30.76171875,-21.97265625,21.97265625,26.3671875,43.9453125,-35.15625,16.7,9.6,-14.3,-9.6,-10.3,6.3
6.728789415996289,6.731849250005325,-27.318573043166893,-18.21238202877793,22.765477535972412,-8.264934412192677,-12.397401618289015,-40.97785956475034,-24.521484375,-16.5234375,20.478515625,-9.755859375,-13.974609375,-39.814453125,-30.76171875,-21.97265625,21.97265625,26.3671875,43.9453125,-35.15625,16.7,10.4,-14.3,-10.4,-11.1,7.1
6.731863416003762,6.735780250019161,-27.37811677564644,-18.252077850430958,22.8150973130387,-8.176897586603834,-12.26534637990575,-41.067175163469656,-24.609375,-16.611328125,20.56640625,-9.66796875,-13.798828125,-39.90234375,-30.76171875,-17.578125,21.97265625,26.3671875,43.9453125,-35.15625,16.7,9.6,-13.5,-10.4,-10.3,6.3
6.735795415996108,6.739744165999582,-27.45334942294075,-18.302232948627164,22.877791185783956,-8.064010732519284,-12.096016098778925,-41.18002413441113,-24.697265625,-16.69921875,20.654296875,-9.580078125,-13.623046875,-40.078125,-30.76171875,-17.578125,21.97265625,26.3671875,43.9453125,-35.15625,16.7,9.6,-13.5,-11.2,-9.7,6.4
6.739759332995163,6.742764666007133,-27.52813268331359,-18.352088455542393,22.94011056942799,-7.949896182966646,-11.924844274449969,-41.29219902497038,-24.78515625,-16.69921875,20.7421875,-9.404296875,-13.447265625,-40.166015625,-26.3671875,-17.578125,21.97265625,26.3671875,48.33984375,-35.15625,16.7,10.4,-13.5,-9.6,-9.7,6.4
6.742779249994783,6.745802416000515,-27.584390326616976,-18.389593551077986,22.986991938847478,-7.8627507289848,-11.7941260934772,-41.37658548992547,-24.873046875,-16.787109375,20.7421875,-9.31640625,-13.271484375,-40.166015625,-26.3671875,-17.578125,21.97265625,30.76171875,48.33984375,-30.76171875,16.7,9.5,-14.3,-9.6,-8.5,8.0
6.745819000003394,6.74978766599088,-27.640390590443808,-18.426927060295874,23.03365882536984,-7.774854282527469,-11.662281423791203,-41.460585885665715,-24.9609375,-16.875,20.830078125,-9.228515625,-13.18359375,-40.341796875,-26.3671875,-17.578125,21.97265625,30.76171875,48.33984375,-30.76171875,15.9,9.5,-13.5,-9.6,-10.1,6.5
6.7498027910187375,6.753758958016988,-27.712828271100538,-18.47521884740036,23.094023559250445,-7.6593921782777645,-11.489088267416646,-41.56924240665081,-25.13671875,-16.875,20.91796875,-9.140625,-13.0078125,-40.4296875,-26.3671875,-17.578125,21.97265625,30.76171875,48.33984375,-30.76171875,15.9,9.5,-13.5,-10.4,-10.1,7.3
6.753773666016059,6.756839291017968,-27.78395116713769,-18.522634111425127,23.153292639281407,-7.544005936786526,-11.316008905179789,-41.67592675070654,-25.13671875,-16.962890625,21.005859375,-8.96484375,-12.83203125,-40.517578125,-26.3671875,-13.18359375,21.97265625,30.76171875,48.33984375,-30.76171875,15.9,9.5,-13.5,-9.6,-10.6,7.2
6.756860666006105,6.76077650001389,-27.838496180108677,-18.558997453405787,23.198746816757232,-7.454100450388199,-11.181150675582298,-41.757744270163016,-25.3125,-16.962890625,21.09375,-8.96484375,-12.744140625,-40.60546875,-26.3671875,-13.18359375,21.97265625,30.76171875,48.33984375,-30.76171875,15.1,9.5,-13.5,-10.4,-10.6,6.4
6.760793749999721,6.76381741600926,-27.9070424392443,-18.6046949594962,23.25586869937025,-7.339300066361688,-11.008950099542533,-41.86056365886645,-25.400390625,-17.05078125,21.09375,-8.7890625,-12.568359375,-40.78125,-26.3671875,-13.18359375,21.97265625,30.76171875,39.55078125,-26.3671875,15.1,9.5,-13.5,-9.6,-11.4,6.4
6.763832208001986,6.767825874994742,-27.959267887012697,-18.639511924675134,23.299389905843913,-7.250420347117373,-10.87563052067606,-41.93890183051904,-25.48828125,-17.138671875,21.181640625,-8.701171875,-12.392578125,-40.869140625,-26.3671875,-13.18359375,21.97265625,26.3671875,39.55078125,-26.3671875,15.1,8.7,-13.5,-9.6,-11.3,6.3
6.7678437500144355,6.771784000011394,-28.027243130640013,-18.68482875376001,23.35603594220001,-7.132823735566668,-10.699235603350003,-42.04086469596002,-25.576171875,-17.138671875,21.26953125,-8.61328125,-12.216796875,-40.95703125,-26.3671875,-13.18359375,21.97265625,26.3671875,39.55078125,-26.3671875,15.1,9.5,-13.5,-9.6,-10.5,6.3
6.771801499999128,6.775761166005395,-28.093216306373147,-18.72881087091543,23.411013588644288,-7.0165264455769,-10.524789668365349,-42.13982445955972,-25.6640625,-17.2265625,21.357421875,-8.525390625,-12.041015625,-41.044921875,-26.3671875,-17.578125,21.97265625,26.3671875,39.55078125,-26.3671875,15.1,9.5,-12.7,-10.4,-9.7,6.3
6.775781458010897,6.779743624996627,-28.158464748417675,-18.772309832278452,23.465387290348065,-6.899303121398694,-10.348954682098041,-42.237697122626514,-25.751953125,-17.314453125,21.4453125,-8.349609375,-11.865234375,-41.1328125,-26.3671875,-17.578125,21.97265625,26.3671875,39.55078125,-26.3671875,15.1,8.7,-12.7,-9.6,-10.2,6.3
6.779763458005618,6.783780458004912,-28.22264528360145,-18.8150968557343,23.518871069667878,-6.781749797016784,-10.172624695525176,-42.33396792540218,-25.83984375,-17.314453125,21.533203125,-8.26171875,-11.689453125,-41.220703125,-26.3671875,-17.578125,21.97265625,26.3671875,48.33984375,-26.3671875,15.1,9.5,-12.7,-9.6,-9.4,7.1
6.78379866600153,6.787799957994139,-28.28655698970309,-18.85770465980206,23.57213082475257,-6.662355061363793,-9.993532592045689,-42.42983548455463,-25.927734375,-17.40234375,21.62109375,-8.173828125,-11.513671875,-41.30859375,-26.3671875,-17.578125,21.97265625,30.76171875,48.33984375,-26.3671875,15.1,8.8,-11.9,-10.4,-9.6,7.4
6.787817541015102,6.790866458002711,-28.349080449808472,-18.899386966538984,23.62423370817373,-6.543177537635399,-9.8147663064531,-42.52362067471271,-26.015625,-17.490234375,21.708984375,-7.998046875,-11.337890625,-41.484375,-26.3671875,-17.578125,21.97265625,30.76171875,48.33984375,-26.3671875,14.3,8.8,-12.0,-9.6,-9.6,6.6
6.790884207992349,6.794735875009792,-28.396030155193888,-18.93068677012926,23.663358462661574,-6.452061562884614,-9.678092344326922,-42.59404523279083,-26.103515625,-17.490234375,21.708984375,-7.91015625,-11.25,-41.484375,-26.3671875,-13.18359375,17.578125,30.76171875,48.33984375,-26.3671875,14.3,8.8,-12.8,-9.6,-10.4,7.4
6.794753458001651,6.7978075410064775,-28.4543268697597,-18.969551246506466,23.71193905813308,-6.336886104875564,-9.505329157313346,-42.68149030463955,-26.19140625,-17.578125,21.796875,-7.822265625,-11.07421875,-41.66015625,-26.3671875,-13.18359375,17.578125,30.76171875,48.33984375,-26.3671875,14.3,8.8,-12.0,-10.4,-9.7,6.3
6.79782974999398,6.801900291000493,-28.499926400521783,-18.999950933681188,23.749938667101485,-6.245147277503337,-9.367720916255005,-42.74988960078267,-26.279296875,-17.666015625,21.884765625,-7.734375,-10.986328125,-41.66015625,-21.97265625,-13.18359375,17.578125,30.76171875,48.33984375,-26.3671875,14.3,8.0,-12.0,-10.4,-10.5,7.1
6.801953165995656,6.805687415995635,-28.560003327937885,-19.040002218625254,23.800002773281566,-6.1219535701232966,-9.182930355184945,-42.840004991906824,-26.3671875,-17.666015625,21.97265625,-7.646484375,-10.810546875,-41.748046875,-21.97265625,-13.18359375,17.578125,26.3671875,39.55078125,-26.3671875,13.5,8.8,-12.0,-10.4,-10.5,6.3
6.805707166000502,6.808814582997002,-28.613656095811905,-19.075770730541272,23.84471341317659,-6.00957328234085,-9.014359923511275,-42.92048414371786,-26.455078125,-17.75390625,22.060546875,-7.470703125,-10.634765625,-41.923828125,-21.97265625,-13.18359375,17.578125,26.3671875,39.55078125,-26.3671875,13.5,8.0,-11.1,-9.6,-11.2,5.5
6.808834499999648,6.812780041014776,-28.657592854612925,-19.105061903075285,23.881327378844105,-5.9157932417944945,-8.873689862691743,-42.98638928191939,-26.54296875,-17.75390625,22.060546875,-7.3828125,-10.458984375,-41.923828125,-21.97265625,-13.18359375,17.578125,26.3671875,39.55078125,-26.3671875,13.5,8.0,-11.9,-10.4,-10.4,6.3
6.812803375010844,6.816800000000512,-28.712356782999642,-19.14157118866643,23.926963985833037,-5.796572472523333,-8.694858708784999,-43.068535174499466,-26.630859375,-17.841796875,22.1484375,-7.294921875,-10.283203125,-42.01171875,-21.97265625,-13.18359375,21.97265625,26.3671875,39.55078125,-26.3671875,12.6,8.0,-11.1,-11.2,-10.4,6.3
6.816820375010138,6.819767958018929,-28.766648425901536,-19.17776561726769,23.972207021584612,-5.675676693500538,-8.513515040250807,-43.149972638852304,-26.71875,-17.841796875,22.236328125,-7.20703125,-10.107421875,-42.099609375,-21.97265625,-13.18359375,21.97265625,26.3671875,39.55078125,-26.3671875,12.6,8.0,-11.1,-10.4,-10.4,6.4
6.819786915992154,6.822725833015284,-28.806007510017928,-19.20400500667862,24.005006258348274,-5.58625023638062,-8.37937535457093,-43.209011265026895,-26.806640625,-17.9296875,22.32421875,-7.119140625,-9.931640625,-42.1875,-21.97265625,-13.18359375,21.97265625,26.3671875,43.9453125,-21.97265625,12.6,7.2,-10.3,-10.4,-10.4,5.6
6.8227443330106325,6.825702250003815,-28.844622930566207,-19.22974862037747,24.037185775471837,-5.496978078643826,-8.245467117965738,-43.26693439584931,-26.806640625,-17.9296875,22.32421875,-7.03125,-9.84375,-42.275390625,-21.97265625,-13.18359375,21.97265625,30.76171875,43.9453125,-21.97265625,12.6,7.9,-11.1,-10.4,-11.3,5.6
6.825722250010585,6.828736374998698,-28.882877047995215,-19.255251365330142,24.069064206662677,-5.406967251422156,-8.110450877133234,-43.32431557199283,-26.89453125,-18.017578125,22.412109375,-6.943359375,-9.66796875,-42.275390625,-21.97265625,-13.18359375,21.97265625,30.76171875,43.9453125,-21.97265625,12.6,7.1,-10.2,-10.4,-10.5,6.5
6.828754375019344,6.831713166000554,-28.921178169833944,-19.280785446555964,24.100981808194955,-5.315196380556014,-7.9727945708340195,-43.38176725475092,-26.982421875,-18.017578125,22.412109375,-6.85546875,-9.4921875,-42.36328125,-21.97265625,-13.18359375,21.97265625,30.76171875,43.9453125,-21.97265625,11.8,7.1,-10.2,-11.2,-10.5,5.7
6.831731040991144,6.834726666013012,-28.958140572240058,-19.30542704816004,24.13178381020005,-5.224986745262684,-7.837480117894026,-43.43721085836009,-26.982421875,-18.017578125,22.5,-6.767578125,-9.404296875,-42.451171875,-21.97265625,-13.18359375,17.578125,30.76171875,43.9453125,-21.97265625,12.8,7.9,-10.2,-11.2,-10.5,5.7
6.8347442079975735,6.837717457994586,-28.994911429760457,-19.32994095317364,24.16242619146705,-5.133554591783417,-7.700331887675126,-43.49236714464069,-27.0703125,-18.10546875,22.5,-6.6796875,-9.31640625,-42.5390625,-21.97265625,-13.18359375,17.578125,30.76171875,43.9453125,-21.97265625,12.0,7.1,-10.2,-12.0,-11.1,5.6
6.837734750006348,6.840743915992789,-29.030763943255334,-19.353842628836887,24.19230328604611,-5.042695261287966,-7.564042891931949,-43.546145914883,-27.158203125,-18.193359375,22.587890625,-6.591796875,-9.052734375,-42.5390625,-21.97265625,-13.18359375,17.578125,30.76171875,43.9453125,-21.97265625,12.0,6.3,-10.2,-11.2,-9.5,5.6
6.8407697080110665,6.843726374994731,-29.06649398229299,-19.377662654861993,24.22207831857749,-4.95037271671203,-7.425559075068046,-43.59974097343949,-27.158203125,-18.193359375,22.587890625,-6.416015625,-8.96484375,-42.626953125,-21.97265625,-13.18359375,17.578125,30.76171875,48.33984375,-17.578125,12.0,7.1,-10.2,-10.4,-10.3,5.6
6.843762166012311,6.84677695800201,-29.10107689344647,-19.400717928964315,24.250897411205393,-4.859232844880207,-7.288849267320312,-43.651615340169705,-27.24609375,-18.193359375,22.67578125,-6.416015625,-8.7890625,-42.71484375,-21.97265625,-13.18359375,17.578125,30.76171875,48.33984375,-17.578125,12.0,7.1,-10.4,-11.2,-10.4,4.6
6.846809291018872,6.850834458018653,-29.135630852909582,-19.423753901939723,24.279692377424652,-4.766317693658432,-7.149476540487648,-43.70344627936437,-27.333984375,-18.28125,22.67578125,-6.328125,-8.61328125,-42.71484375,-21.97265625,-13.18359375,17.578125,30.76171875,48.33984375,-17.578125,11.2,6.3,-10.4,-11.2,-10.4,5.4
6.850858457997674,6.85469620799995,-29.180514858172216,-19.453676572114812,24.31709571514351,-4.64267894943764,-6.9640184241564596,-43.770772287258325,-27.421875,-18.28125,22.763671875,-6.15234375,-8.4375,-42.802734375,-21.97265625,-13.18359375,13.18359375,30.76171875,48.33984375,-17.578125,11.2,7.1,-9.6,-10.4,-10.4,5.4
6.854724375007208,6.857719332998386,-29.222266045434353,-19.481510696956235,24.351888371195294,-4.524460295370022,-6.786690443055033,-43.83339906815153,-27.509765625,-18.369140625,22.8515625,-6.064453125,-8.26171875,-42.802734375,-21.97265625,-13.18359375,13.18359375,30.76171875,48.33984375,-17.578125,11.0,6.3,-9.6,-10.4,-10.4,6.5
6.857752125011757,6.860673832998145,-29.25421278471646,-19.50280852314431,24.378510653930384,-4.431755826934704,-6.647633740402056,-43.881319177074694,-27.509765625,-18.369140625,22.8515625,-5.9765625,-8.173828125,-42.890625,-17.578125,-13.18359375,13.18359375,30.76171875,43.9453125,-17.578125,11.0,6.3,-9.6,-11.2,-10.4,6.5
6.860730707994662,6.863676208013203,-29.28499507239257,-19.523330048261712,24.40416256032714,-4.34045894193705,-6.5106884129055755,-43.92749260858886,-27.59765625,-18.369140625,22.939453125,-5.888671875,-7.998046875,-42.978515625,-17.578125,-13.18359375,13.18359375,30.76171875,43.9453125,-21.97265625,10.2,7.1,-9.6,-11.2,-10.4,5.7
6.863701916008722,6.866658582992386,-29.315062455501415,-19.543374970334277,24.429218712917848,-4.249293443492895,-6.373940165239342,-43.97259368325212,-27.59765625,-18.369140625,22.939453125,-5.80078125,-7.822265625,-42.978515625,-17.578125,-13.18359375,13.18359375,26.3671875,43.9453125,-21.97265625,11.0,7.2,-9.5,-11.2,-9.6,5.6
6.8667099160084035,6.869681750016753,-29.344851694376956,-19.563234462917972,24.454043078647462,-4.156904779869104,-6.235357169803657,-44.017277541565434,-27.685546875,-18.45703125,23.02734375,-5.625,-7.734375,-43.06640625,-17.578125,-13.18359375,13.18359375,26.3671875,43.9453125,-21.97265625,10.2,6.4,-8.7,-10.4,-10.4,5.6
6.86970687500434,6.872684083005879,-29.373880065315454,-19.582586710210304,24.478233387762877,-4.064762937379601,-6.097144406069401,-44.060820097973185,-27.685546875,-18.45703125,23.115234375,-5.537109375,-7.55859375,-43.06640625,-17.578125,-8.7890625,17.578125,26.3671875,43.9453125,-21.97265625,11.0,6.4,-8.7,-10.4,-9.6,5.6
6.87271595801576,6.875693375011906,-29.402370941037862,-19.601580627358576,24.50197578419822,-3.972157714537659,-5.958236571806489,-44.103556411556795,-27.7734375,-18.544921875,23.115234375,-5.44921875,-7.470703125,-43.154296875,-17.578125,-8.7890625,17.578125,26.3671875,43.9453125,-21.97265625,10.4,6.4,-8.7,-10.4,-10.4,5.6
6.875726291007595,6.878686875017593,-29.43021635704895,-19.620144238032633,24.525180297540793,-3.8794252253130024,-5.819137837969503,-44.14532453557342,-27.861328125,-18.544921875,23.115234375,-5.361328125,-7.294921875,-43.154296875,-17.578125,-8.7890625,17.578125,26.3671875,43.9453125,-21.97265625,10.4,6.4,-8.7,-11.2,-10.4,5.6
6.878720416018041,6.8816698330047075,-29.457259102310996,-19.638172734873997,24.5477159185925,-3.7871059709561274,-5.680658956434191,-44.18588865346649,-27.861328125,-18.544921875,23.203125,-5.2734375,-7.119140625,-43.2421875,-17.578125,-8.7890625,17.578125,26.3671875,48.33984375,-21.97265625,10.4,6.4,-8.7,-10.4,-9.6,5.6
6.881697708013235,6.884672957996372,-29.483503713381065,-19.655669142254045,24.56958642781755,-3.695222668560341,-5.542834002840512,-44.225255570071596,-27.861328125,-18.6328125,23.203125,-5.185546875,-7.03125,-43.330078125,-17.578125,-8.7890625,17.578125,35.15625,48.33984375,-13.18359375,10.4,5.4,-8.7,-10.4,-10.4,4.8
6.884699165995698,6.8876653329934925,-29.509308618607502,-19.672872412405,24.59109051550625,-3.6025117689237685,-5.4037676533856525,-44.26396292791125,-27.94921875,-18.6328125,23.291015625,-5.09765625,-6.85546875,-43.330078125,-17.578125,-8.7890625,17.578125,35.15625,48.33984375,-13.18359375,10.4,6.2,-7.8,-10.4,-9.6,5.6
6.887692916003289,6.890678041003412,-29.534393842327,-19.689595894884665,24.611994868605834,-3.5099591872471816,-5.264938780870772,-44.3015907634905,-27.94921875,-18.6328125,23.291015625,-5.009765625,-6.6796875,-43.41796875,-17.578125,-8.7890625,17.578125,35.15625,48.33984375,-13.18359375,10.4,6.2,-8.6,-10.4,-9.6,4.8
6.890708791004727,6.893721833010204,-29.55900406858616,-19.706002712390774,24.632503390488466,-3.416644128270817,-5.124966192406226,-44.338506102879236,-28.037109375,-18.720703125,23.37890625,-4.921875,-6.591796875,-43.41796875,-17.578125,-13.18359375,13.18359375,35.15625,48.33984375,-13.18359375,9.6,5.4,-7.8,-11.2,-10.4,5.6
6.893755583005259,6.89675729101873,-29.58319297777306,-19.722128651848706,24.652660814810883,-3.322294604626197,-4.983441906939295,-44.37478946665959,-28.125,-18.720703125,23.37890625,-4.833984375,-6.416015625,-43.41796875,-17.578125,-13.18359375,13.18359375,35.15625,48.33984375,-13.18359375,9.5,5.4,-7.8,-10.4,-9.5,5.6
6.896795665990794,6.900745040999027,-29.606653265936888,-19.737768843957927,24.672211054947407,-3.22807699141204,-4.84211548711806,-44.409979898905334,-28.125,-18.720703125,23.466796875,-4.658203125,-6.328125,-43.505859375,-17.578125,-13.18359375,13.18359375,35.15625,48.33984375,-13.18359375,9.5,5.4,-7.0,-9.6,-10.3,4.8
6.900798874994507,6.9047428329940885,-29.63651603371922,-19.757677355812817,24.697096694766017,-3.103898436418552,-4.655847654627828,-44.454774050578834,-28.212890625,-18.80859375,23.5546875,-4.5703125,-6.064453125,-43.505859375,-13.18359375,-13.18359375,13.18359375,30.76171875,48.33984375,-13.18359375,9.5,5.4,-7.0,-10.4,-9.5,5.6
6.9048162499966566,6.908750916016288,-29.66530636977693,-19.77687091318462,24.721088641480772,-2.9791570759582586,-4.468735613937388,-44.49795955466539,-28.212890625,-18.80859375,23.642578125,-4.482421875,-5.9765625,-43.59375,-13.18359375,-13.18359375,13.18359375,30.76171875,48.33984375,-13.18359375,9.5,5.6,-6.3,-10.4,-10.4,4.7
6.90879054099787,6.9126194159907755,-29.692625554103504,-19.79508370273567,24.743854628419587,-2.8556367418998962,-4.283455112849844,-44.53893833115526,-28.30078125,-18.896484375,23.642578125,-4.306640625,-5.80078125,-43.681640625,-13.18359375,-13.18359375,13.18359375,30.76171875,48.33984375,-13.18359375,8.7,4.8,-6.3,-9.6,-10.4,4.7
6.912653291015886,6.9156698750157375,-29.718069083606697,-19.8120460557378,24.765057569672248,-2.7354763909279796,-4.103214586391969,-44.57710362541005,-28.388671875,-18.896484375,23.642578125,-4.21875,-5.625,-43.681640625,-13.18359375,-8.7890625,13.18359375,30.76171875,48.33984375,-13.18359375,8.7,4.8,-7.1,-9.6,-10.5,4.7
6.915695916017285,6.918663082993589,-29.737340272321124,-19.82489351488075,24.781116893600935,-2.6407569224824963,-3.9611353837237444,-44.60601040848168,-28.388671875,-18.896484375,23.73046875,-4.130859375,-5.44921875,-43.681640625,-13.18359375,-8.7890625,13.18359375,30.76171875,48.33984375,-13.18359375,8.7,5.6,-6.3,-9.6,-9.7,5.7
6.918688708014088,6.921658915991429,-29.755633167861546,-19.837088778574362,24.796360973217954,-2.547529939168342,-3.821294908752513,-44.63344975179232,-28.388671875,-18.896484375,23.73046875,-4.04296875,-5.361328125,-43.76953125,-13.18359375,-8.7890625,13.18359375,30.76171875,43.9453125,-13.18359375,8.7,5.6,-6.3,-10.4,-10.5,4.9
6.921682707994478,6.9246672080189455,-29.77327544962212,-19.84885029974808,24.8110628746851,-2.4542089923620134,-3.6813134885430205,-44.65991317443318,-28.4765625,-18.984375,23.73046875,-3.955078125,-5.185546875,-43.76953125,-13.18359375,-8.7890625,13.18359375,30.76171875,43.9453125,-13.18359375,7.9,4.7,-6.3,-10.4,-10.4,5.7
6.924690625019139,6.9277160410129,-29.790336618703645,-19.860224412469098,24.82528051558637,-2.3603996031109933,-3.54059940466649,-44.685504928055465,-28.4765625,-18.984375,23.73046875,-3.8671875,-5.09765625,-43.76953125,-13.18359375,-8.7890625,13.18359375,30.76171875,43.9453125,-13.18359375,8.7,4.7,-6.3,-10.4,-11.2,5.6
6.92778683299548,6.931706291012233,-29.807203973027292,-19.87146931535153,24.839336644189412,-2.2637816257410197,-3.3956724386115296,-44.71080595954094,-28.564453125,-18.984375,23.818359375,-3.779296875,-4.921875,-43.857421875,-13.18359375,-8.7890625,13.18359375,30.76171875,43.9453125,-13.18359375,7.9,4.7,-6.3,-10.4,-10.4,4.8
6.9317344579903875,6.934677665994968,-29.827687052005306,-19.88512470133687,24.856405876671086,-2.1405176038244225,-3.2107764057366333,-44.74153057800796,-28.65234375,-18.984375,23.818359375,-3.603515625,-4.74609375,-43.857421875,-13.18359375,-4.39453125,8.7890625,30.76171875,43.9453125,-13.18359375,6.9,4.7,-6.3,-10.4,-9.5,4.8
6.93470470799366,6.937677583016921,-29.84234273225485,-19.894895154836565,24.868618943545705,-2.0477174556223705,-3.0715761834335558,-44.763514098382274,-28.65234375,-18.984375,23.818359375,-3.515625,-4.5703125,-43.9453125,-13.18359375,-4.39453125,8.7890625,30.76171875,43.9453125,-13.18359375,6.9,5.5,-6.3,-10.4,-8.7,4.7
6.937708582991036,6.940661166008795,-29.85650363185026,-19.90433575456684,24.880419693208548,-1.9538214272220875,-2.9307321408331313,-44.78475544777539,-28.65234375,-19.072265625,23.90625,-3.515625,-4.39453125,-43.9453125,-13.18359375,-4.39453125,8.7890625,30.76171875,48.33984375,-13.18359375,6.9,4.7,-5.5,-11.4,-7.9,4.7
6.9406900409958325,6.943679874995723,-29.869901551826587,-19.913267701217727,24.891584626522157,-1.8605830966766599,-2.79087464501499,-44.80485232773988,-28.740234375,-19.072265625,23.90625,-3.427734375,-4.306640625,-43.9453125,-13.18359375,-4.39453125,8.7890625,26.3671875,48.33984375,-8.7890625,6.9,4.7,-5.5,-12.2,-9.5,4.7
6.943716750014573,6.946711291006068,-29.882832692588437,-19.921888461725626,24.902360577157033,-1.7658879122309483,-2.6488318683464227,-44.824249038882655,-28.740234375,-19.072265625,23.90625,-3.251953125,-4.130859375,-44.033203125,-13.18359375,-4.39453125,8.7890625,26.3671875,48.33984375,-8.7890625,6.9,4.8,-5.5,-11.4,-9.6,4.9
6.946740290994057,6.949689750006655,-29.89507589489118,-19.930050596594118,24.912563245742646,-1.6712519909332748,-2.506877986399912,-44.84261384233677,-28.740234375,-19.072265625,23.994140625,-3.1640625,-4.04296875,-44.033203125,-13.18359375,-4.39453125,8.7890625,26.3671875,48.33984375,-8.7890625,6.9,4.8,-5.5,-11.2,-10.4,4.9
6.949717250012327,6.952688290999504,-29.906471651307328,-19.937647767538216,24.922059709422772,-1.578037229465222,-2.367055844197833,-44.85970747696099,-28.740234375,-19.16015625,23.994140625,-3.076171875,-3.8671875,-44.033203125,-13.18359375,-8.7890625,8.7890625,26.3671875,48.33984375,-8.7890625,6.9,4.0,-5.5,-11.2,-9.6,4.9
6.952717750013107,6.955793791014003,-29.917295786207063,-19.944863857471375,24.93107982183922,-1.4840504394838034,-2.226075659225705,-44.875943679310595,-28.828125,-19.16015625,23.994140625,-2.98828125,-3.779296875,-44.033203125,-13.18359375,-8.7890625,8.7890625,26.3671875,48.33984375,-8.7890625,7.1,4.0,-5.5,-11.2,-9.6,4.7
6.955855125008384,6.959678915998666,-29.92790293803339,-19.95193529202226,24.939919115027827,-1.3857409941820302,-2.0786114912730453,-44.89185440705008,-28.828125,-19.16015625,23.994140625,-2.900390625,-3.603515625,-44.033203125,-13.18359375,-8.7890625,8.7890625,26.3671875,48.33984375,-8.7890625,7.1,4.0,-5.5,-11.2,-9.6,4.7
6.959721166000236,6.963696749997325,-29.939973929736198,-19.95998261982413,24.949978274780165,-1.2645528127834627,-1.8968292191751939,-44.909960894604296,-28.916015625,-19.16015625,24.08203125,-2.724609375,-3.515625,-44.12109375,-8.7890625,-8.7890625,8.7890625,26.3671875,39.55078125,-8.7890625,6.3,4.8,-4.7,-9.6,-10.4,4.7
6.963741250016028,6.967740457999753,-29.951354881533618,-19.967569921022413,24.959462401278014,-1.138486472945987,-1.7077297094189803,-44.92703232230043,-28.916015625,-19.248046875,24.08203125,-2.63671875,-3.251953125,-44.12109375,-8.7890625,-8.7890625,8.7890625,35.15625,39.55078125,-8.7890625,6.3,4.0,-4.7,-9.6,-9.8,4.8
6.967799208010547,6.9717597080161795,-29.961631791142135,-19.97442119409476,24.96802649261845,-1.011186412536364,-1.516779618804546,-44.94244768671321,-29.00390625,-19.248046875,24.08203125,-2.4609375,-3.076171875,-44.12109375,-8.7890625,-8.7890625,8.7890625,35.15625,39.55078125,-8.7890625,5.5,4.0,-5.5,-9.4,-9.8,4.8
6.971809000009671,6.975720832997467,-29.970590949263062,-19.980393966175377,24.97549245771922,-0.8853569655357139,-1.3280354483035708,-44.9558864238946,-29.00390625,-19.248046875,24.08203125,-2.373046875,-2.900390625,-44.12109375,-8.7890625,-4.39453125,4.39453125,35.15625,39.55078125,-8.7890625,5.5,4.0,-5.5,-9.4,-9.3,4.8
6.975772583013168,6.979655291012023,-29.978278349299593,-19.985518899533062,24.981898624416328,-0.7609430441280319,-1.1414145661920478,-44.967417523949386,-29.091796875,-19.248046875,24.08203125,-2.197265625,-2.724609375,-44.12109375,-8.7890625,-4.39453125,4.39453125,35.15625,39.55078125,-8.7890625,5.5,4.0,-5.5,-8.8,-9.3,4.8
6.979697541013593,6.983720707998145,-29.984745727909015,-19.989830485272677,24.987288106590846,-0.6377124509236959,-0.9565686763855439,-44.97711859186352,-29.091796875,-19.248046875,24.169921875,-2.109375,-2.548828125,-44.208984375,-13.18359375,-4.39453125,4.39453125,35.15625,48.33984375,0.0,5.5,4.0,-4.7,-9.6,-10.1,4.8
6.983774958003778,6.987716291012475,-29.990257303715307,-19.993504869143536,24.99188108642942,-0.5096695473870185,-0.7645043210805278,-44.98538595557296,-29.1796875,-19.3359375,24.169921875,-2.021484375,-2.373046875,-44.208984375,-13.18359375,-4.39453125,4.39453125,30.76171875,48.33984375,0.0,4.7,3.1,-4.8,-11.2,-10.6,4.8
6.987764124991372,6.991756916017039,-29.99445900564717,-19.99630600376478,24.995382504705972,-0.3843776837963815,-0.5765665256945722,-44.99168850847075,-29.1796875,-19.3359375,24.169921875,-1.93359375,-2.109375,-44.208984375,-13.18359375,-4.39453125,4.39453125,30.76171875,48.33984375,0.0,4.7,3.1,-4.8,-10.6,-9.8,4.8
6.991810500010615,6.99568945801002,-29.997517782704048,-19.998345188469365,24.997931485586705,-0.25727363414114685,-0.38591045121172024,-44.99627667405607,-29.1796875,-19.3359375,24.169921875,-1.7578125,-1.93359375,-44.208984375,-13.18359375,-4.39453125,4.39453125,30.76171875,48.33984375,0.0,4.7,3.1,-4.8,-9.8,-9.5,4.8
6.9957337499945424,6.999701624998124,-29.999326369113803,-19.999550912742535,24.99943864092817,-0.13402719358115117,-0.20104079037172673,-44.998989553670704,-29.1796875,-19.3359375,24.169921875,-1.669921875,-1.7578125,-44.208984375,-13.18359375,-4.39453125,4.39453125,30.76171875,48.33984375,0.0,4.7,3.1,-4.8,-10.4,-10.3,4.8
6.999792999995407,7.003735083009815,-29.9999984141149,-19.999998942743265,24.99999867842908,-0.006503096822635036,-0.009754645233952555,-44.99999762117235,-29.1796875,-19.3359375,24.169921875,-1.58203125,-1.494140625,-44.296875,-4.39453125,-4.39453125,4.39453125,30.76171875,48.33984375,-8.7890625,4.7,3.1,-4.8,-10.4,-9.5,4.0
7.003783958003623,7.007709791010711,-29.99947006530974,-19.999646710206495,24.999558387758118,0.11887584669139874,0.1783137700370981,-44.99920509796461,-29.1796875,-19.423828125,24.2578125,-1.40625,-1.318359375,-44.296875,-4.39453125,-4.39453125,4.39453125,30.76171875,48.33984375,-8.7890625,4.7,2.2,-4.0,-9.6,-9.7,3.9
7.007763250003336,7.011709915997926,-29.997769445825547,-19.998512963883698,24.998141204854623,0.24388364720829583,0.36582547081244376,-44.996654168738324,-29.1796875,-19.423828125,24.2578125,-1.318359375,-1.142578125,-44.296875,-4.39453125,-4.39453125,4.39453125,30.76171875,48.33984375,-8.7890625,4.7,3.0,-4.0,-10.4,-9.7,3.9
7.011756666004658,7.0157194579951465,-29.99488451245807,-19.996589674972046,24.99573709371506,0.3693255620740333,0.5539883431110499,-44.99232676868711,-29.1796875,-19.423828125,24.345703125,-1.142578125,-0.966796875,-44.296875,-4.39453125,-4.39453125,4.39453125,30.76171875,48.33984375,-8.7890625,4.8,3.0,-3.2,-11.2,-9.4,3.9
7.01576916599879,7.019721832999494,-29.990797067061,-19.993864711374,24.9923308892175,0.4953523021784903,0.7430284532677355,-44.9861956005915,-29.267578125,-19.423828125,24.345703125,-1.0546875,-0.703125,-44.296875,-4.39453125,-4.39453125,4.39453125,30.76171875,48.33984375,-8.7890625,4.0,3.0,-3.2,-10.4,-8.6,4.0
7.019769791018916,7.023686833010288,-29.98553560516767,-19.99035707011178,24.987946337639723,0.6209864808770167,0.931479721315525,-44.978303407751504,-29.267578125,-19.423828125,24.345703125,-0.966796875,-0.615234375,-44.296875,-4.39453125,-4.39453125,4.39453125,30.76171875,48.33984375,0.0,4.0,2.2,-3.2,-10.4,-9.4,4.0
7.023722457990516,7.027667457994539,-29.979174274872697,-19.986116183248466,24.982645229060584,0.7450905379172091,1.1176358068758137,-44.96876141230905,-29.267578125,-19.423828125,24.345703125,-0.791015625,-0.3515625,-44.296875,-4.39453125,-4.39453125,4.39453125,30.76171875,48.33984375,0.0,4.0,2.4,-3.0,-11.2,-8.8,4.0
7.027711458009435,7.030715750006493,-29.97158280611656,-19.981055204077705,24.97631900509713,0.8703062286340413,1.305459342951062,-44.95737420917484,-29.267578125,-19.423828125,24.345703125,-0.703125,-0.17578125,-44.296875,-4.39453125,-4.39453125,4.39453125,30.76171875,48.33984375,0.0,4.0,2.4,-3.0,-10.4,-9.6,4.0
7.030748082994251,7.034637791017303,-29.965014935879992,-19.976676623919996,24.970845779899996,0.9656039888735177,1.4484059833102765,-44.94752240381999,-29.267578125,-19.423828125,24.345703125,-0.615234375,-0.087890625,-44.296875,-4.39453125,0.0,4.39453125,30.76171875,48.33984375,0.0,3.9,2.4,-3.0,-10.4,-10.6,4.0
7.034660625009565,7.037767083005747,-29.955547467231813,-19.970364978154542,24.96295622269318,1.0883577717361623,1.6325366576042437,-44.93332120084772,-29.267578125,-19.423828125,24.345703125,-0.439453125,0.087890625,-44.296875,-4.39453125,0.0,4.39453125,30.76171875,48.33984375,0.0,3.9,2.4,-3.0,-10.4,-9.8,3.1
7.0377889160008635,7.04167075001169,-29.947163704613754,-19.964775803075835,24.955969753844794,1.1864767730206978,1.7797151595310468,-44.92074555692063,-29.267578125,-19.423828125,24.345703125,-0.3515625,0.263671875,-44.296875,0.0,0.0,4.39453125,30.76171875,43.9453125,0.0,3.9,2.4,-3.0,-10.4,-9.0,3.1
7.041696083004354,7.0448259160039015,-29.93567700258101,-19.957118001720673,24.94639750215084,1.3089847460519455,1.9634771190779183,-44.90351550387152,-29.267578125,-19.423828125,24.345703125,-0.263671875,0.439453125,-44.296875,0.0,0.0,4.39453125,30.76171875,43.9453125,0.0,3.9,2.4,-3.0,-10.4,-8.6,3.1
7.044849208003143,7.048700999992434,-29.92558492170387,-19.95038994780258,24.937987434753225,1.4078142386756047,2.111721358013407,-44.8883773825558,-29.267578125,-19.423828125,24.345703125,-0.087890625,0.615234375,-44.296875,0.0,0.0,4.39453125,30.76171875,43.9453125,0.0,3.9,2.4,-3.2,-9.6,-9.4,3.2
7.0487419580167625,7.051663165999344,-29.912112969177844,-19.941408646118564,24.926760807648204,1.5297781566317927,2.2946672349476893,-44.86816945376677,-29.267578125,-19.423828125,24.345703125,0.0,0.703125,-44.296875,0.0,0.0,0.0,30.76171875,43.9453125,0.0,3.1,2.4,-3.2,-9.6,-11.0,3.2
7.051690666005015,7.054659624991473,-29.901163659355117,-19.934109106236743,24.91763638279593,1.622126425606021,2.4331896384090315,-44.85174548903267,-29.267578125,-19.423828125,24.345703125,0.087890625,0.87890625,-44.296875,0.0,0.0,0.0,30.76171875,43.9453125,0.0,3.1,2.4,-3.2,-10.4,-11.4,3.2
7.0546834580018185,7.057690415997058,-29.88939470709624,-19.926263138064158,24.9078289225802,1.7158197319722845,2.573729597958427,-44.83409206064436,-29.267578125,-19.423828125,24.345703125,0.17578125,1.0546875,-44.296875,0.0,0.0,0.0,30.76171875,43.9453125,0.0,3.1,2.4,-3.2,-10.4,-10.6,2.3
7.057731958018849,7.060696375003317,-29.876727575440796,-19.917818383627196,24.897272979533998,1.8112180533669684,2.7168270800504524,-44.815091363161194,-29.267578125,-19.423828125,24.345703125,0.263671875,1.23046875,-44.296875,0.0,0.0,0.0,30.76171875,48.33984375,0.0,3.1,2.4,-2.4,-11.4,-9.8,2.3
7.060732625017408,7.063698957994347,-29.863590153063612,-19.90906010204241,24.88632512755301,1.9050789624745441,2.857618443711816,-44.79538522959542,-29.267578125,-19.423828125,24.345703125,0.3515625,1.40625,-44.296875,0.0,0.0,0.0,30.76171875,48.33984375,0.0,3.1,2.4,-2.4,-11.4,-8.6,2.3
7.063732125010574,7.066671250009676,-29.849794764198393,-19.89986317613226,24.874828970165332,1.998861068512556,2.998291602768834,-44.77469214629759,-29.267578125,-19.423828125,24.345703125,0.439453125,1.494140625,-44.296875,0.0,0.0,0.0,30.76171875,48.33984375,0.0,3.1,2.4,-2.3,-11.4,-8.6,2.4
7.0666969580051955,7.0696809999935795,-29.835507618568975,-19.890338412379318,24.86292301547415,2.091515680320803,3.1372735204812043,-44.75326142785347,-29.267578125,-19.423828125,24.345703125,0.615234375,1.669921875,-44.296875,0.0,0.0,0.0,30.76171875,48.33984375,0.0,3.1,1.6,-2.3,-10.4,-9.4,1.6
7.069721000007121,7.072676083014812,-29.820268539012186,-19.880179026008125,24.850223782510156,2.185973900545629,3.2789608508184434,-44.73040280851828,-29.267578125,-19.423828125,24.345703125,0.703125,1.845703125,-44.296875,0.0,0.0,0.0,30.76171875,48.33984375,0.0,2.3,1.6,-2.3,-10.4,-9.4,1.6
7.07270633301232,7.075690375000704,-29.80456452659108,-19.869709684394053,24.837137105492566,2.2791746440098,3.4187619660147,-44.70684678988662,-29.267578125,-19.423828125,24.345703125,0.791015625,1.93359375,-44.296875,0.0,0.0,0.0,30.76171875,48.33984375,0.0,2.3,1.6,-2.3,-10.4,-10.6,1.5
7.075725500006229,7.078696208016481,-29.788015950309,-19.858677300206,24.8233466252575,2.3733806871808207,3.560071030771231,-44.6820239254635,-29.267578125,-19.423828125,24.345703125,0.966796875,2.109375,-44.296875,0.0,0.0,0.0,30.76171875,48.33984375,0.0,2.3,1.6,-2.3,-9.6,-9.8,1.5
7.078731499990681,7.081694624997908,-29.770873951377432,-19.84724930091829,24.80906162614786,2.4671228561217857,3.7006842841826786,-44.65631092706615,-29.267578125,-19.423828125,24.345703125,0.966796875,2.28515625,-44.296875,0.0,0.0,0.0,30.76171875,52.734375,0.0,2.3,1.6,-1.5,-10.4,-9.8,0.7
7.0817249579995405,7.084691666008439,-29.753143865994183,-19.83542924399612,24.79428655499515,2.5604192442690805,3.8406288664036206,-44.62971579899127,-29.267578125,-19.423828125,24.345703125,1.0546875,2.373046875,-44.296875,0.0,0.0,0.0,35.15625,52.734375,0.0,2.3,1.5,-1.5,-10.4,-9.5,0.7
7.084721999999601,7.087678750016494,-29.734733534314735,-19.823155689543157,24.778944611928946,2.653770620858692,3.980655931288038,-44.602100301472106,-29.267578125,-19.423828125,24.345703125,1.142578125,2.548828125,-44.296875,0.0,0.0,0.0,35.15625,52.734375,0.0,2.3,1.5,-1.5,-10.4,-8.7,0.7
7.087704208010109,7.090866250015097,-29.71576020434723,-19.810506802898153,24.76313350362269,2.7466015750971264,4.119902362645689,-44.57364030652084,-29.267578125,-19.423828125,24.345703125,1.318359375,2.724609375,-44.296875,0.0,0.0,0.0,35.15625,52.734375,0.0,1.5,1.5,-1.5,-9.6,-7.9,-0.1
7.090901415998815,7.094691958016483,-29.694694725509045,-19.796463150339363,24.745578937924208,2.8460581050385576,4.269087157557836,-44.542042088263564,-29.267578125,-19.423828125,24.345703125,1.40625,2.900390625,-44.296875,0.0,0.0,0.0,35.15625,52.734375,0.0,1.5,0.7,-1.5,-9.6,-8.7,-0.1
7.0947380409925245,7.098615791008342,-29.668427741654128,-19.77895182776942,24.723689784711773,2.9653102021165987,4.4479653031748985,-44.50264161248119,-29.267578125,-19.423828125,24.345703125,1.494140625,3.076171875,-44.296875,0.0,0.0,0.0,35.15625,52.734375,0.0,1.5,0.7,-1.5,-10.4,-8.7,-0.1
7.098653624998406,7.101664624991827,-29.64050915355988,-19.760339435706587,24.700424294633233,3.0869054708006676,4.630358206201001,-44.46076373033982,-29.267578125,-19.423828125,24.345703125,1.58203125,3.251953125,-44.296875,0.0,0.0,0.0,35.15625,48.33984375,0.0,1.5,0.7,-0.7,-10.4,-9.5,-0.1
7.101691249990836,7.104668125015451,-29.618078114830094,-19.74538540988673,24.68173176235841,3.181156238701947,4.771734358052921,-44.42711717224514,-29.267578125,-19.423828125,24.345703125,1.7578125,3.33984375,-44.296875,0.0,0.0,0.0,30.76171875,48.33984375,0.0,0.7,0.7,-0.7,-10.4,-9.7,-0.1
7.104695040994557,7.107664000010118,-29.595233825185062,-19.730155883456707,24.662694854320886,3.274286000718121,4.911429001077182,-44.39285073777759,-29.267578125,-19.423828125,24.345703125,1.845703125,3.515625,-44.296875,0.0,0.0,0.0,30.76171875,48.33984375,0.0,0.7,0.7,-0.7,-9.6,-8.9,-0.0
7.107696999999462,7.110730083019007,-29.5717452000768,-19.7144968000512,24.643121000064,3.367286135862381,5.050929203793571,-44.3576178001152,-29.267578125,-19.423828125,24.345703125,1.93359375,3.69140625,-44.296875,0.0,0.0,0.0,30.76171875,48.33984375,0.0,0.7,-0.1,-0.7,-9.6,-8.1,-0.0
7.110814874991775,7.114671290997649,-29.546653485215028,-19.697768990143352,24.62221123767919,3.463798032643788,5.195697048965682,-44.31998022782254,-29.267578125,-19.423828125,24.345703125,2.021484375,3.779296875,-44.296875,0.0,0.0,0.0,30.76171875,48.33984375,0.0,0.7,-0.1,0.1,-9.6,-7.8,-0.0
7.114706833002856,7.117682083015097,-29.514337782828196,-19.67622518855213,24.595281485690162,3.5841543395041917,5.376231509256288,-44.27150667424229,-29.35546875,-19.423828125,24.345703125,2.109375,3.955078125,-44.296875,0.0,0.0,0.0,30.76171875,48.33984375,0.0,-0.1,-0.1,0.1,-10.4,-8.6,-0.0
7.11771104100626,7.120674666017294,-29.48863882037479,-19.659092546916526,24.57386568364566,3.676966172236436,5.515449258354654,-44.23295823056218,-29.35546875,-19.423828125,24.345703125,2.197265625,4.130859375,-44.296875,-4.39453125,0.0,0.0,30.76171875,43.9453125,0.0,-0.1,-0.1,0.1,-10.4,-8.6,-0.0
7.120702582993545,7.123656665993622,-29.46239567356145,-19.641597115707633,24.55199639463454,3.7693053397443936,5.6539580096165905,-44.19359351034217,-29.35546875,-19.423828125,24.345703125,2.373046875,4.21875,-44.296875,-4.39453125,0.0,0.0,30.76171875,43.9453125,0.0,-0.1,-0.1,0.1,-10.4,-9.8,-0.0
7.123687375016743,7.1266939160123,-29.43556336547356,-19.623708910315706,24.529636137894634,3.861353208811118,5.792029813216677,-44.15334504821034,-29.35546875,-19.423828125,24.345703125,2.4609375,4.306640625,-44.296875,-4.39453125,0.0,0.0,30.76171875,43.9453125,0.0,-0.1,-0.1,0.1,-10.4,-9.8,-0.0
7.126725625013933,7.129728083004011,-29.407585951925743,-19.60505730128383,24.506321626604784,3.9549624793893647,5.932443719084047,-44.111378927888616,-29.35546875,-19.423828125,24.345703125,2.548828125,4.482421875,-44.296875,-4.39453125,0.0,0.0,30.76171875,43.9453125,0.0,-0.1,-0.1,0.1,-10.4,-9.0,-0.0
7.12975424999604,7.132702583010541,-29.379030547868993,-19.586020365245997,24.482525456557497,4.048185550610187,6.0722783259152795,-44.06854582180349,-29.35546875,-19.423828125,24.345703125,2.63671875,4.658203125,-44.296875,-4.39453125,0.0,0.0,30.76171875,43.9453125,0.0,-0.1,-0.1,0.1,-10.4,-9.0,-0.0
7.1327312079956755,7.136627250001766,-29.35031428362499,-19.566876189083327,24.458595236354157,4.1397290009231265,6.209593501384689,-44.02547142543749,-29.35546875,-19.423828125,24.345703125,2.724609375,4.833984375,-44.296875,-4.39453125,0.0,0.0,30.76171875,43.9453125,0.0,-0.1,-0.1,0.1,-10.4,-8.7,-0.0
7.136666833015624,7.139786957995966,-29.311365563109593,-19.540910375406394,24.426137969257997,4.260612831546028,6.390919247319041,-43.96704834466439,-29.35546875,-19.423828125,24.345703125,2.8125,4.921875,-44.296875,0.0,0.0,0.0,30.76171875,43.9453125,0.0,-0.1,-0.1,0.1,-9.6,-9.5,-0.0
7.139836000016658,7.1437475830025505,-29.279187766821384,-19.519458511214257,24.39932313901782,4.357836553725406,6.536754830588109,-43.91878165023208,-29.35546875,-19.51171875,24.345703125,2.900390625,5.09765625,-44.296875,0.0,0.0,0.0,30.76171875,43.9453125,0.0,-0.1,-0.1,0.1,-9.6,-10.6,-0.8
7.143788582994603,7.147582541016163,-29.238038934277046,-19.492025956184698,24.365032445230874,4.478942299630794,6.7184134494461905,-43.85705840141557,-29.35546875,-19.51171875,24.345703125,3.076171875,5.361328125,-44.296875,0.0,0.0,0.0,30.76171875,43.9453125,0.0,-0.1,-0.0,0.0,-9.6,-8.2,-0.9
7.14761250000447,7.150535291002598,-29.19715694903106,-19.46477129935404,24.33096412419255,4.595941499175465,6.893912248763197,-43.79573542354659,-29.35546875,-19.51171875,24.345703125,3.1640625,5.537109375,-44.296875,0.0,0.0,0.0,30.76171875,43.9453125,0.0,-0.1,-0.0,0.0,-10.4,-7.4,-2.5
7.150570083002094,7.153592000016943,-29.16481451708602,-19.443209678057343,24.304012097571682,4.686320242482064,7.029480363723096,-43.74722177562903,-29.35546875,-19.51171875,24.345703125,3.251953125,5.625,-44.296875,0.0,-4.39453125,0.0,30.76171875,43.9453125,0.0,-0.0,-0.0,0.0,-9.6,-6.8,-2.5
7.153619040997,7.156654958002036,-29.130813930910936,-19.42054262060729,24.275678275759113,4.779385349726019,7.169078024589028,-43.696220896366405,-29.35546875,-19.51171875,24.345703125,3.33984375,5.80078125,-44.296875,0.0,-4.39453125,0.0,30.76171875,43.9453125,0.0,-0.0,-0.0,0.0,-9.6,-7.6,-2.6
7.1566818749997765,7.159677707997616,-29.095985857253165,-19.397323904835446,24.246654881044304,4.872763623540492,7.309145435310738,-43.643978785879746,-29.35546875,-19.51171875,24.345703125,3.427734375,5.888671875,-44.296875,0.0,-4.39453125,0.0,30.76171875,48.33984375,0.0,-0.0,-0.0,0.0,-9.6,-8.4,-3.4
7.15970625000773,7.16371441600495,-29.060934265568438,-19.373956177045628,24.21744522130703,4.964858713993345,7.447288070990017,-43.59140139835266,-29.35546875,-19.51171875,24.345703125,3.515625,6.064453125,-44.296875,0.0,-4.39453125,0.0,30.76171875,48.33984375,0.0,-0.0,-0.0,0.0,-9.6,-9.9,-3.4
7.1637515409966,7.1675762080121785,-29.013025369454233,-19.342016912969488,24.177521141211862,5.087866128191882,7.631799192287824,-43.519538054181346,-29.35546875,-19.51171875,24.345703125,3.603515625,6.240234375,-44.296875,0.0,-4.39453125,0.0,30.76171875,48.33984375,0.0,-0.0,-0.0,0.0,-9.6,-9.9,-5.0
7.167605666007148,7.170616791001521,-28.96629070949309,-19.310860472995394,24.138575591244244,5.204869623007292,7.807304434510939,-43.44943606423964,-29.35546875,-19.51171875,24.345703125,3.779296875,6.328125,-44.296875,0.0,-4.39453125,0.0,30.76171875,48.33984375,0.0,-0.0,-0.0,0.0,-8.8,-9.9,-5.0
7.170666833000723,7.1736041250114795,-28.928414796329086,-19.285609864219392,24.107012330274237,5.297664784140624,7.946497176210935,-43.392622194493626,-29.35546875,-19.51171875,24.345703125,3.8671875,6.50390625,-44.296875,0.0,0.0,0.0,30.76171875,48.33984375,0.0,-0.0,-0.0,0.0,-8.8,-9.6,-5.8
7.1736325829988346,7.17670700000599,-28.891081556063792,-19.26072103737586,24.075901296719827,5.387450707002986,8.081176060504479,-43.336622334095686,-29.35546875,-19.51171875,24.345703125,3.955078125,6.6796875,-44.296875,0.0,0.0,0.0,30.76171875,48.33984375,0.0,-0.8,-0.0,0.0,-9.6,-8.8,-5.8
7.176740833005169,7.180597166006919,-28.851281601470436,-19.234187734313622,24.04273466789203,5.481425197991792,8.222137796987688,-43.276922402205656,-29.35546875,-19.51171875,24.345703125,4.04296875,6.767578125,-44.208984375,0.0,0.0,0.0,30.76171875,43.9453125,0.0,-0.8,-0.0,0.0,-9.6,-8.8,-5.8
7.180633415991906,7.1836875829903875,-28.800468699282078,-19.200312466188052,24.000390582735065,5.5989285761423755,8.398392864213564,-43.20070304892312,-29.35546875,-19.51171875,24.345703125,4.130859375,7.03125,-44.208984375,0.0,0.0,0.0,30.76171875,43.9453125,4.39453125,-1.6,-0.0,0.0,-9.6,-7.9,-6.6
7.183714125014376,7.186690541013377,-28.759490419916062,-19.172993613277377,23.96624201659672,5.691776164364246,8.537664246546369,-43.13923562987409,-29.35546875,-19.51171875,24.345703125,4.21875,7.119140625,-44.208984375,0.0,0.0,0.0,30.76171875,43.9453125,4.39453125,-1.6,-0.0,0.0,-9.6,-9.5,-6.5
7.186716708005406,7.189680540992413,-28.71890325906419,-19.145935506042797,23.932419382553494,5.782140918245581,8.673211377368371,-43.07835488859629,-29.35546875,-19.51171875,24.345703125,4.306640625,7.294921875,-44.208984375,0.0,0.0,0.0,30.76171875,43.9453125,4.39453125,-2.4,-0.8,0.8,-10.4,-9.5,-7.3
7.189722000010079,7.193709083017893,-28.677639767816324,-19.118426511877548,23.898033139846937,5.872458404274791,8.808687606412187,-43.01645965172448,-29.35546875,-19.51171875,24.345703125,4.39453125,7.470703125,-44.208984375,0.0,0.0,0.0,30.76171875,43.9453125,4.39453125,-2.7,-0.8,0.8,-10.4,-9.7,-8.1
7.193779416003963,7.197680500015849,-28.620916646667748,-19.0806110977785,23.850763872223126,5.994187195553033,8.99128079332955,-42.93137497000162,-29.35546875,-19.51171875,24.345703125,4.5703125,7.55859375,-44.12109375,0.0,0.0,0.0,30.76171875,43.9453125,4.39453125,-3.5,-0.8,0.8,-9.6,-8.9,-8.3
7.197733083012281,7.200689165998483,-28.56452556463133,-19.043017043087552,23.803771303859442,6.112569173160906,9.168853759741358,-42.846788346946994,-29.35546875,-19.51171875,24.345703125,4.658203125,7.822265625,-44.033203125,0.0,0.0,0.0,30.76171875,48.33984375,8.7890625,-3.5,-0.8,1.6,-9.6,-8.1,-8.3
7.200715500017395,7.20368870801758,-28.521258300483424,-19.014172200322285,23.767715250402855,6.201713919271934,9.3025708789079,-42.78188745072514,-29.35546875,-19.51171875,24.345703125,4.74609375,7.91015625,-43.9453125,0.0,0.0,0.0,26.3671875,48.33984375,8.7890625,-4.3,-1.8,1.6,-9.6,-7.8,-7.5
7.203719875018578,7.206736249994719,-28.477039597517535,-18.98469306501169,23.730866331264615,6.291377371235728,9.437066056853592,-42.715559396276305,-29.35546875,-19.51171875,24.345703125,4.833984375,8.0859375,-43.76953125,0.0,0.0,0.0,26.3671875,48.33984375,8.7890625,-4.3,-1.8,2.6,-9.6,-8.6,-6.2
7.206775208003819,7.21072537501459,-28.431420445250197,-18.954280296833463,23.69285037104183,6.38241791400961,9.573626871014413,-42.647130667875295,-29.35546875,-19.51171875,24.345703125,4.921875,8.173828125,-43.681640625,0.0,0.0,0.0,26.3671875,48.33984375,8.7890625,-4.3,-1.8,2.6,-10.4,-8.6,-6.2
7.210765875002835,7.214703458012082,-28.370849722219155,-18.913899814812773,23.642374768515968,6.501107120731465,9.751660681097198,-42.55627458332874,-29.35546875,-19.51171875,24.345703125,5.009765625,8.349609375,-43.59375,0.0,0.0,0.0,26.3671875,48.33984375,8.7890625,-5.1,-2.6,3.4,-10.4,-9.7,-6.2
7.214759333000984,7.218723500001943,-28.309120655859427,-18.872747103906285,23.590933879882854,6.619623611051988,9.929435416577983,-42.46368098378914,-29.35546875,-19.51171875,24.345703125,5.185546875,8.525390625,-43.505859375,0.0,0.0,0.0,26.3671875,48.33984375,8.7890625,-5.9,-2.6,3.4,-9.6,-8.9,-7.2
7.218778250011383,7.222693791001802,-28.245873442920313,-18.83058229528021,23.538227869100265,6.738632681833867,10.1079490227508,-42.36881016438047,-29.35546875,-19.51171875,24.345703125,5.2734375,8.701171875,-43.41796875,0.0,0.0,0.0,30.76171875,43.9453125,30.76171875,-5.9,-3.4,4.2,-9.6,-8.9,-6.4
7.2227485830080695,7.2266829580185,-28.182285463849432,-18.788190309232956,23.485237886541196,6.855939388883543,10.283909083325314,-42.27342819577415,-29.35546875,-19.51171875,24.345703125,5.361328125,8.96484375,-43.330078125,0.0,0.0,0.0,30.76171875,43.9453125,30.76171875,-6.7,-3.4,4.3,-9.6,-7.9,-7.1
7.22673704099725,7.230688915995415,-28.117303539223542,-18.74486902614903,23.43108628268629,6.973513116967567,10.46026967545135,-42.17595530883531,-29.35546875,-19.51171875,24.345703125,5.537109375,9.140625,-43.154296875,0.0,0.0,0.0,30.76171875,43.9453125,30.76171875,-7.5,-4.2,5.1,-9.6,-7.9,-5.5
7.230741500010481,7.234694582992233,-28.05095064495727,-18.700633763304847,23.375792204131056,7.09128315967871,10.636924739518065,-42.0764259674359,-29.35546875,-19.51171875,24.345703125,5.625,9.228515625,-43.06640625,0.0,0.0,0.0,30.76171875,43.9453125,30.76171875,-7.5,-4.2,5.1,-9.6,-8.8,-6.3
7.234741958003724,7.238664875010727,-27.983555834712515,-18.655703889808343,23.31962986226043,7.20865537918063,10.812983068770945,-41.97533375206877,-29.35546875,-19.51171875,24.345703125,5.80078125,9.404296875,-42.978515625,0.0,0.0,0.0,30.76171875,43.9453125,30.76171875,-8.3,-4.2,5.9,-8.8,-8.8,-5.6
7.2387169580033515,7.242752624995774,-27.915495433532538,-18.610330289021693,23.26291286127712,7.324998739489428,10.987498109234142,-41.873243150298805,-29.35546875,-19.51171875,24.345703125,5.888671875,9.580078125,-42.890625,0.0,0.0,0.0,30.76171875,43.9453125,26.3671875,-9.1,-5.0,5.9,-9.6,-8.8,-6.4
7.242816582991509,7.246579375001602,-27.844161178314828,-18.562774118876554,23.203467648595694,7.444690524902078,11.167035787353116,-41.766241767472245,-29.35546875,-19.51171875,24.345703125,5.9765625,9.755859375,-42.802734375,0.0,0.0,0.0,30.76171875,43.9453125,26.3671875,-9.1,-5.0,6.7,-9.6,-8.9,-6.4
7.2466192500141915,7.24958895801683,-27.77696173628539,-18.51797449085693,23.14746811357116,7.555436503337986,11.333154755006978,-41.66544260442809,-29.35546875,-19.51171875,24.345703125,6.15234375,9.931640625,-42.71484375,0.0,0.0,0.0,30.76171875,43.9453125,26.3671875,-9.9,-5.8,6.7,-8.8,-8.9,-6.4
7.249618583009578,7.2525722910068,-27.723259295924347,-18.482172863949565,23.102716079936958,7.6425968248420855,11.463895237263127,-41.58488894388652,-29.35546875,-19.51171875,24.345703125,6.240234375,10.01953125,-42.626953125,0.0,0.0,0.0,30.76171875,43.9453125,26.3671875,-9.9,-5.8,7.5,-9.6,-9.7,-6.4
7.252599416009616,7.255608583014691,-27.669278408668116,-18.446185605778744,23.05773200722343,7.729051468140257,11.593577202210387,-41.50391761300217,-29.35546875,-19.51171875,24.345703125,6.328125,10.1953125,-42.5390625,0.0,0.0,0.0,30.76171875,43.9453125,26.3671875,-10.7,-6.6,7.5,-9.6,-9.7,-6.5
7.255636415997287,7.258569666009862,-27.613656516053663,-18.409104344035775,23.01138043004472,7.816960870466419,11.725441305699627,-41.4204847740805,-29.35546875,-19.51171875,24.345703125,6.416015625,10.283203125,-42.451171875,0.0,0.0,0.0,30.76171875,39.55078125,26.3671875,-11.5,-6.6,8.3,-9.6,-9.7,-6.5
7.258593833015766,7.261665124999126,-27.55888821681033,-18.37259214454022,22.965740180675276,7.90239570575778,11.85359355863667,-41.3383323252155,-29.35546875,-19.51171875,24.345703125,6.50390625,10.458984375,-42.36328125,0.0,0.0,0.0,30.76171875,39.55078125,21.97265625,-11.5,-7.4,8.3,-9.6,-9.7,-6.5
7.261703291005688,7.265660416014725,-27.500662910935212,-18.333775273956807,22.91721909244601,7.992038801460485,11.988058202190727,-41.250994366402814,-29.35546875,-19.51171875,24.345703125,6.591796875,10.634765625,-42.275390625,0.0,0.0,0.0,30.76171875,39.55078125,21.97265625,-12.3,-7.5,9.1,-9.6,-8.7,-6.3
7.265687625011196,7.268678374995943,-27.425096616936102,-18.283397744624068,22.85424718078009,8.10662487795479,12.159937316932183,-41.13764492540415,-29.35546875,-19.51171875,24.345703125,6.6796875,10.810546875,-42.1875,0.0,0.0,0.0,30.76171875,39.55078125,21.97265625,-12.3,-7.5,9.9,-10.4,-7.9,-6.3
7.268703750014538,7.2716909580049105,-27.36717868671409,-18.24478579114273,22.80598223892841,8.193155157527311,12.289732736290969,-41.05076803007114,-29.35546875,-19.51171875,24.345703125,6.767578125,10.986328125,-42.099609375,0.0,0.0,0.0,30.76171875,39.55078125,21.97265625,-13.1,-8.3,9.9,-10.4,-7.1,-6.3
7.271715832990594,7.274694207997527,-27.30872532648521,-18.205816884323475,22.757271105404346,8.279385941872881,12.419078912809322,-40.96308798972782,-29.267578125,-19.51171875,24.345703125,6.85546875,11.07421875,-42.01171875,0.0,0.0,0.0,30.76171875,39.55078125,21.97265625,-13.1,-8.3,9.9,-10.4,-7.0,-6.4
7.274723790993448,7.277705500018783,-27.24974194338494,-18.166494628923292,22.708118286154118,8.365313675965842,12.547970513948762,-40.87461291507741,-29.1796875,-19.51171875,24.345703125,7.03125,11.162109375,-41.923828125,0.0,0.0,0.0,30.76171875,39.55078125,21.97265625,-12.3,-9.1,10.7,-9.6,-8.6,-6.4
7.277800000010757,7.28165566601092,-27.18879102951193,-18.125860686341287,22.657325857926608,8.452997952167467,12.6794969282512,-40.78318654426789,-29.1796875,-19.51171875,24.345703125,7.119140625,11.337890625,-41.8359375,8.7890625,0.0,0.0,30.76171875,48.33984375,30.76171875,-13.1,-9.1,11.5,-9.6,-8.6,-6.4
7.281686875008745,7.284690708009293,-27.110870225192638,-18.07391348346176,22.5923918543272,8.563506956401634,12.845260434602451,-40.666305337788955,-29.091796875,-19.51171875,24.345703125,7.20703125,11.513671875,-41.748046875,8.7890625,0.0,0.0,30.76171875,48.33984375,30.76171875,-13.1,-9.8,11.5,-8.8,-8.2,-6.4
7.284717541013379,7.287596125010168,-27.049412630449076,-18.03294175363272,22.541177192040898,8.649451526547201,12.974177289820803,-40.57411894567362,-29.091796875,-19.51171875,24.345703125,7.3828125,11.6015625,-41.66015625,8.7890625,0.0,0.0,30.76171875,48.33984375,30.76171875,-13.1,-9.8,12.3,-8.0,-8.2,-6.4
7.287622583011398,7.29059929100913,-26.9899270646648,-17.993284709776532,22.49160588722067,8.731649635259194,13.097474452888791,-40.484890596997204,-29.00390625,-19.51171875,24.345703125,7.470703125,11.77734375,-41.572265625,8.7890625,0.0,0.0,30.76171875,48.33984375,30.76171875,-13.1,-9.8,12.3,-8.0,-7.4,-6.4
7.2906281250179745,7.293742915993789,-26.927792096742436,-17.95186139782829,22.439826747285366,8.816500005850534,13.2247500087758,-40.391688145113655,-28.916015625,-19.51171875,24.345703125,7.646484375,11.865234375,-41.484375,8.7890625,0.0,0.0,30.76171875,48.33984375,30.76171875,-12.0,-10.6,13.1,-7.2,-8.8,-6.4
7.293787666014396,7.297604708001018,-26.861826359942775,-17.907884239961852,22.384855299952314,8.905486064675298,13.358229097012948,-40.292739539914166,-28.828125,-19.51171875,24.2578125,7.822265625,11.953125,-41.396484375,8.7890625,0.0,0.0,30.76171875,48.33984375,30.76171875,-12.0,-10.6,12.3,-6.1,-8.8,-6.4
7.297640208009398,7.300699915998848,-26.780496887442535,-17.85366459162836,22.31708073953545,9.013692952926444,13.520539429389666,-40.17074533116381,-28.828125,-19.51171875,24.2578125,7.998046875,12.12890625,-41.30859375,17.578125,0.0,0.0,30.76171875,39.55078125,26.3671875,-12.8,-11.4,13.1,-5.3,-8.8,-6.4
7.300732875009999,7.303693249996286,-26.714499036818456,-17.809666024545635,22.262082530682047,9.100318461138864,13.650477691708295,-40.07174855522768,-28.740234375,-19.51171875,24.169921875,8.0859375,12.3046875,-41.1328125,17.578125,0.0,0.0,48.33984375,39.55078125,26.3671875,-12.8,-11.5,13.1,-5.3,-8.9,-6.4
7.303723457996966,7.3067392079974525,-26.650080073303812,-17.76672004886921,22.208400061086515,9.183880372974643,13.775820559461964,-39.97512010995572,-28.740234375,-19.423828125,24.169921875,8.173828125,12.392578125,-41.044921875,17.578125,0.0,0.0,48.33984375,39.55078125,26.3671875,-12.8,-11.5,13.0,-6.4,-8.9,-7.2
7.306777791003697,7.310647625010461,-26.583680870803136,-17.722453913868755,22.15306739233595,9.269014363501547,13.90352154525232,-39.8755213062047,-28.65234375,-19.423828125,24.08203125,8.26171875,12.568359375,-41.044921875,17.578125,0.0,-13.18359375,48.33984375,39.55078125,26.3671875,-12.8,-11.5,13.0,-5.6,-8.1,-7.2
7.310688500001561,7.314572500006761,-26.497771512073342,-17.665181008048894,22.081476260061116,9.377706540133822,14.066559810200733,-39.74665726811001,-28.564453125,-19.423828125,23.994140625,8.349609375,12.744140625,-40.869140625,17.578125,4.39453125,-13.18359375,48.33984375,39.55078125,26.3671875,-13.0,-12.3,12.2,-5.6,-7.8,-7.3
7.314614000002621,7.317554125009337,-26.41053164799595,-17.607021098663967,22.008776373329958,9.486453922894578,14.229680884341867,-39.61579747199392,-28.4765625,-19.423828125,23.994140625,8.4375,12.919921875,-40.78125,17.578125,4.39453125,-13.18359375,48.33984375,39.55078125,26.3671875,-13.0,-12.3,13.0,-6.4,-7.8,-7.3
7.3175774160190485,7.32056870800443,-26.344007683218603,-17.562671788812402,21.953339736015504,9.568310176747666,14.3524652651215,-39.51601152482791,-28.4765625,-19.423828125,23.90625,8.4375,13.0078125,-40.693359375,17.578125,4.39453125,-13.18359375,48.33984375,43.9453125,30.76171875,-13.0,-13.1,13.0,-7.2,-8.6,-7.3
7.320595750003122,7.323571624991018,-26.275664111886258,-17.51710940792417,21.89638675990522,9.651470250216514,14.477205375324772,-39.413496167829386,-28.388671875,-19.423828125,23.90625,8.4375,13.095703125,-40.60546875,17.578125,4.39453125,-13.18359375,17.578125,43.9453125,30.76171875,-13.0,-13.0,13.0,-8.0,-8.9,-7.3
7.323596333008027,7.326754083012929,-26.20713702391428,-17.471424682609523,21.839280853261904,9.733926215043073,14.600889322564608,-39.31070553587143,-28.30078125,-19.3359375,23.818359375,8.525390625,13.271484375,-40.4296875,17.578125,4.39453125,-13.18359375,17.578125,43.9453125,30.76171875,-13.0,-13.0,12.9,-8.3,-8.9,-6.3
7.3267764580086805,7.330668166017858,-26.133874109502255,-17.422582739668172,21.778228424585215,9.821079914114167,14.731619871171251,-39.20081116425339,-28.30078125,-19.3359375,23.818359375,8.61328125,13.447265625,-40.341796875,17.578125,4.39453125,-13.18359375,17.578125,43.9453125,30.76171875,-13.8,-13.0,13.7,-8.3,-8.1,-6.3
7.330730749992654,7.3346329999913,-26.04186676274627,-17.361244508497514,21.701555635621894,9.929108173253272,14.893662259879909,-39.06280014411941,-28.212890625,-19.248046875,23.73046875,8.61328125,13.623046875,-40.25390625,17.578125,4.39453125,-13.18359375,17.578125,43.9453125,30.76171875,-13.5,-13.0,12.9,-9.9,-7.9,-7.3
7.334662833018228,7.337561749998713,-25.949379883017052,-17.299586588678036,21.624483235847546,10.036149852449942,15.054224778674914,-38.92406982452558,-28.125,-19.248046875,23.642578125,8.701171875,13.798828125,-40.078125,17.578125,4.39453125,-13.18359375,17.578125,43.9453125,30.76171875,-13.5,-13.8,12.9,-8.8,-7.1,-7.3
7.337591999996221,7.34171750000678,-25.879839083274803,-17.253226055516535,21.566532569395672,10.115640893054938,15.173461339582406,-38.819758624912204,-28.037109375,-19.248046875,23.642578125,8.7890625,13.974609375,-39.990234375,17.578125,4.39453125,-13.18359375,17.578125,43.9453125,35.15625,-12.7,-13.8,13.7,-8.8,-8.0,-8.1
7.341758208000101,7.345559958019294,-25.77998647072478,-17.18665764714985,21.48332205893732,10.228333144734066,15.342499717101099,-38.66997970608717,-27.94921875,-19.16015625,23.5546875,8.876953125,14.0625,-39.90234375,17.578125,4.39453125,-13.18359375,17.578125,43.9453125,35.15625,-12.7,-13.8,13.5,-9.6,-8.8,-7.2
7.345596166007454,7.3485717909934465,-25.68702398431207,-17.124682656208048,21.40585332026006,10.331758994680785,15.497638492021176,-38.53053597646811,-27.861328125,-19.16015625,23.466796875,8.876953125,14.23828125,-39.814453125,17.578125,4.39453125,-13.18359375,17.578125,43.9453125,35.15625,-12.7,-13.8,12.7,-9.6,-8.0,-7.2
7.348599707998801,7.351575541018974,-25.613621245569515,-17.075747497046343,21.344684371307928,10.412437150692222,15.618655726038334,-38.42043186835427,-27.7734375,-19.072265625,23.37890625,8.876953125,14.326171875,-39.638671875,17.578125,13.18359375,-17.578125,17.578125,43.9453125,35.15625,-12.8,-13.8,12.7,-10.4,-8.0,-7.2
7.3516046660079155,7.354569125018315,-25.539613363633993,-17.026408909089326,21.28301113636166,10.492921407333782,15.739382111000673,-38.309420045450985,-27.685546875,-19.072265625,23.37890625,8.876953125,14.501953125,-39.462890625,17.578125,13.18359375,-17.578125,17.578125,43.9453125,35.15625,-12.8,-13.8,13.5,-11.2,-7.2,-7.3
7.3545955829904415,7.357586583006196,-25.465386248527157,-16.97692416568477,21.221155207105966,10.572797447818076,15.859196171727115,-38.19807937279073,-27.685546875,-19.072265625,23.291015625,8.96484375,14.58984375,-39.375,21.97265625,13.18359375,-17.578125,17.578125,39.55078125,35.15625,-12.8,-14.6,12.7,-11.5,-8.0,-8.1
7.35762424999848,7.360739041003399,-25.389649512807516,-16.926433008538343,21.15804126067293,10.653443837908167,15.98016575686225,-38.08447426921128,-27.59765625,-19.072265625,23.203125,8.96484375,14.765625,-39.287109375,21.97265625,13.18359375,-17.578125,8.7890625,39.55078125,35.15625,-12.8,-15.4,12.7,-12.3,-8.0,-7.3
7.360794541018549,7.364531416009413,-25.3097556889809,-16.8731704593206,21.091463074150752,10.737603021657609,16.106404532486415,-37.96463353347135,-27.509765625,-18.984375,23.203125,9.052734375,14.853515625,-39.19921875,21.97265625,13.18359375,-17.578125,8.7890625,39.55078125,35.15625,-12.8,-14.4,13.7,-12.3,-8.0,-7.1
7.364563665993046,7.367623708007159,-25.213954246772314,-16.809302831181544,21.011628538976932,10.837312320387936,16.255968480581902,-37.82093137015847,-27.421875,-18.984375,23.115234375,9.140625,14.94140625,-39.0234375,21.97265625,13.18359375,-17.578125,8.7890625,39.55078125,35.15625,-12.8,-15.2,13.7,-12.8,-8.0,-7.1
7.367646750004496,7.3707737080112565,-25.134932893790946,-16.756621929193965,20.945777411492454,10.918590638084016,16.377885957126026,-37.70239934068642,-27.333984375,-18.896484375,23.02734375,9.31640625,15.1171875,-38.935546875,21.97265625,8.7890625,-21.97265625,8.7890625,39.55078125,35.15625,-12.8,-14.4,12.9,-12.0,-7.2,-7.9
7.370797708019381,7.374526416009758,-25.05356278762868,-16.702375191752456,20.877968989690572,11.00139368234462,16.50209052351693,-37.580344181443024,-27.24609375,-18.896484375,23.02734375,9.404296875,15.205078125,-38.759765625,21.97265625,8.7890625,-21.97265625,8.7890625,39.55078125,35.15625,-12.0,-15.2,13.7,-11.2,-7.1,-7.2
7.374546333012404,7.37759108300088,-24.95595932219975,-16.637306214799835,20.796632768499794,11.099551428548036,16.649327142822052,-37.433938983299626,-27.158203125,-18.896484375,22.939453125,9.4921875,15.380859375,-38.583984375,26.3671875,8.7890625,-21.97265625,8.7890625,39.55078125,35.15625,-12.0,-15.2,13.7,-11.0,-7.9,-6.4
7.377610124996863,7.380596958013484,-24.875544190394663,-16.583696126929777,20.72962015866222,11.179491167743475,16.76923675161521,-37.313316285591995,-27.158203125,-18.80859375,22.939453125,9.66796875,15.46875,-38.49609375,26.3671875,8.7890625,-21.97265625,35.15625,39.55078125,35.15625,-12.8,-15.2,13.7,-11.0,-7.9,-6.4
7.380615000001853,7.383725166000659,-24.79611580641927,-16.530743870946182,20.663429838682728,11.257642163134127,16.88646324470119,-37.194173709628906,-27.0703125,-18.80859375,22.8515625,9.755859375,15.556640625,-38.408203125,26.3671875,8.7890625,-21.97265625,35.15625,39.55078125,35.15625,-12.8,-16.2,13.6,-10.2,-8.1,-6.3
7.383742750011152,7.387624583003344,-24.712852697568263,-16.475235131712175,20.59404391464022,11.338722474546984,17.008083711820476,-37.0692790463524,-26.982421875,-18.720703125,22.763671875,9.84375,15.732421875,-38.3203125,26.3671875,8.7890625,-21.97265625,35.15625,39.55078125,35.15625,-12.8,-15.4,13.6,-10.4,-7.3,-7.9
7.387643958005356,7.390705833007814,-24.608163746392986,-16.405442497595324,20.506803121994153,11.439469238478388,17.159203857717582,-36.91224561958948,-26.982421875,-18.720703125,22.763671875,9.931640625,15.8203125,-38.14453125,26.3671875,8.7890625,-13.18359375,35.15625,39.55078125,35.15625,-13.6,-16.2,14.4,-11.2,-8.9,-7.1
7.390723791002529,7.393710541015025,-24.524863472384702,-16.3499089815898,20.437386226987254,11.518701154806003,17.278051732209004,-36.78729520857705,-26.89453125,-18.6328125,22.67578125,10.107421875,15.908203125,-38.056640625,26.3671875,8.7890625,-13.18359375,35.15625,39.55078125,35.15625,-13.6,-16.2,13.6,-10.4,-8.9,-8.2
7.3937281660037115,7.396741625008872,-24.443051034281527,-16.295367356187683,20.369209195234607,11.595732091027834,17.39359813654175,-36.66457655142229,-26.806640625,-18.6328125,22.67578125,10.1953125,16.083984375,-37.96875,26.3671875,8.7890625,-13.18359375,35.15625,39.55078125,35.15625,-13.6,-16.2,14.4,-10.4,-8.1,-8.2
7.396772583015263,7.400624000001699,-24.35959290433387,-16.239728602889244,20.299660753611555,11.673526241222099,17.51028936183315,-36.5393893565008,-26.806640625,-18.544921875,22.587890625,10.1953125,16.259765625,-37.880859375,17.578125,8.7890625,-13.18359375,35.15625,39.55078125,35.15625,-13.6,-16.2,14.4,-11.2,-7.3,-9.0
7.40064154099673,7.404595250001876,-24.252727641438955,-16.168485094292638,20.2106063678658,11.77200449182877,17.658006737743158,-36.379091462158435,-26.71875,-18.544921875,22.5,10.37109375,16.34765625,-37.705078125,17.578125,8.7890625,-13.18359375,30.76171875,39.55078125,35.15625,-14.4,-16.8,14.5,-9.6,-8.0,-8.9
7.404617374995723,7.407624999992549,-24.141977164271886,-16.094651442847926,20.11831430355991,11.87275009983926,17.80912514975889,-36.21296574640783,-26.630859375,-18.45703125,22.412109375,10.458984375,16.5234375,-37.529296875,17.578125,8.7890625,-13.18359375,30.76171875,39.55078125,35.15625,-14.4,-16.0,14.5,-9.6,-8.0,-8.9
7.407647582993377,7.410591874999227,-24.056935424688042,-16.037956949792026,20.047446187240034,11.94922327503414,17.92383491255121,-36.08540313703206,-26.54296875,-18.45703125,22.412109375,10.634765625,16.69921875,-37.353515625,17.578125,13.18359375,-17.578125,30.76171875,39.55078125,35.15625,-13.6,-16.8,14.5,-9.6,-7.2,-8.9
7.410632625018479,7.413608791015577,-23.972628333708922,-15.981752222472615,19.97719027809077,12.024291908444821,18.03643786266723,-35.95894250056338,-26.455078125,-18.369140625,22.32421875,10.72265625,16.787109375,-37.265625,17.578125,13.18359375,-17.578125,30.76171875,39.55078125,35.15625,-13.8,-16.8,14.5,-8.8,-7.9,-7.9
7.413640874990961,7.416568540997105,-23.88713256430227,-15.92475504286818,19.905943803585227,12.099676723972605,18.149515085958907,-35.8306988464534,-26.455078125,-18.369140625,22.236328125,10.810546875,16.875,-37.177734375,17.578125,13.18359375,-17.578125,30.76171875,39.55078125,35.15625,-14.6,-16.8,14.5,-8.8,-8.7,-7.9
7.4165949579910375,7.419522000011057,-23.802657179330634,-15.868438119553756,19.835547649442194,12.173441240910199,18.260161861365297,-35.70398576899595,-26.3671875,-18.28125,22.1484375,10.8984375,17.05078125,-37.001953125,21.97265625,13.18359375,-17.578125,30.76171875,39.55078125,43.9453125,-14.6,-16.8,14.5,-8.8,-7.9,-7.1
7.419547875004355,7.422551666008076,-23.717702921441184,-15.811801947627455,19.764752434534323,12.246914679583776,18.370372019375665,-35.576554382161774,-26.3671875,-18.28125,22.1484375,10.8984375,17.138671875,-36.9140625,21.97265625,13.18359375,-17.578125,30.76171875,39.55078125,43.9453125,-15.4,-16.9,14.5,-9.6,-8.8,-8.7
7.422577833000105,7.425538083014544,-23.630001811391367,-15.753334540927577,19.691668176159475,12.322031116728203,18.483046675092304,-35.44500271708705,-26.279296875,-18.193359375,22.060546875,10.986328125,17.314453125,-36.73828125,21.97265625,13.18359375,-17.578125,30.76171875,39.55078125,43.9453125,-15.4,-16.9,14.4,-8.8,-7.2,-8.0
7.425565540994285,7.4285352080187295,-23.542999474390736,-15.695332982927157,19.619166228658948,12.395826820145517,18.593740230218277,-35.3144992115861,-26.279296875,-18.10546875,22.060546875,11.07421875,17.40234375,-36.650390625,21.97265625,13.18359375,-17.578125,30.76171875,39.55078125,43.9453125,-16.2,-16.9,15.2,-8.8,-7.2,-8.8
7.428566624992527,7.431562125013443,-23.455085608596498,-15.636723739064331,19.545904673830417,12.469678051504857,18.704517077257286,-35.18262841289474,-26.19140625,-18.10546875,21.97265625,11.25,17.490234375,-36.5625,21.97265625,17.578125,-21.97265625,30.76171875,39.55078125,43.9453125,-16.2,-16.9,15.2,-8.0,-7.1,-8.8
7.431607333011925,7.434503416006919,-23.36547940223775,-15.5769862681585,19.471232835198123,12.544221729609276,18.816332594413915,-35.04821910335662,-26.19140625,-18.017578125,21.884765625,11.337890625,17.666015625,-36.38671875,21.97265625,17.578125,-21.97265625,30.76171875,39.55078125,43.9453125,-16.2,-16.9,14.4,-8.0,-7.1,-8.1
7.434531250008149,7.437553875002777,-23.27881214314203,-15.51920809542802,19.399010119285027,12.615632369833918,18.923448554750877,-34.91821821471305,-26.103515625,-17.9296875,21.796875,11.42578125,17.75390625,-36.298828125,13.18359375,17.578125,-21.97265625,30.76171875,39.55078125,43.9453125,-16.2,-16.1,14.4,-8.8,-7.9,-8.1
7.437578665994806,7.440596541011473,-23.187961697694046,-15.458641131796032,19.32330141474504,12.689775977468788,19.03466396620318,-34.78194254654107,-26.015625,-17.9296875,21.796875,11.513671875,17.841796875,-36.123046875,13.18359375,17.578125,-21.97265625,30.76171875,39.55078125,43.9453125,-16.2,-16.9,15.2,-8.0,-7.1,-8.9
7.440630833007162,7.444536291004624,-23.096437040406695,-15.397624693604463,19.24703086700558,12.763743721765257,19.145615582647885,-34.64465556061004,-25.927734375,-17.841796875,21.708984375,11.6015625,18.017578125,-35.947265625,13.18359375,17.578125,-21.97265625,30.76171875,39.55078125,43.9453125,-16.2,-16.7,15.3,-7.2,-6.4,-7.9
7.444570749998093,7.447579791012686,-22.977506963658403,-15.31833797577227,19.147922469715336,12.858791609634753,19.288187414452132,-34.466260445487606,-25.83984375,-17.841796875,21.62109375,11.689453125,18.10546875,-35.771484375,13.18359375,17.578125,-21.97265625,30.76171875,39.55078125,43.9453125,-16.2,-16.7,15.3,-7.2,-7.2,-8.7
7.447608791000675,7.45057104100124,-22.885199675017276,-15.25679978334485,19.070999729181064,12.93174622280102,19.397619334201533,-34.327799512525914,-25.83984375,-17.75390625,21.533203125,11.865234375,18.28125,-35.595703125,13.18359375,17.578125,-21.97265625,30.76171875,39.55078125,43.9453125,-17.0,-16.7,14.5,-6.4,-6.4,-8.7
7.450602333003189,7.453540665999753,-22.79373464878886,-15.195823099192573,18.994778873990718,13.003344198245518,19.50501629736828,-34.19060197318329,-25.751953125,-17.666015625,21.533203125,11.953125,18.369140625,-35.5078125,13.18359375,17.578125,-21.97265625,30.76171875,39.55078125,43.9453125,-16.9,-16.7,15.3,-6.4,-7.2,-8.0
7.453567457996542,7.456550791015616,-22.702641032772203,-15.135094021848134,18.91886752731017,13.073979078682083,19.610968618023126,-34.0539615491583,-25.576171875,-17.578125,21.4453125,12.041015625,18.45703125,-35.33203125,13.18359375,17.578125,-21.97265625,30.76171875,39.55078125,43.9453125,-16.1,-15.9,15.3,-6.2,-7.2,-7.2
7.456578208017163,7.460582708008587,-22.60964182980273,-15.07309455320182,18.841368191502276,13.1454106284375,19.718115942656247,-33.914462744704096,-25.576171875,-17.578125,21.4453125,12.216796875,18.544921875,-35.244140625,26.3671875,17.578125,-21.97265625,35.15625,35.15625,43.9453125,-16.9,-16.7,16.1,-6.2,-8.0,-7.2
7.460630165995099,7.464589125011116,-22.483682834321122,-14.989121889547414,18.736402361934267,13.241080959660753,19.86162143949113,-33.72552425148168,-25.48828125,-17.490234375,21.357421875,12.3046875,18.720703125,-35.068359375,26.3671875,17.578125,-21.97265625,35.15625,35.15625,43.9453125,-16.9,-16.9,16.1,-5.4,-6.4,-8.0
7.464630750007927,7.4685209580056835,-22.358427249172596,-14.905618166115065,18.63202270764383,13.335012076709214,20.002518115063822,-33.537640873758896,-25.400390625,-17.40234375,21.26953125,12.48046875,18.80859375,-34.892578125,26.3671875,17.578125,-21.97265625,35.15625,35.15625,43.9453125,-17.7,-16.9,16.1,-4.8,-6.4,-8.0
7.468554291001055,7.471554749994539,-22.234726209181627,-14.823150806121085,18.528938507651358,13.426622813611464,20.139934220417196,-33.35208931377244,-25.224609375,-17.314453125,21.181640625,12.568359375,18.896484375,-34.716796875,26.3671875,21.97265625,-17.578125,35.15625,35.15625,43.9453125,-16.8,-16.9,16.1,-4.8,-7.2,-7.2
7.471585833001882,7.474632166005904,-22.138569416052075,-14.75904627736805,18.448807846710064,13.497057197126649,20.245585795689973,-33.20785412407812,-25.224609375,-17.2265625,21.09375,12.568359375,19.072265625,-34.62890625,26.3671875,21.97265625,-17.578125,35.15625,35.15625,43.9453125,-17.6,-16.1,16.1,-5.6,-7.2,-7.9
7.474672290991293,7.478609250014415,-22.0401550316639,-14.693436687775934,18.36679585971992,13.568453054874022,20.352679582311033,-33.06023254749585,-25.13671875,-17.2265625,21.005859375,12.65625,19.16015625,-34.453125,21.97265625,21.97265625,-17.578125,35.15625,35.15625,43.9453125,-17.6,-16.9,16.1,-5.6,-7.2,-8.7
7.478651707991958,7.482643333001761,-21.912503651597184,-14.608335767731456,18.260419709664323,13.660033898099147,20.49005084714872,-32.86875547739577,-25.048828125,-17.138671875,20.91796875,12.65625,19.248046875,-34.27734375,21.97265625,21.97265625,-17.578125,21.97265625,35.15625,43.9453125,-17.6,-16.9,16.1,-5.6,-7.2,-8.7
7.482700583001133,7.486655624990817,-21.781745498822417,-14.52116366588161,18.151454582352013,13.75266540670134,20.62899811005201,-32.672618248233626,-24.873046875,-17.05078125,20.830078125,12.744140625,19.423828125,-34.1015625,21.97265625,21.97265625,-17.578125,21.97265625,35.15625,43.9453125,-17.6,-16.7,16.0,-5.6,-8.0,-9.9
7.486708415992325,7.4905223330133595,-21.65144508040162,-14.434296720267746,18.042870900334684,13.843810103843081,20.76571515576462,-32.47716762060243,-24.78515625,-16.962890625,20.7421875,12.744140625,19.599609375,-33.92578125,21.97265625,21.97265625,-17.578125,21.97265625,35.15625,43.9453125,-17.6,-16.7,16.0,-6.4,-8.0,-9.1
7.4905540000181645,7.493545916018775,-21.525612835861672,-14.350408557241114,17.938010696551395,13.93074923470597,20.896123852058956,-32.288419253792505,-24.697265625,-16.875,20.7421875,12.83203125,19.6875,-33.75,21.97265625,21.97265625,-17.578125,21.97265625,35.15625,43.9453125,-17.7,-16.7,16.8,-6.4,-7.2,-7.8
7.493577790999552,7.496550290990854,-21.426118829900332,-14.284079219933554,17.855099024916946,13.998752831544046,20.99812924731607,-32.1391782448505,-24.609375,-16.787109375,20.654296875,12.919921875,19.86328125,-33.662109375,21.97265625,21.97265625,-17.578125,21.97265625,35.15625,43.9453125,-17.7,-15.9,16.8,-7.4,-6.4,-8.6
7.496587083005579,7.49972683301894,-21.326621984861738,-14.217747989907824,17.772184987384783,14.066116809392419,21.09917521408863,-31.989932977292607,-24.521484375,-16.69921875,20.56640625,12.919921875,19.86328125,-33.486328125,26.3671875,21.97265625,-17.578125,13.18359375,35.15625,43.9453125,-17.7,-15.9,16.8,-7.4,-7.2,-8.6
7.49978650000412,7.503634791006334,-21.220316408709312,-14.146877605806207,17.683597007257763,14.137392051094103,21.206088076641155,-31.830474613063966,-24.43359375,-16.69921875,20.478515625,13.0078125,20.0390625,-33.310546875,26.3671875,21.97265625,-17.578125,13.18359375,35.15625,43.9453125,-17.7,-16.9,16.9,-7.4,-7.1,-9.8
7.503689958015457,7.507549291010946,-21.089892403418478,-14.05992826894565,17.574910336182064,14.22386786609405,21.335801799141077,-31.634838605127715,-24.345703125,-16.611328125,20.390625,13.095703125,20.21484375,-33.046875,26.3671875,21.97265625,-17.578125,13.18359375,35.15625,43.9453125,-18.5,-16.9,16.9,-8.0,-7.1,-9.0
7.507591916015372,7.510564666008577,-20.95872608560965,-13.9724840570731,17.46560507134138,14.30977600365701,21.464664005485517,-31.438089128414475,-24.2578125,-16.5234375,20.302734375,13.18359375,20.302734375,-32.87109375,26.3671875,17.578125,-21.97265625,13.18359375,35.15625,43.9453125,-18.5,-16.9,16.9,-7.2,-7.3,-9.8
7.510595083003864,7.513704707991565,-20.857236632619017,-13.904824421746012,17.381030527182514,14.375529826772148,21.563294740158224,-31.285854948928527,-24.169921875,-16.435546875,20.21484375,13.271484375,20.390625,-32.6953125,26.3671875,17.578125,-21.97265625,13.18359375,35.15625,43.9453125,-18.5,-16.1,16.9,-7.2,-8.1,-9.6
7.513733541010879,7.517599874990992,-20.75067919070298,-13.833786127135319,17.292232658919147,14.443903952487304,21.665855928730956,-31.126018786054466,-24.08203125,-16.435546875,20.21484375,13.271484375,20.478515625,-32.607421875,26.3671875,17.578125,-21.97265625,13.18359375,30.76171875,43.9453125,-18.5,-16.9,17.7,-8.0,-7.3,-10.4
7.51764983299654,7.521587750001345,-20.61700561234943,-13.744670408232952,17.180838010291193,14.528731375073507,21.79309706261026,-30.925508418524146,-23.994140625,-16.34765625,20.126953125,13.359375,20.654296875,-32.34375,26.3671875,17.578125,-21.97265625,21.97265625,30.76171875,52.734375,-19.3,-16.9,17.7,-7.2,-7.2,-8.8
7.521634875010932,7.52554912501364,-20.480184561399383,-13.653456374266256,17.066820467832823,14.614483536410315,21.92172530461547,-30.720276842099075,-23.818359375,-16.259765625,19.951171875,13.447265625,20.830078125,-32.080078125,26.3671875,17.578125,-21.97265625,21.97265625,30.76171875,52.734375,-18.5,-16.8,16.9,-7.2,-7.2,-7.9
7.525589750002837,7.5287569999927655,-20.34360584342057,-13.562403895613713,16.953004869517144,14.699020394986938,22.048530592480407,-30.515408765130854,-23.73046875,-16.171875,19.86328125,13.623046875,20.91796875,-31.904296875,26.3671875,17.578125,-26.3671875,21.97265625,30.76171875,52.734375,-18.5,-16.8,16.9,-6.4,-6.4,-7.9
7.5288312080083415,7.532501500012586,-20.231078774983686,-13.487385849989124,16.859232312486405,14.767884849683558,22.151827274525335,-30.34661816247553,-23.642578125,-16.083984375,19.775390625,13.623046875,21.005859375,-31.81640625,26.3671875,21.97265625,-26.3671875,21.97265625,30.76171875,52.734375,-18.4,-16.8,16.9,-7.2,-6.3,-9.5
7.5325343330041505,7.535547291015973,-20.101883264822323,-13.40125550988155,16.75156938735194,14.846088736056693,22.26913310408504,-30.152824897233486,-23.5546875,-15.99609375,19.6875,13.7109375,21.181640625,-31.640625,26.3671875,21.97265625,-26.3671875,21.97265625,30.76171875,52.734375,-19.2,-16.8,17.7,-8.0,-6.3,-9.6
7.535581000003731,7.5385688329988625,-19.995080234947196,-13.330053489964797,16.662566862455996,14.910052781753569,22.365079172630352,-29.992620352420793,-23.466796875,-15.908203125,19.599609375,13.798828125,21.26953125,-31.46484375,30.76171875,21.97265625,-26.3671875,21.97265625,35.15625,48.33984375,-19.2,-16.8,16.9,-8.0,-6.3,-9.6
7.538596416008659,7.541537957993569,-19.88892180039367,-13.259281200262446,16.574101500328062,14.973024479121337,22.459536718682006,-29.833382700590505,-23.37890625,-15.908203125,19.599609375,13.88671875,21.357421875,-31.2890625,30.76171875,21.97265625,-26.3671875,21.97265625,35.15625,48.33984375,-19.2,-16.8,17.7,-7.2,-7.2,-9.6
7.541570583009161,7.544554457999766,-19.783778434810586,-13.189185623207058,16.486482029008823,15.034805705315524,22.552208557973287,-29.675667652215882,-23.291015625,-15.8203125,19.51171875,13.88671875,21.4453125,-31.11328125,30.76171875,21.97265625,-26.3671875,21.97265625,35.15625,48.33984375,-19.2,-16.9,17.7,-7.2,-7.2,-9.7
7.544589166005608,7.547543958004098,-19.676623360429048,-13.117748906952698,16.397186133690873,15.09717402741789,22.645761041126836,-29.514935040643568,-23.203125,-15.732421875,19.423828125,13.974609375,21.533203125,-30.9375,30.76171875,21.97265625,-26.3671875,21.97265625,35.15625,48.33984375,-19.2,-16.9,17.7,-7.2,-8.0,-9.7
7.547575541015249,7.550517791009042,-19.570176286578572,-13.046784191052382,16.308480238815477,15.158542880900711,22.737814321351067,-29.355264429867855,-23.115234375,-15.732421875,19.3359375,13.974609375,21.62109375,-30.76171875,30.76171875,17.578125,-21.97265625,21.97265625,35.15625,48.33984375,-19.3,-17.7,17.7,-8.0,-7.3,-8.9
7.550542582990602,7.553677499992773,-19.46399184394953,-12.97599456263302,16.219993203291278,15.21918411448256,22.82877617172384,-29.195987765924293,-23.02734375,-15.64453125,19.248046875,14.0625,21.708984375,-30.5859375,30.76171875,17.578125,-21.97265625,21.97265625,35.15625,48.33984375,-19.3,-16.9,17.7,-7.2,-7.3,-8.8
7.553700958000263,7.557551000005333,-19.35049547459995,-12.900330316399966,16.125412895499956,15.28337259009843,22.925058885147646,-29.025743211899922,-22.939453125,-15.556640625,19.16015625,14.150390625,21.796875,-30.41015625,26.3671875,17.578125,-21.97265625,21.97265625,30.76171875,48.33984375,-19.3,-16.9,17.7,-7.2,-7.3,-8.8
7.557570458011469,7.5605254160182085,-19.21079587629633,-12.80719725086422,16.008996563580276,15.3615005314408,23.0422507971612,-28.816193814444492,-22.8515625,-15.46875,19.072265625,14.23828125,21.97265625,-30.234375,26.3671875,17.578125,-21.97265625,21.97265625,30.76171875,57.12890625,-20.1,-16.9,17.7,-8.0,-6.3,-9.6
7.560552125010872,7.563510541018331,-19.10266507534523,-12.735110050230151,15.918887562787692,15.421315508364614,23.13197326254692,-28.653997613017843,-22.67578125,-15.380859375,18.984375,14.326171875,22.060546875,-30.05859375,26.3671875,17.578125,-21.97265625,21.97265625,30.76171875,57.12890625,-19.3,-16.8,17.5,-7.2,-6.3,-8.8
7.563533790991642,7.566575750010088,-18.99411527568146,-12.662743517120973,15.82842939640122,15.48079218320596,23.22118827480894,-28.491172913522192,-22.587890625,-15.380859375,18.984375,14.326171875,22.1484375,-29.8828125,26.3671875,17.578125,-21.97265625,21.97265625,30.76171875,57.12890625,-19.3,-17.6,18.3,-7.2,-6.3,-9.6
7.566600332997041,7.569507790991338,-18.88204090998206,-12.588027273321373,15.73503409165172,15.541607682801583,23.312411524202375,-28.323061364973093,-22.5,-15.29296875,18.896484375,14.4140625,22.236328125,-29.794921875,26.3671875,17.578125,-26.3671875,21.97265625,30.76171875,57.12890625,-19.3,-16.8,18.3,-7.2,-6.3,-9.6
7.569529250002233,7.572503000003053,-18.77458729371633,-12.516391529144219,15.645489411430278,15.599357137047885,23.399035705571826,-28.161880940574495,-22.5,-15.205078125,18.80859375,14.501953125,22.32421875,-29.53125,26.3671875,21.97265625,-26.3671875,21.97265625,30.76171875,57.12890625,-20.1,-16.8,18.3,-7.2,-6.5,-8.7
7.572520207992056,7.575461041007657,-18.66444747541025,-12.442964983606831,15.55370622950854,15.657989092368606,23.486983638552907,-27.996671213115373,-22.32421875,-15.205078125,18.720703125,14.58984375,22.412109375,-29.443359375,26.3671875,21.97265625,-26.3671875,21.97265625,30.76171875,57.12890625,-20.1,-17.6,18.3,-6.4,-6.5,-10.3
7.575477416015929,7.578512416017475,-18.55514543391404,-12.370096955942692,15.462621194928369,15.715619660089043,23.573429490133567,-27.83271815087106,-22.236328125,-15.1171875,18.6328125,14.58984375,22.5,-29.267578125,30.76171875,21.97265625,-26.3671875,21.97265625,30.76171875,52.734375,-20.1,-17.6,18.3,-7.2,-6.5,-9.5
7.578526041004807,7.581586290994892,-18.442045402811164,-12.294696935207444,15.368371169009304,15.774676772327245,23.662015158490867,-27.663068104216748,-22.1484375,-15.029296875,18.544921875,14.677734375,22.587890625,-29.091796875,30.76171875,21.97265625,-26.3671875,21.97265625,30.76171875,52.734375,-20.1,-16.8,18.3,-7.2,-6.3,-9.5
7.581599416007521,7.584620833018562,-18.327599103507165,-12.21839940233811,15.272999252922636,15.833847165011532,23.750770747517297,-27.491398655260745,-22.060546875,-14.94140625,18.45703125,14.765625,22.67578125,-28.916015625,30.76171875,21.97265625,-26.3671875,21.97265625,30.76171875,52.734375,-20.1,-16.8,18.5,-6.4,-6.3,-9.7
7.584640624991152,7.5885504159959964,-18.213930129937978,-12.142620086625318,15.178275108281646,15.892035031168392,23.83805254675259,-27.320895194906964,-21.97265625,-14.853515625,18.45703125,14.765625,22.763671875,-28.740234375,30.76171875,21.97265625,-26.3671875,21.97265625,30.76171875,52.734375,-20.1,-16.8,19.3,-7.2,-6.3,-9.7
7.588565040990943,7.5915346660185605,-18.066636312698705,-12.044424208465802,15.055530260582255,15.96658527946796,23.94987791920194,-27.099954469048058,-21.884765625,-14.853515625,18.369140625,14.853515625,22.8515625,-28.564453125,30.76171875,21.97265625,-26.3671875,21.97265625,30.76171875,52.734375,-20.8,-17.6,19.3,-7.2,-7.2,-8.9
7.591550458018901,7.5944569160055835,-17.954125546987466,-11.969417031324978,14.961771289156225,16.022891621995935,24.0343374329939,-26.9311883204812,-21.796875,-14.765625,18.28125,14.94140625,22.939453125,-28.388671875,30.76171875,21.97265625,-26.3671875,21.97265625,30.76171875,52.734375,-20.8,-17.6,19.3,-7.2,-6.4,-7.9
7.594470415991964,7.597545249998802,-17.84369976308038,-11.895799842053588,14.869749802566986,16.077622526909813,24.116433790364717,-26.76554964462057,-21.708984375,-14.677734375,18.193359375,15.029296875,23.02734375,-28.212890625,30.76171875,21.97265625,-26.3671875,21.97265625,30.76171875,52.734375,-20.8,-17.6,19.3,-6.4,-6.4,-7.1
7.597561583010247,7.600607125001261,-17.726390268702534,-11.817593512468356,14.771991890585449,16.135193942871147,24.202790914306725,-26.589585403053803,-21.62109375,-14.677734375,18.10546875,15.1171875,23.115234375,-28.037109375,30.76171875,21.97265625,-26.3671875,17.578125,30.76171875,57.12890625,-20.8,-17.6,19.3,-6.4,-6.4,-7.9
7.6006215829984285,7.603721207997296,-17.609851919896762,-11.739901279931175,14.674876599913969,16.191810211877804,24.287715317816705,-26.414777879845143,-21.4453125,-14.58984375,18.017578125,15.205078125,23.203125,-27.94921875,30.76171875,21.97265625,-26.3671875,17.578125,30.76171875,57.12890625,-20.0,-18.4,19.3,-6.4,-6.4,-8.7
7.603734583011828,7.6074504159914795,-17.490877627264265,-11.660585084842843,14.575731356053556,16.24902321615489,24.373534824232333,-26.236316440896395,-21.357421875,-14.501953125,17.9296875,15.205078125,23.291015625,-27.7734375,30.76171875,21.97265625,-26.3671875,17.578125,30.76171875,57.12890625,-20.0,-17.6,19.3,-6.4,-6.4,-9.5
7.607463374995859,7.61053558299318,-17.347818415188577,-11.565212276792385,14.45651534599048,16.317042164336364,24.475563246504546,-26.021727622782866,-21.26953125,-14.4140625,17.841796875,15.29296875,23.37890625,-27.59765625,30.76171875,21.97265625,-26.3671875,17.578125,30.76171875,57.12890625,-20.9,-17.6,19.3,-6.4,-7.3,-10.3
7.610548124997877,7.61360962499748,-17.229018541222256,-11.486012360814836,14.357515451018548,16.372889789136455,24.55933468370468,-25.843527811833383,-21.181640625,-14.326171875,17.75390625,15.29296875,23.466796875,-27.421875,30.76171875,21.97265625,-26.3671875,17.578125,30.76171875,57.12890625,-20.9,-17.6,19.3,-7.2,-6.5,-10.7
7.613624290999724,7.616729208006291,-17.110146419135933,-11.406764279423955,14.258455349279947,16.428199191440847,24.64229878716127,-25.6652196287039,-21.09375,-14.23828125,17.666015625,15.380859375,23.5546875,-27.333984375,30.76171875,21.97265625,-26.3671875,17.578125,26.3671875,57.12890625,-21.7,-17.6,20.1,-6.4,-6.5,-11.5
7.61674679099815,7.620523416000651,-16.989075262093756,-11.32605017472917,14.157562718411462,16.4839493884056,24.725924082608397,-25.48361289314063,-21.005859375,-14.150390625,17.578125,15.46875,23.642578125,-27.158203125,30.76171875,21.97265625,-26.3671875,21.97265625,26.3671875,48.33984375,-21.7,-17.6,20.1,-6.4,-6.5,-11.5
7.620537540991791,7.623565165995387,-16.841544530335227,-11.227696353556817,14.034620441946025,16.551097685420352,24.826646528130524,-25.26231679550284,-20.830078125,-14.150390625,17.490234375,15.556640625,23.818359375,-26.89453125,30.76171875,21.97265625,-26.3671875,21.97265625,26.3671875,48.33984375,-20.9,-18.4,20.1,-6.4,-5.6,-10.4
7.623581291001756,7.6265995830181055,-16.722653531142363,-11.148435687428242,13.935544609285305,16.60458917658839,24.906883764882586,-25.083980296713545,-20.7421875,-14.0625,17.40234375,15.64453125,23.90625,-26.71875,30.76171875,21.97265625,-26.3671875,21.97265625,26.3671875,48.33984375,-20.9,-18.4,20.1,-5.6,-5.6,-10.4
7.6266148750146385,7.629637916019419,-16.603779270014734,-11.069186180009822,13.836482725012281,16.657524345240486,24.98628651786073,-24.9056689050221,-20.654296875,-13.974609375,17.2265625,15.64453125,23.994140625,-26.54296875,30.76171875,21.97265625,-26.3671875,21.97265625,26.3671875,48.33984375,-21.7,-18.4,19.3,-6.4,-5.6,-11.2
7.629652083007386,7.633561833004933,-16.48438531015558,-10.989590206770387,13.736987758462984,16.710143838018162,25.065215757027246,-24.72657796523337,-20.56640625,-13.88671875,17.2265625,15.732421875,24.08203125,-26.279296875,30.76171875,21.97265625,-26.3671875,21.97265625,26.3671875,48.33984375,-21.6,-17.6,20.1,-6.4,-5.5,-10.4
7.633575790998293,7.636635416012723,-16.32958759463103,-10.886391729754019,13.607989662192526,16.777558675395632,25.166338013093448,-24.494381391946543,-20.390625,-13.798828125,17.138671875,15.8203125,24.169921875,-26.103515625,35.15625,21.97265625,-26.3671875,21.97265625,30.76171875,48.33984375,-21.6,-18.4,20.1,-5.6,-5.5,-11.2
7.636649166001007,7.640528791001998,-16.207903601676353,-10.805269067784236,13.506586334730294,16.82991860862034,25.24487791293051,-24.31185540251453,-20.302734375,-13.7109375,16.962890625,15.8203125,24.169921875,-25.927734375,35.15625,21.97265625,-26.3671875,17.578125,30.76171875,57.12890625,-21.6,-17.6,19.3,-6.4,-6.3,-10.4
7.640544833004242,7.64357420799206,-16.05312014082089,-10.702080093880594,13.377600117350747,16.895723768580165,25.343585652870246,-24.079680211231338,-20.126953125,-13.623046875,16.875,15.908203125,24.2578125,-25.6640625,35.15625,21.97265625,-26.3671875,17.578125,30.76171875,57.12890625,-20.8,-17.6,19.9,-5.6,-6.4,-8.7
7.643591875006678,7.6466485830023885,-15.93163517028345,-10.6210901135223,13.276362641902875,16.946753222975744,25.42012983446362,-23.897452755425174,-20.0390625,-13.53515625,16.787109375,15.908203125,24.345703125,-25.48828125,35.15625,21.97265625,-26.3671875,17.578125,30.76171875,57.12890625,-21.6,-17.6,19.9,-6.4,-6.4,-8.7
7.646665708016371,7.650487000006251,-15.808712259066022,-10.539141506044015,13.17392688255502,16.997837989449724,25.49675698417459,-23.71306838859903,-19.951171875,-13.53515625,16.69921875,15.99609375,24.43359375,-25.3125,35.15625,21.97265625,-30.76171875,17.578125,30.76171875,57.12890625,-21.7,-18.4,19.9,-6.4,-6.4,-8.7
7.650509125000099,7.653520958003355,-15.65449543050412,-10.436330287002747,13.045412858753435,17.06115500605364,25.591732509080458,-23.48174314575618,-19.86328125,-13.447265625,16.611328125,16.083984375,24.521484375,-25.048828125,35.15625,21.97265625,-30.76171875,17.578125,30.76171875,57.12890625,-21.7,-18.4,19.9,-5.6,-6.4,-8.8
7.653544375003548,7.6565163749910425,-15.532302740547552,-10.354868493698369,12.943585617122963,17.110718818279167,25.666078227418755,-23.29845411082133,-19.6875,-13.359375,16.5234375,16.083984375,24.609375,-24.9609375,35.15625,21.97265625,-30.76171875,17.578125,21.97265625,57.12890625,-21.7,-18.4,19.9,-6.4,-6.4,-10.4
7.656532416003756,7.659510791010689,-15.41166569249916,-10.274443794999438,12.843054743749303,17.159131816714897,25.73869772507235,-23.117498538748738,-19.599609375,-13.271484375,16.435546875,16.171875,24.697265625,-24.78515625,35.15625,21.97265625,-30.76171875,13.18359375,21.97265625,57.12890625,-21.7,-18.4,19.9,-6.4,-6.4,-10.4
7.659525750001194,7.662494082993362,-15.290474530560047,-10.193649687040033,12.742062108800042,17.207251554443804,25.810877331665704,-22.93571179584007,-19.51171875,-13.18359375,16.34765625,16.171875,24.78515625,-24.609375,35.15625,21.97265625,-30.76171875,13.18359375,21.97265625,57.12890625,-21.7,-18.5,20.1,-6.4,-6.4,-11.4
7.662509832996875,7.6655917080061045,-15.169321435107575,-10.112880956738383,12.641101195922982,17.254843921485875,25.882265882228815,-22.753982152661365,-19.423828125,-13.095703125,16.259765625,16.259765625,24.873046875,-24.43359375,35.15625,21.97265625,-30.76171875,13.18359375,21.97265625,57.12890625,-21.7,-18.5,20.1,-6.4,-6.4,-11.4
7.665606249996927,7.668743624992203,-15.04325529018538,-10.028836860123587,12.536046075154486,17.303827068976,25.955740603463994,-22.56488293527807,-19.248046875,-13.0078125,16.171875,16.259765625,24.9609375,-24.2578125,35.15625,21.97265625,-26.3671875,13.18359375,21.97265625,57.12890625,-21.7,-18.5,20.9,-6.4,-5.6,-11.4
7.668759833002696,7.672519415995339,-14.914495940148498,-9.942997293432331,12.428746616790418,17.353293774462454,26.02994066169368,-22.371743910222747,-19.16015625,-12.919921875,15.99609375,16.34765625,25.048828125,-24.08203125,35.15625,26.3671875,-26.3671875,13.18359375,21.97265625,57.12890625,-21.6,-18.5,20.1,-6.4,-5.6,-12.1
7.672534165991237,7.675502708007116,-14.759910798117414,-9.839940532078275,12.299925665097847,17.411937581015017,26.117906371522526,-22.13986619717612,-18.984375,-12.83203125,15.908203125,16.435546875,25.13671875,-23.818359375,35.15625,26.3671875,-26.3671875,13.18359375,21.97265625,57.12890625,-21.6,-18.5,20.1,-5.6,-5.6,-10.5
7.6755170410033315,7.678557416016702,-14.637374062115185,-9.758249374743457,12.197811718429325,17.457851217727768,26.18677682659165,-21.956061093172778,-18.896484375,-12.744140625,15.8203125,16.435546875,25.13671875,-23.642578125,35.15625,26.3671875,-26.3671875,17.578125,26.3671875,61.5234375,-21.6,-18.5,20.1,-6.4,-6.4,-10.5
7.678571374999592,7.681605374993524,-14.511568822670352,-9.674379215113568,12.092974018891962,17.50446762407182,26.25670143610773,-21.767353234005526,-18.80859375,-12.744140625,15.8203125,16.5234375,25.224609375,-23.466796875,35.15625,26.3671875,-26.3671875,17.578125,26.3671875,61.5234375,-21.6,-19.3,20.9,-6.4,-6.4,-10.5
7.681619500013767,7.685540250007762,-14.38568631078256,-9.590457540521708,11.988071925652138,17.550587573168322,26.325881359752483,-21.57852946617384,-18.6328125,-12.568359375,15.64453125,16.5234375,25.400390625,-23.203125,35.15625,26.3671875,-26.3671875,17.578125,26.3671875,61.5234375,-21.6,-17.7,20.9,-6.4,-5.6,-10.3
7.685554833005881,7.688661708001746,-14.222676251087034,-9.481784167391357,11.852230209239197,17.609536308574583,26.414304462861878,-21.334014376630552,-18.544921875,-12.48046875,15.556640625,16.611328125,25.48828125,-22.939453125,35.15625,26.3671875,-30.76171875,17.578125,26.3671875,61.5234375,-22.4,-18.5,20.9,-6.4,-5.6,-9.5
7.688679750019219,7.692552541004261,-14.09284795784498,-9.395231971896653,11.744039964870819,17.655866339385643,26.483799509078462,-21.139271936767468,-18.369140625,-12.392578125,15.46875,16.69921875,25.48828125,-22.763671875,35.15625,26.3671875,-30.76171875,17.578125,26.3671875,61.5234375,-21.6,-18.5,20.9,-5.6,-6.4,-9.4
7.692570000013802,7.695586082991213,-13.930748892162802,-9.287165928108536,11.608957410135671,17.712948625900204,26.569422938850302,-20.896123338244205,-18.28125,-12.3046875,15.29296875,16.787109375,25.6640625,-22.5,35.15625,26.3671875,-30.76171875,17.578125,26.3671875,61.5234375,-22.4,-18.5,20.9,-5.6,-4.8,-9.4
7.69560283300234,7.698658500012243,-13.804015544043171,-9.202677029362114,11.503346286702646,17.756991172303117,26.63548675845468,-20.70602331606476,-18.193359375,-12.216796875,15.205078125,16.787109375,25.751953125,-22.32421875,35.15625,26.3671875,-30.76171875,17.578125,26.3671875,61.5234375,-22.4,-18.5,20.9,-6.4,-4.8,-10.2
7.698676166008227,7.702584040991496,-13.675270240455069,-9.116846826970045,11.396058533712559,17.801210743473778,26.701816115210665,-20.512905360682602,-18.10546875,-12.216796875,15.1171875,16.875,25.751953125,-22.1484375,35.15625,26.3671875,-30.76171875,17.578125,26.3671875,61.5234375,-22.4,-18.3,20.8,-5.6,-5.4,-10.5
7.702603915997315,7.706533791002585,-13.510268942701327,-9.006845961800884,11.25855745225111,17.85711975152743,26.785679627291145,-20.26540341405199,-17.9296875,-12.041015625,15.029296875,16.962890625,25.83984375,-21.884765625,35.15625,26.3671875,-30.76171875,17.578125,26.3671875,61.5234375,-22.4,-18.3,20.8,-5.6,-5.4,-11.3
7.706550458009588,7.7095251659920905,-13.343960253565829,-8.895973502377219,11.119966877971526,17.912611631054876,26.868917446582312,-20.01594038034874,-17.75390625,-11.953125,14.853515625,16.962890625,25.927734375,-21.62109375,35.15625,26.3671875,-30.76171875,17.578125,26.3671875,61.5234375,-22.5,-18.3,20.8,-5.6,-6.6,-10.5
7.709540500014555,7.712562125001568,-13.217617030345531,-8.81174468689702,11.01468085862128,17.95419604362563,26.93129406543844,-19.826425545518298,-17.666015625,-11.865234375,14.765625,17.05078125,26.015625,-21.4453125,35.15625,26.3671875,-30.76171875,17.578125,26.3671875,61.5234375,-22.5,-18.3,20.8,-5.6,-5.8,-9.6
7.712576791003812,7.715602583019063,-13.089021214123182,-8.726014142748788,10.907517678435989,17.99601837019923,26.994027555298842,-19.633531821184775,-17.578125,-11.77734375,14.677734375,17.05078125,26.103515625,-21.26953125,35.15625,26.3671875,-30.76171875,17.578125,21.97265625,61.5234375,-22.5,-18.3,20.8,-5.6,-5.0,-10.4
7.7156172080140095,7.719549958012067,-12.95995230593967,-8.639968203959778,10.799960254949728,18.037487337059005,27.056231005588508,-19.439928458909502,-17.490234375,-11.77734375,14.58984375,17.05078125,26.103515625,-21.09375,35.15625,26.3671875,-30.76171875,13.18359375,21.97265625,61.5234375,-23.3,-19.1,20.8,-6.4,-5.8,-11.2
7.719573415990453,7.722575124993455,-12.791564980869353,-8.527709987246237,10.659637484057798,18.090830892289627,27.136246338434443,-19.18734747130403,-17.314453125,-11.689453125,14.501953125,17.138671875,26.19140625,-20.830078125,35.15625,26.3671875,-30.76171875,13.18359375,21.97265625,61.5234375,-23.3,-19.3,21.6,-5.6,-6.3,-11.3
7.722589333017822,7.7255490829993505,-12.662866902513686,-8.441911268342459,10.552389085428075,18.131026836266958,27.196540254400436,-18.99430035377053,-17.2265625,-11.6015625,14.4140625,17.2265625,26.19140625,-20.654296875,35.15625,26.3671875,-30.76171875,13.18359375,21.97265625,61.5234375,-23.3,-19.3,21.6,-5.6,-6.3,-11.3
7.7255631659936626,7.728538333001779,-12.53568639171748,-8.357124261144987,10.446405326431236,18.17026345664206,27.25539518496309,-18.80352958757622,-17.138671875,-11.513671875,14.326171875,17.2265625,26.279296875,-20.478515625,35.15625,26.3671875,-30.76171875,13.18359375,21.97265625,61.5234375,-23.3,-19.3,21.6,-5.6,-5.5,-12.1
7.728555208013859,7.731664416001877,-12.407451091941917,-8.27163406129461,10.339542576618268,18.20934018453252,27.31401027679878,-18.611176637912877,-17.05078125,-11.42578125,14.150390625,17.314453125,26.3671875,-20.21484375,35.15625,26.3671875,-30.76171875,13.18359375,21.97265625,61.5234375,-24.1,-19.3,20.8,-5.6,-5.7,-10.3
7.731684124999447,7.735546583018731,-12.273056382861942,-8.182037588574628,10.227546985718288,18.249774269813635,27.374661404720456,-18.40958457429291,-16.875,-11.337890625,14.150390625,17.314453125,26.455078125,-20.0390625,35.15625,26.3671875,-30.76171875,13.18359375,21.97265625,61.5234375,-23.3,-19.3,21.6,-5.6,-5.7,-11.1
7.735564708011225,7.738747916009743,-12.10596426784499,-8.070642845229994,10.088303556537495,18.299309387644602,27.448964081466904,-18.158946401767487,-16.69921875,-11.25,13.974609375,17.40234375,26.455078125,-19.775390625,35.15625,26.3671875,-30.76171875,17.578125,17.578125,65.91796875,-23.3,-19.3,21.6,-5.6,-5.7,-10.3
7.738765457994305,7.742550583003322,-11.967805963039943,-7.978537308693295,9.973171635866622,18.33965491534094,27.509482373011412,-17.951708944559915,-16.611328125,-11.162109375,13.88671875,17.40234375,26.54296875,-19.599609375,35.15625,26.3671875,-30.76171875,17.578125,17.578125,65.91796875,-23.3,-19.2,21.7,-5.6,-5.5,-10.4
7.7425677080173045,7.745585583004868,-11.803291441617453,-7.868860961078302,9.83607620134788,18.38697982745448,27.580469741181716,-17.70493716242618,-16.435546875,-11.07421875,13.7109375,17.490234375,26.630859375,-19.3359375,35.15625,26.3671875,-30.76171875,17.578125,17.578125,65.91796875,-23.3,-19.2,20.9,-5.6,-6.3,-11.2
7.745602500013774,7.748664750019088,-11.671680621070873,-7.781120414047249,9.726400517559064,18.42428194264561,27.636422913968417,-17.50752093160631,-16.34765625,-10.986328125,13.623046875,17.578125,26.71875,-19.16015625,35.15625,26.3671875,-30.76171875,17.578125,17.578125,65.91796875,-23.3,-19.2,21.7,-4.8,-5.5,-11.2
7.748682041012216,7.752537332999054,-11.537858041021781,-7.691905360681188,9.614881700851488,18.46170609457111,27.692559141856663,-17.306787061532674,-16.259765625,-10.8984375,13.53515625,17.578125,26.71875,-18.896484375,35.15625,26.3671875,-30.76171875,17.578125,17.578125,65.91796875,-24.1,-19.2,21.7,-5.6,-5.6,-10.4
7.752554708014941,7.75573775000521,-11.369187026062713,-7.579458017375142,9.47432252171893,18.508155396009826,27.76223309401474,-17.05378053909407,-16.171875,-10.72265625,13.447265625,17.578125,26.806640625,-18.6328125,35.15625,26.3671875,-30.76171875,17.578125,17.578125,65.91796875,-24.9,-18.4,21.7,-5.6,-6.4,-9.6
7.755754625017289,7.759550082992064,-11.229499408779132,-7.486332939186088,9.357916173982613,18.54601895619805,27.819028434297074,-16.844249113168697,-15.99609375,-10.72265625,13.271484375,17.666015625,26.89453125,-18.45703125,35.15625,26.3671875,-30.76171875,13.18359375,17.578125,65.91796875,-24.1,-19.2,20.9,-5.6,-5.6,-8.8
7.759571916016284,7.76362524999422,-11.062490447082803,-7.374993631388536,9.218742039235671,18.590574733906923,27.885862100860386,-16.593735670624206,-15.8203125,-10.546875,13.18359375,17.666015625,26.982421875,-18.28125,35.15625,26.3671875,-30.76171875,13.18359375,17.578125,65.91796875,-24.1,-18.4,21.7,-5.6,-5.7,-8.6
7.763659874995938,7.767637333017774,-10.883198697404232,-7.255465798269488,9.069332247836863,18.637548552589788,27.95632282888468,-16.32479804610635,-15.732421875,-10.458984375,13.095703125,17.75390625,27.0703125,-18.017578125,35.15625,26.3671875,-30.76171875,13.18359375,17.578125,65.91796875,-24.9,-19.2,22.5,-5.6,-4.9,-9.4
7.767670416011242,7.771575541002676,-10.706866251864119,-7.137910834576079,8.922388543220102,18.68288599006164,28.024328985092456,-16.060299377796177,-15.556640625,-10.37109375,12.919921875,17.75390625,27.158203125,-17.75390625,35.15625,26.3671875,-35.15625,13.18359375,17.578125,65.91796875,-24.0,-19.2,21.7,-5.6,-5.5,-10.2
7.77159970800858,7.774533249990782,-10.533693961937072,-7.022462641291382,8.77807830161423,18.726585872808393,28.08987880921259,-15.800540942905608,-15.380859375,-10.283203125,12.744140625,17.841796875,27.158203125,-17.578125,35.15625,26.3671875,-35.15625,13.18359375,17.578125,65.91796875,-24.0,-19.2,21.7,-5.6,-5.5,-11.5
7.774561958009144,7.777516708010808,-10.402875625849896,-6.935250417233264,8.669063021541582,18.759059188836357,28.138588783254537,-15.604313438774843,-15.29296875,-10.1953125,12.744140625,17.9296875,27.24609375,-17.40234375,39.55078125,26.3671875,-35.15625,13.18359375,21.97265625,57.12890625,-24.8,-19.2,22.5,-4.8,-5.5,-11.5
7.777545332995942,7.780474375002086,-10.270896728801848,-6.847264485867899,8.559080607334876,18.791353571804564,28.18703035770685,-15.406345093202772,-15.205078125,-10.107421875,12.568359375,17.9296875,27.333984375,-17.2265625,39.55078125,26.3671875,-35.15625,13.18359375,21.97265625,57.12890625,-24.8,-19.2,21.7,-4.8,-4.7,-12.3
7.78049900001497,7.783469874993898,-10.140009844350619,-6.760006562900412,8.450008203625519,18.822919839109534,28.234379758664303,-15.210014766525928,-15.1171875,-10.01953125,12.48046875,17.9296875,27.333984375,-16.962890625,39.55078125,26.3671875,-35.15625,13.18359375,21.97265625,57.12890625,-25.6,-19.2,21.5,-5.6,-5.5,-12.1
7.783517208008561,7.7875352909904905,-10.006037474654525,-6.670691649769683,8.338364562212107,18.854757301903756,28.282135952855633,-15.009056211981788,-14.94140625,-9.931640625,12.392578125,18.017578125,27.421875,-16.787109375,39.55078125,26.3671875,-35.15625,13.18359375,21.97265625,57.12890625,-24.8,-19.2,21.5,-4.8,-4.7,-12.1
7.787563624995528,7.790588791016489,-9.826072566162974,-6.5507150441086495,8.188393805135814,18.896775714679176,28.345163572018762,-14.739108849244461,-14.765625,-9.84375,12.3046875,18.017578125,27.509765625,-16.5234375,39.55078125,26.3671875,-30.76171875,13.18359375,21.97265625,57.12890625,-24.9,-19.2,22.3,-5.6,-4.9,-12.1
7.790619750012411,7.794457915995736,-9.68988749313192,-6.4599249954212805,8.074906244276603,18.92800488835343,28.39200733253015,-14.53483123969788,-14.677734375,-9.755859375,12.12890625,18.10546875,27.509765625,-16.34765625,39.55078125,26.3671875,-30.76171875,13.18359375,21.97265625,57.12890625,-24.9,-19.2,21.5,-4.8,-5.7,-11.9
7.794494375004433,7.79751900001429,-9.516908331089626,-6.344605554059751,7.930756942574691,18.966970774570044,28.450456161855065,-14.275362496634438,-14.501953125,-9.66796875,12.041015625,18.193359375,27.59765625,-15.99609375,39.55078125,26.3671875,-30.76171875,13.18359375,17.578125,70.3125,-24.9,-19.2,22.3,-4.0,-4.9,-11.1
7.797549665992847,7.800479249999626,-9.380258692085421,-6.253505794723614,7.81688224340452,18.997201511679506,28.49580226751926,-14.070388038128131,-14.4140625,-9.580078125,11.953125,18.193359375,27.59765625,-15.8203125,39.55078125,26.3671875,-30.76171875,13.18359375,17.578125,70.3125,-25.7,-19.2,22.3,-4.8,-5.6,-11.9
7.800513791007688,7.803469250007765,-9.24747999510575,-6.164986663403833,7.706233329254794,19.02611204213969,28.539168063209534,-13.871219992658624,-14.23828125,-9.4921875,11.865234375,18.193359375,27.685546875,-15.64453125,39.55078125,26.3671875,-30.76171875,13.18359375,17.578125,70.3125,-24.9,-19.2,22.4,-4.8,-4.8,-12.1
7.80349670801661,7.806506458000513,-9.113657129110235,-6.0757714194068235,7.594714274258532,19.054789467719637,28.582184201579455,-13.670485693665352,-14.150390625,-9.404296875,11.689453125,18.193359375,27.685546875,-15.380859375,39.55078125,26.3671875,-30.76171875,13.18359375,17.578125,70.3125,-25.7,-19.2,21.6,-4.8,-5.6,-12.1
7.806534833012847,7.809558665991062,-8.977151807229543,-5.984767871486362,7.480959839357955,19.083567630933807,28.625351446400714,-13.465727710844314,-13.974609375,-9.31640625,11.6015625,18.28125,27.7734375,-15.205078125,39.55078125,26.3671875,-35.15625,13.18359375,17.578125,70.3125,-24.8,-19.2,22.4,-4.8,-4.7,-11.3
7.809590958000626,7.812611708010081,-8.839631466578204,-5.89308764438547,7.36635955548184,19.11207780477024,28.668116707155363,-13.259447199867306,-13.88671875,-9.228515625,11.513671875,18.28125,27.7734375,-15.029296875,39.55078125,26.3671875,-35.15625,13.18359375,17.578125,70.3125,-24.8,-19.2,22.4,-4.8,-5.5,-11.1
7.812632125016535,7.81649629099411,-8.702581985410895,-5.8017213236072624,7.252151654509081,19.14001122474072,28.71001683711108,-13.053872978116342,-13.798828125,-9.140625,11.42578125,18.28125,27.861328125,-14.765625,39.55078125,26.3671875,-35.15625,13.18359375,13.18359375,70.3125,-25.6,-19.2,22.4,-4.8,-4.7,-11.1
7.816513958008727,7.8194873750035185,-8.527359979394928,-5.684906652929952,7.106133316162443,19.17503158660952,28.762547379914277,-12.791039969092392,-13.623046875,-9.052734375,11.337890625,18.369140625,27.94921875,-14.501953125,39.55078125,26.3671875,-35.15625,0.0,13.18359375,70.3125,-25.6,-20.0,23.2,-4.8,-4.8,-10.3
7.819510125002125,7.8225115410168655,-8.39189890352326,-5.594599269015506,6.993249086269386,19.201574389073702,28.802361583610555,-12.58784835528489,-13.53515625,-8.96484375,11.162109375,18.369140625,27.94921875,-14.326171875,39.55078125,26.3671875,-35.15625,0.0,13.18359375,70.3125,-25.6,-20.0,22.5,-4.8,-4.8,-11.1
7.822546790994238,7.825575333001325,-8.254417157566635,-5.50294477171109,6.878680964638866,19.228041991827915,28.84206298774187,-12.381625736349953,-13.359375,-8.7890625,11.07421875,18.369140625,27.94921875,-14.150390625,39.55078125,26.3671875,-35.15625,0.0,13.18359375,70.3125,-25.6,-18.4,22.5,-4.8,-5.6,-11.1
7.825608332990669,7.829447333002463,-8.115619061883393,-5.410412707922262,6.763015884902831,19.254283531982,28.881425297973003,-12.17342859282509,-13.271484375,-8.701171875,10.8984375,18.369140625,28.037109375,-13.88671875,39.55078125,30.76171875,-35.15625,0.0,13.18359375,70.3125,-25.6,-19.2,22.5,-5.6,-4.8,-11.1
7.829488624993246,7.832449250010541,-7.939432827419347,-5.292955218279564,6.61619402284946,19.286902941044918,28.93035441156738,-11.90914924112902,-13.095703125,-8.61328125,10.8984375,18.45703125,28.037109375,-13.623046875,39.55078125,30.76171875,-35.15625,0.0,13.18359375,70.3125,-25.8,-19.2,23.3,-4.8,-5.6,-10.5
7.832475583010819,7.835440750000998,-7.803607528997165,-5.202405019331443,6.503006274164306,19.311524590638488,28.96728688595773,-11.705411293495747,-13.0078125,-8.525390625,10.72265625,18.45703125,28.125,-13.447265625,39.55078125,30.76171875,-35.15625,0.0,13.18359375,70.3125,-26.6,-19.2,22.5,-4.8,-4.8,-11.3
7.835462540999288,7.838484625011915,-7.66761044398396,-5.111740295989307,6.389675369986637,19.335721117826434,29.00358167673965,-11.501415665975939,-12.83203125,-8.4375,10.634765625,18.544921875,28.125,-13.271484375,39.55078125,30.76171875,-35.15625,13.18359375,13.18359375,65.91796875,-25.8,-19.2,22.5,-4.8,-5.6,-11.3
7.838511790992925,7.841463082993869,-7.528603095940638,-5.019068730627092,6.273835913283868,19.359983188971043,29.03997478345656,-11.292904643910957,-12.744140625,-8.349609375,10.546875,18.544921875,28.212890625,-13.095703125,39.55078125,30.76171875,-35.15625,13.18359375,13.18359375,65.91796875,-25.8,-19.2,23.3,-4.8,-4.9,-12.1
7.841493083018577,7.844552791008027,-7.392526763757325,-4.928351175838216,6.160438969797774,19.383275127996665,29.074912691994996,-11.088790145635986,-12.568359375,-8.26171875,10.458984375,18.544921875,28.212890625,-12.919921875,39.55078125,30.76171875,-35.15625,13.18359375,13.18359375,65.91796875,-25.8,-19.2,23.3,-4.8,-4.9,-12.1
7.844592958019348,7.847501750016818,-7.250866019695296,-4.833910679796864,6.0423883497460835,19.40704273040449,29.110564095606737,-10.876299029542944,-12.392578125,-8.173828125,10.283203125,18.6328125,28.30078125,-12.65625,39.55078125,30.76171875,-30.76171875,13.18359375,13.18359375,65.91796875,-25.0,-19.2,23.3,-4.8,-4.9,-11.3
7.847548874997301,7.850494083017111,-7.115623818207121,-4.743749212138081,5.9296865151726035,19.42927799513763,29.143916992706444,-10.673435727310682,-12.3046875,-8.0859375,10.1953125,18.6328125,28.30078125,-12.48046875,39.55078125,26.3671875,-30.76171875,13.18359375,13.18359375,65.91796875,-25.5,-19.2,23.3,-4.8,-4.7,-11.3
7.850519208004698,7.853491999994731,-6.979567516300373,-4.653045010866916,5.816306263583647,19.451199760602083,29.176799640903123,-10.46935127445056,-12.216796875,-7.998046875,10.107421875,18.6328125,28.388671875,-12.3046875,39.55078125,26.3671875,-30.76171875,13.18359375,13.18359375,65.91796875,-25.5,-19.2,23.3,-4.8,-4.7,-11.2
7.853520041011507,7.856540083012078,-6.841959879944504,-4.561306586629669,5.70163323328709,19.472916633693288,29.209374950539935,-10.262939819916756,-12.041015625,-7.91015625,9.931640625,18.720703125,28.388671875,-12.12890625,43.9453125,26.3671875,-30.76171875,13.18359375,13.18359375,65.91796875,-25.5,-19.2,22.5,-4.0,-4.7,-12.0
7.856571458018152,7.859511250018841,-6.701876770801201,-4.467917847200801,5.584897309001004,19.494555909552403,29.24183386432861,-10.052815156201802,-11.865234375,-7.822265625,9.84375,18.720703125,28.4765625,-11.953125,43.9453125,26.3671875,-30.76171875,8.7890625,13.18359375,61.5234375,-25.5,-19.2,23.3,-4.8,-4.0,-12.0
7.859544041013578,7.862560500012478,-6.565264656658848,-4.3768431044392315,5.471053880549043,19.51520546750976,29.272808201264635,-9.847896984988273,-11.77734375,-7.734375,9.755859375,18.720703125,28.4765625,-11.6015625,43.9453125,26.3671875,-30.76171875,8.7890625,13.18359375,61.5234375,-25.5,-19.2,23.2,-4.8,-4.8,-12.0
7.8625912080169655,7.865535249991808,-6.425076311461778,-4.283384207641186,5.354230259551485,19.535931504019207,29.303897256028808,-9.637614467192668,-11.6015625,-7.646484375,9.66796875,18.80859375,28.4765625,-11.42578125,43.9453125,26.3671875,-30.76171875,8.7890625,13.18359375,61.5234375,-25.5,-19.2,23.2,-4.0,-4.8,-12.0
7.865562916005729,7.868500875018071,-6.288217739603405,-4.1921451597356025,5.240181449669507,19.555713205089333,29.333569807634,-9.432326609405107,-11.513671875,-7.55859375,9.580078125,18.80859375,28.564453125,-11.25,43.9453125,30.76171875,-39.55078125,8.7890625,13.18359375,61.5234375,-25.6,-19.2,23.2,-4.0,-3.9,-12.0
7.868528291000985,7.871504208014812,-6.151514243634358,-4.101009495756238,5.1262618696953,19.57502799782716,29.362541996740738,-9.227271365451536,-11.42578125,-7.470703125,9.4921875,18.80859375,28.564453125,-11.07421875,43.9453125,30.76171875,-39.55078125,8.7890625,13.18359375,61.5234375,-26.4,-19.2,24.0,-4.8,-4.7,-12.0
7.871540124993771,7.875481625000248,-6.012532386361061,-4.008354924240708,5.010443655300887,19.594210645017455,29.39131596752618,-9.018798579541592,-11.25,-7.3828125,9.31640625,18.80859375,28.564453125,-10.634765625,43.9453125,30.76171875,-39.55078125,8.7890625,8.7890625,61.5234375,-25.6,-19.2,23.2,-4.8,-4.7,-10.4
7.8755264159990475,7.878532041009748,-5.828377547949378,-3.885585031966252,4.856981289957819,19.61892527533962,29.42838791300943,-8.742566321924068,-11.07421875,-7.294921875,9.228515625,18.896484375,28.65234375,-10.37109375,43.9453125,30.76171875,-39.55078125,8.7890625,8.7890625,79.1015625,-25.6,-19.2,23.2,-4.0,-4.0,-9.6
7.878563041012967,7.882530250004493,-5.687940737420645,-3.7919604916137635,4.739950614517207,19.63723594679354,29.455853920190307,-8.531911106130968,-10.8984375,-7.20703125,9.140625,18.896484375,28.65234375,-10.1953125,43.9453125,30.76171875,-39.55078125,8.7890625,8.7890625,79.1015625,-25.6,-19.2,24.0,-4.0,-4.8,-9.4
7.88257883299957,7.886529708019225,-5.502021535989006,-3.6680143573260042,4.5850179466575085,19.660764753041786,29.49114712956268,-8.25303230398351,-10.810546875,-7.119140625,8.96484375,18.896484375,28.65234375,-10.01953125,43.9453125,30.76171875,-39.55078125,8.7890625,8.7890625,79.1015625,-26.4,-20.0,23.2,-4.0,-4.8,-11.0
7.88657604099717,7.8904741250153165,-5.3167452950323275,-3.544496863354885,4.43062107919361,19.68340778385865,29.52511167578798,-7.975117942548492,-10.634765625,-6.943359375,8.876953125,18.896484375,28.65234375,-9.755859375,43.9453125,30.76171875,-35.15625,8.7890625,8.7890625,79.1015625,-26.4,-19.2,24.0,-4.8,-5.8,-11.0
7.890519333013799,7.894500374997733,-5.133762722462956,-3.422508481641971,4.278135602052467,19.704985046761358,29.557477570142037,-7.700644083694435,-10.37109375,-6.85546875,8.701171875,18.984375,28.740234375,-9.4921875,43.9453125,30.76171875,-35.15625,8.7890625,8.7890625,79.1015625,-25.6,-20.0,24.0,-4.0,-5.0,-11.3
7.894542124995496,7.8985267910175025,-4.946888158605942,-3.297925439070628,4.122406798838288,19.726218284261453,29.589327426392178,-7.420332237908913,-10.283203125,-6.6796875,8.525390625,18.984375,28.740234375,-9.31640625,43.9453125,30.76171875,-35.15625,0.0,8.7890625,57.12890625,-26.4,-19.2,23.2,-4.0,-5.0,-12.1
7.8985766250116285,7.902545999997528,-4.759271327869357,-3.1728475519129047,3.9660594398911333,19.746722219455062,29.62008332918259,-7.138906991804035,-10.107421875,-6.591796875,8.4375,18.984375,28.828125,-8.96484375,43.9453125,30.76171875,-35.15625,0.0,8.7890625,57.12890625,-26.4,-19.2,24.1,-4.0,-4.7,-12.1
7.902594290993875,7.906483791011851,-4.57224737351726,-3.048164915678173,3.810206144597719,19.76635248716436,29.64952873074654,-6.858371060275889,-9.84375,-6.50390625,8.26171875,18.984375,28.916015625,-8.701171875,43.9453125,30.76171875,-35.15625,0.0,8.7890625,57.12890625,-25.6,-20.0,24.1,-4.8,-3.9,-12.1
7.906524457997875,7.90965425001923,-4.389120282450635,-2.926080188300423,3.657600235375532,19.784793522592945,29.677190283889416,-6.583680423675951,-9.755859375,-6.328125,8.0859375,19.072265625,28.916015625,-8.4375,43.9453125,26.3671875,-30.76171875,0.0,8.7890625,57.12890625,-26.4,-19.2,24.1,-4.0,-3.9,-12.1
7.909725375007838,7.913562916015508,-4.239848854481594,-2.8265659029877295,3.533207378734665,19.79925567277889,29.69888350916834,-6.359773281722391,-9.580078125,-6.240234375,7.998046875,19.072265625,28.916015625,-8.173828125,43.9453125,26.3671875,-30.76171875,0.0,8.7890625,57.12890625,-25.6,-19.2,24.1,-4.0,-4.7,-12.0
7.913615083001787,7.917429583001649,-4.058312476612578,-2.705541651075052,3.3819270638438175,19.816156145284538,29.724234217926803,-6.087468714918867,-9.404296875,-6.15234375,7.822265625,19.072265625,28.916015625,-7.91015625,43.9453125,26.3671875,-30.76171875,0.0,8.7890625,70.3125,-25.6,-19.2,23.3,-4.0,-4.7,-12.0
7.917483375000302,7.920485166017897,-3.877625338393111,-2.5850835589287406,3.231354448660929,19.832229904712083,29.748344857068126,-5.8164380075896664,-9.228515625,-6.064453125,7.734375,19.072265625,29.00390625,-7.646484375,43.9453125,26.3671875,-30.76171875,0.0,8.7890625,70.3125,-25.6,-20.1,24.0,-4.0,-4.0,-12.0
7.9205203329911456,7.923481958016055,-3.735668987614393,-2.4904459917429285,3.113057489678664,19.844336188500023,29.766504282750034,-5.60350348142159,-9.052734375,-5.888671875,7.646484375,19.072265625,29.00390625,-7.3828125,43.9453125,26.3671875,-30.76171875,0.0,8.7890625,70.3125,-25.6,-19.3,24.0,-4.8,-4.0,-11.2
7.92351508300635,7.926540290995035,-3.595602298281602,-2.3970681988544014,2.996335248568004,19.85583199087968,29.78374798631952,-5.393403447422402,-8.96484375,-5.888671875,7.470703125,19.16015625,29.00390625,-7.119140625,43.9453125,26.3671875,-39.55078125,0.0,8.7890625,70.3125,-25.6,-20.1,24.0,-4.0,-4.8,-11.2
7.926578125014203,7.929515750001883,-3.4522592568448838,-2.3015061712299225,2.876882714037406,19.86713540860359,29.80070311290539,-5.178388885267326,-8.876953125,-5.712890625,7.3828125,19.16015625,29.00390625,-6.943359375,43.9453125,30.76171875,-39.55078125,0.0,8.7890625,70.3125,-26.4,-19.3,24.0,-4.0,-4.9,-12.0
7.929542916011997,7.932437166018644,-3.313437979391335,-2.208958652927557,2.761198316159449,19.877638231682766,29.816457347524153,-4.970156969087003,-8.701171875,-5.625,7.294921875,19.16015625,29.091796875,-6.767578125,43.9453125,30.76171875,-39.55078125,0.0,8.7890625,70.3125,-25.6,-19.3,24.0,-4.0,-4.1,-12.0
7.932466291007586,7.935442457994213,-3.176485557506296,-2.117657038337531,2.6470712979219164,19.88757221653713,29.83135832480569,-4.764728336259444,-8.61328125,-5.537109375,7.119140625,19.16015625,29.091796875,-6.50390625,43.9453125,30.76171875,-39.55078125,0.0,8.7890625,70.3125,-26.4,-19.3,24.0,-4.0,-4.1,-11.2
7.935465040995041,7.93846104099066,-3.0359324471912137,-2.023954964794142,2.5299437059926806,19.897326611896514,29.84598991784477,-4.55389867078682,-8.4375,-5.44921875,7.03125,19.16015625,29.091796875,-6.240234375,43.9453125,30.76171875,-39.55078125,0.0,8.7890625,74.70703125,-25.6,-19.3,24.0,-4.0,-3.9,-10.4
7.93848841599538,7.941446750017349,-2.894156963742245,-1.9294379758281632,2.4117974697852067,19.90671417128985,29.860071256934773,-4.341235445613368,-8.349609375,-5.361328125,6.943359375,19.248046875,29.091796875,-6.064453125,43.9453125,30.76171875,-39.55078125,0.0,8.7890625,74.70703125,-26.4,-19.1,24.0,-3.2,-4.7,-11.1
7.941478708002251,7.944475708005484,-2.7538686263243317,-1.8359124175495545,2.294890521936946,19.915557375958308,29.87333606393746,-4.130802939486498,-8.173828125,-5.2734375,6.767578125,19.248046875,29.1796875,-5.888671875,43.9453125,30.76171875,-39.55078125,0.0,8.7890625,74.70703125,-26.4,-19.1,24.0,-3.2,-3.9,-11.9
7.944512375019258,7.947452124994015,-2.611483295981998,-1.7409888639879987,2.1762360799850016,19.924079847648418,29.886119771472625,-3.9172249439729967,-8.0859375,-5.185546875,6.6796875,19.248046875,29.1796875,-5.625,43.9453125,30.76171875,-39.55078125,0.0,8.7890625,74.70703125,-26.4,-19.1,24.0,-4.0,-3.9,-11.1
7.947505415999331,7.950459500018042,-2.4709466216946296,-1.64729774779642,2.059122184745528,19.932044805541274,29.89806720831191,-3.7064199325419445,-7.91015625,-5.09765625,6.591796875,19.248046875,29.1796875,-5.44921875,43.9453125,30.76171875,-39.55078125,0.0,8.7890625,74.70703125,-26.5,-19.1,24.0,-4.0,-4.0,-11.2
7.950485125009436,7.953455000009853,-2.33098168590899,-1.5539877906059933,1.942484738257495,19.93953665325871,29.909304979888063,-3.4964725288634853,-7.822265625,-5.009765625,6.50390625,19.248046875,29.1796875,-5.2734375,43.9453125,30.76171875,-39.55078125,0.0,8.7890625,74.70703125,-26.5,-19.1,24.0,-4.0,-4.0,-11.2
7.953480875003152,7.956448832992464,-2.1902117892293873,-1.4601411928195915,1.8251764910244925,19.94662847944563,29.91994271916844,-3.285317683844081,-7.646484375,-4.921875,6.328125,19.248046875,29.1796875,-5.009765625,43.9453125,30.76171875,-39.55078125,0.0,4.39453125,70.3125,-26.5,-19.1,24.0,-4.0,-4.0,-11.2
7.956476082996232,7.959443458006717,-2.049418874679939,-1.3662792497866258,1.7078490622332854,19.953277450373974,29.92991617556096,-3.074128312019908,-7.55859375,-4.833984375,6.240234375,19.248046875,29.1796875,-4.833984375,43.9453125,30.76171875,-39.55078125,0.0,4.39453125,70.3125,-26.5,-19.1,24.0,-4.0,-4.0,-12.0
7.959473082999466,7.962461000017356,-1.9084963194161306,-1.2723308796107538,1.5904135995134454,19.95948832342124,29.939232485131864,-2.862744479124196,-7.3828125,-4.74609375,6.15234375,19.248046875,29.1796875,-4.5703125,43.9453125,30.76171875,-39.55078125,0.0,4.39453125,70.3125,-26.5,-19.2,24.1,-4.0,-4.8,-11.3
7.96249170799274,7.965453208016697,-1.7665141833065672,-1.1776761222043781,1.4720951527554758,19.965296866092167,29.947945299138247,-2.6497712749598508,-7.294921875,-4.658203125,6.064453125,19.3359375,29.1796875,-4.39453125,43.9453125,30.76171875,-39.55078125,0.0,4.39453125,70.3125,-26.5,-20.0,24.9,-3.2,-4.8,-11.3
7.965482791012619,7.968470374995377,-1.6257883095596637,-1.0838588730397758,1.3548235912997229,19.970609653772037,29.955914480658056,-2.4386824643394958,-7.20703125,-4.5703125,5.888671875,19.3359375,29.1796875,-4.21875,43.9453125,30.76171875,-35.15625,0.0,4.39453125,70.3125,-27.3,-20.0,24.1,-3.2,-4.9,-11.3
7.968499125010567,7.971497582999291,-1.4838380802107396,-0.9892253868071598,1.2365317335089527,19.975520847629888,29.963281271444828,-2.2257571203161093,-7.03125,-4.39453125,5.80078125,19.3359375,29.1796875,-4.04296875,43.9453125,30.76171875,-35.15625,0.0,4.39453125,70.3125,-26.5,-19.2,24.1,-3.2,-4.9,-11.9
7.971536291006487,7.974566999997478,-1.34087383711363,-0.8939158914090867,1.1173948642613614,19.980012872345362,29.97001930851804,-2.011310755670445,-6.85546875,-4.306640625,5.712890625,19.3359375,29.267578125,-3.779296875,43.9453125,30.76171875,-35.15625,0.0,4.39453125,70.3125,-26.5,-19.2,24.9,-3.2,-4.1,-11.9
7.97460545800277,7.978567625017604,-1.1963722649664155,-0.7975815099776102,0.996976887472016,19.984090265382154,29.976135398073232,-1.794558397449623,-6.767578125,-4.21875,5.625,19.3359375,29.267578125,-3.603515625,43.9453125,30.76171875,-35.15625,0.0,4.39453125,70.3125,-27.3,-19.2,24.9,-3.2,-3.9,-11.9
7.978626083000563,7.982542665995425,-1.007032893507655,-0.6713552623384366,0.8391940779230487,19.98872887683783,29.983093315256745,-1.5105493402614822,-6.50390625,-4.130859375,5.361328125,19.3359375,29.267578125,-3.1640625,43.9453125,30.76171875,-35.15625,0.0,4.39453125,70.3125,-26.5,-19.3,23.9,-3.2,-3.9,-11.2
7.982602583011612,7.986535250005545,-0.8197319216696661,-0.5464879477797774,0.6831099347247248,19.992532378939178,29.988798568408768,-1.229597882504499,-6.416015625,-4.04296875,5.2734375,19.3359375,29.35546875,-2.98828125,43.9453125,30.76171875,-35.15625,0.0,4.39453125,70.3125,-27.3,-20.1,24.7,-3.2,-3.1,-11.2
7.986590250016889,7.99051887501264,-0.6318728519794892,-0.42124856798632615,0.5265607099829107,19.995563248980247,29.99334487347037,-0.9478092779692338,-6.240234375,-3.8671875,5.09765625,19.3359375,29.35546875,-2.724609375,43.9453125,35.15625,-35.15625,0.0,4.39453125,70.3125,-27.2,-19.3,23.9,-3.2,-3.1,-11.2
7.990582208003616,7.9946259160060436,-0.44378680501699025,-0.29585787001132685,0.36982233751416155,19.997811583289618,29.996717374934427,-0.6656802075254854,-6.064453125,-3.69140625,4.921875,19.3359375,29.35546875,-2.4609375,43.9453125,35.15625,-35.15625,0.0,4.39453125,70.3125,-27.2,-18.5,23.9,-4.0,-3.1,-11.2
7.994720040995162,7.998609958012821,-0.2488093538512932,-0.1658729025675288,0.20734112820941408,19.999312142676153,29.99896821401423,-0.3732140307769398,-5.80078125,-3.603515625,4.74609375,19.423828125,29.35546875,-2.109375,39.55078125,35.15625,-35.15625,0.0,4.39453125,65.91796875,-26.4,-19.3,23.9,-3.2,-3.2,-11.2
7.998651000001701,8.002419791009743,-0.06357007969173499,-0.04238005312782332,0.05297506640978222,19.99995509822702,29.999932647340525,-0.09535511953760248,-5.712890625,-3.427734375,4.658203125,19.423828125,29.35546875,-1.93359375,39.55078125,35.15625,-35.15625,0.0,4.39453125,65.91796875,-27.2,-18.3,24.8,-3.2,-3.2,-11.2
8.002450875006616,8.005492291005794,0.11549447844063976,0.07699631896042651,-0.09624539870053007,19.999851788622497,29.999777682933747,0.17324171766095964,-5.537109375,-3.33984375,4.482421875,19.423828125,29.35546875,-1.669921875,39.55078125,35.15625,-35.15625,0.0,4.39453125,65.91796875,-27.2,-19.1,24.0,-3.2,-3.2,-12.0
8.005522999999812,8.008480290998705,0.2602619786036948,0.17350798573579654,-0.21688498216974264,19.999247360310484,29.99887104046573,0.3903929679055422,-5.361328125,-3.251953125,4.306640625,19.423828125,29.35546875,-1.40625,39.55078125,30.76171875,-39.55078125,0.0,4.39453125,65.91796875,-27.2,-19.1,24.0,-3.2,-3.2,-12.0
8.008511082996847,8.011674833018333,0.40106338966699945,0.26737559311133297,-0.3342194913891631,19.99821267744216,29.997319016163242,0.6015950845004991,-5.2734375,-3.1640625,4.21875,19.423828125,29.35546875,-1.23046875,39.55078125,30.76171875,-39.55078125,0.0,4.39453125,65.91796875,-27.2,-19.1,24.0,-3.2,-3.2,-12.1
8.011731958016753,8.015577582991682,0.5528242047331295,0.36854946982208636,-0.4606868372776049,19.99660399388591,29.99490599082886,0.8292363070996942,-5.09765625,-2.98828125,4.130859375,19.423828125,29.35546875,-0.966796875,43.9453125,30.76171875,-39.55078125,0.0,0.0,65.91796875,-27.2,-18.3,24.0,-3.2,-3.2,-12.1
8.015634415991371,8.019523249997292,0.7366804401070013,0.49112029340466756,-0.6139003667558314,19.993969112144946,29.99095366821742,1.105020660160502,-4.921875,-2.98828125,3.955078125,19.423828125,29.35546875,-0.703125,43.9453125,30.76171875,-39.55078125,0.0,0.0,70.3125,-27.2,-19.1,24.0,-3.2,-3.2,-11.3
8.019579540996347,8.023510083003202,0.9225186813541276,0.6150124542360851,-0.7687655677951033,19.99054175556867,29.985812633353003,1.3837780220311913,-4.74609375,-2.8125,3.779296875,19.423828125,29.35546875,-0.439453125,43.9453125,30.76171875,-39.55078125,0.0,0.0,70.3125,-27.2,-19.2,24.1,-2.4,-3.2,-11.1
8.023560666013509,8.027517665992491,1.110016796265607,0.7400111975104046,-0.9250139968880026,19.986304896792685,29.979457345189026,1.6650251943984102,-4.5703125,-2.63671875,3.69140625,19.423828125,29.35546875,-0.17578125,43.9453125,30.76171875,-39.55078125,0.0,0.0,70.3125,-27.2,-18.4,24.9,-2.4,-3.2,-11.9
8.027568958001211,8.031541083008051,1.2987505164801092,0.8658336776534061,-1.0822920970667549,19.9812495115456,29.971874267318398,1.948125774720164,-4.306640625,-2.548828125,3.515625,19.423828125,29.35546875,0.087890625,43.9453125,30.76171875,-39.55078125,0.0,0.0,70.3125,-27.2,-18.4,24.1,-2.4,-3.2,-12.2
8.031603750016075,8.035445749992505,1.4886799986456392,0.9924533324304261,-1.2405666655380296,19.975360732235792,29.963041098353692,2.2330199979684586,-4.21875,-2.373046875,3.33984375,19.423828125,29.35546875,0.3515625,48.33984375,30.76171875,-39.55078125,0.0,0.0,70.3125,-28.0,-18.4,24.1,-2.4,-3.2,-13.0
8.035484791005729,8.038492207997479,1.6713156381929202,1.114210425461947,-1.3927630318274304,19.968939258953938,29.95340888843091,2.5069734572893805,-4.04296875,-2.28515625,3.251953125,19.423828125,29.35546875,0.615234375,48.33984375,30.76171875,-39.55078125,0.0,0.0,65.91796875,-27.2,-18.4,24.9,-2.4,-3.2,-12.2
8.03852270799689,8.041436958010308,1.8142322016962291,1.2094881344641528,-1.511860168080188,19.963394963096594,29.94509244464489,2.7213483025443437,-3.955078125,-2.197265625,3.076171875,19.423828125,29.35546875,0.791015625,48.33984375,30.76171875,-39.55078125,0.0,0.0,65.91796875,-28.0,-18.3,23.9,-2.4,-3.2,-11.8
8.041467583010672,8.04446000000462,1.9527322715675095,1.3018215143783396,-1.6272768929729213,19.957586546090727,29.936379819136093,2.929098407351264,-3.69140625,-2.109375,2.98828125,19.423828125,29.35546875,1.0546875,48.33984375,30.76171875,-39.55078125,0.0,0.0,65.91796875,-27.2,-18.3,23.9,-2.4,-3.2,-11.8
8.044501750002382,8.047396125009982,2.0953880864524312,1.3969253909682875,-1.7461567387103565,19.951155341284576,29.926733011926864,3.1430821296786466,-3.603515625,-2.021484375,2.900390625,19.423828125,29.35546875,1.23046875,48.33984375,30.76171875,-35.15625,0.0,0.0,65.91796875,-27.2,-18.3,24.7,-2.4,-3.2,-11.8
8.047444666008232,8.050523375015473,2.2337081616851058,1.4891387744567373,-1.8614234680709183,19.944484593751966,29.91672689062795,3.350562242527659,-3.427734375,-1.93359375,2.724609375,19.423828125,29.35546875,1.494140625,48.33984375,35.15625,-35.15625,0.0,0.0,65.91796875,-27.2,-19.1,23.9,-2.4,-3.2,-12.1
8.050538333016448,8.053527540992945,2.3790621708794863,1.586041447252991,-1.982551809066236,19.93701262796399,29.905518941945985,3.5685932563192297,-3.33984375,-1.7578125,2.63671875,19.423828125,29.35546875,1.7578125,43.9453125,35.15625,-35.15625,0.0,0.0,65.91796875,-28.0,-18.3,23.9,-2.4,-2.4,-12.1
8.053540041000815,8.05643104101182,2.5200418742142254,1.6800279161428169,-2.100034895178518,19.929312737798583,29.893969106697874,3.780062811321338,-3.1640625,-1.669921875,2.548828125,19.423828125,29.35546875,1.93359375,43.9453125,35.15625,-35.15625,0.0,0.0,74.70703125,-27.2,-18.3,24.7,-2.4,-2.4,-12.9
8.056458333012415,8.059410290996311,2.6570501380131786,1.7713667586754522,-2.214208448344312,19.921402054229507,29.882103081344262,3.9855752070197674,-2.98828125,-1.58203125,2.373046875,19.423828125,29.35546875,2.109375,43.9453125,35.15625,-35.15625,0.0,0.0,74.70703125,-27.2,-18.3,24.0,-2.4,-2.3,-12.1
8.059439875010867,8.06244149999111,2.796970185046146,1.864646790030764,-2.3308084875384516,19.912887594430597,29.869331391645897,4.195455277569219,-2.900390625,-1.494140625,2.28515625,19.423828125,29.35546875,2.373046875,43.9453125,35.15625,-35.15625,0.0,0.0,74.70703125,-27.2,-18.4,24.0,-2.4,-2.3,-11.2
8.062469124997733,8.065398625010857,2.9390662622075694,1.9593775081383797,-2.4492218851729715,19.903789583408518,29.855684375112777,4.408599393311354,-2.8125,-1.40625,2.197265625,19.51171875,29.35546875,2.548828125,43.9453125,35.15625,-39.55078125,0.0,0.0,74.70703125,-27.2,-18.4,24.8,-1.6,-2.3,-12.0
8.065412750001997,8.068444666016148,3.0770821205921797,2.0513880803947866,-2.56423510049348,19.894517007045287,29.84177551056793,4.61562318088827,-2.63671875,-1.318359375,2.109375,19.51171875,29.35546875,2.8125,43.9453125,30.76171875,-39.55078125,0.0,0.0,74.70703125,-27.2,-18.4,24.8,-1.6,-2.4,-11.2
8.068455333006568,8.071364125004038,3.2196685824954137,2.146445721663609,-2.6830571520795083,19.88448568014652,29.82672852021978,4.82950287374312,-2.4609375,-1.23046875,1.93359375,19.51171875,29.35546875,3.076171875,43.9453125,30.76171875,-39.55078125,0.0,0.0,74.70703125,-27.2,-18.4,24.0,-0.6,-2.4,-12.0
8.07137291599065,8.074474916007603,3.356328060534741,2.237552040356494,-2.7969400504456146,19.87443988812506,29.811659832187594,5.034492090802112,-2.373046875,-1.0546875,1.845703125,19.51171875,29.35546875,3.251953125,48.33984375,30.76171875,-39.55078125,0.0,0.0,74.70703125,-27.2,-17.6,24.8,-0.6,-2.4,-11.2
8.07448262500111,8.077607375016669,3.5019090355501707,2.334606023700114,-2.918257529625139,19.86327301111534,29.794909516673012,5.2528635533252555,-2.197265625,-0.966796875,1.7578125,19.51171875,29.35546875,3.515625,48.33984375,30.76171875,-39.55078125,0.0,0.0,74.70703125,-27.2,-17.6,24.8,-0.6,-1.5,-11.2
8.077615000016522,8.080421791004483,3.648466637833556,2.4323110918890376,-3.0403888648612942,19.85154560109297,29.77731840163945,5.4726999567503345,-2.021484375,-0.87890625,1.58203125,19.51171875,29.35546875,3.69140625,48.33984375,30.76171875,-39.55078125,0.0,0.0,74.70703125,-27.2,-17.5,24.1,-0.8,-1.5,-11.1
8.080448082997464,8.083394790999591,3.780944986297564,2.5206299908650425,-3.1507874885813005,19.840524802765465,29.7607872041482,5.671417479446346,-1.845703125,-0.791015625,1.494140625,19.51171875,29.35546875,3.955078125,48.33984375,30.76171875,-39.55078125,0.0,0.0,74.70703125,-26.4,-17.5,24.9,-0.8,-1.5,-11.1
8.083419541013427,8.086378416017396,3.919813417156282,2.6132089447708546,-3.2665111809635654,19.828543542352513,29.742815313528773,5.879720125734423,-1.669921875,-0.703125,1.40625,19.51171875,29.35546875,4.130859375,48.33984375,30.76171875,-39.55078125,0.0,0.0,74.70703125,-26.4,-17.5,24.9,-0.8,-1.5,-11.9
8.086398749990622,8.089398041018285,4.058958348001073,2.705972232000715,-3.382465290000891,19.816097352396135,29.724146028594202,6.088437522001609,-1.58203125,-0.615234375,1.23046875,19.51171875,29.35546875,4.306640625,48.33984375,35.15625,-39.55078125,0.0,0.0,74.70703125,-27.2,-17.5,24.1,-0.8,-1.6,-12.1
8.089422000019113,8.092424708011094,4.200069343907037,2.800046229271358,-3.5000577865891938,19.803023534651047,29.70453530197657,6.300104015860556,-1.494140625,-0.52734375,1.142578125,19.51171875,29.35546875,4.5703125,48.33984375,35.15625,-39.55078125,0.0,0.0,74.70703125,-27.2,-17.5,24.9,-0.8,-0.8,-11.3
8.092456040991237,8.095403999992413,4.341588778025059,2.894392518683373,-3.617990648354213,19.789454058861494,29.68418108829224,6.512383167037589,-1.318359375,-0.3515625,1.0546875,19.51171875,29.35546875,4.74609375,48.33984375,35.15625,-39.55078125,0.0,0.0,65.91796875,-27.2,-16.7,24.9,-0.0,-0.8,-11.3
8.095430000015767,8.09831329100416,4.480210075413203,2.9868067169421355,-3.733508396177666,19.775717070074332,29.663575605111497,6.7203151131198045,-1.142578125,-0.263671875,0.966796875,19.51171875,29.35546875,5.009765625,48.33984375,35.15625,-39.55078125,0.0,0.0,65.91796875,-26.4,-17.5,24.9,-0.0,-0.7,-11.3
8.098336082999595,8.101441416016314,4.615573128455717,3.077048752303811,-3.846310940379761,19.761876706829884,29.642815060244825,6.923359692683575,-1.0546875,-0.17578125,0.791015625,19.51171875,29.35546875,5.185546875,48.33984375,35.15625,-39.55078125,0.0,0.0,65.91796875,-27.2,-17.6,24.8,-0.0,-0.7,-11.2
8.101474124996457,8.104368833010085,4.761632564363811,3.174421709575874,-3.968027136969839,19.746469223883377,29.619703835825067,7.142448846545717,-0.966796875,-0.087890625,0.703125,19.51171875,29.35546875,5.44921875,48.33984375,35.15625,-39.55078125,0.0,0.0,65.91796875,-28.0,-17.6,24.8,-0.0,-0.7,-11.2
8.104389874992194,8.107432666001841,4.89724185441686,3.2648279029445733,-4.081034878680713,19.731723157498298,29.59758473624745,7.345862781625289,-0.791015625,0.0,0.615234375,19.51171875,29.35546875,5.625,48.33984375,35.15625,-39.55078125,0.0,0.0,65.91796875,-27.2,-17.6,24.8,-0.0,0.1,-11.2
8.10755225000321,8.111500083003193,5.044205263893458,3.3628035092623056,-4.203504386577879,19.71526191959146,29.57289287938719,7.566307895840187,-0.615234375,0.087890625,0.439453125,19.51171875,29.35546875,5.888671875,48.33984375,30.76171875,-39.55078125,0.0,0.0,65.91796875,-27.2,-17.6,24.8,-0.0,0.1,-11.1
8.111540582991438,8.115383541007759,5.229375062090626,3.4862500413937507,-4.357812551742186,19.693807672689456,29.540711509034185,7.84406259313594,-0.439453125,0.263671875,0.3515625,19.51171875,29.35546875,6.15234375,43.9453125,30.76171875,-39.55078125,0.0,0.0,65.91796875,-27.2,-17.6,24.8,-0.0,0.1,-11.1
8.115419416018995,8.118419915990671,5.40926420520586,3.6061761368039065,-4.50772017100488,19.672201037767636,29.508301556651453,8.113896307808789,-0.263671875,0.3515625,0.17578125,19.51171875,29.35546875,6.416015625,43.9453125,30.76171875,-39.55078125,0.0,0.0,70.3125,-27.2,-17.6,24.8,-0.0,-0.0,-10.3
8.118448666005861,8.121418750000885,5.549612814641803,3.6997418764278684,-4.624677345534833,19.65481900318103,29.48222850477154,8.324419221962703,-0.17578125,0.439453125,0.087890625,19.51171875,29.35546875,6.6796875,43.9453125,30.76171875,-39.55078125,0.0,0.0,70.3125,-27.2,-17.6,24.8,-0.0,-0.0,-10.3
8.121449666010449,8.124487541004783,5.688528679423635,3.7923524529490904,-4.74044056618636,19.637160254797816,29.455740382196723,8.532793019135454,0.0,0.52734375,-0.087890625,19.51171875,29.35546875,6.85546875,43.9453125,30.76171875,-39.55078125,0.0,0.0,70.3125,-27.2,-17.6,24.8,-0.0,-0.0,-10.3
8.124518791009905,8.128373999992618,5.8304672726128555,3.8869781817419033,-4.858722727177376,19.618649306582306,29.427973959873462,8.745700908919282,0.17578125,0.615234375,-0.17578125,19.51171875,29.35546875,7.119140625,43.9453125,30.76171875,-35.15625,0.0,0.0,70.3125,-27.2,-17.6,24.8,-0.0,-0.0,-10.3
8.128404125018278,8.131458957999712,6.009958510623779,4.006639007082519,-5.008298758853146,19.5945615890462,29.391842383569305,9.014937765935668,0.3515625,0.791015625,-0.3515625,19.51171875,29.35546875,7.3828125,43.9453125,30.76171875,-35.15625,0.0,0.0,70.3125,-27.2,-17.6,24.8,-0.0,-0.0,-11.3
8.131491541018477,8.134490541007835,6.152428944416933,4.101619296277955,-5.127024120347441,19.57490023342138,29.36235035013207,9.228643416625399,0.439453125,0.791015625,-0.439453125,19.51171875,29.35546875,7.55859375,43.9453125,30.76171875,-35.15625,0.0,0.0,70.3125,-27.2,-18.4,24.8,-0.0,-0.0,-11.3
8.1345247499994,8.137494249996962,6.2922570720727045,4.19483804804847,-5.243547560060584,19.555135738486833,29.332703607730245,9.438385608109057,0.52734375,0.966796875,-0.52734375,19.51171875,29.35546875,7.822265625,43.9453125,30.76171875,-35.15625,0.0,0.0,74.70703125,-28.0,-17.6,25.6,-0.0,-0.0,-10.5
8.137523957993835,8.140433416003361,6.430377350082542,4.286918233388361,-5.358647791735448,19.535156310105183,29.302734465157776,9.645566025123813,0.703125,1.0546875,-0.615234375,19.51171875,29.35546875,7.998046875,43.9453125,30.76171875,-35.15625,0.0,0.0,74.70703125,-28.0,-17.6,25.6,-0.0,-0.0,-11.2
8.140465041011339,8.14438991600764,6.565682262205657,4.377121508137105,-5.471401885171378,19.51514302543037,29.272714538145554,9.848523393308485,0.87890625,1.142578125,-0.791015625,19.51171875,29.35546875,8.173828125,43.9453125,30.76171875,-35.15625,0.0,0.0,74.70703125,-27.2,-17.6,24.8,-0.0,-0.0,-11.2
8.14443729101913,8.147405666008126,6.748203172443739,4.498802114962492,-5.623502643703112,19.487451848058765,29.23117777208815,10.122304758665608,0.966796875,1.318359375,-0.966796875,19.51171875,29.35546875,8.4375,43.9453125,35.15625,-39.55078125,0.0,0.0,74.70703125,-28.1,-16.8,24.8,-0.0,-0.0,-11.2
8.147437125007855,8.150395375007065,6.885868801185811,4.5905792007905415,-5.738224000988173,19.466036643376313,29.19905496506447,10.328803201778717,1.142578125,1.318359375,-1.0546875,19.51171875,29.35546875,8.61328125,43.9453125,35.15625,-39.55078125,0.0,0.0,74.70703125,-28.1,-17.6,24.8,-0.0,-0.0,-11.2
8.150420958001632,8.153313207993051,7.022648458866388,4.681765639244259,-5.852207049055321,19.444306891714906,29.16646033757236,10.533972688299581,1.23046875,1.40625,-1.142578125,19.51171875,29.35546875,8.7890625,43.9453125,35.15625,-39.55078125,0.0,0.0,74.70703125,-28.1,-17.6,25.6,-0.0,-0.0,-11.2
8.153340000018943,8.15642891600146,7.156308818663872,4.770872545775915,-5.963590682219891,19.422635638655265,29.133953457982898,10.734463227995809,1.40625,1.494140625,-1.318359375,19.51171875,29.35546875,9.052734375,43.9453125,35.15625,-39.55078125,0.0,0.0,65.91796875,-28.1,-17.6,24.8,-0.0,-0.0,-11.2
8.156457750010304,8.159428375016432,7.298901603696271,4.86593440246418,-6.082418003080223,19.39903818210881,29.09855727316322,10.948352405544405,1.58203125,1.58203125,-1.40625,19.51171875,29.35546875,9.228515625,43.9453125,35.15625,-39.55078125,0.0,0.0,65.91796875,-28.1,-17.6,24.8,-0.0,-0.0,-11.2
8.159466707991669,8.16245837500901,7.4363527363628545,4.95756849090857,-6.196960613635709,19.37582294143788,29.063734412156823,11.154529104544283,1.669921875,1.7578125,-1.494140625,19.51171875,29.35546875,9.404296875,43.9453125,35.15625,-39.55078125,0.0,0.0,65.91796875,-28.1,-16.8,25.6,-0.0,-0.0,-12.0
8.162490000016987,8.165408125001704,7.574291339964783,5.049527559976522,-6.31190944997065,19.352061167251346,29.02809175087702,11.361437009947174,1.845703125,1.845703125,-1.58203125,19.51171875,29.35546875,9.580078125,43.9453125,35.15625,-35.15625,0.0,0.0,65.91796875,-28.1,-16.8,25.6,-0.0,-0.0,-12.0
8.165439916017931,8.168409708014224,7.708717512262348,5.139145008174899,-6.423931260218621,19.328455411257025,28.99268311688554,11.563076268393523,1.93359375,1.93359375,-1.7578125,19.51171875,29.35546875,9.755859375,43.9453125,26.3671875,-35.15625,0.0,0.0,65.91796875,-28.0,-16.8,24.8,-0.0,-0.0,-12.0
8.16845908301184,8.171401666011661,7.846128003580931,5.2307520023872875,-6.538440002984107,19.303865765424327,28.955798648136494,11.769192005371398,2.109375,2.021484375,-1.845703125,19.51171875,29.35546875,10.01953125,43.9453125,26.3671875,-35.15625,0.0,0.0,65.91796875,-28.0,-17.6,24.8,-0.0,0.8,-12.1
8.171428166009719,8.17440441600047,7.9810869505717115,5.320724633714474,-6.65090579214309,19.279260602320413,28.918890903480616,11.971630425857567,2.197265625,2.109375,-1.93359375,19.51171875,29.35546875,10.1953125,48.33984375,26.3671875,-35.15625,0.0,0.0,65.91796875,-28.0,-17.6,25.6,-0.0,0.8,-12.1
8.174433915992267,8.177491208014544,8.11753574672293,5.411690497815287,-6.764613122269106,19.253924429992338,28.880886644988507,12.176303620084395,2.373046875,2.197265625,-2.109375,19.51171875,29.35546875,10.458984375,48.33984375,26.3671875,-35.15625,0.0,0.0,65.91796875,-28.0,-17.6,24.8,-0.0,1.8,-11.3
8.177522540994687,8.180531499994686,8.257558194824927,5.505038796549951,-6.881298495687436,19.22744257171192,28.841163857567878,12.38633729223739,2.4609375,2.28515625,-2.197265625,19.51171875,29.35546875,10.634765625,48.33984375,26.3671875,-35.15625,0.0,0.0,65.91796875,-28.8,-17.6,25.7,-0.0,1.8,-11.2
8.18056679100846,8.184478333016159,8.395378725932897,5.596919150621931,-6.99614893827741,19.200898312875925,28.80134746931389,12.593068088899344,2.63671875,2.373046875,-2.373046875,19.51171875,29.35546875,10.8984375,48.33984375,26.3671875,-35.15625,0.0,0.0,65.91796875,-28.0,-17.6,24.9,-0.0,1.8,-11.2
8.184512333013117,8.187526333000278,8.573716813527817,5.715811209018544,-7.144764011273177,19.165842069234994,28.748763103852493,12.860575220291725,2.8125,2.4609375,-2.548828125,19.51171875,29.35546875,11.162109375,48.33984375,30.76171875,-39.55078125,0.0,0.0,65.91796875,-28.0,-17.6,24.9,0.8,2.5,-10.4
8.187560499995016,8.191504207992693,8.71126851051152,5.807512340341013,-7.259390425426222,19.138254894759523,28.707382342139283,13.06690276576728,2.900390625,2.548828125,-2.63671875,19.51171875,29.35546875,11.337890625,48.33984375,30.76171875,-39.55078125,0.0,0.0,65.91796875,-28.8,-17.6,24.9,0.8,2.5,-10.3
8.1915653750184,8.195540749991778,8.891688581549936,5.927792387699958,-7.409740484624986,19.10134229336584,28.652013440048755,13.337532872324903,3.1640625,2.63671875,-2.8125,19.51171875,29.35546875,11.689453125,43.9453125,30.76171875,-39.55078125,0.0,0.0,70.3125,-28.0,-18.4,24.9,0.8,3.3,-10.3
8.195597208017716,8.199502208008198,9.072967650557274,6.048645100371516,-7.560806375464392,19.063417648725835,28.595126473088754,13.609451475835911,3.33984375,2.8125,-2.98828125,19.51171875,29.35546875,11.865234375,43.9453125,30.76171875,-39.55078125,0.0,0.0,70.3125,-28.0,-17.6,24.7,1.6,4.1,-11.2
8.199557290994562,8.20349124999484,9.250666488198068,6.167110992132045,-7.7088887401650545,19.02542356981111,28.538135354716665,13.875999732297103,3.515625,2.900390625,-3.1640625,19.51171875,29.35546875,12.12890625,43.9453125,30.76171875,-39.55078125,0.0,0.0,70.3125,-28.8,-17.6,23.9,1.6,4.9,-11.2
8.203557958011515,8.207491500012111,9.42982294017776,6.286548626785173,-7.8581857834814635,18.986292591316122,28.479438886974183,14.14473441026664,3.779296875,2.98828125,-3.251953125,19.51171875,29.35546875,12.3046875,43.9453125,30.76171875,-39.55078125,0.0,0.0,70.3125,-28.0,-18.4,24.7,2.4,5.0,-12.0
8.20754879101878,8.211522124998737,9.608167989315415,6.405445326210277,-8.006806657762802,18.946510765123243,28.419766147684864,14.412251983973125,3.955078125,3.1640625,-3.427734375,19.51171875,29.35546875,12.65625,43.9453125,30.76171875,-39.55078125,0.0,0.0,70.3125,-28.0,-17.6,24.7,2.4,5.8,-11.3
8.21158220799407,8.215470333001576,9.788032392069221,6.525354928046148,-8.156693660057682,18.905547944003736,28.358321916005604,14.682048588103832,4.130859375,3.251953125,-3.603515625,19.51171875,29.35546875,12.919921875,48.33984375,30.76171875,-39.55078125,0.0,0.0,61.5234375,-28.0,-18.4,23.9,2.4,6.6,-11.3
8.215527499996824,8.219459749991074,9.963586924366059,6.6423912829107055,-8.302989103638378,18.864745904589117,28.297118856883678,14.945380386549088,4.306640625,3.33984375,-3.779296875,19.51171875,29.35546875,13.18359375,48.33984375,30.76171875,-39.55078125,0.0,0.0,61.5234375,-28.0,-18.4,23.9,2.4,6.6,-11.1
8.219511083007092,8.223485541006085,10.14045702974549,6.760304686496993,-8.450380858121282,18.822812769236346,28.234219153854518,15.210685544618235,4.482421875,3.515625,-3.955078125,19.51171875,29.35546875,13.447265625,48.33984375,30.76171875,-39.55078125,0.0,0.0,61.5234375,-28.0,-17.6,23.9,3.2,7.4,-11.1
8.223537083016708,8.227488458011067,10.3188070018418,6.879204667894533,-8.599005834868205,18.779684319423957,28.169526479135936,15.4782105027627,4.658203125,3.603515625,-4.04296875,19.51171875,29.35546875,13.7109375,48.33984375,30.76171875,-39.55078125,0.0,0.0,61.5234375,-28.0,-18.4,24.7,4.0,8.2,-11.1
8.227540833002422,8.231483041017782,10.495762053948514,6.997174702632343,-8.746468378290468,18.73604937495741,28.104074062436116,15.743643080922771,4.833984375,3.779296875,-4.21875,19.51171875,29.35546875,13.974609375,48.33984375,30.76171875,-39.55078125,0.0,0.0,61.5234375,-28.0,-17.6,23.9,4.0,8.2,-11.2
8.231539375003194,8.235465041012503,10.672072607710875,7.11471507180725,-8.89339383975906,18.69173157968514,28.03759736952771,16.008108911566314,5.009765625,3.8671875,-4.39453125,19.51171875,29.267578125,14.23828125,43.9453125,30.76171875,-39.55078125,0.0,-4.39453125,65.91796875,-28.0,-17.6,23.9,4.8,8.2,-11.2
8.23551454101107,8.239469082996948,10.846935117254587,7.2312900781697245,-9.039112597712194,18.646941942457055,27.970412913685585,16.27040267588188,5.2734375,3.955078125,-4.482421875,19.51171875,29.1796875,14.501953125,43.9453125,30.76171875,-39.55078125,0.0,-4.39453125,65.91796875,-27.2,-18.4,24.9,4.8,8.1,-11.2
8.239517708017956,8.243402958003571,11.022601942280458,7.348401294853638,-9.185501618567045,18.601102075140425,27.901653112710633,16.533902913420686,5.44921875,4.130859375,-4.658203125,19.51171875,29.091796875,14.765625,43.9453125,30.76171875,-39.55078125,0.0,-4.39453125,65.91796875,-27.2,-17.7,24.1,5.6,8.1,-11.2
8.243461291014683,8.247452583018458,11.19522797733476,7.463485318223173,-9.329356647778964,18.55522532616263,27.83283798924395,16.79284196600214,5.625,4.21875,-4.833984375,19.51171875,29.00390625,15.029296875,43.9453125,30.76171875,-39.55078125,0.0,-4.39453125,65.91796875,-27.1,-18.5,24.1,5.6,7.9,-11.2
8.247521333018085,8.25135758300894,11.37250300420006,7.581668669466707,-9.47708583683338,18.507249935806968,27.760874903710448,17.05875450630009,5.80078125,4.39453125,-4.921875,19.51171875,28.828125,15.29296875,43.9453125,26.3671875,-39.55078125,0.0,-4.39453125,65.91796875,-27.1,-17.7,24.9,6.4,6.3,-11.2
8.251388041011523,8.254383374995086,11.540906494997762,7.693937663331841,-9.617422079164799,18.460859222494598,27.691288833741893,17.31135974249664,5.9765625,4.39453125,-5.185546875,19.51171875,28.740234375,15.46875,48.33984375,26.3671875,-39.55078125,0.0,-21.97265625,65.91796875,-27.1,-18.5,24.1,6.4,6.3,-11.2
8.254414499999257,8.259445875009988,11.672418607732208,7.781612405154805,-9.727015506443545,18.42407415247618,27.63611122871427,17.50862791159831,6.15234375,4.5703125,-5.2734375,19.423828125,28.564453125,15.8203125,48.33984375,26.3671875,-39.55078125,0.0,-21.97265625,65.91796875,-27.1,-18.5,23.9,6.4,5.4,-12.1
8.259489125019172,8.263334207993466,11.892338478195128,7.928225652130085,-9.910282065162605,18.361460671986485,27.54219100797973,17.838507717292693,6.328125,4.658203125,-5.44921875,19.423828125,28.4765625,16.083984375,48.33984375,26.3671875,-39.55078125,0.0,-21.97265625,65.91796875,-27.1,-18.3,23.9,6.4,5.4,-10.5
8.263372082990827,8.26651241601212,12.060105308908094,8.04007020593873,-10.050087757423409,18.312762519171606,27.46914377875741,18.09015796336214,6.50390625,4.833984375,-5.625,19.423828125,28.388671875,16.34765625,48.33984375,26.3671875,-39.55078125,0.0,-21.97265625,65.91796875,-27.2,-17.5,23.9,6.4,5.5,-9.7
8.266541916003916,8.270428125018952,12.19672856501914,8.131152376679426,-10.16394047084928,18.272502867073808,27.40875430061071,18.295092847528707,6.6796875,4.921875,-5.712890625,19.3359375,28.30078125,16.611328125,48.33984375,30.76171875,-39.55078125,0.0,-21.97265625,65.91796875,-27.2,-17.5,23.9,7.2,4.7,-7.6
8.270460583007662,8.273595208011102,12.365209044069237,8.243472696046158,-10.304340870057734,18.222106297284665,27.333159445927,18.547813566103855,6.85546875,5.009765625,-5.888671875,19.3359375,28.212890625,16.787109375,48.33984375,30.76171875,-39.55078125,-8.7890625,-30.76171875,65.91796875,-27.2,-18.3,23.9,7.2,4.7,-9.2
8.27361687499797,8.277437665994512,12.500571365363111,8.333714243575407,-10.417142804469217,18.181012262974477,27.27151839446172,18.750857048044665,7.03125,5.185546875,-5.9765625,19.248046875,28.212890625,16.962890625,48.33984375,30.76171875,-39.55078125,-8.7890625,-30.76171875,65.91796875,-26.4,-17.5,23.9,6.4,5.6,-10.0
8.277456750016427,8.280500207998557,12.664835546952292,8.443223697968193,-10.55402962246028,18.130415703619935,27.195623555429904,18.997253320428438,7.20703125,5.2734375,-6.15234375,19.248046875,28.125,17.2265625,48.33984375,30.76171875,-39.55078125,-8.7890625,-30.76171875,65.91796875,-26.4,-17.6,24.0,7.2,4.8,-11.4
8.280525125010172,8.284442958014552,12.79576518862007,8.530510125746712,-10.66313765718339,18.08951068974871,27.134266034623064,19.193647782930103,7.294921875,5.361328125,-6.240234375,19.16015625,28.125,17.40234375,48.33984375,30.76171875,-39.55078125,-8.7890625,-30.76171875,65.91796875,-27.2,-17.6,24.0,6.4,5.6,-12.2
8.284466290991986,8.287428415991599,12.963500887871318,8.642333925247545,-10.80291740655947,18.03635396427214,27.05453094640821,19.445251331806976,7.470703125,5.44921875,-6.416015625,19.16015625,28.037109375,17.666015625,48.33984375,30.76171875,-35.15625,-8.7890625,-30.76171875,65.91796875,-27.1,-17.6,24.0,7.2,5.6,-12.2
8.287467916001333,8.290439041011268,13.090916853613468,8.727277902408979,-10.90909737801122,17.995405536250747,26.99310830437612,19.636375280420204,7.646484375,5.537109375,-6.50390625,19.072265625,28.037109375,17.841796875,48.33984375,30.76171875,-35.15625,-8.7890625,-30.76171875,65.91796875,-26.3,-17.6,24.0,6.4,5.6,-12.2
8.290468374994816,8.293421166017652,13.217992473710403,8.811994982473601,-11.01499372809196,17.954073198827615,26.931109798241422,19.826988710565605,7.734375,5.625,-6.591796875,19.072265625,28.037109375,18.017578125,43.9453125,30.76171875,-35.15625,-13.18359375,-8.7890625,65.91796875,-27.1,-17.6,24.0,7.2,7.2,-13.0
8.29344895799295,8.296447291009827,13.343935605598737,8.89595707039916,-11.119946337998945,17.91261979168919,26.868929687533782,20.015903408398106,7.91015625,5.712890625,-6.6796875,18.984375,27.94921875,18.28125,43.9453125,30.76171875,-35.15625,-13.18359375,-8.7890625,61.5234375,-26.3,-17.6,24.0,6.4,6.5,-12.2
8.29647912501241,8.29939345800085,13.471674032297612,8.98111602153174,-11.226395026914673,17.87007428657715,26.805111429865725,20.207511048446417,8.0859375,5.80078125,-6.85546875,18.984375,27.94921875,18.45703125,43.9453125,30.76171875,-35.15625,-13.18359375,-8.7890625,61.5234375,-26.3,-17.6,24.0,7.2,7.3,-12.9
8.299418833019445,8.302372083009686,13.5953074594835,9.063538306322334,-11.329422882902875,17.828411969937974,26.742617954906965,20.39296118922525,8.173828125,5.888671875,-6.943359375,18.896484375,27.861328125,18.720703125,43.9453125,30.76171875,-35.15625,-13.18359375,-8.7890625,61.5234375,-27.1,-17.6,24.0,6.4,6.5,-11.3
8.30239679099759,8.305356374999974,13.720253955155718,9.146835970103812,-11.433544962629762,17.78581996243117,26.678729943646754,20.580380932733576,8.26171875,5.9765625,-7.03125,18.896484375,27.7734375,18.896484375,43.9453125,30.76171875,-39.55078125,-13.18359375,-8.7890625,61.5234375,-27.1,-17.6,24.0,7.2,6.5,-11.3
8.305381540994858,8.308447624993278,13.845184175284416,9.230122783522944,-11.537653479403676,17.74274030134834,26.614110452022516,20.767776262926624,8.4375,6.15234375,-7.119140625,18.80859375,27.685546875,19.16015625,43.9453125,30.76171875,-39.55078125,-13.18359375,-8.7890625,61.5234375,-27.3,-16.8,24.0,6.4,6.4,-11.0
8.308482499996899,8.31238795799436,13.97465608172643,9.31643738781762,-11.645546734772022,17.697570296480645,26.546355444720966,20.961984122589644,8.525390625,6.15234375,-7.294921875,18.80859375,27.685546875,19.3359375,43.9453125,30.76171875,-39.55078125,-13.18359375,-8.7890625,61.5234375,-27.3,-17.6,24.0,7.2,6.4,-10.2
8.312429458019324,8.315454833005788,14.138970324255197,9.425980216170132,-11.782475270212661,17.639469860638364,26.45920479095755,21.208455486382796,8.7890625,6.328125,-7.3828125,18.720703125,27.509765625,19.6875,43.9453125,30.76171875,-39.55078125,-13.18359375,-21.97265625,74.70703125,-26.5,-17.6,24.0,7.2,5.6,-9.4
8.315489291009726,8.31844387500314,14.265979366221746,9.510652910814498,-11.88831613851808,17.593961498480542,26.390942247720815,21.39896904933262,8.876953125,6.416015625,-7.55859375,18.720703125,27.509765625,19.86328125,43.9453125,30.76171875,-39.55078125,-13.18359375,-21.97265625,74.70703125,-27.3,-17.6,23.1,7.2,7.2,-9.4
8.318474291008897,8.321410083008232,14.38956465707873,9.593043104719154,-11.991303880898938,17.549174453261337,26.323761679892005,21.584346985618094,9.052734375,6.50390625,-7.646484375,18.6328125,27.421875,20.0390625,43.9453125,30.76171875,-39.55078125,-13.18359375,-21.97265625,74.70703125,-26.5,-17.6,23.9,6.4,6.4,-9.4
8.321439499995904,8.32440004099044,14.512017348107818,9.67467823207188,-12.093347790089885,17.504302359873545,26.256453539810316,21.768026022161727,9.140625,6.591796875,-7.734375,18.6328125,27.333984375,20.21484375,43.9453125,30.76171875,-35.15625,-13.18359375,-21.97265625,74.70703125,-27.3,-17.6,23.9,7.2,6.4,-9.4
8.324427375016967,8.32745850001811,14.635087609744007,9.75672507316267,-12.195906341453336,17.458703154779823,26.188054732169732,21.95263141461601,9.228515625,6.6796875,-7.822265625,18.544921875,27.333984375,20.390625,43.9453125,30.76171875,-35.15625,-13.18359375,-21.97265625,74.70703125,-27.2,-16.8,23.9,6.4,6.4,-10.2
8.327566499996465,8.331413083011284,14.76404052746524,9.842693684976828,-12.303367106221033,17.410381415228024,26.115572122842032,22.14606079119786,9.404296875,6.85546875,-7.998046875,18.45703125,27.24609375,20.56640625,43.9453125,30.76171875,-35.15625,-13.18359375,-21.97265625,74.70703125,-27.2,-16.8,23.9,6.4,7.2,-10.5
8.33144275000086,8.334477916010655,14.922778345075077,9.948518896716719,-12.435648620895895,17.35012886873381,26.025193303100718,22.384167517612617,9.580078125,6.943359375,-8.0859375,18.45703125,27.0703125,20.830078125,43.9453125,30.76171875,-35.15625,-17.578125,-21.97265625,61.5234375,-27.2,-16.8,23.9,6.4,6.4,-10.5
8.334521875018254,8.337477374996524,15.048478793799841,10.032319195866561,-12.540398994833199,17.301808331855007,25.95271249778251,22.572718190699764,9.755859375,7.03125,-8.26171875,18.45703125,26.982421875,21.005859375,43.9453125,30.76171875,-35.15625,-17.578125,-21.97265625,61.5234375,-26.4,-16.8,23.1,8.0,5.6,-10.5
8.337509833014337,8.340515916002914,15.170120964662415,10.11341397644161,-12.641767470551974,17.25453151323198,25.881797269847972,22.75518144699362,9.84375,7.03125,-8.349609375,18.369140625,26.982421875,21.181640625,43.9453125,30.76171875,-35.15625,-17.578125,-21.97265625,61.5234375,-27.2,-17.5,23.3,7.2,7.2,-10.5
8.340549582993845,8.344355125009315,15.293528696675207,10.195685797783472,-12.7446072472293,17.206045190946014,25.80906778641902,22.94029304501281,10.01953125,7.20703125,-8.4375,18.369140625,26.89453125,21.357421875,43.9453125,30.76171875,-35.15625,-17.578125,-21.97265625,61.5234375,-26.4,-16.7,24.1,7.2,7.2,-10.5
8.344393750012387,8.347313083009794,15.44909449521058,10.299396330140386,-12.874245412675482,17.14416621579162,25.716249323687432,23.17364174281587,10.1953125,7.294921875,-8.61328125,18.28125,26.806640625,21.62109375,43.9453125,30.76171875,-35.15625,-17.578125,-21.97265625,61.5234375,-26.3,-16.7,23.3,7.2,6.4,-9.7
8.347337665996747,8.350483916001394,15.567848346016099,10.378565564010733,-12.973206955013413,17.09635565942434,25.644533489136506,23.35177251902415,10.283203125,7.3828125,-8.701171875,18.28125,26.71875,21.796875,43.9453125,30.76171875,-35.15625,-17.578125,-21.97265625,61.5234375,-26.3,-16.7,23.3,7.2,5.6,-8.7
8.350539666018449,8.354438291018596,15.696634936968918,10.464423291312613,-13.080529114140763,17.0439386639425,25.565907995913754,23.544952405453376,10.458984375,7.470703125,-8.876953125,18.193359375,26.630859375,21.97265625,43.9453125,30.76171875,-35.15625,-13.18359375,-26.3671875,61.5234375,-26.3,-16.7,23.3,7.2,6.4,-8.7
8.354492415994173,8.357375499996124,15.855069187170798,10.570046124780532,-13.212557655975626,16.978637310456104,25.467955965684155,23.782603780756197,10.634765625,7.55859375,-8.96484375,18.10546875,26.54296875,22.1484375,43.9453125,30.76171875,-35.15625,-13.18359375,-26.3671875,57.12890625,-26.3,-16.7,24.0,6.4,6.4,-9.5
8.357405582995852,8.360430375003489,15.971443943924669,10.647629295949779,-13.309536619937221,16.93009126898116,25.39513690347174,23.957165915887003,10.72265625,7.646484375,-9.052734375,18.10546875,26.455078125,22.32421875,43.9453125,30.76171875,-35.15625,-13.18359375,-26.3671875,57.12890625,-26.3,-16.8,24.0,7.2,5.6,-10.3
8.36046641599387,8.363555290998193,16.093357300572187,10.728904867048126,-13.411131083810194,16.878702567254127,25.318053850881192,24.140035950858284,10.8984375,7.822265625,-9.228515625,18.017578125,26.3671875,22.5,43.9453125,30.76171875,-39.55078125,-13.18359375,-26.3671875,57.12890625,-26.3,-16.0,23.2,7.2,6.4,-11.1
8.363588500011247,8.367439124995144,16.21732701349607,10.811551342330715,-13.51443917791343,16.82588355992478,25.238825339887168,24.32599052024411,10.986328125,7.91015625,-9.31640625,17.9296875,26.279296875,22.763671875,43.9453125,30.76171875,-39.55078125,-13.18359375,-26.3671875,57.12890625,-27.2,-16.0,23.2,6.4,6.5,-11.1
8.367493583005853,8.371381916018436,16.37183816512544,10.914558776750294,-13.643198470937904,16.759248393315946,25.13887258997392,24.557757247688162,11.25,7.998046875,-9.4921875,17.9296875,26.279296875,22.939453125,43.9453125,30.76171875,-39.55078125,-13.18359375,-26.3671875,57.12890625,-26.4,-16.8,23.2,8.0,7.3,-10.6
8.371412958018482,8.374467665998964,16.52629538912266,11.017530259415107,-13.771912824268885,16.69173528974362,25.03760293461543,24.78944308368399,11.337890625,8.173828125,-9.580078125,17.841796875,26.103515625,23.115234375,43.9453125,30.76171875,-39.55078125,-17.578125,-21.97265625,57.12890625,-26.4,-16.0,23.2,7.2,6.5,-9.8
8.374558000010438,8.378396083018743,16.649784494857062,11.099856329904709,-13.874820412380885,16.637102796324676,24.955654194487014,24.974676742285595,11.513671875,8.173828125,-9.755859375,17.75390625,26.103515625,23.37890625,43.9453125,30.76171875,-39.55078125,-17.578125,-21.97265625,57.12890625,-26.4,-16.8,23.1,6.4,6.3,-8.5
8.378435874998104,8.381362625019392,16.80148833298657,11.200992221991047,-14.001240277488805,16.569181429476114,24.853772144214172,25.202232499479855,11.6015625,8.349609375,-9.84375,17.75390625,26.015625,23.5546875,43.9453125,30.76171875,-39.55078125,-17.578125,-21.97265625,57.12890625,-26.4,-16.0,23.1,7.2,7.1,-9.3
8.381386458000634,8.384421624999959,16.916498855949676,11.27766590396645,-14.097082379958062,16.517089687911504,24.775634531867254,25.374748283924518,11.77734375,8.349609375,-10.01953125,17.75390625,25.927734375,23.642578125,43.9453125,30.76171875,-35.15625,-17.578125,-21.97265625,57.12890625,-26.4,-16.8,22.3,8.0,7.1,-10.1
8.38444191601593,8.38837133301422,17.0352142752652,11.356809516843466,-14.196011896054294,16.462772476048308,24.694158714072458,25.5528214128978,11.953125,8.525390625,-10.107421875,17.666015625,25.83984375,23.818359375,43.9453125,26.3671875,-35.15625,-17.578125,-21.97265625,57.12890625,-26.4,-16.0,23.1,7.2,6.4,-10.9
8.388389791012742,8.39139079101733,17.18802181259502,11.458681208396682,-14.323351510495886,16.392029311965523,24.58804396794828,25.782032718892534,12.12890625,8.61328125,-10.1953125,17.578125,25.6640625,23.994140625,43.9453125,26.3671875,-35.15625,-17.578125,-26.3671875,57.12890625,-25.6,-16.0,23.1,7.2,6.4,-12.2
8.391411000018707,8.394391083013033,17.304515401999904,11.53634360133327,-14.420429501666584,16.337465418845632,24.50619812826845,25.956773102999858,12.216796875,8.701171875,-10.37109375,17.578125,25.6640625,24.169921875,43.9453125,26.3671875,-35.15625,-13.18359375,-26.3671875,52.734375,-26.4,-16.0,22.3,8.0,7.2,-12.2
8.394410166016314,8.397381916001905,17.419773578518356,11.613182385678904,-14.516477982098626,16.282935695904385,24.424403543856577,26.129660367777532,12.3046875,8.7890625,-10.458984375,17.490234375,25.576171875,24.43359375,43.9453125,26.3671875,-35.15625,-13.18359375,-26.3671875,52.734375,-26.4,-16.0,22.3,7.2,6.4,-11.4
8.397403041017242,8.400434540992137,17.534404590580344,11.689603060386895,-14.612003825483653,16.228160101828962,24.342240152743443,26.301606885870513,12.48046875,8.876953125,-10.546875,17.40234375,25.48828125,24.609375,43.9453125,26.3671875,-35.15625,-13.18359375,-26.3671875,52.734375,-25.6,-15.8,23.1,7.2,7.2,-11.3
8.400452458008658,8.404413375013974,17.650802635424657,11.767201756949772,-14.709002196187177,16.171980794300932,24.2579711914514,26.476203953136988,12.65625,8.96484375,-10.634765625,17.40234375,25.400390625,24.78515625,43.9453125,26.3671875,-35.15625,-13.18359375,-26.3671875,52.734375,-25.6,-15.8,23.1,8.0,7.2,-11.3
8.404431125003612,8.407439500006149,17.80206139146525,11.868040927643502,-14.835051159554414,16.09812425532176,24.14718638298264,26.703092087197877,12.744140625,9.052734375,-10.810546875,17.314453125,25.3125,25.048828125,43.9453125,30.76171875,-35.15625,-13.18359375,-26.3671875,52.734375,-26.3,-15.8,22.3,7.2,7.2,-10.5
8.407457583001815,8.410441250016447,17.916654291008395,11.944436194005597,-14.930545242506993,16.041522496550293,24.062283744825436,26.87498143651259,12.919921875,9.140625,-10.8984375,17.314453125,25.224609375,25.224609375,43.9453125,30.76171875,-35.15625,-13.18359375,-26.3671875,52.734375,-26.3,-15.8,22.3,8.8,7.2,-10.3
8.410458708007354,8.413491208018968,18.029888150465315,12.019925433643543,-15.024906792054463,15.985036520748055,23.977554781122084,27.044832225697974,13.095703125,9.228515625,-10.986328125,17.2265625,25.13671875,25.400390625,43.9453125,30.76171875,-35.15625,-17.578125,-26.3671875,52.734375,-25.5,-15.8,23.1,8.0,6.4,-10.3
8.413508666009875,8.416499083017698,18.144553973013778,12.09636931534252,-15.12046164417811,15.927267480231503,23.890901220347256,27.216830959520667,13.18359375,9.31640625,-11.07421875,17.138671875,25.048828125,25.6640625,43.9453125,30.76171875,-35.15625,-17.578125,-26.3671875,65.91796875,-25.5,-15.8,23.1,7.2,7.2,-11.1
8.416521500010276,8.420347000006586,18.25741521007837,12.171610140052247,-15.214512675065306,15.869842677184211,23.804764015776318,27.386122815117556,13.271484375,9.404296875,-11.25,17.138671875,24.9609375,25.83984375,43.9453125,30.76171875,-35.15625,-17.578125,-26.3671875,65.91796875,-26.3,-16.0,22.4,8.0,7.2,-10.4
8.420387874997687,8.423338624997996,18.40165079038501,12.267767193590007,-15.334708991987508,15.79562876506905,23.693443147603574,27.602476185577515,13.53515625,9.4921875,-11.337890625,17.05078125,24.873046875,26.015625,43.9453125,30.76171875,-35.15625,-17.578125,-26.3671875,65.91796875,-25.5,-16.0,22.4,8.0,7.2,-10.4
8.423373124998761,8.426335666008526,18.512551829869594,12.341701219913062,-15.427126524891326,15.737929056848506,23.606893585272758,27.768827744804387,13.623046875,9.580078125,-11.42578125,17.05078125,24.78515625,26.19140625,43.9453125,26.3671875,-35.15625,-17.578125,-26.3671875,65.91796875,-24.7,-16.0,23.2,8.0,7.3,-10.4
8.426369791006437,8.42933429099503,18.623467561348406,12.415645040898937,-15.519556301123668,15.67966065380248,23.519490980703722,27.93520134202261,13.798828125,9.66796875,-11.6015625,16.962890625,24.697265625,26.3671875,43.9453125,26.3671875,-35.15625,-17.578125,-26.3671875,65.91796875,-24.7,-16.0,22.4,8.0,6.5,-10.4
8.429358583001886,8.43229299999075,18.733680834154825,12.489120556103217,-15.61140069512902,15.621199305274871,23.431798957912306,28.100521251232237,13.88671875,9.755859375,-11.689453125,16.875,24.609375,26.54296875,43.9453125,26.3671875,-35.15625,-17.578125,-26.3671875,65.91796875,-25.5,-16.0,22.4,8.0,7.3,-10.4
8.432338915998116,8.435326125007123,18.84317102234209,12.562114014894728,-15.702642518618406,15.56256056941741,23.343840854126114,28.264756533513136,14.0625,9.84375,-11.77734375,16.875,24.521484375,26.806640625,43.9453125,26.3671875,-35.15625,-17.578125,-26.3671875,61.5234375,-24.7,-15.2,22.4,8.8,7.2,-9.6
8.435349708015565,8.438344458001666,18.95336086634569,12.635573910897126,-15.794467388621372,15.502976228526443,23.254464342789664,28.430041299518535,14.150390625,9.931640625,-11.865234375,16.787109375,24.43359375,26.982421875,43.9453125,26.3671875,-35.15625,-17.578125,-26.3671875,61.5234375,-24.7,-15.2,22.4,8.0,6.4,-9.5
8.438370624993695,8.44134220801061,19.063495200323572,12.708996800215715,-15.886246000269677,15.442843013257201,23.1642645198858,28.59524280048536,14.23828125,10.01953125,-12.041015625,16.69921875,24.345703125,27.158203125,43.9453125,26.3671875,-35.15625,-17.578125,-26.3671875,61.5234375,-25.5,-15.2,21.6,8.0,7.2,-8.7
8.441372291010339,8.444351625017589,19.172502538186848,12.781668358791231,-15.977085448489037,15.382748582937806,23.074122874406708,28.75875380728027,14.4140625,10.01953125,-12.12890625,16.611328125,24.2578125,27.333984375,43.9453125,26.3671875,-35.15625,-17.578125,-26.3671875,61.5234375,-24.7,-16.0,21.6,8.0,7.2,-7.9
8.444382207992021,8.447393500013277,19.281381525133497,12.854254350088999,-16.067817937611245,15.322145577666923,22.983218366500385,28.922072287700246,14.58984375,10.107421875,-12.216796875,16.611328125,24.169921875,27.509765625,43.9453125,26.3671875,-35.15625,-17.578125,-26.3671875,61.5234375,-24.0,-16.0,22.4,8.0,6.4,-6.9
8.447419875010382,8.450356415996794,19.390827330552852,12.927218220368568,-16.159022775460674,15.260636588392076,22.890954882588115,29.08624099582928,14.677734375,10.1953125,-12.3046875,16.5234375,24.08203125,27.685546875,43.9453125,26.3671875,-35.15625,-17.578125,-26.3671875,61.5234375,-24.8,-16.0,22.4,8.0,7.2,-7.7
8.450387541000964,8.45336104099988,19.49732470690285,12.998216471268568,-16.247770589085675,15.200209490860397,22.800314236290596,29.24598706035428,14.853515625,10.283203125,-12.392578125,16.435546875,23.994140625,27.861328125,43.9453125,26.3671875,-35.15625,-17.578125,-26.3671875,57.12890625,-24.0,-16.0,22.4,8.0,8.0,-7.7
8.453388458001427,8.45635179101373,19.604584483778954,13.06972298918597,-16.33715373648249,15.138769467362392,22.708154201043588,29.406876725668432,14.94140625,10.37109375,-12.568359375,16.435546875,23.90625,27.94921875,43.9453125,26.3671875,-35.15625,-17.578125,-26.3671875,57.12890625,-24.0,-16.0,21.6,8.0,8.0,-9.3
8.456380666000769,8.459356166014913,19.71109926065958,13.14073284043972,-16.425916050549617,15.077172825705391,22.615759238558088,29.56664889098937,15.1171875,10.458984375,-12.65625,16.34765625,23.818359375,28.125,43.9453125,26.3671875,-35.15625,-17.578125,-26.3671875,57.12890625,-24.0,-16.0,21.5,8.0,8.0,-9.9
8.459388000017498,8.462383541016607,19.81771372773998,13.211809151826655,-16.514761439783317,15.014929201821413,22.52239380273212,29.726570591609974,15.205078125,10.546875,-12.744140625,16.259765625,23.73046875,28.212890625,43.9453125,26.3671875,-35.15625,-17.578125,-26.3671875,57.12890625,-24.0,-15.2,21.5,8.0,7.2,-10.7
8.462415916001191,8.46537358299247,19.92461106262867,13.283074041752448,-16.60384255219059,14.95192108062781,22.427881620941715,29.886916593943006,15.29296875,10.634765625,-12.83203125,16.259765625,23.642578125,28.388671875,43.9453125,26.3671875,-39.55078125,-17.578125,-26.3671875,57.12890625,-23.9,-15.2,21.5,8.0,7.2,-9.9
8.465439166000579,8.468360791011946,20.030893982524983,13.353929321683323,-16.692411652104187,14.888672596020317,22.333008894030478,30.046340973787476,15.46875,10.72265625,-12.919921875,16.171875,23.5546875,28.564453125,43.9453125,26.3671875,-39.55078125,-17.578125,-26.3671875,57.12890625,-23.9,-15.2,21.5,8.0,8.0,-10.5
8.468393290997483,8.471455082995817,20.134310453875038,13.422873635916693,-16.778592044895866,14.82654590099166,22.239818851487488,30.201465680812557,15.556640625,10.72265625,-13.0078125,16.083984375,23.466796875,28.740234375,39.55078125,26.3671875,-39.55078125,-17.578125,-30.76171875,57.12890625,-23.9,-16.0,21.5,8.0,7.2,-9.7
8.47149220801657,8.47542954099481,20.242329750716305,13.494886500477536,-16.868608125596886,14.761031073039213,22.14154660955882,30.363494626074456,15.732421875,10.810546875,-13.18359375,16.083984375,23.291015625,28.916015625,39.55078125,26.3671875,-39.55078125,-21.97265625,-30.76171875,48.33984375,-23.1,-16.0,20.7,8.8,7.2,-9.7
8.475471625017235,8.479451708000852,20.380336951189015,13.586891300792676,-16.983614125990844,14.67638868320284,22.01458302480426,30.570505426783523,15.908203125,10.986328125,-13.271484375,15.908203125,23.203125,29.091796875,39.55078125,26.3671875,-39.55078125,-21.97265625,-30.76171875,48.33984375,-23.1,-15.2,21.5,7.2,7.2,-8.7
8.479505041002994,8.483432166016428,20.519404221781798,13.6796028145212,-17.099503518151497,14.590012571514245,21.88501885727137,30.779106332672697,16.083984375,11.07421875,-13.447265625,15.908203125,23.02734375,29.35546875,39.55078125,26.3671875,-30.76171875,-21.97265625,-30.76171875,48.33984375,-23.1,-15.2,21.5,8.8,6.4,-7.9
8.483490250015166,8.48750841600122,20.656000441951694,13.77066696130113,-17.213333701626443,14.50409360976857,21.756140414652858,30.984000662927542,16.171875,11.162109375,-13.53515625,15.8203125,22.939453125,29.53125,39.55078125,26.3671875,-30.76171875,-21.97265625,-30.76171875,48.33984375,-23.9,-15.2,21.5,8.0,7.1,-7.9
8.487563750008121,8.491336166014662,20.794786323263303,13.863190882175536,-17.32898860271945,14.415683770267893,21.62352565540184,31.192179484894954,16.435546875,11.25,-13.7109375,15.64453125,22.8515625,29.70703125,43.9453125,26.3671875,-30.76171875,-21.97265625,-30.76171875,48.33984375,-23.1,-16.0,20.7,8.0,7.1,-9.4
8.49137270799838,8.494368250016123,20.923789008538044,13.949192672358697,-17.436490840448336,14.33248142470153,21.498722137052297,31.385683512807066,16.5234375,11.337890625,-13.798828125,15.64453125,22.763671875,29.970703125,43.9453125,26.3671875,-30.76171875,-21.97265625,-30.76171875,52.734375,-23.1,-16.0,20.7,8.0,6.3,-8.6
8.494403332995716,8.497355041006813,21.02589608267503,14.017264055116685,-17.521580068895886,14.265914215679755,21.398871323519632,31.53884412401254,16.611328125,11.42578125,-13.88671875,15.556640625,22.67578125,30.05859375,43.9453125,26.3671875,-30.76171875,-21.97265625,-30.76171875,52.734375,-23.1,-15.2,20.8,8.0,7.2,-9.8
8.497389041003771,8.501411125005689,21.126023882186818,14.084015921457878,-17.605019901822345,14.200017448021711,21.300026172032567,31.689035823280225,16.787109375,11.513671875,-14.0625,15.46875,22.5,30.234375,43.9453125,26.3671875,-30.76171875,-21.97265625,-30.76171875,52.734375,-23.1,-15.3,20.8,8.0,7.2,-10.6
8.501489540998591,8.505355500004953,21.262779038727494,14.17518602581833,-17.71898253227291,14.109007523964575,21.16351128594686,31.894168558091245,16.875,11.6015625,-14.150390625,15.380859375,22.412109375,30.498046875,43.9453125,26.3671875,-30.76171875,-21.97265625,-30.76171875,52.734375,-23.1,-15.3,20.8,8.0,8.2,-9.8
8.50539687499986,8.509349958010716,21.392261749551167,14.261507833034113,-17.826884791292606,14.021733977507958,21.03260096626194,32.08839262432675,17.05078125,11.689453125,-14.326171875,15.29296875,22.32421875,30.673828125,43.9453125,26.3671875,-30.76171875,-21.97265625,-30.76171875,52.734375,-23.2,-15.3,20.0,7.2,8.2,-9.5
8.509390708000865,8.512428582995199,21.523745557114378,14.349163704742919,-17.936454630928615,13.931961685466481,20.897942528199717,32.285618335671565,17.2265625,11.77734375,-14.4140625,15.205078125,22.1484375,30.849609375,35.15625,26.3671875,-30.76171875,-21.97265625,-30.76171875,52.734375,-23.2,-15.3,20.8,8.0,8.2,-9.5
8.51246512500802,8.515432707994478,21.62434626214204,14.416230841428028,-18.020288551785033,13.862458453999636,20.793687680999454,32.43651939321306,17.314453125,11.865234375,-14.58984375,15.205078125,22.060546875,31.025390625,35.15625,26.3671875,-30.76171875,-21.97265625,-30.76171875,52.734375,-23.2,-15.3,20.0,8.0,8.0,-8.7
8.5154622909904,8.51833262501168,21.721890472945148,14.481260315296767,-18.101575394120925,13.79436377525253,20.69154566287879,32.58283570941772,17.490234375,11.953125,-14.58984375,15.1171875,21.97265625,31.201171875,35.15625,26.3671875,-30.76171875,-21.97265625,-30.76171875,52.734375,-22.4,-15.1,20.7,8.0,8.0,-8.8
8.518360791000305,8.521445249993121,21.815715127773466,14.543810085182312,-18.179762606477883,13.72818940616139,20.59228410924208,32.7235726916602,17.578125,12.041015625,-14.677734375,15.029296875,21.884765625,31.376953125,35.15625,26.3671875,-30.76171875,-21.97265625,-30.76171875,52.734375,-22.4,-15.1,20.7,8.0,7.2,-8.8
8.521473833010532,8.525345625006594,21.915914555501814,14.610609703667876,-18.263262129584845,13.656760737376898,20.48514110606535,32.87387183325273,17.666015625,12.12890625,-14.853515625,14.94140625,21.796875,31.552734375,35.15625,26.3671875,-35.15625,-21.97265625,-30.76171875,52.734375,-23.2,-15.1,19.9,8.8,8.0,-8.8
8.5253720000037,8.528399000002537,22.040531161389048,14.693687440926029,-18.367109301157505,13.56679073391797,20.350186100876957,33.06079674208357,17.841796875,12.216796875,-14.94140625,14.853515625,21.62109375,31.728515625,35.15625,21.97265625,-35.15625,-21.97265625,-30.76171875,52.734375,-22.3,-15.1,19.9,9.1,8.0,-8.8
8.52841666599852,8.531326458003605,22.137186128565315,14.758124085710211,-18.447655107137727,13.496107478709607,20.24416121806441,33.20577919284797,17.9296875,12.3046875,-15.029296875,14.765625,21.533203125,31.904296875,39.55078125,21.97265625,-35.15625,-21.97265625,-35.15625,52.734375,-22.3,-14.3,19.9,8.3,7.2,-8.0
8.531345708004665,8.534328458015807,22.229596632285737,14.81973108819049,-18.524663860238114,13.427763708646342,20.141645562969515,33.3443949484286,18.017578125,12.392578125,-15.1171875,14.765625,21.4453125,31.9921875,39.55078125,21.97265625,-35.15625,-21.97265625,-35.15625,52.734375,-23.1,-14.3,19.9,9.1,8.0,-8.8
8.534349624998868,8.53725308299181,22.323772257089686,14.88251483805979,-18.603143547574735,13.357318533700395,20.035977800550594,33.48565838563453,18.193359375,12.48046875,-15.205078125,14.677734375,21.26953125,32.16796875,39.55078125,21.97265625,-35.15625,-21.97265625,-35.15625,52.734375,-22.3,-14.3,20.0,7.8,8.0,-8.8
8.537270333006745,8.540344166016439,22.414747311056196,14.943164874037462,-18.678956092546795,13.288477834975444,19.932716752463165,33.62212096658429,18.28125,12.48046875,-15.29296875,14.58984375,21.181640625,32.34375,39.55078125,21.97265625,-35.15625,-21.97265625,-35.15625,52.734375,-22.3,-15.1,20.0,7.8,8.0,-8.0
8.540359208011068,8.543319874996087,22.51031232853903,15.006874885692685,-18.758593607115824,13.215298484643386,19.82294772696508,33.76546849280854,18.369140625,12.568359375,-15.380859375,14.501953125,21.09375,32.51953125,39.55078125,21.97265625,-30.76171875,-21.97265625,-35.15625,52.734375,-22.3,-15.1,20.0,7.8,8.0,-8.0
8.543333458015695,8.546362458000658,22.601688578663648,15.067792385775766,-18.834740482219733,13.144467881875162,19.71670182281274,33.902532867995475,18.45703125,12.65625,-15.46875,14.501953125,21.005859375,32.607421875,39.55078125,26.3671875,-30.76171875,-21.97265625,-35.15625,52.734375,-23.2,-14.3,20.0,8.6,7.2,-8.8
8.546375666017411,8.549421083007473,22.6944874419263,15.129658294617533,-18.91207286827194,13.071644079943717,19.607466119915575,34.04173116288945,18.6328125,12.744140625,-15.556640625,14.4140625,20.830078125,32.783203125,39.55078125,26.3671875,-30.76171875,-21.97265625,-35.15625,52.734375,-22.4,-14.3,20.0,9.0,7.2,-7.9
8.54943362501217,8.553328665992012,22.787075443433064,15.191383628955377,-18.98922953619419,12.998058972547796,19.497088458821693,34.1806131651496,18.720703125,12.744140625,-15.732421875,14.326171875,20.7421875,32.87109375,35.15625,26.3671875,-30.76171875,-21.97265625,-35.15625,52.734375,-22.4,-15.1,19.2,8.2,8.0,-8.7
8.553342916013207,8.55638204101706,22.904408922598574,15.269605948399049,-19.08700743549878,12.903423503043115,19.355135254564672,34.35661338389786,18.896484375,12.919921875,-15.8203125,14.23828125,20.56640625,33.134765625,35.15625,26.3671875,-30.76171875,-21.97265625,-35.15625,48.33984375,-21.6,-14.3,20.0,8.8,7.1,-7.9
8.556396541011054,8.559360083017964,22.995238898707633,15.33015926580509,-19.16269908225639,12.829059006989523,19.24358851048428,34.49285834806145,18.984375,13.0078125,-15.908203125,14.150390625,20.478515625,33.22265625,35.15625,26.3671875,-30.76171875,-21.97265625,-35.15625,48.33984375,-22.4,-14.4,19.2,8.8,7.1,-8.0
8.559374083008152,8.56232845800696,23.08309787881096,15.388731919207308,-19.235914899009103,12.756171637399419,19.134257456099128,34.62464681821645,19.072265625,13.0078125,-15.99609375,14.0625,20.390625,33.3984375,35.15625,26.3671875,-30.76171875,-21.97265625,-35.15625,48.33984375,-22.4,-14.4,19.2,8.8,7.9,-7.2
8.562344750011107,8.565411999996286,23.17004495408308,15.44669663605539,-19.308370795069234,12.683081581552303,19.02462237232845,34.75506743112463,19.16015625,13.095703125,-16.083984375,13.974609375,20.302734375,33.486328125,35.15625,26.3671875,-30.76171875,-21.97265625,-35.15625,48.33984375,-22.4,-14.4,19.2,8.8,8.1,-7.2
8.565437665994978,8.568451958009973,23.259804259900257,15.506536173266838,-19.383170216583572,12.606588813482498,18.909883220223744,34.88970638985038,19.3359375,13.18359375,-16.171875,13.974609375,20.21484375,33.662109375,35.15625,26.3671875,-30.76171875,-21.97265625,-35.15625,48.33984375,-21.6,-14.4,19.2,9.6,7.3,-7.1
8.568467208009679,8.571473957999842,23.346953808551145,15.564635872367433,-19.455794840459284,12.531271852220682,18.796907778331022,35.02043071282672,19.423828125,13.271484375,-16.259765625,13.88671875,20.0390625,33.75,39.55078125,26.3671875,-30.76171875,-21.97265625,-35.15625,48.33984375,-21.6,-13.6,19.2,9.6,7.3,-7.9
8.57149654100067,8.574426458013477,23.433321728522035,15.622214485681356,-19.527768107101693,12.455571892027042,18.683357838040564,35.149982592783054,19.51171875,13.359375,-16.34765625,13.798828125,19.951171875,33.837890625,39.55078125,26.3671875,-30.76171875,-21.97265625,-35.15625,43.9453125,-21.6,-13.6,19.2,8.8,8.0,-7.9
8.57443991600303,8.577354708017083,23.51648375906233,15.677655839374884,-19.597069799218634,12.381647595144702,18.572471392717055,35.274725638593495,19.599609375,13.359375,-16.435546875,13.7109375,19.86328125,33.92578125,39.55078125,26.3671875,-30.76171875,-21.97265625,-35.15625,43.9453125,-22.4,-14.4,19.1,8.0,8.0,-9.0
8.577367082994897,8.580313790997025,23.598437835676844,15.73229189045123,-19.66536486306403,12.307766087075706,18.46164913061356,35.397656753515264,19.6875,13.447265625,-16.5234375,13.623046875,19.775390625,34.1015625,39.55078125,26.3671875,-30.76171875,-21.97265625,-35.15625,43.9453125,-22.4,-14.3,19.1,8.0,8.8,-8.2
8.580333624995546,8.583419666014379,23.68071930631027,15.787146204206847,-19.733932755258557,12.23251996218204,18.348779943273062,35.521078959465406,19.86328125,13.53515625,-16.611328125,13.623046875,19.6875,34.189453125,39.55078125,26.3671875,-30.76171875,-21.97265625,-35.15625,43.9453125,-21.6,-13.5,19.1,8.8,8.8,-9.0
8.583434333006153,8.586417790997075,23.76587515239457,15.84391676826305,-19.804895960328782,12.153471776064144,18.230207664096213,35.64881272859186,19.951171875,13.623046875,-16.69921875,13.447265625,19.51171875,34.365234375,39.55078125,21.97265625,-30.76171875,-21.97265625,-35.15625,43.9453125,-21.6,-13.5,19.1,8.8,8.0,-8.2
8.58643229099107,8.590328082995256,23.847373366902445,15.898248911268297,-19.87281113908537,12.076655544688144,18.114983317032216,35.77106005035367,20.0390625,13.7109375,-16.787109375,13.447265625,19.423828125,34.453125,39.55078125,21.97265625,-30.76171875,-21.97265625,-35.15625,43.9453125,-21.6,-13.5,19.1,9.6,7.2,-8.7
8.590341083006933,8.59318629099289,23.952377577384638,15.968251718256427,-19.96031464782056,11.97592963741803,17.963894456127043,35.928566366076964,20.126953125,13.798828125,-16.875,13.359375,19.248046875,34.62890625,35.15625,21.97265625,-30.76171875,-26.3671875,-39.55078125,39.55078125,-21.6,-13.5,19.1,8.8,7.2,-7.9
8.593199499999173,8.596334958012449,24.028251683560324,16.01883445570688,-20.0235430696336,11.901862123496619,17.85279318524493,36.042377525340484,20.302734375,13.798828125,-16.962890625,13.271484375,19.16015625,34.716796875,35.15625,21.97265625,-30.76171875,-26.3671875,-39.55078125,39.55078125,-21.6,-13.5,19.2,9.6,8.0,-7.9
8.596349250001367,8.59942908299854,24.11095137888177,16.073967585921178,-20.092459482401473,11.81984656468844,17.729769847032664,36.166427068322655,20.390625,13.88671875,-17.05078125,13.18359375,19.072265625,34.892578125,35.15625,21.97265625,-30.76171875,-26.3671875,-39.55078125,39.55078125,-21.6,-13.6,19.2,9.6,8.8,-8.0
8.599442208011169,8.602485750016058,24.19122079142483,16.127480527616555,-20.159350659520662,11.738903770528273,17.60835565579241,36.286831187137246,20.56640625,13.974609375,-17.138671875,13.095703125,18.984375,35.068359375,35.15625,21.97265625,-26.3671875,-26.3671875,-39.55078125,39.55078125,-20.8,-13.6,19.2,8.8,8.8,-7.2
8.602498416003073,8.606333583011292,24.26960937229405,16.179739581529365,-20.224674476911705,11.6585287958624,17.4877931937936,36.40441405844107,20.654296875,14.0625,-17.2265625,13.0078125,18.80859375,35.244140625,35.15625,21.97265625,-26.3671875,-26.3671875,-39.55078125,39.55078125,-20.6,-12.8,18.4,8.8,8.9,-6.4
8.606346083019162,8.609337625006447,24.366968033970373,16.24464535598025,-20.30580669497531,11.556784721676353,17.335177082514527,36.55045205095556,20.7421875,14.150390625,-17.314453125,12.919921875,18.720703125,35.33203125,35.15625,21.97265625,-26.3671875,-26.3671875,-39.55078125,39.55078125,-21.4,-12.8,18.4,8.0,8.9,-7.0
8.609351457998855,8.612348208000185,24.44196774856553,16.294645165710357,-20.368306457137944,11.476885387612539,17.215328081418807,36.6629516228483,20.91796875,14.23828125,-17.40234375,12.83203125,18.544921875,35.419921875,35.15625,21.97265625,-26.3671875,-26.3671875,-35.15625,39.55078125,-20.6,-12.8,18.4,8.8,7.3,-7.8
8.612366790999658,8.615406833007,24.5162807713699,16.344187180913266,-20.430233976141555,11.396345938805851,17.09451890820878,36.774421157054846,21.005859375,14.326171875,-17.490234375,12.744140625,18.45703125,35.5078125,35.15625,21.97265625,-26.3671875,-26.3671875,-35.15625,43.9453125,-20.6,-12.0,18.4,8.8,7.8,-7.8
8.615421082999092,8.618452791008167,24.590586823480933,16.393724548987294,-20.492155686234113,11.314384572535513,16.971576858803267,36.8858802352214,21.09375,14.4140625,-17.578125,12.65625,18.369140625,35.68359375,35.15625,21.97265625,-26.3671875,-26.3671875,-35.15625,43.9453125,-20.6,-11.9,18.2,8.0,8.6,-8.2
8.618468916014535,8.622319457994308,24.6637533573693,16.442502238246202,-20.553127797807726,11.232216161662429,16.84832424249364,36.995630036053946,21.181640625,14.4140625,-17.666015625,12.568359375,18.193359375,35.771484375,35.15625,21.97265625,-26.3671875,-26.3671875,-35.15625,43.9453125,-20.6,-12.7,18.2,8.0,7.8,-8.2
8.622334000014234,8.62530358301592,24.755108655144813,16.503405770096546,-20.62925721262068,11.127472248500355,16.69120837275053,37.13266298271722,21.357421875,14.501953125,-17.75390625,12.48046875,18.10546875,35.947265625,35.15625,21.97265625,-26.3671875,-26.3671875,-35.15625,43.9453125,-19.9,-12.7,18.2,8.8,8.9,-7.4
8.625316541001666,8.62830104099703,24.82449668056845,16.549664453712303,-20.687080567140374,11.04623348319987,16.569350224799802,37.23674502085267,21.4453125,14.58984375,-17.841796875,12.48046875,17.9296875,36.03515625,35.15625,21.97265625,-26.3671875,-26.3671875,-35.15625,43.9453125,-19.9,-11.9,18.2,9.6,8.9,-7.2
8.628311750013381,8.631370791001245,24.89319627644771,16.595464184298475,-20.744330230373112,10.964291499481769,16.446437249222654,37.339794414671566,21.533203125,14.677734375,-17.9296875,12.392578125,17.841796875,36.123046875,35.15625,21.97265625,-26.3671875,-21.97265625,-39.55078125,43.9453125,-19.9,-11.9,17.4,9.6,8.9,-7.2
8.631383291009115,8.634458250016905,24.962611815240344,16.64174121016023,-20.802176512700285,10.879891392845268,16.3198370892679,37.44391772286052,21.62109375,14.765625,-18.017578125,12.3046875,17.666015625,36.298828125,35.15625,21.97265625,-26.3671875,-21.97265625,-39.55078125,35.15625,-19.9,-11.9,17.4,9.6,8.0,-7.2
8.634469375014305,8.63835354099865,25.031288819040732,16.68752587936049,-20.859407349200584,10.794717666280983,16.19207649942147,37.546933228561095,21.708984375,14.765625,-18.10546875,12.216796875,17.578125,36.38671875,35.15625,21.97265625,-26.3671875,-21.97265625,-39.55078125,35.15625,-19.9,-11.9,17.6,9.6,8.8,-7.9
8.638364040991291,8.641344958014088,25.116414498655622,16.74427633243708,-20.930345415546377,10.686697823916127,16.03004673587419,37.67462174798344,21.884765625,14.853515625,-18.193359375,12.12890625,17.40234375,36.5625,35.15625,21.97265625,-26.3671875,-21.97265625,-39.55078125,35.15625,-19.1,-11.9,17.6,8.8,7.2,-6.3
8.641356833017198,8.644308082992211,25.180642584541562,16.787095056361043,-20.983868820451303,10.60329423003753,15.904941345056294,37.770963876812345,21.97265625,14.94140625,-18.28125,12.041015625,17.314453125,36.650390625,35.15625,21.97265625,-30.76171875,-21.97265625,-39.55078125,35.15625,-19.1,-11.9,17.6,8.8,8.0,-6.3
8.644333208008902,8.647332416003337,25.243485104489583,16.82899006965972,-21.036237587074627,10.520009253154887,15.780013879732333,37.865227656734376,22.060546875,15.029296875,-18.369140625,11.953125,17.2265625,36.73828125,35.15625,21.97265625,-30.76171875,-21.97265625,-39.55078125,35.15625,-19.1,-11.1,17.6,9.6,8.8,-6.3
8.647342832991853,8.650386166002136,25.30597137253029,16.87064758168686,-21.08830947710859,10.435453836452462,15.653180754678694,37.958957058795434,22.1484375,15.029296875,-18.45703125,11.865234375,17.05078125,36.826171875,30.76171875,21.97265625,-30.76171875,-21.97265625,-39.55078125,35.15625,-19.1,-11.9,16.8,9.6,8.0,-7.1
8.650398124998901,8.653477457992267,25.368306474299416,16.91220431619961,-21.140255395249486,10.349269548740933,15.523904323111399,38.05245971144913,22.236328125,15.1171875,-18.544921875,11.77734375,16.962890625,37.001953125,30.76171875,21.97265625,-30.76171875,-26.3671875,-39.55078125,35.15625,-19.1,-11.1,16.8,8.8,8.8,-7.1
8.653489415999502,8.657274041004712,25.430237713700308,16.953491809133535,-21.191864761416944,10.261719352656556,15.392579028984835,38.14535657055046,22.412109375,15.205078125,-18.6328125,11.689453125,16.787109375,37.001953125,30.76171875,21.97265625,-30.76171875,-26.3671875,-39.55078125,35.15625,-18.3,-11.1,16.7,8.8,8.8,-7.3
8.65728762501385,8.660316875000717,25.504747373789208,17.00316491585947,-21.25395614482434,10.153672044042757,15.230508066064136,38.257121060683815,22.5,15.29296875,-18.720703125,11.6015625,16.69921875,37.177734375,30.76171875,21.97265625,-30.76171875,-26.3671875,-39.55078125,35.15625,-18.3,-11.1,16.7,8.8,8.8,-7.3
8.660329375008587,8.663387750013499,25.563145286800566,17.042096857867044,-21.302621072333803,10.06677051369278,15.10015577053917,38.344717930200844,22.587890625,15.380859375,-18.80859375,11.513671875,16.5234375,37.265625,30.76171875,21.97265625,-21.97265625,-26.3671875,-39.55078125,35.15625,-18.3,-10.3,15.9,8.8,8.8,-6.5
8.663399915996706,8.66648879100103,25.620936922653506,17.080624615102337,-21.350780768877943,9.978714856333411,14.968072284500115,38.43140538398026,22.67578125,15.380859375,-18.896484375,11.42578125,16.34765625,37.353515625,30.76171875,21.97265625,-21.97265625,-26.3671875,-39.55078125,35.15625,-18.2,-11.1,15.9,9.6,8.9,-6.3
8.666500749997795,8.670352125016507,25.678106322959103,17.1187375486394,-21.398421935799245,9.889457303968197,14.834185955952297,38.51715948443865,22.763671875,15.46875,-18.984375,11.337890625,16.259765625,37.44140625,30.76171875,21.97265625,-21.97265625,-26.3671875,-39.55078125,35.15625,-18.2,-10.3,15.9,9.6,8.1,-6.3
8.67036404099781,8.673395916004665,25.747640562437315,17.165093708291547,-21.45636713536443,9.777791795266818,14.666687692900227,38.621460843655974,22.8515625,15.556640625,-19.072265625,11.25,16.083984375,37.6171875,30.76171875,21.97265625,-21.97265625,-26.3671875,-39.55078125,35.15625,-18.2,-10.3,15.9,9.6,7.9,-5.5
8.673409208015073,8.676492875005351,25.801114000708807,17.200742667139206,-21.50092833392398,9.689419631440112,14.534129447160167,38.70167100106321,23.02734375,15.556640625,-19.072265625,11.162109375,15.99609375,37.705078125,30.76171875,21.97265625,-21.97265625,-26.3671875,-39.55078125,35.15625,-17.4,-10.3,15.9,8.8,8.7,-5.5
8.676505166018615,8.680351250019157,25.854261347322716,17.23617423154848,-21.545217789435597,9.599259466198186,14.398889199297278,38.78139202098408,23.115234375,15.64453125,-19.16015625,11.07421875,15.8203125,37.79296875,30.76171875,21.97265625,-21.97265625,-26.3671875,-39.55078125,35.15625,-16.6,-10.4,15.9,8.8,8.7,-5.5
8.68036533301347,8.683434416016098,25.91879233850122,17.279194892334147,-21.59899361541766,9.486409060282945,14.229613590424417,38.87818850775183,23.203125,15.732421875,-19.248046875,10.986328125,15.64453125,37.880859375,30.76171875,21.97265625,-26.3671875,-26.3671875,-39.55078125,35.15625,-16.6,-10.4,15.9,9.6,8.9,-5.5
8.683448374998989,8.687362791009946,25.968936760849022,17.31262450723268,-21.64078063404085,9.395937747994704,14.093906621992055,38.95340514127353,23.291015625,15.732421875,-19.3359375,10.8984375,15.556640625,37.96875,30.76171875,17.578125,-26.3671875,-26.3671875,-39.55078125,35.15625,-16.8,-10.4,15.9,10.4,8.9,-5.6
8.687378250004258,8.690400583000155,26.03104198706088,17.35402799137392,-21.69253498921742,9.280188718620451,13.920283077930677,39.04656298059132,23.37890625,15.8203125,-19.423828125,10.810546875,15.380859375,38.056640625,30.76171875,17.578125,-26.3671875,-26.3671875,-43.9453125,35.15625,-16.8,-10.4,15.1,10.4,9.7,-6.4
8.690421625011368,8.694281458010664,26.07773043715464,17.38515362476976,-21.7314420309622,9.19022837901671,13.785342568525063,39.11659565573196,23.466796875,15.908203125,-19.51171875,10.72265625,15.205078125,38.14453125,30.76171875,17.578125,-26.3671875,-26.3671875,-43.9453125,21.97265625,-16.8,-9.6,15.1,9.6,9.7,-5.6
8.694299499999033,8.697310457995627,26.135426266760827,17.423617511173884,-21.779521888967352,9.075203764951889,13.612805647427832,39.20313940014124,23.5546875,15.99609375,-19.599609375,10.634765625,15.029296875,38.232421875,30.76171875,17.578125,-26.3671875,-26.3671875,-43.9453125,21.97265625,-16.8,-9.4,14.2,10.4,8.9,-6.4
8.697326708002947,8.700405166018754,26.179057394508266,17.452704929672176,-21.81588116209022,8.985109740112186,13.477664610168281,39.2685860917624,23.642578125,15.99609375,-19.6875,10.546875,14.94140625,38.3203125,30.76171875,17.578125,-26.3671875,-26.3671875,-43.9453125,21.97265625,-16.8,-9.4,14.2,10.4,8.1,-5.6
8.700423500005854,8.703450708009768,26.222404289545334,17.48160285969689,-21.85200357462109,8.89267802895465,13.339017043431976,39.333606434318,23.73046875,16.083984375,-19.6875,10.458984375,14.765625,38.3203125,30.76171875,17.578125,-21.97265625,-26.3671875,-43.9453125,21.97265625,-16.0,-8.6,15.0,11.2,7.8,-6.4
8.703467415994965,8.707368125003995,26.263734100730574,17.509156067153715,-21.886445083942142,8.801568019525982,13.202352029288974,39.39560115109586,23.818359375,16.171875,-19.775390625,10.37109375,14.677734375,38.408203125,30.76171875,17.578125,-21.97265625,-26.3671875,-43.9453125,21.97265625,-15.8,-8.6,14.2,11.4,8.6,-6.5
8.70738325000275,8.71031412499724,26.315027798946684,17.543351865964457,-21.929189832455585,8.683996340403914,13.025994510605871,39.472541698420024,23.90625,16.171875,-19.86328125,10.1953125,14.501953125,38.49609375,26.3671875,17.578125,-21.97265625,-30.76171875,-43.9453125,21.97265625,-15.8,-8.6,14.2,9.8,9.4,-5.7
8.710328790999483,8.713226082996698,26.35221191461644,17.568141276410962,-21.9601765955137,8.595295575492871,12.892943363239308,39.52831787192466,23.994140625,16.259765625,-19.951171875,10.107421875,14.326171875,38.583984375,26.3671875,17.578125,-21.97265625,-30.76171875,-43.9453125,26.3671875,-15.8,-8.6,14.2,10.6,9.8,-5.7
8.71324037501472,8.716278750012862,26.387778775721742,17.591852517147828,-21.989815646434767,8.50740304200283,12.761104563004245,39.58166816358261,24.08203125,16.259765625,-20.0390625,10.01953125,14.23828125,38.671875,26.3671875,17.578125,-21.97265625,-30.76171875,-43.9453125,26.3671875,-15.0,-8.6,13.5,10.4,9.8,-5.5
8.716293125005905,8.719280999997864,26.423793877218927,17.61586258481262,-22.019828231015772,8.415026794139884,12.622540191209826,39.63569081582839,24.169921875,16.34765625,-20.126953125,9.931640625,14.0625,38.759765625,26.3671875,17.578125,-21.97265625,-30.76171875,-43.9453125,26.3671875,-15.0,-7.9,12.7,9.6,9.8,-4.7
8.719303791003767,8.72244574999786,26.45802591620978,17.638683944139853,-22.0483549301748,8.323707816254869,12.485561724382304,39.68703887431467,24.2578125,16.34765625,-20.126953125,9.84375,13.974609375,38.759765625,26.3671875,17.578125,-21.97265625,-30.76171875,-43.9453125,26.3671875,-14.2,-8.7,13.5,9.6,9.8,-5.5
8.722461708006449,8.72631604099297,26.4925517811725,17.661701187448333,-22.077126484310398,8.227699200820846,12.341548801231268,39.73882767175875,24.345703125,16.435546875,-20.21484375,9.755859375,13.798828125,38.84765625,26.3671875,17.578125,-21.97265625,-30.76171875,-43.9453125,26.3671875,-14.3,-7.9,12.7,9.4,9.5,-5.5
8.72633112501353,8.72941233299207,26.53291844891023,17.688612299273487,-22.11076537409188,8.109759071947668,12.164638607921502,39.79937767336535,24.43359375,16.5234375,-20.302734375,9.66796875,13.623046875,38.935546875,26.3671875,17.578125,-21.97265625,-30.76171875,-43.9453125,26.3671875,-14.3,-7.9,12.7,10.2,9.5,-4.8
8.729427208018024,8.732386165997013,26.563671743726292,17.70911449581753,-22.13639311977193,8.015161533216542,12.022742299824813,39.84550761558944,24.521484375,16.5234375,-20.302734375,9.580078125,13.447265625,38.935546875,26.3671875,17.578125,-21.97265625,-30.76171875,-43.9453125,17.578125,-13.5,-7.9,12.7,9.4,9.5,-5.6
8.732401457993547,8.735380041005556,26.59191387066561,17.72794258044374,-22.15992822555466,7.924102804812748,11.886154207219121,39.88787080599842,24.609375,16.611328125,-20.390625,9.4921875,13.359375,39.0234375,26.3671875,17.578125,-21.97265625,-30.76171875,-43.9453125,17.578125,-13.5,-7.1,12.7,9.6,9.7,-4.8
8.735392750008032,8.738391708000563,26.619025930017372,17.74601728667825,-22.18252160834781,7.832347904487032,11.748521856730548,39.92853889502606,24.609375,16.611328125,-20.478515625,9.404296875,13.18359375,39.111328125,26.3671875,17.578125,-21.97265625,-30.76171875,-43.9453125,17.578125,-13.5,-7.0,11.9,10.4,8.1,-4.8
8.73840487501002,8.741368832997978,26.64501180509087,17.763341203393914,-22.204176504242373,7.739784456033464,11.609676684050196,39.967517707636304,24.697265625,16.69921875,-20.478515625,9.228515625,13.095703125,39.111328125,26.3671875,17.578125,-17.578125,-30.76171875,-43.9453125,17.578125,-13.5,-7.0,12.7,10.4,8.9,-4.8
8.741380416002357,8.744329875014955,26.669380845803207,17.779587230535473,-22.224484038169322,7.648185434975076,11.472278152462614,40.00407126870481,24.78515625,16.69921875,-20.56640625,9.140625,12.919921875,39.19921875,26.3671875,17.578125,-17.578125,-30.76171875,-43.9453125,17.578125,-12.5,-7.0,11.9,10.4,8.7,-4.8
8.74434420801117,8.747309708007379,26.692362714269464,17.794908476179646,-22.243635595224557,7.55679738237762,11.335196073566427,40.038544071404196,24.873046875,16.69921875,-20.654296875,9.052734375,12.83203125,39.19921875,26.3671875,13.18359375,-17.578125,-30.76171875,-43.9453125,17.578125,-12.5,-7.0,11.1,10.4,8.7,-4.7
8.747320374997798,8.750341416016454,26.714138912760728,17.809425941840484,-22.261782427300602,7.464883653490075,11.197325480235113,40.07120836914109,24.873046875,16.787109375,-20.654296875,8.96484375,12.65625,39.287109375,21.97265625,13.18359375,-17.578125,-30.76171875,-43.9453125,17.578125,-12.5,-6.2,11.9,10.4,8.7,-4.7
8.750352375005605,8.753332541004056,26.734977207430585,17.823318138287057,-22.27914767285882,7.371104743506511,11.056657115259767,40.102465811145876,24.9609375,16.787109375,-20.7421875,8.876953125,12.568359375,39.287109375,21.97265625,13.18359375,-17.578125,-30.76171875,-43.9453125,17.578125,-12.5,-7.0,11.1,10.4,10.6,-4.7
8.75335716601694,8.756332499993732,26.754282836020096,17.836188557346734,-22.295235696683413,7.278034812203574,10.91705221830536,40.131424254030144,25.048828125,16.875,-20.7421875,8.7890625,12.48046875,39.375,21.97265625,13.18359375,-17.578125,-30.76171875,-43.9453125,17.578125,-11.7,-6.2,11.0,10.4,10.6,-3.9
8.756342291017063,8.759332790999906,26.77213092613705,17.848087284091367,-22.310109105114226,7.1854509759770115,10.778176463965517,40.15819638920557,25.048828125,16.875,-20.830078125,8.701171875,12.3046875,39.375,21.97265625,13.18359375,-17.578125,-30.76171875,-43.9453125,17.578125,-11.7,-6.3,10.2,10.4,10.6,-4.7
8.759342416014988,8.762285833014175,26.788727347922382,17.859151565281586,-22.323939456601984,7.092286092874284,10.638429139311427,40.18309102188357,25.13671875,16.875,-20.91796875,8.61328125,12.12890625,39.375,21.97265625,13.18359375,-17.578125,-30.76171875,-43.9453125,17.578125,-11.7,-6.3,10.2,10.4,9.8,-4.7
8.762294832995394,8.765315166005166,26.80374282985019,17.869161886566793,-22.336452358208508,7.000496958833158,10.500745438249737,40.20561424477528,25.13671875,16.962890625,-20.91796875,8.525390625,12.041015625,39.375,21.97265625,13.18359375,-17.578125,-30.76171875,-43.9453125,17.578125,-11.9,-5.5,10.2,10.4,8.7,-4.7
8.765327541012084,8.768448540999088,26.81780223178274,17.87853482118849,-22.348168526485598,6.90611034252874,10.35916551379311,40.22670334767411,25.224609375,16.962890625,-20.91796875,8.4375,11.865234375,39.462890625,21.97265625,13.18359375,-17.578125,-30.76171875,-43.9453125,17.578125,-11.9,-5.5,10.2,10.4,8.7,-4.0
8.768476083001588,8.772228874993743,26.830931330519025,17.88728755367935,-22.359109442099186,6.808018794174196,10.212028191261293,40.24639699577853,25.3125,17.05078125,-21.005859375,8.349609375,11.77734375,39.462890625,21.97265625,13.18359375,-17.578125,-26.3671875,-43.9453125,17.578125,-11.1,-4.7,9.4,10.4,9.5,-4.8
8.77226037500077,8.775338333012769,26.84472738328869,17.89648492219246,-22.370606152740574,6.689999085510889,10.034998628266335,40.26709107493304,25.400390625,17.05078125,-21.005859375,8.26171875,11.6015625,39.462890625,21.97265625,13.18359375,-17.578125,-26.3671875,-43.9453125,8.7890625,-10.3,-5.5,9.4,9.6,10.4,-4.8
8.775361915992107,8.778267624991713,26.854414641223354,17.902943094148903,-22.378678867686116,6.593183862426064,9.889775793639094,40.28162196183503,25.400390625,17.05078125,-21.09375,8.0859375,11.42578125,39.55078125,21.97265625,13.18359375,-17.578125,-26.3671875,-43.9453125,8.7890625,-10.3,-5.5,9.4,8.8,10.4,-4.0
8.778293458017288,8.781244165991666,26.862225996775052,17.9081506645167,-22.385188330645878,6.501610828447618,9.75241624267143,40.29333899516258,25.48828125,17.138671875,-21.09375,7.998046875,11.25,39.55078125,21.97265625,13.18359375,-13.18359375,-26.3671875,-43.9453125,8.7890625,-9.5,-4.7,9.4,9.6,9.6,-4.0
8.781267250014935,8.784261666005477,26.86881146696534,17.912540977976892,-22.3906762224711,6.408662149090197,9.612993223635296,40.30321720044801,25.48828125,17.138671875,-21.181640625,7.91015625,11.162109375,39.55078125,21.97265625,13.18359375,-13.18359375,-26.3671875,-43.9453125,8.7890625,-10.2,-4.7,8.6,10.4,10.4,-4.0
8.784286125010112,8.787249707995215,26.874115021913198,17.916076681275467,-22.395095851594345,6.31425504709265,9.471382570638974,40.3111725328698,25.576171875,17.138671875,-21.181640625,7.822265625,10.986328125,39.55078125,21.97265625,8.7890625,-13.18359375,-26.3671875,-43.9453125,8.7890625,-9.4,-4.7,8.6,10.4,10.4,-4.9
8.787274708010955,8.790255083004013,26.877991395265244,17.918660930176827,-22.398326162721048,6.220754600263798,9.331131900395699,40.31698709289786,25.6640625,17.2265625,-21.26953125,7.734375,10.810546875,39.638671875,17.578125,8.7890625,-13.18359375,-35.15625,-48.33984375,8.7890625,-8.6,-3.9,7.8,10.4,9.6,-4.1
8.790277874999447,8.79318845801754,26.880507108530406,17.920338072353605,-22.40042259044202,6.12676553177899,9.190148297668484,40.32076066279561,25.6640625,17.2265625,-21.26953125,7.646484375,10.72265625,39.638671875,17.578125,8.7890625,-13.18359375,-35.15625,-48.33984375,8.7890625,-8.6,-3.9,7.8,9.6,10.5,-4.1
8.793215999990935,8.796268416015664,26.881627777166408,17.921085184777603,-22.40135648097199,6.034788787141748,9.052183180712623,40.322441665749615,25.6640625,17.2265625,-21.26953125,7.55859375,10.546875,39.638671875,17.578125,8.7890625,-13.18359375,-35.15625,-48.33984375,8.7890625,-8.6,-3.9,7.8,9.4,9.7,-3.9
8.796295000007376,8.799271583004156,26.881377230309898,17.920918153539933,-22.401147691924912,5.938386049865553,8.90757907479833,40.32206584546485,25.751953125,17.2265625,-21.357421875,7.470703125,10.37109375,39.638671875,17.578125,8.7890625,-13.18359375,-35.15625,-48.33984375,8.7890625,-7.8,-3.8,7.0,9.4,9.7,-3.9
8.799296250013867,8.802268666011514,26.87972752897248,17.91981835264832,-22.399772940810397,5.844410575933582,8.766615863900373,40.31959129345872,25.751953125,17.2265625,-21.357421875,7.3828125,10.1953125,39.638671875,17.578125,8.7890625,-13.18359375,-35.15625,-48.33984375,8.7890625,-7.8,-3.8,7.0,9.4,9.7,-3.9
8.802293540997198,8.805262416019104,26.876693514931947,17.9177956766213,-22.397244595776634,5.750560720541276,8.625841080811913,40.31504027239792,25.751953125,17.314453125,-21.357421875,7.294921875,10.107421875,39.638671875,17.578125,8.7890625,-13.18359375,-35.15625,-48.33984375,8.7890625,-7.7,-3.0,7.0,10.6,9.5,-3.9
8.80528695799876,8.808231791015714,26.872279032364688,17.914852688243123,-22.39356586030389,5.656842368829018,8.485263553243527,40.30841854854703,25.83984375,17.314453125,-21.4453125,7.20703125,9.931640625,39.7265625,17.578125,8.7890625,-13.18359375,-35.15625,-48.33984375,8.7890625,-6.9,-3.0,6.2,10.6,7.9,-3.2
8.808258583012503,8.811304250004468,26.866526982096552,17.91101798806437,-22.38877248508045,5.563824832819409,8.345737249229114,40.29979047314483,25.83984375,17.314453125,-21.4453125,7.119140625,9.84375,39.7265625,8.7890625,8.7890625,-13.18359375,-30.76171875,-48.33984375,8.7890625,-6.9,-3.0,6.2,11.4,7.9,-3.2
8.811332125012996,8.81531554099638,26.85914080069396,17.90609386712931,-22.38261733391165,5.467645525212962,8.201468287819441,40.28871120104095,25.927734375,17.314453125,-21.4453125,6.943359375,9.580078125,39.7265625,8.7890625,8.7890625,-13.18359375,-30.76171875,-48.33984375,4.39453125,-6.1,-3.0,6.2,9.6,7.7,-3.2
8.815350000018952,8.819310624996433,26.847280275999253,17.898186850666168,-22.372733563332705,5.341974509995495,8.012961764993243,40.27092041399888,25.927734375,17.40234375,-21.533203125,6.85546875,9.4921875,39.7265625,8.7890625,8.7890625,-13.18359375,-30.76171875,-48.33984375,4.39453125,-6.1,-2.2,5.4,10.4,9.3,-2.3
8.81934287500917,8.824797375011258,26.83301681465023,17.888677876433487,-22.36084734554186,5.217170774388209,7.825756161582313,40.24952522197534,26.015625,17.40234375,-21.533203125,6.6796875,9.31640625,39.7265625,8.7890625,8.7890625,-8.7890625,-30.76171875,-48.33984375,4.39453125,-5.3,-2.2,5.4,9.6,9.9,-2.3
8.824834708007984,8.828253707994008,26.80936383966066,17.872909226440438,-22.341136533050534,5.045691723668107,7.5685375855021615,40.214045759490986,26.015625,17.40234375,-21.533203125,6.50390625,9.052734375,39.7265625,8.7890625,4.39453125,-8.7890625,-30.76171875,-48.33984375,4.39453125,-5.3,-2.2,5.4,8.8,9.1,-2.3
8.828286291012773,8.831261500017717,26.79210672155113,17.861404481034086,-22.326755601292607,4.938044814359895,7.407067221539843,40.1881600823267,26.103515625,17.40234375,-21.533203125,6.416015625,8.96484375,39.7265625,8.7890625,4.39453125,-8.7890625,-30.76171875,-43.9453125,0.0,-4.5,-2.2,5.4,9.6,8.3,-2.3
8.831288832996506,8.834239874995546,26.775593737186643,17.850395824791097,-22.31299478098887,4.8444945600507925,7.266741840076188,40.163390605779966,26.103515625,17.40234375,-21.533203125,6.328125,8.7890625,39.7265625,8.7890625,4.39453125,-8.7890625,-30.76171875,-43.9453125,0.0,-4.5,-2.2,5.4,10.4,7.8,-2.3
8.834265250014141,8.837252458004514,26.757846529366624,17.83856435291108,-22.29820544113884,4.751852031047363,7.127778046571045,40.13676979404993,26.103515625,17.40234375,-21.533203125,6.240234375,8.701171875,39.7265625,8.7890625,4.39453125,-8.7890625,-30.76171875,-43.9453125,0.0,-3.7,-2.4,5.5,10.4,8.6,-1.5
8.837275708006928,8.84026145801181,26.738501500140945,17.825667666760634,-22.282084583450796,4.658253775274778,6.987380662912166,40.10775225021142,26.103515625,17.40234375,-21.533203125,6.15234375,8.525390625,39.7265625,8.7890625,4.39453125,-8.7890625,-30.76171875,-43.9453125,0.0,-3.7,-2.4,4.7,10.4,8.6,-1.5
8.840287333005108,8.843279916007305,26.717746243970335,17.811830829313557,-22.264788536641937,4.564732650611426,6.847098975917141,40.07661936595551,26.103515625,17.40234375,-21.533203125,6.064453125,8.4375,39.7265625,8.7890625,4.39453125,0.0,-30.76171875,-43.9453125,0.0,-3.8,-2.4,4.7,10.4,10.6,-1.5
8.84331349999411,8.846260457998142,26.69547867711824,17.796985784745488,-22.246232230931863,4.470883282458303,6.706324923687456,40.043218015677354,26.19140625,17.40234375,-21.533203125,5.9765625,8.26171875,39.7265625,8.7890625,0.0,0.0,-30.76171875,-43.9453125,0.0,-3.0,-1.6,4.7,10.4,10.6,-0.7
8.846289000008255,8.849270708014956,26.672205053284436,17.781470035522958,-22.2268375444037,4.378734618134109,6.568101927201163,40.00830757992666,26.19140625,17.40234375,-21.62109375,5.888671875,8.173828125,39.7265625,8.7890625,0.0,0.0,-30.76171875,-43.9453125,0.0,-3.0,-1.6,3.9,10.4,11.4,-0.7
8.849296833010158,8.85223833299824,26.647290393757633,17.764860262505092,-22.20607532813135,4.28572393991562,6.42858590987343,39.97093559063645,26.19140625,17.40234375,-21.62109375,5.80078125,7.998046875,39.7265625,8.7890625,0.0,0.0,-30.76171875,-43.9453125,0.0,-3.0,-1.6,3.9,10.4,10.5,-0.7
8.852262333006365,8.855261666001752,26.621361715717825,17.747574477145214,-22.18446809643151,4.194168159702307,6.291252239553462,39.93204257357674,26.19140625,17.40234375,-21.62109375,5.712890625,7.822265625,39.7265625,8.7890625,0.0,0.0,-30.76171875,-43.9453125,0.0,-2.2,-1.6,3.8,10.4,8.9,0.1
8.855288582999492,8.858249750017421,26.593506838267448,17.729004558844967,-22.161255698556204,4.100895075510419,6.151342613265628,39.890260257401174,26.19140625,17.40234375,-21.62109375,5.625,7.646484375,39.7265625,8.7890625,0.0,0.0,-30.76171875,-43.9453125,0.0,-2.2,-1.5,3.8,10.4,8.9,0.1
8.858297416009009,8.861288790998515,26.564417331532447,17.709611554354964,-22.13701444294371,4.0083262982546914,6.012489447382037,39.84662599729867,26.19140625,17.40234375,-21.708984375,5.537109375,7.55859375,39.7265625,8.7890625,0.0,-8.7890625,-30.76171875,-43.9453125,0.0,-2.2,-1.5,2.2,10.4,9.7,0.1
8.861319499992533,8.864271166006802,26.53380191665518,17.689201277770117,-22.11150159721264,3.915527043520022,5.873290565280033,39.80070287498277,26.19140625,17.40234375,-21.708984375,5.361328125,7.3828125,39.7265625,8.7890625,0.0,-8.7890625,-30.76171875,-43.9453125,0.0,-2.2,-0.7,2.2,9.6,9.5,0.1
8.864296165993437,8.867326333012898,26.502279626708034,17.668186417805355,-22.08523302225668,3.8243048918375586,5.736457337756338,39.753419440062046,26.19140625,17.490234375,-21.708984375,5.2734375,7.294921875,39.7265625,8.7890625,0.0,-8.7890625,-30.76171875,-43.9453125,0.0,-1.4,0.1,2.2,9.6,10.3,-0.0
8.867358791001607,8.871322874998441,26.468433856950682,17.645622571300457,-22.05702821412557,3.7306466642613243,5.595969996391987,39.70265078542602,26.19140625,17.490234375,-21.796875,5.2734375,7.119140625,39.7265625,0.0,0.0,-8.7890625,-30.76171875,-48.33984375,0.0,-1.4,0.1,1.4,10.4,9.5,-0.0
8.871355333016254,8.875289165996946,26.42211666834755,17.61474444556503,-22.01843055695629,3.60874616187235,5.413119242808526,39.63317500252132,26.19140625,17.490234375,-21.884765625,5.09765625,6.943359375,39.7265625,0.0,0.0,-8.7890625,-30.76171875,-48.33984375,0.0,-1.4,0.1,-0.5,9.6,9.6,-0.0
8.875328499998432,8.87937129099737,26.3736634593112,17.582442306207465,-21.97805288275933,3.4879345645664634,5.231901846849696,39.5604951889668,26.19140625,17.490234375,-21.884765625,4.921875,6.767578125,39.7265625,0.0,0.0,-8.7890625,-30.76171875,-48.33984375,0.0,-0.6,0.2,-0.5,9.6,8.8,-0.0
8.87945716601098,8.88335120800184,26.320779785474002,17.547186523649334,-21.93398315456167,3.3628140047526096,5.044221007128914,39.481169678211,26.19140625,17.490234375,-21.884765625,4.833984375,6.50390625,39.7265625,0.0,0.0,-8.7890625,-30.76171875,-48.33984375,0.0,-0.6,0.2,-0.5,8.8,7.8,-0.0
8.883399125013966,8.887323625007411,26.267886029448494,17.51192401963233,-21.88990502454041,3.2437713661812575,4.865657049271887,39.401829044172736,26.19140625,17.490234375,-21.884765625,4.658203125,6.328125,39.7265625,0.0,4.39453125,-8.7890625,-30.76171875,-48.33984375,0.0,0.2,0.2,-0.5,9.6,8.6,-0.0
8.88737141599995,8.8914402500086,26.21222122749436,17.47481415166291,-21.843517689578626,3.1242481019408146,4.686372152911222,39.318331841241545,26.19140625,17.490234375,-21.884765625,4.39453125,6.240234375,39.7265625,0.0,4.39453125,-8.7890625,-39.55078125,-48.33984375,0.0,0.2,0.2,-0.5,8.0,10.2,0.8
8.891499332996318,8.895372625003802,26.15187157768348,17.434581051788985,-21.793226314736238,3.000527087739479,4.5007906316092186,39.22780736652522,26.19140625,17.490234375,-21.884765625,4.21875,5.9765625,39.7265625,0.0,4.39453125,-8.7890625,-39.55078125,-48.33984375,0.0,0.2,0.2,0.0,7.2,9.9,1.8
8.895424916001502,8.899338082992472,26.092122876695615,17.394748584463745,-21.743435730579677,2.883349451431642,4.325024177147462,39.138184315043425,26.19140625,17.490234375,-21.884765625,4.04296875,5.80078125,39.7265625,0.0,4.39453125,-8.7890625,-39.55078125,-48.33984375,0.0,0.2,-0.0,0.0,5.6,9.1,1.8
8.899387875018874,8.903326541010756,26.029485322119303,17.3529902147462,-21.691237768432746,2.765550125964582,4.148325188946873,39.044227983178956,26.19140625,17.490234375,-21.884765625,3.955078125,5.712890625,39.7265625,0.0,4.39453125,0.0,-39.55078125,-48.33984375,0.0,0.2,-0.0,0.0,6.4,9.5,3.4
8.903372250002576,8.90735795799992,25.964170850402674,17.309447233601784,-21.636809042002227,2.6476347355787824,3.971452103368173,38.946256275604014,26.19140625,17.490234375,-21.884765625,3.779296875,5.537109375,39.7265625,0.0,0.0,0.0,-39.55078125,-48.33984375,0.0,0.1,-0.0,0.0,6.2,10.3,4.3
8.907411749998573,8.911342708015582,25.895571594624588,17.26371439641639,-21.579642995520487,2.528641519135156,3.792962278702735,38.84335739193688,26.19140625,17.490234375,-21.884765625,3.69140625,5.2734375,39.7265625,0.0,0.0,0.0,-39.55078125,-43.9453125,0.0,0.1,-0.0,0.0,7.0,8.7,5.1
8.9114014999941,8.91531991600641,25.825476761165707,17.216984507443808,-21.52123063430476,2.411681382466195,3.6175220736992917,38.73821514174856,26.19140625,17.490234375,-21.884765625,3.603515625,5.09765625,39.7265625,0.0,0.0,0.0,-39.55078125,-43.9453125,0.0,0.1,-0.0,0.0,6.4,8.7,5.1
8.915367665991653,8.919324749993393,25.75350423790642,17.169002825270947,-21.461253531588678,2.29599168795666,3.4439875319349893,38.63025635685963,26.19140625,17.490234375,-21.884765625,3.515625,4.921875,39.7265625,0.0,0.0,0.0,-39.55078125,-43.9453125,0.0,0.1,-0.0,0.0,8.0,9.5,6.6
8.919370540999807,8.923332958016545,25.678562522982947,17.119041681988634,-21.39880210248579,2.1798366655565244,3.2697549983347862,38.51784378447442,26.19140625,17.490234375,-21.884765625,3.427734375,4.74609375,39.7265625,0.0,0.0,0.0,-39.55078125,-43.9453125,0.0,-0.0,-0.0,0.0,8.0,8.8,7.4
8.923387832997832,8.927370332996361,25.60103949832952,17.067359665553013,-21.334199581941274,2.0638949785313145,3.0958424677969716,38.40155924749428,26.19140625,17.490234375,-21.884765625,3.33984375,4.5703125,39.7265625,0.0,0.0,0.0,-39.55078125,-43.9453125,0.0,-0.0,-0.0,0.0,7.4,8.8,8.2
8.927429291012231,8.931349457998294,25.520729272545843,17.013819515030562,-21.267274393788203,1.947914759797239,2.9218721396958585,38.28109390881876,26.19140625,17.490234375,-21.884765625,3.251953125,4.39453125,39.638671875,0.0,0.0,0.0,-17.578125,-43.9453125,-4.39453125,0.8,-0.0,-0.8,9.0,9.6,9.0
8.931407625001157,8.935231875017053,25.439415706586573,16.959610471057715,-21.19951308882214,1.8344113110439677,2.7516169665659516,38.15912355987986,26.19140625,17.490234375,-21.884765625,3.1640625,4.21875,39.55078125,0.0,0.0,0.0,-17.578125,-43.9453125,-4.39453125,0.8,-0.0,-0.9,9.0,8.0,9.0
8.93526420800481,8.938275416003307,25.358467793985724,16.90564519599048,-21.132056494988102,1.7250298369672619,2.587544755450893,38.03770169097859,26.19140625,17.490234375,-21.884765625,3.076171875,4.04296875,39.375,0.0,0.0,0.0,-17.578125,-43.9453125,-4.39453125,1.6,0.9,-1.7,8.2,8.0,7.4
8.93830483299098,8.941290499991737,25.293183153647746,16.86212210243183,-21.077652628039793,1.6392523665886294,2.4588785498829444,37.93977473047162,26.19140625,17.490234375,-21.884765625,2.98828125,3.955078125,39.287109375,0.0,0.0,0.0,-17.578125,-43.9453125,-4.39453125,1.6,0.9,-1.7,8.2,9.6,8.2
8.941324457991868,8.945278250001138,25.22708077247348,16.818053848315653,-21.022567310394564,1.554479215746008,2.331718823619012,37.84062115871022,26.19140625,17.490234375,-21.884765625,2.900390625,3.8671875,39.19921875,0.0,0.0,0.0,-17.578125,-43.9453125,-4.39453125,2.7,1.7,-2.5,8.8,9.7,8.2
8.945328541012714,8.94824291599798,25.137491233050522,16.75832748870035,-20.947909360875432,1.4427154852106892,2.1640732278160337,37.70623684957578,26.19140625,17.490234375,-21.884765625,2.8125,3.69140625,39.0234375,0.0,0.0,0.0,-26.3671875,-39.55078125,-4.39453125,3.5,1.7,-3.3,8.0,9.7,7.9
8.94827212500968,8.951205624995055,25.070231453109766,16.713487635406512,-20.89185954425814,1.3610335829976734,2.0415503744965102,37.60534717966465,26.19140625,17.490234375,-21.884765625,2.724609375,3.515625,38.935546875,0.0,0.0,0.0,-26.3671875,-39.55078125,-35.15625,3.5,2.5,-3.3,8.8,8.1,7.1
8.95122916600667,8.954230916016968,25.001479540026438,16.66765302668429,-20.83456628335536,1.2793968959260513,1.9190953438890772,37.502219310039656,26.19140625,17.490234375,-21.884765625,2.724609375,3.427734375,38.759765625,0.0,0.0,0.0,-26.3671875,-39.55078125,-35.15625,4.3,2.5,-4.4,9.6,7.8,6.3
8.954253791016527,8.957207125000423,24.929936007231532,16.619957338154354,-20.77494667269294,1.1963363436196246,1.794504515429437,37.3949040108473,26.19140625,17.490234375,-21.884765625,2.548828125,3.33984375,38.671875,0.0,0.0,0.0,-26.3671875,-39.55078125,-35.15625,5.1,3.5,-4.4,8.8,8.6,7.0
8.957233332999749,8.960230249998858,24.858260441599228,16.572173627732816,-20.715217034666022,1.1149586138377237,1.6724379207565856,37.287390662398835,26.19140625,17.490234375,-21.884765625,2.4609375,3.1640625,38.583984375,0.0,0.0,0.0,-26.3671875,-39.55078125,-35.15625,5.1,3.5,-5.2,8.0,8.6,7.8
8.9602649580047,8.963242083002115,24.784119777685863,16.52274651845724,-20.653433148071557,1.032619374534334,1.548929061801501,37.176179666528796,26.19140625,17.490234375,-21.884765625,2.4609375,3.1640625,38.49609375,0.0,0.0,0.0,-26.3671875,-39.55078125,-35.15625,6.0,4.3,-6.0,8.8,10.6,8.6
8.96326908300398,8.966217500012135,24.709454230204496,16.472969486803,-20.591211858503744,0.9514935023595641,1.427240253539346,37.06418134530674,26.19140625,17.490234375,-21.884765625,2.373046875,2.98828125,38.408203125,0.0,0.0,0.0,-26.3671875,-39.55078125,-35.15625,6.8,4.3,-6.0,8.8,10.6,9.1
8.966243083006702,8.969226582994452,24.634372009503384,16.422914673002253,-20.528643341252817,0.8716460940532952,1.3074691410799428,36.95155801425508,26.19140625,17.490234375,-21.884765625,2.28515625,2.900390625,38.3203125,0.0,0.0,0.0,-26.3671875,-39.55078125,-35.15625,7.6,5.1,-6.8,9.6,11.4,8.3
8.969252250011778,8.972256833018037,24.557230702494927,16.37148713499662,-20.464358918745777,0.791332918158282,1.186999377237423,36.835846053742394,26.19140625,17.490234375,-21.884765625,2.197265625,2.724609375,38.14453125,0.0,0.0,0.0,-26.3671875,-39.55078125,-35.15625,7.6,5.1,-6.8,9.6,10.5,7.5
8.972282083006576,8.97525337501429,24.478378580310235,16.31891905354016,-20.398648816925196,0.710962021063289,1.0664430315949334,36.71756787046536,26.19140625,17.490234375,-21.884765625,2.109375,2.63671875,38.056640625,0.0,0.0,0.0,-26.3671875,-39.55078125,-35.15625,8.4,5.9,-7.6,8.8,9.7,7.9
8.97528629100998,8.979325374995824,24.399032645572564,16.26602176371504,-20.332527204643803,0.6317676633671029,0.9476514950506545,36.59854896835884,26.19140625,17.490234375,-21.884765625,2.021484375,2.373046875,37.880859375,0.0,0.0,0.0,-26.3671875,-39.55078125,-35.15625,9.2,5.9,-8.4,8.8,9.7,7.9
8.979400375013938,8.983275833015796,24.28851528145008,16.19234352096672,-20.2404294012084,0.5241317999979508,0.7861976999969262,36.43277292217512,26.19140625,17.490234375,-21.884765625,1.93359375,2.28515625,37.705078125,0.0,0.0,0.0,-26.3671875,-39.55078125,-35.15625,10.1,6.7,-8.4,9.6,9.5,7.9
8.983303040993633,8.986257583019324,24.181712948958502,16.121141965972335,-20.151427457465413,0.4229145799265745,0.6343718698898617,36.27256942343775,26.103515625,17.490234375,-21.884765625,1.845703125,2.109375,37.529296875,0.0,0.0,0.0,-26.3671875,-39.55078125,-35.15625,10.1,7.5,-9.2,9.6,7.9,7.2
8.986287458013976,8.989343082997948,24.098763083778266,16.065842055852176,-20.08230256981522,0.34610550899486403,0.5191582634922961,36.1481446256674,26.103515625,17.490234375,-21.884765625,1.7578125,2.021484375,37.44140625,-4.39453125,0.0,0.0,-26.3671875,-43.9453125,-35.15625,10.1,7.5,-10.0,8.8,8.7,6.4
8.989370666007744,8.993252040992957,24.011916759894184,16.007944506596125,-20.009930633245155,0.2673017856324494,0.40095267844867405,36.01787513984127,26.103515625,17.490234375,-21.884765625,1.669921875,1.845703125,37.353515625,-4.39453125,0.0,0.0,-26.3671875,-43.9453125,-43.9453125,10.9,8.3,-10.8,8.8,8.7,7.2
8.993287457997212,8.997271291009383,23.899921258830567,15.933280839220378,-19.916601049025473,0.16800731810104652,0.2520109771515698,35.84988188824585,26.103515625,17.490234375,-21.884765625,1.58203125,1.669921875,37.177734375,-4.39453125,0.0,0.0,-26.3671875,-43.9453125,-43.9453125,11.7,8.3,-10.8,9.6,8.7,7.1
8.997311250015628,9.001317165995715,23.78294347283947,15.855295648559647,-19.81911956069956,0.06696490002313178,0.10044735003469767,35.6744152092592,26.103515625,17.490234375,-21.884765625,1.494140625,1.494140625,37.08984375,-4.39453125,0.0,0.0,-26.3671875,-43.9453125,-43.9453125,12.5,9.1,-11.6,9.6,7.9,8.7
9.0013657080126,9.005263916013064,23.663128642660123,15.775419095106749,-19.719273868883437,-0.033842255998963185,-0.050763383998444774,35.49469296399018,26.015625,17.490234375,-21.884765625,1.318359375,1.318359375,36.9140625,-4.39453125,0.0,0.0,-26.3671875,-43.9453125,-43.9453125,12.3,9.9,-12.4,8.0,7.9,9.0
9.005303582991473,9.008385708002606,23.544914457475688,15.696609638317128,-19.62076204789641,-0.1307691049868005,-0.19615365748020072,35.317371686213534,26.015625,17.490234375,-21.796875,1.142578125,1.23046875,36.73828125,-4.39453125,0.0,0.0,-30.76171875,-35.15625,-43.9453125,13.1,10.7,-12.4,8.0,9.5,8.2
9.00842399999965,9.012368625000818,23.449965785522096,15.633310523681399,-19.54163815460175,-0.20687810923931083,-0.31031716385896624,35.174948678283144,26.015625,17.490234375,-21.796875,1.0546875,1.142578125,36.650390625,-4.39453125,0.0,0.0,-30.76171875,-35.15625,-35.15625,13.9,11.5,-13.2,7.2,8.9,8.2
9.012427833018592,9.016302791016642,23.326507374815893,15.55100491654393,-19.43875614567991,-0.3036189813254982,-0.4554284719882473,34.989761062223835,26.015625,17.490234375,-21.708984375,0.966796875,0.966796875,36.474609375,-4.39453125,0.0,0.0,-30.76171875,-35.15625,-35.15625,14.7,11.5,-13.1,7.8,8.9,9.6
9.016353000013623,9.02059979099431,23.203721055567577,15.469147370378385,-19.336434212972982,-0.3974470029947978,-0.5961705044921967,34.80558158335136,25.927734375,17.490234375,-21.708984375,0.791015625,0.791015625,36.298828125,-4.39453125,0.0,8.7890625,-30.76171875,-35.15625,-35.15625,15.5,12.4,-13.9,7.0,8.9,9.6
9.020684125018306,9.026350166008342,23.066251606261908,15.377501070841271,-19.22187633855159,-0.4997993115784316,-0.7496989673676474,34.59937740939286,25.927734375,17.490234375,-21.62109375,0.615234375,0.703125,36.03515625,-4.39453125,0.0,8.7890625,-30.76171875,-35.15625,-35.15625,16.5,13.2,-14.7,6.4,10.5,8.7
9.02641125000082,9.03025554100168,22.881334677200662,15.254223118133774,-19.067778897667218,-0.6332106184377698,-0.9498159276566547,34.32200201580099,25.83984375,17.490234375,-21.62109375,0.52734375,0.52734375,35.859375,-8.7890625,0.0,8.7890625,-30.76171875,-35.15625,-35.15625,17.3,14.0,-15.5,7.2,9.7,8.7
9.03030545799993,9.034255208011018,22.753595344367504,15.169063562911669,-18.961329453639586,-0.7226495339621803,-1.0839743009432705,34.13039301655126,25.751953125,17.40234375,-21.533203125,0.439453125,0.3515625,35.68359375,-8.7890625,0.0,8.7890625,-30.76171875,-35.15625,-43.9453125,17.3,14.0,-15.5,6.4,8.7,7.9
9.03429683300783,9.038227333017858,22.621017271780367,15.080678181186912,-18.85084772648364,-0.8132334039904746,-1.219850105985712,33.931525907670554,25.6640625,17.40234375,-21.4453125,0.3515625,0.17578125,35.5078125,-8.7890625,0.0,8.7890625,-30.76171875,-35.15625,-43.9453125,17.3,14.7,-15.5,7.2,8.7,8.0
9.038260875007836,9.041388832993107,22.48772039413194,14.991813596087962,-18.73976699510995,-0.9020950141654157,-1.3531425212481234,33.73158059119791,25.576171875,17.314453125,-21.357421875,0.263671875,0.0,35.33203125,-8.7890625,0.0,13.18359375,-30.76171875,-35.15625,-43.9453125,17.3,13.9,-15.5,7.2,8.8,9.6
9.041418915992836,9.045359957992332,22.380385233076925,14.92025682205128,-18.650321027564107,-0.9720940480383393,-1.4581410720575092,33.57057784961538,25.48828125,17.314453125,-21.26953125,0.263671875,0.0,35.15625,-8.7890625,-8.7890625,13.18359375,-30.76171875,-35.15625,-43.9453125,16.9,14.7,-15.5,7.2,9.6,9.8
9.045387040998321,9.049315333017148,22.244106173496718,14.829404115664477,-18.536755144580596,-1.0590394363353894,-1.5885591545030842,33.36615926024508,25.400390625,17.2265625,-21.26953125,0.17578125,-0.17578125,34.98046875,-21.97265625,-8.7890625,13.18359375,-17.578125,-39.55078125,-43.9453125,17.7,14.7,-16.3,8.0,8.8,9.8
9.049343499995302,9.053261875000317,22.10669035628559,14.737793570857061,-18.422241963571327,-1.1445985861338845,-1.7168978792008265,33.16003553442839,25.224609375,17.138671875,-21.181640625,0.087890625,-0.3515625,34.8046875,-21.97265625,-8.7890625,13.18359375,-17.578125,-39.55078125,-43.9453125,16.9,14.7,-16.3,7.2,8.7,10.6
9.05328166601248,9.05628441600129,21.968414235929835,14.645609490619888,-18.30701186327486,-1.2286291961330498,-1.842943794199575,32.95262135389475,25.224609375,17.05078125,-21.09375,0.0,-0.52734375,34.62890625,-21.97265625,-8.7890625,13.18359375,-17.578125,-39.55078125,-43.9453125,17.7,14.5,-16.1,8.0,8.7,10.5
9.056303000019398,9.059425457991892,21.86133634895614,14.574224232637427,-18.21778029079678,-1.2923235032589713,-1.9384852548884568,32.79200452343421,25.13671875,17.05078125,-21.005859375,-0.087890625,-0.615234375,34.453125,-21.97265625,-8.7890625,21.97265625,-17.578125,-39.55078125,-43.9453125,17.7,15.3,-16.1,7.2,8.7,10.5
9.059443250007462,9.063266375014791,21.749145485496374,14.49943032366425,-18.124287904580314,-1.3578071067404192,-2.0367106601106286,32.62371822824456,25.048828125,16.962890625,-21.005859375,-0.17578125,-0.703125,34.27734375,-21.97265625,-8.7890625,21.97265625,-17.578125,-39.55078125,-43.9453125,17.7,14.5,-16.9,7.2,8.0,11.3
9.063284333009506,9.066394166002283,21.610692471842995,14.407128314561996,-18.008910393202495,-1.4369026317735023,-2.1553539476602537,32.416038707764486,24.873046875,16.962890625,-20.91796875,-0.263671875,-0.791015625,34.013671875,-21.97265625,-17.578125,21.97265625,-17.578125,-39.55078125,-43.9453125,16.9,15.3,-16.9,7.2,8.8,10.5
9.066411250008969,9.070288125018124,21.49700540657091,14.33133693771394,-17.91417117214242,-1.5004710955288383,-2.2507066432932574,32.24550810985637,24.78515625,16.875,-20.830078125,-0.3515625,-0.87890625,33.92578125,-30.76171875,-17.578125,21.97265625,-21.97265625,-30.76171875,-43.9453125,16.9,15.3,-16.9,6.4,9.6,10.5
9.070309916016413,9.074275541002862,21.35405636786498,14.236037578576653,-17.795046973220813,-1.5786883434354904,-2.3680325151532355,32.03108455179747,24.697265625,16.875,-20.7421875,-0.3515625,-1.0546875,33.662109375,-30.76171875,-17.578125,21.97265625,-21.97265625,-30.76171875,-52.734375,17.7,16.1,-16.9,8.0,8.9,10.5
9.074312208016636,9.07831325000734,21.205947621972754,14.137298414648502,-17.671623018310633,-1.657773874802018,-2.4866608122030276,31.808921432959135,24.521484375,16.787109375,-20.654296875,-0.439453125,-1.142578125,33.3984375,-30.76171875,-17.578125,21.97265625,-21.97265625,-30.76171875,-52.734375,16.9,16.2,-16.9,8.0,8.9,9.4
9.07835191601771,9.081267500005197,21.055089180285236,14.036726120190158,-17.54590765023769,-1.7363446096063924,-2.6045169144095883,31.58263377042785,24.43359375,16.69921875,-20.56640625,-0.52734375,-1.318359375,33.22265625,-30.76171875,-17.578125,21.97265625,-21.97265625,-30.76171875,-52.734375,17.7,16.2,-16.9,7.2,7.9,10.2
9.081295957992552,9.084207708016038,20.944302198509458,13.962868132339642,-17.453585165424553,-1.7928055586643126,-2.689208337996469,31.416453297764193,24.345703125,16.611328125,-20.478515625,-0.615234375,-1.40625,33.046875,-30.76171875,-17.578125,21.97265625,-21.97265625,-30.76171875,-52.734375,17.6,16.2,-16.9,7.2,7.1,10.5
9.084236416005297,9.087230041011935,20.83295347733775,13.888635651558499,-17.36079456444812,-1.8485206572325743,-2.7727809858488612,31.249430216006623,24.2578125,16.611328125,-20.390625,-0.615234375,-1.494140625,32.87109375,-30.76171875,-17.578125,21.97265625,-21.97265625,-35.15625,-52.734375,17.6,16.2,-16.9,8.0,7.9,10.5
9.087258290994214,9.090197083016392,20.717809949187576,13.811873299458384,-17.264841624322976,-1.9050694862318762,-2.8576042293478143,31.07671492378136,24.169921875,16.5234375,-20.302734375,-0.703125,-1.58203125,32.6953125,-30.76171875,-17.578125,21.97265625,-21.97265625,-35.15625,-57.12890625,17.6,16.2,-16.9,7.2,8.7,10.5
9.090221332997316,9.093246833013836,20.604221172058896,13.736147448039265,-17.17018431004908,-1.9598158874091505,-2.9397238311137257,30.906331758088346,23.994140625,16.435546875,-20.302734375,-0.791015625,-1.669921875,32.51953125,-30.76171875,-17.578125,21.97265625,-21.97265625,-35.15625,-57.12890625,16.8,16.2,-17.7,7.2,8.9,10.5
9.093309666001005,9.096244915999705,20.48511993038711,13.656746620258076,-17.0709332753226,-2.0161341083730675,-3.024201162559601,30.727679895580668,23.994140625,16.435546875,-20.21484375,-0.87890625,-1.7578125,32.34375,-30.76171875,-17.578125,21.97265625,-21.97265625,-35.15625,-57.12890625,17.6,16.9,-17.7,7.2,8.1,10.3
9.096281625010306,9.099265291006304,20.369836994086814,13.57989132939121,-16.97486416173901,-2.069610419175086,-3.1044156287626294,30.55475549113022,23.818359375,16.34765625,-20.126953125,-0.966796875,-1.7578125,32.16796875,-30.76171875,-17.578125,21.97265625,-21.97265625,-35.15625,-57.12890625,16.8,16.9,-17.7,6.4,8.1,9.5
9.099300333007704,9.102263708016835,20.252082543190284,13.501388362126855,-16.876735452658576,-2.1232017581482103,-3.1848026372223157,30.378123814785425,23.73046875,16.34765625,-20.0390625,-0.966796875,-1.93359375,31.9921875,-30.76171875,-17.578125,21.97265625,-21.97265625,-35.15625,-57.12890625,16.7,16.9,-17.7,7.2,7.8,9.5
9.10229954100214,9.105287250014953,20.134446072838884,13.422964048559258,-16.77870506069907,-2.175718828120033,-3.2635782421800488,30.20166910925833,23.642578125,16.259765625,-19.951171875,-1.0546875,-2.021484375,31.81640625,-30.76171875,-17.578125,21.97265625,-21.97265625,-35.15625,-57.12890625,16.7,16.9,-17.7,7.2,7.8,10.5
9.10532504101866,9.108264250011416,20.015143762993844,13.34342917532923,-16.679286469161532,-2.2279577119380054,-3.3419365679070077,30.022715644490766,23.5546875,16.171875,-19.86328125,-1.142578125,-2.021484375,31.640625,-30.76171875,-17.578125,21.97265625,-17.578125,-26.3671875,-57.12890625,17.5,16.9,-17.7,6.4,8.6,9.7
9.108295500016538,9.111289958003908,19.89740586379384,13.264937242529228,-16.581171553161532,-2.2785215112173964,-3.4177822668260944,29.846108795690764,23.466796875,16.171875,-19.775390625,-1.142578125,-2.109375,31.46484375,-30.76171875,-17.578125,21.97265625,-17.578125,-26.3671875,-57.12890625,17.5,17.7,-17.7,7.2,8.1,10.5
9.11132766600349,9.11526112499996,19.776617396212842,13.184411597475227,-16.48051449684404,-2.329392063876582,-3.4940880958148735,29.66492609431926,23.37890625,16.083984375,-19.775390625,-1.23046875,-2.197265625,31.2890625,-30.76171875,-17.578125,21.97265625,-17.578125,-26.3671875,-57.12890625,17.5,17.7,-18.4,6.4,8.9,10.4
9.115289000008488,9.1182439160184,19.617918906319982,13.07861260421332,-16.34826575526665,-2.394714492692059,-3.592071739038089,29.42687835947997,23.203125,15.99609375,-19.6875,-1.318359375,-2.28515625,31.11328125,-30.76171875,-17.578125,21.97265625,-17.578125,-26.3671875,-57.12890625,16.7,17.7,-18.4,7.2,8.9,8.8
9.118273291009245,9.121221291017719,19.49771067427697,12.998473782851313,-16.248092228564143,-2.443071485260365,-3.6646072278905475,29.246566011415453,23.115234375,15.908203125,-19.599609375,-1.40625,-2.373046875,30.9375,-30.76171875,-17.578125,26.3671875,-17.578125,-26.3671875,-57.12890625,17.5,16.9,-18.4,6.4,8.0,8.8
9.121248957992066,9.124236250005197,19.377307772864327,12.918205181909551,-16.147756477386935,-2.4905552355038454,-3.7358328532557676,29.065961659296494,23.02734375,15.908203125,-19.51171875,-1.40625,-2.4609375,30.76171875,-30.76171875,-17.578125,26.3671875,-17.578125,-26.3671875,-57.12890625,17.6,17.7,-18.4,6.4,8.8,8.6
9.124274791014614,9.128293791000033,19.254334653270757,12.836223102180504,-16.045278877725636,-2.538085953005326,-3.807128929507989,28.88150197990614,22.8515625,15.8203125,-19.423828125,-1.494140625,-2.548828125,30.5859375,-35.15625,-17.578125,26.3671875,-21.97265625,-21.97265625,-57.12890625,16.8,17.7,-18.4,6.4,8.8,9.4
9.128344416007167,9.132320958015043,19.088107643006417,12.725405095337612,-15.906756369172014,-2.600810447652303,-3.9012156714784543,28.632161464509625,22.763671875,15.732421875,-19.3359375,-1.58203125,-2.63671875,30.322265625,-35.15625,-17.578125,26.3671875,-21.97265625,-21.97265625,-57.12890625,17.6,17.7,-18.4,5.6,8.0,10.2
9.132425957999658,9.136192500009201,18.920467686135176,12.613645124090116,-15.767056405112639,-2.662328201709177,-3.993492302563766,28.38070152920276,22.67578125,15.64453125,-19.248046875,-1.58203125,-2.8125,30.146484375,-35.15625,-17.578125,26.3671875,-21.97265625,-21.97265625,-57.12890625,18.4,18.5,-19.3,7.2,7.2,11.4
9.136228165996727,9.139251457992941,18.763498743685066,12.508999162456712,-15.63624895307089,-2.718378499021797,-4.0775677485326955,28.1452481155276,22.587890625,15.556640625,-19.072265625,-1.669921875,-2.900390625,29.970703125,-35.15625,-17.578125,26.3671875,-21.97265625,-21.97265625,-57.12890625,18.4,18.5,-18.5,6.4,7.2,11.4
9.139289208018454,9.142312000010861,18.63658666811668,12.424391112077789,-15.530488890097228,-2.7626190262386894,-4.143928539358034,27.95488000217502,22.5,15.46875,-19.072265625,-1.7578125,-2.900390625,29.794921875,-35.15625,-17.578125,26.3671875,-21.97265625,-21.97265625,-57.12890625,18.6,18.5,-19.3,5.6,7.1,11.4
9.142344874999253,9.146269000018947,18.50943291715375,12.339621944769167,-15.424527430961465,-2.805993528686533,-4.2089902930297995,27.764149375730625,22.412109375,15.380859375,-18.984375,-1.7578125,-2.98828125,29.619140625,-35.15625,-21.97265625,26.3671875,-21.97265625,-21.97265625,-57.12890625,19.4,17.7,-19.3,6.4,7.9,12.1
9.1462994159956,9.149177250015782,18.344211373426297,12.229474248950863,-15.286842811188581,-2.860955296356438,-4.291432944534658,27.516317060139443,22.236328125,15.29296875,-18.80859375,-1.845703125,-3.076171875,29.35546875,-26.3671875,-21.97265625,26.3671875,-17.578125,-26.3671875,-57.12890625,18.6,18.5,-19.3,5.6,7.9,12.1
9.149202958011301,9.152188708016183,18.222442321547554,12.148294881031703,-15.18536860128963,-2.9004661886771443,-4.350699283015716,27.33366348232133,22.236328125,15.29296875,-18.720703125,-1.93359375,-3.1640625,29.1796875,-26.3671875,-21.97265625,26.3671875,-17.578125,-26.3671875,-57.12890625,19.4,18.5,-19.3,6.4,7.3,10.5
9.152211790991714,9.155173500010278,18.0958641068175,12.063909404545,-15.07988675568125,-2.940654692419201,-4.410982038628801,27.14379616022625,22.1484375,15.205078125,-18.6328125,-1.93359375,-3.1640625,29.00390625,-26.3671875,-21.97265625,26.3671875,-17.578125,-26.3671875,-57.12890625,19.4,18.5,-19.3,6.4,8.1,9.4
9.15519404099905,9.158218833006686,17.970023648093708,11.980015765395807,-14.975019706744751,-2.979728479201384,-4.469592718802076,26.955035472140562,21.97265625,15.1171875,-18.544921875,-2.021484375,-3.251953125,28.740234375,-26.3671875,-21.97265625,26.3671875,-17.578125,-26.3671875,-57.12890625,19.4,18.4,-19.3,5.6,8.1,8.6
9.158248249994358,9.161220000009052,17.84076943531934,11.893846290212894,-14.867307862766118,-3.01896008317883,-4.528440124768244,26.761154152979014,21.97265625,15.1171875,-18.45703125,-2.021484375,-3.33984375,28.564453125,-26.3671875,-21.97265625,26.3671875,-17.578125,-26.3671875,-57.12890625,20.2,19.2,-19.3,5.6,7.1,10.2
9.161244999995688,9.164254791015992,17.713590860873715,11.809060573915811,-14.761325717394763,-3.0566805624644693,-4.585020843696704,26.57038629131057,21.884765625,15.029296875,-18.45703125,-2.109375,-3.33984375,28.388671875,-26.3671875,-21.97265625,26.3671875,-17.578125,-26.3671875,-57.12890625,21.0,19.2,-20.1,5.6,7.9,10.5
9.164270665991353,9.16726237500552,17.58484261936145,11.723228412907634,-14.654035516134549,-3.093987313058188,-4.640980969587282,26.377263929042176,21.708984375,14.94140625,-18.369140625,-2.109375,-3.427734375,28.30078125,-30.76171875,-21.97265625,26.3671875,-13.18359375,-21.97265625,-57.12890625,20.2,19.2,-20.1,5.6,7.9,12.1
9.167275332991267,9.170225833018776,17.456662456408576,11.637774970939052,-14.547218713673816,-3.1302611007626036,-4.695391651143905,26.184993684612866,21.62109375,14.853515625,-18.28125,-2.197265625,-3.515625,28.125,-30.76171875,-21.97265625,26.3671875,-13.18359375,-21.97265625,-57.12890625,20.2,19.2,-20.1,5.6,7.1,12.1
9.170234207995236,9.173181874997681,17.33013349180596,11.553422327870642,-14.44177790983831,-3.1652276762997875,-4.747841514449681,25.995200237708943,21.62109375,14.765625,-18.193359375,-2.197265625,-3.515625,27.861328125,-30.76171875,-21.97265625,26.3671875,-13.18359375,-21.97265625,-57.12890625,21.0,19.2,-20.1,5.6,8.0,12.1
9.173205875005806,9.176279333012644,17.202770134224686,11.468513422816459,-14.335641778520573,-3.1995915021802457,-4.7993872532703685,25.804155201337032,21.533203125,14.677734375,-18.10546875,-2.28515625,-3.603515625,27.685546875,-30.76171875,-21.97265625,26.3671875,-13.18359375,-21.97265625,-57.12890625,21.8,19.3,-20.1,5.6,7.2,12.3
9.176288165996084,9.179242750018602,17.070376793625904,11.380251195750603,-14.225313994688255,-3.234435940736819,-4.851653911105229,25.605565190438856,21.4453125,14.58984375,-18.017578125,-2.28515625,-3.69140625,27.421875,-30.76171875,-21.97265625,26.3671875,-13.18359375,-21.97265625,-57.12890625,21.8,19.3,-20.9,5.6,7.2,12.3
9.179251374996966,9.182265041017672,16.942836125364497,11.29522408357633,-14.119030104470406,-3.2671672663580904,-4.900750899537136,25.414254188046744,21.357421875,14.501953125,-17.9296875,-2.373046875,-3.69140625,27.24609375,-30.76171875,-21.97265625,26.3671875,-13.18359375,-21.97265625,-57.12890625,21.8,19.3,-20.9,4.8,8.1,12.3
9.182272541016573,9.185198999999557,16.812551392323403,11.208367594882267,-14.010459493602834,-3.2997646547501973,-4.949646982125296,25.218827088485103,21.26953125,14.501953125,-17.841796875,-2.373046875,-3.779296875,26.982421875,-30.76171875,-26.3671875,26.3671875,-13.18359375,-21.97265625,-57.12890625,22.6,20.1,-20.9,5.6,7.3,11.1
9.185224707995076,9.188153333001537,16.685013375573682,11.123342250382455,-13.904177812978071,-3.33086253441471,-4.996293801622065,25.027520063360523,21.181640625,14.4140625,-17.75390625,-2.373046875,-3.8671875,26.806640625,-26.3671875,-26.3671875,26.3671875,-13.18359375,-17.578125,-57.12890625,22.6,19.3,-20.9,5.6,7.3,11.1
9.188176208001096,9.191193625010783,16.55729246402356,11.038194976015706,-13.797743720019643,-3.3612074651227255,-5.041811197684089,24.835938696035342,21.09375,14.326171875,-17.578125,-2.4609375,-3.8671875,26.630859375,-26.3671875,-26.3671875,26.3671875,-13.18359375,-17.578125,-70.3125,22.6,19.3,-20.1,5.6,7.1,11.1
9.191220041015185,9.194192416005535,16.425369361566855,10.950246241044571,-13.687807801305722,-3.391720750947676,-5.087581126421514,24.638054042350287,21.005859375,14.23828125,-17.490234375,-2.548828125,-3.955078125,26.3671875,-26.3671875,-26.3671875,26.3671875,-13.18359375,-17.578125,-70.3125,23.4,19.3,-20.1,4.8,7.1,10.3
9.194220000004862,9.19717704100185,16.295157544993035,10.86343836332869,-13.579297954160861,-3.4210187004026182,-5.131528050603927,24.44273631748955,20.91796875,14.150390625,-17.40234375,-2.548828125,-4.04296875,26.19140625,-26.3671875,-26.3671875,26.3671875,-13.18359375,-17.578125,-70.3125,23.4,19.3,-20.1,4.8,6.3,11.1
9.19719945799443,9.200160250009503,16.165663433212533,10.777108955475022,-13.47138619434378,-3.44935492530049,-5.174032387950736,24.248495149818798,20.830078125,14.0625,-17.314453125,-2.548828125,-4.04296875,26.015625,-26.3671875,-26.3671875,30.76171875,-13.18359375,-17.578125,-70.3125,23.4,19.3,-20.1,5.6,7.2,11.1
9.200182875007158,9.203157458017813,16.035840051304433,10.690560034202957,-13.36320004275369,-3.4769690099068336,-5.2154535148602506,24.053760076956653,20.830078125,13.974609375,-17.2265625,-2.63671875,-4.130859375,25.751953125,-26.3671875,-26.3671875,30.76171875,-13.18359375,-17.578125,-70.3125,25.1,19.3,-20.1,4.8,6.4,10.3
9.203184457990574,9.206327207997674,15.905082240555172,10.603388160370114,-13.254235200462636,-3.5039847270077606,-5.2559770905116405,23.857623360832758,20.7421875,13.974609375,-17.138671875,-2.63671875,-4.130859375,25.576171875,-26.3671875,-26.3671875,30.76171875,-13.18359375,-17.578125,-70.3125,25.1,20.1,-20.9,4.8,7.2,11.1
9.20640066600754,9.210293166019255,15.764831397888177,10.509887598592117,-13.137359498240148,-3.5320799043263245,-5.298119856489487,23.647247096832267,20.654296875,13.88671875,-17.05078125,-2.63671875,-4.130859375,25.400390625,-26.3671875,-26.3671875,30.76171875,-13.18359375,-17.578125,-65.91796875,25.1,20.1,-20.9,5.6,7.2,11.1
9.21033383300528,9.214282708009705,15.593140370883967,10.395426913922645,-12.994283642403309,-3.5652414343317997,-5.3478621514977,23.38971055632595,20.478515625,13.798828125,-16.875,-2.63671875,-4.21875,25.13671875,-26.3671875,-26.3671875,30.76171875,-13.18359375,-17.578125,-65.91796875,25.1,20.1,-20.8,5.6,7.3,11.3
9.21431899999152,9.218240999995032,15.419014751890693,10.279343167927127,-12.849178959908919,-3.5975010150997084,-5.396251522649563,23.12852212783604,20.302734375,13.623046875,-16.787109375,-2.724609375,-4.21875,24.873046875,-26.3671875,-26.3671875,30.76171875,-13.18359375,-17.578125,-65.91796875,25.1,19.2,-20.8,5.6,8.1,10.5
9.218291666009463,9.221243416017387,15.24530464714789,10.163536431431927,-12.704420539289902,-3.628319588725731,-5.442479383088596,22.867956970721835,20.126953125,13.53515625,-16.69921875,-2.8125,-4.306640625,24.609375,-26.3671875,-26.3671875,30.76171875,-13.18359375,-17.578125,-65.91796875,24.9,20.0,-21.6,4.8,7.1,10.5
9.221275040996261,9.224247000005562,15.11478746696908,10.076524977979387,-12.595656222474226,-3.6505861152500207,-5.475879172875032,22.67218120045362,20.0390625,13.447265625,-16.611328125,-2.8125,-4.306640625,24.43359375,-26.3671875,-26.3671875,30.76171875,-13.18359375,-17.578125,-65.91796875,24.9,19.2,-21.6,4.8,7.1,10.4
9.224280499998713,9.228258457995253,14.983263913823913,9.988842609215943,-12.486053261519928,-3.672258175232552,-5.508387262848827,22.47489587073587,19.86328125,13.359375,-16.5234375,-2.8125,-4.306640625,24.2578125,-39.55078125,-26.3671875,30.76171875,-8.7890625,-8.7890625,-65.91796875,24.9,19.2,-21.6,4.8,7.9,11.2
9.22828841599403,9.231321083003422,14.807833851603448,9.871889234402296,-12.339861543002872,-3.6999760803493786,-5.549964120524069,22.21175077740517,19.6875,13.271484375,-16.34765625,-2.900390625,-4.39453125,23.994140625,-39.55078125,-26.3671875,30.76171875,-8.7890625,-8.7890625,-65.91796875,24.1,20.0,-21.6,4.8,8.0,11.2
9.231360041012522,9.235996375005925,14.673376885641423,9.782251257094282,-12.227814071367861,-3.7203062965917577,-5.5804594448876355,22.010065328462137,19.599609375,13.18359375,-16.259765625,-2.900390625,-4.39453125,23.73046875,-39.55078125,-26.3671875,30.76171875,-8.7890625,-8.7890625,-65.91796875,24.9,20.0,-21.7,4.8,8.0,10.3
9.236209750000853,9.240295750001678,14.461111167685202,9.6407407784568,-12.050925973070994,-3.750798798656798,-5.626198197985198,21.6916667515278,19.423828125,13.095703125,-16.083984375,-2.98828125,-4.482421875,23.466796875,-39.55078125,-26.3671875,35.15625,-8.7890625,-8.7890625,-65.91796875,24.9,20.0,-21.7,4.0,7.2,11.1
9.240350958018098,9.2442705410067,14.279919920297143,9.519946613531427,-11.899933266914285,-3.7752857236317716,-5.662928585447657,21.419879880445713,19.248046875,12.919921875,-15.99609375,-2.98828125,-4.482421875,23.203125,-39.55078125,-26.3671875,35.15625,-8.7890625,-8.7890625,-65.91796875,24.8,19.2,-21.7,4.8,8.0,11.3
9.244321083009709,9.248265458008973,14.106306814956081,9.404204543304054,-11.755255679130068,-3.7974256601736442,-5.6961384902604655,21.159460222434124,19.16015625,12.83203125,-15.8203125,-2.98828125,-4.5703125,22.939453125,-35.15625,-26.3671875,35.15625,-8.7890625,-13.18359375,-65.91796875,25.6,20.0,-21.7,4.8,7.2,11.3
9.248340749996714,9.252297541010194,13.930654164330598,9.287102776220397,-11.608878470275497,-3.8185160732179653,-5.727774109826949,20.895981246495896,18.984375,12.744140625,-15.732421875,-3.076171875,-4.658203125,22.763671875,-35.15625,-26.3671875,35.15625,-8.7890625,-13.18359375,-61.5234375,25.6,20.0,-21.7,4.0,7.1,12.1
9.25235504101147,9.25617754101404,13.755397943486194,9.170265295657464,-11.46283161957183,-3.838253246266581,-5.7573798693998715,20.63309691522929,18.80859375,12.65625,-15.556640625,-3.076171875,-4.658203125,22.412109375,-35.15625,-26.3671875,35.15625,-8.7890625,-13.18359375,-61.5234375,25.6,20.0,-21.6,4.0,7.1,11.2
9.25633345800452,9.260125416010851,13.581900566107933,9.054600377405288,-11.318250471756604,-3.856514176969306,-5.784771265453959,20.3728508491619,18.6328125,12.48046875,-15.46875,-3.076171875,-4.74609375,22.236328125,-35.15625,-26.3671875,30.76171875,-8.7890625,-13.18359375,-61.5234375,24.8,20.0,-22.4,4.8,7.1,12.0
9.260150624992093,9.263148166006431,13.415646082131238,8.943764054754158,-11.179705068442697,-3.872824943745238,-5.809237415617857,20.123469123196855,18.45703125,12.392578125,-15.380859375,-3.1640625,-4.74609375,21.97265625,-35.15625,-26.3671875,30.76171875,-8.7890625,-13.18359375,-61.5234375,24.8,20.0,-22.4,4.0,7.3,12.1
9.263169707992347,9.266288333019475,13.2843172045681,8.856211469712067,-11.070264337140094,-3.884890482754146,-5.827335724131219,19.92647580685215,18.369140625,12.3046875,-15.205078125,-3.1640625,-4.74609375,21.708984375,-35.15625,-26.3671875,30.76171875,-8.7890625,-8.7890625,-61.5234375,25.6,20.0,-21.6,4.0,7.3,11.3
9.266313208005158,9.270225707994541,13.147748207724588,8.765165471816394,-10.95645683977049,-3.8966733351572156,-5.8450100027358225,19.721622311586884,18.193359375,12.216796875,-15.1171875,-3.1640625,-4.74609375,21.533203125,-43.9453125,-26.3671875,30.76171875,-8.7890625,-8.7890625,-65.91796875,24.8,20.0,-22.4,4.0,7.3,12.1
9.270245499996236,9.273339375009527,12.977181216678906,8.651454144452602,-10.814317680565743,-3.910298450963505,-5.865447676445258,19.465771825018354,18.017578125,12.12890625,-14.94140625,-3.1640625,-4.74609375,21.26953125,-43.9453125,-26.3671875,30.76171875,-8.7890625,-8.7890625,-65.91796875,24.8,20.0,-21.7,4.0,8.0,12.0
9.273357916012174,9.277222541015362,12.842409642798085,8.561606428532057,-10.702008035665063,-3.920209372714277,-5.880314059071415,19.26361446419713,17.9296875,12.041015625,-14.853515625,-3.251953125,-4.74609375,21.005859375,-43.9453125,-26.3671875,30.76171875,-8.7890625,-8.7890625,-65.91796875,24.8,20.0,-21.7,3.2,8.0,11.2
9.27724075000151,9.280378750001546,12.674591023404707,8.449727348936472,-10.562159186170593,-3.9314982169365447,-5.897247325404816,19.011886535107063,17.75390625,11.953125,-14.677734375,-3.251953125,-4.833984375,20.7421875,-43.9453125,-26.3671875,35.15625,-8.7890625,-8.7890625,-65.91796875,24.8,20.0,-21.7,4.0,7.2,10.4
9.280396375019336,9.284243791014887,12.53847769991299,8.358985133275326,-10.44873141659415,-3.9397986412075015,-5.909697961811252,18.807716549869486,17.578125,11.865234375,-14.58984375,-3.251953125,-4.833984375,20.56640625,-43.9453125,-26.3671875,35.15625,-8.7890625,-8.7890625,-65.91796875,24.8,20.0,-21.7,4.0,7.2,10.2
9.28427020800882,9.288245416013524,12.371747179901156,8.247831453267437,-10.309789316584288,-3.9489235360363404,-5.92338530405451,18.557620769851734,17.40234375,11.689453125,-14.501953125,-3.251953125,-4.833984375,20.302734375,-43.9453125,-26.3671875,35.15625,0.0,-4.39453125,-65.91796875,24.8,20.0,-22.5,4.0,7.2,10.2
9.28827737501706,9.291213999997126,12.199726104119577,8.133150736079717,-10.166438420099656,-3.957136337598513,-5.935704506397769,18.299589156179366,17.2265625,11.6015625,-14.326171875,-3.251953125,-4.833984375,20.0390625,-43.9453125,-26.3671875,35.15625,0.0,-4.39453125,-65.91796875,24.0,20.0,-21.7,4.0,7.2,10.2
9.291250375012169,9.295239875005791,12.072413033667683,8.048275355778454,-10.060344194723069,-3.9624295609959863,-5.94364434149398,18.108619550501526,17.138671875,11.513671875,-14.23828125,-3.251953125,-4.833984375,19.86328125,-43.9453125,-26.3671875,35.15625,0.0,-4.39453125,-65.91796875,24.8,20.0,-22.4,4.0,7.2,11.3
9.295270833012182,9.298221125005512,11.90069362117918,7.933795747452788,-9.917244684315976,-3.968511847258944,-5.952767770888415,17.85104043176877,16.962890625,11.42578125,-14.150390625,-3.251953125,-4.921875,19.599609375,-43.9453125,-26.3671875,30.76171875,0.0,-4.39453125,-65.91796875,24.8,20.0,-22.4,4.0,7.2,10.5
9.298250708001433,9.301137041009497,11.773768856615007,7.849179237743338,-9.811474047179166,-3.9722273071790295,-5.9583409607685445,17.66065328492251,16.875,11.337890625,-13.974609375,-3.33984375,-4.921875,19.423828125,-43.9453125,-26.3671875,30.76171875,0.0,-4.39453125,-65.91796875,24.8,20.0,-21.6,3.2,7.2,11.3
9.301158207992557,9.304077250009868,11.650227470636505,7.76681831375767,-9.708522892197086,-3.975206807251852,-5.962810210877778,17.475341205954756,16.69921875,11.25,-13.88671875,-3.33984375,-4.921875,19.248046875,-43.9453125,-30.76171875,30.76171875,0.0,-4.39453125,-65.91796875,24.8,20.0,-22.4,3.2,7.2,11.1
9.30409945800784,9.30706745799398,11.525566173899222,7.68371078259948,-9.60463847824935,-3.9775762532176815,-5.966364379826523,17.288349260848833,16.611328125,11.162109375,-13.798828125,-3.33984375,-4.921875,19.072265625,-39.55078125,-30.76171875,30.76171875,0.0,-4.39453125,-65.91796875,24.8,20.0,-22.4,3.2,7.2,11.1
9.307094582996797,9.310150458011776,11.39895848889755,7.599305659265034,-9.499132074081292,-3.979327354677838,-5.968991032016756,17.098437733346326,16.435546875,11.07421875,-13.7109375,-3.33984375,-5.009765625,18.80859375,-39.55078125,-30.76171875,30.76171875,0.0,-4.39453125,-65.91796875,24.0,20.0,-22.4,3.2,6.3,10.3
9.310177208011737,9.313157916010823,11.269020367791411,7.512680245194274,-9.390850306492833,-3.9804372935577,-5.970655940336551,16.903530551687115,16.34765625,10.986328125,-13.623046875,-3.33984375,-5.009765625,18.6328125,-39.55078125,-30.76171875,30.76171875,0.0,-4.39453125,-65.91796875,24.8,20.0,-22.4,3.2,6.3,10.4
9.313182250014506,9.31615141601651,11.142724952259728,7.428483301506485,-9.285604126883106,-3.9808482978134396,-5.971272446720159,16.71408742838959,16.171875,10.8984375,-13.447265625,-3.33984375,-5.009765625,18.45703125,-39.55078125,-30.76171875,30.76171875,0.0,-4.39453125,-65.91796875,24.0,20.0,-21.6,3.2,6.3,10.4
9.31617633299902,9.319159958016826,11.017268293284172,7.344845528856116,-9.181056911070145,-3.980603978411622,-5.9709059676174325,16.525902439926256,16.083984375,10.810546875,-13.359375,-3.33984375,-5.009765625,18.28125,-39.55078125,-30.76171875,39.55078125,0.0,-4.39453125,-65.91796875,24.8,20.0,-22.4,3.2,6.3,11.2
9.31918466600473,9.322146916005295,10.891607054805101,7.261071369870068,-9.076339212337587,-3.9797062864295496,-5.969559429644324,16.337410582207653,15.99609375,10.72265625,-13.271484375,-3.33984375,-5.009765625,18.10546875,-39.55078125,-30.76171875,39.55078125,0.0,-4.39453125,-65.91796875,24.8,20.0,-22.4,3.2,6.4,11.2
9.322168790997239,9.325170708005317,10.767357802691803,7.1782385351278695,-8.972798168909836,-3.9781750506938147,-5.967262576040721,16.151036704037704,15.8203125,10.72265625,-13.18359375,-3.33984375,-5.009765625,17.841796875,-39.55078125,-26.3671875,39.55078125,0.0,-4.39453125,-65.91796875,24.8,20.8,-22.4,3.2,6.4,10.5
9.325203582993709,9.32817837499897,10.64142061609897,7.0942804107326465,-8.8678505134158,-3.975968642465256,-5.963952963697884,15.962130924148454,15.64453125,10.546875,-13.0078125,-3.33984375,-5.009765625,17.666015625,-43.9453125,-26.3671875,39.55078125,0.0,-4.39453125,-65.91796875,24.8,20.0,-21.6,3.2,6.4,10.5
9.328205375000834,9.331170040997677,10.517283224287002,7.011522149524669,-8.764402686905827,-3.973147624891139,-5.959721437336707,15.775924836430503,15.556640625,10.546875,-12.919921875,-3.33984375,-5.009765625,17.490234375,-43.9453125,-26.3671875,39.55078125,0.0,-4.39453125,-65.91796875,24.8,20.8,-21.6,3.2,6.4,10.5
9.331199915992329,9.334169750014553,10.393884000566645,6.929256000377763,-8.661570000472196,-3.9697060578668526,-5.954559086800279,15.590826000849967,15.380859375,10.37109375,-12.83203125,-3.33984375,-5.009765625,17.314453125,-43.9453125,-26.3671875,39.55078125,0.0,-4.39453125,-65.91796875,24.0,20.0,-22.4,3.2,6.4,10.3
9.334197082993342,9.337162500014529,10.270826590011932,6.8472177266746215,-8.559022158343286,-3.965639559174207,-5.94845933876131,15.406239885017897,15.29296875,10.283203125,-12.744140625,-3.33984375,-5.009765625,17.138671875,-43.9453125,-26.3671875,39.55078125,0.0,-4.39453125,-65.91796875,24.8,20.0,-22.4,3.2,6.4,10.3
9.33719300001394,9.340204125008313,10.148281985460235,6.765521323640156,-8.456901654550197,-3.9609585599165666,-5.94143783987485,15.22242297819035,15.205078125,10.1953125,-12.65625,-3.33984375,-5.009765625,16.962890625,-43.9453125,-26.3671875,30.76171875,0.0,-4.39453125,-65.91796875,24.8,20.0,-22.4,3.2,6.4,10.3
9.340236374991946,9.34413458299241,10.024280329685679,6.682853553123786,-8.353566941404726,-3.955578480772896,-5.933367721159344,15.03642049452852,15.029296875,10.107421875,-12.48046875,-3.33984375,-5.009765625,16.69921875,-43.9453125,-30.76171875,30.76171875,0.0,-4.39453125,-65.91796875,24.8,20.0,-22.4,3.2,6.4,11.3
9.344171416014433,9.347228250000626,9.864690450963879,6.576460300642586,-8.220575375803225,-3.9476982554199966,-5.921547383129995,14.79703567644582,14.853515625,10.01953125,-12.392578125,-3.33984375,-5.009765625,16.435546875,-43.9453125,-30.76171875,30.76171875,0.0,0.0,-65.91796875,24.8,20.0,-22.4,3.2,6.4,10.5
9.347255583008518,9.350221250002505,9.740209108888772,6.493472739259182,-8.116840924073987,-3.9408015776907703,-5.911202366536155,14.610313663333157,14.765625,9.931640625,-12.3046875,-3.33984375,-5.009765625,16.34765625,-43.9453125,-30.76171875,30.76171875,0.0,0.0,-57.12890625,24.8,20.0,-22.4,3.2,5.5,9.7
9.35028820799198,9.354237207997357,9.618335271317553,6.412223514211703,-8.015279392764628,-3.933409765287349,-5.900114647931024,14.427502906976331,14.58984375,9.84375,-12.216796875,-3.33984375,-5.009765625,16.083984375,-43.9453125,-30.76171875,30.76171875,0.0,0.0,-57.12890625,24.0,20.0,-22.4,3.2,5.5,8.4
9.354273333010497,9.358160625008168,9.458996594046857,6.305997729364571,-7.882497161705715,-3.922786668120565,-5.884180002180847,14.188494891070285,14.4140625,9.755859375,-12.041015625,-3.33984375,-5.009765625,15.8203125,-43.9453125,-30.76171875,30.76171875,0.0,0.0,-57.12890625,24.0,20.0,-22.4,3.2,5.5,8.4
9.358202958013862,9.36117429099977,9.302804633829414,6.201869755886276,-7.752337194857853,-3.9113128991618797,-5.86696934874282,13.954206950744119,14.23828125,9.580078125,-11.865234375,-3.33984375,-5.009765625,15.64453125,-43.9453125,-30.76171875,35.15625,0.0,0.0,-57.12890625,24.0,20.0,-21.6,3.2,5.6,10.0
9.361206208006479,9.364179124997463,9.18406943253826,6.122712955025507,-7.653391193781882,-3.90188425648692,-5.85282638473038,13.77610414880739,14.150390625,9.580078125,-11.77734375,-3.33984375,-5.009765625,15.46875,-43.9453125,-26.3671875,35.15625,0.0,0.0,-57.12890625,24.8,20.8,-22.4,3.2,5.6,10.7
9.364209583000047,9.368244208017131,9.065891754887437,6.0439278365916245,-7.55490979573954,-3.8918906670950073,-5.837836000642511,13.598837632331154,14.0625,9.404296875,-11.6015625,-3.33984375,-5.009765625,15.29296875,-39.55078125,-26.3671875,35.15625,0.0,0.0,-57.12890625,24.8,20.0,-21.6,2.4,5.6,11.5
9.368292041006498,9.372174749994883,8.906174415072565,5.937449610048376,-7.421812012560479,-3.877412841721973,-5.81611926258296,13.359261622608848,13.88671875,9.31640625,-11.513671875,-3.33984375,-5.009765625,15.1171875,-39.55078125,-26.3671875,35.15625,0.0,0.0,-61.5234375,24.8,20.0,-22.4,2.4,4.7,11.5
9.372206958010793,9.375255708000623,8.754029411022053,5.836019607348036,-7.295024509185055,-3.8625758837958064,-5.79386382569371,13.131044116533081,13.7109375,9.228515625,-11.42578125,-3.33984375,-5.009765625,14.853515625,-39.55078125,-26.3671875,35.15625,0.0,0.0,-61.5234375,24.8,20.0,-22.4,2.4,4.7,9.6
9.375294208002742,9.379196833004244,8.634767277742093,5.756511518494728,-7.195639398118411,-3.850227266851453,-5.77534090027718,12.952150916613137,13.53515625,9.052734375,-11.25,-3.33984375,-5.009765625,14.677734375,-39.55078125,-26.3671875,39.55078125,0.0,0.0,-61.5234375,24.0,19.2,-21.6,2.4,4.7,8.8
9.379234874999383,9.382138540997403,8.483474425566955,5.655649617044636,-7.069562021305796,-3.83364698525753,-5.750470477886296,12.725211638350432,13.359375,9.052734375,-11.07421875,-3.33984375,-5.009765625,14.4140625,-39.55078125,-26.3671875,39.55078125,0.0,0.0,-61.5234375,23.9,20.0,-21.6,2.4,4.8,9.5
9.382163625006797,9.385137750010472,8.371724508421222,5.581149672280814,-6.97643709035101,-3.820738425804941,-5.731107638707412,12.557586762631832,13.271484375,8.96484375,-11.07421875,-3.33984375,-5.009765625,14.23828125,-39.55078125,-30.76171875,39.55078125,0.0,0.0,-61.5234375,23.9,20.0,-22.4,2.4,4.0,9.5
9.3851714580087,9.3881311659934,8.257582151703126,5.505054767802084,-6.881318459752598,-3.8069687827795327,-5.710453174169299,12.386373227554689,13.18359375,8.876953125,-10.8984375,-3.33984375,-5.009765625,14.150390625,-39.55078125,-30.76171875,39.55078125,0.0,0.0,-52.734375,24.7,20.0,-21.6,1.6,4.0,11.1
9.388154207990738,9.391201833001105,8.145026259204002,5.430017506136001,-6.787521882670003,-3.792807932070547,-5.689211898105821,12.217539388806001,13.0078125,8.7890625,-10.810546875,-3.33984375,-5.009765625,13.974609375,-39.55078125,-30.76171875,39.55078125,0.0,0.0,-52.734375,23.9,20.0,-21.5,1.6,3.9,11.1
9.391225875006057,9.394191041006707,8.029784994557293,5.353189996371529,-6.691487495464419,-3.7777055631956316,-5.666558344793448,12.04467749183594,12.919921875,8.61328125,-10.72265625,-3.33984375,-5.009765625,13.798828125,-39.55078125,-30.76171875,39.55078125,0.0,0.0,-52.734375,24.7,19.1,-22.3,1.6,3.9,12.2
9.394221583002945,9.39716037499602,7.918057417753794,5.278704945169196,-6.598381181461496,-3.7624762293000487,-5.643714343950074,11.87708612663069,12.83203125,8.525390625,-10.546875,-3.33984375,-5.009765625,13.623046875,-39.55078125,-30.76171875,35.15625,0.0,0.0,-52.734375,24.7,19.1,-21.5,1.6,3.1,12.2
9.397186791000422,9.400122040999122,7.808121650312312,5.2054144335415415,-6.506768041926927,-3.7469223422132036,-5.620383513319805,11.712182475468468,12.744140625,8.4375,-10.458984375,-3.33984375,-5.009765625,13.447265625,-39.55078125,-30.76171875,35.15625,0.0,0.0,-52.734375,24.9,19.1,-21.5,1.6,3.1,12.2
9.400146541011054,9.403122916002758,7.699045734799947,5.132697156533298,-6.415871445666623,-3.73092820342357,-5.596392305135355,11.54856860219992,12.568359375,8.349609375,-10.37109375,-3.33984375,-5.009765625,13.18359375,-39.55078125,-30.76171875,35.15625,0.0,0.0,-52.734375,24.9,19.1,-21.5,1.6,3.1,11.2
9.40314466599375,9.406152125011431,7.589233664075559,5.059489109383707,-6.324361386729633,-3.714256235408662,-5.571384353112992,11.38385049611334,12.48046875,8.26171875,-10.283203125,-3.33984375,-5.009765625,13.0078125,-39.55078125,-30.76171875,35.15625,0.0,0.0,-52.734375,24.9,18.3,-21.5,0.8,3.1,10.4
9.40618112499942,9.409155250003096,7.478721614228811,4.985814409485875,-6.232268011857353,-3.696895940105291,-5.5453439101579365,11.218082421343217,12.392578125,8.173828125,-10.1953125,-3.33984375,-5.009765625,12.83203125,-39.55078125,-30.76171875,35.15625,0.0,0.0,-61.5234375,25.7,19.1,-21.5,0.8,2.3,10.4
9.409185500000603,9.412197458004812,7.370082908373711,4.913388605582474,-6.141735756978093,-3.6792559208380946,-5.518883881257142,11.055124362560568,12.3046875,8.0859375,-10.107421875,-3.33984375,-5.009765625,12.65625,-39.55078125,-30.76171875,35.15625,0.0,0.0,-61.5234375,25.7,19.1,-21.6,0.8,2.3,10.3
9.412223082996206,9.415106083004503,7.260965223516947,4.840643482344632,-6.050804352930799,-3.6609602010987836,-5.491440301648175,10.891447835275422,12.12890625,7.998046875,-9.931640625,-3.33984375,-5.009765625,12.392578125,-39.55078125,-30.76171875,35.15625,0.0,0.0,-61.5234375,24.9,18.3,-21.6,0.8,2.3,9.5
9.415158249990782,9.41816466601449,7.156223718259852,4.770815812173235,-5.963519765216552,-3.6428485269667825,-5.464272790450174,10.734335577389778,12.041015625,7.91015625,-9.84375,-3.33984375,-5.009765625,12.3046875,-39.55078125,-30.76171875,35.15625,0.0,0.0,-61.5234375,25.7,18.3,-21.6,0.8,1.5,9.5
9.41819291599677,9.421147457993357,7.048659760347954,4.6991065068986355,-5.873883133623296,-3.6236832055683497,-5.4355248083525245,10.57298964052193,11.865234375,7.822265625,-9.755859375,-3.33984375,-5.009765625,12.12890625,-39.55078125,-30.76171875,35.15625,0.0,0.0,-61.5234375,24.8,18.3,-21.6,-0.0,1.5,9.5
9.421172625006875,9.424153916013893,6.9437715374252615,4.629181024950174,-5.786476281187718,-3.604437533506928,-5.406656300260392,10.415657306137893,11.77734375,7.734375,-9.66796875,-3.33984375,-5.009765625,11.953125,-39.55078125,-26.3671875,35.15625,0.0,0.0,-61.5234375,24.8,18.3,-21.6,-0.0,1.5,10.3
9.42418716600514,9.427183874999173,6.8383984484747184,4.558932298983145,-5.698665373728939,-3.58454359388507,-5.3768153908276055,10.257597672712077,11.6015625,7.646484375,-9.580078125,-3.33984375,-5.009765625,11.77734375,-39.55078125,-26.3671875,35.15625,0.0,0.0,-61.5234375,24.8,18.3,-21.6,-0.0,1.5,9.5
9.427220458019292,9.4302512909926,6.733129812718515,4.48875320847901,-5.610941510598755,-3.5641040311596797,-5.346156046739519,10.099694719077771,11.513671875,7.55859375,-9.404296875,-3.33984375,-5.009765625,11.6015625,-39.55078125,-26.3671875,35.15625,0.0,0.0,-61.5234375,24.8,18.3,-20.8,-0.0,0.7,9.5
9.430289500014624,9.434222583018709,6.6274036921100015,4.418269128073335,-5.522836410091676,-3.543001016214301,-5.314501524321451,9.941105538165003,11.42578125,7.55859375,-9.31640625,-3.33984375,-5.009765625,11.42578125,-39.55078125,-26.3671875,35.15625,0.0,0.0,-61.5234375,24.8,19.1,-20.7,-0.0,0.7,9.6
9.434252875013044,9.437209374998929,6.492045947614414,4.328030631742943,-5.410038289678679,-3.5151330891309938,-5.27269963369649,9.73806892142162,11.25,7.3828125,-9.228515625,-3.427734375,-5.009765625,11.25,-39.55078125,-26.3671875,30.76171875,0.0,0.0,-61.5234375,24.8,18.4,-21.5,-0.0,-0.1,9.6
9.437236458004918,9.440206208004383,6.391034355466576,4.260689570311051,-5.325861962888814,-3.493706821767385,-5.240560232651077,9.586551533199865,11.162109375,7.294921875,-9.140625,-3.427734375,-5.009765625,11.07421875,-39.55078125,-26.3671875,30.76171875,0.0,0.0,-61.5234375,24.8,18.4,-21.5,-0.0,-0.1,8.0
9.440241041011177,9.444169166003121,6.290086458645625,4.193390972430417,-5.2417387155380295,-3.4717498839784056,-5.207624825967608,9.435129687968438,10.986328125,7.20703125,-8.96484375,-3.427734375,-5.009765625,10.8984375,-39.55078125,-30.76171875,30.76171875,0.0,0.0,-61.5234375,24.8,18.4,-20.7,-0.0,-0.1,7.8
9.444215124996845,9.448217124998337,6.157770146439449,4.105180097626299,-5.131475122032875,-3.4421359570617067,-5.163203935592561,9.236655219659173,10.8984375,7.119140625,-8.876953125,-3.427734375,-5.009765625,10.72265625,-39.55078125,-30.76171875,30.76171875,0.0,0.0,-61.5234375,24.8,18.4,-20.7,-0.0,-0.1,8.6
9.448253625014331,9.452234041003976,6.024728306404086,4.016485537602724,-5.020606922003398,-3.4113920556951767,-5.117088083542765,9.037092459606129,10.72265625,7.03125,-8.7890625,-3.427734375,-5.009765625,10.458984375,-39.55078125,-30.76171875,30.76171875,0.0,0.0,-52.734375,24.8,18.4,-21.7,-0.0,-0.0,8.6
9.452288791013416,9.456256125005893,5.8932393744036515,3.9288262496024347,-4.911032812003044,-3.3800385205899532,-5.07005778088493,8.839859061605479,10.546875,6.85546875,-8.61328125,-3.427734375,-5.009765625,10.283203125,-39.55078125,-30.76171875,30.76171875,0.0,0.0,-52.734375,24.8,17.6,-20.9,-0.0,-0.0,9.0
9.456309041008353,9.460229040996637,5.763684637558561,3.8424564250390407,-4.803070531298809,-3.348189069050121,-5.022283603575181,8.645526956337843,10.37109375,6.767578125,-8.4375,-3.427734375,-5.009765625,10.107421875,-39.55078125,-30.76171875,35.15625,0.0,0.0,-52.734375,24.8,17.6,-20.1,-0.0,-0.0,8.2
9.460287750000134,9.464218208013335,5.636904524235834,3.7579363494905555,-4.697420436863195,-3.316086552284328,-4.974129828426491,8.455356786353748,10.1953125,6.6796875,-8.349609375,-3.427734375,-5.009765625,9.931640625,-39.55078125,-26.3671875,35.15625,0.0,0.0,-52.734375,24.8,17.6,-20.9,-0.0,-0.0,7.8
9.464270333002787,9.468164249992697,5.511443694115945,3.674295796077297,-4.592869745096621,-3.2833918072963204,-4.925087710944481,8.267165541173917,10.01953125,6.50390625,-8.26171875,-3.427734375,-5.009765625,9.755859375,-39.55078125,-26.3671875,35.15625,0.0,0.0,-52.734375,24.0,16.8,-20.9,-0.0,-0.0,8.6
9.468190790998051,9.471106290991884,5.38936103170803,3.5929073544720196,-4.4911341930900255,-3.2506773962440314,-4.876016094366047,8.084041547562045,9.931640625,6.50390625,-8.0859375,-3.427734375,-5.009765625,9.580078125,-39.55078125,-26.3671875,35.15625,0.0,0.0,-48.33984375,24.0,17.6,-20.7,-0.0,-0.0,8.6
9.471133750019362,9.47411183299846,5.29865042050223,3.5324336136681533,-4.415542017085192,-3.2257855042873205,-4.83867825643098,7.947975630753345,9.755859375,6.328125,-7.998046875,-3.427734375,-5.009765625,9.404296875,-39.55078125,-26.3671875,35.15625,0.0,0.0,-48.33984375,24.0,16.6,-20.7,-0.0,-0.0,8.9
9.47413620800944,9.477300583006581,5.206935203503008,3.4712901356686725,-4.339112669585841,-3.2001038660133294,-4.8001557990199935,7.810402805254513,9.66796875,6.240234375,-7.91015625,-3.427734375,-5.009765625,9.31640625,-39.55078125,-26.3671875,30.76171875,0.0,0.0,-48.33984375,24.0,16.6,-20.7,-0.0,-0.0,10.5
9.477323541010264,9.481176000001142,5.1104940671116355,3.4069960447410907,-4.258745055926357,-3.1725333885466553,-4.758800082819983,7.665741100667453,9.4921875,6.15234375,-7.822265625,-3.427734375,-5.009765625,9.140625,-39.55078125,-26.3671875,30.76171875,0.0,0.0,-48.33984375,23.9,16.6,-20.7,-0.0,-0.0,9.7
9.481195083004422,9.484242291015107,4.9946337669672305,3.3297558446448208,-4.162194805806027,-3.138632506491805,-4.7079487597377065,7.491950650450846,9.404296875,6.064453125,-7.734375,-3.427734375,-5.009765625,8.96484375,-39.55078125,-26.3671875,30.76171875,0.0,0.0,-48.33984375,23.9,16.6,-20.7,-0.0,-0.0,8.8
9.484262333018705,9.487271916004829,4.903847543369743,3.269231695579828,-4.086539619474785,-3.1114644753473817,-4.667196713021073,7.355771315054613,9.228515625,5.9765625,-7.646484375,-3.427734375,-5.009765625,8.7890625,-39.55078125,-26.3671875,30.76171875,0.0,0.0,-48.33984375,23.1,15.8,-20.7,-0.0,-0.0,8.8
9.487288958014688,9.490155750012491,4.815138719599628,3.2100924797330856,-4.012615599666357,-3.0843971135980444,-4.626595670397066,7.2227080793994425,9.140625,5.888671875,-7.470703125,-3.427734375,-5.009765625,8.61328125,-39.55078125,-26.3671875,30.76171875,0.0,0.0,-48.33984375,23.1,15.8,-19.9,-0.8,-0.9,8.8
9.49017425000784,9.493143750005402,4.731384859548068,3.154256573032045,-3.942820716290057,-3.0583618402105266,-4.587542760315789,7.097077289322101,9.052734375,5.888671875,-7.3828125,-3.427734375,-5.009765625,8.525390625,-39.55078125,-26.3671875,30.76171875,0.0,0.0,-48.33984375,23.1,16.6,-19.9,-0.8,-0.9,8.7
9.493160083016846,9.496181082999101,4.6455508497889175,3.0970338998592783,-3.871292374824099,-3.031189025336845,-4.546783538005268,6.968326274683378,8.876953125,5.80078125,-7.294921875,-3.427734375,-5.009765625,8.349609375,-39.55078125,-26.3671875,30.76171875,0.0,0.0,-48.33984375,23.1,16.7,-19.9,-0.8,-1.7,7.9
9.496196332998807,9.49912387499353,4.559145142783443,3.039430095188962,-3.7992876189862033,-3.00332549314626,-4.50498823971939,6.838717714175165,8.7890625,5.712890625,-7.20703125,-3.427734375,-5.009765625,8.173828125,-39.55078125,-26.3671875,30.76171875,0.0,0.0,-48.33984375,23.1,16.7,-19.9,-1.6,-1.7,7.9
9.49913995800307,9.502149375010049,4.476223222943306,2.984148815295537,-3.730186019119422,-2.976096811741394,-4.464145217612091,6.7143348344149585,8.61328125,5.625,-7.119140625,-3.427734375,-5.009765625,8.0859375,-39.55078125,-26.3671875,30.76171875,0.0,0.0,-48.33984375,22.2,15.9,-19.9,-1.6,-2.5,8.9
9.502164500008803,9.5051868330047,4.391894199259163,2.927929466172775,-3.659911832715969,-2.9479073216188185,-4.421860982428228,6.587841298888744,8.525390625,5.537109375,-7.03125,-3.427734375,-5.009765625,7.91015625,-39.55078125,-26.3671875,30.76171875,0.0,0.0,-48.33984375,22.2,15.9,-19.9,-1.6,-2.5,8.9
9.505209416005528,9.508150250010658,4.307892976486454,2.8719286509909696,-3.589910813738706,-2.9193190924925156,-4.378978638738773,6.461839464729681,8.349609375,5.44921875,-6.943359375,-3.427734375,-5.009765625,7.822265625,-39.55078125,-26.3671875,30.76171875,0.0,0.0,-43.9453125,22.2,15.9,-19.9,-1.6,-3.4,8.9
9.508169041015208,9.511106249992736,4.227108633391829,2.8180724222612192,-3.522590527826518,-2.8913390383609467,-4.337008557541421,6.340662950087744,8.26171875,5.361328125,-6.85546875,-3.427734375,-5.009765625,7.646484375,-39.55078125,-26.3671875,30.76171875,0.0,0.0,-43.9453125,22.2,15.1,-20.0,-2.4,-3.4,7.3
9.511122083000373,9.514127583010122,4.147355029614662,2.7649033530764417,-3.456129191345546,-2.8632399889374405,-4.294859983406161,6.221032544421994,8.173828125,5.361328125,-6.767578125,-3.427734375,-5.009765625,7.470703125,-39.55078125,-26.3671875,30.76171875,0.0,0.0,-43.9453125,22.2,16.0,-20.0,-2.4,-4.2,6.2
9.514143333013635,9.517304375011008,4.066641227331245,2.7110941515541636,-3.3888676894427108,-2.8343128246209743,-4.251469236931461,6.099961840996868,7.998046875,5.2734375,-6.6796875,-3.427734375,-5.009765625,7.3828125,-39.55078125,-26.3671875,30.76171875,0.0,0.0,-43.9453125,21.4,16.0,-20.0,-2.4,-4.2,7.0
9.51731908301008,9.52118337500724,3.9827636485891302,2.655175765726087,-3.318969707157603,-2.8037203276873366,-4.205580491531005,5.974145472883696,7.91015625,5.185546875,-6.591796875,-3.427734375,-5.009765625,7.20703125,-39.55078125,-26.3671875,30.76171875,0.0,0.0,-43.9453125,21.5,16.0,-19.2,-3.2,-5.0,7.0
9.52119658299489,9.524161250010366,3.881693818438575,2.58779587895905,-3.2347448486988064,-2.766123275176967,-4.14918491276545,5.822540727657862,7.822265625,5.09765625,-6.50390625,-3.427734375,-5.009765625,7.119140625,-39.55078125,-26.3671875,30.76171875,0.0,0.0,-43.9453125,22.3,16.0,-20.0,-3.2,-5.0,8.1
9.524173582991352,9.527134583011502,3.80509967798589,2.53673311865726,-3.170916398321581,-2.7370856839860322,-4.105628525979048,5.707649516978835,7.646484375,5.009765625,-6.328125,-3.427734375,-5.009765625,6.943359375,-39.55078125,-26.3671875,30.76171875,0.0,0.0,-43.9453125,21.5,15.2,-19.2,-4.0,-5.8,6.5
9.527149125002325,9.530244166002376,3.729415562971314,2.486277041980876,-3.107846302476095,-2.70792191218766,-4.061882868281489,5.59412334445697,7.55859375,4.921875,-6.240234375,-3.427734375,-5.009765625,6.85546875,-39.55078125,-26.3671875,30.76171875,0.0,0.0,-43.9453125,21.5,15.2,-18.4,-4.0,-5.7,6.5
9.530258375016274,9.534128041006625,3.651263760600499,2.4341758404003326,-3.0427198005004223,-2.6773063953073235,-4.015959592960985,5.476895640900748,7.470703125,4.921875,-6.15234375,-3.427734375,-5.009765625,6.767578125,-39.55078125,-26.3671875,30.76171875,0.0,0.0,-43.9453125,21.5,16.0,-19.1,-4.0,-6.5,7.8
9.534144041012041,9.537296374997823,3.554938912872696,2.369959275248464,-2.9624490940605805,-2.638856654285176,-3.958284981427764,5.332408369309044,7.294921875,4.74609375,-6.064453125,-3.427734375,-5.009765625,6.591796875,-39.55078125,-26.3671875,30.76171875,0.0,0.0,-43.9453125,20.7,15.1,-18.3,-4.8,-6.5,7.8
9.537311041000066,9.541142250003759,3.477533891164027,2.318355927442685,-2.8979449093033507,-2.6073743472698103,-3.911061520904715,5.216300836746041,7.20703125,4.74609375,-5.9765625,-3.427734375,-5.009765625,6.50390625,-39.55078125,-26.3671875,30.76171875,0.0,0.0,-43.9453125,21.5,15.1,-18.3,-4.8,-7.4,7.8
9.541157208004734,9.544123583007604,3.3848638826092325,2.2565759217394885,-2.8207199021743556,-2.5689816046753515,-3.8534724070130273,5.0772958239138495,7.119140625,4.5703125,-5.888671875,-3.427734375,-5.009765625,6.328125,-39.55078125,-21.97265625,30.76171875,0.0,0.0,-43.9453125,21.5,14.3,-18.3,-4.8,-8.2,8.1
9.544144540996058,9.547187040996505,3.3138972549347017,2.209264836623134,-2.7615810457789185,-2.5390517418412646,-3.808577612761897,4.970845882402052,6.943359375,4.5703125,-5.80078125,-3.427734375,-5.009765625,6.240234375,-35.15625,-21.97265625,30.76171875,0.0,0.0,-35.15625,20.7,15.1,-18.3,-5.6,-8.2,8.1
9.547201250010403,9.550254291010788,3.2421973044455967,2.1614648696303975,-2.7018310870379976,-2.508336359182986,-3.762504538774479,4.863295956668394,6.85546875,4.482421875,-5.625,-3.427734375,-5.009765625,6.15234375,-35.15625,-21.97265625,30.76171875,0.0,0.0,-35.15625,20.7,14.3,-17.4,-5.6,-9.0,7.3
9.550268291000975,9.554162707994692,3.171184966377842,2.1141233109185613,-2.642654138648202,-2.477433761958574,-3.716150642937861,4.756777449566763,6.767578125,4.482421875,-5.537109375,-3.427734375,-5.009765625,5.9765625,-35.15625,-21.97265625,30.76171875,0.0,0.0,-35.15625,20.7,15.1,-17.4,-5.6,-9.0,7.3
9.554176625009859,9.5571409999975,3.082043407352676,2.054695604901784,-2.56836950612723,-2.4379471206946057,-3.656920681041909,4.623065111029014,6.591796875,4.306640625,-5.44921875,-3.427734375,-4.921875,5.888671875,-35.15625,-21.97265625,30.76171875,0.0,0.0,-35.15625,19.9,14.3,-17.4,-6.4,-9.0,8.1
9.55715495799086,9.560175999999046,3.0151282464561766,2.0100854976374514,-2.51260687204682,-2.4077857629269586,-3.611678644390438,4.522692369684266,6.50390625,4.21875,-5.361328125,-3.427734375,-4.833984375,5.80078125,-35.15625,-21.97265625,30.76171875,0.0,0.0,-35.15625,20.0,13.5,-17.4,-6.4,-8.0,7.3
9.56018991599558,9.563243665994378,2.9478432544567363,1.9652288363044907,-2.456536045380619,-2.376997009688757,-3.5654955145331355,4.421764881685104,6.416015625,4.21875,-5.2734375,-3.427734375,-4.74609375,5.625,-35.15625,-21.97265625,30.76171875,0.0,0.0,-35.15625,20.0,14.3,-17.4,-7.2,-8.0,7.1
9.563258250011131,9.567091833014274,2.8807434892887844,1.9204956595258562,-2.4006195744073207,-2.34582266051645,-3.5187339907746757,4.321115233933177,6.328125,4.130859375,-5.185546875,-3.33984375,-4.658203125,5.537109375,-35.15625,-21.97265625,30.76171875,0.0,13.18359375,-35.15625,20.0,14.3,-16.6,-6.4,-7.2,7.9
9.567108582996298,9.570209416007856,2.797857136896916,1.8652380912646107,-2.3315476140807587,-2.306649289104322,-3.459973933656483,4.196785705345373,6.15234375,4.04296875,-5.09765625,-3.33984375,-4.482421875,5.361328125,-35.15625,-21.97265625,30.76171875,0.0,13.18359375,-35.15625,20.0,13.5,-17.6,-6.4,-7.0,7.1
9.57022529101232,9.573265040991828,2.731833571794294,1.8212223811961963,-2.2765279764952457,-2.2749065099535217,-3.412359764930282,4.097750357691442,6.064453125,3.955078125,-5.009765625,-3.251953125,-4.39453125,5.2734375,-35.15625,-21.97265625,30.76171875,0.0,13.18359375,-35.15625,20.0,13.5,-16.8,-6.4,-6.2,7.2
9.573282291006763,9.576189915998839,2.6680033125264346,1.778668875017623,-2.223336093772024,-2.2437520327274214,-3.3656280490911326,4.0020049687896515,5.9765625,3.955078125,-4.921875,-3.251953125,-4.39453125,5.185546875,-35.15625,-21.97265625,26.3671875,0.0,13.18359375,-35.15625,19.2,14.3,-16.8,-6.4,-6.2,6.4
9.576203083008295,9.579127416014671,2.6078745649982067,1.7385830433321376,-2.1732288041651726,-2.2139749944397034,-3.3209624916595555,3.9118118474973103,5.888671875,3.8671875,-4.833984375,-3.251953125,-4.306640625,5.009765625,-35.15625,-21.97265625,26.3671875,0.0,13.18359375,-35.15625,19.0,13.5,-16.8,-6.4,-6.3,6.4
9.57914200000232,9.581985124998027,2.548216876218776,1.698811250812517,-2.123514063515647,-2.1840099851306713,-3.2760149776960072,3.8223253143281637,5.80078125,3.779296875,-4.833984375,-3.1640625,-4.21875,4.921875,-35.15625,-21.97265625,26.3671875,0.0,13.18359375,-35.15625,19.0,13.5,-16.8,-6.4,-5.5,6.4
9.582001833012328,9.585143125004834,2.490975826276912,1.6606505508512746,-2.0758131885640934,-2.1548551186758402,-3.2322826780137603,3.736463739415368,5.712890625,3.69140625,-4.74609375,-3.1640625,-4.21875,4.833984375,-30.76171875,-21.97265625,26.3671875,13.18359375,26.3671875,-35.15625,19.0,12.7,-16.8,-6.4,-6.3,5.6
9.585156415996607,9.588256125018233,2.4287613112863973,1.619174207524265,-2.023967759405332,-2.1227077808952433,-3.1840616713428647,3.6431419669295964,5.625,3.69140625,-4.658203125,-3.076171875,-4.130859375,4.74609375,-30.76171875,-21.97265625,26.3671875,13.18359375,26.3671875,-35.15625,19.0,13.5,-16.8,-5.6,-5.5,6.4
9.588270208012545,9.591164040990407,2.368301634563268,1.5788677563755118,-1.9735846954693903,-2.0909972444765708,-3.136495866714857,3.5524524518449017,5.537109375,3.603515625,-4.5703125,-3.076171875,-4.130859375,4.658203125,-30.76171875,-21.97265625,26.3671875,13.18359375,26.3671875,-35.15625,19.0,12.7,-16.6,-6.4,-6.3,6.3
9.591176999994786,9.594145208015107,2.3127110324635427,1.541807354975695,-1.927259193719615,-2.061421198075057,-3.092131797112586,3.469066548695314,5.44921875,3.515625,-4.482421875,-3.076171875,-4.130859375,4.5703125,-30.76171875,-21.97265625,26.3671875,13.18359375,26.3671875,-35.15625,19.0,12.7,-15.8,-6.4,-6.3,7.1
9.594157208019169,9.597100000013597,2.2565659094159565,1.5043772729439708,-1.8804715911799683,-2.03113196277225,-3.0466979441583755,3.3848488641239345,5.361328125,3.515625,-4.39453125,-2.98828125,-4.04296875,4.482421875,-30.76171875,-21.97265625,26.3671875,13.18359375,26.3671875,-35.15625,19.0,12.7,-15.8,-6.4,-6.3,7.1
9.597111125010997,9.600219083018601,2.2017623176611805,1.4678415451074536,-1.8348019313843174,-2.001150837839909,-3.0017262567598633,3.3026434764917707,5.2734375,3.427734375,-4.306640625,-2.98828125,-4.04296875,4.39453125,-30.76171875,-21.97265625,26.3671875,13.18359375,26.3671875,-35.15625,19.1,12.7,-15.8,-6.4,-6.5,6.3
9.600230707990704,9.60327612500987,2.144796846896565,1.4298645645977102,-1.7873307057471377,-1.969540307106225,-2.9543104606593373,3.217195270344847,5.185546875,3.33984375,-4.21875,-2.900390625,-4.04296875,4.306640625,-30.76171875,-17.578125,26.3671875,13.18359375,26.3671875,-35.15625,18.3,11.9,-15.0,-5.6,-7.3,5.6
9.60328662500251,9.607076749991393,2.0898988832705703,1.3932659221803803,-1.7415824027254754,-1.9386345351511391,-2.907951802726709,3.1348483249058554,5.09765625,3.33984375,-4.130859375,-2.900390625,-3.955078125,4.21875,-30.76171875,-17.578125,26.3671875,13.18359375,13.18359375,-35.15625,18.3,12.7,-15.0,-6.4,-6.5,6.4
9.60709350000252,9.610132166009862,2.0227580518559707,1.3485053679039805,-1.685631709879976,-1.900228272501213,-2.8503424087518194,3.034137077783956,4.921875,3.251953125,-4.04296875,-2.900390625,-3.955078125,4.130859375,-30.76171875,-17.578125,26.3671875,13.18359375,13.18359375,-30.76171875,17.5,11.9,-15.1,-6.4,-7.3,6.4
9.610142165998695,9.613145750015974,1.969983452819107,1.3133223018794045,-1.641652877349256,-1.8695559410344829,-2.8043339115517245,2.95497517922866,4.921875,3.251953125,-4.04296875,-2.8125,-3.955078125,4.04296875,-30.76171875,-17.578125,26.3671875,13.18359375,13.18359375,-30.76171875,18.3,12.7,-15.1,-5.6,-8.1,5.5
9.613156458013691,9.616278250003234,1.9186690984234533,1.2791127322823024,-1.5988909153528743,-1.8393113785433008,-2.758967067814951,2.87800364763518,4.74609375,3.1640625,-3.955078125,-2.8125,-3.8671875,3.955078125,-30.76171875,-17.578125,21.97265625,13.18359375,13.18359375,-30.76171875,17.5,11.9,-15.1,-6.4,-7.3,6.3
9.616289291006979,9.620153666008264,1.8662444626159327,1.2441629750772885,-1.555203718846611,-1.8079714696691254,-2.711957204503688,2.7993666939238993,4.658203125,3.076171875,-3.8671875,-2.724609375,-3.8671875,3.8671875,-30.76171875,-17.578125,21.97265625,13.18359375,13.18359375,-30.76171875,17.5,11.9,-15.1,-5.6,-8.1,6.3
9.620164207997732,9.623233666003216,1.802675349417818,1.2017835662785454,-1.502229457848182,-1.7693523476423547,-2.6540285214635317,2.704013024126727,4.5703125,2.98828125,-3.779296875,-2.724609375,-3.779296875,3.779296875,-30.76171875,-17.578125,21.97265625,8.7890625,13.18359375,-30.76171875,17.5,11.1,-14.3,-5.6,-7.3,6.5
9.623244332993636,9.626138916006312,1.7531443939274622,1.168762929284975,-1.4609536616062153,-1.7387775869737012,-2.6081663804605517,2.629716590891194,4.482421875,2.98828125,-3.69140625,-2.724609375,-3.779296875,3.779296875,-30.76171875,-17.578125,21.97265625,8.7890625,8.7890625,-30.76171875,16.7,11.9,-14.3,-6.4,-8.1,7.3
9.62614945799578,9.629090833012015,1.7072343515481652,1.1381562343654434,-1.4226952929568082,-1.7100471210473225,-2.5650706815709836,2.5608515273222476,4.39453125,2.900390625,-3.603515625,-2.724609375,-3.69140625,3.69140625,-30.76171875,-17.578125,21.97265625,8.7890625,8.7890625,-26.3671875,16.7,11.1,-14.3,-6.4,-7.1,6.5
9.629101583006559,9.632189374999143,1.6613797434343263,1.107586495622884,-1.3844831195286096,-1.6809648582050516,-2.5214472873075775,2.4920696151514896,4.306640625,2.900390625,-3.603515625,-2.63671875,-3.69140625,3.515625,-30.76171875,-17.578125,21.97265625,8.7890625,8.7890625,-26.3671875,16.7,11.9,-14.3,-6.4,-7.9,6.4
9.632199832994957,9.63615825001034,1.6141161090997116,1.0760774060664744,-1.3450967575830934,-1.6505725164811893,-2.4758587747217837,2.4211741636495674,4.21875,2.8125,-3.515625,-2.63671875,-3.603515625,3.515625,-30.76171875,-17.578125,21.97265625,8.7890625,8.7890625,-26.3671875,16.7,11.1,-14.3,-6.4,-7.1,7.2
9.636168541008374,9.639167957997415,1.5548534443749684,1.0365689629166457,-1.2957112036458036,-1.6118465136577207,-2.417769770486581,2.3322801665624526,4.130859375,2.724609375,-3.427734375,-2.548828125,-3.603515625,3.33984375,-30.76171875,-17.578125,21.97265625,8.7890625,8.7890625,-26.3671875,16.7,11.1,-13.5,-5.6,-8.1,5.6
9.639178208017256,9.642176291003125,1.510863758701483,1.0072425058009888,-1.2590531322512362,-1.5826407820582993,-2.373961173087449,2.266295638052225,4.04296875,2.724609375,-3.427734375,-2.548828125,-3.515625,3.251953125,-30.76171875,-17.578125,21.97265625,8.7890625,8.7890625,-26.3671875,15.9,11.1,-14.3,-6.4,-7.3,4.7
9.642193750012666,9.645182665990433,1.4676063627242293,0.9784042418161528,-1.223005302270195,-1.5535254789102078,-2.3302882183653115,2.2014095440863444,4.04296875,2.63671875,-3.33984375,-2.4609375,-3.427734375,3.251953125,-21.97265625,-17.578125,21.97265625,8.7890625,13.18359375,-26.3671875,16.7,11.1,-14.3,-5.6,-7.3,6.3
9.645200416009175,9.648300750006456,1.4252865183330359,0.950191012222024,-1.1877387652775269,-1.5246492021557339,-2.2869738032336007,2.137929777499554,3.955078125,2.63671875,-3.251953125,-2.4609375,-3.427734375,3.1640625,-21.97265625,-17.578125,21.97265625,8.7890625,13.18359375,-26.3671875,15.9,11.1,-13.5,-5.6,-7.1,6.3
9.648313375015277,9.652167041000212,1.3823174084739598,0.9215449389826398,-1.1519311737283036,-1.4949201093062383,-2.242380163959358,2.0734761127109396,3.779296875,2.548828125,-3.1640625,-2.4609375,-3.33984375,3.076171875,-21.97265625,-17.578125,21.97265625,8.7890625,13.18359375,-26.3671875,15.1,10.3,-13.4,-6.4,-7.1,5.6
9.652178916003322,9.65523512501386,1.3301504399911703,0.8867669599941136,-1.108458699992642,-1.4582519538399528,-2.1873779307599293,1.9952256599867557,3.69140625,2.4609375,-3.076171875,-2.373046875,-3.251953125,2.98828125,-21.97265625,-17.578125,21.97265625,8.7890625,13.18359375,-26.3671875,15.1,10.4,-12.6,-5.6,-6.3,5.6
9.655247165996116,9.659105791011825,1.2896746694992618,0.8597831129995078,-1.0747288912493849,-1.429350549999528,-2.144025824999292,1.9345120042488926,3.603515625,2.4609375,-3.076171875,-2.373046875,-3.251953125,2.900390625,-21.97265625,-17.578125,21.97265625,8.7890625,13.18359375,-26.3671875,15.1,10.4,-13.4,-5.6,-7.2,4.8
9.659119165997254,9.662126832990907,1.2397623897433545,0.8265082598289031,-1.0331353247861288,-1.3931462289624459,-2.0897193434436687,1.8596435846150319,3.515625,2.373046875,-2.98828125,-2.28515625,-3.1640625,2.8125,-21.97265625,-17.578125,21.97265625,8.7890625,13.18359375,-26.3671875,14.2,10.4,-12.6,-5.6,-7.2,5.6
9.66213929100195,9.665199041017331,1.2017273151434673,0.8011515434289782,-1.001439429286223,-1.3651222743899416,-2.0476834115849125,1.802590972715201,3.427734375,2.373046875,-2.900390625,-2.28515625,-3.076171875,2.8125,-30.76171875,-17.578125,21.97265625,13.18359375,17.578125,-26.3671875,14.2,10.4,-12.6,-5.6,-6.4,6.4
9.665211165993242,9.669158791017253,1.163839268326952,0.7758928455513013,-0.9698660569391269,-1.3368181252933882,-2.0052271879400823,1.7457589024904279,3.427734375,2.28515625,-2.900390625,-2.28515625,-3.076171875,2.724609375,-30.76171875,-17.578125,21.97265625,13.18359375,17.578125,-21.97265625,15.0,9.6,-12.6,-5.6,-7.2,5.6
9.669172875001095,9.67228850000538,1.116154975183458,0.744103316788972,-0.9301291459862123,-1.300622630823344,-1.950933946235016,1.674232462775187,3.33984375,2.28515625,-2.8125,-2.197265625,-2.98828125,2.63671875,-30.76171875,-17.578125,21.97265625,13.18359375,17.578125,-21.97265625,14.2,10.4,-12.7,-5.6,-6.4,5.5
9.67230245799874,9.676122916018358,1.0794166036746848,0.7196110691164566,-0.8995138363955709,-1.2722823734803468,-1.90842356022052,1.6191249055120274,3.251953125,2.197265625,-2.724609375,-2.197265625,-2.98828125,2.548828125,-30.76171875,-17.578125,21.97265625,13.18359375,17.578125,-21.97265625,14.2,9.4,-11.9,-5.6,-7.2,5.5
9.676138832990546,9.679247332998784,1.0354898259928331,0.6903265506618887,-0.8629081883273613,-1.237855705740657,-1.8567835586109855,1.5532347389892498,3.1640625,2.109375,-2.63671875,-2.197265625,-2.900390625,2.4609375,-30.76171875,-17.578125,17.578125,13.18359375,17.578125,-21.97265625,14.3,9.4,-11.9,-6.4,-6.4,4.7
9.679261750017758,9.68313308301731,1.00062502429645,0.6670833495309668,-0.833854186913706,-1.2100939842936917,-1.8151409764405375,1.5009375364446753,3.076171875,2.109375,-2.63671875,-2.109375,-2.900390625,2.4609375,-30.76171875,-13.18359375,17.578125,13.18359375,17.578125,-21.97265625,13.5,9.4,-11.9,-5.6,-7.2,5.7
9.683147291012574,9.686273416009499,0.9583527716527648,0.6389018477685099,-0.7986273097106374,-1.175891214058616,-1.7638368210879238,1.4375291574791473,2.98828125,2.021484375,-2.548828125,-2.109375,-2.8125,2.373046875,-21.97265625,-13.18359375,17.578125,8.7890625,17.578125,-21.97265625,13.5,8.6,-11.9,-5.6,-6.4,4.9
9.686287082993658,9.690151250018971,0.9250808357435675,0.6167205571623783,-0.7709006964529705,-1.1485340906526718,-1.7228011359790076,1.3876212536153512,2.900390625,2.021484375,-2.4609375,-2.109375,-2.724609375,2.373046875,-21.97265625,-13.18359375,17.578125,8.7890625,17.578125,-17.578125,12.7,8.6,-11.1,-6.4,-6.4,6.5
9.690166957996553,9.693392790999496,0.8850489439041819,0.5900326292694545,-0.7375407865868159,-1.1150847785122167,-1.672627167768325,1.3275734158562726,2.8125,1.93359375,-2.4609375,-2.109375,-2.63671875,2.28515625,-21.97265625,-13.18359375,17.578125,8.7890625,17.578125,-17.578125,12.7,8.7,-11.9,-6.4,-5.6,5.6
9.69340720801847,9.697166583006037,0.8525234057327457,0.5683489371551638,-0.7104361714439549,-1.0874585805446426,-1.6311878708169638,1.2787851085991184,2.8125,1.93359375,-2.373046875,-2.021484375,-2.63671875,2.197265625,-21.97265625,-13.18359375,17.578125,8.7890625,17.578125,-17.578125,12.7,8.7,-11.1,-5.6,-6.4,4.8
9.697180624993052,9.701133875001688,0.8156734816367984,0.543782321091199,-0.6797279013639989,-1.0556491607436236,-1.5834737411154356,1.2235102224551977,2.724609375,1.845703125,-2.28515625,-2.021484375,-2.63671875,2.197265625,-21.97265625,-13.18359375,17.578125,8.7890625,17.578125,-17.578125,12.6,7.9,-10.3,-6.4,-6.3,5.6
9.701151040993864,9.704271208000137,0.7780783172594741,0.5187188781729827,-0.6483985977162309,-1.022609725275352,-1.533914587913028,1.167117475889211,2.63671875,1.845703125,-2.28515625,-1.93359375,-2.548828125,2.109375,-17.578125,-13.18359375,17.578125,8.7890625,13.18359375,-17.578125,11.8,8.7,-11.1,-5.6,-7.1,4.7
9.704288291017292,9.708124166005291,0.7492159629439016,0.49947730862926776,-0.6243466357865848,-0.9968223560316941,-1.4952335340475411,1.1238239444158522,2.548828125,1.845703125,-2.197265625,-1.93359375,-2.548828125,2.021484375,-17.578125,-13.18359375,17.578125,8.7890625,13.18359375,-17.578125,11.8,8.7,-10.3,-5.6,-7.3,5.5
9.708143041003495,9.711270291008987,0.7147588130806586,0.47650587538710576,-0.5956323442338802,-0.965530658927827,-1.4482959883917403,1.072138219620988,2.4609375,1.7578125,-2.197265625,-1.845703125,-2.4609375,1.93359375,-17.578125,-13.18359375,17.578125,8.7890625,13.18359375,-17.578125,11.0,7.9,-11.1,-5.6,-6.5,4.9
9.711314165993826,9.715118874999462,0.6872335773288621,0.45815571821924134,-0.5726946477740519,-0.9401193624614453,-1.4101790436921682,1.0308503659932933,2.4609375,1.7578125,-2.109375,-1.845703125,-2.4609375,1.93359375,-17.578125,-13.18359375,17.578125,8.7890625,13.18359375,-17.578125,11.8,8.7,-10.3,-5.6,-7.3,4.9
9.715137416002108,9.719022416014923,0.6550195989071701,0.4366797326047801,-0.5458496657559773,-0.9098867547450344,-1.3648301321175516,0.9825293983607551,2.373046875,1.669921875,-2.021484375,-1.845703125,-2.373046875,1.845703125,-17.578125,-13.18359375,13.18359375,8.7890625,13.18359375,-17.578125,11.0,7.9,-9.5,-5.6,-6.3,4.9
9.71903825001209,9.722158958000364,0.6232308993177073,0.4154872662118048,-0.5193590827647562,-0.8795041147196709,-1.3192561720795062,0.9348463489765607,2.28515625,1.669921875,-2.021484375,-1.7578125,-2.373046875,1.845703125,-17.578125,-8.7890625,13.18359375,8.7890625,13.18359375,-17.578125,11.0,7.9,-9.5,-5.6,-6.3,4.7
9.722177249990636,9.726144457992632,0.5984301618714718,0.39895344124764787,-0.49869180155956183,-0.855400645789387,-1.2831009686840806,0.8976452428072076,2.28515625,1.58203125,-1.93359375,-1.7578125,-2.28515625,1.845703125,-17.578125,-8.7890625,13.18359375,8.7890625,8.7890625,-17.578125,11.0,7.1,-9.5,-5.6,-6.3,5.5
9.726160666003125,9.729265833011596,0.5679433124550116,0.3786288749700078,-0.473286093712508,-0.8252635497565763,-1.2378953246348645,0.8519149686825175,2.197265625,1.58203125,-1.93359375,-1.7578125,-2.28515625,1.7578125,-17.578125,-8.7890625,13.18359375,8.7890625,8.7890625,-13.18359375,11.0,7.9,-9.5,-5.6,-6.4,5.5
9.72928095801035,9.733140791009646,0.5448209034979377,0.36321393566529175,-0.45401741958161485,-0.8020132254951666,-1.20301983824275,0.8172313552469065,2.197265625,1.58203125,-1.845703125,-1.669921875,-2.197265625,1.7578125,-17.578125,-8.7890625,13.18359375,8.7890625,8.7890625,-13.18359375,11.0,7.9,-8.7,-5.6,-6.4,5.7
9.733155207999516,9.736250457994174,0.517023769120068,0.34468251274671197,-0.4308531409333901,-0.7735870057812166,-1.160380508671825,0.7755356536801019,2.109375,1.494140625,-1.845703125,-1.669921875,-2.109375,1.669921875,-17.578125,-8.7890625,13.18359375,8.7890625,8.7890625,-13.18359375,10.2,7.2,-9.5,-5.6,-5.6,5.7
9.736267875006888,9.740143375005573,0.49541186346408433,0.3302745756427229,-0.4128432195534054,-0.7511077430878024,-1.1266616146317034,0.7431177951961265,2.021484375,1.494140625,-1.7578125,-1.58203125,-2.109375,1.669921875,-17.578125,-8.7890625,13.18359375,8.7890625,8.7890625,-13.18359375,10.3,7.2,-8.7,-4.8,-6.4,5.7
9.74017033301061,9.743189500004519,0.46920849389802827,0.3128056625986855,-0.39100707824835534,-0.7233821910420722,-1.0850732865631085,0.7038127408470424,1.93359375,1.40625,-1.7578125,-1.58203125,-2.109375,1.58203125,-17.578125,-8.7890625,13.18359375,8.7890625,13.18359375,-13.18359375,9.5,6.4,-8.7,-4.8,-6.4,5.5
9.743206874991301,9.747120540996548,0.44949509390244874,0.2996633959349658,-0.37457924491870587,-0.7021644726293095,-1.0532467089439643,0.6742426408536731,1.93359375,1.40625,-1.669921875,-1.58203125,-2.021484375,1.494140625,-17.578125,-8.7890625,13.18359375,8.7890625,13.18359375,-13.18359375,9.5,7.2,-8.7,-5.6,-6.4,4.7
9.747138625010848,9.751117541018175,0.4248329535196405,0.28322196901309366,-0.35402746126636714,-0.67515911949868,-1.01273867924802,0.6372494302794607,1.845703125,1.40625,-1.669921875,-1.58203125,-2.021484375,1.494140625,-17.578125,-8.7890625,13.18359375,8.7890625,13.18359375,-13.18359375,9.5,7.2,-8.7,-5.6,-6.4,4.8
9.751134666003054,9.75422441601404,0.4007470807650191,0.2671647205100127,-0.33395590063751457,-0.6482582762234319,-0.9723874143351479,0.6011206211475286,1.7578125,1.40625,-1.58203125,-1.494140625,-1.93359375,1.40625,-17.578125,-8.7890625,13.18359375,8.7890625,13.18359375,-13.18359375,8.7,7.1,-7.9,-4.8,-5.6,4.8
9.754240708018187,9.758126208005706,0.3826947421401271,0.25512982809341805,-0.31891228511677266,-0.6277326125366759,-0.9415989188050138,0.5740421132101906,1.7578125,1.318359375,-1.58203125,-1.494140625,-1.93359375,1.40625,-17.578125,-8.7890625,13.18359375,8.7890625,13.18359375,-13.18359375,8.7,6.3,-7.9,-5.6,-6.4,4.8
9.758141083002556,9.761301291000564,0.36083855127189757,0.24055903418126506,-0.3006987927265814,-0.6024373305053137,-0.9036559957579705,0.5412578269078463,1.7578125,1.318359375,-1.58203125,-1.494140625,-1.93359375,1.40625,-17.578125,-8.7890625,13.18359375,8.7890625,13.18359375,-13.18359375,9.4,6.3,-8.7,-5.6,-6.4,4.8
9.761316040996462,9.765172165993135,0.3437031387710675,0.22913542584737834,-0.2864192823092217,-0.5822437348724878,-0.8733656023087318,0.5155547081566012,1.669921875,1.318359375,-1.494140625,-1.494140625,-1.845703125,1.318359375,-13.18359375,-8.7890625,13.18359375,0.0,13.18359375,-13.18359375,8.6,7.1,-7.9,-5.6,-6.4,4.0
9.765191000013147,9.769119166012388,0.32357110958771007,0.21571407305847337,-0.26964259132309054,-0.5580843416975017,-0.8371265125462525,0.4853566643815651,1.669921875,1.23046875,-1.494140625,-1.40625,-1.845703125,1.318359375,-13.18359375,-8.7890625,13.18359375,0.0,13.18359375,-8.7890625,8.6,6.3,-7.9,-4.8,-6.4,4.8
9.769134875008604,9.772261791018536,0.30394451329394023,0.20262967552929348,-0.25328709441161573,-0.5340479086077874,-0.8010718629116812,0.45591676994091035,1.58203125,1.23046875,-1.40625,-1.40625,-1.7578125,1.318359375,-13.18359375,-8.7890625,13.18359375,0.0,13.18359375,-8.7890625,7.8,6.3,-7.1,-5.6,-5.6,4.8
9.772286040999461,9.776133208011743,0.2888754450851135,0.1925836300567423,-0.240729537570928,-0.515245770290573,-0.7728686554358595,0.43331316762767025,1.58203125,1.23046875,-1.40625,-1.40625,-1.7578125,1.23046875,-13.18359375,-8.7890625,8.7890625,0.0,13.18359375,-8.7890625,8.6,6.3,-7.1,-5.6,-6.4,4.0
9.776151333004236,9.780122583004413,0.27111818901745205,0.18074545934496805,-0.22593182418121013,-0.49267406546328996,-0.7390110981949349,0.4066772835261781,1.494140625,1.142578125,-1.40625,-1.318359375,-1.7578125,1.23046875,-13.18359375,-8.7890625,8.7890625,0.0,13.18359375,-8.7890625,7.9,5.5,-7.9,-4.8,-6.4,4.8
9.780139625014272,9.784127708000597,0.25361626217841093,0.16907750811894062,-0.21134688514867586,-0.46995422004181003,-0.704931330062715,0.38042439326761646,1.494140625,1.142578125,-1.318359375,-1.318359375,-1.7578125,1.23046875,-13.18359375,-8.7890625,8.7890625,8.7890625,4.39453125,-8.7890625,7.9,5.5,-7.1,-4.8,-7.2,4.8
9.78414674999658,9.7881137499935,0.23684982022806444,0.15789988015204295,-0.19737485019005377,-0.4477126709251273,-0.6715690063876909,0.35527473034209667,1.40625,1.142578125,-1.318359375,-1.318359375,-1.669921875,1.23046875,-8.7890625,-8.7890625,8.7890625,8.7890625,4.39453125,-4.39453125,7.1,6.3,-7.1,-5.6,-6.4,5.6
9.788131458015414,9.792117166012758,0.2209692014169506,0.1473128009446337,-0.18414100118079316,-0.42617957370619947,-0.6392693605592993,0.33145380212542586,1.40625,1.0546875,-1.318359375,-1.23046875,-1.58203125,1.142578125,-8.7890625,-8.7890625,8.7890625,8.7890625,4.39453125,-4.39453125,7.9,5.5,-7.1,-4.8,-5.6,4.8
9.792134499992244,9.796121749997837,0.20578946465866224,0.13719297643910816,-0.17149122054888527,-0.4051353564136182,-0.6077030346204273,0.3086841969879933,1.318359375,1.0546875,-1.23046875,-1.23046875,-1.58203125,1.142578125,-8.7890625,-8.7890625,8.7890625,8.7890625,4.39453125,-4.39453125,7.1,5.5,-6.3,-4.8,-6.4,4.8
9.796138833014993,9.79916370799765,0.19135953875945963,0.12757302583963975,-0.15946628229955062,-0.38467503117293705,-0.5770125467594056,0.28703930813918943,1.23046875,1.0546875,-1.23046875,-1.23046875,-1.58203125,1.0546875,-8.7890625,-8.7890625,8.7890625,8.7890625,4.39453125,-4.39453125,6.3,5.5,-6.3,-4.8,-6.4,4.0
9.799181208014488,9.803121541015571,0.18088752625321983,0.12059168416881323,-0.1507396052110166,-0.3695252195142755,-0.5542878292714133,0.27133128937982975,1.23046875,1.0546875,-1.23046875,-1.23046875,-1.494140625,1.0546875,-8.7890625,-4.39453125,8.7890625,0.0,4.39453125,-4.39453125,6.3,5.5,-7.1,-5.6,-5.6,3.9
9.803138582996326,9.80712958300137,0.16788402678746953,0.11192268452497968,-0.13990335565622544,-0.350330069891966,-0.5254951048379491,0.2518260401812043,1.23046875,1.0546875,-1.142578125,-1.23046875,-1.494140625,1.0546875,-13.18359375,-4.39453125,8.7890625,0.0,13.18359375,-8.7890625,6.3,5.5,-6.3,-5.6,-6.4,4.7
9.807151332992362,9.811060375010129,0.15539248631828007,0.10359499087885338,-0.12949373859856675,-0.3314561090207932,-0.4971841635311898,0.23308872947742007,1.142578125,0.966796875,-1.142578125,-1.142578125,-1.494140625,0.966796875,-13.18359375,-4.39453125,8.7890625,0.0,13.18359375,-8.7890625,5.5,4.7,-6.3,-4.8,-6.4,4.0
9.811097958008759,9.814180457993643,0.143767552427438,0.09584503495162533,-0.11980629368953104,-0.31347181932087115,-0.4702077289813068,0.215651328641157,1.142578125,0.966796875,-1.142578125,-1.142578125,-1.40625,0.966796875,-13.18359375,-4.39453125,8.7890625,0.0,13.18359375,-8.7890625,6.3,4.7,-6.3,-4.8,-5.6,4.0
9.814206333016045,9.818058500008192,0.13505954290309893,0.09003969526873264,-0.11254961908591649,-0.29971061116301917,-0.4495659167445287,0.2025893143546484,1.142578125,0.966796875,-1.0546875,-1.142578125,-1.40625,0.966796875,-13.18359375,-4.39453125,8.7890625,0.0,13.18359375,-8.7890625,6.3,5.5,-5.5,-4.8,-6.4,4.0
9.818078750016866,9.82107345800614,0.1247467906416963,0.08316452709446422,-0.10395565886807967,-0.28306282986386705,-0.42459424479580055,0.18712018596254446,1.142578125,0.966796875,-1.0546875,-1.142578125,-1.40625,0.966796875,-13.18359375,-4.39453125,8.7890625,0.0,13.18359375,-8.7890625,6.3,5.5,-5.5,-5.6,-6.4,4.9
9.821094625018304,9.824052208015928,0.11711534432083251,0.07807689621388834,-0.09759612026736048,-0.27047746327302263,-0.4057161949095339,0.17567301648124875,1.142578125,0.87890625,-1.0546875,-1.0546875,-1.318359375,0.966796875,-4.39453125,-4.39453125,8.7890625,0.0,4.39453125,-8.7890625,6.3,4.7,-5.5,-4.8,-5.6,4.9
9.82406783301849,9.827127666008892,0.10992526380363675,0.0732835092024245,-0.09160438650303007,-0.2583948778972596,-0.38759231684588946,0.1648878957054551,1.142578125,0.87890625,-1.0546875,-1.0546875,-1.318359375,0.87890625,-4.39453125,-4.39453125,8.7890625,0.0,4.39453125,-8.7890625,6.3,4.7,-6.3,-4.8,-5.5,4.1
9.827142374997493,9.830090875009773,0.10282903784100676,0.06855269189400451,-0.08569086486750623,-0.24623838963735764,-0.36935758445603645,0.15424355676151016,1.0546875,0.87890625,-1.0546875,-1.0546875,-1.318359375,0.87890625,-4.39453125,-4.39453125,8.7890625,0.0,4.39453125,-8.7890625,5.5,4.7,-6.4,-4.8,-6.3,3.9
9.830105416011065,9.833011583017651,0.09630743732161802,0.06420495821441201,-0.08025619776801453,-0.2348465802402263,-0.3522698703603394,0.14446115598242704,1.0546875,0.87890625,-1.0546875,-1.0546875,-1.318359375,0.87890625,-4.39453125,-4.39453125,8.7890625,0.0,4.39453125,-8.7890625,5.5,4.8,-6.4,-4.8,-6.3,3.9
9.833031332993414,9.836025124997832,0.09016474274134754,0.0601098284942317,-0.07513728561778966,-0.22390800908754063,-0.3358620136313109,0.13524711411202134,1.0546875,0.87890625,-0.966796875,-1.0546875,-1.318359375,0.87890625,-4.39453125,-4.39453125,4.39453125,0.0,4.39453125,-8.7890625,5.5,4.8,-5.6,-4.8,-6.3,3.9
9.836043040995719,9.838983333000215,0.08414177080777732,0.05609451387185154,-0.07011814233981493,-0.2129693977777151,-0.31945409666657265,0.12621265621166597,0.966796875,0.87890625,-0.966796875,-0.966796875,-1.318359375,0.87890625,-4.39453125,-4.39453125,4.39453125,0.0,4.39453125,-8.7890625,5.5,4.8,-5.6,-4.0,-6.5,3.9
9.839000541018322,9.842066540993983,0.07851476240483989,0.05234317493655992,-0.06542896867070037,-0.20254257526601016,-0.30381386289901524,0.11777214360725982,0.966796875,0.87890625,-0.966796875,-0.966796875,-1.23046875,0.87890625,-4.39453125,-4.39453125,4.39453125,8.7890625,4.39453125,-8.7890625,5.5,4.8,-5.6,-4.8,-5.7,4.0
9.842083666007966,9.845072333002463,0.07294307622546278,0.04862871748364186,-0.06078589685455234,-0.1920030910698608,-0.2880046366047912,0.10941461433819417,0.966796875,0.87890625,-0.966796875,-0.966796875,-1.23046875,0.87890625,-8.7890625,-4.39453125,4.39453125,8.7890625,8.7890625,-8.7890625,5.5,4.8,-5.6,-4.8,-6.5,4.8
9.845089333015494,9.848197208018973,0.0677918007854844,0.045194533856989606,-0.05649316732123704,-0.18205080624426315,-0.2730762093663947,0.1016877011782266,0.966796875,0.87890625,-0.87890625,-0.966796875,-1.23046875,0.791015625,-8.7890625,-4.39453125,4.39453125,8.7890625,8.7890625,0.0,5.5,4.8,-4.8,-4.8,-6.4,4.0
9.848214541008929,9.852103582990821,0.06271992876685359,0.04181328584456906,-0.05226660730571135,-0.17203785437258928,-0.2580567815588839,0.09407989315028038,0.966796875,0.87890625,-0.87890625,-0.966796875,-1.23046875,0.791015625,-8.7890625,-4.39453125,4.39453125,8.7890625,8.7890625,0.0,5.5,4.8,-4.6,-4.8,-6.4,4.0
9.852120583003853,9.855257999995956,0.0567738936239935,0.03784926241599566,-0.047311578019994964,-0.15999954324994184,-0.2399993148749128,0.08516084043599025,0.966796875,0.87890625,-0.87890625,-0.966796875,-1.23046875,0.791015625,-8.7890625,-4.39453125,4.39453125,8.7890625,8.7890625,0.0,5.5,4.8,-4.6,-4.8,-6.4,4.0
9.855275125009939,9.859057082998333,0.05227880673803245,0.03485253782535497,-0.04356567228169373,-0.15066011291294393,-0.22599016936941593,0.07841821010704868,0.87890625,0.87890625,-0.87890625,-0.966796875,-1.142578125,0.791015625,-8.7890625,-4.39453125,4.39453125,8.7890625,8.7890625,0.0,4.7,4.8,-4.6,-4.8,-5.6,4.0
9.859074083011365,9.862058583006728,0.047214763307688506,0.03147650887179233,-0.03934563608974013,-0.13986198041820702,-0.20979297062731056,0.07082214496153276,0.87890625,0.87890625,-0.87890625,-0.966796875,-1.142578125,0.791015625,-8.7890625,0.0,4.39453125,0.0,4.39453125,0.0,4.7,4.8,-4.6,-4.8,-5.6,4.0
9.86207750000176,9.86517408301006,0.04347098306759807,0.028980655378398716,-0.03622581922299871,-0.1316688523674339,-0.19750327855115085,0.06520647460139711,0.87890625,0.87890625,-0.87890625,-0.966796875,-1.142578125,0.791015625,-4.39453125,0.0,4.39453125,0.0,4.39453125,0.0,4.7,4.8,-4.6,-4.8,-6.4,4.0
9.865198915998917,9.869160083006136,0.03981366992501878,0.026542446616679188,-0.033178058270849,-0.12347193337060398,-0.18520790005590598,0.05972050488752817,0.791015625,0.87890625,-0.87890625,-0.966796875,-1.142578125,0.791015625,-4.39453125,0.0,4.39453125,0.0,4.39453125,-4.39453125,3.9,5.6,-4.8,-5.6,-6.4,4.0
9.86920029099565,9.873076000018045,0.03545912910536446,0.023639419403576306,-0.029549274254470143,-0.11343267572812914,-0.1701490135921937,0.05318869365804668,0.791015625,0.87890625,-0.87890625,-0.966796875,-1.142578125,0.791015625,-4.39453125,0.0,4.39453125,0.0,4.39453125,-4.39453125,3.9,5.7,-4.8,-5.6,-6.4,4.0
9.873104291007621,9.876061666000169,0.03155529295162434,0.02103686196774956,-0.026296077459686963,-0.1041378273233023,-0.15620674098495343,0.04733293942743651,0.791015625,0.87890625,-0.87890625,-0.87890625,-1.142578125,0.791015625,-4.39453125,0.0,0.0,0.0,4.39453125,-4.39453125,3.9,5.7,-5.6,-4.8,-6.4,4.0
9.876147625007434,9.879089916008525,0.028737028679385254,0.01915801911959017,-0.02394752389948751,-0.09722956636472747,-0.14584434954709122,0.04310554301907788,0.791015625,0.87890625,-0.791015625,-0.87890625,-1.142578125,0.791015625,-4.39453125,0.0,0.0,0.0,4.39453125,-4.39453125,3.9,5.7,-4.8,-4.8,-6.4,4.0
9.879122165992158,9.882094833010342,0.026164423139140306,0.017442948759426872,-0.0218036859492834,-0.09075904093988495,-0.1361385614098274,0.03924663470871046,0.791015625,0.87890625,-0.791015625,-0.87890625,-1.142578125,0.791015625,-4.39453125,0.0,0.0,0.0,0.0,-4.39453125,4.7,5.7,-4.8,-4.8,-6.4,4.0
9.882120583002688,9.885073582991026,0.023745602151838463,0.015830401434558973,-0.019788001793198732,-0.08451437483529824,-0.12677156225294736,0.035618403227757695,0.791015625,0.87890625,-0.791015625,-0.87890625,-1.0546875,0.791015625,-4.39453125,0.0,0.0,0.0,0.0,-4.39453125,4.7,5.7,-4.8,-4.8,-5.6,4.8
9.885096375015564,9.888020832993789,0.021510792481548358,0.01434052832103224,-0.017925660401290483,-0.07858857317063563,-0.11788285975595342,0.032266188722322536,0.791015625,0.87890625,-0.791015625,-0.87890625,-1.0546875,0.791015625,-4.39453125,0.0,0.0,0.0,0.0,0.0,4.7,5.7,-4.8,-4.8,-6.4,4.8
9.888042458012933,9.891051707993029,0.019453832084610656,0.012969221389740437,-0.016211526737175554,-0.07298453532104708,-0.10947680298157063,0.02918074812691598,0.791015625,0.87890625,-0.791015625,-0.791015625,-1.0546875,0.791015625,-4.39453125,0.0,0.0,0.0,0.0,0.0,4.7,5.7,-4.8,-4.0,-6.4,4.9
9.891080500005046,9.895074666012079,0.017487396052456226,0.011658264034970818,-0.014572830043713531,-0.06747480605537444,-0.10121220908306167,0.02623109407868434,0.791015625,0.87890625,-0.791015625,-0.791015625,-1.0546875,0.791015625,-4.39453125,0.0,4.39453125,0.0,0.0,0.0,4.7,5.6,-4.8,-4.0,-6.4,4.9
9.895106540992856,9.898141707992181,0.015110892998587361,0.010073928665724907,-0.012592410832156144,-0.06058644026384923,-0.09087966039577385,0.022666339497881043,0.791015625,0.87890625,-0.791015625,-0.791015625,-1.0546875,0.791015625,-4.39453125,0.0,4.39453125,0.0,0.0,0.0,4.9,5.6,-4.8,-4.0,-6.4,4.9
9.89817033300642,9.901108124991879,0.013468053649502917,0.008978702433001945,-0.011223378041252317,-0.05565360135172775,-0.08348040202759163,0.020202080474254376,0.791015625,0.87890625,-0.791015625,-0.791015625,-1.0546875,0.703125,-4.39453125,0.0,4.39453125,0.0,0.0,0.0,4.9,5.6,-4.8,-4.0,-6.4,3.9
9.90113354101777,9.90410262500518,0.012007696804175133,0.008005131202783422,-0.010006414003479288,-0.051131485019122756,-0.07669722752868414,0.018011545206262698,0.791015625,0.87890625,-0.791015625,-0.791015625,-1.0546875,0.703125,0.0,0.0,4.39453125,0.0,4.39453125,0.0,4.9,5.6,-4.8,-4.0,-6.4,3.9
9.904131666000467,9.907096333015943,0.010652038944434424,0.007101359296289616,-0.008876699120362026,-0.046800024535556164,-0.07020003680333424,0.015978058416651637,0.791015625,0.87890625,-0.791015625,-0.791015625,-0.966796875,0.703125,0.0,0.0,4.39453125,0.0,4.39453125,-4.39453125,4.9,5.6,-4.8,-4.0,-5.5,3.9
9.907125458004884,9.91031983299763,0.009414118891810822,0.006276079261207214,-0.007845099076508929,-0.04271451043191243,-0.06407176564786865,0.014121178337716232,0.791015625,0.87890625,-0.791015625,-0.791015625,-0.966796875,0.703125,0.0,0.0,4.39453125,0.0,4.39453125,-4.39453125,4.9,5.6,-4.8,-4.0,-5.5,4.0
9.910363125003641,9.91412100000889,0.008198112120125847,0.005465408080083897,-0.006831760100104793,-0.03855961572549397,-0.05783942358824096,0.012297168180188769,0.791015625,0.87890625,-0.791015625,-0.791015625,-0.966796875,0.703125,0.0,0.0,4.39453125,0.0,4.39453125,-4.39453125,4.9,5.6,-4.8,-4.8,-5.5,4.0
9.9141551250068,9.917201583011774,0.006925647869379494,0.004617098579586329,-0.0057713732244829155,-0.03403230740385859,-0.05104846110578789,0.01038847180406924,0.791015625,0.87890625,-0.791015625,-0.791015625,-0.966796875,0.703125,0.0,0.0,0.0,0.0,4.39453125,-4.39453125,4.8,5.6,-4.8,-4.8,-5.6,4.0
9.91723487499985,9.92142254099599,0.006004507201183197,0.004003004800788798,-0.005003756000986003,-0.030616981237797682,-0.045925471856696515,0.009006760801774797,0.791015625,0.87890625,-0.791015625,-0.791015625,-0.966796875,0.703125,0.0,0.0,0.0,0.0,4.39453125,-4.39453125,4.8,5.6,-4.8,-4.8,-5.6,4.0
9.921455916017294,9.926400083000772,0.0048929204401180985,0.003261946960078732,-0.0040774337000984776,-0.02630462372658958,-0.03945693558988437,0.007339380660177148,0.791015625,0.87890625,-0.791015625,-0.791015625,-0.966796875,0.703125,0.0,0.0,0.0,0.0,4.39453125,0.0,4.8,5.6,-4.8,-4.8,-5.6,4.0
9.92653575001168,9.9306921660027,0.003765680687812404,0.0025104537918749364,-0.0031380672398436736,-0.021658208224120564,-0.032487312336180844,0.005648521031718606,0.703125,0.791015625,-0.703125,-0.703125,-0.966796875,0.703125,0.0,0.0,0.0,0.0,4.39453125,0.0,4.0,4.8,-3.9,-4.0,-6.5,4.0
9.93077083301614,9.935120790993096,0.002983363516209059,0.0019889090108060397,-0.002486136263507552,-0.018217521161013165,-0.027326281741519746,0.00447504527431359,0.703125,0.791015625,-0.615234375,-0.703125,-0.966796875,0.703125,0.0,0.0,8.7890625,0.0,4.39453125,0.0,4.0,4.7,-3.1,-4.0,-6.5,4.0
9.935161166009493,9.941551458003232,0.0023065551245763784,0.0015377034163842522,-0.0019221292704803177,-0.015045692972687725,-0.02256853945903159,0.0034598326868645673,0.703125,0.791015625,-0.615234375,-0.703125,-0.966796875,0.615234375,0.0,0.0,8.7890625,0.0,4.39453125,0.0,3.9,4.7,-3.1,-4.0,-6.4,3.2
9.941600291000213,9.945188000012422,0.001528574697281511,0.0010190497981876741,-0.0012738122477345694,-0.011077563134156443,-0.016616344701234662,0.0022928620459222665,0.615234375,0.791015625,-0.52734375,-0.703125,-0.966796875,0.615234375,-8.7890625,-4.39453125,8.7890625,0.0,0.0,0.0,3.1,4.7,-2.3,-4.0,-6.4,3.1
9.945222208014457,9.949123333004536,0.0011878205113575154,0.0007918803409050103,-0.0009898504261312642,-0.009180398030441492,-0.013770597045662237,0.001781730767036273,0.615234375,0.791015625,-0.52734375,-0.703125,-0.966796875,0.615234375,-8.7890625,-4.39453125,8.7890625,0.0,0.0,-4.39453125,3.1,4.7,-2.2,-4.0,-6.4,3.1
9.949165333004203,9.953151416004403,0.0008847136429945442,0.0005898090953296961,-0.0007372613691621376,-0.007370673691820102,-0.011056010537730154,0.0013270704644918162,0.52734375,0.703125,-0.52734375,-0.703125,-0.966796875,0.615234375,-8.7890625,-4.39453125,8.7890625,0.0,0.0,-4.39453125,2.3,3.9,-2.2,-4.0,-6.4,3.2
9.953185457998188,9.957084708003094,0.0006390614097738116,0.00042604093984920777,-0.0005325511748115106,-0.0057831820589508585,-0.008674773088426287,0.0009585921146607175,0.52734375,0.703125,-0.52734375,-0.703125,-0.966796875,0.615234375,-8.7890625,-4.39453125,4.39453125,0.0,0.0,-4.39453125,2.3,3.9,-2.2,-4.0,-6.4,3.2
9.957117707992438,9.961101291002706,0.00045179211411976037,0.00030119474274650695,-0.00037649342843314426,-0.004464696945470857,-0.006697045418206284,0.0006776881711796406,0.52734375,0.703125,-0.52734375,-0.703125,-0.966796875,0.615234375,-8.7890625,-4.39453125,4.39453125,0.0,0.0,-4.39453125,2.2,3.9,-2.2,-4.0,-6.4,3.2
9.961139082995942,9.965055750013562,0.0003059975534692457,0.00020399836897949715,-0.0002549979612243645,-0.0033377505938981104,-0.005006625890847166,0.00045899633020386857,0.52734375,0.703125,-0.52734375,-0.703125,-0.87890625,0.615234375,-4.39453125,-4.39453125,4.39453125,0.0,0.0,-4.39453125,2.2,3.9,-2.2,-4.0,-5.6,3.2
9.965090582991252,9.968126499996288,0.00020009413641544543,0.00013339609094363027,-0.0001667451136795382,-0.0024302168346881352,-0.0036453252520322033,0.0003001412046231681,0.52734375,0.703125,-0.52734375,-0.703125,-0.87890625,0.615234375,-4.39453125,-4.39453125,4.39453125,0.0,0.0,0.0,2.2,3.9,-2.4,-4.0,-5.5,3.2
9.968155750015285,9.971104500000365,0.0001389878528065541,9.265856853770274e-05,-0.00011582321067213281,-0.001850854416890077,-0.002776281625335115,0.00020848177920983115,0.52734375,0.703125,-0.52734375,-0.703125,-0.87890625,0.615234375,-4.39453125,-4.39453125,4.39453125,0.0,0.0,0.0,2.2,3.9,-2.4,-4.0,-5.5,3.2
9.971130332996836,9.974052208010107,9.41808252884117e-05,6.278721685894113e-05,-7.848402107367663e-05,-0.0013836037583475254,-0.002075405637521288,0.00014127123793261756,0.52734375,0.703125,-0.52734375,-0.703125,-0.87890625,0.615234375,-4.39453125,-4.39453125,0.0,0.0,0.0,0.0,2.2,4.0,-2.4,-4.0,-5.5,3.2
9.974101583007723,9.978422915999545,6.118210575878679e-05,4.0788070505857856e-05,-5.098508813232248e-05,-0.0010020753827941758,-0.0015031130741912637,9.177315863818018e-05,0.52734375,0.703125,-0.52734375,-0.703125,-0.87890625,0.615234375,-4.39453125,-4.39453125,0.0,0.0,0.0,0.0,2.4,4.0,-2.4,-4.0,-5.6,3.2
9.97848195800907,9.982112333003897,2.9288914837085082e-05,1.9525943224723384e-05,-2.4407429030904324e-05,-0.0005774627313957333,-0.0008661940970936001,4.3933372255627624e-05,0.52734375,0.703125,-0.52734375,-0.703125,-0.87890625,0.615234375,-4.39453125,0.0,0.0,0.0,4.39453125,0.0,2.4,4.0,-2.4,-4.0,-5.6,3.2
9.982189375004964,9.986009832995478,1.3799392624240273e-05,9.19959508282685e-06,-1.1499493853533613e-05,-0.0003287428734985844,-0.0004931143102478766,2.0699088936360412e-05,0.52734375,0.703125,-0.52734375,-0.615234375,-0.87890625,0.615234375,0.0,0.0,0.0,0.0,4.39453125,0.0,2.4,4.0,-2.4,-3.2,-5.6,3.2
9.986036082991632,9.989272500009974,5.234524955520865e-06,3.4896833036805765e-06,-4.3621041296003915e-06,-0.00015907034475624575,-0.00023860551713436864,7.851787433281298e-06,0.52734375,0.703125,-0.52734375,-0.615234375,-0.87890625,0.615234375,0.0,0.0,0.0,0.0,4.39453125,0.0,2.4,4.0,-2.4,-3.2,-5.6,3.2
9.989301583002089,9.993054499995196,1.8095354761356006e-06,1.2063569840904005e-06,-1.5079462301130113e-06,-7.177869506498448e-05,-0.00010766804259747672,2.714303214203401e-06,0.52734375,0.703125,-0.52734375,-0.615234375,-0.87890625,0.615234375,0.0,0.0,0.0,0.0,4.39453125,0.0,2.4,4.0,-2.4,-3.2,-5.6,3.2
9.993075458012754,9.996223374997498,3.1879451745319305e-07,2.125296783021287e-07,-2.656620978776638e-07,-1.9538513856901526e-05,-2.930777078535229e-05,4.781917761797896e-07,0.52734375,0.703125,-0.52734375,-0.615234375,-0.87890625,0.615234375,0.0,0.0,0.0,0.0,4.39453125,0.0,2.4,4.0,-2.4,-3.2,-5.6,3.2
9.9962419999938,10.000080375000834,2.7743319728644107e-08,1.8495546485762738e-08,-2.3119433107210862e-08,-3.133180896076233e-06,-4.699771344114349e-06,4.161497959296616e-08,0.52734375,0.703125,-0.52734375,-0.615234375,-0.87890625,0.615234375,0.0,0.0,0.0,0.0,4.39453125,0.0,2.4,4.0,-2.4,-3.2,-5.6,3.2
