t,q_plan_1,q_plan_2,q_plan_3,q_plan_4,q_plan_5,q_plan_6,q_cmd_1,q_cmd_2,q_cmd_3,q_cmd_4,q_cmd_5,q_cmd_6,q_1,q_2,q_3,q_4,q_5,q_6,dq_1,dq_2,dq_3,dq_4,dq_5,dq_6,load_1,load_2,load_3,load_4,load_5,load_6
0.0,-0.0,-0.0,-0.0,0.0,0.0,-0.0,-0.01215919220444254,-0.017009423013330624,-0.02907149143086358,0.0046524041946262055,0.00040258003240737424,-1.1128810737575625e-10,-0.52734375,-0.791015625,-0.87890625,0.615234375,0.791015625,0.615234375,0.0,0.0,0.0,0.0,0.0,0.0,-2.4,-4.8,-4.8,2.4,3.2,2.4
0.02565908432006836,-0.0001250287227642101,-0.00020866255532915587,-0.0002989319834193866,0.0005075940576511155,0.00012502872108674832,-8.595966180267336e-11,-0.021461309350769057,-0.031011221896866694,-0.05131198359197246,0.014745278745335981,0.0018690408505146648,-7.736171202399771e-10,-0.52734375,-0.791015625,-0.87890625,0.615234375,0.791015625,0.615234375,0.0,0.0,0.0,0.0,0.0,0.0,-2.4,-4.8,-5.7,3.2,4.8,3.2
0.030886173248291016,-0.00021761020688008319,-0.0003631733639232404,-0.0005202856537025049,0.0008834581802844666,0.0002176102039604916,-1.4961122032333758e-10,-0.02379229246292691,-0.03455526465315185,-0.056885146219159625,0.017797570300161124,0.002362478574448724,-1.0199978799240196e-9,-0.52734375,-0.791015625,-0.87890625,0.615234375,0.791015625,0.615234375,0.0,0.0,0.0,0.0,0.0,0.0,-2.4,-4.8,-4.9,3.2,4.8,3.2
0.03588700294494629,-0.00033961294295167804,-0.0005667857987543736,-0.0008119827859306972,0.0013787672778900447,0.0003396129383952231,-2.3349045782857057e-10,-0.02616675958866842,-0.03818953116681377,-0.06256227505619213,0.021071420177314473,0.002906420491630109,-1.29837552720126e-9,-0.52734375,-0.791015625,-0.87890625,0.615234375,0.791015625,0.615234375,0.0,0.0,0.0,0.0,0.0,0.0,-2.4,-4.8,-4.9,3.2,4.8,3.2
0.04088711738586426,-0.0005016287447424867,-0.0008371767174005444,-0.0011993474162640431,0.002036522203449729,0.0005016287380123288,-3.448794508593262e-10,-0.028694049771118897,-0.04205450436108632,-0.06860478952977456,0.02472968878339983,0.003529531389417016,-1.6243158554309153e-9,-0.52734375,-0.791015625,-0.87890625,0.615234375,0.791015625,0.615234375,0.0,0.0,0.0,0.0,0.0,0.0,-2.4,-4.8,-4.9,3.2,4.8,3.2
0.04588723182678223,-0.0007062760122534984,-0.0011787160120193378,-0.0016886398942316434,0.002867353188574877,0.0007062760027776675,-4.855783999901044e-10,-0.031369086163152836,-0.04617235353984467,-0.07500055137321752,0.02876776111405201,0.004231736017829438,-1.9982381610528396e-9,-0.52734375,-0.791015625,-0.87890625,0.615234375,0.791015625,0.615234375,0.0,0.0,0.0,0.0,0.0,0.0,-2.4,-4.8,-4.7,3.2,4.8,3.2
0.0508880615234375,-0.0009616249321378178,-0.0016048721539491033,-0.0022991552813956878,0.0039040237351127935,0.0009616249192360698,-6.611357144187952e-10,-0.03420573899458785,-0.05053488305500213,-0.08178272300886845,0.03322969657947965,0.005023092200529697,-2.4267071990823806e-9,-0.52734375,-0.791015625,-0.87890625,0.615234375,0.791015625,0.615234375,0.0,0.0,0.0,0.0,0.0,0.0,-2.4,-4.8,-4.7,3.2,4.8,3.2
0.05588817596435547,-0.0012694588353186751,-0.0021186213744046503,-0.0030351573552161726,0.0051537738448762145,0.0012694588182868393,-8.727774685997635e-10,-0.03719720000000005,-0.05516319449897584,-0.08893502651080906,0.03810641941179853,0.005902529382505758,-2.909495136145852e-9,-0.52734375,-0.791015625,-0.87890625,0.615234375,0.791015625,0.615234375,0.0,0.0,0.0,0.0,0.0,0.0,-2.4,-4.8,-4.7,3.2,4.8,3.2
0.06088900566101074,-0.0016384247301723894,-0.0027343948122784244,-0.0039173203040510154,0.0066517088118427225,0.0016384247081902817,-1.1264486478067936e-9,-0.04035817499367915,-0.06004876329382396,-0.09649262210571552,0.04344461732708052,0.0068807235533532305,-3.453581563974427e-9,-0.52734375,-0.791015625,-0.87890625,0.615234375,0.791015625,0.615234375,0.0,0.0,0.0,0.0,0.0,0.0,-2.4,-4.8,-4.7,3.2,4.8,3.2
0.06588912010192871,-0.0020695338254522553,-0.0034538800910042153,-0.004948061833460911,0.008401933961115774,0.0020695337976861248,-1.4228444775890499e-9,-0.043681170814093756,-0.06521321119507728,-0.10443759434512814,0.049232235084752385,0.007955858754581968,-4.05822127681706e-9,-0.52734375,-0.791015625,-0.87890625,0.615234375,0.791015625,0.615234375,0.0,0.0,0.0,0.0,0.0,0.0,-2.4,-4.0,-4.8,3.2,4.8,3.2
0.07089018821716309,-0.0025720125505138323,-0.004292475354971018,-0.006149441473177578,0.010441906931313751,0.0025720125160061395,-1.7683083063349337e-9,-0.04718154826568634,-0.07064743671366663,-0.11280666947592362,0.05551839659341863,0.009139202498378091,-4.730797574336706e-9,-0.52734375,-0.791015625,-0.87890625,0.615234375,0.791015625,0.615234375,0.0,0.0,0.0,0.0,0.0,0.0,-2.4,-3.9,-4.8,2.4,4.8,3.2
0.07589101791381836,-0.003146142751499072,-0.005250650981983941,-0.00752213309096812,0.012772771966924348,0.003146142709288497,-2.1630339087108324e-9,-0.05085133380728163,-0.07637388804713378,-0.12158078350683887,0.06228848029303877,0.010428275193038784,-5.470096226981564e-9,-0.52734375,-0.791015625,-0.87890625,0.615234375,0.791015625,0.615234375,0.0,0.0,0.0,0.0,0.0,0.0,-2.4,-3.9,-4.8,2.4,4.8,3.2
0.08089113235473633,-0.0038014419489468335,-0.006344290923443347,-0.009088892188360625,0.0154331684842536,0.0038014418979443647,-2.613564763916028e-9,-0.05470476367333457,-0.08238010718866745,-0.13079397394308034,0.06959072903986911,0.011834301352393266,-6.28353899861824e-9,-0.52734375,-0.791015625,-0.87890625,0.615234375,0.791015625,0.615234375,0.0,0.0,0.0,0.0,0.0,0.0,-2.4,-3.9,-4.8,2.4,4.8,3.2
0.0858922004699707,-0.004537793901163704,-0.007573201181616177,-0.010849440842337089,0.01842262456299772,0.004537793840281886,-3.1198209535411155e-9,-0.05873536838349243,-0.0886924514407161,-0.14043077286215166,0.07741168658928305,0.01335485431893037,-7.169856403864224e-9,-0.52734375,-0.791015625,-0.87890625,0.615234375,0.791015625,0.615234375,0.0,0.0,0.0,0.0,0.0,0.0,-2.4,-3.9,-4.8,2.4,4.8,3.2
0.09089303016662598,-0.005365140758786883,-0.008953974380273674,-0.012827549805279243,0.02178150354105334,0.005365140686804874,-3.688637898179623e-9,-0.06295724568242496,-0.0952966799646751,-0.15052488665313452,0.08580046162879379,0.015001442164119545,-8.136693158225695e-9,-0.52734375,-0.791015625,-0.87890625,0.615234375,0.791015625,0.615234375,0.0,0.0,0.0,0.0,0.0,0.0,-1.6,-4.0,-4.0,2.4,4.8,3.2
0.09589314460754395,-0.006282326314770763,-0.01048468090587351,-0.015020454694269741,0.02550511142640974,0.006282326230483233,-4.31922068315581e-9,-0.06736160397952479,-0.10221706140650375,-0.16105529544507788,0.0947375448698208,0.01677030383581943,-9.181923035550141e-9,-0.52734375,-0.791015625,-0.87890625,0.615234375,0.791015625,0.615234375,0.0,0.0,0.0,0.0,0.0,0.0,-1.6,-4.0,-4.0,2.4,4.8,3.2
0.10089421272277832,-0.0073002568047046594,-0.012183522359909923,-0.01745423129864942,0.02963772556793595,0.007300256706759951,-5.019067556088873e-9,-0.07196531438207737,-0.10944214998561778,-0.17206233647771207,0.10427858898728246,0.01867433704174923,-1.0314059365142566e-8,-0.52734375,-0.791015625,-0.87890625,0.615234375,0.791015625,0.615234375,0.0,0.0,0.0,0.0,0.0,0.0,-1.6,-4.0,-4.0,2.4,4.8,3.2
0.1058950424194336,-0.008416958644945799,-0.014047204995178654,-0.020124160964498324,0.0341713335721019,0.008416958532018737,-5.786821640105072e-9,-0.07675842761496321,-0.11699590534799154,-0.18352222196468448,0.11440031653788593,0.02070889310263116,-1.1530380859457395e-8,-0.52734375,-0.791015625,-0.87890625,0.615234375,0.791015625,0.615234375,0.0,0.0,0.0,0.0,0.0,0.0,-1.5,-4.0,-3.9,2.4,4.8,3.2
0.11089515686035156,-0.009643380698027514,-0.01609400155400358,-0.023056421398193954,0.03915038584547886,0.009643380568646024,-6.630010489670943e-9,-0.0817561902996736,-0.12486280320514699,-0.19547140515211386,0.12515599307616487,0.022886490429034425,-1.28392234731826e-8,-0.52734375,-0.791015625,-0.87890625,0.615234375,0.791015625,0.615234375,0.0,0.0,0.0,0.0,0.0,0.0,-1.5,-4.0,-3.9,2.4,4.8,3.2
0.11589622497558594,-0.010977489069486502,-0.018320517635429454,-0.026246149748284747,0.04456662514348628,0.010977488922205797,-7.547235763058743e-9,-0.08695082761288674,-0.13307171158769968,-0.20789129716454086,0.136525535901095,0.02520298728886366,-1.4238102464582518e-8,-0.52734375,-0.791015625,-0.87890625,0.615234375,0.791015625,0.615234375,0.0,0.0,0.0,0.0,0.0,0.0,-1.5,-4.0,-3.9,2.4,4.8,3.2
0.12089705467224121,-0.01243055468112082,-0.02074556347194768,-0.029720293734731118,0.05046580937520663,0.012430554514344898,-8.546246436700007e-9,-0.09235726217404429,-0.14160511359465935,-0.22081757658948417,0.1485624957340139,0.02767105406514632,-1.573549134842733e-8,-0.52734375,-0.791015625,-0.87890625,0.615234375,0.791015625,0.615234375,0.0,0.0,0.0,0.0,0.0,0.0,-1.5,-4.0,-3.9,1.6,4.8,3.2
0.12589716911315918,-0.013999274802690432,-0.023363627081061662,-0.033470956838401095,0.0568345300517199,0.013999274614867604,-9.624771819763211e-9,-0.09796492565741434,-0.15048893039772054,-0.23422497554847058,0.16123932732511492,0.03028490090508853,-1.7327847792949128e-8,-0.52734375,-0.791015625,-0.87890625,0.615234375,0.791015625,0.615234375,0.0,0.0,0.0,0.0,0.0,0.0,-1.6,-4.0,-3.2,1.6,4.8,3.2
0.13089799880981445,-0.01569612984644368,-0.02619553723438263,-0.03752797855780994,0.06372345539512927,0.015696129635854806,-1.0791392436725499e-8,-0.1037918811514616,-0.15970914527103305,-0.24815668119675585,0.1746174436511634,0.033058893426075056,-1.902471454951654e-8,-0.52734375,-0.791015625,-0.87890625,0.615234375,0.791015625,0.615234375,0.0,0.0,0.0,0.0,0.0,0.0,-1.6,-4.0,-3.2,1.6,4.8,3.2
0.13589811325073242,-0.017516838048952297,-0.029234148024326282,-0.041881121597032014,0.07111520221840058,0.01751683781393569,-1.204316449252862e-8,-0.10982594826083118,-0.1692905266531523,-0.2625835713481593,0.18866437576313347,0.03598610759202985,-2.0821800606365385e-8,-0.52734375,-0.791015625,-0.87890625,0.615234375,0.791015625,0.615234375,0.0,0.0,0.0,0.0,0.0,0.0,-1.6,-3.2,-3.2,1.6,4.8,3.2
0.1408982276916504,-0.01947411625538576,-0.032500682809414747,-0.04656079074358575,0.07906139861864128,0.019474115994109115,-1.3388831063849664e-8,-0.1160847274620629,-0.17921694837017269,-0.2775477270960877,0.20344136880735064,0.03908095673473,-2.2728717849351856e-8,-0.52734375,-0.791015625,-0.87890625,0.615234375,0.791015625,0.615234375,0.0,0.0,0.0,0.0,0.0,0.0,-1.6,-3.2,-3.2,1.6,4.8,3.2
0.14589905738830566,-0.021563823734888726,-0.0359882310537159,-0.05155708589723795,0.0875452339756192,0.021563823445575284,-1.4825545318248265e-8,-0.12255813970288706,-0.18951783773466974,-0.29302505036915916,0.21891966639905644,0.04233718217125793,-2.4741531387745574e-8,-0.52734375,-0.791015625,-0.87890625,0.615234375,0.791015625,0.615234375,0.0,0.0,0.0,0.0,0.0,0.0,-1.6,-3.2,-3.1,1.6,4.8,3.2
0.15089917182922363,-0.023798289107728424,-0.03971736820063004,-0.05689948363607268,0.0966167602633794,0.023798288788436026,-1.636178342028274e-8,-0.1292614306620068,-0.20017200405030394,-0.30905199215937396,0.23515578206381318,0.045768281827063974,-2.6869325532095194e-8,-0.52734375,-0.791015625,-0.87890625,0.615234375,0.791015625,0.615234375,0.0,0.0,0.0,0.0,0.0,0.0,-1.6,-3.1,-3.1,1.6,4.8,3.2
0.1559000015258789,-0.02617306041021087,-0.04368066429246361,-0.06257733973124611,0.1062579033125152,0.02617306005905709,-1.7994484558924776e-8,-0.13618499970305908,-0.21121095142246135,-0.3256055982430416,0.2521210012769964,0.04936790582938194,-2.9108060866021815e-8,-0.52734375,-0.791015625,-0.87890625,0.615234375,0.791015625,0.615234375,0.0,0.0,0.0,0.0,0.0,0.0,-1.6,-3.1,-2.3,0.8,3.9,3.2
0.16090011596679688,-0.028700819189934963,-0.04789928377902468,-0.06862097457708644,0.11652014791836562,0.028700818804867224,-1.9732367543089917e-8,-0.14334427161961988,-0.22261244355088805,-0.34272274785907253,0.2698729400380821,0.05314984722729259,-3.1467034888910816e-8,-0.52734375,-0.791015625,-0.87890625,0.615234375,0.791015625,0.615234375,0.0,0.0,0.0,0.0,0.0,0.0,-1.6,-3.1,-2.3,0.8,3.9,3.2
0.16590023040771484,-0.031376176104191425,-0.05236423229488745,-0.07501750275918817,0.12738161432183698,0.03137617568322946,-2.1571727095571556e-8,-0.15072822192432844,-0.23440700101497686,-0.3603770824891993,0.28837833869530133,0.05710669731303074,-3.3941504367641126e-8,-0.52734375,-0.791015625,-0.87890625,0.615234375,0.791015625,0.615234375,0.0,0.0,0.0,0.0,0.0,0.0,-1.6,-3.1,-2.3,0.8,4.0,3.2
0.17090106010437012,-0.03421332173866872,-0.05709919274911402,-0.08180085264082615,0.13889991374066238,0.034213321279641884,-2.3522319518118575e-8,-0.1583556444657467,-0.246576499019531,-0.3786135364677292,0.30770391574595346,0.061254254921724524,-3.654204975385268e-8,-0.52734375,-0.791015625,-0.87890625,0.615234375,0.791015625,0.615234375,0.0,0.0,0.0,0.0,0.0,0.0,-1.6,-3.2,-2.3,0.8,4.0,3.2
0.17590117454528809,-0.037205119195905884,-0.06209225425252304,-0.0889539605676152,0.15104607165873726,0.03720511869673925,-2.5579238055878936e-8,-0.166211902069114,-0.25914692316588595,-0.3973971136786809,0.327806327407454,0.06558286456821252,-3.926247956963042e-8,-0.52734375,-0.791015625,-0.87890625,0.615234375,0.791015625,0.615234375,0.0,0.0,0.0,0.0,0.0,0.0,-0.8,-3.2,-2.3,-0.0,4.0,3.2
0.18090200424194336,-0.040366610576910114,-0.0673685208225298,-0.09651279079632341,0.1638811562923646,0.04036661003532699,-2.7752824443829965e-8,-0.17431721373418146,-0.2721011779749738,-0.41677615585957484,0.3487566598114134,0.07010932822492971,-4.2114034494497113e-8,-0.52734375,-0.791015625,-0.87890625,0.615234375,0.791015625,0.615234375,0.0,0.0,0.0,0.0,0.0,0.0,-0.8,-2.4,-1.5,-0.0,4.0,3.2
0.18590211868286133,-0.04368995836598349,-0.07291491229629807,-0.104458604559883,0.1773733487417983,0.0436899577798123,-3.0037690238549453e-8,-0.18265634091963792,-0.2854655109916435,-0.43671422908324703,0.37050890312960416,0.07482332056598492,-4.509005691015236e-8,-0.52734375,-0.791015625,-0.87890625,0.615234375,0.791015625,0.615234375,0.0,0.0,0.0,0.0,0.0,0.0,-0.7,-2.4,-1.5,-0.0,4.0,3.2
0.1909022331237793,-0.04719019087987118,-0.07875650968645448,-0.11282733315818066,0.19158366126172438,0.04719019024673873,-3.244416769806833e-8,-0.19124867344264412,-0.29922028622824554,-0.45725769258918936,0.39313272704715535,0.0797413998454469,-4.820166344561733e-8,-0.52734375,-0.791015625,-0.87890625,0.615234375,0.791015625,0.615234375,0.0,0.0,0.0,0.0,0.0,0.0,-0.7,-2.3,-1.5,-0.0,4.0,3.2
0.19590306282043457,-0.05086031656583845,-0.08488164467209572,-0.12160226044247892,0.20648370940940475,0.050860315883465346,-3.4967449994841175e-8,-0.20008211985847701,-0.31339795384604124,-0.4783776368638635,0.4165893785583585,0.0848547318608108,-5.144309929020478e-8,-0.52734375,-0.791015625,-0.87890625,0.615234375,0.791015625,0.615234375,0.0,0.0,0.0,0.0,0.0,0.0,-0.7,-2.3,-1.5,-0.0,4.0,3.2
0.20090317726135254,-0.05471426693068228,-0.09131356778112906,-0.13081669534265228,0.22213005258901414,0.054714266196602225,-3.76171153088749e-8,-0.20917266908130477,-0.3279722685141346,-0.5001122899057593,0.44094024282118754,0.09017813111421945,-5.482440484721999e-8,-0.52734375,-0.791015625,-0.87890625,0.615234375,0.791015625,0.615234375,0.0,0.0,0.0,0.0,0.0,0.0,-0.7,-2.3,-1.5,-0.0,4.0,3.2
0.2059040069580078,-0.05874503029597267,-0.0980405771045371,-0.14045387359130804,0.2384942246511228,0.05874502950781342,-4.038834297581983e-8,-0.21850910563392817,-0.34297824142638167,-0.5224348365577666,0.46614800474466417,0.09570300129818478,-5.8339940431501684e-8,-0.52734375,-0.791015625,-0.87890625,0.615234375,0.791015625,0.615234375,0.0,0.0,0.0,0.0,0.0,0.0,-0.8,-2.3,-0.7,-0.0,4.0,3.2
0.21090412139892578,-0.06296682010508632,-0.10508639369896539,-0.15054777820231602,0.2556339296115542,0.06296681926028497,-4.329090501252701e-8,-0.22810753564479722,-0.3583886466062837,-0.5453837850667613,0.4922748805165157,0.1014443839604133,-6.199991230533348e-8,-0.52734375,-0.791015625,-0.87890625,0.615234375,0.791015625,0.615234375,0.0,0.0,0.0,0.0,0.0,0.0,-0.8,-2.4,-0.7,-0.0,4.0,3.2
0.21590518951416016,-0.06737236866904146,-0.11243888839504587,-0.16108103281099645,0.2735196619642257,0.06737236776513258,-4.631980474244764e-8,-0.23795693003436624,-0.37423993968286506,-0.5689327659349916,0.5192832975537017,0.10739356105713234,-6.579857238383777e-8,-0.52734375,-0.791015625,-0.87890625,0.615234375,0.791015625,0.615234375,0.0,0.0,0.0,0.0,0.0,0.0,-0.8,-1.6,-0.7,-0.0,4.0,3.2
0.22090601921081543,-0.07197641514891762,-0.1201226596286121,-0.17208887737308126,0.29221126004398823,0.07197641418323802,-4.948517562350755e-8,-0.24807403358746694,-0.39050475871951473,-0.5931218143770144,0.5472377640933508,0.11356612500317267,-6.974650040215112e-8,-0.52734375,-0.791015625,-0.87890625,0.615234375,0.791015625,0.615234375,0.0,0.0,0.0,0.0,0.0,0.0,-0.8,-1.6,-0.7,-0.0,4.0,3.2
0.2259061336517334,-0.07676920569320954,-0.12812142903150678,-0.18354799134180352,0.3116691249734493,0.07676920466322694,-5.2780311694403384e-8,-0.258443126055988,-0.40721317831614345,-0.6179133447497561,0.5760869416957172,0.11995025129293066,-7.383593003563986e-8,-0.52734375,-0.791015625,-0.87890625,0.615234375,0.791015625,0.615234375,0.0,0.0,0.0,0.0,0.0,0.0,-0.8,-1.6,0.1,-0.0,4.0,3.2
0.23090720176696777,-0.0817684744098704,-0.1364647933571813,-0.19550077531078214,0.33196525403144017,0.08176847331281455,-5.621740549688335e-8,-0.2690869750301941,-0.4243463703719592,-0.6433617922323105,0.6059125607995379,0.12656538349357033,-7.807992688808275e-8,-0.52734375,-0.791015625,-0.87890625,0.615234375,0.791015625,0.615234375,0.0,0.0,0.0,0.0,0.0,0.0,-0.0,-1.5,0.1,-0.0,4.0,3.2
0.23590803146362305,-0.08696325320362035,-0.1451344477654551,-0.20792100558994134,0.3530551187299086,0.08696325203686818,-5.978891625359619e-8,-0.2799879975551759,-0.4419325294809959,-0.6694251176238502,0.6366572892301955,0.13339830390803106,-8.246980095128646e-8,-0.52734375,-0.791015625,-0.87890625,0.615234375,0.791015625,0.615234375,0.0,0.0,0.0,0.0,0.0,0.0,-0.0,-1.5,0.1,-0.0,4.0,3.2
0.24090814590454102,-0.09236948544662785,-0.15415700042046582,-0.22084680129110867,0.37500344628347126,0.09236948420734237,-6.350580534085047e-8,-0.2911646259477595,-0.4599447118901199,-0.6961473908701127,0.6683912694143059,0.14046593212000447,-8.70170201505298e-8,-0.52734375,-0.791015625,-0.87890625,0.615234375,0.791015625,0.615234375,0.0,0.0,0.0,0.0,0.0,0.0,-0.0,-1.5,0.1,-0.0,3.2,3.2
0.2459092140197754,-0.09797860448746917,-0.1635181542924016,-0.23425768035188493,0.3977754576328809,0.09797860317292831,-6.736218302032939e-8,-0.30260507347481275,-0.4784215539515285,-0.7235004309944769,0.7010726831338785,0.1477584309514922,-9.171503496470341e-8,-0.52734375,-0.791015625,-0.87890625,0.615234375,0.791015625,0.615234375,0.0,0.0,0.0,0.0,0.0,0.0,0.1,-0.7,0.0,-0.0,3.1,3.2
0.25091004371643066,-0.10380617569876999,-0.17324388669555413,-0.2481908581225415,0.42143434538280644,0.10380617430604287,-7.136875078635482e-8,-0.3143264613593356,-0.49733291561179727,-0.7515251732399555,0.7347685396686724,0.1552920698012238,-9.657491714409897e-8,-0.52734375,-0.791015625,-0.87890625,0.615234375,0.791015625,0.615234375,0.0,0.0,0.0,0.0,0.0,0.0,0.1,-0.7,0.0,-0.0,3.1,3.2
0.25591015815734863,-0.10984065913506398,-0.1833149384192706,-0.2626187436726861,0.44593325943660755,0.10984065766137453,-7.551757470352716e-8,-0.32631165826334024,-0.5167098813285385,-0.7801806581795454,0.7694209398098514,0.16305335795758064,-1.0158773318924278e-7,-0.52734375,-0.791015625,-0.87890625,0.615234375,0.791015625,0.615234375,0.0,0.0,0.0,0.0,0.0,0.0,0.1,-0.7,0.0,-0.0,3.2,3.2
0.260911226272583,-0.11610128634076232,-0.1937634053140968,-0.2775873178264685,0.4713502763949785,0.11610128478307649,-7.982187683008216e-8,-0.3385846986302635,-0.5365324073304062,-0.8095243499197987,0.8051172853205081,0.17106316629448926,-1.0676754288331162e-7,-0.52734375,-0.791015625,-0.87890625,0.615234375,0.791015625,0.615234375,0.0,0.0,0.0,0.0,0.0,0.0,0.1,-0.7,0.0,-0.0,3.2,3.2
0.2659120559692383,-0.12257516019851047,-0.20456776316220435,-0.29306574478243475,0.4976330362882639,0.1225751585539672,-8.42727901487336e-8,-0.35112638997953427,-0.556829276849315,-0.8395103610345542,0.8417929904865464,0.1793064480022317,-1.1210438050431751e-7,-0.52734375,-0.791015625,-0.87890625,0.615234375,0.791015625,0.615234375,0.0,0.0,0.0,0.0,0.0,0.0,-0.0,-0.7,0.0,-0.0,3.2,3.2
0.27091217041015625,-0.12927915260649736,-0.21575616976054984,-0.30909436367129134,0.5248500359792055,0.12927915087200922,-8.888191441536333e-8,-0.36395570596224314,-0.5775712255956298,-0.8701840557491498,0.8795212397655621,0.18780092421992156,-1.1761028776564472e-7,-0.52734375,-0.791015625,-0.87890625,0.615234375,0.791015625,0.615234375,0.0,0.0,0.0,0.0,0.0,0.0,-0.0,0.1,0.0,-0.0,3.2,3.2
0.2759130001068115,-0.13620319520636423,-0.22731182185515578,-0.32564910198979724,0.5529603997493268,0.13620319337897885,-9.364232743913157e-8,-0.3770595887812157,-0.5987979603281539,-0.9015142140917095,0.918254610006257,0.1965353444076785,-1.232777284499983e-7,-0.52734375,-0.791015625,-0.87890625,0.615234375,0.791015625,0.615234375,0.0,0.0,0.0,0.0,0.0,0.0,-0.0,0.1,0.0,-0.0,3.2,3.2
0.2809131145477295,-0.14336318619783628,-0.2392612522211034,-0.34276797084669297,0.5820286714212749,0.14336318427438813,-9.856495953941973e-8,-0.39045474637497146,-0.6204755896614711,-0.9335407831807035,0.9580600958582135,0.2055260740539515,-1.2911788321936478e-7,-0.52734375,-0.791015625,-0.87890625,0.615234375,0.791015625,0.615234375,0.0,0.0,0.0,0.0,0.0,0.0,-0.0,0.1,0.0,-0.0,3.2,3.2
0.28591322898864746,-0.15074762162158678,-0.25158526170561835,-0.3604234653510806,0.6120081469956435,0.15074761959906452,-1.0364190152199412e-7,-0.4041259538509025,-0.6426412181849992,-0.9662273617217415,0.998883213184514,0.21476021812350182,-1.351221245832268e-7,-0.52734375,-0.791015625,-0.87890625,0.615234375,0.791015625,0.615234375,0.0,0.0,0.0,0.0,0.0,0.0,-0.0,0.1,0.0,-0.8,3.2,3.2
0.29091405868530273,-0.1583757802937985,-0.26431602505190754,-0.3786616793494946,0.6429770949879913,0.15837577816893217,-1.0888640794534653e-7,-0.41809585375322367,-0.665269695214065,-0.999628085920506,1.0408090611837801,0.22425826863236256,-1.4130433098859744e-7,-0.52734375,-0.791015625,-0.87890625,0.615234375,0.791015625,0.615234375,0.0,0.0,0.0,0.0,0.0,0.0,-0.0,-0.0,0.0,-0.8,3.2,3.2
0.2959141731262207,-0.16623253419788236,-0.2774282948565844,-0.39744644316904554,0.674874098380253,0.16623253196760507,-1.142880780058777e-7,-0.4323430454932062,-0.6883889651012143,-1.0336917889707333,1.083764063557429,0.23400296054649422,-1.476530097251456e-7,-0.52734375,-0.791015625,-0.87890625,0.615234375,0.791015625,0.615234375,0.0,0.0,0.0,0.0,0.0,0.0,-0.0,-0.0,0.0,-1.6,2.3,3.2
0.300915002822876,-0.1743385984841294,-0.2909566429852025,-0.41682728479679443,0.707783256945334,0.17433859614509617,-1.198611537695212e-7,-0.4468924042091339,-0.7119766331796552,-1.0684779450017332,1.1278405125299136,0.24401645394360771,-1.5418314273165947e-7,-0.52734375,-0.791015625,-0.87890625,0.615234375,0.791015625,0.615234375,0.0,0.0,0.0,0.0,0.0,0.0,-0.0,-0.0,0.0,-1.6,2.3,3.2
0.30591511726379395,-0.18267823277653503,-0.304874800057364,-0.4367665704657573,0.7416406675964192,0.18267823032561217,-1.2559481342375205e-7,-0.4617220254651111,-0.7360606738451809,-1.1039341825557853,1.172962542154333,0.25428090539096704,-1.6088283346514957e-7,-0.52734375,-0.791015625,-0.87890625,0.615234375,0.791015625,0.615234375,0.0,0.0,0.0,0.0,0.0,0.0,-0.0,-0.0,0.0,-2.4,2.4,3.2
0.31091904640197754,-0.1912779840065883,-0.31922707069714396,-0.45732777140645037,0.7765541060859504,0.1912779814402859,-1.3150730849671708e-7,-0.47686659392253267,-0.7606337210487595,-1.140143429414569,1.2192530340934176,0.2648254884853444,-1.6777166655346473e-7,-0.52734375,-0.791015625,-0.87890625,0.615234375,0.791015625,0.615234375,0.0,0.0,0.0,0.0,0.0,0.0,-0.0,-0.0,0.0,-3.2,2.4,3.2
0.3159191608428955,-0.2001108244637877,-0.33396834790022173,-0.4784462668907012,0.8124138447854344,0.20011082177897854,-1.3758005691541223e-7,-0.4922849129186362,-0.7856934827492337,-1.1770071882101387,1.2665763885563772,0.27561869505002234,-1.7482879179186333e-7,-0.52734375,-0.791015625,-0.87890625,0.615234375,0.791015625,0.615234375,0.0,0.0,0.0,0.0,0.0,0.0,-0.0,-0.0,0.0,-3.2,2.4,3.2
0.3209202289581299,-0.20920410255762545,-0.3491442738909011,-0.5001874444079772,0.8493309133034083,0.20920409975081528,-1.438318612395919e-7,-0.5080126821621489,-0.8112330615250605,-1.2146108136074187,1.31505910367631,0.286690561727446,-1.8207437560944204e-7,-0.52734375,-0.791015625,-0.87890625,0.615234375,0.791015625,0.615234375,0.0,0.0,0.0,0.0,0.0,0.0,-0.0,-0.0,0.0,-4.0,2.4,3.2
0.32592201232910156,-0.21854302796314798,-0.36473016484509163,-0.5225159416745084,0.8872452655889235,0.2185430250310411,-1.5025255283517867e-7,-0.5240307439099635,-0.8372870348816388,-1.2529085012342738,1.3646323163079994,0.29802473397766316,-1.8949744551034036e-7,-0.52734375,-0.791015625,-0.87890625,0.615234375,0.791015625,0.615234375,0.0,0.0,0.0,0.0,0.0,0.0,-0.0,-0.0,0.8,-4.8,2.4,3.2
0.33092522621154785,-0.22814859422151199,-0.3807610572395831,-0.5454819522838804,0.9262421316315743,0.22814859116053093,-1.5685656516720337e-7,-0.5403630822683,-0.8638284416602504,-1.291957594845679,1.4153874116551166,0.30964330175925686,-1.9711299978524822e-7,-0.52734375,-0.791015625,-0.87890625,0.615234375,0.791015625,0.615234375,0.0,0.0,0.0,0.0,0.0,0.0,-0.0,-0.0,0.8,-4.8,2.4,3.2
0.3359260559082031,-0.23799838730203143,-0.39719954391852536,-0.5690318863848876,0.9662305145105516,0.23799838410889956,-1.636284881566473e-7,-0.5569781890295906,-0.8908729498882428,-1.3316827612639925,1.4672163103784752,0.32152087168924703,-2.0490411334426215e-7,-0.52734375,-0.791015625,-0.87890625,0.615234375,0.791015625,0.615234375,0.0,0.0,0.0,0.0,0.0,0.0,-0.0,-0.0,1.6,-4.8,1.5,3.2
0.3409261703491211,-0.24811533017935844,-0.4140838814229827,-0.5932205506661619,1.007303477367347,0.24811532685049148,-1.7058408179133597e-7,-0.573903112677707,-0.9183973521647348,-1.372148670884573,1.5202201897687488,0.33368179736080683,-2.1288727855650866e-7,-0.52734375,-0.791015625,-0.87890625,0.615234375,0.791015625,0.615234375,0.0,0.0,0.0,0.0,0.0,0.0,-0.0,-0.0,1.6,-5.6,1.5,3.2
0.34592700004577637,-0.25848676596321,-0.4313929464541597,-0.6180176836867115,1.0494096355108755,0.25848676249519353,-1.7771464421473477e-7,-0.5911233131851591,-0.9464459145311167,-1.4133205598614773,1.5743432113735016,0.3461126056765021,-2.2105336591347002e-7,-0.52734375,-0.791015625,-0.87890625,0.615234375,0.791015625,0.615234375,0.0,0.0,0.0,0.0,0.0,0.0,-0.0,-0.0,2.6,-5.6,1.6,3.2
0.35092711448669434,-0.2691298869428395,-0.44915543151509296,-0.6434643906023154,1.092618786533798,0.2691298833320285,-1.8503199545777074e-7,-0.6086558169062386,-0.9749783407026295,-1.4552391366155089,1.6296557686256445,0.35883063161369166,-2.294142803743684e-7,-0.52734375,-0.791015625,-0.966796875,0.615234375,0.791015625,0.615234375,0.0,0.0,-4.39453125,0.0,0.0,0.0,-0.0,-0.0,1.8,-6.4,1.6,3.2
0.3559272289276123,-0.2800301886739649,-0.46734712989279187,-0.6695259926431533,1.1368720450091157,0.2800301849169087,-1.9252616343484977e-7,-0.6264834039538322,-1.004035226635767,-1.4978632300069867,1.6860930810682824,0.3718203084256396,-2.3795949875118985e-7,-0.52734375,-0.791015625,-0.966796875,0.615234375,0.791015625,0.615234375,0.0,0.0,-4.39453125,0.0,0.0,0.0,-0.0,-0.0,2.6,-7.4,1.6,3.2
0.3609280586242676,-0.29120967574677176,-0.486004765420913,-0.6962551007264852,1.1822587456030735,0.2912096718397247,-2.002122767267382e-7,-0.6446307496639565,-1.0335880786397025,-1.5412518364566854,1.7437500485355013,0.38510463461989497,-2.4670466245496e-7,-0.52734375,-0.791015625,-0.966796875,0.615234375,0.791015625,0.615234375,0.0,0.0,-4.39453125,0.0,0.0,0.0,-0.0,-0.0,2.5,-7.4,1.6,3.2
0.36592912673950195,-0.30265098763267567,-0.5050993648189479,-0.7236102074520264,1.22870840770168,0.302650983572125,-2.0807839963471962e-7,-0.6630762857301692,-1.0636710633167565,-1.5853533881609723,1.802547693977445,0.39866474235880733,-2.556370611837537e-7,-0.52734375,-0.791015625,-0.966796875,0.615234375,0.791015625,0.615234375,0.0,0.0,-4.39453125,0.0,0.0,0.0,-0.0,-0.0,3.3,-8.0,1.6,3.2
0.37093019485473633,-0.3143742470230923,-0.5246645111877876,-0.7516394242930735,1.2763027258016928,0.3143742428052552,-2.1613836689780752e-7,-0.6818413594427207,-1.0942495320102161,-1.6302189244944345,1.862570717464886,0.4125213085680471,-2.647708210799121e-7,-0.52734375,-0.791015625,-0.966796875,0.615234375,0.791015625,0.615234375,0.0,0.0,0.0,0.0,0.0,0.0,-0.0,-0.0,3.3,-8.8,0.8,3.2
0.3759322166442871,-0.32636493847007153,-0.5446759794502334,-0.7803080461710649,1.3249827698032057,0.3263649340913599,-2.2438219886517357e-7,-0.7009093824140791,-1.1253665842767937,-1.6758087841738312,1.9237554689247636,0.4266589591068004,-2.740955145037476e-7,-0.52734375,-0.791015625,-0.966796875,0.703125,0.791015625,0.615234375,0.0,0.0,0.0,0.0,0.0,0.0,-0.0,-0.0,3.3,-8.0,0.7,3.2
0.38098621368408203,-0.33877081231919115,-0.5653803526631818,-0.8099693303446374,1.3753483794532237,0.3387708077740348,-2.3291147675316793e-7,-0.7205022973998645,-1.157312891524075,-1.722653611571723,1.9868339270074042,0.44124817921387754,-2.8372418374544964e-7,-0.52734375,-0.791015625,-0.966796875,0.703125,0.791015625,0.615234375,0.0,0.0,0.0,0.0,0.0,0.0,-0.0,-0.0,4.2,-8.8,0.7,3.2
0.3859901428222656,-0.35132368301622774,-0.5863300514080043,-0.8399820702344062,1.4263107697856836,0.3513236783026544,-2.4154181781331696e-7,-0.7402034511942722,-1.1894842173946425,-1.7697572278385167,2.0504536256079624,0.45597544937754086,-2.9344960307764286e-7,-0.52734375,-0.791015625,-0.966796875,0.87890625,0.791015625,0.615234375,0.0,0.0,0.0,0.0,0.0,0.0,-0.0,-0.0,4.2,-8.0,0.8,3.2
0.3909921646118164,-0.3641632112416743,-0.6077581577623741,-0.8706801814663367,1.4784369379668243,0.364163206355838,-2.50369241460975e-7,-0.7602223417295957,-1.2221431544605001,-1.8176205229380396,2.1153059200659667,0.4710018253583663,-3.033785772014204e-7,-0.52734375,-0.791015625,-0.966796875,0.966796875,0.791015625,0.615234375,0.0,0.0,0.0,0.0,0.0,0.0,-0.0,0.8,5.0,-7.2,0.8,3.2
0.3959941864013672,-0.37727385875756797,-0.6296387396974983,-0.9020265135665991,1.5316638015538127,0.3772738536958312,-2.5938306485742486e-7,-0.780542688431912,-1.255344267240236,-1.8662045715406048,2.1813252664852865,0.48631129383476557,-3.135001670678897e-7,-0.52734375,-0.791015625,-0.966796875,0.966796875,0.791015625,0.615234375,0.0,0.0,0.0,0.0,0.0,0.0,-0.0,0.8,5.0,-7.0,0.8,3.2
0.40099620819091797,-0.3906797233327145,-0.6520120143883231,-0.9340786820467795,1.5860891931404555,0.39067971809111646,-2.6859985568416356e-7,-0.8011901012104569,-1.2890478491472028,-1.9155706045441505,2.2486131010404407,0.5019286135179968,-3.238312867859796e-7,-0.52734375,-0.791015625,-0.966796875,1.0546875,0.791015625,0.615234375,0.0,0.0,0.0,17.578125,0.0,0.0,-0.0,0.8,5.8,-7.8,-0.0,3.2
0.40599703788757324,-0.4043567049761407,-0.6748377609512898,-0.966779066082297,1.6416152711113472,0.4043566995510439,-2.780030447319111e-7,-0.8221354212324079,-1.3232885681161717,-1.9656489059063391,2.3170614753733907,0.5178278958779606,-3.343544494290391e-7,-0.52734375,-0.791015625,-0.966796875,1.142578125,0.791015625,0.615234375,0.0,0.0,0.0,17.578125,0.0,0.0,-0.0,1.6,5.8,-8.0,-0.1,3.2
0.4109981060028076,-0.4183330678557321,-0.6981631499354114,-1.0001952426552958,1.6983567828888875,0.4183330622431199,-2.8761206416200505e-7,-0.8434103724702948,-1.3580357172464546,-2.0165153246786565,2.386792190775167,0.5340386588013721,-3.450897321363436e-7,-0.52734375,-0.791015625,-0.966796875,1.23046875,0.791015625,0.615234375,0.0,0.0,0.0,17.578125,0.0,0.0,-0.0,1.8,6.6,-7.2,-0.1,3.2
0.4160010814666748,-0.4325923851795372,-0.7219607663890779,-1.034287936842456,1.756247038661355,0.43259237937561323,-2.974156202376986e-7,-0.8649978037642434,-1.393344421163523,-2.068128854041823,2.4577361818585635,0.5505440176719555,-3.5602559447077604e-7,-0.52734375,-0.791015625,-0.966796875,1.318359375,0.791015625,0.615234375,0.0,0.0,0.0,17.578125,0.0,0.0,-0.0,1.8,6.6,-7.2,-0.0,3.2
0.4210011959075928,-0.4471456884525177,-0.7462490209779631,-1.0690835239404732,1.8153308243486708,0.4471456824533377,-3.0742129733172423e-7,-0.8869030140630871,-1.4291400745898606,-2.120502163286941,2.5299289100712645,0.567353439444156,-3.671688449328512e-7,-0.52734375,-0.791015625,-0.966796875,1.40625,0.791015625,0.615234375,0.0,0.0,0.0,17.578125,0.0,0.0,-0.0,2.6,7.4,-7.2,-0.0,3.2
0.42600202560424805,-0.461981528395047,-0.7710088058051715,-1.1045546297924989,1.8755616579411472,0.4619815221968204,-3.176212238431985e-7,-0.9091167676249379,-1.4654912927816999,-2.1736131706188844,2.603326761707126,0.5844559197830655,-3.7851182050270495e-7,-0.52734375,-0.791015625,-0.966796875,1.494140625,0.791015625,0.615234375,0.0,0.0,0.0,17.578125,0.0,0.0,-0.0,2.6,7.4,-7.2,-0.0,3.2
0.431002140045166,-0.4771205270704586,-0.7962745373818548,-1.1407505598233838,1.9370232612954346,0.4771205206691179,-3.280295778389734e-7,-0.931658698652293,-1.5023465360768018,-2.2275088195796307,2.678012567386131,0.601871966374578,-3.9006865417648756e-7,-0.52734375,-0.791015625,-0.966796875,1.58203125,0.791015625,0.615234375,0.0,0.0,0.0,17.578125,0.0,0.0,0.8,3.3,8.2,-7.2,-0.0,3.2
0.4360032081604004,-0.4925458120506299,-0.8220180570266412,-1.1776309736353998,1.9996471353973564,0.49254580544233423,-3.386347591988276e-7,-0.95451153866497,-1.5397615043310877,-2.2821478228480134,2.753916077640576,0.6195843583938848,-4.0182755490952287e-7,-0.52734375,-0.791015625,-0.966796875,1.669921875,0.791015625,0.615234375,0.0,0.0,0.0,17.578125,0.0,0.0,0.8,3.3,9.0,-6.4,-0.0,3.2
0.44100522994995117,-0.5082825247952097,-0.8482813237478211,-1.2152559821073328,2.063535350037247,0.5082825179757806,-3.4945405316187147e-7,-0.9777014250872729,-1.5776951964892,-2.3375926725611684,2.831142001808722,0.6376187302752268,-4.1380606900351434e-7,-0.52734375,-0.791015625,-0.966796875,1.7578125,0.791015625,0.615234375,0.0,0.0,0.0,13.18359375,0.0,0.0,0.8,4.1,9.0,-6.4,-0.0,3.2
0.44600605964660645,-0.5243017175726913,-0.8750160261854636,-1.253556373920348,2.128570382647729,0.5243017105383388,-3.604675576035749e-7,-1.001193501172274,-1.6161744759945336,-2.393760029497,2.9095612248941745,0.6559440915209374,-4.2598324891614473e-7,-0.52734375,-0.791015625,-0.966796875,1.7578125,0.791015625,0.615234375,0.0,0.0,0.0,13.18359375,0.0,0.0,0.9,4.1,9.8,-7.2,-0.0,3.2
0.4510061740875244,-0.5406297478782149,-0.9022661528101095,-1.2925951673803673,2.194859239903844,0.5406297406247957,-3.7169339381093626e-7,-1.0250156645086759,-1.6551613509309233,-2.4507165941811087,2.98928433641888,0.6745874537155341,-4.383775578333683e-7,-0.52734375,-0.791015625,-0.966796875,1.845703125,0.791015625,0.615234375,0.0,0.0,0.0,13.18359375,0.0,0.0,1.7,4.2,9.8,-7.2,-0.0,3.2
0.4560070037841797,-0.5572489238020079,-0.9300021772935657,-1.3323300627856751,2.2623300958437604,0.5572489163256155,-3.8311939825427124e-7,-1.0491498161015544,-1.694710050861366,-2.508419093609252,3.07023778985286,0.6935307839774381,-4.509766457876848e-7,-0.52734375,-0.791015625,-0.966796875,2.021484375,0.791015625,0.615234375,0.0,0.0,0.0,13.18359375,0.0,0.0,1.7,5.0,10.6,-7.2,-0.0,3.2
0.46100711822509766,-0.5741795530617829,-0.9582579915302486,-1.3728096139901413,2.331065396137622,0.574179545358239,-3.9475953288174676e-7,-1.0736148177578042,-1.7347677455626132,-2.5669126245977556,3.1525022497799773,0.7127941191464229,-4.6379434965591494e-7,-0.52734375,-0.791015625,-0.966796875,2.021484375,0.791015625,0.615234375,0.0,0.0,0.0,17.578125,0.0,0.0,1.7,5.0,11.4,-7.2,-0.0,3.2
0.46600818634033203,-0.5914047112187776,-0.987005350037347,-1.4139933562434615,2.4009964306174365,0.5914047032841304,-4.0660216181482156e-7,-1.09839386194877,-1.7753908421181241,-2.626157001917447,3.2360082486526696,0.7323603609053985,-4.768189318035508e-7,-0.52734375,-0.791015625,-0.966796875,2.109375,0.791015625,0.615234375,0.0,0.0,0.0,17.578125,0.0,0.0,1.7,5.0,11.5,-6.4,-0.0,3.2
0.4710090160369873,-0.6089454847944196,-1.0162794444680012,-1.4559317054463534,2.4722088067559236,0.6089454766244345,-4.186617824442587e-7,-1.1235068088632376,-1.8165281301018323,-2.686199709422386,3.3208399890063562,0.7522503889232954,-4.900647966005561e-7,-0.52734375,-0.791015625,-0.966796875,2.197265625,0.791015625,0.615234375,0.0,0.0,0.0,17.578125,0.0,0.0,2.5,5.8,12.3,-7.2,-0.0,3.2
0.4760091304779053,-0.6267773055769083,-1.046039272516975,-1.4985659213020264,2.544602782045592,0.6267772971676808,-4.3092150364991594e-7,-1.1489261144670784,-1.8582183706860402,-2.7469748919028936,3.4068914265841292,0.7724385055793704,-5.035144689533523e-7,-0.52734375,-0.791015625,-0.966796875,2.28515625,0.791015625,0.615234375,0.0,0.0,0.0,17.578125,0.0,0.0,2.5,5.8,13.1,-7.2,-0.0,3.2
0.48101019859313965,-0.6449313363642266,-1.0763368423061972,-1.541970511146106,2.618304871824085,0.6449313277114335,-4.434027504573088e-7,-1.1746859147728341,-1.900433809854328,-2.808564165372551,3.494295210501239,0.7929569665279375,-5.171899369292881e-7,-0.52734375,-0.791015625,-1.0546875,2.373046875,0.791015625,0.615234375,0.0,0.0,0.0,17.578125,0.0,0.0,2.5,6.6,12.1,-7.2,-0.0,3.2
0.4860110282897949,-0.6633803110064052,-1.1071266488956775,-1.5860802841639512,2.6932043804416894,0.6633803021060893,-4.5608677686169377e-7,-1.2007550336325055,-1.943207188040038,-2.8708929905770906,3.5829326781231763,0.8137770896600183,-5.310717260840402e-7,-0.52734375,-0.791015625,-1.142578125,2.4609375,0.791015625,0.615234375,0.0,0.0,0.0,17.578125,0.0,0.0,2.5,6.6,12.1,-7.2,-0.0,3.2
0.4910111427307129,-0.6821475829219736,-1.1384476672015653,-1.6309510761952501,2.769396118564379,0.6821475737698646,-4.6898963878937603e-7,-1.2271564024951773,-1.9864924791951746,-2.9340161944667207,3.672898641788677,0.8349222623457275,-5.451759203226082e-7,-0.52734375,-0.791015625,-1.23046875,2.548828125,0.791015625,0.615234375,0.0,0.0,-13.18359375,17.578125,0.0,0.0,3.3,7.4,12.1,-7.2,-0.0,3.2
0.49601221084594727,-0.7012162725887885,-1.1702717267031573,-1.676542529881134,2.846811558377535,0.7012162631808423,-4.820997312428577e-7,-1.2538737378595914,-2.0303467282154744,-2.997894844712771,3.7641247447931487,0.8563755943912457,-5.594908962923288e-7,-0.52734375,-0.791015625,-1.23046875,2.63671875,0.791015625,0.615234375,0.0,0.0,-13.18359375,17.578125,0.0,0.0,3.3,7.4,12.1,-7.2,-0.0,3.2
0.5010130405426025,-0.720607117963088,-1.2026334373272385,-1.722904227735551,2.925534892242092,0.7206071082949823,-4.954313119676019e-7,-1.2809261385439448,-2.074717739621929,-3.0625746048034226,3.856692973251561,0.8781574759995963,-5.74030746700505e-7,-0.52734375,-0.791015625,-1.318359375,2.724609375,0.791015625,0.615234375,0.0,0.0,-13.18359375,17.578125,0.0,0.0,3.3,8.2,12.0,-7.2,-0.0,3.2
0.5060131549835205,-0.7402948449389194,-1.2354906186898533,-1.7699757417348077,3.0054635118476525,0.7402948350066711,-5.08967004527602e-7,-1.3082857874604135,-2.119643475088193,-3.127988966683149,3.9504952341281205,0.9002416463780472,-5.887775837895088e-7,-0.52734375,-0.791015625,-1.40625,2.8125,0.791015625,0.615234375,0.0,0.0,-13.18359375,17.578125,0.0,0.0,4.2,8.2,12.0,-7.2,-0.0,3.2
0.5110142230987549,-0.7603112896920541,-1.2688964027245406,-1.817833189197847,3.0867266663241963,0.760311279491253,-5.227286969086097e-7,-1.3359871388005264,-2.165097102945016,-3.194220307101733,4.045666250008086,0.9226609196402872,-6.037538002253753e-7,-0.52734375,-0.791015625,-1.494140625,2.900390625,0.791015625,0.615234375,0.0,0.0,-13.18359375,17.578125,0.0,0.0,4.2,9.0,11.2,-7.2,-0.0,3.2
0.5160150527954102,-0.7806282559873777,-1.30280373225644,-1.866409155563429,3.16920988404412,0.7806282455139918,-5.366970036543799e-7,-1.3639984999698087,-2.211110051963051,-3.261192852029684,4.142084355182522,0.9453858182762305,-6.189393505673049e-7,-0.52734375,-0.791015625,-1.494140625,2.98828125,0.791015625,0.615234375,0.0,0.0,-13.18359375,17.578125,0.0,0.0,4.2,9.0,12.0,-7.2,-0.0,3.2
0.5210151672363281,-0.8012689352251723,-1.3372513118067009,-1.915759089300763,3.2530073179085432,0.8012689244748583,-5.508878693005429e-7,-1.3923422584467229,-2.257635885915908,-3.328960127834323,4.239842968794682,0.9684394385662753,-6.343501414358825e-7,-0.52734375,-0.791015625,-1.58203125,3.1640625,0.791015625,0.615234375,0.0,0.0,-13.18359375,17.578125,0.0,0.0,5.0,9.8,12.0,-6.4,-0.0,3.2
0.5260272026062012,-0.8222630600407426,-1.372288762674512,-1.9659540783602618,3.3382396770526603,0.8222630490087587,-5.653217356081505e-7,-1.4210661190748546,-2.3048359894535198,-3.397636192335299,4.339094559653245,0.9918569662856941,-6.500093599968139e-7,-0.615234375,-0.87890625,-1.669921875,3.251953125,0.791015625,0.615234375,0.0,0.0,-13.18359375,17.578125,0.0,0.0,4.0,9.0,12.0,-6.4,-0.0,3.2
0.5310280323028564,-0.8435385916257927,-1.4077958580712628,-2.016821884688372,3.424614496911505,0.8435385803083634,-5.799490745050853e-7,-1.4500621772774342,-2.352451077200151,-3.46696305578081,4.4394823156332155,1.0155552700177983,-6.658618792371421e-7,-0.615234375,-0.87890625,-1.669921875,3.33984375,0.791015625,0.615234375,-4.39453125,0.0,-8.7890625,17.578125,0.0,0.0,4.0,9.7,12.0,-5.6,-0.0,3.2
0.5360281467437744,-0.865115824557574,-1.4438064679610303,-2.0684110307213492,3.512214169807318,0.8651158129506512,-5.947838389051928e-7,-1.4793655192356778,-2.40062011545211,-3.537024605948879,4.54111462198471,1.0395591007305123,-6.819238935227854e-7,-0.703125,-0.966796875,-1.7578125,3.33984375,0.791015625,0.615234375,-4.39453125,0.0,-8.7890625,17.578125,0.0,0.0,4.0,8.9,12.0,-7.2,-0.0,3.2
0.5410292148590088,-0.8870266179470851,-1.4803737625543436,-2.1207976886141218,3.6011680379829656,0.8870266060461935,-6.098479325626364e-7,-1.5090102645327845,-2.4493183121050848,-3.607902419572064,4.644125612327787,1.0639011760273505,-6.982177503917453e-7,-0.791015625,-0.966796875,-1.845703125,3.427734375,0.791015625,0.615234375,-4.39453125,0.0,-8.7890625,17.578125,0.0,0.0,3.2,9.7,12.0,-8.0,-0.0,3.2
0.5460300445556641,-0.9092425124937771,-1.5174502456419785,-2.173913814840595,3.6913605618126395,0.9092425002948237,-6.251217891586039e-7,-1.5389648692647397,-2.4985746916381415,-3.67952107812586,4.748393339610501,1.0885518931446547,-7.147232938180356e-7,-0.87890625,-0.966796875,-1.93359375,3.515625,0.791015625,0.615234375,-4.39453125,-8.7890625,-8.7890625,17.578125,0.0,0.0,2.3,9.7,11.2,-8.3,-0.0,3.2
0.551030158996582,-0.9317858735176778,-1.5550732430857415,-2.2278128827893484,3.7828825404606645,0.931785861016269,-6.406207852825951e-7,-1.5692505261529348,-2.5483435193584607,-3.751931251425164,4.854007141615664,1.1135333938514353,-7.314557966788509e-7,-0.87890625,-1.0546875,-2.021484375,3.69140625,0.791015625,0.615234375,-13.18359375,-8.7890625,-17.578125,17.578125,0.0,0.0,3.1,9.6,11.2,-7.5,-0.0,3.2
0.5560312271118164,-0.954640862280096,-1.593216321346079,-2.2824570235174115,3.875669671505462,0.9546408494720505,-6.563340314958384e-7,-1.599852870031588,-2.5986817381409333,-3.825098593702027,4.960904610385077,1.1388301325883678,-7.484045067440181e-7,-0.87890625,-1.142578125,-2.021484375,3.779296875,0.791015625,0.615234375,-13.18359375,-8.7890625,-17.578125,17.578125,0.0,0.0,3.1,8.8,12.0,-7.2,-0.9,3.2
0.5610442161560059,-0.9778833653957572,-1.6320061288809922,-2.338027674823662,3.970030040911909,0.9778833522758761,-6.723137013116907e-7,-1.6308642427180025,-2.6496612097348833,-3.899243885605795,5.069424503599384,1.1645233341287273,-7.656243082748853e-7,-0.87890625,-1.142578125,-2.109375,3.8671875,0.791015625,0.615234375,-13.18359375,-8.7890625,-17.578125,21.97265625,0.0,0.0,3.1,9.6,12.0,-6.4,-0.9,3.2
0.5660450458526611,-1.001378440780429,-1.6712174585581128,-2.394202202804511,4.06541580816329,1.0013784273453235,-6.884670194408656e-7,-1.6621114009521738,-2.7010761885276127,-3.9739529187035414,5.178948403344995,1.1904658072646788,-7.83016216695984e-7,-0.87890625,-1.23046875,-2.197265625,3.955078125,0.791015625,0.615234375,-13.18359375,-13.18359375,-17.578125,21.97265625,0.0,0.0,4.1,8.8,12.0,-7.0,-0.8,3.2
0.5710451602935791,-1.0252026064892816,-1.7109780126571064,-2.4511635549738875,4.162137622758767,1.0252025927345367,-7.048465935242222e-7,-1.6936879367374849,-2.753002523033692,-4.0494494627226105,5.289818702737794,1.2167395912763646,-8.006356422440805e-7,-0.87890625,-1.318359375,-2.28515625,4.04296875,0.791015625,0.615234375,0.0,-13.18359375,-13.18359375,21.97265625,0.0,0.0,4.1,8.7,11.2,-7.8,-1.6,3.2
0.5760462284088135,-1.0493409271806637,-1.751262865333057,-2.5088760223266586,4.260134849905758,1.0493409131020646,-7.214421552259021e-7,-1.7255806493390504,-2.8054962581087386,-4.125701955940429,5.401977190018385,1.2433301378385877,-8.184725020361142e-7,-0.87890625,-1.40625,-2.373046875,4.130859375,0.791015625,0.615234375,0.0,-13.18359375,-13.18359375,21.97265625,0.0,0.0,4.1,8.7,11.2,-8.3,-1.7,3.2
0.5810470581054688,-1.0738114702123318,-1.7921021695056616,-2.5673828022255556,4.359480839817175,1.0738114558054204,-7.382661262033298e-7,-1.757804993863461,-2.8585053748445035,-4.202747350071491,5.515493074953064,1.2702548246065966,-8.365388773333229e-7,-0.87890625,-1.40625,-2.4609375,4.21875,0.791015625,0.615234375,0.0,-13.18359375,-13.18359375,17.578125,0.0,0.0,4.9,8.7,11.1,-8.3,-1.7,3.2
0.5860471725463867,-1.0985888331309486,-1.83345353058984,-2.6266231597802943,4.460072463115394,1.098588818391609,-7.553010417791937e-7,-1.7903340976933275,-2.9120630134002568,-4.280521395200749,5.630259807069662,1.2974876245424534,-8.548169769749754e-7,-0.87890625,-1.494140625,-2.548828125,4.39453125,0.791015625,0.615234375,0.0,-13.18359375,-13.18359375,17.578125,0.0,0.0,4.9,8.7,11.1,-6.2,-1.6,3.2
0.591048002243042,-1.1237037915863661,-1.8753683105894412,-2.6866706766915245,4.5620346633864965,1.123703776510069,-7.725680608071915e-7,-1.8232000871874279,-2.9661449959773285,-4.359100902447579,5.746405420712275,1.3250598754988547,-8.733282530314121e-7,-0.87890625,-1.58203125,-2.63671875,4.482421875,0.791015625,0.615234375,0.0,-13.18359375,-17.578125,17.578125,0.0,0.0,4.9,7.9,10.3,-5.4,-1.6,3.2
0.5960490703582764,-1.149131009561096,-1.917804225795298,-2.747464776910862,4.665264580970421,1.1491309941436518,-7.900497642859407e-7,-1.8563762757175366,-3.020784371200543,-4.438422066579631,5.863823866678979,1.3529456575687782,-8.92054980811433e-7,-0.87890625,-1.58203125,-2.724609375,4.5703125,0.791015625,0.615234375,0.0,-13.18359375,-17.578125,17.578125,0.0,0.0,5.7,8.7,10.3,-5.4,-2.5,3.2
0.6010501384735107,-1.1748928739993647,-1.9607986381582085,-2.8090589855283197,4.769853102821832,1.1748928582362836,-8.077615436719953e-7,-1.8898837124341237,-3.075939184869177,-4.518535214147162,5.98260419602551,1.3811670660268445,-9.110124125220581e-7,-0.87890625,-1.669921875,-2.724609375,4.5703125,0.791015625,0.615234375,0.0,-13.18359375,-17.578125,17.578125,0.0,0.0,5.7,7.9,11.2,-7.8,-2.5,3.2
0.6060531139373779,-1.2009763764234416,-2.0043298376091245,-2.871422200490199,4.875747416868043,1.2009763603104082,-8.256944553856601e-7,-1.9237118468589103,-3.131668467070901,-4.599415119943287,6.102697396885349,1.4097117203983098,-9.30191912832873e-7,-0.87890625,-1.7578125,-2.8125,4.658203125,0.791015625,0.615234375,0.0,-8.7890625,-17.578125,17.578125,0.0,0.0,5.7,7.9,11.2,-9.9,-3.3,3.2
0.6110541820526123,-1.2273849880200332,-2.0484036172703957,-2.9345627210792897,4.982961615500835,1.2273849715526857,-8.438508859348412e-7,-1.9578571790892538,-3.1878905877584276,-4.6810534160280985,6.224105383891888,1.4385810069848841,-9.495948205280598e-7,-0.87890625,-1.845703125,-2.900390625,4.74609375,0.791015625,0.615234375,0.0,-8.7890625,-13.18359375,17.578125,0.0,0.0,6.5,7.2,10.4,-9.9,-3.3,3.2
0.616063117980957,-1.2541480630248472,-2.0930689669237066,-2.998550730527955,5.091614871621302,1.2541480461984298,-8.622510169235577e-7,-1.9923637936382763,-3.2447535609092455,-4.763555504349681,6.346973677179747,1.4678088182598845,-9.692436066816315e-7,-0.87890625,-1.845703125,-3.076171875,4.921875,0.791015625,0.615234375,0.0,-8.7890625,-13.18359375,17.578125,0.0,0.0,6.5,8.0,9.6,-8.2,-3.2,3.2
0.6210641860961914,-1.281204397111921,-2.138223741631717,-3.0632398950166593,5.2014587067080775,1.2812043799224995,-8.808527691955625e-7,-2.027145003613448,-3.3020401522025473,-4.846714124654971,6.47100760526896,1.4973259656890514,-9.890921553038439e-7,-0.87890625,-1.93359375,-3.1640625,5.009765625,0.791015625,0.615234375,0.0,-8.7890625,-13.18359375,17.578125,0.0,0.0,7.3,8.0,9.4,-8.2,-4.0,3.2
0.6260662078857422,-1.308578545127794,-2.1839089213941527,-3.128688922887103,5.312592809008102,1.3085785275711042,-8.99673024682123e-7,-2.0622387269969598,-3.359886522576209,-4.930619935293288,6.596330711240725,1.5271611109704724,-1.0091594195006306e-6,-0.87890625,-2.021484375,-3.251953125,5.09765625,0.791015625,0.615234375,0.0,-17.578125,-13.18359375,17.578125,0.0,0.0,7.4,7.2,9.4,-8.8,-4.1,3.2
0.6310701370239258,-1.3362985809524366,-2.230171359185298,-3.1949649361608214,5.425131153409174,1.3362985630238378,-9.187310847179594e-7,-2.097673258042705,-3.418266311375496,-5.015340585179608,6.723057958258365,1.5573425243796288,-1.0294648080924702e-6,-0.87890625,-2.109375,-3.33984375,5.185546875,0.791015625,0.615234375,0.0,-17.578125,-21.97265625,17.578125,0.0,0.0,7.4,7.1,9.4,-8.8,-4.1,3.2
0.6360750198364258,-1.364337178365851,-2.276965449813274,-3.2620026004013543,5.538962800388096,1.3643371600610696,-9.380081619990236e-7,-2.133419621609383,-3.4772042232617126,-5.100806797460843,6.851074721691557,1.587842212218577,-1.0499891864954061e-6,-0.87890625,-2.197265625,-3.427734375,5.361328125,0.791015625,0.615234375,0.0,-17.578125,-21.97265625,17.578125,0.0,0.0,8.2,7.1,9.4,-8.8,-4.0,3.2
0.6410770416259766,-1.3926949145730267,-2.3242921565852734,-3.329803295651848,5.654090093292991,1.39269489588778,-9.575046533648942e-7,-2.1694711980279022,-3.53661778387288,-5.1870027451272644,6.980370656561384,1.6186585740821098,-1.0707318555025739e-6,-0.87890625,-2.28515625,-3.515625,5.44921875,0.791015625,0.615234375,0.0,-17.578125,-21.97265625,26.3671875,0.0,0.0,8.2,6.3,9.6,-8.0,-4.0,3.2
0.6460771560668945,-1.4213547125824975,-2.3721229794206926,-3.3983261924227537,5.770443702619416,1.4213546935127341,-9.772088180540997e-7,-2.2058123180466067,-3.5965521349519545,-5.273890964463559,7.110878369499314,1.6497748406197195,-1.0916812212233652e-6,-0.87890625,-2.28515625,-3.603515625,5.625,0.791015625,0.615234375,0.0,-13.18359375,-21.97265625,26.3671875,0.0,0.0,8.1,6.3,8.8,-6.2,-4.0,3.2
0.6510782241821289,-1.4503547474347438,-2.42052162929186,-3.46766256366572,5.888178612144454,1.4503547279758977,-9.971469021443133e-7,-2.242484145385272,-3.6570046775769973,-5.361569874074067,7.2427589023068855,1.681230261752957,-1.112864082088315e-6,-0.87890625,-2.373046875,-3.69140625,5.712890625,0.791015625,0.615234375,0.0,-13.18359375,-17.578125,26.3671875,0.0,0.0,8.1,6.3,8.8,-5.4,-4.0,3.2
0.6560800075531006,-1.4796718447423318,-2.4694494300706578,-3.5377570015876687,6.00720073803608,1.4796718248901497,-1.017302972796566e-6,-2.279463164084584,-3.7180068802308552,-5.449983249499288,7.375916911144863,1.7130014172302337,-1.1342643719360607e-6,-0.87890625,-2.4609375,-3.779296875,5.80078125,0.791015625,0.615234375,0.0,-13.18359375,-17.578125,26.3671875,0.0,0.0,8.1,5.5,8.0,-4.6,-4.0,3.2
0.661081075668335,-1.5093192735867584,-2.518928526752178,-3.6086412313215304,6.127563950371263,1.509319253336808,-1.0376861527606762e-6,-2.3167589602271588,-3.7795047819573835,-5.539154010166262,7.510400018259265,1.7451005147733296,-1.155890682820296e-6,-0.791015625,-2.4609375,-3.779296875,5.80078125,0.791015625,0.615234375,0.0,-13.18359375,-17.578125,17.578125,0.0,0.0,8.9,5.5,8.7,-5.4,-5.6,3.2
0.6660821437835693,-1.5392793405395053,-2.5689293904735684,-3.6802729495344115,6.249196417022335,1.5392793198875925,-1.0582842774627929e-6,-2.3543550655477237,-3.841540681623367,-5.629042781992841,7.646138025772855,1.7775101177263744,-1.1777309717434397e-6,-0.791015625,-2.548828125,-3.8671875,5.80078125,0.791015625,0.615234375,0.0,-13.18359375,-17.578125,17.578125,0.0,0.0,8.9,4.7,7.9,-8.0,-6.7,3.2
0.6710841655731201,-1.5695793014751502,-2.6194975090260444,-3.752717322473451,6.372208791922775,1.5695792804167144,-1.0791160858431294e-6,-2.3922786159746634,-3.9040903703632224,-5.7197144444460335,7.783241910298956,1.8102575611260274,-1.199804025149816e-6,-0.791015625,-2.63671875,-3.8671875,5.888671875,0.791015625,0.615234375,4.39453125,-13.18359375,-8.7890625,17.578125,0.0,0.0,9.7,4.6,8.7,-11.2,-6.7,3.2
0.6760880947113037,-1.6002034678393215,-2.670606699515212,-3.825936840272345,6.496537382372253,1.6002034463700137,-1.1001707917175348e-6,-2.4305155883717315,-3.967199301564989,-5.811135469518522,7.9216504482564565,1.8433275591163254,-1.2220992527339775e-6,-0.791015625,-2.63671875,-3.955078125,5.9765625,0.791015625,0.615234375,4.39453125,-13.18359375,-8.7890625,17.578125,0.0,0.0,9.7,4.6,8.7,-14.2,-7.3,3.2
0.6810882091522217,-1.631137736718246,-2.7222334253491507,-3.8998977841831666,6.622124933085188,1.6311377148339048,-1.1214386990603941e-6,-2.46904153829343,-4.030759229532264,-5.9032474128271675,8.061287785752468,1.8767028004089683,-1.244605338312022e-6,-0.87890625,-2.724609375,-4.04296875,6.15234375,0.791015625,0.615234375,4.39453125,-13.18359375,-8.7890625,13.18359375,0.0,0.0,9.7,4.6,8.8,-13.0,-7.3,3.2
0.686089038848877,-1.6623882970394974,-2.774388015334029,-3.9746149513529585,6.748996569990975,1.66238827473588,-1.1429240628789535e-6,-2.5078698603887664,-4.094859738697925,-5.996082299725077,8.202191770107968,1.9103916578073006,-1.26732763626254e-6,-0.87890625,-2.724609375,-4.130859375,6.240234375,0.791015625,0.615234375,4.39453125,-8.7890625,-8.7890625,13.18359375,0.0,0.0,10.5,5.4,8.0,-13.0,-7.2,3.2
0.6910901069641113,-1.6939731502013613,-2.827100512308661,-4.050131381441522,6.877225375518965,1.6939731274739818,-1.164639259482226e-6,-2.5470161089476386,-4.159459467553235,-6.08967731906476,8.344431483385225,1.9444114600751568,-1.290278188818223e-6,-0.87890625,-2.8125,-4.130859375,6.416015625,0.791015625,0.615234375,-4.39453125,-8.7890625,-13.18359375,13.18359375,0.0,0.0,10.5,5.6,9.6,-13.8,-8.0,3.2
0.6960902214050293,-1.7258632059719443,-2.880322367091808,-4.126377522424929,7.0066932485759255,1.7258631828167084,-1.1865642887739146e-6,-2.5864498042807087,-4.224574892096838,-6.183959596759471,8.487885647551341,1.9787325391099213,-1.3134366944892747e-6,-0.966796875,-2.900390625,-4.21875,6.591796875,1.0546875,0.615234375,-4.39453125,-8.7890625,-13.18359375,13.18359375,4.39453125,0.0,10.5,5.6,9.6,-12.0,-5.5,3.2
0.701092004776001,-1.7580959851845903,-2.9341161988384163,-4.203443083106747,7.137552516975994,1.7580959615968996,-1.2087249470516495e-6,-2.626210623409431,-4.290205150614428,-6.279023996856909,8.632711116015873,2.01339322465984,-1.3368293670947967e-6,-1.0546875,-2.900390625,-4.306640625,6.85546875,1.23046875,0.615234375,-4.39453125,-8.7890625,-13.18359375,35.15625,4.39453125,0.0,10.5,6.4,9.7,-11.0,-4.7,3.2
0.706092119216919,-1.7906285486652178,-2.9884103456328113,-4.281225399937428,7.269628855419173,1.7906285246410505,-1.2310917128038886e-6,-2.666251105670889,-4.356337969363903,-6.3747570453505675,8.778724580026916,2.0483489904610708,-1.3604258716765128e-6,-1.142578125,-2.900390625,-4.39453125,7.03125,1.318359375,0.615234375,-4.39453125,-8.7890625,-13.18359375,35.15625,4.39453125,0.0,9.7,7.2,10.5,-11.8,-3.8,3.2
0.7110922336578369,-1.8234921189869797,-3.043256915356718,-4.359799123169438,7.403049021919514,1.8234920945218946,-1.253686052152732e-6,-2.706603118985239,-4.422960306801949,-6.4712349354572485,8.926054514324576,2.083631379437368,-1.384247843875255e-6,-1.142578125,-2.98828125,-4.39453125,7.119140625,1.318359375,0.615234375,-13.18359375,-8.7890625,-13.18359375,35.15625,21.97265625,0.0,10.5,7.5,11.3,-12.6,-3.8,3.2
0.7160930633544922,-1.8566701098208023,-3.0986282268043177,-4.439124596441118,7.537745678973362,1.8566700849105808,-1.2764965616765802e-6,-2.7472517374190413,-4.490112956251462,-6.568421980665974,9.074636077387437,2.1192242142445377,-1.4082840798608604e-6,-1.318359375,-3.076171875,-4.482421875,7.3828125,1.40625,0.615234375,-13.18359375,-8.7890625,-13.18359375,35.15625,21.97265625,0.0,8.9,7.5,11.3,-12.0,-4.0,3.2
0.7210931777954102,-1.8901733754997032,-3.1545423949560245,-4.519227771447618,7.673762893214512,1.8901733501399818,-1.2995307039390318e-6,-2.788203735434527,-4.557742042081661,-6.666334378082388,9.224506274057678,2.1551371429635546,-1.4325414368874354e-6,-1.318359375,-3.076171875,-4.5703125,7.55859375,1.40625,0.615234375,-13.18359375,-8.7890625,-13.18359375,35.15625,21.97265625,0.0,9.7,8.3,11.4,-11.2,-4.0,3.2
0.7260940074920654,-1.9239901967634545,-3.2109798613397365,-4.600080628533716,7.811053086560736,1.9239901709500258,-1.322780421722325e-6,-2.829450209065683,-4.625897680365755,-6.764950839156453,9.375622175896453,2.1913592302034868,-1.4570122477170359e-6,-1.40625,-3.1640625,-4.658203125,7.734375,1.40625,0.615234375,-13.18359375,-13.18359375,-13.18359375,35.15625,21.97265625,0.0,8.7,7.5,12.2,-10.4,-4.8,3.2
0.7310941219329834,-1.9581310708853317,-3.2679581450328117,-4.6817082656981075,7.949658876047696,1.958131044613848,-1.3462529321045896e-6,-2.8709975152373346,-4.6945259470449585,-6.8642865627009275,9.528019214957904,2.227899745089874,-1.4817031128533406e-6,-1.40625,-3.251953125,-4.658203125,7.91015625,1.40625,0.615234375,-13.18359375,-13.18359375,-13.18359375,35.15625,4.39453125,0.0,9.5,8.1,13.0,-11.2,-4.8,3.2
0.7360951900482178,-1.9925861755984058,-3.32546085348743,-4.764087198819148,8.08954038504372,1.9925861488646515,-1.3699414820875969e-6,-2.912839075648595,-4.763680142219178,-6.9643258206135945,9.68166297307825,2.264749790425379,-1.5066077411190496e-6,-1.494140625,-3.251953125,-4.74609375,8.0859375,1.40625,0.615234375,-13.18359375,-13.18359375,-13.18359375,35.15625,4.39453125,0.0,8.7,8.1,13.0,-10.4,-4.8,3.2
0.7410972118377686,-2.027375673005386,-3.383521635578659,-4.847265633598848,8.230779468048308,2.027375645804874,-1.3938599335063857e-6,-2.9549929542621105,-4.833326407343918,-7.065111802139796,9.83663191885482,2.301928961026708,-1.5317397132551552e-6,-1.58203125,-3.251953125,-4.833984375,8.26171875,1.40625,0.615234375,-13.18359375,-13.18359375,-13.18359375,35.15625,4.39453125,0.0,8.7,8.9,13.0,-9.6,-5.6,3.2
0.7460980415344238,-2.062463486735731,-3.4420802828400157,-4.931157314809116,8.373229661505704,2.06246345906446,-1.4179834831594026e-6,-2.9974207751170727,-4.903464643948128,-7.166552753946166,9.992774722461904,2.339400309038471,-1.557073775704847e-6,-1.669921875,-3.251953125,-4.921875,8.4375,1.40625,0.615234375,-13.18359375,-4.39453125,-13.18359375,35.15625,4.39453125,0.0,7.9,9.7,13.0,-8.8,-5.7,3.2
0.7510981559753418,-2.09787249925435,-3.501174984205165,-5.015816952283576,8.51698386409514,2.09787247110801,-1.4423278631832413e-6,-3.0401439854753374,-4.97406750122879,-7.268699954430051,10.150182116133452,2.3771863611765434,-1.5826254867065998e-6,-1.7578125,-3.33984375,-4.921875,8.61328125,1.494140625,0.615234375,-17.578125,-4.39453125,-13.18359375,35.15625,4.39453125,0.0,7.1,9.0,13.8,-7.2,-4.9,3.2
0.7560992240905762,-2.133593566036656,-3.5607904782219775,-5.101222682319137,8.662004950696593,2.133593537411061,-1.4668867865406245e-6,-3.083156819568722,-5.045187925974318,-7.37153961817894,10.308822708502877,2.415278946946848,-1.6083890462438902e-6,-1.93359375,-3.33984375,-5.009765625,8.701171875,1.494140625,0.615234375,-17.578125,-4.39453125,-13.18359375,35.15625,4.39453125,0.0,6.3,9.8,14.6,-6.0,-4.7,3.2
0.7611010074615479,-2.169644633762303,-3.620956716408418,-5.187417413748475,8.808365781591638,2.1696446046530244,-1.49167259192045e-6,-3.126474650690115,-5.116789322443843,-7.475108501298418,10.468765072019824,2.4536952880657203,-1.6343764316158668e-6,-2.021484375,-3.427734375,-5.009765625,8.876953125,1.494140625,0.615234375,-17.578125,-4.39453125,-13.18359375,30.76171875,4.39453125,0.0,5.5,9.0,14.6,-5.2,-5.5,3.2
0.7661011219024658,-2.20598755643683,-3.681610036267552,-5.274309943066254,8.955911490924793,2.205987526839952,-1.5166590532147447e-6,-3.1700568972626533,-5.18886622632799,-7.5793095770334,10.62984921559187,2.492396321789237,-1.660560943316017e-6,-2.109375,-3.515625,-5.009765625,8.96484375,1.494140625,0.615234375,-17.578125,-8.7890625,-13.18359375,30.76171875,4.39453125,0.0,4.4,9.0,15.4,-8.0,-5.7,3.2
0.7711021900177002,-2.24266058251039,-3.742814271286359,-5.361991718739791,9.104797360503174,2.242660552421485,-1.5418724669717495e-6,-3.21394333487858,-5.261423273675801,-7.684237945105121,10.792233788506305,2.5314209044326623,-1.686969193472146e-6,-2.197265625,-3.515625,-5.09765625,9.052734375,1.494140625,0.615234375,-21.97265625,-8.7890625,-8.7890625,30.76171875,0.0,0.0,4.4,9.6,15.4,-8.8,-5.7,3.2
0.7761030197143555,-2.279634302250793,-3.80452033906413,-5.45039242484982,9.254903992119973,2.279634271665825,-1.5672926134325403e-6,-3.258103928506076,-5.334471587593368,-7.789821794561381,10.95579765669452,2.5707393000547065,-1.7135807890135304e-6,-2.197265625,-3.515625,-5.185546875,9.228515625,1.58203125,0.615234375,-21.97265625,-8.7890625,-8.7890625,30.76171875,0.0,0.0,4.4,9.6,15.4,-8.2,-6.4,3.2
0.7811031341552734,-2.316924103502157,-3.866753920634822,-5.539548852292553,9.406293857646148,2.3169240724168865,-1.5929300720371617e-6,-3.3025510533239815,-5.407971313102987,-7.896090713297459,11.120598160805407,2.610366023691607,-1.7404058725752235e-6,-2.197265625,-3.603515625,-5.2734375,9.404296875,1.58203125,0.615234375,-21.97265625,-8.7890625,-8.7890625,26.3671875,0.0,0.0,5.2,9.6,16.2,-9.0,-6.4,3.2
0.7861042022705078,-2.3545218503642382,-3.9295014378565716,-5.62944154889138,9.558933926794538,2.3545218187745336,-1.6187792491970534e-6,-3.34728013839232,-5.481974880887258,-8.003033772623347,11.286608385739347,2.650293981357341,-1.7674393725422325e-6,-2.197265625,-3.603515625,-5.361328125,9.4921875,1.669921875,0.615234375,-21.97265625,-8.7890625,-8.7890625,26.3671875,0.0,0.0,5.6,10.4,16.2,-9.8,-5.6,3.2
0.7911171913146973,-2.3925299582112034,-3.9929338134838157,-5.720315380228028,9.713239987507212,2.392529926111559,-1.6449105574600852e-6,-3.3924067310798964,-5.556614152320307,-8.110927235491847,11.454269284869099,2.6906299970073224,-1.7947539492717878e-6,-2.197265625,-3.69140625,-5.537109375,9.580078125,1.7578125,0.615234375,0.0,-8.7890625,-17.578125,26.3671875,13.18359375,0.0,6.4,10.5,15.4,-9.6,-5.6,3.2
0.7961180210113525,-2.4307455562400904,-4.056712472993741,-5.811685301185129,9.868388420924619,2.4307455236277224,-1.671184519230815e-6,-3.437695002640857,-5.63155724203034,-8.219207257426365,11.62269484938794,2.731160301120582,-1.822204577956493e-6,-2.28515625,-3.779296875,-5.625,9.66796875,1.7578125,0.615234375,0.0,-8.7890625,-17.578125,26.3671875,13.18359375,0.0,6.4,10.5,15.4,-12.0,-5.6,3.2
0.8011181354522705,-2.46927297754292,-4.121011539652628,-5.903800762428455,10.024802800577351,2.469272944413644,-1.6976728655251782e-6,-3.483263175792077,-5.706942625838236,-8.328156497886745,11.792335193944613,2.771993873251124,-1.8498653577268255e-6,-2.373046875,-3.779296875,-5.80078125,9.84375,1.845703125,0.615234375,0.0,-8.7890625,-17.578125,21.97265625,13.18359375,0.0,5.6,11.3,14.3,-10.4,-4.8,3.2
0.8061192035675049,-2.5081053610361135,-4.185819562881758,-5.996645359748819,10.182455271703901,2.5081053273858385,-1.7243708792156943e-6,-3.529108009033116,-5.7828214740220325,-8.43776720674858,11.963168718616203,2.8131249201571356,-1.8777321071132681e-6,-2.373046875,-3.8671875,-5.888671875,10.01953125,1.93359375,0.615234375,0.0,-13.18359375,-17.578125,21.97265625,13.18359375,0.0,5.6,10.5,14.3,-8.8,-3.9,3.2
0.8111200332641602,-2.547251210095912,-4.2511507341099195,-6.090239423923577,10.341380356477694,2.547251175920432,-1.7512844065377696e-6,-3.575233877019961,-5.859144956445607,-8.548049843405215,12.135222683309212,2.854560699350283,-1.905810045415121e-6,-2.373046875,-3.955078125,-5.9765625,10.1953125,1.93359375,0.615234375,-8.7890625,-13.18359375,-26.3671875,21.97265625,8.7890625,0.0,6.4,10.4,14.3,-7.7,-5.5,3.2
0.8161201477050781,-2.586687090819597,-4.316965944099536,-6.184526926682872,10.501482917481466,2.5866870561150215,-1.7783973362306653e-6,-3.6216180335994905,-5.935931133048939,-8.658950023931759,12.308402697588765,2.896277884387979,-1.9340831087782975e-6,-2.373046875,-4.04296875,-6.064453125,10.283203125,1.93359375,0.615234375,-8.7890625,-13.18359375,-26.3671875,21.97265625,8.7890625,0.0,6.4,10.4,14.3,-9.3,-5.7,3.2
0.8211212158203125,-2.62644365583115,-4.383316349534494,-6.279581155584003,10.66288739883846,2.626443620593176,-1.805730742565416e-6,-3.668290942851915,-6.013175183244547,-8.77054058509499,12.482833349148214,2.9383071735173525,-1.9625724011737864e-6,-2.373046875,-4.130859375,-6.15234375,10.458984375,2.021484375,0.615234375,-8.7890625,-13.18359375,-26.3671875,30.76171875,8.7890625,0.0,7.2,10.4,15.1,-12.5,-4.9,3.2
0.8261229991912842,-2.6664996912275467,-4.4501665461723485,-6.375351390168768,10.825507675929654,2.666499655452157,-1.833270040573952e-6,-3.7152324591157817,-6.09089863071841,-8.8827733605024,12.658429986232166,2.9806275873431947,-1.9912634497837627e-6,-2.4609375,-4.21875,-6.240234375,10.634765625,2.021484375,0.615234375,-8.7890625,-13.18359375,-26.3671875,30.76171875,8.7890625,0.0,6.6,10.4,15.1,-11.7,-4.7,3.2
0.8311231136322021,-2.7068531918507053,-4.517513187570779,-6.471832836291718,10.98933560817499,2.706853155533908,-1.861013851671362e-6,-3.7624347526464192,-6.1690341798553066,-8.995629629966722,12.835173986449183,3.023235312033507,-2.0201539625025754e-6,-2.4609375,-4.306640625,-6.416015625,10.810546875,2.021484375,0.615234375,-4.39453125,-13.18359375,-21.97265625,30.76171875,4.39453125,0.0,7.4,9.5,14.3,-9.3,-4.7,3.2
0.8361241817474365,-2.747505980768704,-4.58535931627901,-6.569029852738131,11.154378596901962,2.747505943906484,-1.888963429252162e-6,-3.8099047240273243,-6.247647171065543,-9.10912589213775,13.013081783263486,3.066133724416322,-2.049245975948971e-6,-2.4609375,-4.482421875,-6.50390625,10.8984375,2.109375,0.615234375,-4.39453125,-13.18359375,-21.97265625,30.76171875,4.39453125,0.0,7.4,8.7,14.3,-8.5,-3.9,3.2
0.8411262035369873,-2.7884751407443282,-4.6537334420095,-6.666983282796246,11.320705995045529,2.7884751033324404,-1.9171305180457167e-6,-3.8576568359367727,-6.326708151821549,-9.223296725926689,13.192218288889318,3.109339152819851,-2.078550857578688e-6,-2.548828125,-4.5703125,-6.591796875,11.07421875,2.109375,0.615234375,-4.39453125,-13.18359375,-21.97265625,30.76171875,4.39453125,0.0,6.6,8.7,14.3,-6.9,-3.9,3.2
0.8461270332336426,-2.8297239728166375,-4.722574317244091,-6.765605382682547,11.488168811445238,2.8297239348513306,-1.9454898868075483e-6,-3.905653024482686,-6.406207031228238,-9.338051124127322,13.372431393052992,3.1528143312549313,-2.108043080534196e-6,-2.63671875,-4.658203125,-6.767578125,11.25,2.109375,0.615234375,-4.39453125,-21.97265625,-21.97265625,30.76171875,4.39453125,0.0,6.3,7.9,12.7,-6.1,-5.7,3.2
0.8511271476745605,-2.871272844906338,-4.791915934350995,-6.864944850190631,11.656849736184519,2.871272806383586,-1.974055538876542e-6,-3.9539116784759947,-6.48612187602899,-9.453433052666858,13.553800539996061,3.19657908116137,-2.1377363764781235e-6,-2.63671875,-4.74609375,-6.943359375,11.42578125,2.109375,0.615234375,-8.7890625,-21.97265625,-21.97265625,30.76171875,4.39453125,0.0,6.3,7.8,11.9,-8.0,-6.5,3.2
0.8561282157897949,-2.913116744424795,-4.861749927736051,-6.964989700689853,11.826728419057854,2.91311670534064,-2.002824028001197e-6,-4.002431625276599,-6.5665027333826185,-9.569439707872487,13.736312101531626,3.240629541543844,-2.1676278781290157e-6,-2.63671875,-4.833984375,-7.119140625,11.513671875,2.109375,0.615234375,-8.7890625,-21.97265625,-21.97265625,30.76171875,4.39453125,0.0,7.1,7.8,11.1,-11.2,-6.6,3.2
0.8611290454864502,-2.9552620970658374,-4.932087021348636,-7.0657552974132205,11.997830947222905,2.955262057416234,-2.031799771970129e-6,-4.051215003505403,-6.647301640546385,-9.686076202986783,13.919984555148247,3.2849708295259923,-2.197721343780249e-6,-2.724609375,-4.921875,-7.294921875,11.6015625,2.197265625,0.615234375,-8.7890625,-21.97265625,-21.97265625,30.76171875,4.39453125,0.0,6.3,7.8,10.9,-12.5,-5.8,3.2
0.8661301136016846,-2.9976941857119437,-5.0029026535417875,-7.167206453109093,12.1700975718377,2.9976941454930457,-2.060972652480786e-6,-4.100249395193291,-6.728549116376472,-9.803312847806922,14.104761965220444,3.329588871803957,-2.2280069757634648e-6,-2.724609375,-5.009765625,-7.3828125,11.689453125,2.28515625,0.615234375,-8.7890625,-17.578125,-21.97265625,30.76171875,4.39453125,0.0,7.2,7.8,10.9,-14.1,-5.5,3.2
0.871131181716919,-3.0404270651516154,-5.074220280590339,-7.269376771462366,12.343585352807878,3.0404270243593867,-2.0903523324717277e-6,-4.149545806886012,-6.810212836659552,-9.921175957954457,14.290696118719245,3.374496822431288,-2.258493984985276e-6,-2.724609375,-5.09765625,-7.470703125,11.953125,2.373046875,0.615234375,-4.39453125,-17.578125,-30.76171875,30.76171875,13.18359375,0.0,8.0,8.0,10.9,-15.6,-5.5,3.2
0.8761332035064697,-3.0834504381677217,-5.146022717294027,-7.37224163278988,12.51825248528965,3.083450396798265,-2.1199317324072866e-6,-4.199096905488684,-6.892330749728359,-10.039648000685316,14.477750293819476,3.419685250286145,-2.2891757258282262e-6,-2.724609375,-5.09765625,-7.55859375,12.041015625,2.4609375,0.615234375,-4.39453125,-17.578125,-30.76171875,30.76171875,13.18359375,0.0,8.0,8.8,11.7,-18.0,-5.6,3.2
0.8811352252960205,-3.126771909495784,-5.218322655324906,-7.475819219303073,12.694129843137238,3.126771867545101,-2.1497160806900195e-6,-4.2489062744882995,-6.974859308060241,-10.158737543781772,14.665948239413332,3.4651605354228394,-2.3200568096478866e-6,-2.63671875,-5.185546875,-7.646484375,12.3046875,2.4609375,0.615234375,-4.39453125,-17.578125,-30.76171875,26.3671875,13.18359375,0.0,9.6,8.8,12.1,-16.0,-5.6,3.2
0.88614821434021,-3.1704692471518356,-5.291249883043516,-7.580295467055395,12.87153315046539,3.1704692046148812,-2.17975884433302e-6,-4.299067535108594,-7.058002418821994,-10.278668426834297,14.85563527853492,3.511005599308799,-2.3511933210391196e-6,-2.63671875,-5.2734375,-7.734375,12.65625,2.63671875,0.615234375,-4.39453125,-17.578125,-30.76171875,26.3671875,13.18359375,0.0,10.8,8.8,12.9,-14.4,-5.5,3.2
0.8911499977111816,-3.2143641340095668,-5.36450680397433,-7.685244036474096,13.049738471911981,3.2143640908836923,-2.209937426867795e-6,-4.349371039390243,-7.141365104433568,-10.39893940117847,15.046028427051725,3.5570318205414644,-2.3824574222864746e-6,-2.63671875,-5.361328125,-7.822265625,12.744140625,2.724609375,0.615234375,4.39453125,-17.578125,-17.578125,26.3671875,17.578125,0.0,10.8,8.9,12.9,-16.0,-4.7,3.2
0.8961501121520996,-3.2585216463984734,-5.438202025107034,-7.790820518977046,13.229010005634155,3.2585216026801547,-2.240296569527807e-6,-4.399895985423618,-7.225125053075304,-10.519739822041748,15.237418182581195,3.6033088516553358,-2.413896178125977e-6,-2.63671875,-5.44921875,-7.91015625,13.0078125,2.724609375,0.615234375,4.39453125,-17.578125,-17.578125,26.3671875,17.578125,0.0,11.6,8.9,13.7,-14.4,-4.8,3.2
0.9011502265930176,-3.3029709032732746,-5.512384143558885,-7.897094535261773,13.409465969334647,3.3029708589585978,-2.2708562921568523e-6,-4.450670884347743,-7.309283775825202,-10.641137856891163,15.429922090129635,3.6498657136286923,-2.4455295646857657e-6,-2.724609375,-5.537109375,-7.998046875,13.18359375,2.724609375,0.615234375,4.39453125,-17.578125,-17.578125,48.33984375,17.578125,0.0,11.6,8.9,13.8,-12.4,-4.8,3.2
0.9061620235443115,-3.347799547018968,-5.5871994271922105,-8.00427563007447,13.591462175284745,3.347799502102842,-2.3016768505874097e-6,-4.501799799526271,-7.394059008377651,-10.76338231149719,15.623926749327893,3.6967954145954915,-2.4774205649176914e-6,-2.724609375,-5.625,-8.173828125,13.359375,2.8125,0.615234375,4.39453125,-17.578125,-17.578125,48.33984375,17.578125,0.0,11.4,8.9,13.0,-10.8,-4.0,3.2
0.9111740589141846,-3.3929201206033444,-5.662501917483091,-8.112154701830125,13.77464356371204,3.392920075081854,-2.3326981164206227e-6,-4.55317799961572,-7.479233106141779,-10.886222783012055,15.819044688407796,3.7440048473936685,-2.5095061783569507e-6,-2.8125,-5.712890625,-8.26171875,13.623046875,2.8125,0.615234375,-8.7890625,-17.578125,-21.97265625,48.33984375,4.39453125,0.0,11.4,7.9,13.8,-8.3,-4.0,3.2
0.916175127029419,-3.438214361519708,-5.73809424412892,-8.220448995935158,13.958530010175409,3.438214315390522,-2.363838781898923e-6,-4.604675121942492,-7.56463247351145,-11.009347586474732,16.014772167596576,3.7913715950569675,-2.541702973513209e-6,-2.900390625,-5.80078125,-8.349609375,13.7109375,2.900390625,0.615234375,-8.7890625,-17.578125,-21.97265625,48.33984375,4.39453125,0.0,10.6,7.9,13.8,-7.5,-3.1,3.2
0.9211761951446533,-3.483793780916453,-5.8141625099759615,-8.329425125116838,14.143574229819299,3.483793734175746,-2.3951755130906456e-6,-4.656413727820772,-7.650418957832828,-11.133049754525477,16.21158343282126,3.8390109548806897,-2.5740895513896313e-6,-2.98828125,-5.888671875,-8.4375,13.88671875,2.900390625,0.615234375,-8.7890625,-17.578125,-21.97265625,35.15625,4.39453125,0.0,9.8,7.1,12.7,-6.1,-3.1,3.2
0.9261770248413086,-3.529640257227606,-5.8906764716355084,-8.439039762405654,14.329702652355227,3.5296402098717947,-2.4266958510691686e-6,-4.7083771564248496,-7.736605674235598,-11.257289452688134,16.409407209224348,3.8869051869085047,-2.60665364117181e-6,-3.076171875,-5.9765625,-8.61328125,14.0625,2.900390625,0.615234375,-8.7890625,-17.578125,-21.97265625,35.15625,4.39453125,0.0,8.6,7.1,11.9,-4.5,-3.1,3.2
0.9311771392822266,-3.57576204332389,-5.967649902463437,-8.549312639643695,14.516948782949392,3.5757619953492803,-2.4584054698425177e-6,-4.760570389014808,-7.823160627255459,-11.38207859068973,16.608271210190615,3.9350615486451517,-2.639400415405016e-6,-3.076171875,-6.064453125,-8.701171875,14.0625,2.900390625,0.615234375,-13.18359375,-17.578125,-17.578125,35.15625,4.39453125,0.0,8.6,6.2,11.9,-5.6,-3.9,3.2
0.9361782073974609,-3.6221588138668697,-6.04508225949692,-8.66024297897719,14.705311300786459,3.622158765269772,-2.4903041457342338e-6,-4.812996920934369,-7.91012948349581,-11.507425525570202,16.808180929660658,3.983480887961611,-2.6723302421046908e-6,-3.1640625,-6.064453125,-8.7890625,14.150390625,2.900390625,0.615234375,-13.18359375,-17.578125,-17.578125,35.15625,4.39453125,0.0,7.8,6.2,11.9,-8.0,-6.6,3.2
0.9411802291870117,-3.668843161157743,-6.122994558240933,-8.771860887420665,14.894841328337469,3.6688431119343003,-2.5224005361946084e-6,-4.865666589520536,-7.997489178039979,-11.633353777482343,17.00918268972395,4.032174975517121,-2.705451365849178e-6,-3.251953125,-6.15234375,-8.876953125,14.23828125,2.900390625,0.615234375,-13.18359375,-17.578125,-17.578125,17.578125,4.39453125,0.0,7.8,6.2,11.9,-12.7,-6.6,3.2
0.946181058883667,-3.7157795015976407,-6.201327412623986,-8.88408128791701,15.085394402610744,3.7157794517444707,-2.5546701768121294e-6,-4.918543086750773,-8.085218398964612,-11.759776537339803,17.211130139089672,4.081107876575843,-2.738739136790313e-6,-3.33984375,-6.240234375,-8.96484375,14.4140625,2.98828125,0.615234375,-13.18359375,-8.7890625,-17.578125,17.578125,4.39453125,0.0,7.8,5.4,11.9,-16.7,-5.8,3.2
0.9511830806732178,-3.7630023312777867,-6.280138393757624,-8.996986657394261,15.277110571513132,3.763002280791047,-2.5871367843157982e-6,-4.971660991571395,-8.173336156526073,-11.886776480169384,17.41416395734462,4.130314216941635,-2.772217343772628e-6,-3.427734375,-6.240234375,-9.052734375,14.58984375,3.076171875,0.615234375,-13.18359375,-8.7890625,-17.578125,17.578125,4.39453125,0.0,7.0,6.4,11.9,-20.0,-6.4,3.2
0.9561831951141357,-3.810467038764639,-6.359353048863999,-9.110470334086887,15.469808720672914,3.8104669876410835,-2.619769687483394e-6,-5.024973924432395,-8.261803378447848,-12.014242716804455,17.61809913314623,4.179748681819619,-2.805854950443271e-6,-3.515625,-6.328125,-9.140625,14.677734375,3.1640625,0.615234375,-13.18359375,-8.7890625,-17.578125,17.578125,4.39453125,0.0,7.0,6.4,11.9,-21.6,-6.4,3.2
0.9611852169036865,-3.8582216429533887,-6.439051517491475,-9.224647126682557,15.663683798141346,3.858221591189128,-2.652601900232835e-6,-5.078531598058213,-8.350665197626231,-12.142294105719998,17.82313434506727,4.229459963151043,-2.83968532001164e-6,-3.603515625,-6.416015625,-9.228515625,15.1171875,3.251953125,0.615234375,-13.18359375,-13.18359375,-17.578125,30.76171875,4.39453125,0.0,7.1,6.4,12.9,-19.5,-5.5,3.2
0.9661860466003418,-3.9062215455479383,-6.519159368787516,-9.339410404826141,15.858554742882372,3.9062214931396815,-2.685602760374148e-6,-5.132287719562555,-8.439881693432692,-12.270819964954217,18.029084772588522,4.27940278323709,-2.8736774373341794e-6,-3.69140625,-6.416015625,-9.31640625,15.380859375,3.33984375,0.615234375,-13.18359375,-13.18359375,-17.578125,30.76171875,4.39453125,0.0,7.1,7.2,13.7,-19.5,-5.5,3.2
0.9711861610412598,-3.9544826591501767,-6.599703159563218,-9.454798214060606,16.05448615718883,3.954482606094419,-2.718783208128481e-6,-5.186255993821176,-8.52943922823735,-12.399853061583343,18.23601124211043,4.329592411511742,-2.907841920442444e-6,-3.69140625,-6.416015625,-9.404296875,15.64453125,3.427734375,0.615234375,-17.578125,-13.18359375,-21.97265625,30.76171875,21.97265625,0.0,7.9,8.2,13.7,-19.2,-5.5,3.2
0.9761872291564941,-4.003006270428989,-6.6806850371621,-9.570813630690926,16.251483264704262,4.003006216722209,-2.7521441281055436e-6,-5.240441556357555,-8.619382290664438,-12.529405674163753,18.4439258874619,4.380031326292781,-2.9421802555855632e-6,-3.779296875,-6.50390625,-9.4921875,15.908203125,3.515625,0.615234375,-17.578125,-13.18359375,-21.97265625,30.76171875,21.97265625,0.0,7.9,8.2,13.7,-16.8,-4.8,3.2
0.9811880588531494,-4.051792074846484,-6.762104493335709,-9.687455926595486,16.449544829059768,4.0517920204851645,-2.7856853109296523e-6,-5.294839937614878,-8.709667964911153,-12.659467116403093,18.652819927475708,4.430717918884139,-2.9766915739454743e-6,-3.779296875,-6.591796875,-9.580078125,16.34765625,3.603515625,0.615234375,-17.578125,-8.7890625,-21.97265625,61.5234375,21.97265625,0.0,8.1,9.0,15.4,-12.2,-3.8,3.2
0.9861881732940674,-4.100820696275991,-6.843929190937715,-9.804678775267472,16.64859218667676,4.100820641256873,-2.8193934351394767e-6,-5.34943322874384,-8.800301606912459,-12.78999456991751,18.86261701750084,4.481633199396391,-3.011362744700271e-6,-3.779296875,-6.591796875,-9.66796875,16.5234375,3.603515625,0.615234375,-17.578125,-8.7890625,-21.97265625,61.5234375,21.97265625,0.0,8.9,9.8,15.4,-11.4,-4.6,3.2
0.9911890029907227,-4.150117105668443,-6.9262008044115255,-9.92254187991528,16.848726715110953,4.150117049987934,-2.8532856687460916e-6,-5.404245163443754,-8.891287991153757,-12.92104477976249,19.073416635395176,4.532801824944385,-3.046210781792051e-6,-3.779296875,-6.6796875,-9.84375,16.875,3.603515625,0.615234375,-4.39453125,-8.7890625,-17.578125,61.5234375,8.7890625,0.0,9.7,10.6,15.4,-12.5,-4.9,3.2
0.9961891174316406,-4.19965273379047,-7.008871654079163,-10.040976934173717,17.049832428429127,4.199652677445361,-2.887342369849746e-6,-5.459247625620583,-8.982614676823513,-13.052550522986603,19.285103155841306,4.584195268875223,-3.0812160585547836e-6,-3.779296875,-6.767578125,-9.931640625,17.05078125,3.69140625,0.615234375,-4.39453125,-8.7890625,-17.578125,61.5234375,8.7890625,0.0,9.7,10.6,15.4,-13.3,-4.9,3.2
1.0011892318725586,-4.249445299417858,-7.09197131110597,-10.160026301978633,17.25198126166427,4.249445242404701,-2.9215757204510282e-6,-5.51445627320492,-9.074273862317263,-13.184549236237572,19.497745020316657,4.635830656274182,-3.1163904600298076e-6,-3.8671875,-6.85546875,-10.01953125,17.2265625,3.69140625,0.615234375,-4.39453125,-8.7890625,-17.578125,52.734375,8.7890625,0.0,9.7,10.6,16.2,-14.8,-5.7,3.2
1.0061900615692139,-4.299487689302973,-7.17548790407236,-10.27967297622016,17.455144336314312,4.299487631618418,-2.9559808300547982e-6,-5.569866830412155,-9.166291873425372,-13.317030696514264,19.711318327918764,4.6877017272399515,-3.1517295249539833e-6,-3.8671875,-6.943359375,-10.107421875,17.490234375,3.69140625,0.615234375,-4.39453125,-13.18359375,-17.578125,52.734375,8.7890625,0.0,10.6,10.6,16.2,-12.4,-5.7,3.2
1.0111901760101318,-4.349776017810709,-7.259414948176018,-10.399907666708145,17.65930587740174,4.349775959451454,-2.9905550272118703e-6,-5.625470999119653,-9.258621948293001,-13.449975063781503,19.92579925147261,4.739803201732794,-3.187229875993093e-6,-3.955078125,-7.03125,-10.1953125,17.666015625,3.779296875,0.615234375,-8.7890625,-13.18359375,-21.97265625,52.734375,8.7890625,0.0,9.8,10.6,17.0,-10.7,-5.7,3.2
1.0161921977996826,-4.400322653162888,-7.34377308495206,-10.520759944704295,17.864516097675775,4.40032259412547,-3.0253068153136376e-6,-5.681286029760449,-9.351325307738723,-13.583423582211402,20.1412469569561,4.792149000109833,-3.2229008027936998e-6,-4.04296875,-7.119140625,-10.458984375,17.9296875,3.779296875,0.615234375,-8.7890625,-13.18359375,-21.97265625,43.9453125,8.7890625,0.0,9.8,11.4,17.0,-13.1,-5.6,3.2
1.021193027496338,-4.451106460872372,-7.428527042696548,-10.642179279626351,18.070689194931543,4.451106401153607,-3.060221663991983e-6,-5.737284620466195,-9.44432454693214,-13.717310975590031,20.357564171142748,4.844715992292618,-3.2587267618630984e-6,-4.130859375,-7.20703125,-10.546875,18.193359375,3.8671875,0.615234375,-8.7890625,-17.578125,-21.97265625,43.9453125,8.7890625,0.0,9.6,12.2,16.9,-14.7,-6.5,3.2
1.0261931419372559,-4.502118278434298,-7.513661529949769,-10.764143764782073,18.27778797105236,4.502118218031125,-3.0952932738478426e-6,-5.7934602781282605,-9.53764047905583,-13.85162171950188,20.574718349083504,4.897495812211246,-3.2947018539948667e-6,-4.21875,-7.294921875,-10.72265625,18.369140625,3.955078125,0.615234375,-8.7890625,-17.578125,-21.97265625,43.9453125,8.7890625,0.0,9.6,12.2,16.9,-16.3,-5.7,3.2
1.0311942100524902,-4.553385002693888,-7.599221435312761,-10.88671770801299,18.48592162237728,4.553384941602891,-3.130540136981814e-6,-5.8498387106964715,-9.631284683810392,-13.98641727925078,20.792816891365952,4.950515061517154,-3.3308444268592048e-6,-4.306640625,-7.3828125,-10.810546875,18.6328125,4.04296875,0.615234375,-13.18359375,-17.578125,-26.3671875,43.9453125,13.18359375,0.0,8.8,12.1,17.7,-16.3,-5.5,3.2
1.0361950397491455,-4.604880804351095,-7.6851636518287245,-11.009839353878247,18.69498528660805,4.6048807425691995,-3.165944495251226e-6,-5.906395037206135,-9.72524653588792,-14.12163816677701,21.011756246344593,5.003748120004954,-3.3671368224781584e-6,-4.39453125,-7.470703125,-10.986328125,18.896484375,4.130859375,0.615234375,-13.18359375,-17.578125,-26.3671875,43.9453125,13.18359375,0.0,8.8,12.9,17.7,-16.3,-5.5,3.2
1.0411951541900635,-4.656610269767683,-7.7714958337545745,-11.1335196679399,18.904997583545992,4.656610207291753,-3.201509501868376e-6,-5.963130453711494,-9.819497795332179,-14.257287241734428,21.23154894068724,5.057198522823278,-3.4035816631593845e-6,-4.39453125,-7.55859375,-11.07421875,18.984375,4.21875,0.615234375,-13.18359375,-17.578125,-26.3671875,43.9453125,13.18359375,0.0,9.6,12.1,17.7,-16.0,-4.7,3.2
1.0461962223052979,-4.708577239414029,-7.858224390516438,-11.257767832403466,19.115974104807965,4.708577176240878,-3.2372377972308265e-6,-6.020052677541051,-9.914081091329804,-14.393382955533742,21.45221759375918,5.110871325335229,-3.4401822036301815e-6,-4.39453125,-7.646484375,-11.25,19.423828125,4.306640625,0.615234375,-13.18359375,-17.578125,-26.3671875,43.9453125,13.18359375,0.0,9.6,12.9,17.7,-12.0,-4.7,3.2
1.0511970520019531,-4.760778659700303,-7.945344225926475,-11.382576546421232,19.32790245337017,4.760778595826785,-3.273127281936591e-6,-6.07715452486734,-10.008955151966017,-14.529908132315317,21.673742267326148,5.164762167836063,-3.4769356832324704e-6,-4.39453125,-7.734375,-11.337890625,19.6875,4.306640625,0.615234375,-8.7890625,-17.578125,-26.3671875,43.9453125,13.18359375,0.0,10.4,12.9,17.7,-10.7,-5.6,3.2
1.056197166442871,-4.81319625452837,-8.03282483869463,-11.507902113551744,19.540708431571424,4.8131961899515865,-3.3091653908152015e-6,-6.134419510310129,-10.104121489327174,-14.666823357076739,21.896051711574042,5.218853271076741,-3.5138297839768e-6,-4.482421875,-7.822265625,-11.513671875,19.951171875,4.39453125,0.615234375,-8.7890625,-17.578125,-26.3671875,52.734375,13.18359375,0.0,10.4,13.7,17.7,-10.7,-4.8,3.2
1.0611979961395264,-4.8658540318970305,-8.120706296177165,-11.633801934674896,19.754489507555505,4.865853966613758,-3.3453686298295428e-6,-6.191870075180153,-10.199588953039333,-14.804182284893258,22.119240867590968,5.2731682194379115,-3.5508808018162055e-6,-4.482421875,-7.91015625,-11.6015625,20.0390625,4.39453125,0.615234375,-8.7890625,-17.578125,-26.3671875,52.734375,13.18359375,0.0,10.4,12.9,17.6,-12.8,-4.8,3.2
1.066209077835083,-4.9188401937471635,-8.209135800088708,-11.760486892382668,19.969603765289616,4.918840127752996,-3.3817976395175706e-6,-6.249605641385681,-10.295550701509129,-14.942222624249585,22.343689320498427,5.327798981491658,-3.588151297775237e-6,-4.5703125,-8.0859375,-11.77734375,20.302734375,4.482421875,0.615234375,-8.7890625,-17.578125,-26.3671875,52.734375,13.18359375,0.0,10.5,12.9,17.6,-12.0,-4.8,3.2
1.071209192276001,-4.971938799976327,-8.297752964330952,-11.887440694084882,20.1851745269162,4.971938733269756,-3.41830395688802e-6,-6.307387264057498,-10.391582517306002,-15.080373080309599,22.568475718991813,5.382521767180776,-3.625488798882958e-6,-4.658203125,-8.173828125,-11.953125,20.56640625,4.482421875,0.615234375,-8.7890625,-17.578125,-30.76171875,52.734375,8.7890625,0.0,10.5,12.8,17.6,-11.2,-5.7,3.2
1.0762100219726562,-5.025260756858923,-8.3867428822657,-12.014928506311664,20.401652051900427,5.025260689436953,-3.454963832146674e-6,-6.365339180464087,-10.487917209132485,-15.218930692763552,22.79407596425655,5.437451978622341,-3.6629718488460553e-6,-4.74609375,-8.26171875,-12.12890625,20.7421875,4.5703125,0.615234375,-8.7890625,-17.578125,-30.76171875,43.9453125,8.7890625,0.0,10.5,12.8,17.6,-12.0,-5.7,3.2
1.0812101364135742,-5.078798904414825,-8.47609360448072,-12.142933210220118,20.61900727201472,5.078798836274553,-3.4917723426688994e-6,-6.423450017718258,-10.584510095740557,-15.357868270101765,23.020453232691956,5.492581109943181,-3.7005948427912197e-6,-4.833984375,-8.349609375,-12.216796875,20.91796875,4.5703125,0.615234375,-8.7890625,-21.97265625,-30.76171875,43.9453125,8.7890625,0.0,9.5,12.8,17.6,-15.2,-5.6,3.2
1.0862112045288086,-5.132558883766563,-8.565814545541055,-12.271468293206674,20.83726308919884,5.132558814905016,-3.5287333668353963e-6,-6.481729185587087,-10.681402195859487,-15.497208310197315,23.247637297851455,5.547915991904561,-3.738362261214626e-6,-4.921875,-8.525390625,-12.392578125,21.181640625,4.658203125,0.615234375,-8.7890625,-21.97265625,-30.76171875,43.9453125,8.7890625,0.0,9.5,12.0,17.6,-15.2,-5.6,3.2
1.0912120342254639,-5.18653575000197,-8.65589745279894,-12.400521932448774,21.056399428001498,5.1865356804162355,-3.5658435049235366e-6,-6.540167750337011,-10.778553738705492,-15.636929453328737,23.47560076318247,5.603450409971128,-3.776270061092848e-6,-5.009765625,-8.61328125,-12.48046875,21.357421875,4.74609375,0.615234375,-17.578125,-21.97265625,-26.3671875,43.9453125,8.7890625,0.0,9.5,12.8,17.6,-16.4,-5.6,3.2
1.0962121486663818,-5.240712262917297,-8.746313553786024,-12.53005290823157,21.276346296305835,5.240712192604698,-3.6030909039602546e-6,-6.598750336045811,-10.875963656284739,-15.776994937103964,23.704276746026537,5.659167649964862,-3.814306651785095e-6,-5.09765625,-8.7890625,-12.65625,21.62109375,4.74609375,0.615234375,-17.578125,-21.97265625,-26.3671875,39.55078125,8.7890625,0.0,8.7,12.0,17.6,-15.6,-5.6,3.2
1.1012132167816162,-5.295114074766875,-8.837105659984509,-12.660122552696162,21.497207837636438,5.295114003724388,-3.640493200365869e-6,-6.657501151766596,-10.973648156336088,-15.917462643104944,23.93376710023086,5.715092982120147,-3.852489480913974e-6,-5.09765625,-8.876953125,-12.83203125,21.884765625,4.833984375,0.615234375,-17.578125,-21.97265625,-26.3671875,39.55078125,8.7890625,0.0,9.6,12.0,17.5,-13.6,-5.5,3.2
1.1062231063842773,-5.349815614693208,-8.928397987452286,-12.790908818961643,21.7192862208839,5.3498155429168115,-3.6781015656134344e-6,-6.716503586659952,-11.071769456509758,-16.05853194701607,24.164391225853684,5.7713038566467025,-3.890871261074177e-6,-5.185546875,-8.96484375,-12.919921875,22.1484375,4.921875,0.615234375,-13.18359375,-21.97265625,-26.3671875,39.55078125,8.7890625,0.0,9.6,12.0,17.5,-14.4,-5.5,3.2
1.1112232208251953,-5.404620839058185,-9.019863355637728,-12.921942985023339,21.94178554424628,5.404620766546488,-3.71578121591521e-6,-6.775542788858202,-11.16994746798116,-16.19968915811471,24.395316414099973,5.827597750966582,-3.929313895324531e-6,-5.185546875,-9.052734375,-13.095703125,22.32421875,4.921875,0.615234375,-13.18359375,-21.97265625,-30.76171875,39.55078125,13.18359375,0.0,9.6,11.9,17.5,-15.2,-5.7,3.2
1.1162240505218506,-5.45963284882704,-9.111673831489824,-13.053471555647096,22.16512437904168,5.459632775577267,-3.7536030351761655e-6,-6.834733143650753,-11.26839452733141,-16.341207760930505,24.626983076625326,5.884081600827996,-3.9678902255492485e-6,-5.2734375,-9.228515625,-13.271484375,22.587890625,5.009765625,0.615234375,-13.18359375,-21.97265625,-30.76171875,48.33984375,13.18359375,0.0,9.6,11.1,16.7,-15.2,-4.9,3.2
1.1212241649627686,-5.514842613707734,-9.203814344201076,-13.185472940249165,22.389266063913606,5.514842539717233,-3.7915608148961073e-6,-6.894061586647737,-11.367067296671516,-16.48305651972906,24.859347086676316,5.940745078710311,-4.006593385140838e-6,-5.2734375,-9.31640625,-13.359375,22.763671875,5.009765625,0.615234375,-13.18359375,-21.97265625,-30.76171875,48.33984375,13.18359375,0.0,10.5,11.9,17.7,-15.4,-5.6,3.2
1.126225233078003,-5.57025747592082,-9.29629714732786,-13.317964693392238,22.61424040695288,5.57025740118684,-3.829659602993479e-6,-6.95353909669792,-11.466005253390922,-16.62526168391105,25.09244492057283,5.997596682868771,-4.045429007638017e-6,-5.361328125,-9.404296875,-13.53515625,23.02734375,5.09765625,0.615234375,-8.7890625,-21.97265625,-30.76171875,48.33984375,13.18359375,0.0,10.5,11.9,17.7,-13.8,-5.6,3.2
1.1312260627746582,-5.6258707105492824,-9.389111017542142,-13.450930736428655,22.84002010620968,5.625870635069161,-3.867894775957941e-6,-7.013155123071028,-11.565170072574336,-16.76779802766707,25.32624221824522,6.054628462831964,-4.084391848069781e-6,-5.44921875,-9.4921875,-13.7109375,23.291015625,5.185546875,0.615234375,-8.7890625,-21.97265625,-26.3671875,48.33984375,8.7890625,0.0,9.7,12.0,16.9,-14.1,-4.7,3.2
1.1362261772155762,-5.6816660712373785,-9.48222884102536,-13.584332225841191,23.066539204410734,5.681665995008673,-3.906255164106127e-6,-7.0728953426884456,-11.6645582904325,-16.910631305855652,25.560676264613697,6.11182472234436,-4.123471011620706e-6,-5.44921875,-9.66796875,-13.88671875,23.5546875,5.185546875,0.615234375,-8.7890625,-21.97265625,-26.3671875,48.33984375,8.7890625,0.0,10.5,11.2,16.9,-14.1,-5.5,3.2
1.1412270069122314,-5.7376656989478505,-9.575687569205645,-13.718222098601137,23.29388758987026,5.737665621967819,-3.944755989777567e-6,-7.132780175028622,-11.764183946647114,-17.053810339540153,25.79583409795446,6.169207121077573,-4.162681480868793e-6,-5.537109375,-9.755859375,-13.974609375,23.818359375,5.2734375,0.615234375,-8.7890625,-26.3671875,-26.3671875,48.33984375,8.7890625,0.0,10.3,11.2,17.5,-13.8,-5.7,3.2
1.1462271213531494,-5.793842893163352,-9.669442641136879,-13.852536516268554,23.521956863304954,5.793842815429613,-3.983378895850874e-6,-7.192784120079044,-11.86402415385037,-17.1972741605754,26.03160911067532,6.226749251877929,-4.2020050418325704e-6,-5.625,-9.84375,-14.0625,23.994140625,5.361328125,0.615234375,-13.18359375,-26.3671875,-26.3671875,48.33984375,8.7890625,0.0,9.5,11.2,17.5,-13.8,-4.9,3.2
1.1512281894683838,-5.850222337397211,-9.763535251552973,-13.987334494815403,23.7508472353257,5.850222258907051,-4.022140852718216e-6,-7.252930278579441,-11.964098237395772,-17.34107800066971,26.268098947705496,6.284475367526545,-4.241458451154454e-6,-5.625,-9.931640625,-14.23828125,24.2578125,5.44921875,0.615234375,-13.18359375,-26.3671875,-30.76171875,48.33984375,17.578125,0.0,10.3,11.1,17.5,-13.3,-4.7,3.2
1.156229019165039,-5.906780162236218,-9.857925564385507,-14.122558964706975,23.98046180042122,5.906780082987243,-4.061025449696979e-6,-7.313196203468734,-12.06438755326504,-17.4851681909993,26.505208938898065,6.342361970452496,-4.28102548154318e-6,-5.712890625,-10.01953125,-14.4140625,24.43359375,5.537109375,0.615234375,-13.18359375,-26.3671875,-30.76171875,43.9453125,17.578125,0.0,10.3,11.1,16.7,-14.1,-4.7,3.2
1.16156005859375,-5.967276894328731,-9.958889586319039,-14.26720099347433,24.22606761833702,5.9672768142680965,-4.102618121491656e-6,-7.377578790407183,-12.171528195691796,-17.6391009352974,26.75868599521793,6.404254733208036,-4.3233353212554426e-6,-5.80078125,-10.1953125,-14.58984375,24.697265625,5.537109375,0.615234375,-13.18359375,-17.578125,-30.76171875,43.9453125,17.578125,0.0,9.6,11.1,16.9,-15.4,-4.8,3.2
1.166560173034668,-6.024203916020877,-10.053896058039644,-14.403308178514395,24.45718105604848,6.024203835196474,-4.141756548437908e-6,-7.438088393598671,-12.272231338912519,-17.783773737658695,26.99707181440126,6.462472161138234,-4.363136836905681e-6,-5.80078125,-10.283203125,-14.677734375,24.873046875,5.625,0.615234375,-8.7890625,-17.578125,-30.76171875,43.9453125,17.578125,0.0,10.4,11.1,17.7,-14.6,-4.8,3.2
1.1715610027313232,-6.081316047321405,-10.149211462324281,-14.539857943316619,24.68904600537384,6.0813159657307505,-4.181022241815275e-6,-7.4987234112626036,-12.373151775713657,-17.92874639429482,27.236103157968852,6.520856468823791,-4.403056429842248e-6,-5.888671875,-10.37109375,-14.853515625,25.224609375,5.712890625,0.615234375,-8.7890625,-17.578125,-30.76171875,43.9453125,8.7890625,0.0,10.4,11.2,17.7,-12.8,-4.9,3.2
1.1767082214355469,-6.1402844337227815,-10.24762480222021,-14.680845840467642,24.928447015516618,6.140284351340971,-4.2215641464276344e-6,-7.56125393317861,-12.477231047315454,-18.078251024329738,27.482766724173516,6.581114720199391,-4.444261517178699e-6,-5.9765625,-10.458984375,-15.029296875,25.400390625,5.712890625,0.615234375,-8.7890625,-17.578125,-30.76171875,48.33984375,8.7890625,0.0,9.6,11.2,16.9,-13.6,-4.9,3.2
1.1817090511322021,-6.197749045604973,-10.343528467324024,-14.818238353376572,25.16174297241156,6.197748962452183,-4.261072177012979e-6,-7.622118270562486,-12.578548904627976,-18.22377196297022,27.72300993735042,6.6398137961446615,-4.48440443106632e-6,-6.064453125,-10.546875,-15.1171875,25.6640625,5.80078125,0.615234375,-8.7890625,-21.97265625,-30.76171875,48.33984375,8.7890625,0.0,9.7,11.2,17.5,-14.4,-4.8,3.2
1.1867201328277588,-6.255505384850393,-10.439919001170674,-14.956328359128584,25.39622328976987,6.2555053009227075,-4.300780775795194e-6,-7.6832188556117345,-12.680260469910033,-18.369857747684684,27.964340536664487,6.698787985998754,-4.52473955990451e-6,-6.15234375,-10.634765625,-15.29296875,25.83984375,5.80078125,0.615234375,-17.578125,-21.97265625,-30.76171875,48.33984375,8.7890625,0.0,9.7,11.2,16.7,-14.4,-5.6,3.2
1.1917212009429932,-6.313311691914859,-10.536392927157753,-15.094537833262933,25.630906467458693,6.3133116072116096,-4.340523728418121e-6,-7.744302264363432,-12.781956378519379,-18.51590246547803,28.205752568037536,6.757791161638874,-4.5650984353645105e-6,-6.15234375,-10.810546875,-15.46875,26.015625,5.888671875,0.615234375,-17.578125,-21.97265625,-30.76171875,48.33984375,8.7890625,0.0,9.7,10.3,16.7,-15.2,-4.7,3.2
1.1967220306396484,-6.371283819824342,-10.633143594364633,-15.233143769530123,25.86626284786208,6.371283734343303,-4.380380686074789e-6,-7.805488561125964,-12.883824025109186,-18.66219317888318,28.447725550342362,6.816940828137255,-4.605561564915617e-6,-6.240234375,-10.8984375,-15.556640625,26.3671875,5.9765625,0.615234375,-17.578125,-21.97265625,-30.76171875,48.33984375,8.7890625,0.0,9.7,10.3,16.7,-15.2,-4.7,3.2
1.2017261981964111,-6.429455093406277,-10.730226619160854,-15.372225844476002,26.10242772376722,6.429455007144775,-4.420374560227723e-6,-7.866815289040652,-12.985938239841579,-18.808819650039986,28.690402868708937,6.876271728329763,-4.646152583136272e-6,-6.328125,-10.986328125,-15.732421875,26.54296875,6.064453125,0.615234375,-17.578125,-21.97265625,-30.76171875,48.33984375,8.7890625,0.0,9.5,11.1,16.9,-15.2,-4.9,3.2
1.2067270278930664,-6.4877512386012075,-10.827518044309251,-15.51160647577054,26.339099555892695,6.487751151557569,-4.46045428602646e-6,-7.928201520974323,-13.08815217296792,-18.955588389741354,28.933469871597495,6.935707276389821,-4.686819241845906e-6,-6.416015625,-11.07421875,-15.908203125,26.806640625,6.064453125,0.615234375,-13.18359375,-21.97265625,-30.76171875,48.33984375,8.7890625,0.0,9.5,11.1,16.9,-14.4,-4.9,3.2
1.2117271423339844,-6.546194397959508,-10.925054823887578,-15.6513386041809,26.576368238998224,6.546194310131762,-4.50063508690206e-6,-7.989673137394553,-13.19052081205935,-19.102561275764913,29.177023525793125,6.995270850123982,-4.727577393154232e-6,-6.416015625,-11.162109375,-15.99609375,27.0703125,6.15234375,0.615234375,-13.18359375,-21.97265625,-26.3671875,48.33984375,17.578125,0.0,9.5,11.3,16.9,-13.4,-4.7,3.2
1.2167282104492188,-6.604807286013554,-11.022874866564042,-15.79147653802973,26.81432598998727,6.604807197399422,-4.5409325795342564e-6,-8.051251383420858,-13.293067916689047,-19.249789103204577,29.421153651980113,7.054984761087289,-4.7684424535354134e-6,-6.50390625,-11.25,-16.083984375,27.333984375,6.15234375,0.615234375,-13.18359375,-21.97265625,-26.3671875,48.33984375,17.578125,0.0,9.5,11.3,17.7,-13.4,-5.5,3.2
1.221729040145874,-6.663567853989217,-11.120941374765659,-15.93196756076009,27.052883294814734,6.663567764586716,-4.581331604964969e-6,-8.112915569807667,-13.39577036929298,-19.39722240600904,29.665772896890203,7.114827321157929,-4.8093994423094435e-6,-6.591796875,-11.42578125,-16.34765625,27.509765625,6.240234375,0.615234375,-13.18359375,-21.97265625,-26.3671875,48.33984375,17.578125,0.0,9.5,10.5,16.7,-15.2,-4.8,3.2
1.226729154586792,-6.722473484892843,-11.219249980947353,-16.0728054153849,27.292029528958544,6.72247339470003,-4.621830363960517e-6,-8.174660324242012,-13.498608186623155,-19.544848339480424,29.910865563026583,7.174795032881017,-4.850446113896103e-6,-6.6796875,-11.513671875,-16.435546875,27.7734375,6.240234375,0.615234375,-13.18359375,-21.97265625,-26.3671875,48.33984375,17.578125,0.0,8.7,10.5,17.5,-15.2,-5.6,3.2
1.2317302227020264,-6.781535864831477,-11.317820188251307,-16.214018042293212,27.531812135904957,6.7815357738462465,-4.662436890945205e-6,-8.236500394812953,-13.601616676713173,-19.692702164920433,30.156484801363987,7.2349005757931515,-4.891591007225743e-6,-6.6796875,-11.6015625,-16.611328125,28.037109375,6.328125,0.615234375,-13.18359375,-21.97265625,-26.3671875,48.33984375,4.39453125,0.0,9.5,10.3,16.7,-14.6,-5.7,3.2
1.2367310523986816,-6.840743801891401,-11.416633318302956,-16.355578682666,27.772185678503455,6.8407437101118,-4.703143491262183e-6,-8.29842139919162,-13.70476145242419,-19.840749495525763,30.40257919516875,7.295131715762911,-4.932825897899572e-6,-6.767578125,-11.689453125,-16.69921875,28.30078125,6.416015625,0.615234375,-13.18359375,-21.97265625,-26.3671875,43.9453125,4.39453125,0.0,9.5,11.1,17.7,-13.8,-5.7,3.2
1.2417311668395996,-6.900083760003735,-11.51566678052744,-16.49745497302846,28.013095202756457,6.900083667427992,-4.7439408586026514e-6,-8.36041171501656,-13.808033292776283,-19.98896254331712,30.649097076428998,7.355475477049571,-4.974141760499456e-6,-6.767578125,-11.77734375,-16.875,28.564453125,6.50390625,0.615234375,-13.18359375,-17.578125,-26.3671875,43.9453125,4.39453125,0.0,9.7,11.1,17.7,-14.1,-5.6,3.2
1.2467319965362549,-6.959575391951379,-11.614953373787355,-16.63969390134659,28.254620495416937,6.95957529857746,-4.784842504634442e-6,-8.422489221732844,-13.911452159768306,-20.13738405637556,30.896115238048793,7.415951004144975,-5.015551852596404e-6,-6.85546875,-11.953125,-17.05078125,28.828125,6.50390625,0.615234375,-8.7890625,-17.578125,-30.76171875,43.9453125,13.18359375,0.0,9.7,10.3,16.9,-15.4,-5.6,3.2
1.2517321109771729,-7.019193977611044,-11.714451842249812,-16.782236364117427,28.496661197244155,7.0191938834372465,-4.8258314337953305e-6,-8.484630646191665,-14.014988795325035,-20.285958390778816,31.143535611382575,7.476533958818093,-5.057039367266568e-6,-6.943359375,-12.041015625,-17.138671875,29.00390625,6.591796875,0.615234375,-8.7890625,-17.578125,-30.76171875,43.9453125,13.18359375,0.0,9.7,10.4,17.7,-16.2,-4.7,3.2
1.2567322254180908,-7.078950503196859,-11.814180520993842,-16.925108628351516,28.73926191028542,7.078950408221331,-4.866915199319726e-6,-8.546844804614025,-14.118648702257167,-20.43470662528679,31.391398966814897,7.537234669092376,-5.098611526236586e-6,-6.943359375,-12.12890625,-17.314453125,29.267578125,6.6796875,0.615234375,-8.7890625,-17.578125,-30.76171875,48.33984375,13.18359375,0.0,9.7,10.4,17.6,-15.2,-5.5,3.2
1.261733055114746,-7.138845997102824,-11.91414112632363,-17.06831315284274,28.982426809634852,7.138845901323702,-4.9080945082483675e-6,-8.609135279928903,-14.222446716676815,-20.58363732634762,31.639714128056653,7.598054967826695,-5.140269443619094e-6,-7.03125,-12.216796875,-17.490234375,29.53125,6.767578125,0.615234375,-8.7890625,-21.97265625,-30.76171875,48.33984375,13.18359375,0.0,9.6,10.4,16.8,-13.6,-4.9,3.2
1.2667372226715088,-7.198914328558002,-12.014390183169823,-17.211930915750333,29.22629339825199,7.198914231972967,-4.949392646330412e-6,-8.671534559907876,-14.326428432583688,-20.732828169184856,31.888616502233724,7.659028379188309,-5.182036236145953e-6,-7.119140625,-12.3046875,-17.666015625,29.70703125,6.767578125,0.615234375,-13.18359375,-21.97265625,-30.76171875,48.33984375,13.18359375,0.0,9.6,11.2,16.8,-15.2,-4.9,3.2
1.271738052368164,-7.259067940215335,-12.114781565591347,-17.35575257564586,29.470506209104244,7.259067842823241,-4.9907494161986055e-6,-8.733954239593679,-14.430454814085026,-20.882067785813337,32.13774791078852,7.7200668271022845,-5.223851428257973e-6,-7.119140625,-12.392578125,-17.75390625,29.970703125,6.85546875,0.615234375,-13.18359375,-21.97265625,-30.76171875,48.33984375,13.18359375,0.0,10.4,11.2,17.6,-15.2,-4.7,3.2
1.276738166809082,-7.319340391966076,-12.215371282259737,-17.49985837109077,29.715201489295467,7.31934029376533,-5.032187890926388e-6,-8.7964265426053,-14.534571553984062,-21.031433219892513,32.38724258203458,7.781203539511651,-5.265737930577414e-6,-7.20703125,-12.568359375,-17.9296875,30.234375,6.943359375,0.615234375,-13.18359375,-21.97265625,-30.76171875,52.734375,13.18359375,0.0,9.6,10.4,16.7,-15.2,-4.7,3.2
1.2817389965057373,-7.379741612618866,-12.316175903532086,-17.644272040937995,29.960419547997468,7.379741513607741,-5.0737148967614725e-6,-8.85896434626278,-14.638807805589868,-21.180955259890304,32.63714631214721,7.842449399926407,-5.307703054081487e-6,-7.20703125,-12.65625,-18.017578125,30.498046875,6.943359375,0.615234375,-13.18359375,-21.97265625,-30.76171875,52.734375,13.18359375,0.0,10.5,10.4,17.5,-15.2,-5.7,3.2
1.2867391109466553,-7.440256310482754,-12.417169908846079,-17.78895702418454,30.20609830370379,7.440256210659726,-5.115319920370973e-6,-8.921549125353524,-14.743125343088389,-21.330589613755876,32.887390901253255,7.903788047864657,-5.349735741437232e-6,-7.294921875,-12.744140625,-18.10546875,30.673828125,7.03125,0.615234375,-13.18359375,-21.97265625,-30.76171875,52.734375,13.18359375,0.0,10.5,10.4,17.5,-14.4,-4.9,3.2
1.2917401790618896,-7.500897542174035,-12.518375088610037,-17.933944537978917,30.45229076392102,7.500897441537408,-5.1570119384307804e-6,-8.984196972160683,-14.847558008229665,-21.48037475663329,33.13803504545041,7.965233531352736,-5.391845473204226e-6,-7.3828125,-12.83203125,-18.369140625,31.025390625,7.119140625,0.615234375,-8.7890625,-21.97265625,-26.3671875,52.734375,13.18359375,0.0,9.7,10.4,16.7,-12.0,-3.9,3.2
1.296741008758545,-7.561652667527613,-12.619770347438116,-18.07920436086849,30.698945611859315,7.561652566075859,-5.198782260583248e-6,-9.04689211831309,-14.952072840252814,-21.630272987821748,33.38902153498151,8.02677218186954,-5.434023035938848e-6,-7.470703125,-13.0078125,-18.45703125,31.201171875,7.119140625,0.615234375,-8.7890625,-21.97265625,-26.3671875,48.33984375,13.18359375,0.0,9.7,9.6,17.7,-11.6,-5.5,3.2
1.301753044128418,-7.6226540589967575,-12.721576603961992,-18.225052983009526,30.946600255797264,7.6226539567265705,-5.240721895446743e-6,-9.10977356693289,-15.05690797045391,-21.7806166507867,33.640901582948295,8.08853883445924,-5.476360707732076e-6,-7.55859375,-13.095703125,-18.6328125,31.46484375,7.20703125,0.615234375,-8.7890625,-21.97265625,-26.3671875,48.33984375,13.18359375,0.0,9.5,10.4,16.9,-11.6,-4.9,3.2
1.306753158569336,-7.683621930843007,-12.823326919018882,-18.370821462866985,31.194118816113626,7.683621827754838,-5.2826384849220744e-6,-9.172550147394077,-15.1615718269977,-21.930709583791696,33.892514868430354,8.15024931603589,-5.5186638603667585e-6,-7.55859375,-13.18359375,-18.80859375,31.640625,7.294921875,0.615234375,-13.18359375,-21.97265625,-30.76171875,48.33984375,13.18359375,0.0,10.3,10.4,16.9,-14.7,-4.9,3.2
1.3117542266845703,-7.744705896468483,-12.925270984952336,-18.516867512093462,31.442108696228857,7.744705792560773,-5.324634891112949e-6,-9.235378874488188,-15.266332071857851,-22.080927194519262,34.14448423256946,8.212055994931083,-5.5610367764451135e-6,-7.646484375,-13.359375,-18.984375,31.904296875,7.294921875,0.615234375,-13.18359375,-21.97265625,-30.76171875,48.33984375,13.18359375,0.0,9.5,9.5,16.9,-16.3,-5.6,3.2
1.3167550563812256,-7.805893007365794,-13.027387191778821,-18.663160172018728,31.69051732753902,7.8058929026371615,-5.36670221167044e-6,-9.2982435849059,-15.371156187222885,-22.231230838008383,34.396751049002575,8.273944865456683,-5.603470015848875e-6,-7.734375,-13.447265625,-19.072265625,32.080078125,7.3828125,0.615234375,-13.18359375,-21.97265625,-30.76171875,39.55078125,13.18359375,0.0,9.5,9.5,16.7,-16.2,-4.8,3.2
1.3217551708221436,-7.867170562958779,-13.12965434329144,-18.809669076752947,31.939293147996242,7.867170457408009,-5.408831714703124e-6,-9.361134002904793,-15.476032248223834,-22.38159594591993,34.6492679995349,8.335903954340598,-5.645955212458731e-6,-7.822265625,-13.53515625,-19.248046875,32.34375,7.3828125,0.615234375,-13.18359375,-21.97265625,-30.76171875,39.55078125,13.18359375,0.0,9.6,9.5,16.7,-16.2,-5.6,3.2
1.3267560005187988,-7.928557471817173,-13.232103996322827,-18.95643943491802,32.18851292298231,7.928557365442799,-5.451036400217912e-6,-9.424066700910087,-15.580983049986738,-22.53206214137274,34.90210780867386,8.397951479690354,-5.68850501969129e-6,-7.822265625,-13.623046875,-19.3359375,32.607421875,7.470703125,0.615234375,-13.18359375,-21.97265625,-26.3671875,39.55078125,8.7890625,0.0,10.4,10.3,17.5,-16.8,-5.6,3.2
1.3317561149597168,-7.9900295270438235,-13.334695751571878,-19.103413370086688,32.438078376861995,7.990029419844702,-5.493299625505459e-6,-9.48701962404265,-15.6859762847973,-22.68257669321341,35.15517579878091,8.46006384382605,-5.731103098850616e-6,-7.91015625,-13.7109375,-19.51171875,32.87109375,7.55859375,0.615234375,-13.18359375,-21.97265625,-26.3671875,39.55078125,8.7890625,0.0,9.6,10.5,16.7,-16.0,-5.6,3.2
1.3367562294006348,-8.051596660407416,-13.437446184335759,-19.250614628189062,32.68802983082438,8.051596552382271,-5.5356282188485666e-6,-9.550000123659308,-15.791020116715405,-22.833157177848577,35.40850768612464,8.522250185384612,-5.7737558780712e-6,-7.998046875,-13.798828125,-19.599609375,33.134765625,7.646484375,0.615234375,-13.18359375,-21.97265625,-26.3671875,52.734375,8.7890625,0.0,9.6,10.5,17.7,-16.0,-4.8,3.2
1.34175705909729,-8.113261246937512,-13.540359258341578,-19.398048887698707,32.93837692706097,8.113261138085038,-5.578023813125933e-6,-9.613013382908033,-15.896126912643762,-22.98381598770034,35.66211825594846,8.584513770852752,-5.816465441779848e-6,-8.0859375,-13.88671875,-19.775390625,33.3984375,7.734375,0.615234375,-13.18359375,-17.578125,-26.3671875,52.734375,8.7890625,0.0,9.6,10.5,17.7,-16.8,-4.8,3.2
1.346757173538208,-8.175006583359732,-13.643407097211501,-19.54567621264868,33.189051853291275,8.175006473678845,-5.620474924513801e-6,-9.676039499217046,-16.001260134944136,-23.13450553758085,35.91593361362786,8.64683683328873,-5.859219764392876e-6,-8.0859375,-14.0625,-19.951171875,33.662109375,7.822265625,0.615234375,-13.18359375,-17.578125,-30.76171875,52.734375,17.578125,0.0,9.6,9.7,17.7,-16.0,-4.8,3.2
1.3517580032348633,-8.236844080164325,-13.746608744106183,-19.69352388445404,33.44010093404711,8.236843969653789,-5.662989397944608e-6,-9.739092895634434,-16.10644680765127,-23.285260311649246,36.1700057191008,8.709231764938536,-5.902027189700492e-6,-8.173828125,-14.150390625,-20.126953125,33.92578125,7.822265625,0.615234375,-13.18359375,-17.578125,-30.76171875,52.734375,17.578125,0.0,9.6,10.4,16.9,-16.0,-4.7,3.2
1.3567581176757812,-8.29875676265124,-13.84993586966089,-19.841551318194462,33.69145525510872,8.298756651310045,-5.705555562984205e-6,-9.802153428073696,-16.21165074285092,-23.43603214727858,36.424259625550604,8.771680535846567,-5.944875509702638e-6,-8.26171875,-14.23828125,-20.302734375,34.189453125,7.91015625,0.615234375,-13.18359375,-17.578125,-30.76171875,52.734375,17.578125,0.0,9.6,10.4,16.7,-16.8,-4.7,3.2
1.3617582321166992,-8.360747417903822,-13.95339312528628,-19.98976517752556,33.94312613153166,8.360747305730923,-5.748175335806227e-6,-9.865226732374396,-16.316883545259813,-23.586834519234188,36.67871187409084,8.834186839307728,-5.987767099711467e-6,-8.26171875,-14.326171875,-20.390625,34.453125,7.998046875,0.615234375,-13.18359375,-21.97265625,-30.76171875,52.734375,17.578125,0.0,9.6,10.4,17.5,-15.2,-4.8,3.2
1.3667590618133545,-8.42282541601079,-14.056996148882279,-20.138187865453176,34.19515160418565,8.422825303005014,-5.7908551585276465e-6,-9.928319494291532,-16.422154552263326,-23.737683412531013,36.9333956992149,8.896759216893061,-6.030707983623634e-6,-8.349609375,-14.501953125,-20.56640625,34.8046875,7.998046875,0.615234375,-13.18359375,-21.97265625,-30.76171875,52.734375,8.7890625,0.0,9.6,9.5,17.5,-13.3,-5.6,3.2
1.3717620372772217,-8.485002728092438,-14.16076491925453,-20.28684800380639,34.44758027365933,8.485002614252453,-5.833603261524885e-6,-9.991446614771089,-16.527490068590957,-23.888614453937365,37.18836519621574,8.959410597550164,-6.073706878699099e-6,-8.4375,-14.58984375,-20.7421875,34.98046875,8.0859375,0.615234375,-13.18359375,-21.97265625,-30.76171875,52.734375,8.7890625,0.0,9.6,9.5,16.7,-14.1,-4.9,3.2
1.376763105392456,-8.547229263844327,-14.264615839844652,-20.435625831351746,34.70020878235362,8.547229149169473,-5.876385206746161e-6,-10.054554380331743,-16.63279941349947,-24.039499219542698,37.44340971401035,9.022089599113134,-6.1167286837538045e-6,-8.4375,-14.677734375,-20.830078125,35.244140625,8.0859375,0.615234375,-13.18359375,-21.97265625,-30.76171875,52.734375,8.7890625,0.0,10.4,10.3,17.7,-15.2,-5.7,3.2
1.381763219833374,-8.609511159544533,-14.36855915159117,-20.584536019356257,34.953062042450426,8.609511044034067,-5.919205213001167e-6,-10.117651897518922,-16.738098447599832,-24.190359482245487,37.69855965971705,9.084803312629504,-6.159778101951141e-6,-8.525390625,-14.765625,-21.005859375,35.5078125,8.173828125,0.615234375,-13.18359375,-21.97265625,-30.76171875,52.734375,8.7890625,0.0,9.6,10.3,17.7,-15.2,-5.6,3.2
1.3867640495300293,-8.671869263147924,-14.472629647999442,-20.733628413330297,35.2062246928853,8.671869146800823,-5.962077613661554e-6,-10.180757422415166,-16.843417357533855,-24.34123889063176,37.95389518044096,9.147571818157981,-6.202869081081423e-6,-8.61328125,-14.853515625,-21.181640625,35.68359375,8.26171875,0.615234375,-13.18359375,-21.97265625,-30.76171875,52.734375,13.18359375,0.0,9.6,10.3,16.9,-17.0,-4.8,3.2
1.3917651176452637,-8.73429218555964,-14.576808321615957,-20.88287578301318,35.45965049598783,8.734292068375037,-6.004994578504624e-6,-10.24386224920279,-16.948741500584497,-24.492116629905613,38.20937478366973,9.210384541997888,-6.245994201696141e-6,-8.701171875,-14.94140625,-21.26953125,35.947265625,8.349609375,0.615234375,-13.18359375,-21.97265625,-30.76171875,52.734375,13.18359375,0.0,9.6,10.5,17.7,-16.2,-4.8,3.2
1.3967680931091309,-8.79680063710556,-14.681129736254718,-21.032327644857244,35.713423531944684,8.796800519082304,-6.0479703462794355e-6,-10.30698439015206,-17.05410145669004,-24.643035765720732,38.465077860173395,9.273261392199995,-6.28916729950761e-6,-8.701171875,-15.1171875,-21.4453125,36.298828125,8.4375,0.615234375,-13.18359375,-21.97265625,-30.76171875,52.734375,13.18359375,0.0,9.6,9.7,17.6,-16.0,-4.8,3.2
1.4017691612243652,-8.859341693276358,-14.785505565304767,-21.1818574613102,35.96732893679626,8.859341574414014,-6.090968530363603e-6,-10.37007326697018,-17.159411887897168,-24.79387537010915,38.720793139743876,9.336150037641382,-6.332352279109172e-6,-8.7890625,-15.205078125,-21.62109375,36.474609375,8.525390625,0.615234375,-13.18359375,-21.97265625,-30.76171875,52.734375,13.18359375,0.0,9.6,10.5,16.8,-16.8,-4.8,3.2
1.406771183013916,-8.921950745177034,-14.889994873581301,-21.331549849194325,36.22151039204384,8.921950625474688,-6.134013462825384e-6,-10.433161687862587,-17.26472888000866,-24.944713884421816,38.97666001320886,9.39908514415797,-6.375573111037681e-6,-8.876953125,-15.205078125,-21.708984375,36.826171875,8.525390625,0.615234375,-13.18359375,-21.97265625,-30.76171875,52.734375,13.18359375,0.0,9.6,11.3,17.6,-15.2,-4.8,3.2
1.4117751121520996,-8.984634703123783,-14.994609193828186,-21.48142133042938,36.47599595232447,8.98463458258043,-6.177109894640634e-6,-10.496259469366501,-17.370067086808263,-25.0955747790812,39.23271192782182,9.46207455973609,-6.418835022163631e-6,-8.96484375,-15.380859375,-21.884765625,37.08984375,8.61328125,0.615234375,-13.18359375,-21.97265625,-26.3671875,52.734375,13.18359375,0.0,9.6,10.4,17.6,-15.2,-5.5,3.2
1.4167752265930176,-9.047321281529664,-15.099227887403742,-21.631299076937147,36.730492151196415,9.04732116014527,-6.2202081280721494e-6,-10.55929092963309,-17.475302318735746,-25.2462771058645,39.48864824661717,9.525044715955303,-6.462087652299708e-6,-8.96484375,-15.46875,-22.060546875,37.353515625,8.61328125,0.615234375,-13.18359375,-21.97265625,-26.3671875,52.734375,13.18359375,0.0,9.6,10.4,16.7,-15.2,-5.5,3.2
1.4217760562896729,-9.110062354348903,-15.203937527629732,-21.781307114490932,36.98520958755511,9.110062232122736,-6.263343827465397e-6,-10.622311250081822,-17.580524111085882,-25.396952798385115,39.7446862775044,9.588048677043718,-6.5053672773755475e-6,-9.052734375,-15.64453125,-22.1484375,37.6171875,8.701171875,0.615234375,-13.18359375,-17.578125,-26.3671875,52.734375,13.18359375,0.0,9.6,9.6,17.5,-15.2,-5.6,3.2
1.42677903175354,-9.172875102759578,-15.308766788465553,-21.931486521680725,37.24021801388385,9.172874979690677,-6.306528805212155e-6,-10.685334650716502,-17.68575922072389,-25.54763585534227,40.00089055158494,9.651102727595545,-6.548685258310269e-6,-9.140625,-15.732421875,-22.32421875,37.880859375,8.7890625,0.615234375,-13.18359375,-17.578125,-30.76171875,52.734375,13.18359375,0.0,9.6,10.4,17.5,-15.2,-5.6,3.2
1.4317810535430908,-9.235715978106303,-15.413642990821849,-22.08173317774418,37.4953406304985,9.235715854194291,-6.3497331207707155e-6,-10.748320396014186,-17.790936186108382,-25.698228881910204,40.257088843816746,9.714164087653701,-6.592012036255765e-6,-9.228515625,-15.8203125,-22.5,38.14453125,8.876953125,0.615234375,-13.18359375,-17.578125,-30.76171875,52.734375,13.18359375,0.0,8.8,10.4,17.5,-15.2,-5.7,3.2
1.4367811679840088,-9.298571932216161,-15.518544358381604,-22.232015885720113,37.750524464171065,9.298571807460835,-6.392947803270171e-6,-10.811252451173232,-17.8960321101961,-25.84869354037776,40.51322252159363,9.777218720106045,-6.635338136881813e-6,-9.228515625,-15.908203125,-22.587890625,38.3203125,8.876953125,0.615234375,-13.18359375,-17.578125,-30.76171875,52.734375,13.18359375,0.0,9.6,10.4,17.5,-15.2,-5.7,3.2
1.441781997680664,-9.36147149099473,-15.623518498512302,-22.382402848381012,38.00588532493174,9.361471365395502,-6.436192464821577e-6,-10.874162423782968,-18.001095450977218,-25.99910540153508,40.76941339258809,9.840296205320483,-6.6786837111296706e-6,-9.31640625,-15.99609375,-22.763671875,38.583984375,8.96484375,0.615234375,-13.18359375,-21.97265625,-30.76171875,52.734375,13.18359375,0.0,9.5,10.4,17.6,-12.8,-5.6,3.2
1.446782112121582,-9.424395387468719,-15.728533256235544,-22.532848000195607,38.26134499234501,9.424395261025268,-6.479453859008666e-6,-10.93702801510166,-18.106093717505257,-26.14941115117606,41.02557741249957,9.90337625543856,-6.722034991854252e-6,-9.404296875,-16.171875,-22.939453125,38.84765625,9.052734375,0.615234375,-13.18359375,-21.97265625,-30.76171875,52.734375,13.18359375,0.0,8.7,9.5,16.8,-11.6,-5.6,3.2
1.4517822265625,-9.487348429964765,-15.833596656249178,-22.68336283742319,38.516922987349524,9.487348302676699,-6.522735291648866e-6,-10.999857075323247,-18.211034839796945,-26.299629558380264,41.281739722807664,9.966464655111546,-6.765395780078369e-6,-9.404296875,-16.259765625,-23.115234375,39.0234375,9.140625,0.615234375,-13.18359375,-21.97265625,-30.76171875,52.734375,13.18359375,0.0,9.5,9.5,16.8,-12.4,-4.8,3.2
1.4567830562591553,-9.550338102268611,-15.93872118837012,-22.8339652530956,38.772649692765214,9.550337974135436,-6.566041907989425e-6,-11.062654030697757,-18.315931814424633,-26.44977120589755,41.537925178464974,10.029567932961069,-6.808770738176018e-6,-9.4921875,-16.34765625,-23.291015625,39.287109375,9.228515625,0.615234375,-13.18359375,-21.97265625,-30.76171875,43.9453125,13.18359375,0.0,9.5,10.3,16.8,-14.6,-4.0,3.2
1.4617831707000732,-9.613342446354565,-16.04387020647699,-22.984602747626923,39.02843596296929,9.613342317376087,-6.609358611463567e-6,-11.125400027602337,-18.42074711378662,-26.599791016478886,41.79405002559332,10.092665053210926,-6.852145232828879e-6,-9.580078125,-16.5234375,-23.466796875,39.462890625,9.228515625,0.615234375,-13.18359375,-21.97265625,-30.76171875,43.9453125,13.18359375,0.0,9.7,9.5,16.8,-17.0,-4.7,3.2
1.4667840003967285,-9.676377706376053,-16.149070820712865,-23.135314159268837,39.284347746294,9.676377576551854,-6.652696570240521e-6,-11.188108212332748,-18.525509160324482,-26.749720421687982,42.05017472200006,10.15577131599444,-6.895529956457404e-6,-9.66796875,-16.611328125,-23.642578125,39.7265625,9.31640625,0.615234375,-13.18359375,-21.97265625,-30.76171875,43.9453125,13.18359375,0.0,8.9,9.6,16.8,-17.3,-4.7,3.2
1.4717841148376465,-9.739422158146153,-16.254286775213842,-23.28604754752207,39.54029684645977,9.73942202747611,-6.696040848522184e-6,-11.250760021039456,-18.63018004279528,-26.899515037096698,42.306216570372506,10.218865938161962,-6.938910446092945e-6,-9.66796875,-16.69921875,-23.73046875,39.990234375,9.31640625,0.615234375,-13.18359375,-21.97265625,-30.76171875,43.9453125,13.18359375,0.0,9.7,9.6,16.8,-16.5,-5.7,3.2
1.4767842292785645,-9.802482781941352,-16.359529719481714,-23.43681960157491,39.7963116021298,9.80248265042525,-6.73939624538346e-6,-11.313359369672373,-18.734773626521676,-27.049184225375065,42.56219835922088,10.281954940553081,-6.982291015643302e-6,-9.755859375,-16.787109375,-23.90625,40.25390625,9.404296875,0.615234375,-13.18359375,-21.97265625,-30.76171875,43.9453125,13.18359375,0.0,9.7,10.4,16.9,-14.9,-4.9,3.2
1.4817850589752197,-9.8655651585324,-16.4648089673594,-23.587643664528294,40.0524146702265,9.865565026169945,-6.782766597712034e-6,-11.37591484115882,-18.83929649451531,-27.198748507499612,42.818148307995,10.345044870829641,-7.025675992620734e-6,-9.755859375,-16.875,-23.994140625,40.4296875,9.4921875,0.615234375,-13.18359375,-21.97265625,-30.76171875,43.9453125,13.18359375,0.0,9.6,9.6,16.9,-14.9,-4.8,3.2
1.4867870807647705,-9.928673019275484,-16.570130746170513,-23.738528657705917,40.3086211993828,9.928672886066336,-6.826154470887354e-6,-11.43842705756363,-18.943757882828105,-27.34820937076919,43.074075889043485,10.408138477211285,-7.0690674446513004e-6,-9.84375,-16.962890625,-24.169921875,40.78125,9.4921875,0.615234375,-8.7890625,-21.97265625,-26.3671875,43.9453125,8.7890625,0.0,9.6,10.5,16.9,-16.0,-5.6,3.2
1.4917871952056885,-9.991764066052408,-16.67542446386842,-23.889373450262898,40.56475946686995,9.991763931996791,-6.869530784136181e-6,-11.500857207427352,-19.048084281930112,-27.497474020613907,43.32981521522367,10.471194450006378,-7.112436784325163e-6,-9.931640625,-17.05078125,-24.2578125,40.95703125,9.580078125,0.615234375,-8.7890625,-21.97265625,-26.3671875,43.9453125,8.7890625,0.0,9.6,10.5,17.7,-16.8,-4.8,3.2
1.4967880249023438,-10.054868843291883,-16.780741096568086,-24.040251071071758,40.82095347755791,10.054868708389616,-6.912916537343212e-6,-11.563232483208992,-19.152330232631066,-27.6466074716602,43.58548451394471,10.534242347387629,-7.155804516760152e-6,-10.01953125,-17.2265625,-24.43359375,41.220703125,9.66796875,0.615234375,-8.7890625,-21.97265625,-26.3671875,57.12890625,8.7890625,0.0,8.8,9.7,16.7,-16.8,-4.8,3.2
1.5017950534820557,-10.118053613870002,-16.88619123150692,-24.191319948472326,41.07747224676893,10.118053478120009,-6.956357287515614e-6,-11.62562135177258,-19.256600590343076,-27.795773421776932,43.84135768417418,10.59734931432821,-7.199216657050729e-6,-10.01953125,-17.314453125,-24.521484375,41.484375,9.66796875,0.615234375,-8.7890625,-21.97265625,-26.3671875,57.12890625,8.7890625,0.0,9.6,9.7,17.5,-16.8,-5.6,3.2
1.50679612159729,-10.181162130158665,-16.991514104369173,-24.342206508998125,41.333681437322014,10.181161993561972,-6.999745611391181e-6,-11.687866419618743,-19.36064240747735,-27.944595557826567,44.09679624850233,10.660358299819368,-7.242565347839644e-6,-10.107421875,-17.490234375,-24.697265625,41.8359375,9.755859375,0.615234375,-13.18359375,-21.97265625,-30.76171875,57.12890625,13.18359375,0.0,9.6,9.5,17.5,-16.0,-5.6,3.2
1.5117971897125244,-10.244266931044848,-17.096830776533224,-24.493084186344053,41.589875544011335,10.2442667936015,-7.0431313808557805e-6,-11.750042531507521,-19.464570109811373,-28.093252826630874,44.3520998551178,10.72334277509528,-7.28590094566006e-6,-10.1953125,-17.578125,-24.873046875,42.01171875,9.84375,0.615234375,-13.18359375,-21.97265625,-30.76171875,57.12890625,13.18359375,0.0,9.6,9.5,17.5,-16.8,-4.7,3.2
1.5167992115020752,-10.307376979999283,-17.202156207287363,-24.64397441133037,41.84609095691093,10.30737684170921,-7.086520758468667e-6,-11.812155347741848,-19.56840431803905,-28.241758761444807,44.607298923988836,10.786310672139756,-7.329229091644098e-6,-10.1953125,-17.666015625,-25.048828125,42.36328125,9.931640625,0.615234375,-13.18359375,-21.97265625,-30.76171875,48.33984375,13.18359375,0.0,10.4,9.5,17.6,-16.0,-4.7,3.2
1.5218000411987305,-10.370462796285238,-17.307441195730203,-24.794806698272595,42.10220798954838,10.370462657148767,-7.129893475653927e-6,-11.874179066448724,-19.67209024516885,-28.390051672403025,44.86228012757611,10.849233596555301,-7.372530062455819e-6,-10.283203125,-17.75390625,-25.13671875,42.5390625,9.931640625,0.615234375,-13.18359375,-21.97265625,-30.76171875,48.33984375,13.18359375,0.0,9.7,9.5,17.6,-16.8,-5.7,3.2
1.5268001556396484,-10.433527063733905,-17.412690220953127,-24.945587463960123,42.358237537794146,10.433526923751328,-7.173251377597341e-6,-11.936113188528473,-19.77563918486196,-28.538130366204875,45.11704852950605,10.912113221127262,-7.415805191113936e-6,-10.37109375,-17.841796875,-25.3125,42.890625,10.01953125,0.615234375,-8.7890625,-21.97265625,-30.76171875,48.33984375,13.18359375,0.0,9.7,9.5,17.6,-15.0,-4.9,3.2
1.5318031311035156,-10.496612745494016,-17.517974984883505,-25.096419429263634,42.61435402428094,10.496612604665042,-7.216624002293483e-6,-11.998003103275611,-19.879114407343245,-28.686103364408723,45.37178354791233,10.97499339810313,-7.4590844733241055e-6,-10.458984375,-18.017578125,-25.48828125,43.154296875,10.107421875,0.615234375,-8.7890625,-21.97265625,-30.76171875,48.33984375,13.18359375,0.0,9.7,9.5,17.6,-14.2,-4.8,3.2
1.53680419921875,-10.559656097608382,-17.623189104150388,-25.24715018834285,42.87029866004282,10.559655955933579,-7.259967524540589e-6,-12.05978305529348,-19.982419082852935,-28.83381345201063,45.62622185330177,11.037809560528467,-7.502323655616536e-6,-10.458984375,-18.10546875,-25.6640625,43.41796875,10.1953125,0.615234375,-8.7890625,-21.97265625,-30.76171875,52.734375,13.18359375,0.0,10.5,9.5,16.8,-14.4,-4.8,3.2
1.5418050289154053,-10.622676316729251,-17.728364616372193,-25.397825638598015,43.126149380024586,10.62267617420893,-7.303295142407856e-6,-12.121475171304276,-20.085576574190682,-28.981313531934074,45.88044699646661,11.100581888976908,-7.545536437778755e-6,-10.546875,-18.28125,-25.83984375,43.76953125,10.283203125,0.615234375,-8.7890625,-21.97265625,-30.76171875,52.734375,13.18359375,0.0,9.6,8.7,16.8,-15.2,-4.8,3.2
1.547438144683838,-10.693635836385994,-17.846790161872075,-25.567483213949565,43.41423222783122,10.693635692913636,-7.352081182739379e-6,-12.190857769416844,-20.201607666252144,-29.147200835347505,46.166549620349095,11.1712362885481,-7.594179997558834e-6,-10.634765625,-18.369140625,-26.015625,44.033203125,10.283203125,0.615234375,-17.578125,-21.97265625,-30.76171875,52.734375,13.18359375,0.0,9.6,8.9,16.8,-15.2,-4.7,3.2
1.5524420738220215,-10.756641670093117,-17.95194166603297,-25.71812427002579,43.67002454562851,10.756641525775434,-7.395398910356847e-6,-12.252393076575427,-20.304519854695783,-29.294325999970088,46.4204542874631,11.23394875315431,-7.637359836564718e-6,-10.72265625,-18.369140625,-26.015625,44.12109375,10.37109375,0.615234375,-17.578125,-21.97265625,-30.76171875,52.734375,13.18359375,0.0,8.8,9.7,17.6,-16.0,-4.7,3.2
1.5574450492858887,-10.819605956703136,-18.057023831539063,-25.868665990878338,43.92564818970716,10.819605811540686,-7.438688073542583e-6,-12.313820664365869,-20.407259954341566,-29.44119361765739,46.67406803536406,11.296598436947473,-7.680500341460754e-6,-10.810546875,-18.544921875,-26.19140625,44.384765625,10.458984375,0.615234375,-17.578125,-21.97265625,-30.76171875,52.734375,13.18359375,0.0,8.8,8.9,17.7,-13.4,-3.9,3.2
1.562446117401123,-10.88251417966666,-18.16201243147494,-26.019073668795194,44.18104422549564,10.882514033660197,-7.4819386918884945e-6,-12.375127069928581,-20.509802629693528,-29.58777149997117,46.92733365998581,11.359171114985601,-7.72359167690554e-6,-10.810546875,-18.6328125,-26.3671875,44.6484375,10.458984375,0.615234375,-17.578125,-21.97265625,-30.76171875,52.734375,13.18359375,0.0,9.4,8.9,16.9,-11.0,-3.9,3.2
1.567446231842041,-10.945375299113199,-18.266922419552657,-26.169368726608067,44.43624902950323,10.945375152263352,-7.525156925656685e-6,-12.43632053363419,-20.61216443826697,-29.73407934886696,47.18028631088295,11.421675538574474,-7.76663989860539e-6,-10.810546875,-18.720703125,-26.54296875,44.912109375,10.458984375,0.615234375,-8.7890625,-21.97265625,-30.76171875,52.734375,8.7890625,0.0,9.4,8.9,16.9,-8.3,-3.9,3.2
1.5724530220031738,-11.008282661301198,-18.371909582925667,-26.319774346491148,44.69164157069839,11.008282513607348,-7.568406952202798e-6,-12.497492415664878,-20.714495433963165,-29.88033559799634,47.43330249530252,11.484204676659363,-7.8097090084371e-6,-10.8984375,-18.80859375,-26.630859375,45.087890625,10.546875,0.615234375,-8.7890625,-21.97265625,-30.76171875,52.734375,8.7890625,0.0,9.4,8.7,16.9,-6.7,-3.2,3.2
1.5774540901184082,-11.071077404265509,-18.47670879416676,-26.469910704342553,44.946576898163286,11.071077255729165,-7.611579550857409e-6,-12.558487722320631,-20.816539022423378,-30.026169671917614,47.68574229747093,11.546600454003581,-7.852690156989811e-6,-10.986328125,-18.984375,-26.806640625,45.17578125,10.546875,0.615234375,-8.7890625,-21.97265625,-30.76171875,43.9453125,8.7890625,0.0,8.6,7.9,15.8,-6.0,-3.2,3.2
1.5824551582336426,-11.133828952223283,-18.58143591652906,-26.61994378697294,45.20133686169459,11.133828802845027,-7.654722452110725e-6,-12.619374547947517,-20.918406515572293,-30.17174437784403,47.937886002346055,11.608932060169106,-7.895630967481512e-6,-11.07421875,-19.072265625,-26.982421875,45.3515625,10.546875,0.615234375,-8.7890625,-17.578125,-30.76171875,43.9453125,8.7890625,0.0,8.0,7.1,15.0,-4.4,-3.1,3.2
1.5874590873718262,-11.196570082285401,-18.68614565228866,-26.76995196138909,45.456054530449045,11.196569932065373,-7.697858190859557e-6,-12.680184199709553,-21.02015282656263,-30.317134568276906,48.18986438003582,11.67123189029068,-7.93855378656129e-6,-11.07421875,-19.16015625,-27.158203125,45.3515625,10.546875,0.615234375,-13.18359375,-17.578125,-30.76171875,43.9453125,4.39453125,0.0,8.0,7.1,14.2,-4.6,-3.1,3.2
1.592461109161377,-11.259238514556673,-18.790734061472495,-26.91978632218605,45.71047705928828,11.259238363495847,-7.740943948473042e-6,-12.740856798125613,-21.121675298155402,-30.462197076976807,48.44142817408904,11.733438252629425,-7.981416082789576e-6,-11.162109375,-19.248046875,-27.24609375,45.439453125,10.546875,0.615234375,-13.18359375,-17.578125,-30.76171875,43.9453125,4.39453125,0.0,7.2,6.2,14.2,-3.8,-3.2,3.2
1.597461223602295,-11.321831227172932,-18.89519610084023,-27.069439644369183,45.96459217998895,11.321831075272325,-7.783977647361199e-6,-12.801389108478537,-21.22297088405133,-30.60692417003751,48.69256466518346,11.795548044581539,-8.024215736873786e-6,-11.162109375,-19.3359375,-27.421875,45.439453125,10.546875,0.615234375,-13.18359375,-17.578125,-30.76171875,17.578125,4.39453125,0.0,7.2,5.4,12.4,-4.0,-3.2,3.2
1.6024620532989502,-11.384378605640604,-18.999582481278722,-27.218984576842693,46.21852325222519,11.38437845290082,-7.826980178146579e-6,-12.861811004546288,-21.324087213778498,-30.751387272868342,48.943396646478206,11.857591569046944,-8.066973602533055e-6,-11.25,-19.423828125,-27.509765625,45.52734375,10.546875,0.615234375,-13.18359375,-21.97265625,-30.76171875,17.578125,4.39453125,0.0,6.1,4.6,12.4,-3.2,-3.2,3.2
1.6074631214141846,-11.446871582787246,-19.10387807043016,-27.36839944084526,46.47223346491277,11.44687142920902,-7.869945306973002e-6,-12.92211334867106,-21.425011350901954,-30.895564538184026,49.19388703872998,11.919559706558518,-8.109683417583143e-6,-11.337890625,-19.51171875,-27.685546875,45.52734375,10.546875,0.615234375,-13.18359375,-21.97265625,-26.3671875,17.578125,0.0,0.0,5.3,3.6,10.8,-3.2,-4.0,3.2
1.612464189529419,-11.509304738552565,-19.208073822664012,-27.517671277519575,46.725700813584695,11.509304584136695,-7.91286930744433e-6,-12.982291357224307,-21.52573292453495,-31.039444528776077,49.444014918737864,11.981447220961485,-8.152341547671428e-6,-11.337890625,-19.599609375,-27.7734375,45.52734375,10.546875,0.615234375,-13.18359375,-21.97265625,-26.3671875,17.578125,0.0,0.0,5.3,2.8,10.8,-4.0,-4.8,3.2
1.6174662113189697,-11.57168686639428,-19.312184413530968,-27.666821111200708,46.97896099809289,11.571686711141453,-7.955758225232587e-6,-13.04235315201147,-21.626267856928557,-31.183046663121758,49.69381484337226,12.043262711281812,-8.194953941153392e-6,-11.42578125,-19.6875,-27.861328125,45.52734375,10.546875,0.615234375,-13.18359375,-21.97265625,-26.3671875,0.0,0.0,0.0,4.5,2.0,10.1,-6.7,-8.0,3.2
1.622467041015625,-11.633988788251147,-19.416161147269882,-27.815779179872937,47.23189556077276,11.63398863216244,-7.9985919998571e-6,-13.10227107265449,-21.726567551066584,-31.326304807843925,49.94317074954883,12.104977398382815,-8.237500734508635e-6,-11.42578125,-19.775390625,-27.94921875,45.52734375,10.546875,0.615234375,-13.18359375,-13.18359375,-26.3671875,0.0,0.0,0.0,5.4,2.0,9.3,-11.5,-11.1,3.2
1.627467155456543,-11.696213393523117,-19.520008846049333,-27.964552391821346,47.48451623206686,11.696213236599569,-8.041372617836143e-6,-13.16204763252705,-21.82663845769956,-31.469224972184012,50.1920936918505,12.16659405508271,-8.279983855385199e-6,-11.42578125,-19.775390625,-28.125,45.615234375,10.72265625,0.615234375,-4.39453125,-13.18359375,-21.97265625,0.0,4.39453125,0.0,5.4,2.0,8.5,-18.1,-9.5,3.2
1.6324682235717773,-11.75837904331229,-19.623758153023935,-28.113184646723912,47.73689755473711,11.758378885554688,-8.084112702782051e-6,-13.221700875572104,-21.926508526415233,-31.611850297522146,50.440657847885845,12.228130988276854,-8.32241590281833e-6,-11.42578125,-19.86328125,-28.212890625,45.703125,10.8984375,0.615234375,-4.39453125,-13.18359375,-21.97265625,0.0,4.39453125,0.0,6.2,2.1,8.5,-23.7,-7.2,3.2
1.6374690532684326,-11.820467810928804,-19.727379150037024,-28.26163308354169,47.98896674965691,11.820467652338182,-8.126799929749295e-6,-13.281213299822781,-22.02615069774158,-31.754138938292325,50.68879096564936,12.289570352146596,-8.364784589504815e-6,-11.42578125,-19.951171875,-28.30078125,45.87890625,11.07421875,0.615234375,-4.39453125,-13.18359375,-21.97265625,8.7890625,4.39453125,0.0,7.0,2.1,8.6,-26.8,-5.6,3.2
1.6424691677093506,-11.882471416564336,-19.83085801877609,-28.4098779060273,48.240690202298204,11.882471257141834,-8.169428606209727e-6,-13.340577387110596,-22.125550134820678,-31.896072919256802,50.93646070513779,12.35090408277772,-8.40708433068563e-6,-11.42578125,-20.0390625,-28.388671875,46.142578125,11.25,0.615234375,-4.39453125,-17.578125,-21.97265625,8.7890625,4.39453125,0.0,8.3,2.1,8.6,-26.8,-3.6,3.2
1.6474699974060059,-11.944404504315113,-19.934219199021634,-28.557954126845303,48.492127365049726,11.944404344061677,-8.212008800262352e-6,-13.399806889959281,-22.224732095323446,-32.03768512141367,51.18372504548761,12.412146575638078,-8.449325070657526e-6,-11.42578125,-20.126953125,-28.4765625,46.494140625,11.337890625,0.615234375,0.0,-17.578125,-17.578125,8.7890625,35.15625,0.0,9.1,2.1,8.6,-22.0,-2.8,3.2
1.6524701118469238,-12.006247001969285,-20.03742919191897,-28.705813755214336,48.743196748352645,12.006246840886135,-8.254526711873836e-6,-13.458883003730865,-22.323662836520235,-32.178930584632184,51.430504549805995,12.473278103056007,-8.49149318034619e-6,-11.513671875,-20.21484375,-28.564453125,46.93359375,11.42578125,0.615234375,0.0,-17.578125,-17.578125,61.5234375,35.15625,0.0,9.1,2.5,9.4,-18.0,-2.1,3.2
1.6574711799621582,-12.068016447027075,-20.140517266099568,-28.853498721657303,48.99396955129385,12.068016285115187,-8.296994398414309e-6,-13.517822222195576,-22.422372219338328,-32.31984874397443,51.676868700776545,12.534315913250635,-8.533600573200796e-6,-11.513671875,-20.21484375,-28.65234375,47.28515625,11.42578125,0.615234375,0.0,-17.578125,-17.578125,61.5234375,35.15625,0.0,9.1,3.3,9.7,-14.4,-2.1,3.2
1.6624720096588135,-12.129695762524152,-20.243454921528112,-29.000968196749547,49.244376444479094,12.129695599784737,-8.339400119140964e-6,-13.576608619308974,-22.520831326544098,-32.460401521757575,51.922750045759855,12.595243244892352,-8.575635665298387e-6,-11.6015625,-20.302734375,-28.740234375,47.4609375,11.42578125,0.615234375,0.0,-8.7890625,-17.578125,61.5234375,35.15625,0.0,9.0,4.1,10.5,-12.8,-2.3,3.2
1.6674730777740479,-12.19128773821946,-20.346246814080608,-29.148228850543788,49.49442875382636,12.191287574653687,-8.38174579206695e-6,-13.635244619214534,-22.61904641730296,-32.60059471388195,52.16815925073498,12.656062773793975,-8.617600317078439e-6,-11.6015625,-20.302734375,-28.828125,47.8125,11.42578125,0.615234375,-8.7890625,-8.7890625,-17.578125,61.5234375,4.39453125,0.0,9.0,4.9,10.5,-9.8,-2.3,3.2
1.6724741458892822,-12.252787106425496,-20.44888415242406,-29.29526808849186,49.74410509347476,12.252786942034612,-8.424027795555368e-6,-13.693725569245196,-22.71700752255143,-32.74041719625573,52.413075973178046,12.716769409661739,-8.65949099566984e-6,-11.689453125,-20.390625,-28.916015625,48.076171875,11.42578125,0.615234375,-8.7890625,-8.7890625,-17.578125,57.12890625,4.39453125,0.0,8.2,5.0,11.3,-7.4,-2.4,3.2
1.677476167678833,-12.314202495568995,-20.551381336686152,-29.442106540355134,49.99344049328015,12.314202330354126,-8.466252061816257e-6,-13.752059446690579,-22.814730105275427,-32.87988804183237,52.65753413252086,12.777371591935749,-8.701313538662674e-6,-11.689453125,-20.478515625,-29.00390625,48.1640625,11.42578125,0.615234375,-8.7890625,-8.7890625,-17.578125,57.12890625,4.39453125,0.0,9.0,5.0,11.4,-6.7,-2.4,3.2
1.6824769973754883,-12.37550523825794,-20.653690523370273,-29.58867566508029,50.24231856880289,12.375505072220594,-8.508398881463897e-6,-13.810219371050845,-22.912167098780436,-33.01894298185063,52.901420241686736,12.837841139714081,-8.743048478118964e-6,-11.77734375,-20.56640625,-29.091796875,48.33984375,11.42578125,0.615234375,-8.7890625,-17.578125,-17.578125,57.12890625,4.39453125,0.0,7.9,4.2,11.4,-5.1,-2.4,3.2
1.6874771118164062,-12.436698197114096,-20.75581648995443,-29.73498230692826,50.49075094177092,12.43669803025575,-8.550470222606046e-6,-13.868207919703066,-23.00932476253133,-33.15758817857803,53.144745410801306,12.89818082743556,-8.784697737639361e-6,-11.77734375,-20.654296875,-29.1796875,48.515625,11.42578125,0.615234375,-8.7890625,-17.578125,-17.578125,57.12890625,0.0,0.0,7.9,4.2,11.4,-3.7,-2.4,3.2
1.6924781799316406,-12.497799465176888,-20.85778943221889,-29.88106972466423,50.73881106666008,12.49779929749877,-8.592478524556768e-6,-13.926042559943992,-23.106230429181068,-33.29586539468757,53.38758215537828,12.958408594119668,-8.826273681291437e-6,-11.865234375,-20.654296875,-29.267578125,48.603515625,11.42578125,0.615234375,-8.7890625,-17.578125,-17.578125,26.3671875,0.0,0.0,7.1,4.0,11.4,-2.9,-2.4,3.2
1.6974802017211914,-12.558805962117718,-20.95960420935103,-30.026930553510606,50.98648643789198,12.5588057936211,-8.634421669530658e-6,-13.983720180930003,-23.202880762406764,-33.433767192443085,53.629917849364254,13.01852133588673,-8.867774178519082e-6,-11.865234375,-20.7421875,-29.35546875,48.69140625,11.42578125,0.615234375,-8.7890625,-17.578125,-17.578125,26.3671875,0.0,0.0,7.1,4.0,11.2,-2.2,-2.4,3.2
1.7024822235107422,-12.619703695150097,-21.061237468552218,-30.17253133802349,51.23372024727795,12.619703525836437,-8.676290037216737e-6,-14.041227841074981,-23.299252283507204,-33.57126262972245,53.87169741725866,13.078505352238444,-8.909189754520645e-6,-11.953125,-20.830078125,-29.443359375,48.69140625,11.42578125,0.615234375,-8.7890625,-13.18359375,-17.578125,26.3671875,0.0,0.0,6.2,3.2,11.2,-2.2,-2.4,3.2
1.7074840068817139,-12.68048680187461,-21.162679425964683,-30.317858061754144,51.48048869453404,12.680486631745445,-8.718079597102174e-6,-14.09855989156113,-23.395337155684466,-33.70833820073061,54.112897351820116,13.13835482749376,-8.950516401160884e-6,-11.953125,-20.830078125,-29.619140625,48.69140625,11.42578125,0.615234375,-8.7890625,-13.18359375,-17.578125,26.3671875,0.0,0.0,6.2,3.1,9.6,-2.4,-2.4,3.2
1.7124850749969482,-12.741147155484759,-21.26391651862326,-30.462891294268253,51.726758786292045,12.741146984541741,-8.759784761850542e-6,-14.155708957651218,-23.49112150706459,-33.84497627316052,54.353485917417366,13.198061847871882,-8.991748637433727e-6,-12.041015625,-20.91796875,-29.619140625,48.69140625,11.42578125,0.615234375,-8.7890625,-13.18359375,-17.578125,0.0,0.0,0.0,5.4,2.3,10.4,-4.0,-4.0,3.2
1.7174861431121826,-12.801690549145716,-21.36495841483953,-30.60764488648195,51.97255404175738,12.801690377390408,-8.80140951437478e-6,-14.212680432914116,-23.586615750646835,-33.98118974253095,54.59348594780812,13.25763208972181,-9.032890387716984e-6,-12.12890625,-20.91796875,-29.70703125,48.69140625,11.42578125,0.615234375,-8.7890625,-13.18359375,-17.578125,0.0,0.0,0.0,4.6,2.3,9.4,-6.7,-6.4,3.2
1.722487211227417,-12.862114600284205,-21.46580113829656,-30.752113141885367,52.21786478811241,12.862114427718211,-8.842952216609749e-6,-14.269472322794154,-23.681815234563658,-34.11697384004582,54.832888431277674,13.317063283025664,-9.073940070317749e-6,-12.12890625,-21.005859375,-29.794921875,48.69140625,11.42578125,0.615234375,-8.7890625,-8.7890625,-17.578125,0.0,0.0,0.0,5.4,2.3,9.4,-11.5,-11.8,3.2
1.727492094039917,-12.922462406820411,-21.566516615844083,-30.896399103575142,52.462865995137655,12.922462233444755,-8.884442499208e-6,-14.326125011593911,-23.776788817326395,-34.25242512079585,55.071863871525366,13.376397772790021,-9.114926941234918e-6,-12.3046875,-21.005859375,-29.8828125,48.779296875,11.6015625,0.615234375,-13.18359375,-8.7890625,-17.578125,0.0,4.39453125,0.0,3.8,2.3,9.4,-18.0,-11.7,3.2
1.7324931621551514,-12.982639539496198,-21.666947252892115,-31.0402770000261,52.70717429708135,12.98263936531317,-8.925815440230685e-6,-14.382550060389537,-23.871387286940468,-34.38733213558494,55.310038692058164,13.43554277697542,-9.155786897197948e-6,-12.392578125,-21.09375,-29.970703125,48.779296875,11.77734375,0.615234375,-13.18359375,-8.7890625,-17.578125,0.0,4.39453125,0.0,3.8,2.3,9.4,-26.0,-10.1,3.2
1.7374951839447021,-13.04270073830117,-21.767184405937442,-31.183877709434096,52.95101192842547,13.042700563312323,-8.967108674477946e-6,-14.43879886750937,-23.965697492173042,-34.52181777300936,55.54762965519698,13.49455211432585,-9.196557115005683e-6,-12.392578125,-21.09375,-30.05859375,49.04296875,12.041015625,0.615234375,-13.18359375,-8.7890625,-17.578125,0.0,4.39453125,0.0,4.6,3.1,9.6,-32.1,-7.7,3.2
1.7425131797790527,-13.10282314974285,-21.86752371779005,-31.32762477253184,53.19509807203109,13.102822973947362,-9.008443993595252e-6,-14.495037133108779,-24.059996976215228,-34.6562782066443,55.785337120047586,13.553599758490785,-9.237357807636418e-6,-12.392578125,-21.181640625,-30.146484375,49.5703125,12.392578125,0.615234375,-13.18359375,-8.7890625,-17.578125,0.0,4.39453125,0.0,5.6,3.1,10.4,-36.1,-3.4,3.2
1.747514009475708,-13.162607265437927,-21.96729844213523,-31.47056300213694,53.437810795938354,13.162607088840339,-9.049546727852663e-6,-14.550891327366102,-24.153658916592356,-34.78982036161873,56.021581827275725,13.612293391661211,-9.277917882370167e-6,-12.392578125,-21.181640625,-30.234375,49.833984375,12.48046875,0.615234375,-8.7890625,-8.7890625,-17.578125,0.0,43.9453125,0.0,6.4,3.9,10.4,-36.9,-4.6,3.2
1.7525150775909424,-13.222258975586785,-22.066852192619336,-31.61318466246363,53.67998597721562,13.222258798188875,-9.090558430739663e-6,-14.606554131485618,-24.247007613534862,-34.92290492067251,56.25717795475352,13.670835247587197,-9.318377073767465e-6,-12.392578125,-21.26953125,-30.322265625,50.44921875,12.568359375,0.615234375,-8.7890625,-8.7890625,-17.578125,79.1015625,43.9453125,0.0,8.0,4.1,11.2,-40.1,-6.2,3.2
1.7575151920318604,-13.281761854819191,-22.166157556663492,-31.755450481987772,53.92155693182307,13.281761676622953,-9.131467809496965e-6,-14.662010494946784,-24.34001625400808,-35.05549589941854,56.49206111606705,13.729209289946738,-9.358724283222835e-6,-12.392578125,-21.357421875,-30.498046875,51.15234375,12.65625,0.615234375,-8.7890625,-8.7890625,-17.578125,79.1015625,43.9453125,0.0,9.3,4.9,11.4,-40.6,-7.5,3.2
1.7625160217285156,-13.341132855461446,-22.2652428262925,-31.897400992136177,54.162592483147094,13.341132676468652,-9.172286519176335e-6,-14.717276167865204,-24.432712882537256,-35.187630954910276,56.726298111028825,13.787432127856704,-9.398970994335974e-6,-12.392578125,-21.4453125,-30.5859375,51.591796875,12.744140625,0.615234375,-8.7890625,-13.18359375,-17.578125,79.1015625,43.9453125,0.0,10.1,4.9,11.4,-39.8,-6.7,3.2
1.7675180435180664,-13.400375384039274,-22.36411368671489,-32.03904433759327,54.40310646106754,13.400375204251645,-9.21301690183e-6,-14.772354564216958,-24.525101475138744,-35.31931824964526,56.95990280308447,13.845507174549159,-9.43911955284222e-6,-12.392578125,-21.533203125,-30.673828125,52.20703125,12.919921875,0.615234375,0.0,-13.18359375,-17.578125,79.1015625,21.97265625,0.0,11.7,5.9,11.4,-36.6,-4.5,3.2
1.7725181579589844,-13.459449808233009,-22.462703994880403,-32.18028576118915,54.64293796551672,13.4594496276528,-9.253631709472702e-6,-14.827208781957928,-24.617121993284172,-35.45046955428708,57.19271878419727,13.903395555026117,-9.479143087623722e-6,-12.392578125,-21.533203125,-30.76171875,52.822265625,13.095703125,0.615234375,0.0,-13.18359375,-17.578125,123.046875,21.97265625,0.0,12.5,6.7,12.2,-31.8,-4.5,3.2
1.777522087097168,-13.518421564413512,-22.561122958657847,-32.32128171516692,54.882352656354804,13.518421383042103,-9.294175930873297e-6,-14.881899857953268,-24.708874769378372,-35.58123080227215,57.42500442607791,13.9611614747544,-9.51908597421676e-6,-12.392578125,-21.708984375,-30.849609375,53.4375,13.18359375,0.615234375,0.0,-13.18359375,-17.578125,123.046875,21.97265625,0.0,14.1,6.7,13.0,-27.7,-3.9,3.2
1.7825231552124023,-13.577208908013667,-22.659234153153175,-32.46183675591138,55.12101866538705,13.577208725853529,-9.334593365063014e-6,-14.936351860280649,-24.800234681741763,-35.71142044747535,57.65643749004634,14.018724815654918,-9.558892822024122e-6,-12.568359375,-21.796875,-31.025390625,54.228515625,13.18359375,0.615234375,0.0,-13.18359375,-17.578125,123.046875,21.97265625,0.0,13.4,8.3,13.8,-21.3,-4.7,3.2
1.7875242233276367,-13.63584364709428,-22.757090663378374,-32.60202693352122,55.35906512760175,13.635843464147468,-9.374905880698025e-6,-14.990594671178316,-24.891249318772005,-35.84110993553372,57.88714394845597,14.076116852961462,-9.598585234679191e-6,-12.568359375,-21.884765625,-31.11328125,54.755859375,13.18359375,0.615234375,-8.7890625,-13.18359375,-21.97265625,123.046875,17.578125,0.0,15.0,9.1,15.4,-18.3,-5.8,3.2
1.792525053024292,-13.694319891811926,-22.854682659673877,-32.741838165931625,55.5964681312972,13.694319708080558,-9.415109428397212e-6,-15.044622712595354,-24.981912013398922,-35.97028592984918,58.11710035827406,14.13333177383094,-9.638159200468375e-6,-12.65625,-21.97265625,-31.201171875,55.01953125,13.271484375,0.615234375,-8.7890625,-13.18359375,-21.97265625,109.86328125,17.578125,0.0,14.2,9.1,15.4,-17.5,-5.0,3.2
1.79752516746521,-13.752630254677387,-22.95199781293369,-32.88125279034676,55.83319768459997,13.75263007016369,-9.455198929119047e-6,-15.098429569395766,-25.072209150231174,-36.09893309243152,58.34627840136908,14.190362476442411,-9.677609783646566e-6,-12.744140625,-22.060546875,-31.376953125,55.37109375,13.271484375,0.615234375,-8.7890625,-13.18359375,-21.97265625,109.86328125,17.578125,0.0,15.0,9.9,16.4,-17.8,-4.7,3.2
1.8025259971618652,-13.810788279504,-23.04905872665752,-33.020303188757694,56.06930877294876,13.81078809421002,-9.495183694496801e-6,-15.152027593776342,-25.162164371060463,-36.22708095622809,58.57473100970397,14.247222154159763,-9.716946120077462e-6,-12.83203125,-22.1484375,-31.46484375,55.72265625,13.359375,0.615234375,-8.7890625,-21.97265625,-21.97265625,109.86328125,17.578125,0.0,14.5,10.7,17.2,-17.0,-3.9,3.2
1.8075311183929443,-13.868833542098631,-23.145931449580466,-33.1590839832175,56.30496206697942,13.868833356025881,-9.535090933662089e-6,-15.205453571132688,-25.251836322694665,-36.35481747167959,58.80261419354186,14.303949593966752,-9.756195025344655e-6,-12.919921875,-22.236328125,-31.640625,56.162109375,13.447265625,0.615234375,-17.578125,-21.97265625,-26.3671875,109.86328125,13.18359375,0.0,14.5,11.6,18.0,-13.3,-3.0,3.2
1.8125321865081787,-13.92666602503395,-23.24244906092223,-33.29735604141108,56.539751513981436,13.926665838185283,-9.574851882701808e-6,-15.258615259101864,-25.34107355854806,-36.481922095922755,59.029534916398774,14.360446983233368,-9.795288836075835e-6,-13.095703125,-22.412109375,-31.81640625,56.689453125,13.447265625,0.615234375,-17.578125,-21.97265625,-26.3671875,74.70703125,13.18359375,0.0,13.7,11.6,18.8,-8.5,-3.0,3.2
1.817533016204834,-13.984328457136115,-23.338682871545274,-33.43522152396579,56.77385058528018,13.984328269513814,-9.61449591850924e-6,-15.31155249791637,-25.42993920495561,-36.60849008322764,59.25566185043164,14.416756239626011,-9.834256524847086e-6,-13.18359375,-22.5,-31.904296875,57.041015625,13.53515625,0.615234375,-17.578125,-21.97265625,-26.3671875,74.70703125,13.18359375,0.0,13.4,12.4,20.4,-6.4,-4.0,3.2
1.8225340843200684,-14.04182300143771,-23.434636491371343,-33.572685602490225,57.00726806239771,14.041822813044027,-9.654024528211062e-6,-15.364267054886522,-25.518440144971766,-36.73452565906792,59.48100304155836,14.472879398292653,-9.873099513894162e-6,-13.271484375,-22.587890625,-31.9921875,57.3046875,13.623046875,0.615234375,-17.578125,-17.578125,-26.3671875,74.70703125,13.18359375,0.0,12.6,12.4,20.4,-5.6,-4.8,3.2
1.8275351524353027,-14.09914542196331,-23.53030285090924,-33.709738149163314,57.23998674803803,14.099145232800558,-9.693434799492358e-6,-15.416755547873592,-25.60656659620371,-36.86002073706619,59.70554278906952,14.528812479896743,-9.911815020025753e-6,-13.359375,-22.67578125,-32.255859375,57.48046875,13.798828125,0.615234375,-17.578125,-17.578125,-30.76171875,74.70703125,13.18359375,0.0,12.6,13.8,20.4,-10.2,-3.3,3.2
1.832536220550537,-14.156292326148643,-23.625676288250915,-33.846371052681135,57.471992869002214,14.156292136219172,-9.732724399899658e-6,-15.469014634356341,-25.694317179149635,-36.98496732556678,59.929267333661436,14.584552091093583,-9.950400709390243e-6,-13.447265625,-22.763671875,-32.34375,57.568359375,13.88671875,0.615234375,-17.578125,-17.578125,-30.76171875,52.734375,13.18359375,0.0,12.6,13.8,21.2,-12.6,-3.3,3.2
1.8375380039215088,-14.21327047838288,-23.720768092600153,-33.9826004860656,57.703313887489955,14.213270287688953,-9.771897980081171e-6,-15.521051022168802,-25.781698710420173,-37.10938146237352,60.15220409633205,14.640104991808611,-9.98886123122847e-6,-13.53515625,-22.939453125,-32.607421875,57.744140625,13.974609375,0.615234375,-17.578125,-17.578125,-30.76171875,52.734375,13.18359375,0.0,12.8,13.8,21.1,-16.9,-2.2,3.2
1.842541217803955,-14.270084437036468,-23.815585871498683,-34.118437347954156,57.93396830966289,14.270084245580291,-9.81095867400463e-6,-15.572868568524694,-25.868722321037595,-37.23327236972371,60.37437031159193,14.69547552060348,-1.00271996083694e-5,-13.623046875,-23.02734375,-32.6953125,58.0078125,13.974609375,0.615234375,-17.578125,-21.97265625,-30.76171875,52.734375,13.18359375,0.0,12.8,14.6,21.9,-17.7,-3.8,3.2
1.8475420475006104,-14.326689722836928,-23.910055392734503,-34.253775292566,58.16377555769934,14.3266895306213,-9.84987590131109e-6,-15.624427308656502,-25.95531590231339,-37.35654449559573,60.595593136112,14.75062051646511,-1.0065385921107306e-5,-13.798828125,-23.203125,-32.958984375,58.18359375,13.974609375,0.615234375,-17.578125,-21.97265625,-30.76171875,52.734375,13.18359375,0.0,11.2,13.8,21.9,-18.0,-4.2,3.2
1.8525421619415283,-14.38310180780753,-24.004202477829583,-34.38865131206184,58.39279844522246,14.383101614835041,-9.88866029931539e-6,-15.675741099765643,-26.04150793488849,-37.47923097126221,60.815932566054364,14.805554969031753,-1.010343056431466e-5,-13.798828125,-23.203125,-33.046875,58.359375,13.974609375,0.615234375,-17.578125,-21.97265625,-30.76171875,39.55078125,13.18359375,0.0,12.0,14.6,21.9,-18.0,-5.0,3.2
1.857544183731079,-14.439349141395708,-24.098074606549115,-34.52313342640988,58.62115247185619,14.43934894766857,-9.92733142756214e-6,-15.726836416339454,-26.127337466443144,-37.60139509474651,61.03550079835776,14.860306768562763,-1.0141352818501579e-5,-13.974609375,-23.37890625,-33.310546875,58.7109375,13.974609375,0.615234375,-17.578125,-21.97265625,-30.76171875,39.55078125,13.18359375,0.0,11.0,14.6,21.6,-15.2,-4.9,3.2
1.8625450134277344,-14.49539317533443,-24.19160744503665,-34.65712947030869,58.84868113859096,14.495392980855371,-9.9658627833732e-6,-15.77767790872512,-26.21275067547589,-37.72295234833464,61.254146702922576,14.914838276917955,-1.0179126635516503e-5,-14.150390625,-23.5546875,-33.486328125,58.88671875,13.974609375,0.615234375,-17.578125,-26.3671875,-30.76171875,39.55078125,13.18359375,0.0,10.2,14.6,21.6,-14.1,-5.7,3.2
1.8675451278686523,-14.55123841094369,-24.28480850562145,-34.79065020599342,59.07540271997388,14.55123821571538,-1.0004257461493007e-5,-15.828270350278498,-26.29774979252008,-37.843914144674045,61.471889091578156,14.969154090242178,-1.0216755158678143e-5,-14.23828125,-23.73046875,-33.57421875,58.974609375,13.974609375,0.615234375,-30.76171875,-26.3671875,-39.55078125,39.55078125,0.0,0.0,9.4,13.5,21.6,-14.9,-6.6,3.2
1.8725471496582031,-14.606910351888448,-24.377720351802385,-34.923756610341876,59.30142075628348,14.606910155913209,-1.0042532996183823e-5,-15.878636487357529,-26.382378937466566,-37.96433486817932,61.68882670166516,15.023278890179348,-1.0254255509201349e-5,-14.4140625,-23.90625,-33.92578125,59.23828125,13.974609375,0.615234375,-30.76171875,-26.3671875,-39.55078125,39.55078125,0.0,0.0,8.6,13.5,21.6,-17.1,-6.6,3.2
1.8775482177734375,-14.662376265791973,-24.470288355960943,-35.05637042330242,59.52660235997555,14.66237606907257,-1.0080666883304423e-5,-15.92874736507013,-26.46658333573597,-38.08414529041137,61.90483317549463,15.07718105990511,-1.0291605742851452e-5,-14.4140625,-23.994140625,-34.013671875,59.326171875,13.974609375,0.615234375,-30.76171875,-26.3671875,-39.55078125,39.55078125,0.0,0.0,9.4,12.7,20.8,-17.9,-7.3,3.2
1.8825500011444092,-14.717650874467607,-24.56253708758102,-35.18852684335398,59.75100729895629,14.717650677006606,-1.011866924438583e-5,-15.97861593302256,-26.550391061606103,-38.20337637266771,62.1199651562488,15.130874784807867,-1.0328815711098455e-5,-14.501953125,-24.2578125,-34.27734375,59.765625,14.150390625,0.615234375,-30.76171875,-30.76171875,-39.55078125,39.55078125,0.0,0.0,8.5,11.9,20.8,-16.0,-5.7,3.2
1.8875501155853271,-14.772707202561032,-24.654421527036423,-35.32016137494713,59.974526058153856,14.772707004361362,-1.0156521533350927e-5,-16.028218589120023,-26.633755865998218,-38.32197168454695,62.334118988674476,15.1843340918978,-1.0365867371373418e-5,-14.58984375,-24.43359375,-34.541015625,60.029296875,14.23828125,0.615234375,-17.578125,-30.76171875,-39.55078125,39.55078125,8.7890625,0.0,8.5,11.8,20.8,-14.4,-5.4,3.2
1.8925502300262451,-14.827559850466725,-24.745966041173048,-35.45130892625963,60.19721791253573,14.827559651531118,-1.019423378825292e-5,-16.077568146885394,-26.71670598335108,-38.43996186198396,62.54735079265347,15.237573039739026,-1.0402770488885716e-5,-14.677734375,-24.521484375,-34.62890625,60.205078125,14.326171875,0.615234375,-17.578125,-30.76171875,-39.55078125,48.33984375,8.7890625,0.0,8.5,11.8,20.8,-15.2,-5.4,3.2
1.8975510597229004,-14.882216043485545,-24.837182688418007,-35.5819867723101,60.41911219551986,14.882215843816637,-1.0231810976625705e-5,-16.126671828915107,-26.799246703328542,-38.55736417353137,62.759689965855934,15.290598867737128,-1.0439530039259531e-5,-14.677734375,-24.697265625,-34.892578125,60.380859375,14.4140625,0.615234375,-17.578125,-30.76171875,-39.55078125,48.33984375,8.7890625,0.0,8.8,11.0,19.9,-15.2,-4.7,3.2
1.9025511741638184,-14.93665623681051,-24.928038850111534,-35.712148183292896,60.64012955871602,14.936656036411199,-1.0269239661036977e-5,-16.17551169638676,-26.88135477908721,-38.67413572914242,62.97105983116769,15.34339248284987,-1.0476132810338701e-5,-14.677734375,-24.873046875,-35.068359375,60.64453125,14.501953125,0.615234375,-17.578125,-35.15625,-39.55078125,48.33984375,8.7890625,0.0,8.8,10.2,19.1,-12.8,-3.9,3.2
1.9075520038604736,-14.990895521675226,-25.018559712269273,-35.841829240936235,60.86033126981001,14.990895320548207,-1.0306530217001326e-5,-16.224102042393636,-26.96304717144428,-38.790310702266495,63.18152035203465,15.395968756929207,-1.0512589068638508e-5,-14.765625,-24.9609375,-35.244140625,60.908203125,14.58984375,0.615234375,-8.7890625,-35.15625,-39.55078125,48.33984375,21.97265625,0.0,8.8,10.2,19.1,-10.0,-3.0,3.2
1.912553071975708,-15.04492471427518,-25.108729947884164,-35.97100798762239,61.079680044212395,15.044924512423272,-1.0343676330475764e-5,-16.272434233536597,-27.044316518896117,-38.90586845125364,63.391035096764185,15.448318647589993,-1.0548892569726696e-5,-14.765625,-25.13671875,-35.5078125,61.083984375,14.58984375,0.615234375,-8.7890625,-35.15625,-39.55078125,43.9453125,21.97265625,0.0,8.8,9.4,18.3,-8.4,-3.0,3.2
1.9175541400909424,-15.098740853861138,-25.1985446157116,-36.09967734447685,61.29816386181542,15.098740651287196,-1.038067596588801e-5,-16.320506394304523,-27.12515230058056,-39.020804491932175,63.5995939890618,15.500439529221339,-1.058504144722735e-5,-14.853515625,-25.3125,-35.68359375,61.259765625,14.677734375,0.615234375,-8.7890625,-35.15625,-39.55078125,43.9453125,21.97265625,0.0,7.9,8.6,17.3,-8.4,-4.0,3.2
1.9225552082061768,-15.152339917886708,-25.287997002455718,-36.22782769396737,61.515766391806466,15.152339714593651,-1.0417526357659722e-5,-16.3683145295297,-27.205555312031287,-39.13510927222971,63.80718064966176,15.552327366847127,-1.0621032927999612e-5,-14.94140625,-25.400390625,-35.859375,61.435546875,14.677734375,0.615234375,-8.7890625,-26.3671875,-39.55078125,43.9453125,21.97265625,0.0,7.1,8.6,17.3,-9.6,-4.8,3.2
1.927556037902832,-15.205719136124213,-25.37708248483656,-36.355452412738636,61.73247638756094,15.205718932114987,-1.0454225601205864e-5,-16.41585698260903,-27.285515007812084,-39.24877883136316,64.01378583146112,15.603979735188805,-1.0656865281673125e-5,-15.029296875,-25.576171875,-35.947265625,61.5234375,14.677734375,0.615234375,-8.7890625,-26.3671875,-35.15625,43.9453125,4.39453125,0.0,7.1,7.7,17.3,-12.0,-5.9,3.2
1.93255615234375,-15.258869387720626,-25.465785840907877,-36.482529693684064,61.94825682006108,15.258869182998307,-1.0490767425763819e-5,-16.463125232082447,-27.365024933882385,-39.36179279531847,64.2193734477521,15.655387670303208,-1.0692532314940494e-5,-15.1171875,-25.751953125,-36.2109375,61.69921875,14.677734375,0.615234375,-8.7890625,-26.3671875,-35.15625,30.76171875,4.39453125,0.0,6.3,6.9,16.5,-16.8,-6.7,3.2
1.9375572204589844,-15.311808289310573,-25.554136471369873,-36.60910165652952,62.16317920966519,15.31180808387799,-1.0527163943110146e-5,-16.51013577455695,-27.444104768821482,-39.474190605940166,64.42401315068902,15.70656847277139,-1.0728045981954977e-5,-15.1171875,-25.83984375,-36.38671875,61.875,14.765625,0.615234375,-8.7890625,-26.3671875,-35.15625,30.76171875,4.39453125,0.0,7.1,6.9,16.6,-19.2,-6.4,3.2
1.942559003829956,-15.364529056235178,-25.642123053190335,-36.73515207979014,62.37721601188228,15.364528850095262,-1.0563410488660827e-5,-16.556882121949535,-27.52275178124719,-39.58595675082857,64.62767780567367,15.757515423500712,-1.0763401649618612e-5,-15.205078125,-25.927734375,-36.5625,62.05078125,14.853515625,0.615234375,-13.18359375,-26.3671875,-35.15625,30.76171875,8.7890625,0.0,7.1,6.9,16.6,-19.6,-5.6,3.2
1.947559118270874,-15.417006649586712,-25.7297037985116,-36.86062109777919,62.59026557326432,15.417006442742725,-1.0599489847683181e-5,-16.60334295631618,-27.60092166320127,-39.697040260773186,64.83027229631581,15.808204605012644,-1.0798582667546089e-5,-15.205078125,-26.103515625,-36.73828125,62.314453125,14.94140625,0.615234375,-13.18359375,-26.3671875,-35.15625,30.76171875,8.7890625,0.0,7.9,6.3,15.8,-18.8,-5.5,3.2
1.952559232711792,-15.469254475515253,-25.816901081084847,-36.98554076334774,62.80238232036196,15.469254267970278,-1.0635411237164317e-5,-16.649529737717653,-27.67864225519797,-39.80746853570757,65.03184757001037,15.858648824127565,-1.0833597950338538e-5,-15.205078125,-26.19140625,-36.826171875,62.578125,15.029296875,0.615234375,-13.18359375,-26.3671875,-35.15625,43.9453125,8.7890625,0.0,8.7,7.1,16.6,-17.4,-4.7,3.2
1.9575600624084473,-15.521280106003076,-25.903727537919664,-37.10992918039731,63.01359699405716,15.52127989776009,-1.0671179862988303e-5,-16.69545003176007,-27.755917561497128,-39.91725966428838,65.23243442930425,15.90885566666059,-1.086845271188884e-5,-15.205078125,-26.279296875,-37.001953125,62.9296875,15.1171875,0.615234375,-13.18359375,-26.3671875,-35.15625,43.9453125,8.7890625,0.0,9.0,7.1,15.9,-16.6,-4.7,3.2
1.9625601768493652,-15.57306440024323,-25.990151224598804,-37.23374058504851,63.22383188612697,15.573064191305477,-1.0706782565480664e-5,-16.741086495863932,-27.832727176099453,-40.02637218202995,65.4319581931491,15.958806505430921,-1.0903134049189238e-5,-15.205078125,-26.3671875,-37.08984375,63.017578125,15.1171875,0.615234375,-13.18359375,-21.97265625,-35.15625,43.9453125,8.7890625,0.0,9.8,6.3,15.9,-17.4,-4.7,3.2
1.9675610065460205,-15.624622425286516,-26.076197286778818,-37.35701100121074,63.433148166079334,15.62462221565703,-1.0742229703529836e-5,-16.786453314425955,-27.909086016002508,-40.13484000249828,65.63047856766792,16.008516160347874,-1.0937652198013109e-5,-15.205078125,-26.455078125,-37.265625,63.369140625,15.205078125,0.615234375,0.0,-21.97265625,-30.76171875,43.9453125,13.18359375,0.0,9.8,6.3,15.9,-14.2,-4.1,3.2
1.9725611209869385,-15.67593513472401,-26.161833937584912,-37.47969489070148,63.64146850893024,15.675934924406082,-1.0777508182361811e-5,-16.831533275370106,-27.984974128090094,-40.24262197322926,65.82792132233266,16.05796611034099,-1.0971994326201942e-5,-15.205078125,-26.54296875,-37.44140625,63.6328125,15.29296875,0.615234375,0.0,-21.97265625,-30.76171875,52.734375,13.18359375,0.0,10.6,6.3,15.1,-11.8,-3.3,3.2
1.9775631427764893,-15.727029724207238,-26.24710656430102,-37.60185727578019,63.848903324118425,15.727029513203792,-1.0812636699512287e-5,-16.87635117385094,-28.06042403494117,-40.34977737711857,66.02439274837326,16.107182849033688,-1.100617877943773e-5,-15.205078125,-26.71875,-37.6171875,63.984375,15.380859375,0.615234375,0.0,-21.97265625,-30.76171875,52.734375,13.18359375,0.0,10.6,5.5,15.1,-8.2,-3.0,3.2
1.9825642108917236,-15.777872534186065,-26.33195899193322,-37.72341767961034,64.05531595994296,15.777872322500478,-1.0847592113390421e-5,-16.9208769992256,-28.135394580319154,-40.45623446152577,66.21976245859246,16.156133785220696,-1.104018295174373e-5,-15.29296875,-26.71875,-37.705078125,64.072265625,15.380859375,0.615234375,0.0,-21.97265625,-30.76171875,52.734375,13.18359375,0.0,10.6,6.3,14.3,-8.2,-3.8,3.2
1.987565040588379,-15.828471451016638,-26.416404382155008,-37.84439495773196,64.26073843358704,15.828471238652188,-1.0882379846018388e-5,-16.965118647232377,-28.209889387244715,-40.56201210442266,66.41406256605549,16.204826825245156,-1.107401227633875e-5,-15.380859375,-26.89453125,-37.96875,64.248046875,15.380859375,0.615234375,-4.39453125,-21.97265625,-30.76171875,52.734375,13.18359375,0.0,9.8,5.4,13.5,-10.9,-4.9,3.2
1.9925651550292969,-15.878817264731955,-26.50042736429628,-37.96476708997524,64.46513335424618,15.878817051692035,-1.0916993565365986e-5,-17.009067600503137,-28.28390391603435,-40.66708994157861,66.60725678485711,16.253252943912674,-1.1107660512662083e-5,-15.380859375,-26.982421875,-38.056640625,64.3359375,15.380859375,0.615234375,-4.39453125,-21.97265625,-30.76171875,39.55078125,13.18359375,0.0,10.6,4.6,13.5,-12.5,-4.9,3.2
1.9975671768188477,-15.92893696707369,-26.584072985332384,-38.08459861107027,64.66861030352194,15.92893675336133,-1.0951451828776956e-5,-17.052748389584973,-28.357469449774015,-40.77152662323761,66.7994504611562,16.3014384103677,-1.1141145855706724e-5,-15.46875,-27.0703125,-38.14453125,64.599609375,15.380859375,0.615234375,-4.39453125,-21.97265625,-30.76171875,39.55078125,13.18359375,0.0,10.3,5.4,14.2,-15.0,-4.9,3.2
2.0025691986083984,-15.978806770882272,-26.66730154646939,-38.20383264814309,64.87107270983799,15.978806556500832,-1.0985738282119647e-5,-17.09613974213044,-28.430560359442712,-40.87527128920631,66.99055131305646,16.349360167814158,-1.1174452317128e-5,-15.46875,-27.158203125,-38.3203125,64.775390625,15.46875,0.615234375,-8.7890625,-17.578125,-30.76171875,39.55078125,4.39453125,0.0,10.3,5.4,14.2,-12.8,-4.1,3.2
2.0075700283050537,-16.028415737078348,-26.750094791292277,-38.322443046877986,65.07247616250568,16.028415522031324,-1.101984540456572e-5,-17.139233200902062,-28.503151836501353,-40.97830371902083,67.1805193651704,16.397008041340168,-1.1207572761711175e-5,-15.556640625,-27.24609375,-38.408203125,64.951171875,15.46875,0.615234375,-8.7890625,-17.578125,-30.76171875,39.55078125,4.39453125,0.0,9.5,4.8,13.4,-12.0,-4.8,3.2
2.012571096420288,-16.077773469942052,-26.832468748547026,-38.44045277021058,65.27285965316963,16.077773254232817,-1.1053779799243269e-5,-17.182036600545192,-28.575267846380026,-41.08064264458551,67.36939038945178,16.444391078234514,-1.1240513510813164e-5,-15.64453125,-27.333984375,-38.671875,65.302734375,15.46875,0.615234375,-8.7890625,-17.578125,-30.76171875,39.55078125,4.39453125,0.0,9.5,4.8,12.6,-12.8,-5.6,3.2
2.017571210861206,-16.12686929243662,-26.914405599145933,-38.557836290344476,65.47217983498686,16.126869076068683,-1.10875341254833e-5,-17.224541770894593,-28.646883583633343,-41.18226853179935,67.55712552574657,16.491499374764,-1.1273267614078428e-5,-15.64453125,-27.421875,-38.671875,65.390625,15.556640625,0.615234375,-8.7890625,-17.578125,-30.76171875,39.55078125,4.39453125,0.0,9.6,4.8,13.6,-14.4,-5.7,3.2
2.0225720405578613,-16.175714883780653,-26.99592483473495,-38.6746215311991,65.67048412347778,16.175714666757376,-1.1121116412974176e-5,-17.26675828759563,-28.71802630454758,-41.283204275134885,67.74376837391961,16.538343950528464,-1.1305842767654802e-5,-15.732421875,-27.509765625,-38.84765625,65.56640625,15.64453125,0.615234375,-8.7890625,-21.97265625,-30.76171875,39.55078125,4.39453125,0.0,9.6,4.8,12.8,-14.4,-4.9,3.2
2.0275721549987793,-16.224297431895135,-27.07700507301817,-38.79077786029171,65.86772050391306,16.22429721422004,-1.115451785316411e-5,-17.308676175200127,-28.788667878948075,-41.383426024228456,67.92927199096592,16.584912867353882,-1.1338230604006e-5,-15.8203125,-27.59765625,-38.935546875,65.7421875,15.732421875,0.615234375,-13.18359375,-21.97265625,-26.3671875,39.55078125,8.7890625,0.0,8.8,4.8,13.6,-13.0,-3.8,3.2
2.0325732231140137,-16.272628364921676,-27.157665386614905,-38.906332601240166,66.06393537248587,16.272628146598144,-1.1187746303121196e-5,-17.350304743316016,-28.858835374942906,-41.482956037481955,68.11367892277751,16.631216887462585,-1.1370438643375504e-5,-15.908203125,-27.685546875,-39.111328125,66.09375,15.8203125,0.615234375,-13.18359375,-21.97265625,-26.3671875,39.55078125,8.7890625,0.0,8.8,4.0,12.8,-9.9,-3.0,3.2
2.037574052810669,-16.32069739444107,-27.2378886050079,-39.021261155396296,66.2590869600704,16.32069717547262,-1.1220794689358516e-5,-17.39163623740784,-28.92850412239843,-41.581775774526356,68.29695194433398,16.677246506019056,-1.1402460207900397e-5,-15.99609375,-27.861328125,-39.287109375,66.26953125,15.8203125,0.615234375,-13.18359375,-21.97265625,-26.3671875,39.55078125,8.7890625,0.0,7.9,3.2,11.8,-9.1,-4.8,3.2
2.042574167251587,-16.368495182680604,-27.31765914422992,-39.135541197018796,66.45313735699406,16.368494963070862,-1.1253656591976958e-5,-17.43266209406667,-28.997671378286938,-41.67986476105173,68.47905439141988,16.722992594022053,-1.143428898119394e-5,-16.083984375,-27.94921875,-39.375,66.4453125,15.8203125,0.615234375,-17.578125,-17.578125,-26.3671875,39.55078125,8.7890625,0.0,7.1,3.2,11.8,-11.2,-5.6,3.2
2.047574996948242,-16.41603683094302,-27.3970022071012,-39.24920883191029,66.64614787182155,16.416036610695432,-1.1286342393413848e-5,-17.473396425393013,-29.06634902320016,-41.77725673777062,68.66004590973236,16.768469970881974,-1.146593520492173e-5,-16.171875,-28.037109375,-39.462890625,66.533203125,15.908203125,0.615234375,-17.578125,-17.578125,-26.3671875,39.55078125,8.7890625,0.0,7.1,3.0,12.6,-14.4,-5.0,3.2
2.05257511138916,-16.463303865534144,-27.47588696256028,-39.36221989119564,66.83804350468736,16.46330364465239,-1.1318839392647622e-5,-17.51382284242144,-29.13452138206438,-41.87391252019942,68.8398550562037,16.813660768558908,-1.1497386481418063e-5,-16.259765625,-28.125,-39.638671875,66.708984375,15.908203125,0.615234375,-17.578125,-17.578125,-26.3671875,35.15625,8.7890625,0.0,6.3,3.0,11.8,-16.5,-5.8,3.2
2.057575225830078,-16.510304648448983,-27.554327366082408,-39.47459436762289,67.02885820378266,16.510304426936642,-1.1351153338711358e-5,-17.553949684572974,-29.20219037321737,-41.969852047113854,69.01851582320072,16.85857336035678,-1.1528648566606832e-5,-16.34765625,-28.212890625,-39.7265625,66.884765625,15.99609375,0.615234375,-17.578125,-17.578125,-26.3671875,35.15625,8.7890625,0.0,6.2,3.0,12.0,-16.5,-4.7,3.2
2.0625760555267334,-16.55704094506354,-27.632326363933537,-39.58633648204099,67.21859913621552,16.557040722924157,-1.1383285445335155e-5,-17.5937778829471,-29.26936972578654,-42.06507754468575,69.19603377566936,16.90320923103348,-1.1559722531173908e-5,-16.34765625,-28.212890625,-39.90234375,67.1484375,16.083984375,0.615234375,-13.18359375,-17.578125,-26.3671875,35.15625,13.18359375,0.0,7.0,3.8,12.0,-14.4,-4.7,3.2
2.0675771236419678,-16.603509878779846,-27.709879155310535,-39.69743935677319,67.40725462351712,16.603509656017007,-1.1415233734802348e-5,-17.633306158746862,-29.336044922200177,-42.159585955431126,69.37240014173203,16.947566006985344,-1.1590606651928927e-5,-16.435546875,-28.30078125,-39.990234375,67.412109375,16.171875,0.615234375,-13.18359375,-17.578125,-21.97265625,35.15625,13.18359375,0.0,6.2,4.0,12.0,-13.6,-4.0,3.2
2.072578191757202,-16.64970425683536,-27.786973736090047,-39.80788579459694,67.59479546436927,16.64970403345275,-1.1446993261949769e-5,-17.67252781958237,-29.40221714021694,-42.253361278471665,69.54758647787887,16.991636620314555,-1.1621296044918014e-5,-16.435546875,-28.388671875,-40.078125,67.5,16.171875,0.615234375,-13.18359375,-17.578125,-21.97265625,39.55078125,13.18359375,0.0,7.0,3.2,12.0,-13.6,-4.8,3.2
2.0775790214538574,-16.695623716367738,-27.86360950068495,-39.9176749279423,67.78122018561625,16.695623492369045,-1.1478563777302536e-5,-17.711443790587307,-29.467875183311214,-42.3464057257155,69.72159367689221,17.035421118567534,-1.1651790668652594e-5,-16.5234375,-28.4765625,-40.25390625,67.8515625,16.259765625,0.615234375,-13.18359375,-17.578125,-21.97265625,39.55078125,13.18359375,0.0,7.1,3.2,12.0,-11.0,-4.0,3.2
2.082580089569092,-16.74126759495195,-27.939785343562882,-40.026805173012974,67.966526097932,16.741267370340864,-1.1509944825430656e-5,-17.75005292644243,-29.533029995600305,-42.43871655881139,69.89441806250537,17.078918664153445,-1.1682089977698163e-5,-16.611328125,-28.564453125,-40.341796875,68.02734375,16.259765625,0.615234375,-13.18359375,-13.18359375,-21.97265625,39.55078125,8.7890625,0.0,6.3,3.2,12.0,-10.8,-4.8,3.2
2.0875930786132812,-16.786743570875675,-28.01568097084389,-40.13553397852472,68.15115035573795,16.78674334565446,-1.1541210437236691e-5,-17.788447328747502,-29.59782361260103,-42.53051398407105,70.0664692078605,17.12223219496509,-1.1712265614633104e-5,-16.611328125,-28.564453125,-40.4296875,68.203125,16.259765625,0.615234375,-13.18359375,-13.18359375,-21.97265625,39.55078125,8.7890625,0.0,7.1,4.1,12.0,-10.8,-4.8,3.2
2.092593193054199,-16.83182137881913,-28.09091208883152,-40.243310801632376,68.33415812337856,16.831821152993122,-1.1572202300865759e-5,-17.826431938249694,-29.66194109480512,-42.621331633062916,70.23687464432483,17.165142166292267,-1.1742164669442961e-5,-16.69921875,-28.65234375,-40.60546875,68.466796875,16.34765625,0.615234375,-13.18359375,-13.18359375,-21.97265625,43.9453125,8.7890625,0.0,6.3,4.1,11.2,-13.1,-4.8,3.2
2.0975940227508545,-16.876627179369745,-28.16568924906927,-40.350437280501936,68.51606159007785,16.876626952942594,-1.160300715415849e-5,-17.864114754853897,-29.725549461251273,-42.711427723459416,70.40611442657466,17.207769216685904,-1.1771871098127954e-5,-16.69921875,-28.740234375,-40.693359375,68.642578125,16.34765625,0.615234375,-13.18359375,-13.18359375,-21.97265625,43.9453125,8.7890625,0.0,7.2,4.1,11.2,-12.3,-4.8,3.2
2.1025941371917725,-16.921142450571562,-28.239981539950776,-40.456869130868895,68.6967855600362,16.921142223547168,-1.163361226291241e-5,-17.90147945699593,-29.788636688071023,-42.800763231926986,70.57411711839157,17.250095464637646,-1.1801372487355065e-5,-16.787109375,-28.828125,-40.869140625,68.818359375,16.435546875,0.615234375,-8.7890625,-13.18359375,-26.3671875,43.9453125,8.7890625,0.0,6.4,3.3,11.2,-12.0,-4.8,3.2
2.107595205307007,-16.965384842139752,-28.31381841738494,-40.5626485515516,68.87640168791299,16.965384614521774,-1.1664029761647604e-5,-17.9385423168891,-29.85121449994306,-42.88937706380589,70.74095202514168,17.29213816003578,-1.183068077146697e-5,-16.787109375,-28.916015625,-40.95703125,68.994140625,16.5234375,0.615234375,-8.7890625,-13.18359375,-26.3671875,43.9453125,8.7890625,0.0,6.4,3.2,11.2,-12.0,-4.0,3.2
2.1126041412353516,-17.00940897076376,-28.38729103209084,-40.66790612594675,69.05513170761381,17.00940874255513,-1.1694297200392972e-5,-17.975348134598292,-29.913374543463583,-42.97737633186151,70.90682322654791,17.333948873753883,-1.1859831962256864e-5,-16.787109375,-28.916015625,-41.044921875,69.169921875,16.5234375,0.615234375,-8.7890625,-13.18359375,-26.3671875,35.15625,8.7890625,0.0,7.2,4.0,11.1,-12.8,-4.8,3.2
2.117828130722046,-17.05502136844831,-28.463414335961556,-40.77696110313043,69.24030981315649,17.055021139627716,-1.1725656604794526e-5,-18.0134042677997,-29.977641447748134,-43.06836498732929,71.07853155044903,17.377242310993104,-1.189002177066147e-5,-16.875,-29.00390625,-41.1328125,69.345703125,16.611328125,0.615234375,-8.7890625,-13.18359375,-26.3671875,35.15625,8.7890625,0.0,6.4,4.0,11.1,-12.0,-4.0,3.2
2.1228301525115967,-17.098394663748294,-28.535800763897868,-40.880662595913904,69.41639756698036,17.098394434345778,-1.1755476583058924e-5,-18.04951519217817,-30.038654226061045,-43.15470283041772,71.2416645618676,17.41838493940676,-1.1918716565653263e-5,-16.875,-29.091796875,-41.220703125,69.521484375,16.611328125,0.615234375,-8.7890625,-13.18359375,-26.3671875,35.15625,8.7890625,0.0,7.2,3.2,11.1,-11.2,-4.8,3.2
2.127831220626831,-17.141478076875938,-28.607703402561704,-40.98367100753315,69.59130845148297,17.141477846895388,-1.1785097261730828e-5,-18.085312918949462,-30.099118281708908,-43.24029184731769,71.40357087277843,17.459228755963633,-1.1947207445981308e-5,-16.875,-29.1796875,-41.396484375,69.697265625,16.69921875,0.615234375,-4.39453125,-13.18359375,-21.97265625,35.15625,8.7890625,0.0,7.2,3.1,11.1,-12.0,-4.0,3.2
2.1328320503234863,-17.184261201826033,-28.679104885194533,-41.08596145820287,69.76500022016054,17.184260971271478,-1.1814511486480665e-5,-18.120785303036193,-30.159068875131187,-43.325103000285,71.56420466054433,17.499762718922305,-1.197548693031989e-5,-16.875,-29.267578125,-41.484375,69.873046875,16.69921875,0.615234375,-4.39453125,-13.18359375,-21.97265625,39.55078125,8.7890625,0.0,8.0,3.1,10.3,-12.0,-4.8,3.2
2.137834072113037,-17.226770337858593,-28.750049103077302,-41.187596826994266,69.93757964326402,17.22677010673371,-1.1843737338557664e-5,-18.15595845978285,-30.21849391278666,-43.409198728665956,71.72367278418824,17.54001316060818,-1.200357312224778e-5,-16.875,-29.35546875,-41.572265625,70.048828125,16.69921875,0.615234375,-4.39453125,-13.18359375,-21.97265625,39.55078125,8.7890625,0.0,8.2,3.1,10.4,-11.2,-4.8,3.2
2.1428351402282715,-17.268970336743134,-28.820477396732215,-41.288493077775314,70.10890402531881,17.26897010505207,-1.1872750652874482e-5,-18.190799744259763,-30.277394704256853,-43.49250098148674,71.88183654184142,17.579945600587138,-1.2031442187238577e-5,-16.875,-29.443359375,-41.66015625,70.224609375,16.787109375,0.615234375,-4.39453125,-17.578125,-21.97265625,39.55078125,8.7890625,0.0,8.2,2.3,11.2,-11.2,-4.8,3.2
2.1478371620178223,-17.310891758132605,-28.89044076768221,-41.38872327581827,70.2790974330025,17.310891525879097,-1.1901572439782774e-5,-18.225338777527764,-30.335764351087185,-43.575080579933584,72.03881874429311,17.619590400096367,-1.2059115041227108e-5,-16.875,-29.443359375,-41.748046875,70.3125,16.787109375,0.615234375,0.0,-17.578125,-17.578125,39.55078125,8.7890625,0.0,9.0,3.2,11.2,-11.2,-4.8,3.2
2.152841091156006,-17.352525210031814,-28.95992354146729,-41.48826496574097,70.44812173650912,17.352524977219726,-1.1930196242104448e-5,-18.259564163627225,-30.393640897287014,-43.65691027733281,72.19457718261897,17.65893744353656,-1.2086584855320907e-5,-16.875,-29.53125,-41.8359375,70.48828125,16.875,0.615234375,0.0,-17.578125,-17.578125,35.15625,8.7890625,0.0,9.0,3.2,11.2,-12.0,-4.0,3.2
2.157841205596924,-17.393838066635936,-29.02887126832858,-41.587040142295244,70.61584448095715,17.393837833269572,-1.1958599628968518e-5,-18.293453581888922,-30.450928672671346,-43.73793670705172,72.34899828737937,17.697957378377563,-1.211383085653837e-5,-16.962890625,-29.619140625,-41.923828125,70.751953125,16.962890625,0.615234375,0.0,-17.578125,-17.578125,35.15625,8.7890625,0.0,8.8,3.2,11.2,-10.4,-4.0,3.2
2.162842035293579,-17.4348506283006,-29.09731782787381,-41.68509734173293,70.78234808212804,17.43485039438399,-1.1986796557261586e-5,-18.327020113690992,-30.507708040003408,-43.81819114544206,72.50215105409887,17.73666817131271,-1.2140865817402591e-5,-16.962890625,-29.70703125,-42.099609375,70.83984375,16.962890625,0.615234375,-4.39453125,-13.18359375,-17.578125,35.15625,8.7890625,0.0,8.8,2.4,10.4,-10.2,-4.0,3.2
2.1678431034088135,-17.475574052891634,-29.165281841654416,-41.7824632414677,70.94767783894393,17.47557381842865,-1.2014794698231907e-5,-18.36027739265888,-30.563943419581406,-43.897706189227236,72.65408564946078,17.775081837596368,-1.2167697847744029e-5,-17.05078125,-29.794921875,-42.1875,71.103515625,17.05078125,0.615234375,-4.39453125,-13.18359375,-21.97265625,30.76171875,8.7890625,0.0,8.8,2.4,10.4,-11.0,-4.0,3.2
2.1732192039489746,-17.51900782430086,-29.237769199194833,-41.88630932697262,71.12401111486068,17.51900758925514,-1.204465625498949e-5,-18.39566266548293,-30.623815456422076,-43.98230906731213,72.81596923156462,17.816023606868608,-1.2196301156532954e-5,-17.05078125,-29.8828125,-42.275390625,71.19140625,17.05078125,0.615234375,-4.39453125,-13.18359375,-21.97265625,30.76171875,8.7890625,0.0,8.8,2.4,10.4,-11.2,-4.0,3.2
2.17822003364563,-17.559103949916615,-29.304686303079517,-41.98217541352263,71.28679415100967,17.559103714332938,-1.2072223115798168e-5,-18.428252868706718,-30.6789424917421,-44.06022919537821,72.96526804426544,17.85379387363833,-1.2222693542919052e-5,-17.138671875,-29.8828125,-42.36328125,71.3671875,17.05078125,0.615234375,-4.39453125,-13.18359375,-21.97265625,30.76171875,8.7890625,0.0,8.1,2.4,10.3,-10.4,-4.8,3.2
2.183220148086548,-17.5988849123491,-29.371077425783938,-42.07728797437556,71.44829768149405,17.598884676231698,-1.2099573295831042e-5,-18.46051027782135,-30.733539027102772,-44.13735364385229,73.11324696308459,17.891241645397052,-1.224886543066169e-5,-17.138671875,-29.970703125,-42.451171875,71.54296875,17.138671875,0.615234375,-8.7890625,-17.578125,-21.97265625,30.76171875,8.7890625,0.0,8.9,2.4,9.5,-8.6,-4.0,3.2
2.1882212162017822,-17.63837646053954,-29.436985540152683,-42.17170857284182,71.60862624236972,17.638376223892294,-1.2126724497982536e-5,-18.492459601856016,-30.787598537196402,-44.213741489712355,73.26000900059714,17.928392422882855,-1.2274834401944971e-5,-17.2265625,-30.05859375,-42.626953125,71.630859375,17.138671875,0.615234375,-8.7890625,-17.578125,-17.578125,30.76171875,8.7890625,0.0,8.1,1.4,8.7,-7.8,-3.9,3.2
2.1932220458984375,-17.677554488948267,-29.50237041604189,-42.26537957483046,71.76768196949462,17.67755425177539,-1.215366014922854e-5,-18.524078422877423,-30.841131253285237,-44.289339133776394,73.4054589101876,17.965222534817663,-1.2300584097595492e-5,-17.2265625,-30.146484375,-42.626953125,71.71875,17.2265625,0.615234375,-8.7890625,-17.578125,-17.578125,26.3671875,8.7890625,0.0,8.1,0.6,9.5,-6.9,-3.1,3.2
2.198223114013672,-17.716435300376936,-29.56725926147365,-42.35833995881556,71.9255310493022,17.71643506268241,-1.2180391458060068e-5,-18.55538374090873,-30.894117744304424,-44.36418722150998,73.54966447788266,18.001748574580496,-1.2326125877486023e-5,-17.314453125,-30.146484375,-42.71484375,71.89453125,17.2265625,0.615234375,-8.7890625,-17.578125,-17.578125,26.3671875,8.7890625,0.0,7.0,1.4,8.7,-5.3,-3.1,3.2
2.20322322845459,-17.75499511035141,-29.631612382135806,-42.4505328583438,72.08207692111846,17.75499487213954,-1.2206902072191766e-5,-18.586353547602446,-30.946568738654772,-44.43823313301247,73.69253192700643,18.037947220998987,-1.2351443617950568e-5,-17.40234375,-30.234375,-42.802734375,71.982421875,17.2265625,0.615234375,-13.18359375,-8.7890625,-17.578125,26.3671875,4.39453125,0.0,6.2,0.6,7.9,-4.6,-3.1,3.2
2.2088541984558105,-17.79805512158894,-29.703475964988442,-42.55348531823232,72.2568927981692,17.798054882799352,-1.2236506661612214e-5,-18.620848295614778,-31.004988154931027,-44.520706849554585,73.85190160034881,18.078340489400762,-1.237970081880905e-5,-17.40234375,-30.322265625,-42.978515625,71.982421875,17.2265625,0.615234375,-13.18359375,-8.7890625,-17.578125,17.578125,4.39453125,0.0,6.2,-0.1,6.3,-4.6,-3.2,3.2
2.2138562202453613,-17.835981721012168,-29.766772309825303,-42.64416427055049,72.41086794938667,17.83598148171373,-1.226258193125961e-5,-18.6511514421473,-31.05630097717681,-44.59315883895784,73.99211991412773,18.113891633030182,-1.2404575755389135e-5,-17.490234375,-30.41015625,-43.06640625,72.0703125,17.2265625,0.615234375,-13.18359375,-8.7890625,-17.578125,17.578125,4.39453125,0.0,5.4,-0.1,5.2,-3.8,-3.2,3.2
2.219306230545044,-17.876943467903576,-29.835134063733854,-42.742099976617524,72.57716525174573,17.876943228055573,-1.2290743923414582e-5,-18.683791281566176,-31.111608912794075,-44.67119764252441,74.14338988478437,18.152258121469075,-1.2431426213996513e-5,-17.578125,-30.41015625,-43.154296875,72.0703125,17.2265625,0.615234375,-13.18359375,-13.18359375,-17.578125,17.578125,4.39453125,0.0,4.6,-0.1,5.2,-4.6,-4.0,3.2
2.224307060241699,-17.91421057081594,-29.89732976366173,-42.83120213445445,72.72846296611063,17.914210330467935,-1.2316365776472728e-5,-18.713409314238845,-31.161786146658088,-44.742011588760725,74.2808663448964,18.187137888369342,-1.245584149185406e-5,-17.578125,-30.498046875,-43.154296875,72.0703125,17.2265625,0.615234375,-8.7890625,-13.18359375,-17.578125,17.578125,0.0,0.0,4.6,-0.1,5.2,-7.5,-5.6,3.2
2.229307174682617,-17.95115598921217,-29.958988598846357,-42.91953517469732,72.87845469937602,17.95115574836849,-1.2341766465212768e-5,-18.742694573352466,-31.211424951538174,-44.81202990453842,74.41700794702456,18.221690615629768,-1.2480032783011615e-5,-17.666015625,-30.498046875,-43.2421875,72.0703125,17.2265625,0.615234375,-8.7890625,-13.18359375,-17.578125,0.0,0.0,0.0,4.6,-0.1,5.2,-11.5,-5.9,3.2
2.2343080043792725,-17.98779908139392,-30.020142876685576,-43.007145381234956,73.0272190427541,17.98779884005861,-1.2366959298840986e-5,-18.77166529597213,-31.260522590036196,-44.88129619297457,74.551891482771,18.255935360244294,-1.2504013247415039e-5,-17.75390625,-30.5859375,-43.2421875,72.158203125,17.314453125,0.615234375,-8.7890625,-13.18359375,-17.578125,0.0,0.0,0.0,3.8,-0.1,5.5,-14.4,-5.1,3.2
2.2393081188201904,-18.0241189452862,-30.08075771335205,-43.09398277916084,73.17467113759142,18.0241187034636,-1.2391929906777108e-5,-18.80030314413376,-31.30908141570942,-44.94976660971204,74.68543642228826,18.28985195534759,-1.2527768882133215e-5,-17.75390625,-30.5859375,-43.330078125,72.24609375,17.314453125,0.615234375,-8.7890625,-13.18359375,-17.578125,0.0,0.0,0.0,4.6,-0.1,5.5,-14.4,-4.7,3.2
2.2443082332611084,-18.060129695270174,-30.140856664575814,-43.18008111464037,73.32086828572912,18.060129452964436,-1.241668799293081e-5,-18.828622169532817,-31.357091720107096,-45.01747475104057,74.81770018265372,18.32345454484584,-1.2551309409045877e-5,-17.75390625,-30.673828125,-43.41796875,72.421875,17.40234375,0.615234375,-8.7890625,-8.7890625,-13.18359375,0.0,8.7890625,0.0,4.6,-0.1,5.5,-12.0,-3.9,3.2
2.24931001663208,-18.09583281135439,-30.200442200368215,-43.26544392623555,73.46581649573486,18.09583256856963,-1.244123457483654e-5,-18.856621703517646,-31.404585694151777,-45.08441901827657,74.94868456311112,18.3567438682471,-1.2574635467212502e-5,-17.75390625,-30.673828125,-43.505859375,72.59765625,17.40234375,0.615234375,-8.7890625,-8.7890625,-13.18359375,26.3671875,8.7890625,0.0,4.6,-0.0,5.5,-10.4,-3.9,3.2
2.254310131072998,-18.13121337055525,-30.259489415508927,-43.350035534488214,73.60945518298755,18.13121312729581,-1.2465559392654851e-5,-18.884292961570946,-31.451515091248687,-45.15057840846072,75.0783403317487,18.389706974477058,-1.2597737796880426e-5,-17.841796875,-30.673828125,-43.505859375,72.7734375,17.40234375,0.615234375,-8.7890625,-8.7890625,-13.18359375,26.3671875,8.7890625,0.0,4.6,-0.0,6.5,-8.4,-3.9,3.2
2.2593111991882324,-18.166279705212123,-30.318012215980378,-43.433875861242534,73.75181817528174,18.166279461482212,-1.2489668175029993e-5,-18.911640713020287,-31.497921049659034,-45.21596432460919,75.20669454170218,18.42235101187358,-1.2620621523947918e-5,-17.841796875,-30.673828125,-43.59375,72.94921875,17.490234375,0.615234375,-8.7890625,-8.7890625,-13.18359375,26.3671875,8.7890625,0.0,4.9,-0.0,5.7,-6.8,-3.1,3.2
2.264313220977783,-18.20104053934926,-30.37602516145457,-43.51698576482463,73.89294089058198,18.201040295152975,-1.2513566919897139e-5,-18.938674637835174,-31.54378695163915,-45.28059991062381,75.33378456455492,18.454685051425937,-1.264329282472299e-5,-17.841796875,-30.76171875,-43.681640625,73.037109375,17.490234375,0.615234375,-4.39453125,-4.39453125,-13.18359375,26.3671875,4.39453125,0.0,4.9,-0.0,5.7,-6.0,-3.1,3.2
2.269315004348755,-18.235477372051058,-30.433497375439757,-43.59932101127551,74.03274821850871,18.235477127392745,-1.2537242907519473e-5,-18.965378610382494,-31.58911807710126,-45.34444661162388,75.45953928743963,18.486691270647146,-1.2665739318563458e-5,-17.841796875,-30.849609375,-43.681640625,73.125,17.490234375,0.615234375,-4.39453125,-4.39453125,-13.18359375,26.3671875,4.39453125,0.0,4.9,-0.0,5.7,-5.2,-3.2,3.2
2.2743160724639893,-18.269595855708932,-30.490438291307818,-43.68089511493443,74.17126310675134,18.269595610592862,-1.2560700024025268e-5,-18.991759943892678,-31.633894334185378,-45.407521912859416,75.58398489879077,18.518375891769594,-1.2687965182786683e-5,-17.841796875,-30.849609375,-43.76953125,73.212890625,17.490234375,0.615234375,-4.39453125,-4.39453125,-13.18359375,26.3671875,4.39453125,0.0,4.9,-0.0,4.6,-4.6,-3.2,3.2
2.2793171405792236,-18.30339096532657,-30.546839522757207,-43.76169606150515,74.30846515473142,18.303390719757086,-1.2583934814632503e-5,-19.017813098946682,-31.67813839278032,-45.46981257009755,75.70709975062418,18.54973366131179,-1.2709966843042567e-5,-17.841796875,-30.849609375,-43.857421875,73.30078125,17.490234375,0.615234375,-4.39453125,-8.7890625,-13.18359375,26.3671875,4.39453125,0.0,4.8,-0.0,3.8,-3.8,-3.2,3.2
2.284318208694458,-18.33687150392817,-30.602715761304253,-43.84174489819526,74.44439010113896,18.336871257909486,-1.2606953331590339e-5,-19.043547763037203,-31.721834673363475,-45.53134174522733,75.82892140801592,18.58077370735421,-1.2731750518900619e-5,-17.841796875,-30.849609375,-43.857421875,73.30078125,17.490234375,0.615234375,0.0,-8.7890625,-8.7890625,26.3671875,0.0,0.0,4.8,-0.0,3.8,-4.0,-3.2,3.2
2.2893190383911133,-18.370026065647274,-30.658047971505056,-43.92101435464474,74.57899164021397,18.370025819183773,-1.2629747733145292e-5,-19.068953545314432,-31.764997191419955,-45.59208459469861,75.94940509906937,18.611484876696473,-1.2753308492452064e-5,-17.841796875,-30.849609375,-43.9453125,73.30078125,17.490234375,0.615234375,0.0,-8.7890625,-8.7890625,8.7890625,0.0,0.0,4.8,-0.0,3.0,-4.0,-3.2,3.2
2.2943191528320312,-18.40286037694925,-30.712845710354742,-43.99951812229675,74.71229302037268,18.402860130045223,-1.2652321956352901e-5,-19.094037760021386,-31.807606701483287,-45.65205860618242,76.06857718285588,18.641873443242442,-1.277464498063945e-5,-17.841796875,-30.849609375,-43.9453125,73.30078125,17.490234375,0.615234375,0.0,-8.7890625,-8.7890625,8.7890625,0.0,0.0,4.8,-0.0,3.0,-4.0,-3.2,3.2
2.299321174621582,-18.435381816491887,-30.767121292220416,-44.077273842832014,74.84432419763452,18.43538156915153,-1.2674681074182916e-5,-19.118804419362668,-31.849701364632356,-45.711273372484754,76.18646115744613,18.671945654804798,-1.2795764480068288e-5,-17.841796875,-30.9375,-44.033203125,73.30078125,17.490234375,0.615234375,0.0,-4.39453125,-8.7890625,8.7890625,0.0,0.0,4.8,-0.0,2.2,-4.0,-3.2,3.2
2.3043220043182373,-18.467578961571547,-30.820855653558297,-44.15425420563438,74.97503879788353,18.467578713799217,-1.2696817233305959e-5,-19.14324771809203,-31.891239997737387,-45.76971501380473,76.30302110854639,18.70169190834142,-1.2816660061170195e-5,-17.841796875,-30.9375,-44.033203125,73.30078125,17.490234375,0.615234375,0.0,-4.39453125,-8.7890625,8.7890625,0.0,0.0,4.8,-0.0,2.2,-4.0,-3.2,3.2
2.3093230724334717,-18.49945153760593,-30.87404833611332,-44.23045855420324,75.10443570636508,18.499451289405975,-1.271873024494139e-5,-19.167365916734934,-31.932250540433074,-45.82737937122141,76.41825293134846,18.731111398765727,-1.2837331262637983e-5,-17.841796875,-30.9375,-44.12109375,73.30078125,17.490234375,0.615234375,0.0,-4.39453125,-8.7890625,0.0,0.0,0.0,4.8,-0.0,1.4,-4.0,-3.2,3.2
2.314324140548706,-18.531006758804438,-30.926711379801883,-44.305904137038596,75.23254421146781,18.531006510181122,-1.2740425068997521e-5,-19.19116737642539,-31.972716345353398,-45.88428643542427,76.53218821998338,18.760211748337362,-1.2857783253705811e-5,-17.841796875,-31.025390625,-44.12109375,73.30078125,17.490234375,0.615234375,0.0,-4.39453125,-8.7890625,0.0,0.0,0.0,4.8,-0.0,1.4,-4.0,-3.2,3.2
2.3193252086639404,-18.562235201379178,-30.978829057104598,-44.38056842274493,75.35932605431309,18.56223495233688,-1.2761895226438155e-5,-19.21464347925081,-32.01265321830979,-45.940415601790264,76.64478986846717,18.788983720034658,-1.2878009645849079e-5,-17.841796875,-31.025390625,-44.12109375,73.30078125,17.490234375,0.615234375,0.0,-4.39453125,-8.7890625,0.0,0.0,0.0,4.8,-0.0,1.4,-4.0,-3.2,3.2
2.324327230453491,-18.593151448377647,-31.030425705916677,-44.454486278025,75.48484043944276,18.59315119892056,-1.2783150743390112e-5,-19.237808073198977,-32.05205430548874,-45.99579997956311,76.75611594320767,18.817441708299608,-1.2898020372399772e-5,-17.75390625,-31.025390625,-44.12109375,73.388671875,17.490234375,0.615234375,4.39453125,-4.39453125,-4.39453125,0.0,0.0,0.0,5.6,-0.0,1.4,-3.2,-3.2,3.2
2.329329013824463,-18.62373882461751,-31.081473496743598,-44.5276178340773,75.60901966862495,18.623738574750046,-1.2804180155343463e-5,-19.260647189276796,-32.09092575680833,-46.050406170186726,76.86610337604498,18.84556982713646,-1.2917804364398163e-5,-17.75390625,-31.11328125,-44.12109375,73.388671875,17.490234375,0.615234375,4.39453125,-4.39453125,-4.39453125,0.0,0.0,0.0,5.6,-0.0,1.4,-3.2,-3.2,3.2
2.3343300819396973,-18.654003141006257,-31.131982127507392,-44.5999769842382,75.73188733309573,18.654002890732748,-1.2824987457409341e-5,-19.283168085371603,-32.12925014329474,-46.10425152659094,76.97477861688667,18.873374391443605,-1.2937365874905818e-5,-17.666015625,-31.11328125,-44.208984375,73.388671875,17.490234375,0.615234375,4.39453125,-4.39453125,-4.39453125,0.0,0.0,0.0,6.4,-0.0,0.7,-3.2,-3.2,3.2
2.3393301963806152,-18.683934080343786,-31.181934379657875,-44.6715390610471,75.853401546884,18.683933829668703,-1.2845565556313402e-5,-19.30536172047576,-32.167041370031434,-46.15731443257201,77.0821018016403,18.900845421698733,-1.2956697977689673e-5,-17.666015625,-31.11328125,-44.208984375,73.388671875,17.490234375,0.615234375,4.39453125,-4.39453125,-4.39453125,0.0,0.0,0.0,6.6,-0.0,0.7,-3.2,-3.2,3.2
2.3443310260772705,-18.713550252667375,-31.231361311801802,-44.74234855936275,75.97363786338364,18.713550001594943,-1.2865927246815721e-5,-19.327244797213027,-32.20429854887308,-46.20963482254133,77.18814518973261,18.9280009653971,-1.2975813185232188e-5,-17.666015625,-31.11328125,-44.208984375,73.388671875,17.490234375,0.615234375,4.39453125,-4.39453125,-4.39453125,0.0,0.0,0.0,6.6,-0.0,0.7,-3.2,-3.2,3.2
2.3493311405181885,-18.74283427101641,-31.2802339065458,-44.812363908588345,76.0925256946714,18.742834019551083,-1.2886060575045056e-5,-19.348803101205746,-32.24102644967276,-46.261178711251254,77.29284369045224,18.954824575573653,-1.2994700015758153e-5,-17.666015625,-31.201171875,-44.208984375,73.388671875,17.490234375,0.615234375,4.39453125,-4.39453125,-4.39453125,0.0,0.0,0.0,6.6,-0.0,0.7,-3.2,-3.2,3.2
2.354332208633423,-18.771804503114424,-31.328582818095118,-44.88162902423311,76.21013961039107,18.77180425126042,-1.2905978169166105e-5,-19.370053063590102,-32.2772240118439,-46.31198538401174,77.39626851965228,18.981334046778393,-1.3013370809686984e-5,-17.666015625,-31.201171875,-44.208984375,73.388671875,17.490234375,0.615234375,4.39453125,-4.39453125,-4.39453125,0.0,0.0,0.0,6.6,-0.0,0.8,-3.2,-3.2,3.2
2.3593342304229736,-18.80045196849779,-31.376393058801725,-44.950122434848346,76.32644315148046,18.80045171625943,-1.292567385493666e-5,-19.390986720505598,-32.312906308858985,-46.36203579997713,77.49838475138475,19.00752065100921,-1.3031819516501567e-5,-17.666015625,-31.201171875,-44.208984375,73.388671875,17.490234375,0.615234375,4.39453125,-4.39453125,-4.39453125,0.0,0.0,0.0,6.4,-0.0,0.8,-3.2,-3.2,3.2
2.3643500804901123,-18.828857427865245,-31.42379941156508,-45.018037231712,76.44176419180624,18.828857175245783,-1.2945203156896988e-5,-19.411665630466103,-32.34815002968622,-46.41147713979713,77.59948509655747,19.033459056136927,-1.30500985753651e-5,-17.666015625,-31.2890625,-44.208984375,73.388671875,17.490234375,0.615234375,0.0,-4.39453125,0.0,0.0,0.0,0.0,6.4,-0.0,0.8,-3.2,-3.2,3.2
2.3693511486053467,-18.856850809777445,-31.470518041276435,-45.08496678991769,76.55541227200769,18.856850556782405,-1.2964449147647638e-5,-19.431964841704335,-32.38276895752318,-46.46001065548165,77.69896182384127,19.05899353010475,-1.3068098321811553e-5,-17.666015625,-31.2890625,-44.208984375,73.388671875,17.490234375,0.615234375,0.0,-4.39453125,0.0,0.0,0.0,0.0,6.4,-0.0,1.6,-4.8,-4.8,3.2
2.3743531703948975,-18.884529347301974,-31.516711221850905,-45.15114358463676,76.66778214079712,18.884529093935587,-1.2983478676800614e-5,-19.45195793992456,-32.41686273475312,-46.50781228356789,77.79716634712489,19.084213795847365,-1.3085881801937932e-5,-17.666015625,-31.376953125,-44.208984375,73.388671875,17.490234375,0.615234375,0.0,-4.39453125,0.0,0.0,0.0,0.0,6.4,-0.8,1.7,-8.3,-8.5,3.2
2.3793551921844482,-18.91188005793434,-31.56235728656661,-45.21653657591511,76.77882109154851,18.911879804200996,-1.3002282818633328e-5,-19.471634495286708,-32.450438492752724,-46.554857087283594,77.89405035270323,19.109107620790382,-1.3103440466273159e-5,-17.666015625,-31.376953125,-44.208984375,73.388671875,17.490234375,0.615234375,0.0,-8.7890625,0.0,0.0,0.0,0.0,7.2,-0.0,2.5,-13.1,-12.5,3.2
2.384357213973999,-18.938910565637187,-31.607468959184082,-45.28116399193441,76.88856007617471,18.938910311541182,-1.3020866814767344e-5,-19.491002709933014,-32.48348545379182,-46.6011646771838,77.98964603020043,19.13368285076697,-1.3120779671129817e-5,-17.666015625,-31.376953125,-44.208984375,73.388671875,17.666015625,0.615234375,0.0,-8.7890625,0.0,0.0,4.39453125,0.0,7.2,-0.0,2.5,-19.5,-10.8,3.2
2.3893589973449707,-18.96561226095332,-31.65203187123425,-45.34500524828769,76.99696414183283,18.96561200649907,-1.303922474603456e-5,-19.51005546410944,-32.51601559199644,-46.64671803060246,78.08392086821671,19.15793128790795,-1.3137893702193469e-5,-17.666015625,-31.376953125,-44.208984375,73.564453125,17.9296875,0.615234375,0.0,-8.7890625,0.0,8.7890625,4.39453125,0.0,8.0,-0.0,3.3,-25.9,-8.4,3.2
2.394360065460205,-18.99199018025552,-31.696054428005002,-45.408072386471225,77.10405373528765,18.991989925447367,-1.3057360075038529e-5,-19.528799075198265,-32.54801568838562,-46.691532251809775,78.17689784930265,19.18185841582883,-1.3154786251027042e-5,-17.666015625,-31.46484375,-44.208984375,73.740234375,18.10546875,0.615234375,0.0,-8.7890625,0.0,8.7890625,4.39453125,0.0,8.8,-0.0,4.3,-31.2,-5.9,3.2
2.399360179901123,-19.018036118762666,-31.739522936398046,-45.47034578962071,77.20979554660813,19.018035863605064,-1.3075267160833765e-5,-19.547226861177837,-32.579497780769515,-46.7355913647169,78.26854617347044,19.205456453537828,-1.3171451887822392e-5,-17.666015625,-31.46484375,-44.208984375,74.1796875,18.369140625,0.615234375,0.0,-4.39453125,0.0,8.7890625,4.39453125,0.0,9.9,-0.0,5.1,-32.0,-3.5,3.2
2.404362201690674,-19.04377231467765,-31.78247451012723,-45.531878627199525,77.31427985888594,19.043772059174756,-1.3092961292614279e-5,-19.56535723664883,-32.61046984137889,-46.77893939691188,78.35894921124384,19.22874644519395,-1.318790529829407e-5,-17.666015625,-31.552734375,-44.208984375,74.619140625,18.544921875,0.615234375,0.0,-4.39453125,0.0,8.7890625,43.9453125,0.0,10.7,-0.0,5.9,-27.6,-2.0,3.2
2.4093642234802246,-19.069181848676024,-31.8248809122451,-45.5926304466852,77.41743798271628,19.06918159283222,-1.3110430838017721e-5,-19.58317739963107,-32.64093295118743,-46.82154574005742,78.44804557640364,19.251712727541708,-1.3204135483226107e-5,-17.666015625,-31.552734375,-44.208984375,74.970703125,18.544921875,0.615234375,0.0,-4.39453125,0.0,65.91796875,43.9453125,0.0,11.5,-0.0,6.7,-24.4,-2.0,3.2
2.4143660068511963,-19.094270870319505,-31.8667524058595,-45.65261595110471,77.51929488421024,19.09427061413909,-1.3127680024986549e-5,-19.600694370018175,-32.670876258004704,-46.86342717806259,78.5358620091774,19.274361765005757,-1.322014683235667e-5,-17.75390625,-31.552734375,-44.208984375,75.498046875,18.6328125,0.615234375,0.0,-4.39453125,0.0,65.91796875,43.9453125,0.0,11.5,-0.0,8.4,-18.2,-1.4,3.2
2.4193670749664307,-19.11903041942562,-31.908074037169946,-45.7118137174997,77.61981418664354,19.119030162913017,-1.3144702693222249e-5,-19.617901150151692,-32.70030999264133,-46.9045669801805,78.62236546055608,19.296685163418406,-1.3235933468714057e-5,-17.75390625,-31.640625,-44.208984375,75.76171875,18.6328125,0.615234375,0.0,-8.7890625,0.0,65.91796875,43.9453125,0.0,12.3,-0.0,9.2,-15.8,-1.4,3.2
2.424368143081665,-19.14347132938964,-31.948863886213523,-45.77024964750515,77.7190398716465,19.143471072549126,-1.3161506290893314e-5,-19.634807979255022,-32.729229509122916,-46.94498962743671,78.70759896862104,19.31869359866758,-1.3251502762594456e-5,-17.841796875,-31.640625,-44.296875,76.11328125,18.6328125,0.615234375,-8.7890625,-8.7890625,0.0,65.91796875,8.7890625,0.0,11.5,-0.0,10.0,-12.7,-1.6,3.2
2.429370164871216,-19.167591728745755,-31.989118829669177,-45.827919266621294,77.81696434140554,19.167591471581623,-1.3178089531330849e-5,-19.651412838811734,-32.75765293674863,-46.98469029374718,78.79155434221025,19.34038508352504,-1.3266853364667367e-5,-17.9296875,-31.640625,-44.384765625,76.46484375,18.6328125,0.615234375,-8.7890625,-8.7890625,0.0,79.1015625,8.7890625,0.0,11.5,0.9,10.0,-9.5,-1.6,3.2
2.4343721866607666,-19.19139406086112,-32.028842945313805,-45.884828416710526,77.91359751555052,19.191393803377647,-1.3194454094396971e-5,-19.66772008149838,-32.78556619460549,-47.02367938595452,78.87424519995561,19.361762710658688,-1.3281987286231939e-5,-17.9296875,-31.728515625,-44.384765625,76.728515625,18.6328125,0.615234375,-8.7890625,-8.7890625,0.0,79.1015625,8.7890625,0.0,11.5,0.9,11.7,-7.2,-1.6,3.2
2.4393742084503174,-19.21487215080291,-32.06802592769731,-45.94096233408593,78.00891432496819,19.21487189300444,-1.3210595734706095e-5,-19.68372485138952,-32.81298181116092,-47.06194529399514,78.95564860794879,19.382820663959826,-1.3296900460134941e-5,-18.017578125,-31.728515625,-44.47265625,76.9921875,18.6328125,0.615234375,-8.7890625,-4.39453125,0.0,79.1015625,8.7890625,0.0,10.3,1.7,12.5,-4.8,-1.6,3.2
2.444376230239868,-19.238032982033943,-32.106679431639186,-45.996337715554,78.10294312125768,19.23803272392473,-1.3226519253523791e-5,-19.699434588504186,-32.83989180015048,-47.099505806258705,79.035793915694,19.403566106493106,-1.3311597780701387e-5,-18.10546875,-31.728515625,-44.560546875,77.16796875,18.6328125,0.615234375,-13.18359375,-4.39453125,-17.578125,79.1015625,0.0,0.0,10.3,2.5,12.5,-3.5,-1.6,3.2
2.44937801361084,-19.260869593789508,-32.1447918402012,-46.050937918577304,78.19565564497012,19.260869335373904,-1.3242219865189875e-5,-19.71484403561456,-32.86630716460958,-47.1363483532052,79.11465571987624,19.42399256192672,-1.3326074704328528e-5,-18.193359375,-31.81640625,-44.6484375,77.34375,18.6328125,0.615234375,-13.18359375,-4.39453125,-17.578125,39.55078125,0.0,0.0,9.5,1.8,12.5,-1.9,-1.6,3.2
2.454379081726074,-19.283386740078853,-32.182371087429985,-46.10477430954734,78.2870711965253,19.28338648136115,-1.325770083817753e-5,-19.72995909129632,-32.89221806813088,-47.17248703777741,79.19225560135473,19.44410518702079,-1.334033470583862e-5,-18.28125,-31.81640625,-44.736328125,77.51953125,18.6328125,0.615234375,-13.18359375,-4.39453125,-17.578125,39.55078125,0.0,0.0,8.7,2.6,12.1,-0.5,-1.6,3.2
2.459379196166992,-19.305577880025105,-32.21940625714521,-46.15783124983921,78.37716322114322,19.305577621009668,-1.3272957675507561e-5,-19.744774937342378,-32.91763556262217,-47.20791034009281,79.26856990554336,19.46389793333822,-1.335437353448199e-5,-18.369140625,-31.81640625,-44.82421875,77.607421875,18.6328125,0.615234375,-13.18359375,-4.39453125,-17.578125,39.55078125,0.0,0.0,7.8,2.6,12.1,0.3,-1.6,3.2
2.464381217956543,-19.327462389515205,-32.255929686093154,-46.21015506538657,78.46601038142923,19.327462130206154,-1.3288003698476493e-5,-19.759307162751405,-32.942566984622914,-47.242655531989314,79.34367035728721,19.483388974601567,-1.3368203902785667e-5,-18.45703125,-31.81640625,-44.912109375,77.607421875,18.6328125,0.615234375,-13.18359375,-4.39453125,-17.578125,39.55078125,0.0,0.0,7.0,3.4,11.3,0.3,-1.6,3.2
2.4693830013275146,-19.349025298709762,-32.291916390855,-46.2617099647034,78.55355190253609,19.349025039111407,-1.33028286150306e-5,-19.773545382533108,-32.96701331398164,-47.27669778392636,79.41750442262168,19.502564762872048,-1.3381816236874105e-5,-18.544921875,-31.904296875,-45.087890625,77.607421875,18.6328125,0.615234375,-13.18359375,-4.39453125,-17.578125,17.578125,0.0,0.0,6.2,2.4,10.5,0.3,-1.6,3.2
2.474384069442749,-19.370271325009497,-32.32737424438081,-46.31250722665366,78.63980693625969,19.370271065126094,-1.3317435668473992e-5,-19.78749541602228,-32.9909657467944,-47.31005100938919,79.49009345555555,19.521430404732904,-1.3395213979524512e-5,-18.6328125,-31.904296875,-45.17578125,77.607421875,18.6328125,0.615234375,-13.18359375,-4.39453125,-17.578125,17.578125,0.0,0.0,5.4,2.4,10.3,-0.0,-1.6,3.2
2.4793851375579834,-19.391198398559194,-32.36229979225413,-46.3625419024071,78.72476707936124,19.39119813839502,-1.333182343574123e-5,-19.80115559230383,-33.014439529158565,-47.34271121337611,79.56142947431893,19.53998389106176,-1.340839573459566e-5,-18.720703125,-31.9921875,-45.263671875,77.607421875,18.6328125,0.615234375,-13.18359375,-8.7890625,-17.578125,17.578125,0.0,0.0,4.4,1.6,9.5,-0.0,-1.6,3.2
2.484387159347534,-19.411817008295156,-32.39671053963859,-46.41183907002951,78.80847491502986,19.411816747854353,-1.3345999128178617e-5,-19.814535421345266,-33.037432828549356,-47.374701133330035,79.63155335594973,19.55823541878407,-1.3421368566707198e-5,-18.80859375,-31.9921875,-45.3515625,77.607421875,18.6328125,0.615234375,-21.97265625,-8.7890625,-21.97265625,17.578125,0.0,0.0,3.6,1.6,8.7,-0.0,-1.6,3.2
2.489389181137085,-19.432118202912413,-32.43059154754955,-46.4603773277878,78.89089410258225,19.432117942199234,-1.335995659159109e-5,-19.827628818962665,-33.05995266356125,-47.40600622253621,79.70043380461922,19.576176902661523,-1.343412675773009e-5,-18.896484375,-31.9921875,-45.439453125,77.607421875,18.6328125,0.615234375,-21.97265625,-8.7890625,-21.97265625,0.0,0.0,0.0,2.8,1.5,7.9,-0.0,-1.6,3.2
2.4943900108337402,-19.45210372643843,-32.46394572662402,-46.50816084548856,78.97203172245528,19.452103465457117,-1.3373697025031217e-5,-19.84043962514365,-33.081988162306644,-47.43663566204592,79.76808197033404,19.593810801374502,-1.3446671871603552e-5,-18.896484375,-32.080078125,-45.52734375,77.51953125,18.6328125,0.615234375,-21.97265625,-8.7890625,-21.97265625,0.0,0.0,0.0,2.9,0.7,6.7,-0.8,-1.6,3.2
2.4993910789489746,-19.47177471561355,-32.49677497398723,-46.555192340971644,79.05189238960966,19.471774454368315,-1.3387221210029941e-5,-19.85296842030949,-33.103557089276855,-47.46659083959215,79.83450109103387,19.611137998782922,-1.3459004557350856e-5,-18.896484375,-32.16796875,-45.615234375,77.51953125,18.6328125,0.615234375,-21.97265625,-8.7890625,-21.97265625,0.0,0.0,0.0,2.9,-0.1,5.9,-0.8,-1.6,3.2
2.504392147064209,-19.491136594827044,-32.52908834249441,-46.60148478344449,79.13049812608722,19.49113633332204,-1.3400532875959657e-5,-19.86522134945621,-33.12465313846387,-47.4958864472857,79.89971466848274,19.62816418227969,-1.3471128679610053e-5,-18.896484375,-32.16796875,-45.703125,77.51953125,18.6328125,0.615234375,-4.39453125,-8.7890625,-17.578125,0.0,0.0,0.0,2.9,-0.1,5.9,-1.6,-3.3,3.2
2.509395122528076,-19.510192124634816,-32.560890439284115,-46.647044773138106,79.20786013924686,19.510191862874148,-1.3413633920755866e-5,-19.877200016385952,-33.145295270415836,-47.524526319667515,79.96373138354727,19.644891658354084,-1.348304590129981e-5,-18.896484375,-32.16796875,-45.791015625,77.51953125,18.6328125,0.615234375,-4.39453125,-8.7890625,-17.578125,0.0,0.0,0.0,2.9,-0.2,5.1,-6.2,-6.5,3.2
2.514397144317627,-19.52893659160986,-32.59217339803809,-46.69186104068934,79.28395929342533,19.52893632959771,-1.3426521103846465e-5,-19.888904136287305,-33.16546679320684,-47.55250977578014,80.02654056753046,19.661317195284774,-1.3494753736763736e-5,-18.896484375,-32.255859375,-45.791015625,77.431640625,18.6328125,0.615234375,-4.39453125,-8.7890625,-17.578125,0.0,0.0,0.0,4.1,-0.2,6.2,-11.0,-6.9,3.2
2.5193991661071777,-19.547369529055544,-32.62293643987844,-46.73593247027017,79.35879369391847,19.547369266796085,-1.3439194104368507e-5,-19.9003334431612,-33.18518259489397,-47.57983617964468,80.08814036772029,19.677440320719253,-1.3506251858248332e-5,-18.896484375,-32.255859375,-45.87890625,77.34375,18.720703125,0.615234375,-4.39453125,-4.39453125,-17.578125,0.0,0.0,0.0,4.1,-0.2,5.4,-18.2,-6.1,3.2
2.5244011878967285,-19.565497031027494,-32.653189735277884,-46.779273632197686,79.43238808149272,19.565496768524824,-1.3451657112102935e-5,-19.91149440536405,-33.20443848519515,-47.60652099649639,80.14855634362804,19.693267276096424,-1.3517544531908638e-5,-18.896484375,-32.34375,-45.966796875,77.34375,18.80859375,0.615234375,0.0,-4.39453125,-13.18359375,0.0,4.39453125,0.0,4.9,-0.2,5.4,-21.4,-4.6,3.2
2.5294032096862793,-19.583315285323536,-32.68292692198759,-46.821875411853,79.50472697929496,19.5833150225818,-1.3463907506087127e-5,-19.92238477948169,-33.22324510575914,-47.632558862541806,80.2077756440868,19.708794694432548,-1.3528629359211491e-5,-18.896484375,-32.34375,-46.0546875,77.607421875,18.896484375,0.615234375,0.0,-4.39453125,-13.18359375,0.0,4.39453125,0.0,5.7,0.8,5.4,-17.6,-3.8,3.2
2.53440523147583,-19.600830229326363,-32.71215790900622,-46.863752004962876,79.5758344920278,19.60082996634964,-1.347594936838636e-5,-19.93301087974266,-33.241598808058846,-47.657964874510895,80.26582319136156,19.72402866005154,-1.3539510498298111e-5,-18.896484375,-32.431640625,-46.142578125,77.783203125,18.984375,0.615234375,0.0,-4.39453125,-13.18359375,0.0,4.39453125,0.0,5.8,0.8,5.7,-16.0,-3.0,3.2
2.5394082069396973,-19.618041617561744,-32.74088228665767,-46.904902824621395,79.64570962311014,19.6180413543541,-1.3487782530232363e-5,-19.943372741342714,-33.259513340809484,-47.68273911655335,80.32269817347427,19.738968946395914,-1.355018778591154e-5,-18.80859375,-32.51953125,-46.23046875,78.046875,18.984375,0.615234375,0.0,-8.7890625,-13.18359375,0.0,4.39453125,0.0,7.4,0.8,5.7,-14.0,-3.8,3.2
2.544410228729248,-19.634948649152523,-32.769098718344466,-46.94532595600615,79.7143491211252,19.63494838571805,-1.3499406441006623e-5,-19.95347255946625,-33.276978802284304,-47.706886837149824,80.37840312036487,19.753615766407435,-1.3560661188615952e-5,-18.80859375,-32.51953125,-46.23046875,78.310546875,18.984375,0.615234375,4.39453125,-8.7890625,-13.18359375,0.0,13.18359375,0.0,7.4,1.6,7.3,-14.8,-4.1,3.2
2.5494332313537598,-19.651620597963284,-32.79692281639376,-46.98518702644887,79.78203422546531,19.65162033430513,-1.3510868727829042e-5,-19.963351588573193,-33.29407902203458,-47.730506671855856,80.43316560232824,19.768028999267337,-1.3570973546313156e-5,-18.80859375,-32.51953125,-46.318359375,78.486328125,18.984375,0.615234375,4.39453125,-8.7890625,-13.18359375,43.9453125,13.18359375,0.0,7.4,2.6,7.3,-13.6,-4.1,3.2
2.5544350147247314,-19.66792253454688,-32.824129394763446,-47.02416343226004,79.84821714691802,19.667922270670005,-1.3522076624098582e-5,-19.972932432976574,-33.31066866535882,-47.75341357482196,80.48654734247552,19.782092859485914,-1.358104183953717e-5,-18.80859375,-32.607421875,-46.318359375,78.75,19.072265625,0.615234375,4.39453125,-8.7890625,-13.18359375,43.9453125,13.18359375,0.0,8.3,1.8,8.1,-12.0,-4.0,3.2
2.559436082839966,-19.683921276723673,-32.85082996684686,-47.06241492859935,79.91316915377926,19.68392101263215,-1.3533076068357316e-5,-19.982255548324353,-33.32682715983278,-47.775704271718986,80.53876919897647,19.795865343938708,-1.3590907512979787e-5,-18.80859375,-32.6953125,-46.40625,78.92578125,19.072265625,0.615234375,4.39453125,-13.18359375,-13.18359375,43.9453125,13.18359375,0.0,8.3,1.8,8.1,-10.9,-4.0,3.2
2.5644371509552,-19.699623643032265,-32.87703591221866,-47.09995781795492,79.97691792808558,19.69962337873007,-1.3543871748482222e-5,-19.99132733780982,-33.3425563119242,-47.79739407198326,80.58985809121657,19.809353139073004,-1.3600575187659419e-5,-18.896484375,-32.6953125,-46.494140625,79.1015625,19.072265625,0.615234375,0.0,-13.18359375,-8.7890625,43.9453125,4.39453125,0.0,7.5,2.6,7.3,-10.1,-4.0,3.2
2.5694401264190674,-19.715033851589823,-32.90275427056612,-47.13680218545042,80.03948059463167,19.71503358708087,-1.3554466564510333e-5,-20.000150979265605,-33.357870139573095,-47.81849057351542,80.63982885194551,19.8225600504549,-1.3610047549902413e-5,-18.896484375,-32.783203125,-46.58203125,79.365234375,19.072265625,0.615234375,0.0,-13.18359375,-8.7890625,39.55078125,4.39453125,0.0,7.5,1.7,7.3,-8.5,-4.0,3.2
2.5744431018829346,-19.730150216483416,-32.92798222824057,-47.1729440002257,80.1008503089152,19.73014995177166,-1.3564859357343943e-5,-20.008727887983916,-33.372762429174415,-47.838997160146775,80.68868057284394,19.83548543130374,-1.3619323970139347e-5,-18.984375,-32.87109375,-46.58203125,79.453125,19.072265625,0.615234375,0.0,-13.18359375,-8.7890625,39.55078125,4.39453125,0.0,6.2,0.9,8.1,-7.7,-4.0,3.2
2.5794432163238525,-19.744963064928772,-32.952703642168316,-47.208360135558145,80.1609878011771,19.744962800018275,-1.3575043476757033e-5,-20.017053547257095,-33.38723306315173,-47.85890303285171,80.73638357234162,19.84812127637665,-1.3628398644530798e-5,-19.072265625,-32.87109375,-46.669921875,79.541015625,19.072265625,0.615234375,0.0,-8.7890625,-8.7890625,39.55078125,4.39453125,0.0,5.4,1.7,8.1,-6.9,-4.0,3.2
2.584444999694824,-19.759490133864677,-32.97694811382724,-47.24309299880966,80.2199650801889,19.759489868759278,-1.358503111723761e-5,-20.025140384291785,-33.40129565619538,-47.87823790391912,80.78299969232256,19.86048354317455,-1.3637282860914877e-5,-19.072265625,-32.958984375,-46.845703125,79.716796875,19.16015625,0.615234375,-13.18359375,-8.7890625,-17.578125,39.55078125,0.0,0.0,5.4,0.9,6.5,-5.3,-3.2,3.2
2.5894460678100586,-19.773723380588244,-33.00070222061413,-47.27712336062977,80.27774949402786,19.77372311529188,-1.3594816749272089e-5,-20.03298490188274,-33.414951303160095,-47.89699341185834,80.82850470170246,19.872565652278187,-1.3645971832108056e-5,-19.072265625,-32.958984375,-46.845703125,79.8046875,19.16015625,0.615234375,-13.18359375,-8.7890625,-17.578125,30.76171875,0.0,0.0,5.4,0.6,6.5,-5.6,-4.0,3.2
2.5944480895996094,-19.787671682784197,-33.02398077864755,-47.31047244673243,80.33437708449235,19.787671417300693,-1.3604406476440196e-5,-20.040594445141277,-33.428205282804946,-47.91518711814356,80.87293169197632,19.884375964502993,-1.3654471398194153e-5,-19.072265625,-33.046875,-46.845703125,79.892578125,19.16015625,0.615234375,-13.18359375,-8.7890625,-17.578125,30.76171875,0.0,0.0,5.5,-0.2,7.1,-5.6,-4.0,3.2
2.59945011138916,-19.80133150967019,-33.046777895344974,-47.34313181534725,80.389833517243,19.80133124400342,-1.361379787126087e-5,-20.047968171255032,-33.44106275398648,-47.93281700768929,80.91627119538907,19.895911790321733,-1.36627795570992e-5,-19.072265625,-33.046875,-46.93359375,79.98046875,19.16015625,0.615234375,-13.18359375,-8.7890625,-17.578125,30.76171875,0.0,0.0,5.5,-0.2,6.3,-4.8,-4.0,3.2
2.6044511795043945,-19.814704385793902,-33.069096115049874,-47.37510511152514,80.44412498166837,19.814704119947713,-1.3622991981890083e-5,-20.05510940373161,-33.45352257362954,-47.949891026691375,80.95853285952902,19.907175260267145,-1.3670897665980753e-5,-19.16015625,-33.046875,-47.021484375,79.98046875,19.248046875,0.615234375,-4.39453125,-8.7890625,-13.18359375,30.76171875,4.39453125,0.0,5.5,0.6,5.5,-5.6,-3.1,3.2
2.60945200920105,-19.827791795212175,-33.09093791452987,-47.40639588350722,80.49725750277145,19.8277915291904,-1.363198982864558e-5,-20.062020178693576,-33.465594332294714,-47.96641404332845,80.99972347706715,19.918167981840316,-1.3678826804696985e-5,-19.16015625,-33.134765625,-47.109375,80.068359375,19.3359375,0.615234375,-4.39453125,-8.7890625,-13.18359375,8.7890625,4.39453125,0.0,5.5,-0.0,4.7,-5.8,-2.3,3.2
2.6144521236419678,-19.840596558405494,-33.11230800093266,-47.43701087479857,80.54924253119421,19.84059629221192,-1.364079335066217e-5,-20.068704518696652,-33.47727856069213,-47.98239567515506,81.03985680437624,19.928893179414636,-1.3686569118294925e-5,-19.16015625,-33.134765625,-47.109375,80.068359375,19.3359375,0.615234375,-4.39453125,-8.7890625,-13.18359375,8.7890625,4.39453125,0.0,5.6,-0.0,4.5,-5.8,-2.3,3.2
2.6194541454315186,-19.85312494705817,-33.133216841178545,-47.46696508040983,80.60010552884343,19.85312468069651,-1.3649406859843956e-5,-20.075166978096863,-33.48858889293831,-47.99784681121054,81.07895465933537,19.93935647337178,-1.3694128582664921e-5,-19.16015625,-33.134765625,-47.197265625,80.15625,19.3359375,0.615234375,-4.39453125,-4.39453125,-13.18359375,8.7890625,4.39453125,0.0,5.6,-0.0,3.7,-4.6,-2.3,3.2
2.6244561672210693,-19.865375984141806,-33.15366280468827,-47.496256164357504,80.64984252916011,19.865375717615777,-1.3657829684465044e-5,-20.081409564925355,-33.49952271324442,-48.012772252509556,81.1170188223779,19.94955789397042,-1.3701505039774991e-5,-19.16015625,-33.22265625,-47.197265625,80.15625,19.3359375,0.615234375,0.0,-4.39453125,-8.7890625,8.7890625,8.7890625,0.0,5.6,-0.0,4.5,-5.4,-3.3,3.2
2.62945818901062,-19.877349569909107,-33.173645724991864,-47.5248838881551,80.6984531271882,19.87734930322243,-1.3666061755947237e-5,-20.087433650071564,-33.510087575751726,-48.02717527672056,81.15405142995232,19.95949777595669,-1.3708698639262017e-5,-19.16015625,-33.22265625,-47.28515625,80.244140625,19.3359375,0.615234375,0.0,-4.39453125,-8.7890625,13.18359375,8.7890625,0.0,5.6,-0.1,3.7,-4.8,-3.3,3.2
2.634460210800171,-19.889049553110077,-33.19317202533348,-47.55285745380398,80.74595294815839,19.889049286266427,-1.3674105720380507e-5,-20.09324375159099,-33.52028584235427,-48.04106668609172,81.1900693632931,19.969180187099898,-1.3715712138576378e-5,-19.16015625,-33.22265625,-47.373046875,80.244140625,19.3359375,0.615234375,0.0,-4.39453125,-8.7890625,13.18359375,8.7890625,0.0,5.6,-0.1,3.1,-5.6,-3.2,3.2
2.639461040496826,-19.90047342548686,-33.212237519639054,-47.58017086429417,80.7923318089963,19.900473158489945,-1.368195985328913e-5,-20.098840200224103,-33.5301226253159,-48.054447271392554,81.22506766447134,19.97860352582989,-1.3722544272817315e-5,-19.16015625,-33.22265625,-47.373046875,80.244140625,19.3359375,0.615234375,0.0,-4.39453125,-8.7890625,13.18359375,8.7890625,0.0,5.6,-0.1,3.9,-6.6,-3.2,3.2
2.6444640159606934,-19.911632485389177,-33.23086106391599,-47.606851132923204,80.83763557896336,19.91163221824254,-1.3689631922506756e-5,-20.104231121261535,-33.53960717466308,-48.06733645943309,81.25908593853846,19.987777986961643,-1.372920224534686e-5,-19.16015625,-33.22265625,-47.373046875,80.33203125,19.3359375,0.615234375,0.0,-4.39453125,-8.7890625,13.18359375,0.0,0.0,5.6,-0.0,3.9,-5.8,-3.2,3.2
2.6494641304016113,-19.92251606362823,-33.249024852174216,-47.63287275065847,80.881820943078,19.92251579633557,-1.3697114592760024e-5,-20.10941304996544,-33.54873738759776,-48.07972596634917,81.29209465177983,19.996695313186834,-1.3735679949769032e-5,-19.16015625,-33.310546875,-47.373046875,80.33203125,19.3359375,0.615234375,0.0,-4.39453125,-8.7890625,0.0,0.0,0.0,6.4,-0.0,3.9,-6.4,-3.2,3.2
2.654466152191162,-19.933138289124443,-33.26675246440858,-47.65826949842739,80.92494526220806,19.933138021689274,-1.3704417577954619e-5,-20.11439538669484,-33.557525254644595,-48.0916382675201,81.3241418256526,20.00536798791577,-1.3741986258212085e-5,-19.16015625,-33.310546875,-47.4609375,80.419921875,19.3359375,0.615234375,0.0,-4.39453125,-8.7890625,0.0,0.0,0.0,6.5,-0.0,3.1,-5.6,-4.1,3.2
2.659468173980713,-19.943495634371494,-33.28403801350398,-47.683032942292186,80.96699421531429,19.94349536679736,-1.3711538452861811e-5,-20.119178228817695,-33.565974476583754,-48.10307359574354,81.35521992275287,20.01379366518567,-1.3748119345712405e-5,-19.16015625,-33.3984375,-47.548828125,80.419921875,19.3359375,0.615234375,0.0,-8.7890625,-8.7890625,0.0,0.0,0.0,6.5,-0.0,2.3,-5.6,-4.1,3.2
2.664469003677368,-19.953589333296517,-33.30088355878233,-47.70716603245728,81.00797281191824,19.95358906558696,-1.3718478065830341e-5,-20.123764870451982,-33.574086729545755,-48.11403982694752,81.385337923395,20.021974275106842,-1.3754080415727419e-5,-19.16015625,-33.3984375,-47.548828125,80.5078125,19.3359375,0.615234375,0.0,-8.7890625,-8.7890625,0.0,0.0,0.0,6.5,-0.0,2.3,-4.8,-4.0,3.2
2.6694700717926025,-19.963423260187223,-33.31729556610808,-47.73067803198226,81.04789678092905,19.96342299234573,-1.3725239080507838e-5,-20.128159017150956,-33.58187161139983,-48.12454582076335,81.41451090292966,20.029913565096926,-1.3759872063422644e-5,-19.16015625,-33.486328125,-47.63671875,80.5078125,19.3359375,0.615234375,0.0,-8.7890625,-8.7890625,8.7890625,0.0,0.0,6.5,-0.0,1.5,-4.8,-4.0,3.2
2.6744701862335205,-19.9729986965095,-33.33327617414137,-47.753572004732206,81.08677132486699,19.97299842853954,-1.373182237792685e-5,-20.13236401082046,-33.589331245667125,-48.13459956737533,81.44274803500782,20.037613512859274,-1.3765495524965607e-5,-19.248046875,-33.486328125,-47.63671875,80.5078125,19.3359375,0.615234375,0.0,-8.7890625,-8.7890625,8.7890625,0.0,0.0,5.6,-0.0,2.3,-5.6,-4.0,3.2
2.679471015930176,-19.982319944758224,-33.34883256338886,-47.775858237570006,81.12461391108509,19.982319676663202,-1.3738230916135708e-5,-20.13638378389737,-33.59647534689524,-48.144210468872274,81.4700657187607,20.04507822032616,-1.3770953652029877e-5,-19.248046875,-33.486328125,-47.63671875,80.5078125,19.3359375,0.615234375,0.0,-4.39453125,-8.7890625,8.7890625,0.0,0.0,5.6,-0.0,2.3,-6.6,-4.0,3.2
2.6844711303710938,-19.991387926973754,-33.363966272659326,-47.797538935007914,81.16142828290084,19.991387658757073,-1.3744465329054966e-5,-20.140221564182195,-33.60330605206907,-48.15338624262334,81.49647215842388,20.052309392273685,-1.3776247477983051e-5,-19.3359375,-33.57421875,-47.63671875,80.5078125,19.3359375,0.615234375,-4.39453125,-4.39453125,-4.39453125,8.7890625,0.0,0.0,4.8,-0.0,2.3,-6.6,-4.0,3.2
2.689472198486328,-20.000206890454795,-33.378684390341604,-47.818624251939944,81.1972316835807,20.00020662211979,-1.375052853678452e-5,-20.143881293843336,-33.60983287910506,-48.16213631398453,81.52198363846426,20.059311094026192,-1.378137982584801e-5,-19.3359375,-33.57421875,-47.724609375,80.595703125,19.3359375,0.615234375,-4.39453125,-4.39453125,-4.39453125,0.0,0.0,0.0,4.8,-0.0,1.5,-5.6,-4.0,3.2
2.6944730281829834,-20.008778289045505,-33.39298934278085,-47.83911766437152,81.23203001546966,20.0087780205955,-1.3756421538870313e-5,-20.147366473472918,-33.61605865925317,-48.1704690525442,81.54661001044147,20.066085471994803,-1.3786352048486583e-5,-19.423828125,-33.57421875,-47.724609375,80.595703125,19.3359375,0.615234375,-4.39453125,-4.39453125,-4.39453125,0.0,0.0,0.0,3.7,-0.0,1.5,-5.6,-4.0,3.2
2.6994731426239014,-20.01710278081934,-33.40688222824702,-47.8590207456947,81.26582595022725,20.017102512257647,-1.376214478775055e-5,-20.150679663234754,-33.6219901877035,-48.17839057941462,81.57035739554428,20.07263378085991,-1.3791164900134397e-5,-19.423828125,-33.57421875,-47.724609375,80.68359375,19.3359375,0.615234375,-4.39453125,-4.39453125,-4.39453125,0.0,0.0,0.0,3.7,-0.0,1.5,-5.6,-4.0,3.2
2.7044742107391357,-20.02518674981667,-33.42037370117333,-47.87834875955301,81.2986454059056,20.02518648114652,-1.3767702672576296e-5,-20.153826396619927,-33.62763415355757,-48.18591412465546,81.59324986263495,20.078962072710446,-1.3795822598257995e-5,-19.51171875,-33.662109375,-47.8125,80.68359375,19.3359375,0.615234375,-13.18359375,-4.39453125,-4.39453125,0.0,0.0,0.0,2.9,-0.0,0.7,-5.6,-4.0,3.2
2.7094762325286865,-20.033031629413284,-33.433466153744945,-47.89710513301389,81.33049420175182,20.03303136063788,-1.3773096178821094e-5,-20.156809590358957,-33.63299774640633,-48.193046661896645,81.6152958225318,20.085072225212873,-1.3800326351854881e-5,-19.51171875,-33.662109375,-47.8125,80.771484375,19.3359375,0.615234375,-13.18359375,-4.39453125,-4.39453125,8.7890625,0.0,0.0,2.9,-0.0,0.7,-4.8,-4.0,3.2
2.714477062225342,-20.04063768525886,-33.446160029309105,-47.91529050122088,81.36137341625567,20.04063741638141,-1.3778325489124225e-5,-20.159632432050707,-33.638083726098394,-48.19979581238893,81.63650208769793,20.09096551314562,-1.3804676859469195e-5,-19.51171875,-33.75,-47.8125,80.771484375,19.3359375,0.615234375,-13.18359375,-4.39453125,-4.39453125,8.7890625,0.0,0.0,3.1,-0.0,0.7,-4.8,-4.0,3.2
2.7194771766662598,-20.048007554654134,-33.45845972930172,-47.9329111697134,81.39129375638231,20.04800728567781,-1.3783392416680883e-5,-20.16229848558992,-33.64290009146335,-48.20617009707135,81.65688087110615,20.09664482734142,-1.3808876060389519e-5,-19.51171875,-33.75,-47.8125,80.859375,19.3359375,0.615234375,0.0,-8.7890625,-4.39453125,8.7890625,0.0,0.0,3.1,-0.0,0.7,-3.8,-4.0,3.2
2.7244791984558105,-20.05514862485319,-33.47037758243639,-47.949984800725105,81.4202852130506,20.055148355781053,-1.3788302040370929e-5,-20.164813567567727,-33.64745461507196,-48.212183422869344,81.67645878757426,20.102116950188325,-1.381292872100477e-5,-19.51171875,-33.75,-47.8125,80.859375,19.423828125,0.615234375,0.0,-8.7890625,-4.39453125,8.7890625,0.0,0.0,3.1,-0.0,0.7,-4.6,-4.1,3.2
2.7294812202453613,-20.06206000431058,-33.48191210079781,-47.9665092626542,81.44834416674686,20.062059735145716,-1.379305374723966e-5,-20.167180015249517,-33.65175280736191,-48.21784137796587,81.69523837387318,20.107382066894484,-1.3816834776781201e-5,-19.51171875,-33.75,-47.8125,80.859375,19.423828125,0.615234375,0.0,-8.7890625,-4.39453125,8.7890625,0.0,0.0,3.1,-0.0,1.5,-4.8,-4.1,3.2
2.7344841957092285,-20.06874651424088,-33.49307133059273,-47.98249608257388,81.47549019073246,20.068746244986308,-1.3797650851965212e-5,-20.169402716422216,-33.65580109765496,-48.22315564860235,81.71323912392664,20.11244497704937,-1.3820597529005313e-5,-19.51171875,-33.837890625,-47.8125,80.859375,19.423828125,0.615234375,0.0,-8.7890625,-4.39453125,8.7890625,0.0,0.0,3.2,-0.0,1.7,-5.6,-3.9,3.2
2.7394862174987793,-20.07520783466991,-33.5038547378108,-47.99794449545578,81.50172198596995,20.07520756532865,-1.3802093134559155e-5,-20.171484432666595,-33.65960529754368,-48.228132837460166,81.7304656536546,20.11730639674097,-1.3824217285853696e-5,-19.51171875,-33.837890625,-47.8125,80.859375,19.423828125,0.615234375,0.0,-4.39453125,-4.39453125,8.7890625,4.39453125,0.0,3.2,-0.0,1.7,-5.6,-3.9,3.2
2.7449121475219727,-20.081966469936987,-33.515134338803165,-48.014103760310505,81.52916082581052,20.081966200505043,-1.3806739826846818e-5,-20.173588125607203,-33.66346663088563,-48.23316257054341,81.74829516971121,20.12235646789516,-1.3827985178770989e-5,-19.51171875,-33.837890625,-47.8125,80.947265625,19.423828125,0.615234375,0.0,-4.39453125,0.0,8.7890625,4.39453125,0.0,3.2,-0.0,1.7,-4.8,-4.0,3.2
2.7499141693115234,-20.087974794323706,-33.52516173324552,-48.02846910201953,81.55355353884248,20.08797452481116,-1.3810870665912156e-5,-20.17539266100854,-33.66678065597358,-48.23747704592751,81.76397470690554,20.12681432303184,-1.3831318157166753e-5,-19.51171875,-33.837890625,-47.8125,80.947265625,19.423828125,0.615234375,0.0,-4.39453125,0.0,0.0,4.39453125,0.0,3.2,-0.0,1.7,-4.8,-4.0,3.2
2.754916191101074,-20.093761586825682,-33.534819409369256,-48.04230478170982,81.57704687238954,20.093761317235494,-1.3814849197527888e-5,-20.177065394395036,-33.66987934985075,-48.24147639502027,81.77890416152856,20.131075922475304,-1.3834511443541094e-5,-19.51171875,-33.837890625,-47.8125,80.947265625,19.423828125,0.615234375,0.0,-4.39453125,0.0,0.0,4.39453125,0.0,3.2,-0.0,1.6,-4.8,-4.0,3.2
2.759918212890625,-20.099344034481284,-33.54413605091415,-48.055651891982805,81.59971060272673,20.099343764816197,-1.3818687238114863e-5,-20.17861888468617,-33.67275514431814,-48.24519064502367,81.7931457425279,20.135157178073598,-1.3837576219780663e-5,-19.51171875,-33.837890625,-47.8125,81.03515625,19.423828125,0.615234375,0.0,0.0,0.0,0.0,0.0,0.0,4.0,-0.0,1.6,-4.0,-4.0,3.2
2.7649199962615967,-20.104711012028698,-33.5530930907421,-48.06848383337791,81.62149956329824,20.1047107422916,-1.3822377138840701e-5,-20.18004929004204,-33.67542909709291,-48.248610610457774,81.80666663681134,20.1390490664753,-1.3840505889471566e-5,-19.51171875,-33.92578125,-47.8125,81.03515625,19.423828125,0.615234375,0.0,0.0,0.0,0.0,0.0,0.0,4.0,-0.0,1.6,-4.8,-4.0,3.2
2.7699220180511475,-20.10988003094951,-33.561719754061656,-48.08084247420994,81.64248484755998,20.109879761143063,-1.3825930939187221e-5,-20.181368913262506,-33.67789487376296,-48.25176570616648,81.81952922355596,20.142767621843372,-1.38433117541425e-5,-19.423828125,-33.92578125,-47.8125,81.03515625,19.51171875,0.615234375,0.0,0.0,0.0,0.0,0.0,0.0,4.8,-0.0,1.6,-4.8,-3.2,3.2
2.7749221324920654,-20.114838492675226,-33.569995014908244,-48.092697692479845,81.66261530759684,20.114838222802256,-1.382933997739525e-5,-20.18257408124054,-33.68017202074209,-48.25464715009444,81.83169811551879,20.14630295396939,-1.3845986516576054e-5,-19.423828125,-33.92578125,-47.8125,81.03515625,19.51171875,0.615234375,0.0,0.0,0.0,0.0,0.0,0.0,5.0,-0.0,1.6,-4.8,-3.1,3.2
2.779924154281616,-20.1196069533451,-33.5779531797712,-48.10409863599417,81.68197439762558,20.11960668340815,-1.3832618386207555e-5,-20.183677452252578,-33.68225674098867,-48.25728520699676,81.84324241467982,20.149673136154146,-1.38485430534375e-5,-19.423828125,-33.92578125,-47.8125,81.03515625,19.51171875,0.615234375,4.39453125,-4.39453125,0.0,0.0,4.39453125,0.0,5.0,-0.0,1.6,-4.8,-3.1,3.2
2.784926176071167,-20.124173451359383,-33.58557428573389,-48.11501670568656,81.70051355570925,20.124173181361172,-1.383575794179328e-5,-20.18467604360754,-33.68416790704,-48.259672745538005,81.85412934777882,20.15286891725126,-1.3850974505640423e-5,-19.423828125,-33.92578125,-47.8125,81.03515625,19.51171875,0.615234375,4.39453125,-4.39453125,0.0,0.0,4.39453125,0.0,5.0,-0.0,1.6,-4.8,-3.2,3.2
2.7899281978607178,-20.128554491025252,-33.59288587711439,-48.125491361811996,81.7182997863574,20.128554220968258,-1.3838769991182382e-5,-20.185581132765886,-33.6859010622256,-48.2618367290715,81.86441730289796,20.155905346392757,-1.385329149508826e-5,-19.423828125,-33.92578125,-47.8125,81.03515625,19.51171875,0.615234375,4.39453125,-4.39453125,0.0,0.0,4.39453125,0.0,5.0,-0.0,1.6,-4.8,-3.2,3.2
2.794929027557373,-20.132739506454683,-33.59987032032305,-48.13549734232033,81.7352901939709,20.13273923634154,-1.384164727012277e-5,-20.18639070356934,-33.68747489107157,-48.26377233715135,81.87407823370539,20.15877439924816,-1.3855488034837303e-5,-19.423828125,-33.92578125,-47.8125,81.03515625,19.51171875,0.615234375,4.39453125,-4.39453125,0.0,0.0,4.39453125,0.0,4.8,-0.0,1.6,-4.8,-3.2,3.2
2.7999320030212402,-20.136747496053886,-33.6065593221221,-48.145080070624076,81.75156190865138,20.13674722588697,-1.3844402840385658e-5,-20.18711608490888,-33.68888706010329,-48.26550665609639,81.8831754277031,20.161492683317267,-1.3857575978263066e-5,-19.423828125,-34.013671875,-47.8125,81.03515625,19.51171875,0.615234375,0.0,0.0,0.0,0.0,0.0,0.0,4.8,-0.8,1.6,-4.8,-3.2,3.2
2.804932117462158,-20.140565355617753,-33.61293101268145,-48.15420821579433,81.76706172969025,20.140565085399615,-1.3847027692576935e-5,-20.18775542507848,-33.69015442618448,-48.267035258650694,81.89167635779785,20.164050680206692,-1.3859548133025652e-5,-19.423828125,-34.013671875,-47.8125,81.03515625,19.51171875,0.615234375,0.0,0.0,0.0,0.0,0.0,0.0,4.8,-0.9,1.6,-5.6,-3.2,3.2
2.809932231903076,-20.144211382856046,-33.61901592935917,-48.16292552594393,81.78186394248804,20.14421111258899,-1.3849534406725475e-5,-20.18831946851203,-33.69127566369289,-48.26838383375086,81.89964180435376,20.16646436016733,-1.3861415904431176e-5,-19.423828125,-34.013671875,-47.8125,81.03515625,19.51171875,0.615234375,0.0,0.0,0.0,0.0,0.0,0.0,4.8,-0.9,1.6,-5.6,-3.2,3.2
2.8149352073669434,-20.147678924776827,-33.6248029688642,-48.17121609439134,81.79594153709775,20.14767865446325,-1.385191840877082e-5,-20.18880807380287,-33.6922687032347,-48.26955204330681,81.90705487456917,20.16872875190107,-1.386317554785159e-5,-19.423828125,-34.013671875,-47.8125,81.03515625,19.51171875,0.615234375,0.0,0.0,0.0,0.0,0.0,0.0,4.8,-0.9,1.6,-5.6,-3.2,3.2
2.8199360370635986,-20.150980064070307,-33.63031229620313,-48.17910880971888,81.80934356706179,20.150979793712438,-1.3854188005795871e-5,-20.189230498870614,-33.69313156009069,-48.270562022138506,81.91396165502111,20.170855511743813,-1.3864835181797635e-5,-19.423828125,-34.013671875,-47.8125,81.123046875,19.51171875,0.615234375,0.0,-4.39453125,0.0,0.0,0.0,0.0,4.8,-0.9,1.6,-4.8,-3.2,3.2
2.824939012527466,-20.154109570332373,-33.63553518226582,-48.18659116651946,81.82204879788304,20.154109299932514,-1.3856339601796765e-5,-20.189587460969967,-33.693881520715884,-48.271415485134895,81.92034962564384,20.17284083318036,-1.386639190454889e-5,-19.423828125,-34.1015625,-47.8125,81.123046875,19.51171875,0.615234375,0.0,-4.39453125,0.0,0.0,0.0,0.0,4.8,-1.7,1.6,-4.8,-3.2,3.2
2.829939126968384,-20.157079620610023,-33.64049194953248,-48.193692278973664,81.83410666617546,20.15707935017032,-1.3858381568728518e-5,-20.189887838911467,-33.6945181328861,-48.27213366070163,81.92626444345707,20.17469632820998,-1.3867853829908016e-5,-19.423828125,-34.1015625,-47.8125,81.123046875,19.51171875,0.615234375,0.0,-4.39453125,0.0,0.0,0.0,0.0,4.8,-1.7,1.6,-4.8,-4.0,3.2
2.834940195083618,-20.159885043060726,-33.64517396662744,-48.200399781689654,81.84549617519144,20.159884772583382,-1.3860310350849494e-5,-20.190133017636732,-33.695057576050786,-48.272719860104566,81.93169502731843,20.176418460489085,-1.3869218204665148e-5,-19.423828125,-34.1015625,-47.8125,81.2109375,19.51171875,0.615234375,0.0,-4.39453125,0.0,0.0,0.0,0.0,4.8,-1.7,1.6,-4.0,-4.1,3.2
2.8399410247802734,-20.162540049047273,-33.64960495113499,-48.206747652706824,81.85627502049996,20.16253977853431,-1.3862135718746102e-5,-20.190331577783894,-33.69550127887967,-48.273194598847056,81.93669009233352,20.1780199379664,-1.3870494054464253e-5,-19.423828125,-34.1015625,-47.8125,81.2109375,19.51171875,0.615234375,0.0,-4.39453125,0.0,0.0,0.0,0.0,4.8,-1.7,1.6,-4.0,-4.1,3.2
2.8449411392211914,-20.165037484804603,-33.65377296401533,-48.21271878804194,81.86641415910555,20.165037214258135,-1.386385275406669e-5,-20.190485441623707,-33.6958638748345,-48.27356247289866,81.94123618611266,20.179496268173505,-1.3871677796196176e-5,-19.423828125,-34.1015625,-47.8125,81.2109375,19.51171875,0.615234375,0.0,-4.39453125,0.0,0.0,0.0,0.0,4.8,-1.6,1.6,-4.0,-4.0,3.2
2.849942207336426,-20.167392682759726,-33.657703593815874,-48.21834984609407,81.87597583789568,20.167392412181652,-1.3865471998150964e-5,-20.19060270552491,-33.6961484137398,-48.2738428399199,81.94538291298743,20.180860616688236,-1.3872778881283531e-5,-19.423828125,-34.1015625,-47.8125,81.2109375,19.51171875,0.615234375,0.0,-4.39453125,0.0,0.0,0.0,0.0,4.8,-1.6,1.6,-4.0,-4.0,3.2
2.854943037033081,-20.169598729400118,-33.66138530245836,-48.223624297301356,81.88493198925681,20.16959845879245,-1.386698869782554e-5,-20.190686095816808,-33.696368454037085,-48.27404221830916,81.94911900011999,20.182108946844046,-1.3873794003104053e-5,-19.423828125,-34.1015625,-47.8125,81.2109375,19.51171875,0.615234375,0.0,-4.39453125,0.0,0.0,0.0,0.0,4.8,-1.6,1.6,-4.0,-4.0,3.2
2.859943151473999,-20.171669527552087,-33.664841292605324,-48.22857538202127,81.89333905615547,20.171669256916633,-1.3868412411552029e-5,-20.19074303486297,-33.69652831169313,-48.274178354243574,81.95249020986228,20.183253357627237,-1.387473182121508e-5,-19.423828125,-34.189453125,-47.8125,81.2109375,19.51171875,0.615234375,0.0,-4.39453125,0.0,0.0,0.0,0.0,4.8,-2.4,1.6,-4.0,-4.0,3.2
2.86494517326355,-20.17360044089031,-33.66806382661484,-48.2331920152336,81.90117821594737,20.17360017022896,-1.3869739951767228e-5,-20.19077716234639,-33.69664066255742,-48.27425994986482,81.95549098227734,20.18429143628423,-1.3875590250927633e-5,-19.423828125,-34.189453125,-47.8125,81.2109375,19.51171875,0.615234375,0.0,-4.39453125,0.0,0.0,0.0,0.0,4.8,-2.5,1.6,-4.0,-4.0,3.2
2.869946002960205,-20.175403869975472,-33.67107359999287,-48.237503845519186,81.9084998126716,20.175403599289922,-1.3870979844096112e-5,-20.190795231170835,-33.69671116544753,-48.274303150734276,81.95816322854898,20.18523419782273,-1.3876377139760642e-5,-19.423828125,-34.189453125,-47.8125,81.2109375,19.51171875,0.615234375,0.0,-4.39453125,0.0,0.0,0.0,0.0,4.8,-2.5,1.6,-4.0,-4.0,3.2
2.8749470710754395,-20.17707533582586,-33.673863137690894,-48.241500164051644,81.91528566247044,20.177075065117883,-1.3872129009152247e-5,-20.190801743794957,-33.6967513957183,-48.27431872180949,81.96050362740928,20.18607967638745,-1.3877090661681968e-5,-19.423828125,-34.189453125,-47.8125,81.2109375,19.51171875,0.615234375,0.0,-4.39453125,0.0,0.0,0.0,0.0,4.8,-2.5,1.6,-4.8,-4.0,3.2
2.879948139190674,-20.17862793750664,-33.67645430096088,-48.245212289470786,81.92158894518532,20.178627666777828,-1.3873196452795943e-5,-20.190802816254926,-33.696768543763454,-48.27432128596098,81.96255371885908,20.186838999371705,-1.3877738838145344e-5,-19.423828125,-34.189453125,-47.8125,81.2109375,19.51171875,0.615234375,0.0,0.0,0.0,0.0,0.0,0.0,4.8,-2.5,1.6,-4.8,-4.0,3.2
2.8849501609802246,-20.18005756687863,-33.67884023365969,-48.24863039960001,81.92739298251229,20.18005729613064,-1.3874179350602162e-5,-20.190802817804652,-33.69677304799847,-48.27432128966622,81.96431273650254,20.187510757700547,-1.3878320193527357e-5,-19.423828125,-34.189453125,-47.8125,81.2109375,19.51171875,0.615234375,0.0,0.0,0.0,0.0,0.0,0.0,4.8,-2.4,1.6,-4.8,-4.0,3.2
2.889951229095459,-20.18137640127662,-33.68104125874782,-48.25178360930796,81.93274721223361,20.181376130510934,-1.3875086074723773e-5,-20.190802817804652,-33.69677316511981,-48.274321289666226,81.96581940590856,20.188105337428457,-1.3878842213047594e-5,-19.423828125,-34.189453125,-47.8125,81.2109375,19.51171875,0.615234375,0.0,0.0,0.0,0.0,0.0,0.0,4.8,-2.4,1.6,-4.8,-4.0,3.2
2.8949551582336426,-20.18258168814784,-33.68305278244328,-48.254665337498395,81.93764045948171,20.182581417365988,-1.3875914732727593e-5,-20.190802817804652,-33.69677316511981,-48.27432128966623,81.96707684607304,20.1886223707381,-1.3879304183318376e-5,-19.423828125,-34.189453125,-47.8125,81.2109375,19.51171875,0.615234375,0.0,0.0,0.0,0.0,0.0,0.0,4.8,-2.4,1.6,-4.8,-4.0,3.2
2.899956226348877,-20.183684306297266,-33.684892960568156,-48.257301594376614,81.94211689024203,20.18368403550062,-1.387667280400215e-5,-20.190802817804652,-33.69677316511981,-48.274321289666226,81.96812069289922,20.189071368824322,-1.3879712925536157e-5,-19.423828125,-34.189453125,-47.8125,81.2109375,19.51171875,0.615234375,0.0,0.0,0.0,0.0,0.0,0.0,4.8,-2.4,1.6,-4.8,-4.0,3.2
2.9049570560455322,-20.1846819063247,-33.686557872168606,-48.259686762746455,81.94616696637368,20.184681635514664,-1.3877358673289434e-5,-20.190802817804652,-33.69677316511981,-48.274321289666226,81.96895702617704,20.189452609697916,-1.3880068130512124e-5,-19.423828125,-34.189453125,-47.8125,81.2109375,19.51171875,0.615234375,0.0,0.0,0.0,0.0,0.0,0.0,4.8,-2.4,1.6,-4.8,-4.0,3.2
2.9099600315093994,-20.1855866936075,-33.688067887005886,-48.26185002452376,81.94984023950673,20.18558642278533,-1.387798073202213e-5,-20.190802817804652,-33.69677316511981,-48.274321289666226,81.96962081489797,20.189775787817794,-1.3880376923046527e-5,-19.423828125,-34.189453125,-47.8125,81.2109375,19.51171875,0.615234375,0.0,0.0,0.0,0.0,0.0,0.0,4.8,-2.4,1.6,-4.8,-4.0,3.2
2.915081024169922,-20.186413964932616,-33.68944853414705,-48.26382795289554,81.95319881183642,20.186413694099343,-1.3878549497036708e-5,-20.19081596278278,-33.69677316511981,-48.27361507131802,81.97013049150056,20.190047167390553,-1.3880644789321537e-5,-19.423828125,-34.189453125,-47.8125,81.2109375,19.51171875,0.615234375,0.0,0.0,0.0,0.0,0.0,0.0,4.8,-2.4,1.6,-4.8,-4.0,3.2
2.9200820922851562,-20.187136457761582,-33.69065431467944,-48.26555536568193,81.95613200237513,20.187136186918618,-1.3879046224811412e-5,-20.190827137294434,-33.69677316511981,-48.27301471694037,81.97049467235378,20.190263093265127,-1.3880865855360859e-5,-19.423828125,-34.189453125,-47.8125,81.2109375,19.51171875,0.615234375,0.0,0.0,0.0,0.0,0.0,0.0,4.8,-2.4,1.6,-4.8,-4.0,3.2
2.925082206726074,-20.187773431009276,-33.691717370132636,-48.26707830914731,81.9587179988427,20.187773160157768,-1.3879484156222201e-5,-20.190827137294434,-33.69726456613108,-48.27301471694037,81.97073993158652,20.19043239681004,-1.3881047619182108e-5,-19.423828125,-34.189453125,-47.8125,81.298828125,19.51171875,0.615234375,0.0,0.0,0.0,0.0,0.0,0.0,4.8,-2.4,1.6,-4.0,-4.0,3.2
2.9300830364227295,-20.188335240755695,-33.69265498394413,-48.268421543710446,81.96099884505553,20.188334969896648,-1.3879870411274095e-5,-20.190827138626204,-33.69726456613109,-48.272979871898784,81.97089508944275,20.190563163269893,-1.3881196057168218e-5,-19.423828125,-34.189453125,-47.8125,81.298828125,19.51171875,0.615234375,0.0,0.0,0.0,0.0,0.0,0.0,4.8,-2.4,1.6,-4.0,-4.0,3.2
2.9350831508636475,-20.188821496463706,-33.693466504339874,-48.26958413563358,81.96297295550335,20.188821225598137,-1.3880204721465275e-5,-20.190827169371254,-33.69726456613109,-48.272175445679814,81.97097649720861,20.19065808253783,-1.3881312452259366e-5,-19.423828125,-34.189453125,-47.8125,81.298828125,19.51171875,0.615234375,0.0,0.0,0.0,0.0,0.0,0.0,4.8,-2.4,1.6,-4.0,-4.0,3.2
2.9400851726531982,-20.189242016789258,-33.69416831784126,-48.27058956040482,81.96468019215786,20.189241745918043,-1.3880493837311348e-5,-20.190827154988035,-33.69737164783945,-48.27135893003913,81.97101042051783,20.190724625201955,-1.388140236829924e-5,-19.423828125,-34.189453125,-47.8125,81.298828125,19.599609375,0.615234375,0.0,0.0,0.0,0.0,4.39453125,0.0,4.8,-2.4,1.6,-4.0,-3.2,3.2
2.9450860023498535,-20.189597074792623,-33.694760880163216,-48.27143847088577,81.96612166359455,20.189596803916643,-1.3880737946546529e-5,-20.190827139681065,-33.69737612098785,-48.27089453409228,81.97101665180841,20.19076629570646,-1.3881467627608406e-5,-19.423828125,-34.189453125,-47.8125,81.298828125,19.599609375,0.615234375,0.0,0.0,0.0,0.0,4.39453125,0.0,4.8,-2.4,1.6,-4.0,-3.1,3.2
2.9500861167907715,-20.18989576054116,-33.695259361873276,-48.27215260057738,81.9673342738469,20.189895489661172,-1.38809432987677e-5,-20.19082712402199,-33.69747567170412,-48.270455983039476,81.97101676269202,20.190789934893804,-1.3881513351811257e-5,-19.423828125,-34.189453125,-47.8125,81.298828125,19.599609375,0.615234375,0.0,0.0,0.0,0.0,4.39453125,0.0,4.8,-2.4,1.6,-4.0,-3.1,3.2
2.9550862312316895,-20.190139455415988,-33.69566606838182,-48.27273525223271,81.96832363107306,20.190139184532732,-1.3881110843701057e-5,-20.190827044713163,-33.6975846076464,-48.268906429856955,81.97101676269202,20.19079992994952,-1.3881541995761143e-5,-19.423828125,-34.189453125,-47.8125,81.298828125,19.599609375,0.615234375,0.0,0.0,0.0,0.0,4.39453125,0.0,4.8,-2.4,1.6,-4.0,-3.2,3.2
2.9600892066955566,-20.19033670782198,-33.695995266266664,-48.273206864288355,81.96912444025453,20.190336436936082,-1.3881246458540062e-5,-20.190826951539186,-33.697725668447376,-48.26744906915156,81.97101676269202,20.190802489813407,-1.3881558252889407e-5,-19.423828125,-34.189453125,-47.8125,81.298828125,19.599609375,0.615234375,0.0,0.0,0.0,0.0,0.0,0.0,4.8,-2.4,1.6,-4.0,-3.2,3.2
2.9650912284851074,-20.19048947172793,-33.69625021653947,-48.27357210850097,81.96974463415214,20.19048920083998,-1.3881351486676004e-5,-20.190826845747196,-33.69784657030783,-48.26624401219299,81.97101676269202,20.190802546912497,-1.388156512272787e-5,-19.423828125,-34.189453125,-47.8125,81.298828125,19.599609375,0.615234375,0.0,0.0,0.0,0.0,0.0,0.0,4.8,-2.4,1.6,-4.0,-3.2,3.2
2.9700920581817627,-20.190605630392547,-33.69644407570436,-48.27384983300489,81.97021621737399,20.190605359503035,-1.3881431348001506e-5,-20.19082669558685,-33.69805745219507,-48.26479289542254,81.97101676269202,20.190802546912497,-1.3881566878957815e-5,-19.423828125,-34.189453125,-47.8125,81.298828125,19.599609375,0.615234375,0.0,0.0,0.0,0.0,0.0,0.0,4.8,-2.4,1.6,-4.0,-3.2,3.2
2.975093126296997,-20.190688166415576,-33.69658182147263,-48.27404716891717,81.97055129873695,20.19068789552496,-1.3881488093111506e-5,-20.19082639200166,-33.698302709415806,-48.26193774578606,81.97101676269202,20.190802546912497,-1.388156691815596e-5,-19.423828125,-34.189453125,-47.8125,81.298828125,19.599609375,0.615234375,0.0,0.0,0.0,0.0,0.0,0.0,4.8,-2.4,1.6,-4.0,-3.2,3.2
2.980095148086548,-20.190744351390354,-33.69667558952967,-48.27418150193742,81.97077939959804,20.19074408049898,-1.3881526721366863e-5,-20.190826012320493,-33.698562510184914,-48.25947914048481,81.97097799572101,20.190802546912497,-1.388156691815596e-5,-19.423828125,-34.189453125,-47.8125,81.298828125,19.599609375,0.615234375,0.0,0.0,0.0,0.0,0.0,0.0,4.8,-2.4,1.6,-4.0,-3.2,3.2
2.9850971698760986,-20.19077792302936,-33.69673161780722,-48.27426176858666,81.97091569439564,20.190777652137538,-1.3881549802517109e-5,-20.190825482014752,-33.69885807763212,-48.256637291757556,81.97020188616818,20.190802546912497,-1.388156691815596e-5,-19.423828125,-34.189453125,-47.8125,81.298828125,19.599609375,0.615234375,0.0,0.0,0.0,0.0,0.0,0.0,4.8,-2.4,1.6,-4.0,-3.2,3.2
2.9900991916656494,-20.190795556966968,-33.69676104738469,-48.27430392968236,81.97098728500097,20.19079528607491,-1.3881561926189812e-5,-20.19082476668792,-33.699200580525684,-48.2534040511121,81.97020188616818,20.190802546912497,-1.388156691815596e-5,-19.423828125,-34.189453125,-47.8125,81.298828125,19.599609375,0.615234375,0.0,0.0,0.0,0.0,0.0,0.0,4.8,-2.4,1.6,-4.0,-3.2,3.2
2.9951000213623047,-20.19080183042464,-33.696771517264565,-48.27431892893296,81.9710127541073,20.1908015595325,-1.3881566239313133e-5,-20.19082379645706,-33.699591179410206,-48.24971930721018,81.97020188616818,20.190802546912497,-1.3881566918155962e-5,-19.423828125,-34.189453125,-47.8125,81.298828125,19.599609375,0.615234375,0.0,0.0,0.0,0.0,0.0,0.0,4.8,-2.4,1.6,-4.0,-3.2,3.2
3.0001020431518555,-20.190802817804652,-33.69677316511981,-48.27432128966622,81.97101676269202,20.190802546912494,-1.388156691815596e-5,-20.190822519982188,-33.700037658457354,-48.24557540132421,81.96946969734563,20.19082713580695,-1.388156691815596e-5,-19.423828125,-34.189453125,-47.8125,81.298828125,19.599609375,0.615234375,0.0,0.0,0.0,0.0,0.0,0.0,4.8,-2.4,1.6,-4.0,-3.2,3.2
3.00510311126709,-20.190802817804652,-33.69677316511981,-48.274321289666226,81.97101676269202,20.190802546912497,-1.388156691815596e-5,-20.190820831484004,-33.70054065211214,-48.24090703354167,81.9690767184953,20.190827135806952,-1.388156691815596e-5,-19.423828125,-34.189453125,-47.8125,81.298828125,19.599609375,0.615234375,0.0,0.0,0.0,0.0,0.0,0.0,4.8,-2.4,1.6,-4.0,-3.2,3.2
3.010103225708008,-20.190802817804652,-33.69677316511981,-48.27432128966623,81.97101676269202,20.190802546912497,-1.388156691815596e-5,-20.190818659073887,-33.70110848365774,-48.235711306680685,81.96871868672748,20.190827135806952,-1.3780260591170323e-5,-19.423828125,-34.189453125,-47.8125,81.298828125,19.599609375,0.615234375,0.0,0.0,0.0,0.0,0.0,0.0,4.8,-2.4,1.6,-4.0,-3.2,3.2
3.015104055404663,-20.190802817804652,-33.69677316511981,-48.274321289666226,81.97101676269202,20.190802546912497,-1.3881566918155959e-5,-20.190815846498275,-33.70174182285764,-48.229913403996335,81.96801090220549,20.19082716840622,-1.3780260591170323e-5,-19.423828125,-34.189453125,-47.8125,81.298828125,19.599609375,0.615234375,0.0,0.0,0.0,0.0,0.0,0.0,4.8,-2.4,1.6,-4.0,-3.2,3.2
3.020104169845581,-20.190802817804652,-33.69677316511981,-48.274321289666226,81.97101676269202,20.190802546912497,-1.388156691815596e-5,-20.190812295861853,-33.702449615092775,-48.22351496613238,81.96700304463438,20.190827167658185,-1.3780260591170321e-5,-19.423828125,-34.189453125,-47.8125,81.298828125,19.599609375,0.615234375,0.0,0.0,0.0,0.0,0.0,0.0,4.8,-2.4,1.6,-4.0,-3.2,3.2
3.0251049995422363,-20.190802817804652,-33.69677316511981,-48.274321289666226,81.97101676269202,20.190802546912497,-1.388156691815596e-5,-20.19080778523103,-33.70323214940116,-48.21643494157297,81.96575372190173,20.190827154044428,-1.3780008528088651e-5,-19.423828125,-34.189453125,-47.8125,81.298828125,19.599609375,0.615234375,0.0,0.0,0.0,0.0,0.0,0.0,4.8,-2.4,1.6,-4.0,-3.2,3.2
3.0301051139831543,-20.190802817804652,-33.69677316511981,-48.274321289666226,81.97101676269202,20.190802546912497,-1.388156691815596e-5,-20.1908021848141,-33.70409909756074,-48.20867887155802,81.96429373081698,20.19082712581855,-1.3780008442304525e-5,-19.423828125,-34.189453125,-47.8125,81.298828125,19.599609375,0.615234375,0.0,0.0,0.0,0.0,0.0,0.0,4.8,-2.4,1.6,-4.0,-3.2,3.2
3.0351061820983887,-20.19081626869677,-33.697044954620715,-48.27359863598643,81.97056606178047,20.19081614680993,-1.3825535295473446e-5,-20.19079518709073,-33.70505039820958,-48.20015884545727,81.96309037852166,20.19082706110003,-1.3780006895877166e-5,-19.423828125,-34.189453125,-47.8125,81.298828125,19.599609375,0.615234375,0.0,0.0,0.0,0.0,0.0,0.0,4.8,-2.4,1.6,-4.0,-3.2,3.2
3.0401082038879395,-20.19082713729443,-33.69726456613109,-48.27301471694037,81.97020188616818,20.19082713580695,-1.3780260591170323e-5,-20.190786621397272,-33.706096757393,-48.19088171661707,81.96092837833389,20.19082702463459,-1.3780009393068228e-5,-19.423828125,-34.189453125,-47.8125,81.298828125,19.599609375,0.615234375,0.0,0.0,0.0,0.0,0.0,0.0,4.8,-2.4,1.6,-4.0,-3.2,3.2
3.0451090335845947,-20.190827137294434,-33.69726456613109,-48.27301471694037,81.97020188616818,20.190827135806952,-1.3780260591170323e-5,-20.190776078951778,-33.70723689120467,-48.18076047651651,81.95883414458848,20.190826891634384,-1.3780025853819059e-5,-19.423828125,-34.189453125,-47.8125,81.298828125,19.599609375,0.615234375,0.0,0.0,0.0,0.0,0.0,0.0,4.8,-2.4,1.6,-4.0,-3.2,3.2
3.0501091480255127,-20.190827139044995,-33.69727041000961,-48.27296891453989,81.97016192768605,20.190827137586027,-1.3780246835076487e-5,-20.190763344905484,-33.70848222903462,-48.169805854369166,81.95643194521664,20.190826702751767,-1.3780012819118304e-5,-19.423828125,-34.189453125,-47.8125,81.298828125,19.599609375,0.615234375,0.0,0.0,0.0,0.0,0.0,0.0,4.8,-2.4,1.6,-4.0,-3.2,3.2
3.055110216140747,-20.190827169371254,-33.69737164783945,-48.272175445679814,81.96946969734563,20.19082716840622,-1.378000852808865e-5,-20.19074786880076,-33.70983186250728,-48.15791732063932,81.95367154069746,20.190826484875835,-1.3780027363238737e-5,-19.423828125,-34.189453125,-47.8125,81.298828125,19.599609375,0.615234375,0.0,0.0,0.0,0.0,0.0,0.0,4.8,-2.4,1.6,-4.0,-3.2,3.2
3.0601110458374023,-20.190827154988035,-33.69747567170412,-48.27135893003913,81.9687572055743,20.190827154044428,-1.3780006895877166e-5,-20.19072938759798,-33.711297588612425,-48.14511305587491,81.95054646109301,20.190826177713195,-1.3780043176301025e-5,-19.423828125,-34.189453125,-47.8125,81.298828125,19.599609375,0.615234375,0.0,0.0,0.0,0.0,0.0,0.0,4.8,-2.4,1.6,-3.2,-3.2,3.2
3.0651111602783203,-20.19082713932647,-33.697536194350086,-48.27088377606766,81.96834257424482,20.190827138362692,-1.3780008283266925e-5,-20.19070719439189,-33.71287735257726,-48.13129213003465,81.94700245617322,20.190825710576405,-1.3780029564498951e-5,-19.423828125,-34.189453125,-47.8125,81.298828125,19.599609375,0.615234375,0.0,0.0,0.0,0.0,0.0,0.0,4.8,-2.4,1.6,-3.2,-3.2,3.2
3.0701122283935547,-20.190827123180135,-33.69759252315994,-48.270441517516666,81.96795664449778,20.190827122186924,-1.3780010316750042e-5,-20.190680958185897,-33.7145844943296,-48.11646989627208,81.94303336421196,20.190825076751334,-1.3780015665396352e-5,-19.423828125,-34.189453125,-47.8125,81.298828125,19.599609375,0.615234375,0.0,0.0,0.0,0.0,0.0,0.0,4.8,-2.4,1.6,-3.2,-3.2,3.2
3.07511305809021,-20.1908270442784,-33.69778957331252,-48.26889434591116,81.96660652302168,20.190827043169563,-1.3780018316262197e-5,-20.190649776635322,-33.71641617186901,-48.100541716572835,81.93858011997892,20.190824212582903,-1.3780024682472754e-5,-19.423828125,-34.189453125,-47.8125,81.298828125,19.599609375,0.615234375,0.0,0.0,0.0,0.0,0.0,0.0,4.8,-1.6,0.8,-3.2,-3.2,3.2
3.080113172531128,-20.190826951539183,-33.697973663027454,-48.26744906915156,81.96534533596738,20.190826950380643,-1.3780021639828303e-5,-20.19061326858816,-33.71838565095336,-48.08353420496491,81.93364080251459,20.19082307046471,-1.3780034300065198e-5,-19.423828125,-34.189453125,-47.8125,81.298828125,19.599609375,0.615234375,0.0,0.0,0.0,0.0,0.0,0.0,4.8,-1.6,0.8,-3.2,-3.2,3.2
3.085116147994995,-20.190826845747196,-33.698127114865486,-48.26624401219299,81.96429373081699,20.19082684443929,-1.3780031950271869e-5,-20.19057025946266,-33.72049137892136,-48.065321087263,81.92814636766224,20.190821551857223,-1.3780044516159417e-5,-19.423828125,-34.189453125,-47.8125,81.298828125,19.599609375,0.615234375,0.0,0.0,0.0,0.0,0.0,0.0,4.8,-1.5,0.8,-3.2,-3.2,3.2
3.0901172161102295,-20.190826693226814,-33.6983144109376,-48.26477317260607,81.9630101872676,20.19082669174548,-1.3780043887828591e-5,-20.19052033473795,-33.722745491894486,-48.04594892125005,81.9221021033552,20.190819589704702,-1.3780055225437679e-5,-19.423828125,-34.189453125,-47.8125,81.298828125,19.599609375,0.615234375,0.0,0.0,0.0,0.0,0.0,0.0,4.8,-1.5,0.7,-3.2,-3.2,3.2
3.0951180458068848,-20.190826390411587,-33.698677192708885,-48.26192637208,81.96052616860896,20.190826389399295,-1.3780010693019414e-5,-20.19046206117999,-33.725145010128635,-48.02529384224545,81.91543619392557,20.190817040195334,-1.3780066367567593e-5,-19.423828125,-34.189453125,-47.8125,81.298828125,19.599609375,0.615234375,0.0,0.0,0.0,0.0,0.0,0.0,4.8,-1.5,0.7,-3.2,-3.2,3.2
3.1001181602478027,-20.19082601013676,-33.69899044927472,-48.259466663509585,81.95837971657974,20.190826008994293,-1.378001920321836e-5,-20.19039492084668,-33.72770436528766,-48.00339241088926,81.90815254628737,20.190813809260554,-1.3780077804684462e-5,-19.423828125,-34.189453125,-47.8125,81.298828125,19.599609375,0.615234375,0.0,0.0,0.0,0.0,0.0,0.0,4.8,-1.5,0.7,-3.2,-3.2,3.2
3.105119228363037,-20.190825479320853,-33.69935247293974,-48.25662395543533,81.95589903214363,20.190825478035315,-1.3780028470482038e-5,-20.190317144920733,-33.730420150856155,-47.98011416565842,81.90017346990393,20.190809691083864,-1.3780089424211417e-5,-19.423828125,-34.189453125,-47.8125,81.298828125,19.599609375,0.615234375,0.0,0.0,0.0,0.0,0.0,0.0,4.8,-1.6,0.7,-3.2,-3.2,3.2
3.1101200580596924,-20.19082476302902,-33.699764397405225,-48.25338931390024,81.95307631504548,20.190824761588285,-1.3780038335557751e-5,-20.190228150757523,-33.73330705194333,-47.95550372911519,81.89150709803064,20.1908045599485,-1.3780101044217239e-5,-19.423828125,-34.189453125,-47.8125,81.298828125,19.599609375,0.615234375,0.0,0.0,0.0,0.0,0.0,0.0,4.8,-1.6,0.8,-3.2,-3.2,3.2
3.1151201725006104,-20.190823792006533,-33.70023374721401,-48.249703597888995,81.94985994881281,20.190823790397367,-1.3780048752522693e-5,-20.190125829467156,-33.73635981359878,-47.92943610408741,81.88207428768081,20.190798132459662,-1.378011244972959e-5,-19.423828125,-34.189453125,-47.8125,81.298828125,19.599609375,0.615234375,0.0,0.0,0.0,0.0,0.0,0.0,4.8,-1.6,0.8,-3.2,-3.2,3.2
3.1201210021972656,-20.190822514148305,-33.70076158977475,-48.245558375087576,81.9462425685406,20.190822512357894,-1.3780059640559407e-5,-20.190009479221573,-33.73959517626197,-47.90194835814852,81.87188220130633,20.190790241889786,-1.3780123416685885e-5,-19.423828125,-34.189453125,-47.8125,81.298828125,19.599609375,0.615234375,0.0,0.0,0.0,0.0,0.0,0.0,4.8,-1.6,0.8,-3.2,-3.2,3.2
3.1251211166381836,-20.19082082463475,-33.70135610319741,-48.240889337147266,81.94216804399026,20.190820822649187,-1.3780070920761685e-5,-20.189876581714138,-33.74300660339404,-47.872916045704585,81.86084866168704,20.190780505012764,-1.3780133617740624e-5,-19.423828125,-34.189453125,-47.8125,81.298828125,19.599609375,0.615234375,0.0,0.0,0.0,0.0,0.0,0.0,4.8,-1.6,0.8,-3.2,-3.2,3.2
3.1301212310791016,-20.190818649776954,-33.70201795608199,-48.2356911601114,81.93763171980557,20.190818647582848,-1.3780082447896299e-5,-20.189726378993452,-33.74661094843868,-47.842385274708185,81.8489859145762,20.190768711242942,-1.3780142764405482e-5,-19.423828125,-34.189453125,-47.8125,81.298828125,19.599609375,0.615234375,0.0,0.0,0.0,0.0,0.0,0.0,4.8,-1.6,0.8,-3.2,-3.2,3.2
3.135122060775757,-20.190815835189994,-33.70275634168312,-48.22989151517059,81.93257046043217,20.190815832772802,-1.3780094087701335e-5,-20.189555801750274,-33.750402463409586,-47.810214499849195,81.83620206587602,20.19075434600869,-1.378015038776288e-5,-19.423828125,-34.189453125,-47.8125,81.298828125,19.599609375,0.615234375,0.0,0.0,0.0,0.0,0.0,0.0,4.8,-1.6,0.8,-3.2,-3.2,3.2
3.140123128890991,-20.190812280062364,-33.703571426611795,-48.223488990975724,81.92698302113249,20.190812277408146,-1.3780105655777726e-5,-20.18936405172517,-33.75439775195197,-47.77646173751693,81.82251569106708,20.19073714896357,-1.3780156139374222e-5,-19.423828125,-34.189453125,-47.8125,81.298828125,19.599609375,0.615234375,0.0,0.0,0.0,0.0,0.0,0.0,4.8,-1.6,0.8,-3.2,-3.2,3.2
3.1451241970062256,-20.190807766045204,-33.704472996298534,-48.21640654386532,81.92080214367621,20.19080776313895,-1.3780116908791537e-5,-20.189147540109218,-33.75858964921454,-47.740987589670056,81.80783270525033,20.19071645252992,-1.3780159354020263e-5,-19.423828125,-34.189453125,-47.8125,81.298828125,19.599609375,0.615234375,0.0,0.0,0.0,0.0,0.0,0.0,4.8,-1.6,0.8,-3.2,-3.2,3.2
3.1501262187957764,-20.190802157378496,-33.70546105570827,-48.208643995088565,81.91402765427817,20.190802154205777,-1.3780127620823897e-5,-20.18890534461601,-33.762996360111075,-47.70384533856258,81.79217155251348,20.19069193217119,-1.3780159606252443e-5,-19.423828125,-34.189453125,-47.8125,81.298828125,19.599609375,0.615234375,0.0,0.0,0.0,0.0,0.0,0.0,4.8,-1.6,0.8,-3.2,-3.2,3.2
3.1551380157470703,-20.190795138075533,-33.70654817270822,-48.200102356693776,81.90657313285485,20.19079513462032,-1.378013744808036e-5,-20.188632735069024,-33.76761878114076,-47.66481954271897,81.77540229017538,20.1906626737062,-1.3780156008055351e-5,-19.423828125,-34.189453125,-47.8125,81.298828125,19.599609375,0.615234375,0.0,0.0,0.0,0.0,0.0,0.0,4.8,-1.6,0.8,-3.2,-3.2,3.2
3.1601381301879883,-20.19078656250139,-33.70772907797493,-48.19082284510297,81.89847452650585,20.190786558749576,-1.3780146051316593e-5,-20.18832993890524,-33.772454442922566,-47.62414264799199,81.75762207439811,20.190628416044582,-1.3780148046638566e-5,-19.423828125,-34.189453125,-47.8125,81.298828125,19.599609375,0.615234375,0.0,0.0,0.0,0.0,0.0,0.0,4.8,-1.6,0.8,-3.2,-3.2,3.2
3.1651391983032227,-20.19077600940605,-33.7090175242225,-48.18069706190003,81.88963718953048,20.190776005341768,-1.3780152953061803e-5,-20.187991443614465,-33.77750693958174,-47.581572285623615,81.7386876461406,20.190588015584282,-1.3780134575222528e-5,-19.423828125,-34.189453125,-47.8125,81.298828125,19.599609375,0.615234375,0.0,0.0,0.0,0.0,0.0,0.0,4.8,-1.6,0.8,-3.2,-3.2,3.2
3.170140027999878,-20.190763255309463,-33.71041228911201,-48.169734372030426,81.88006926453639,20.190763250917673,-1.3780157779102705e-5,-20.187616286765323,-33.78279278819475,-47.537185847191154,81.71863107510919,20.19054101541955,-1.3780114978658088e-5,-19.423828125,-34.189453125,-47.8125,81.298828125,19.599609375,0.615234375,0.0,0.0,0.0,0.0,0.0,0.0,4.8,-1.6,0.8,-3.2,-3.2,3.2
3.175140142440796,-20.190747768070672,-33.71192491631698,-48.15784360443901,81.86969112414398,20.19074776333533,-1.37801598406698e-5,-20.18719893532993,-33.7883028390294,-47.490840492125784,81.69734926936466,20.190486087653106,-1.3780087797270492e-5,-19.423828125,-34.189453125,-47.8125,81.298828125,19.599609375,0.615234375,0.0,0.0,0.0,0.0,0.0,0.0,4.8,-1.6,0.8,-3.2,-3.2,3.2
3.1801412105560303,-20.190729261581808,-33.71355447999229,-48.1450317314785,81.85850881486216,20.190729256487554,-1.3780158675374979e-5,-20.186738173082606,-33.794056938174194,-47.442593339032335,81.67486702951912,20.190422670703825,-1.3780052288564971e-5,-19.423828125,-34.189453125,-47.8125,81.298828125,19.599609375,0.615234375,0.0,0.0,0.0,0.0,0.0,0.0,4.8,-1.6,0.8,-3.2,-3.2,3.2
3.1851420402526855,-20.19070704603769,-33.71531297514295,-48.1312038759167,81.8464394544664,20.19070704056824,-1.378015337145919e-5,-20.18622770037843,-33.80004451958915,-47.392305023495254,81.65108023410446,20.19034913536941,-1.3780006621910123e-5,-19.423828125,-34.189453125,-47.8125,81.298828125,19.599609375,0.615234375,0.0,0.0,0.0,0.0,0.0,0.0,4.8,-1.6,0.8,-3.2,-3.2,3.2
3.19014310836792,-20.190680776333682,-33.71719860020785,-48.11637382365626,81.83349502729982,20.190680770473527,-1.3780143378007929e-5,-20.18566637347678,-33.80628439479142,-47.34004854788185,81.62602288524519,20.19026485048423,-1.377994994826165e-5,-19.423828125,-34.189453125,-47.8125,81.298828125,19.599609375,0.615234375,0.0,0.0,0.0,0.0,0.0,0.0,4.8,-1.6,0.8,-3.2,-3.2,3.2
3.1951441764831543,-20.190649567543723,-33.71922424944344,-48.10043943622732,81.81958628915248,20.19064956127643,-1.3780127492375869e-5,-20.185046924384242,-33.81276640801494,-47.28567339443933,81.59958326235845,20.19016782111626,-1.377987998732272e-5,-19.423828125,-34.189453125,-47.8125,81.298828125,19.599609375,0.615234375,0.0,0.0,0.0,0.0,0.0,0.0,4.8,-1.6,0.8,-3.2,-3.2,3.2
3.2001450061798096,-20.19061300931909,-33.7213873027583,-48.083420857753,81.80473076405798,20.19061300262909,-1.3780105075495764e-5,-20.184368287342803,-33.81950865858132,-47.22926494827729,81.57180322223255,20.190057343857635,-1.3779795776316117e-5,-19.423828125,-34.189453125,-47.8125,81.298828125,19.599609375,0.615234375,0.0,0.0,0.0,0.0,0.0,0.0,4.8,-1.6,0.8,-3.2,-3.2,3.2
3.2051470279693604,-20.190569974539855,-33.72370198086123,-48.065205286255456,81.7888298707517,20.19056996741052,-1.3780074590108616e-5,-20.183621994514844,-33.82650266638736,-47.17065155432175,81.54255823701926,20.18993097737952,-1.3779694501345494e-5,-19.423828125,-34.189453125,-47.8125,81.298828125,19.599609375,0.615234375,0.0,0.0,0.0,0.0,0.0,0.0,4.8,-1.6,0.8,-3.2,-3.2,3.2
3.2101480960845947,-20.190519992874357,-33.726164234116744,-48.04582402629654,81.77191086416217,20.190519985290127,-1.3780035287777154e-5,-20.18280727506222,-33.83376398935952,-47.10994547115603,81.51190540772421,20.189787978293143,-1.3779575112058442e-5,-19.423828125,-34.189453125,-47.8125,81.298828125,19.599609375,0.615234375,0.0,0.0,0.0,0.0,0.0,0.0,4.8,-1.6,0.8,-3.2,-3.2,3.2
3.215149164199829,-20.190461673414546,-33.72878858190046,-48.02516165868714,81.75387284448146,20.190461665358892,-1.3779985247998453e-5,-20.18191471005555,-33.841282882808834,-47.046979401068505,81.4797201974308,20.189625458932632,-1.377943421533251e-5,-19.423828125,-34.189453125,-47.8125,81.298828125,19.599609375,0.615234375,0.0,0.0,0.0,0.0,0.0,0.0,4.8,-1.6,0.8,-3.2,-3.2,3.2
3.2201502323150635,-20.19039444575316,-33.7315713971653,-48.003246067183376,81.73474006842119,20.190394437210465,-1.3779923592086343e-5,-20.180943248433994,-33.84907795972682,-46.98184498334122,81.4460513303908,20.189442534805544,-1.3779270592336564e-5,-19.423828125,-34.189453125,-47.8125,81.298828125,19.599609375,0.615234375,0.0,0.0,0.0,0.0,0.0,0.0,4.8,-1.6,0.8,-3.2,-3.2,3.2
3.2251510620117188,-20.190316617266447,-33.73452713812438,-47.979962001153964,81.71441174356997,20.19031660822025,-1.3779847965904689e-5,-20.17988255222424,-33.85713719542581,-46.914387896082374,81.41077862382421,20.189235831865638,-1.3779080226274608e-5,-19.423828125,-34.189453125,-47.8125,81.298828125,19.599609375,0.615234375,0.0,0.0,0.0,0.0,0.0,0.0,4.8,-1.6,0.8,-3.2,-3.2,3.2
3.230152130126953,-20.190227524132222,-33.73765187129873,-47.95533965368421,81.69291412953713,20.190227514566963,-1.3779757342389058e-5,-20.178731540804723,-33.865480010566614,-46.84469783036494,81.37395164650334,20.18900436195359,-1.3778861737680241e-5,-19.423828125,-34.189453125,-47.8125,81.298828125,19.599609375,0.615234375,0.0,0.0,0.0,0.0,0.0,0.0,4.8,-1.6,0.8,-3.2,-3.2,3.2
3.2351531982421875,-20.19012511135339,-33.740960547993204,-47.92925952915516,81.67014268201687,20.190125101252686,-1.3779648855351504e-5,-20.17747868592904,-33.87409382533896,-46.77261929265493,81.33544748811056,20.188744167821746,-1.377861036309531e-5,-19.423828125,-34.189453125,-47.8125,81.298828125,19.599609375,0.615234375,0.0,0.0,0.0,0.0,0.0,0.0,4.8,-1.6,0.8,-3.2,-3.2,3.2
3.2401540279388428,-20.19000863931779,-33.744448181077985,-47.90176001432613,81.646130800642,20.190008628666273,-1.3779521369472414e-5,-20.176123181390412,-33.882996845201475,-46.698256403632804,81.2953252438636,20.188454216771923,-1.3778324649109173e-5,-19.423828125,-34.189453125,-47.8125,81.298828125,19.599609375,0.615234375,0.0,0.0,0.0,0.0,0.0,0.0,4.8,-1.6,0.8,-3.2,-3.2,3.2
3.245155096054077,-20.18987562476392,-33.74813064051702,-47.87271395996504,81.62076720615448,20.189875613545357,-1.377937139551673e-5,-20.174652061608825,-33.89217717268457,-46.62144266995841,81.25345411381343,20.188129868023623,-1.3777998948480949e-5,-19.423828125,-34.189453125,-47.8125,81.298828125,19.599609375,0.615234375,0.0,0.0,0.0,0.0,0.0,0.0,4.8,-1.6,0.8,-3.2,-3.2,3.2
3.250157117843628,-20.189725205374266,-33.7520031045647,-47.84215832839285,81.59408403913343,20.18972519357333,-1.3779197634547652e-5,-20.17306433893697,-33.901654795974764,-46.54227093471762,81.2098887437296,20.187769942243587,-1.3777631618340697e-5,-19.423828125,-34.189453125,-47.8125,81.298828125,19.599609375,0.615234375,0.0,0.0,0.0,0.0,0.0,0.0,4.8,-1.6,0.8,-3.2,-3.2,3.2
3.2551581859588623,-20.18955449947689,-33.75608001998576,-47.80997673242988,81.56597935917573,20.18955448707772,-1.3778996001795426e-5,-20.171346466086277,-33.911412846546575,-46.46061188129512,81.1645168216815,20.187369254445358,-1.3777216261602627e-5,-19.423828125,-34.189453125,-47.8125,81.298828125,19.599609375,0.615234375,0.0,0.0,0.0,0.0,0.0,0.0,4.8,-1.6,0.8,-3.2,-3.2,3.2
3.260160207748413,-20.18936250982783,-33.76035694861759,-47.77620298463905,81.536482540686,20.18936249681532,-1.3778765014261418e-5,-20.169497210331436,-33.92147346439545,-46.37654272159907,81.11738609155643,20.186926461876304,-1.3776751010317779e-5,-19.423828125,-34.189453125,-47.8125,81.298828125,19.599609375,0.615234375,0.0,0.0,0.0,0.0,0.0,0.0,4.8,-1.6,0.8,-3.2,-3.2,3.2
3.2651631832122803,-20.189145760644962,-33.76485026406465,-47.740704959189145,81.50547783145171,20.189145747003316,-1.3778499754258756e-5,-20.16750096429338,-33.93182313253075,-46.28990292801586,81.06836501560488,20.186435441961173,-1.3776228291583711e-5,-19.423828125,-34.189453125,-47.8125,81.298828125,19.599609375,0.615234375,0.0,0.0,0.0,0.0,0.0,0.0,4.8,-1.6,0.8,-3.2,-3.2,3.2
3.270165205001831,-20.188903304512415,-33.76955171252839,-47.70354647536391,81.47302079696232,20.18890329022705,-1.3778198774969662e-5,-20.165358088368176,-33.9424760391255,-46.200837073263074,81.01754081637232,20.185895126222274,-1.3775646489381144e-5,-19.423828125,-34.189453125,-47.8125,81.298828125,19.599609375,0.615234375,0.0,0.0,0.0,0.0,0.0,0.0,4.8,-1.6,0.8,-3.2,-3.2,3.2
3.275167226791382,-20.18863106390659,-33.774478619209304,-47.664587317343134,81.4389885466148,20.18863104896216,-1.3777856295232699e-5,-20.1630512921721,-33.9534201001468,-46.1091711080351,80.96477297883028,20.185298500508473,-1.3774996866167686e-5,-19.423828125,-34.189453125,-47.8125,81.298828125,19.599609375,0.615234375,0.0,0.0,0.0,0.0,0.0,0.0,4.8,-1.6,0.8,-3.2,-3.2,3.2
3.280168056488037,-20.1883279872659,-33.77962266652649,-47.6238916989094,81.40343697661542,20.188327971648217,-1.3777470732230251e-5,-20.160580988577195,-33.96467039968546,-46.015042083390995,80.91014650452823,20.184644415258155,-1.377427768912419e-5,-19.423828125,-34.189453125,-47.8125,81.298828125,19.599609375,0.615234375,0.0,0.0,0.0,0.0,0.0,0.0,4.8,-1.6,0.8,-3.2,-3.2,3.2
3.2851691246032715,-20.187989317785,-33.78500197573014,-47.58131245586421,81.36623704403547,20.187989301479085,-1.3777035331155098e-5,-20.157928122260913,-33.9762156640266,-45.91826725754973,80.85351407125057,20.183924872533332,-1.3773478946445758e-5,-19.423828125,-34.189453125,-47.8125,81.298828125,19.599609375,0.615234375,0.0,0.0,0.0,0.0,0.0,0.0,4.8,-1.6,0.8,-3.2,-3.2,3.2
3.290170192718506,-20.187613857200873,-33.7906086640711,-47.536910238460045,81.3274415163835,20.187613840192753,-1.3776548300005662e-5,-20.155092903950216,-33.98807286487143,-45.818968642430534,80.79495362434305,20.183138564418048,-1.3772598678319187e-5,-19.423828125,-34.189453125,-47.8125,81.298828125,19.599609375,0.615234375,0.0,0.0,0.0,0.0,0.0,0.0,4.8,-1.6,0.8,-3.2,-3.2,3.2
3.295171022415161,-20.18719623548468,-33.7964593815013,-47.49054880244708,81.28693079938373,20.187196217759897,-1.3776001997230731e-5,-20.152055526565572,-34.00022659174398,-45.71699572600467,80.7343348797082,20.182276721900962,-1.3771625798691066e-5,-19.423828125,-34.189453125,-47.8125,81.298828125,19.599609375,0.615234375,0.0,0.0,0.0,0.0,0.0,0.0,4.8,-1.6,0.8,-3.2,-3.2,3.2
3.300171136856079,-20.18673522121025,-33.802545258794474,-47.442296509694756,81.2447643856847,20.186735202755383,-1.3775394580994099e-5,-20.148816799474922,-34.01269277561904,-45.612479975454576,80.67174335939296,20.181338115016096,-1.3770558424802371e-5,-19.423828125,-34.189453125,-47.8125,81.298828125,19.599609375,0.615234375,0.0,0.0,0.0,0.0,0.0,0.0,4.8,-1.6,0.8,-3.2,-3.2,3.2
3.3051722049713135,-20.186224480973813,-33.808885491287924,-47.391996142524135,81.20080425297088,20.1862244617747,-1.377471704411692e-5,-20.145354028245116,-34.02546036801093,-45.505231925504184,80.6070237853406,20.180312546470518,-1.3769383633829309e-5,-19.423828125,-34.189453125,-47.8125,81.298828125,19.599609375,0.615234375,0.0,0.0,0.0,0.0,0.0,0.0,4.8,-1.6,0.8,-3.2,-3.2,3.2
3.3101730346679688,-20.18566278693202,-33.81546976241844,-47.33972743030964,81.15511981405884,20.18566276697566,-1.3773967538080721e-5,-20.14166889224017,-34.03854322148721,-45.39540105150233,80.5402741796603,20.17919894468303,-1.3768099687620401e-5,-19.423828125,-34.189453125,-47.8125,81.298828125,19.599609375,0.615234375,0.0,0.0,0.0,0.0,0.0,0.0,4.8,-1.6,0.8,-3.2,-3.2,3.2
3.315176010131836,-20.18504280884977,-33.82231865748237,-47.28532121847468,81.10756249969856,20.18504278812233,-1.3773135649343061e-5,-20.137736216632355,-34.05193214990918,-45.28278060087307,80.4713266287924,20.177985709459204,-1.376669182896053e-5,-19.423828125,-34.189453125,-47.8125,81.298828125,19.599609375,0.615234375,0.0,0.0,0.0,0.0,0.0,0.0,4.8,-1.6,0.8,-3.2,-3.2,3.2
3.3201770782470703,-20.184363651798076,-33.82941723908173,-47.22889385675199,81.05823372222888,20.184363630287333,-1.3772219967019324e-5,-20.133560512474634,-34.065632674850534,-45.167588795841695,80.40032316929951,20.176672561373802,-1.376515921842354e-5,-19.423828125,-34.189453125,-47.8125,81.298828125,19.599609375,0.615234375,0.0,0.0,0.0,0.0,0.0,0.0,4.8,-1.6,0.8,-3.2,-3.2,3.2
3.3251781463623047,-20.18361715646457,-33.836785397325926,-47.17028079616013,81.00698882281145,20.183617134157615,-1.3771208871743429e-5,-20.129115401799133,-34.07963398701369,-45.049633025337215,80.32710331960082,20.175246870314126,-1.3763485681433322e-5,-19.423828125,-34.189453125,-47.8125,81.298828125,19.599609375,0.615234375,0.0,0.0,0.0,0.0,0.0,0.0,4.8,-1.6,0.8,-3.2,-3.2,3.2
3.330179214477539,-20.18280188860876,-33.84441321644974,-47.10955840931726,80.95389425830541,20.18280186549362,-1.377010024450065e-5,-20.124402703456475,-34.09395191784409,-44.9290426568414,80.25175634788093,20.173707446250752,-1.376166930978603e-5,-19.423828125,-34.189453125,-47.8125,81.298828125,19.599609375,0.615234375,0.0,0.0,0.0,0.0,0.0,0.0,4.8,-1.6,0.8,-3.2,-3.2,3.2
3.3351800441741943,-20.18190897581656,-33.85231766430531,-47.046584355829125,80.89882465620536,20.18190895188098,-1.3768881420901501e-5,-20.119396020344805,-34.10856961863204,-44.80567600367813,80.17415160106346,20.172040929725576,-1.3759692850171829e-5,-19.423828125,-34.189453125,-47.8125,81.298828125,19.599609375,0.615234375,0.0,0.0,0.0,0.0,0.0,0.0,4.8,-1.6,0.8,-3.2,-3.2,3.2
3.3401801586151123,-20.18093708554234,-33.86048743951851,-46.98144599121883,80.84185607066605,20.180937060775058,-1.3767550420587215e-5,-20.11409832759619,-34.12350090902833,-44.679677580748866,80.09438968396326,20.170246450473268,-1.3757554758816686e-5,-19.423828125,-34.189453125,-47.8125,81.298828125,19.599609375,0.615234375,0.0,0.0,0.0,0.0,0.0,0.0,4.8,-1.6,0.8,-3.2,-3.2,3.2
3.345182180404663,-20.179875694813184,-33.86894430139411,-46.913961660519334,80.78282860606876,20.179875669202254,-1.376609225219199e-5,-20.108478297489377,-34.13873731178047,-44.550835079829426,80.0122936202551,20.168308233589435,-1.3755234682767925e-5,-19.423828125,-34.189453125,-47.8125,81.298828125,19.599609375,0.615234375,0.0,0.0,0.0,0.0,0.0,0.0,4.8,-1.6,0.8,-3.2,-3.2,3.2
3.3501830101013184,-20.178724022057036,-33.87767205029662,-46.844257740176644,80.72185243922755,20.178723995591906,-1.376450569701548e-5,-20.102542424028545,-34.15428417017075,-44.419362243119906,79.928009629071,20.16622654950714,-1.3752732428124139e-5,-19.423828125,-34.189453125,-47.8125,81.298828125,19.599609375,0.615234375,0.0,0.0,0.0,0.0,0.0,0.0,4.8,-1.6,0.8,-3.2,-3.2,3.2
3.3551831245422363,-20.17747090752119,-33.88668866597261,-46.77218159077704,80.6587929105215,20.17747088019103,-1.3762774821231347e-5,-20.09626012392137,-34.17012614032581,-44.28510599111392,79.84139732476578,20.163985117679026,-1.3750026839712804e-5,-19.423828125,-34.189453125,-47.8125,81.298828125,19.599609375,0.615234375,0.0,0.0,0.0,0.0,0.0,0.0,4.8,-1.6,0.8,-3.2,-3.2,3.2
3.36018705368042,-20.176113730043237,-33.89599108099615,-46.69775459664638,80.59366833686146,20.176113701837306,-1.3760895890401998e-5,-20.089629132123026,-34.18629196823318,-44.14807846324681,79.75247465983853,20.161581037155482,-1.374711386655291e-5,-19.423828125,-34.189453125,-47.8125,81.298828125,19.599609375,0.615234375,0.0,0.0,0.0,0.0,0.0,0.0,4.8,-1.6,0.8,-3.2,-3.2,3.2
3.3651890754699707,-20.174641704512673,-33.905585958384364,-46.62091334448132,80.52642196800619,20.174641675421064,-1.375885342198721e-5,-20.08262490637044,-34.202746518896724,-44.00829669320309,79.66120976969796,20.15899937959799,-1.3743973780944967e-5,-19.423828125,-34.189453125,-47.8125,81.298828125,19.599609375,0.615234375,0.0,0.0,0.0,0.0,0.0,0.0,4.8,-1.6,0.8,-3.2,-3.2,3.2
3.370190143585205,-20.173053292199096,-33.915462978994945,-46.54173725913408,80.4571229096721,20.173053262212587,-1.3756645206114644e-5,-20.075250826858447,-34.219505972971405,-43.8658737070832,79.56768786698602,20.156239267203972,-1.3740604997664455e-5,-19.423828125,-34.189453125,-47.8125,81.298828125,19.599609375,0.615234375,0.0,0.0,0.0,0.0,0.0,0.0,4.8,-1.6,0.8,-3.2,-3.2,3.2
3.375192165374756,-20.17133438683338,-33.92564282025486,-46.46004947992702,80.38561497866695,20.17133435594232,-1.375425111383245e-5,-20.06747046659277,-34.2365598672227,-43.720621432194406,79.47174277870818,20.15328061380184,-1.3736981313439638e-5,-19.423828125,-34.189453125,-47.8125,81.298828125,19.599609375,0.615234375,0.0,0.0,0.0,0.0,0.0,0.0,4.8,-1.6,0.8,-3.2,-3.2,3.2
3.3801941871643066,-20.169483996548934,-33.93611132163727,-46.3759601447262,80.31199415233436,20.169483964744646,-1.3751669691270996e-5,-20.059290330441158,-34.25391752379166,-43.57270515656885,79.37349486878928,20.15012363074571,-1.3733102457737443e-5,-19.423828125,-34.189453125,-47.8125,81.298828125,19.599609375,0.615234375,0.0,0.0,0.0,0.0,0.0,0.0,4.8,-1.6,0.8,-3.2,-3.2,3.2
3.3851962089538574,-20.16748734313027,-33.94688510833308,-46.28932350248286,80.23613130487774,20.167487310404056,-1.3748879855530404e-5,-20.050675139277672,-34.27156202201212,-43.42199585877634,79.27281571047291,20.14674779718618,-1.3728941500311786e-5,-19.423828125,-34.189453125,-47.8125,81.298828125,19.599609375,0.615234375,0.0,0.0,0.0,0.0,0.0,0.0,4.8,-1.6,0.8,-3.2,-3.2,3.2
3.3901991844177246,-20.165342803612173,-33.95795367195666,-46.20022035863551,80.1580967333569,20.16534276995595,-1.3745879273467488e-5,-20.041628993233072,-34.28950843122703,-43.26860292196869,79.16978984773654,20.14315236057582,-1.3724496989750624e-5,-19.423828125,-34.189453125,-47.8125,81.298828125,19.599609375,0.615234375,0.0,0.0,0.0,0.0,0.0,0.0,4.8,-1.6,0.8,-3.2,-3.2,3.2
3.3952012062072754,-20.163035112900584,-33.96932903594781,-46.1085405696967,80.0777923177876,20.16303507830661,-1.3742646162549836e-5,-20.032118496759864,-34.30773299818218,-43.112461255253905,79.06433085825212,20.139316686341452,-1.3719741657854162e-5,-19.423828125,-34.189453125,-47.8125,81.298828125,19.599609375,0.615234375,0.0,0.0,0.0,0.0,0.0,0.0,4.8,-1.6,0.8,-3.2,-3.2,3.2
3.400203227996826,-20.160562776054427,-33.981000344296795,-46.01436778599713,79.9952908524971,20.160562740515562,-1.3739178400836191e-5,-20.022148570378977,-34.32624978517808,-42.9536808027398,78.95652501873346,20.135240334735816,-1.3714674458406016e-5,-19.423828125,-34.189453125,-47.8125,81.298828125,19.599609375,0.615234375,0.0,0.0,0.0,0.0,0.0,0.0,4.8,-1.6,0.8,-3.2,-3.2,3.2
3.405205011367798,-20.15790848851487,-33.99298284590624,-45.91756441561709,79.9104699945402,20.157908452024095,-1.3735451338064348e-5,-20.011681341241484,-34.345041025547744,-42.792151339845255,78.84625481811406,20.13089999867325,-1.3709264652006666e-5,-19.423828125,-34.189453125,-47.8125,81.298828125,19.599609375,0.615234375,0.0,0.0,0.0,0.0,0.0,0.0,4.0,-1.6,0.8,-2.4,-2.4,3.2
3.4102060794830322,-20.155071610260958,-34.00526206389805,-45.81824339311647,79.82342820160143,20.15507157281206,-1.3731464057164455e-5,-20.00072540038809,-34.364114556390454,-42.62802819835494,78.73363861541318,20.126296737739455,-1.3703513066370284e-5,-19.423828125,-34.189453125,-47.8125,81.298828125,19.599609375,0.615234375,0.0,0.0,0.0,0.0,0.0,0.0,3.9,-1.6,0.8,-0.0,-2.3,3.2
3.4152071475982666,-20.15203291961092,-34.01785510616784,-45.71625051990516,79.7340283830661,20.152032881197666,-1.3727189240532469e-5,-19.989239334950682,-34.38345620165774,-42.46117586105176,78.61854070982409,20.121404857113408,-1.3697385819779397e-5,-19.423828125,-34.189453125,-47.8125,81.298828125,19.599609375,0.615234375,0.0,0.0,0.0,0.0,0.0,0.0,3.1,-0.8,0.0,2.0,-2.3,3.2
3.4202091693878174,-20.14879105410216,-34.03075088254811,-45.611671368744005,79.6423450215333,20.14879101471885,-1.3722624978693116e-5,-19.97722922851481,-34.40307849481056,-42.291701366852465,78.50104729353932,20.116224343932593,-1.3690882424783064e-5,-19.423828125,-34.189453125,-47.8125,81.298828125,19.599609375,0.615234375,0.0,0.0,0.0,0.0,0.0,0.0,3.1,-0.8,0.0,8.4,-2.4,3.2
3.425211191177368,-20.14532624201061,-34.043961993237005,-45.50438650944457,79.54827128709482,20.145326201651876,-1.3717743175342678e-5,-19.964655715952716,-34.42296094573528,-42.11952921410591,78.38106284494901,20.110729397976556,-1.3683968698327588e-5,-19.423828125,-34.189453125,-47.8125,81.298828125,19.599609375,0.615234375,0.0,0.0,0.0,0.0,0.0,0.0,3.1,0.2,0.0,15.9,-2.4,3.2
3.430213212966919,-20.141637993896982,-34.05747458168622,-45.39450409252933,79.45190147372695,20.141637952558135,-1.3712543203906244e-5,-19.95152818374384,-34.44311129419099,-41.94479902381526,78.25869748235205,20.104921468097523,-1.3676646037418432e-5,-19.423828125,-34.189453125,-47.8125,81.298828125,19.599609375,0.615234375,0.0,0.0,0.0,0.0,0.0,0.0,3.1,0.2,-0.1,19.9,-2.4,3.2
3.435214042663574,-20.137705472347278,-34.071299753310626,-45.28191525374539,79.35313782267815,20.13770543002407,-1.3706995486114078e-5,-19.93780706376519,-34.46350791217112,-41.76745248418031,78.1338674817765,20.098773785753195,-1.3668878919754628e-5,-19.423828125,-34.189453125,-47.8125,81.2109375,19.599609375,0.615234375,0.0,0.0,0.0,0.0,0.0,0.0,3.1,0.2,-0.1,19.2,-2.4,3.2
3.440214157104492,-20.13352824843019,-34.08542453489543,-45.166721221199325,79.25206858884209,20.13352820511892,-1.3701099533696153e-5,-19.923501811199632,-34.484159287240416,-41.587613623269625,78.00667362812653,20.09228792561041,-1.3660668965797041e-5,-19.423828125,-34.189453125,-47.8125,81.123046875,19.599609375,0.615234375,0.0,0.0,0.0,-8.7890625,0.0,0.0,3.1,0.2,-0.1,18.4,-2.4,3.2
3.445216178894043,-20.12908066952926,-34.09987039533439,-45.0487267125573,79.14851995888502,20.129080625225967,-1.3694819025000352e-5,-19.908560294065225,-34.505059673053,-41.40509193743824,77.87693754999823,20.085430421412457,-1.3651972052538368e-5,-19.423828125,-34.189453125,-47.8125,80.859375,19.599609375,0.615234375,0.0,0.0,0.0,-8.7890625,0.0,0.0,3.1,-0.0,-0.1,14.9,-2.4,3.2
3.4502170085906982,-20.124365636572335,-34.11461402616789,-44.92811746242877,79.04265435894487,20.124365591274287,-1.3688158214886842e-5,-19.893003285436453,-34.5262018015447,-41.2201397200793,77.74485202137467,20.078208057612624,-1.3642796462020611e-5,-19.423828125,-34.189453125,-47.8125,80.595703125,19.599609375,0.615234375,0.0,0.0,0.0,-8.7890625,0.0,0.0,3.2,-0.0,-0.8,12.5,-2.4,3.2
3.455217123031616,-20.11935791192619,-34.129670054345155,-44.80475220673344,78.93434515199523,20.119357865630857,-1.3681081419655521e-5,-19.87678385929235,-34.54757096121213,-41.03265158042328,77.61029843851966,20.07058878207898,-1.3633099766797152e-5,-19.423828125,-34.189453125,-47.8125,80.33203125,19.599609375,0.615234375,0.0,0.0,0.0,-8.7890625,0.0,0.0,3.2,-0.0,-2.4,9.9,-2.4,3.2
3.460219144821167,-20.114055390790433,-34.145031812830474,-44.678680791983666,78.82363551752138,20.114055343495323,-1.3673585894735308e-5,-19.859906134383436,-34.56918299409466,-40.8426678381434,77.47331946488089,20.062571741994937,-1.3622880635028586e-5,-19.423828125,-34.189453125,-47.8125,80.068359375,19.599609375,0.615234375,0.0,0.0,0.0,-8.7890625,0.0,0.0,3.2,-0.0,-3.2,7.5,-2.4,3.2
3.465269088745117,-20.108378139516578,-34.160857893245336,-44.54857510395877,78.70935593325375,20.108378091210337,-1.3665558697832585e-5,-19.842157663085878,-34.59122383881521,-40.648322084589694,77.3325157582967,20.054043801142388,-1.361199297557799e-5,-19.423828125,-34.189453125,-47.8125,79.8046875,19.599609375,0.615234375,0.0,0.0,0.0,-52.734375,0.0,0.0,3.2,-0.0,-4.8,4.9,-2.4,3.2
3.470271110534668,-20.10243385564035,-34.176833973661225,-44.41701351577831,78.59377044994056,20.102433806331355,-1.365715239555228e-5,-19.823887048254598,-34.613277403328595,-40.45343471556106,77.19066729688515,20.04516931326052,-1.3600646383460186e-5,-19.423828125,-34.189453125,-47.8125,79.453125,19.599609375,0.615234375,0.0,0.0,0.0,-52.734375,0.0,0.0,3.2,-0.0,-7.1,1.7,-2.4,3.2
3.4752721786499023,-20.0961454456684,-34.193115818712016,-44.28269288369579,78.47573168878691,20.096145395356032,-1.3648258204673007e-5,-19.8048891487422,-34.63553276848308,-40.25615029897323,77.0463930355667,20.035839271723095,-1.3588700269874676e-5,-19.423828125,-34.189453125,-47.8125,79.27734375,19.599609375,0.615234375,0.0,0.0,0.0,-52.734375,0.0,0.0,3.2,-0.0,-8.7,0.2,-2.4,3.2
3.480274200439453,-20.089509377774675,-34.2096969519491,-44.14565983288062,78.35527979852814,20.089509326458412,-1.363887147472826e-5,-19.785166340108262,-34.65799896106916,-40.056513239784564,76.89973480209578,20.02605126562892,-1.3576151370465524e-5,-19.423828125,-34.189453125,-47.8125,79.27734375,19.599609375,0.615234375,0.0,0.0,0.0,-39.55078125,0.0,0.0,3.2,-0.0,-10.3,0.2,-2.4,3.2
3.485276222229004,-20.082499934630686,-34.2265833518553,-44.005839926082615,78.23234632050338,20.082499882310653,-1.362895620263844e-5,-19.76467864139761,-34.6806571753205,-39.8545101901822,76.75064328439436,20.01577439587886,-1.356295875465241e-5,-19.423828125,-34.189453125,-47.8125,79.27734375,19.599609375,0.615234375,0.0,0.0,0.0,-39.55078125,0.0,0.0,3.2,-0.0,-11.9,0.8,-2.4,3.2
3.4902780055999756,-20.07511663729802,-34.2437613645441,-43.86333913347077,78.10702357099699,20.075116583974836,-1.3618512155191626e-5,-19.74343763063701,-34.70350567792873,-39.650269873021514,76.59922300825572,20.0050108361867,-1.3549125129298721e-5,-19.423828125,-34.189453125,-47.8125,79.189453125,19.599609375,0.615234375,0.0,0.0,0.0,-39.55078125,0.0,0.0,3.2,-0.0,-14.5,-0.0,-2.4,3.2
3.49527907371521,-20.067332129313687,-34.26123755911598,-43.71807639705506,77.97923706123265,20.067332074988567,-1.3607501156532086e-5,-19.72140143527197,-34.72652777366549,-39.443768591215836,76.44541714666207,19.993727940581746,-1.3534607407236812e-5,-19.423828125,-34.189453125,-47.8125,79.1015625,19.599609375,0.615234375,0.0,0.0,0.0,-39.55078125,0.0,0.0,3.2,-0.0,-16.1,-0.0,-2.4,3.2
3.5002810955047607,-20.059143278524783,-34.279004841219,-43.57010325206353,77.84903123209921,20.059143223199023,-1.3595919334231332e-5,-19.698574142191312,-34.7497293203063,-39.23505532146004,76.2892717023311,19.981924098689376,-1.351940354773648e-5,-19.423828125,-34.189453125,-47.8125,79.1015625,19.599609375,0.615234375,0.0,0.0,0.0,-8.7890625,0.0,0.0,3.2,-0.0,-18.5,-0.0,-2.4,3.2
3.5052812099456787,-20.05052542861018,-34.29706048565771,-43.4194140524158,77.71639771242288,20.050525372286163,-1.3583732513927152e-5,-19.674924388288552,-34.773082638245775,-39.02421310653287,76.13080932586328,19.969571237443848,-1.3503476442081367e-5,-19.423828125,-34.189453125,-47.8125,79.1015625,19.599609375,0.615234375,0.0,0.0,0.0,-8.7890625,0.0,0.0,3.2,-0.0,-20.9,-0.0,-2.4,3.2
3.510282039642334,-20.041474153238973,-34.31540076588045,-43.26603232525315,77.5813563028112,20.04147409591897,-1.3570935125442422e-5,-19.65045266572008,-34.796596873703265,-38.811249491851314,75.97004572058243,19.956665940194966,-1.348682189040265e-5,-19.423828125,-34.189453125,-47.724609375,79.1015625,19.599609375,0.615234375,0.0,0.0,0.0,-8.7890625,0.0,0.0,3.2,-0.0,-21.7,-0.0,-2.4,3.2
3.515282154083252,-20.031961219468347,-34.33402722288088,-43.10991479427195,77.44386526807097,20.031961161155444,-1.3557488161366469e-5,-19.62512070278507,-34.82025102726221,-38.596194886502474,75.8069637309585,19.943175684002956,-1.346939717751853e-5,-19.423828125,-34.189453125,-47.63671875,79.1015625,19.599609375,0.615234375,0.0,0.0,0.0,-8.7890625,0.0,0.0,3.2,-0.0,-22.5,-0.0,-2.4,3.2
3.5202841758728027,-20.02198198747337,-34.35293644998531,-42.95108197433042,77.30394171640545,20.021981928170515,-1.3543385871264868e-5,-19.59892879804608,-34.84405328487686,-38.37905270930683,75.64157579613615,19.929096876176935,-1.3451198020099366e-5,-19.423828125,-34.189453125,-47.548828125,79.1015625,19.599609375,0.615234375,0.0,0.0,8.7890625,0.0,0.0,0.0,3.2,-0.0,-24.1,-0.0,-2.4,3.2
3.5252861976623535,-20.011507840954064,-34.372127400216144,-42.7895099887845,77.16156072431119,20.01150778066517,-1.352858897438298e-5,-19.57184067833624,-34.86798046577517,-38.15988081732547,75.47388499412291,19.914397158944542,-1.3432182106160766e-5,-19.423828125,-34.189453125,-47.4609375,79.1015625,19.599609375,0.615234375,0.0,0.0,8.7890625,0.0,0.0,0.0,2.4,-0.0,-24.9,-0.0,-1.6,3.2
3.530287027359009,-20.000542488223505,-34.39158202203409,-42.62534270393013,77.01684810652904,20.00054242695305,-1.3513103667967571e-5,-19.5438781291607,-34.892021242917934,-37.938848086577494,75.30403105960785,19.899084691324113,-1.3412360541488095e-5,-19.423828125,-34.189453125,-47.373046875,79.1015625,19.599609375,0.615234375,0.0,0.0,8.7890625,0.0,0.0,0.0,2.3,-0.0,-25.4,2.4,-0.7,3.2
3.5352871417999268,-19.98905183561998,-34.41130715921686,-42.45848799395623,76.86971858116625,19.989051773372957,-1.3496883228745411e-5,-19.514993023699457,-34.916163805667715,-37.71591788936716,75.13194534020998,19.88312001002169,-1.3391682080335862e-5,-19.423828125,-34.189453125,-47.28515625,79.1015625,19.599609375,0.615234375,0.0,0.0,8.7890625,0.0,0.0,0.0,1.5,-0.0,-27.0,7.8,-0.7,3.2
3.5402891635894775,-19.9770313044965,-34.43129978087588,-42.28896278418625,76.72018604267606,19.97703124127772,-1.3479922330917635e-5,-19.48518608166988,-34.94041394659112,-37.491087447238925,74.95763586358181,19.866499768923216,-1.3370143152107832e-5,-19.423828125,-34.189453125,-47.109375,79.1015625,19.599609375,0.615234375,0.0,0.0,21.97265625,0.0,0.0,0.0,1.5,-0.0,-27.0,15.0,-0.7,3.2
3.545290231704712,-19.964453077925498,-34.45155280616153,-42.11679008886926,76.56826642457241,19.964453013740965,-1.3462183456996645e-5,-19.454427912328278,-34.96474390555665,-37.26447521884998,74.78115281364498,19.84919394045904,-1.3347704989590703e-5,-19.423828125,-34.189453125,-46.93359375,79.013671875,19.599609375,0.615234375,0.0,0.0,21.97265625,0.0,0.0,0.0,0.7,0.9,-28.6,22.4,-0.7,3.2
3.550291061401367,-19.9513178439448,-34.472055485276655,-41.942052522335814,76.41403159138522,19.95131777880065,-1.3443668889382325e-5,-19.42273186282971,-34.98914884664861,-37.036163042379926,74.60257082919851,19.831206428321373,-1.3324373673013345e-5,-19.423828125,-34.189453125,-46.845703125,78.837890625,19.599609375,0.615234375,0.0,0.0,21.97265625,0.0,0.0,0.0,-0.3,1.7,-29.3,25.6,-0.8,3.2
3.555291175842285,-19.93759134616051,-34.492809172693725,-41.764699303774975,76.25743211691699,19.93759128006367,-1.3424332411285024e-5,-19.390054988734235,-35.01361265320212,-36.806170686609136,74.42186361657743,19.812498917884362,-1.3300100063021704e-5,-19.423828125,-34.189453125,-46.669921875,78.662109375,19.599609375,0.615234375,0.0,0.0,21.97265625,0.0,0.0,0.0,-0.3,1.7,-30.1,25.8,-0.8,3.2
3.560293197631836,-19.92326920695812,-34.51381120777366,-41.58474371855414,76.09847862591319,19.923269139915256,-1.3404169374141586e-5,-19.356398498871066,-35.03813847668509,-36.5744892856102,74.23903477979017,19.793068445033057,-1.327488156463641e-5,-19.423828125,-34.189453125,-46.494140625,78.486328125,19.599609375,0.615234375,0.0,0.0,30.76171875,-30.76171875,0.0,0.0,-0.3,2.5,-31.7,24.2,-0.8,3.2
3.5652952194213867,-19.90831977699839,-34.53505617142558,-41.40218989443328,75.93716982717295,19.908319709017256,-1.3383137701284464e-5,-19.321728449806383,-35.062703360593375,-36.341210993310845,74.0541139722618,19.772880949652222,-1.3248674964103647e-5,-19.423828125,-34.189453125,-46.318359375,78.22265625,19.599609375,0.615234375,0.0,0.0,30.76171875,-30.76171875,0.0,0.0,-0.3,2.6,-31.7,20.3,-0.8,3.2
3.570296049118042,-19.89275058121395,-34.55652524789134,-41.21718993612562,75.77363900961927,19.892750512302737,-1.3361249700167562e-5,-19.286073314268002,-35.08729026315966,-36.10650272416658,73.86724476051323,19.751949522743608,-1.3221498797003575e-5,-19.423828125,-34.189453125,-46.142578125,77.6953125,19.599609375,0.615234375,0.0,0.0,30.76171875,-30.76171875,0.0,0.0,-0.0,3.4,-33.2,15.5,-0.8,3.2
3.57529616355896,-19.876522817925743,-34.57822181032206,-41.029670297845186,75.60781600077655,19.876522748093294,-1.3338453700024344e-5,-19.249384362139622,-35.11188804910722,-35.870355135858745,73.67837701390323,19.730230951778573,-1.3193298457611799e-5,-19.423828125,-34.189453125,-45.87890625,77.34375,19.599609375,0.615234375,0.0,0.0,30.76171875,-30.76171875,0.0,0.0,-0.0,3.4,-34.0,11.9,-0.8,3.2
3.5802972316741943,-19.859635572699105,-34.60013941915572,-40.83967636586386,75.4397397473573,19.85963550195416,-1.3314750398052017e-5,-19.211670359073718,-35.136492247024066,-35.632798392086535,73.48754592143347,19.70772695283504,-1.3164078014847434e-5,-19.423828125,-34.189453125,-45.703125,76.9921875,19.599609375,0.615234375,0.0,0.0,39.55078125,-74.70703125,0.0,0.0,-0.0,3.4,-34.0,8.7,-0.8,3.2
3.5852980613708496,-19.842054064450192,-34.62227337495426,-40.6472008726746,75.26939828255877,19.84205399280249,-1.3290094345719605e-5,-19.17289436886298,-35.16108368503347,-35.39390823305963,73.29476817284807,19.684400393228906,-1.3133791270680974e-5,-19.423828125,-34.189453125,-45.439453125,76.640625,19.599609375,0.615234375,0.0,0.0,39.55078125,-74.70703125,0.0,0.0,-0.0,3.3,-34.8,5.6,-0.8,3.2
3.5903000831604004,-19.82377851488264,-34.644616331235625,-40.4522967909992,75.09683723261848,19.823778442341823,-1.326448807622385e-5,-19.133067391439294,-35.1856551433142,-35.15372340446356,73.10008612736011,19.660254488969834,-1.310244459096211e-5,-19.423828125,-34.189453125,-45.263671875,76.2890625,19.599609375,0.615234375,0.0,0.0,39.55078125,-74.70703125,0.0,0.0,-0.0,3.3,-34.7,2.4,-0.8,3.2
3.5953011512756348,-19.804777247773615,-34.667158147898206,-40.25500138104401,74.9220837177704,19.80477717435054,-1.3237891100688547e-5,-19.092161205854275,-35.210182932432005,-34.912373748475254,72.90356023751806,19.635256758389403,-1.3069998435103044e-5,-19.423828125,-34.27734375,-45.0,76.11328125,19.599609375,0.615234375,0.0,0.0,39.55078125,-74.70703125,0.0,0.0,-0.0,2.5,-34.7,0.9,-0.8,3.2
3.600302219390869,-19.785053124910515,-34.689889341465715,-40.055386418934965,74.74520003065093,19.785053050616,-1.3210309920680438e-5,-19.05019182667913,-35.23465588560566,-34.66991899712666,72.70525079538777,19.609413796529832,-1.3036463868296512e-5,-19.423828125,-34.27734375,-44.82421875,76.025390625,19.599609375,0.615234375,0.0,-4.39453125,43.9453125,-48.33984375,0.0,0.0,-0.0,2.5,-35.5,0.9,-0.0,3.2
3.6053030490875244,-19.764566981520012,-34.7128071628508,-39.85342142651907,74.56615294417944,19.764566906365772,-1.3181694225730116e-5,-19.007116714973417,-35.259059861787335,-34.426405184483215,72.50514997501908,19.582683793255875,-1.3001789930601585e-5,-19.423828125,-34.365234375,-44.560546875,76.025390625,19.599609375,0.615234375,0.0,-4.39453125,43.9453125,-48.33984375,0.0,0.0,-0.0,1.5,-35.5,4.8,-0.0,3.2
3.6103031635284424,-19.74332822919876,-34.735895653846235,-39.64923515955455,74.38505525586655,19.743328153196703,-1.3152059955304014e-5,-18.962965026447982,-35.28337504286332,-34.1819591936187,72.30337386304664,19.55508179991182,-1.2965999022574302e-5,-19.423828125,-34.365234375,-44.296875,76.025390625,19.599609375,0.615234375,0.0,-4.39453125,43.9453125,-48.33984375,0.0,0.0,-0.0,2.3,-35.3,8.8,0.1,3.2
3.615305185317993,-19.721284573967765,-34.75916424448,-39.442685345509894,74.20177412342217,19.721284497130256,-1.3121339207268135e-5,-18.917669143188437,-35.3076013464185,-33.936494241133026,72.09980390518369,19.52654956181336,-1.2929019605326254e-5,-19.423828125,-34.453125,-44.033203125,75.9375,19.599609375,0.615234375,0.0,-8.7890625,43.9453125,-48.33984375,0.0,0.0,-0.0,1.5,-35.3,17.2,0.1,3.2
3.6203060150146484,-19.69845777593655,-34.782584833467524,-39.2340084414689,74.01651790255401,19.698457698276563,-1.3089565461304502e-5,-18.871282878141244,-35.33170450679267,-33.690263515495,71.89466162407936,19.49711800306062,-1.2890895032768263e-5,-19.423828125,-34.541015625,-43.76953125,75.849609375,19.599609375,0.615234375,0.0,-8.7890625,48.33984375,-8.7890625,0.0,0.0,-0.0,1.5,-35.3,20.4,-0.0,3.2
3.625307083129883,-19.674800151222357,-34.80616018227979,-39.023117272678476,73.82920218017402,19.674800072753563,-1.3056678040970438e-5,-18.82375003636332,-35.35567882089603,-33.44324610262202,71.68788227765326,19.46673540287446,-1.2851563073635415e-5,-19.423828125,-34.541015625,-43.59375,75.5859375,19.599609375,0.615234375,0.0,-8.7890625,48.33984375,-8.7890625,0.0,0.0,-0.0,2.4,-36.9,21.8,-0.0,3.2
3.630308151245117,-19.650322009653536,-34.82987549463278,-38.8101303702749,73.63993069108994,19.65032193038972,-1.302269475015973e-5,-18.77509986758574,-35.379502137886746,-33.195552651223274,71.47957023364904,19.435417680830984,-1.281104799335767e-5,-19.423828125,-34.62890625,-43.330078125,75.41015625,19.599609375,0.615234375,0.0,-8.7890625,48.33984375,-8.7890625,0.0,0.0,-0.0,1.6,-36.9,21.8,-0.0,3.2
3.6353230476379395,-19.624910470686565,-34.85379179128398,-38.59442874021738,73.44814546248094,19.62491039064032,-1.2987465514778543e-5,-18.725150947465462,-35.40322710507197,-32.94655266701194,71.26914254465942,19.40303081435801,-1.2769182145394283e-5,-19.423828125,-34.62890625,-42.978515625,74.970703125,19.599609375,0.615234375,0.0,-8.7890625,48.33984375,-8.7890625,0.0,0.0,-0.8,2.4,-37.7,16.8,-0.0,3.2
3.640324115753174,-19.598715098199563,-34.87776361915031,-38.377308436921666,73.25499709506065,19.598715017387907,-1.2951201559273346e-5,-18.67420579624605,-35.42670027312522,-32.69771556287306,71.05785190284035,19.36976814883301,-1.2726219570843803e-5,-19.423828125,-34.716796875,-42.802734375,74.794921875,19.599609375,0.615234375,0.0,-8.7890625,48.33984375,-52.734375,0.0,0.0,-0.8,2.4,-37.7,16.0,-0.0,3.2
3.6453261375427246,-19.57162129889762,-34.90185483620928,-38.158123969707376,73.05990395659526,19.5716212173362,-1.291375115685471e-5,-18.62207904102452,-35.44997902991371,-32.44837307102898,70.84508672098585,19.335493485496315,-1.268199064593892e-5,-19.423828125,-34.716796875,-42.626953125,74.443359375,19.599609375,0.615234375,0.0,-8.7890625,48.33984375,-52.734375,0.0,0.0,-1.6,2.4,-38.5,13.9,-0.0,3.2
3.650329113006592,-19.543637832049807,-34.92605214344161,-37.93697746789056,72.86295487734307,19.543637749754385,-1.2875130773945332e-5,-18.568796526142425,-35.47303904564059,-32.19861800684027,70.63093517116704,19.30022077995124,-1.2636517986420687e-5,-19.423828125,-34.8046875,-42.275390625,74.00390625,19.599609375,0.615234375,0.0,-8.7890625,48.33984375,-52.734375,0.0,0.0,-2.6,2.4,-38.7,15.5,-0.0,3.2
3.655330181121826,-19.5147409519983,-34.95033386679413,-37.71399201077133,72.66425126264497,19.514740868986046,-1.2835315480236219e-5,-18.51435175062139,-35.49585451050854,-31.948665805616976,70.415533695917,19.263929822781268,-1.25897828399772e-5,-19.51171875,-34.892578125,-42.01171875,73.740234375,19.599609375,0.615234375,0.0,-8.7890625,48.33984375,-52.734375,0.0,0.0,-3.4,1.6,-38.7,18.7,-0.0,3.2
3.6603331565856934,-19.48491856390158,-34.97470519615006,-37.489099705529554,72.46373040961117,19.484918480189215,-1.2794293371761215e-5,-18.45873023281892,-35.518416853096305,-31.698416502844474,70.19880531026546,19.226608188759457,-1.254177426052222e-5,-19.51171875,-34.892578125,-41.748046875,73.388671875,19.599609375,0.615234375,-4.39453125,-13.18359375,52.734375,-65.91796875,0.0,0.0,-4.2,2.4,-39.5,19.5,-0.0,3.2
3.6653342247009277,-19.454153718513354,-34.99913847221013,-37.262475057670116,72.26153916451275,19.454153634119155,-1.2752049792288659e-5,-18.401938671731408,-35.540696179173295,-31.448140415102507,69.98093455770504,19.188244431063126,-1.2492485775700676e-5,-19.51171875,-34.98046875,-41.484375,73.212890625,19.599609375,0.615234375,-4.39453125,-13.18359375,52.734375,-65.91796875,0.0,0.0,-5.0,1.5,-41.1,21.9,0.8,3.2
3.6703360080718994,-19.422441340492387,-35.02363316794093,-37.03410107785459,72.05766001099596,19.422441255434364,-1.2708582957741325e-5,-18.343975340770942,-35.56267651407181,-31.197794642594555,69.76189331572924,19.14883487662139,-1.2441918177428186e-5,-19.51171875,-35.068359375,-41.220703125,72.94921875,19.599609375,0.615234375,-4.39453125,-13.18359375,52.734375,-65.91796875,0.0,0.0,-6.1,0.7,-41.0,21.1,0.9,3.2
3.6753361225128174,-19.389757443121297,-35.04816723591707,-36.80409682843718,71.85218996408348,19.389757357418866,-1.2663869492058147e-5,-18.284833982113575,-35.58433478885445,-30.947584803592825,69.5418110122312,19.10835944705922,-1.2390054927340208e-5,-19.51171875,-35.068359375,-40.869140625,72.59765625,19.599609375,0.615234375,0.0,-8.7890625,52.734375,-65.91796875,0.0,0.0,-6.1,1.5,-41.0,17.6,0.9,3.2
3.6803371906280518,-19.356096811686637,-35.07274021589309,-36.57244257565012,71.64510882978047,19.356096725358935,-1.2617907878197084e-5,-18.224512254930687,-35.60565278759809,-30.697465528095613,69.3206567090102,19.066814256684367,-1.2336897037802849e-5,-19.51171875,-35.15625,-40.693359375,72.421875,19.599609375,0.615234375,0.0,-8.7890625,52.734375,-52.734375,0.0,0.0,-6.9,0.7,-41.0,16.0,0.8,3.2
3.685338020324707,-19.321428065609602,-35.09733459588491,-36.33920921480817,71.43646999154139,19.32142797867708,-1.2570665740278846e-5,-18.16299130798106,-35.62661274639083,-30.447589452816167,69.09851266561722,19.024170394550683,-1.228241779733855e-5,-19.51171875,-35.15625,-40.25390625,71.982421875,19.599609375,0.615234375,0.0,-8.7890625,52.734375,-52.734375,0.0,0.0,-6.9,0.7,-41.0,12.1,1.6,3.2
3.690338134765625,-19.285767684011702,-35.12193469199022,-36.10451947836389,71.22638049784535,19.28576759649493,-1.25221715617429e-5,-18.100306687721083,-35.64718114944989,-30.198063697135197,68.87548324414436,18.98045055905357,-1.2226652675880192e-5,-19.51171875,-35.244140625,-39.990234375,71.630859375,19.599609375,0.615234375,0.0,-8.7890625,52.734375,-52.734375,0.0,0.0,-7.4,-0.1,-40.9,11.3,2.5,3.2
3.6953392028808594,-19.249064720833587,-35.14653570650033,-35.86831720239379,71.01477938726387,19.24906463275412,-1.2472367517716648e-5,-18.0364056158819,-35.66735231594464,-29.948904619306443,68.65152865287563,18.935602102926715,-1.2169545871435655e-5,-19.51171875,-35.244140625,-39.638671875,71.279296875,19.599609375,0.615234375,0.0,-8.7890625,52.734375,-52.734375,0.0,0.0,-8.2,-0.1,-40.9,12.5,2.5,3.2
3.70034122467041,-19.211332643438123,-35.17112427971744,-35.63070102531763,70.80175193845996,19.211332554817645,-1.2421278416272508e-5,-17.97131758836335,-35.68709232688704,-29.70019325699242,68.42672985158094,18.889643895452718,-1.2111128417174731e-5,-19.51171875,-35.33203125,-39.462890625,70.927734375,19.599609375,0.615234375,0.0,-8.7890625,61.5234375,-70.3125,0.0,0.0,-8.2,-0.1,-40.9,10.9,2.5,3.2
3.7053420543670654,-19.172549242695624,-35.1956754631296,-35.39180180302999,70.5874040589011,19.172549153557274,-1.2368886620765462e-5,-17.905040277276886,-35.70638027763899,-29.452142367781537,68.20122308693618,18.84255864597026,-1.2051390797211246e-5,-19.51171875,-35.33203125,-39.19921875,70.751953125,19.599609375,0.615234375,0.0,-8.7890625,61.5234375,-70.3125,0.0,0.0,-9.0,-0.1,-41.7,10.4,2.5,3.2
3.7103421688079834,-19.132726480309167,-35.22017824655227,-35.15169596169238,70.37180116451147,19.132726390676126,-1.2315215159064828e-5,-17.8375987701786,-35.725182570746185,-29.204806060948858,67.97506696691245,18.794362991626357,-1.1990361450392844e-5,-19.423828125,-35.419921875,-38.84765625,70.48828125,19.599609375,0.615234375,0.0,-8.7890625,61.5234375,-70.3125,0.0,0.0,-9.0,-0.1,-41.6,8.0,2.4,3.2
3.715344190597534,-19.0918051665826,-35.244629627718425,-34.91029241464792,70.15484916660319,19.09180507647911,-1.2260197771158375e-5,-17.768928312342712,-35.74349646720395,-28.95816733317703,67.74818727324524,18.744995077943386,-1.1927975703529006e-5,-19.423828125,-35.419921875,-38.583984375,70.3125,19.599609375,0.615234375,4.39453125,-8.7890625,61.5234375,-70.3125,0.0,0.0,-9.0,-0.1,-40.8,6.0,2.4,3.2
3.7203450202941895,-19.049826609433897,-35.26900104591159,-34.66783804263613,69.93676638502588,19.0498265188846,-1.2203897393841816e-5,-17.699102532818507,-35.76127271411373,-28.712454512855828,67.52080240595221,18.694506816323884,-1.186430704453325e-5,-19.3359375,-35.5078125,-38.232421875,70.13671875,19.599609375,0.615234375,4.39453125,-8.7890625,61.5234375,-39.55078125,0.0,0.0,-8.2,-0.1,-40.0,4.4,2.4,3.2
3.7253451347351074,-19.006750224169554,-35.293277565947044,-34.42435216758486,69.7175572066817,19.006750133200416,-1.2146274027948513e-5,-17.6280879474987,-35.778500941060834,-28.46776225704408,67.29294043484242,18.64285895357353,-1.1799320637739392e-5,-19.3359375,-35.5078125,-37.96875,70.048828125,19.599609375,0.615234375,4.39453125,-8.7890625,61.5234375,-39.55078125,0.0,0.0,-8.2,-0.0,-40.0,3.6,2.4,3.2
3.730347156524658,-18.962570258777067,-35.31745845822887,-34.17980316581404,69.49718927831417,18.962570167413965,-1.2087327852293363e-5,-17.55587865760753,-35.79515002169481,-28.22403506626914,67.0645577277373,18.59004653452459,-1.1733018613351814e-5,-19.248046875,-35.595703125,-37.705078125,69.9609375,19.599609375,0.615234375,4.39453125,-8.7890625,61.5234375,-39.55078125,0.0,0.0,-7.0,-0.0,-39.9,2.8,2.4,3.2
3.735349178314209,-18.917266533389824,-35.34151561328115,-33.93433208048762,69.27577553368597,18.917266441660257,-1.2027047624510782e-5,-17.482475446104274,-35.81120094796088,-27.981491135882877,66.83579527078483,18.536055076631435,-1.1665398775432972e-5,-19.16015625,-35.595703125,-37.44140625,69.9609375,19.599609375,0.615234375,13.18359375,-8.7890625,61.5234375,-39.55078125,0.0,0.0,-6.2,-0.0,-39.1,3.0,2.4,3.2
3.7403512001037598,-18.870857183835852,-35.36543553586317,-33.688034121057164,69.05339768692932,18.870857091767455,-1.1965465741170248e-5,-17.407910289056783,-35.82661168317069,-27.740200223554172,66.60672713165658,18.480907930293903,-1.159649913018207e-5,-19.16015625,-35.68359375,-37.08984375,69.9609375,19.599609375,0.615234375,13.18359375,-8.7890625,57.12890625,-13.18359375,0.0,0.0,-7.0,-0.0,-38.3,3.8,3.2,3.2
3.745352029800415,-18.823318456189376,-35.389192230965605,-33.44102328016561,68.83014373576663,18.82331836381139,-1.1902567256633497e-5,-17.332176983450257,-35.841366347040534,-27.50034945989069,66.3774667438939,18.424586196671005,-1.1526313054839028e-5,-19.16015625,-35.68359375,-36.826171875,69.873046875,19.599609375,0.615234375,13.18359375,-8.7890625,57.12890625,-13.18359375,0.0,0.0,-7.0,-0.0,-37.5,5.6,5.6,3.2
3.7503530979156494,-18.77465600769294,-35.412778967760126,-33.19332286865311,68.60603026018217,18.77465591503467,-1.183836832370748e-5,-17.255286174747948,-35.85542527234128,-27.26193682459686,66.14802051037091,18.36709811481154,-1.1454859935163465e-5,-19.072265625,-35.68359375,-36.5625,69.873046875,19.599609375,0.615234375,13.18359375,-8.7890625,57.12890625,-13.18359375,0.0,0.0,-7.1,-0.0,-37.2,10.4,7.7,3.2
3.755354166030884,-18.72483794220979,-35.43617268672696,-32.945006073629756,68.38110738788772,18.724837849302176,-1.1772844589620563e-5,-17.177218480873407,-35.86877529889851,-27.02510928205922,65.91846244367161,18.308415237097087,-1.138212263940313e-5,-19.072265625,-35.771484375,-36.298828125,69.78515625,19.599609375,0.615234375,4.39453125,-8.7890625,57.12890625,-13.18359375,0.0,0.0,-7.1,-0.0,-37.2,17.1,7.7,3.2
3.7603561878204346,-18.673874331177302,-35.45936414157146,-32.69611781357656,68.15541079102377,18.673874238051436,-1.1706018487818162e-5,-17.09799075801011,-35.881372514228126,-26.789886127640223,65.68881854087438,18.248550866985234,-1.1308127276981185e-5,-18.984375,-35.771484375,-36.03515625,69.78515625,19.51171875,0.615234375,4.39453125,-8.7890625,57.12890625,-8.7890625,0.0,0.0,-7.1,-0.0,-37.2,22.7,6.5,3.2
3.7653582096099854,-18.62174163338874,-35.482325310795744,-32.44677322843252,67.92902758811816,18.621741540077473,-1.1637877991335833e-5,-17.017596228963953,-35.89320181654231,-26.556453313944825,65.4591998642219,18.187486426646384,-1.12328702973005e-5,-18.984375,-35.859375,-35.771484375,69.609375,19.51171875,0.615234375,4.39453125,-8.7890625,57.12890625,-8.7890625,0.0,0.0,-7.9,-0.0,-37.2,24.4,6.5,3.2
3.7703700065612793,-18.568354894337663,-35.50508647408588,-32.19657492131384,67.70159066231511,18.56835480087382,-1.1568322356923634e-5,-16.935905991014184,-35.90423576623377,-26.324421985194984,65.22922566267275,18.125124179461793,-1.1156241957988048e-5,-18.984375,-35.859375,-35.5078125,69.43359375,19.51171875,0.615234375,4.39453125,-8.7890625,57.12890625,-8.7890625,0.0,0.0,-9.1,-0.0,-37.6,22.8,6.3,3.2
3.7753701210021973,-18.51391295068513,-35.52752540369604,-31.946668809508147,67.47412370233465,18.51391285710392,-1.1497630126444467e-5,-16.853251456402315,-35.91441431757238,-26.094927902052902,64.99995165062664,18.061704915064126,-1.107855824749773e-5,-18.896484375,-35.859375,-35.244140625,69.169921875,19.51171875,0.615234375,8.7890625,-4.39453125,57.12890625,-8.7890625,-4.39453125,0.0,-9.1,-0.0,-37.6,19.0,6.3,3.2
3.7803711891174316,-18.45830168145176,-35.549685334557644,-31.69651341601637,67.24612846657017,18.458301587788323,-1.1425662676339306e-5,-16.76945736587035,-35.92371664593206,-25.867446039353254,64.77086354846996,17.997096416791734,-1.0999667130200415e-5,-18.896484375,-35.947265625,-34.892578125,68.818359375,19.3359375,0.615234375,8.7890625,-4.39453125,48.33984375,-43.9453125,-4.39453125,0.0,-9.9,-0.0,-37.6,15.8,4.7,3.2
3.785372018814087,-18.401505690201436,-35.57153454726318,-31.44624880613561,67.01771330096386,18.40150559649276,-1.1352420631129927e-5,-16.68452627071119,-35.932126400459154,-25.6421774815497,64.54209054815723,17.93128909896275,-1.0919578108656613e-5,-18.80859375,-35.947265625,-34.62890625,68.466796875,19.248046875,0.615234375,8.7890625,-4.39453125,48.33984375,-43.9453125,-4.39453125,0.0,-9.1,-0.0,-36.8,12.1,3.8,3.2
3.790372133255005,-18.343551246390845,-35.593056545234916,-31.19598666284262,66.78897339180249,18.34355115267428,-1.1277948444040587e-5,-16.59849624866706,-35.93959188838681,-25.41920144323605,64.31371783266646,17.864314390118427,-1.0838340366732244e-5,-18.80859375,-35.947265625,-34.453125,68.203125,19.248046875,0.615234375,8.7890625,-4.39453125,48.33984375,-43.9453125,-4.39453125,0.0,-9.7,-0.0,-36.8,9.7,3.8,3.2
3.7953732013702393,-18.28439167324899,-35.614230392142325,-30.94572967943132,66.55989049622897,18.284391579563852,-1.1202207720092153e-5,-16.511322158427717,-35.94610165379006,-25.198594411474375,64.085747117741,17.796126376934875,-1.0755920512958199e-5,-18.720703125,-35.947265625,-34.1015625,67.939453125,19.248046875,0.615234375,8.7890625,-4.39453125,48.33984375,-43.9453125,-13.18359375,0.0,-8.9,-0.0,-36.0,7.3,3.8,3.2
3.8003740310668945,-18.224062309574045,-35.63503631160648,-30.695623984802662,66.33059096661619,18.22406221596002,-1.1125254706586627e-5,-16.4230539843319,-35.951600588130844,-24.980464525407143,63.8582940350207,17.726766599492716,-1.0672380057270696e-5,-18.6328125,-35.947265625,-33.837890625,67.67578125,19.16015625,0.615234375,8.7890625,-4.39453125,57.12890625,-61.5234375,-13.18359375,0.0,-8.1,-0.0,-36.0,4.9,3.2,3.2
3.805375099182129,-18.162531407927826,-35.65544644029964,-30.445737630111392,66.10111499090931,18.162531314426683,-1.1047071495706927e-5,-16.333667722601202,-35.956075417386884,-24.76494567908823,63.63141798633473,17.656206285807343,-1.0587707704556716e-5,-18.544921875,-35.947265625,-33.486328125,67.412109375,19.16015625,0.615234375,8.7890625,-4.39453125,57.12890625,-61.5234375,-13.18359375,0.0,-7.3,-0.0,-34.4,2.5,3.2,3.2
3.8103761672973633,-18.09982411196442,-35.675444928039845,-30.196167590998183,65.8715436944595,18.09982401861837,-1.0967701301271916e-5,-16.243196534350467,-35.95947040167205,-24.552100158127978,63.40518870460977,17.58447478409599,-1.0501950190369495e-5,-18.544921875,-35.947265625,-33.310546875,67.1484375,19.16015625,0.615234375,8.7890625,-4.39453125,57.12890625,-61.5234375,-13.18359375,0.0,-6.9,-0.0,-34.1,0.1,3.1,3.2
3.8153769969940186,-18.03591887492224,-35.69499924666843,-29.94702316808295,65.64195384980417,18.035918781775667,-1.088714038429057e-5,-16.151629913548792,-35.96177169791132,-24.342096023620684,63.17970092195549,17.511554827054397,-1.0415111203736884e-5,-18.45703125,-35.947265625,-33.046875,67.060546875,19.16015625,0.615234375,13.18359375,0.0,57.12890625,-61.5234375,-4.39453125,0.0,-6.1,-0.0,-32.5,-0.4,3.1,3.2
3.8203771114349365,-17.97084516894864,-35.71409261562229,-29.69841149506921,65.41243580995881,17.970845076046363,-1.0805437277019308e-5,-16.059005262323502,-35.96292190526635,-24.135000938917823,62.95503235911414,17.43748020922681,-1.0327242585302407e-5,-18.369140625,-35.947265625,-32.783203125,66.97265625,19.16015625,0.615234375,13.18359375,0.0,52.734375,-35.15625,-4.39453125,0.0,-5.3,-0.0,-31.7,-0.4,3.2,3.2
3.825378179550171,-17.9045578472026,-35.73269793475443,-29.4503524870726,65.18298239006359,17.904557754591853,-1.072255987806651e-5,-15.965277107254442,-35.96290772384974,-23.93090743334787,62.73119481958997,17.362206593390397,-1.023831714871127e-5,-18.28125,-36.03515625,-32.431640625,66.97265625,19.16015625,0.615234375,13.18359375,0.0,52.734375,-35.15625,-4.39453125,0.0,-4.5,-0.0,-30.8,-0.0,3.2,3.2
3.830968141555786,-17.829060789683616,-35.752888180841396,-29.173902025013263,64.92672248022107,17.8290606974557,-1.062859187898507e-5,-15.859250463757228,-35.961462376300176,-23.70646706081097,62.48210986942841,17.27668846511988,-1.0137733353552258e-5,-18.193359375,-36.03515625,-32.255859375,66.97265625,19.16015625,0.615234375,13.18359375,0.0,52.734375,-35.15625,-4.39453125,0.0,-4.5,-0.0,-30.0,-0.0,4.0,3.2
3.8359692096710205,-17.760284656796397,-35.77039244199492,-28.92739362923725,64.69771862428667,17.760284564962593,-1.054337437147067e-5,-15.763291891127606,-35.958806741317744,-23.509018432995056,62.260315582410676,17.19897101487768,-1.0046728483622733e-5,-18.10546875,-36.03515625,-32.080078125,66.97265625,19.16015625,0.615234375,13.18359375,-4.39453125,43.9453125,-35.15625,0.0,0.0,-3.7,-0.0,-30.0,1.6,6.7,3.2
3.840970039367676,-17.690281125346203,-35.78730859313359,-28.68182006267198,64.4690614923262,17.690281033959806,-1.0457035049234653e-5,-15.666243261833147,-35.95490816945255,-23.31503941773328,62.039659316364485,17.12005414497176,-9.954738068978667e-6,-18.10546875,-36.03515625,-31.904296875,66.97265625,19.16015625,0.615234375,13.18359375,-4.39453125,43.9453125,0.0,0.0,0.0,-4.5,-0.0,-30.0,6.3,11.5,3.2
3.8459701538085938,-17.61914826388158,-35.80365229984661,-28.437230304365528,64.24081572858546,17.619148172993473,-1.0369684772687434e-5,-15.568199148774063,-35.949630981184136,-23.124396140131527,61.8201481205096,17.04003771028527,-9.861867424124856e-6,-18.10546875,-36.03515625,-31.552734375,66.97265625,19.072265625,0.615234375,13.18359375,-4.39453125,43.9453125,0.0,0.0,0.0,-4.5,-0.0,-28.6,13.5,15.4,3.2
3.850971221923828,-17.546775880655893,-35.81935645755752,-28.193717805725672,64.0130076803182,17.546775790322783,-1.0281237730268192e-5,-15.469053842098269,-35.943036442061995,-22.93739015391818,61.60186897675936,16.958813796959436,-9.768042932274396e-6,-18.10546875,-36.03515625,-31.376953125,66.884765625,18.80859375,0.615234375,13.18359375,-4.39453125,43.9453125,0.0,0.0,0.0,-5.6,-0.0,-28.6,20.7,14.6,3.2
3.8559720516204834,-17.4732727732705,-35.8344374081611,-27.951353423011014,63.78572454524409,17.473272683546483,-1.0191815477950222e-5,-15.368914446935376,-35.93498250924188,-22.753898443483433,61.38484928627998,16.876493512339533,-9.673380359472944e-6,-18.10546875,-36.03515625,-31.2890625,66.796875,18.544921875,0.615234375,4.39453125,0.0,39.55078125,0.0,-21.97265625,0.0,-6.4,-0.0,-29.4,27.9,11.8,3.2
3.8609721660614014,-17.398560944763027,-35.848816023752775,-27.710351427627977,63.559101467155905,17.398560855708126,-1.0101374951518004e-5,-15.267717673107475,-35.92553876319277,-22.574317653999387,61.16927991388113,16.79300501898106,-9.577851239669473e-6,-18.10546875,-36.123046875,-31.025390625,66.62109375,18.193359375,0.615234375,4.39453125,0.0,39.55078125,-13.18359375,-21.97265625,0.0,-6.4,-0.0,-29.4,34.5,9.4,3.2
3.8659732341766357,-17.32270783161767,-35.86252061497554,-27.47063022945119,63.33308516630608,17.322707743289417,-1.0009984650168435e-5,-15.1655120444411,-35.9145516968137,-22.398402275416295,60.95505259513197,16.70841226762814,-9.481514290257504e-6,-18.10546875,-36.123046875,-30.849609375,66.357421875,17.841796875,0.615234375,4.39453125,0.0,39.55078125,-13.18359375,-21.97265625,0.0,-7.2,-0.0,-29.5,39.3,6.7,3.2
3.8709750175476074,-17.24563224629586,-35.87546675166976,-27.232410107684785,63.10781149204139,17.245632158758156,-9.91760140969893e-6,-15.06222825742088,-35.90209504581445,-22.226557674860878,60.742358973420295,16.622639828820084,-9.384340792405951e-6,-18.017578125,-36.123046875,-30.5859375,66.005859375,17.578125,0.615234375,4.39453125,0.0,39.55078125,-13.18359375,-21.97265625,0.0,-7.6,-0.0,-28.7,41.0,5.1,3.2
3.875981092453003,-17.16737045721965,-35.88768976212925,-26.995507332395107,62.88313204258349,17.167370370534133,-9.82425440420935e-6,-14.95787209245381,-35.887999928932445,-22.058462872963236,60.531000990338235,16.535716510490115,-9.286347661746043e-6,-18.017578125,-36.2109375,-30.41015625,65.390625,17.40234375,0.615234375,4.39453125,-8.7890625,39.55078125,-13.18359375,-61.5234375,0.0,-9.2,-0.8,-29.5,39.4,4.4,3.2
3.880981206893921,-17.08799942509377,-35.899075263012364,-26.76063240004528,62.65964293071751,17.08799933932706,-9.730092442894997e-6,-14.852582461501568,-35.87237623956226,-21.89487262471241,60.32160250275615,16.447742231428528,-9.187707299438631e-6,-18.017578125,-36.2109375,-30.234375,64.6875,17.2265625,0.615234375,4.39453125,-8.7890625,39.55078125,-74.70703125,-61.5234375,0.0,-10.0,-0.8,-30.3,33.9,3.6,3.2
3.885982036590576,-17.007509195327785,-35.909671222832195,-26.527437317265466,62.43704413163638,17.00750911054441,-9.635085756260413e-6,-14.746300942746082,-35.85503979928464,-21.73533721726208,60.11381998261144,16.358693408888676,-9.088373616474445e-6,-18.017578125,-36.2109375,-29.970703125,64.072265625,17.138671875,0.615234375,4.39453125,-8.7890625,39.55078125,-74.70703125,-61.5234375,0.0,-10.8,-0.9,-29.8,30.7,3.9,3.2
3.890982151031494,-16.925839781770005,-35.919378753549715,-26.29623218866309,62.21554686212258,16.925839698041358,-9.539223384509983e-6,-14.638981816218083,-35.83608279816536,-21.58033106198801,59.90791470872924,16.26851753461743,-8.988350904179018e-6,-18.017578125,-36.2109375,-29.794921875,63.45703125,17.138671875,0.615234375,4.39453125,-8.7890625,39.55078125,-74.70703125,-61.5234375,0.0,-12.4,-0.9,-30.6,27.2,4.7,3.2
3.8959832191467285,-16.843057920255184,-35.928236428472125,-26.06689309016035,61.99506577114731,16.843057837649557,-9.442564582201427e-6,-14.530669482329886,-35.815325562989926,-21.429562220094546,59.70374489808531,16.177275740951465,-8.887686128491195e-6,-18.017578125,-36.2109375,-29.53125,62.9296875,17.05078125,0.615234375,0.0,0.0,43.9453125,-74.70703125,-17.578125,0.0,-13.2,-0.9,-30.6,23.2,4.9,3.2
3.900984048843384,-16.75910130062492,-35.936139957431,-25.839735517658617,61.77581206466575,16.759101219217847,-9.345099015401646e-6,-14.421313701416352,-35.79286631658347,-21.28351230886974,59.50157082146444,16.084912431452715,-8.78638365629853e-6,-17.9296875,-36.2109375,-29.35546875,62.314453125,17.05078125,0.615234375,0.0,0.0,43.9453125,-123.046875,-17.578125,0.0,-14.0,-1.7,-31.4,19.9,5.7,3.2
3.9059841632843018,-16.674072049540637,-35.943128334614514,-25.614718099340283,61.557783364649545,16.674071969403784,-9.246924018603197e-6,-14.311005452873037,-35.768527583319056,-21.14193710633505,59.30132612587562,15.991527085321616,-8.684529483936717e-6,-17.9296875,-36.298828125,-29.1796875,61.962890625,16.962890625,0.615234375,0.0,0.0,43.9453125,-123.046875,-17.578125,0.0,-15.6,-2.5,-33.0,19.1,5.7,3.2
3.910985231399536,-16.587861083404945,-35.94909555002141,-25.39204323268642,61.34107605898727,16.58786100461824,-9.147978444038982e-6,-14.199632325293912,-35.74240181002551,-21.005249465277977,59.10316429011683,15.897012047636967,-8.5820745861131e-6,-17.841796875,-36.298828125,-28.916015625,61.5234375,16.962890625,0.615234375,0.0,0.0,43.9453125,-123.046875,-17.578125,0.0,-16.4,-2.5,-33.0,17.2,6.5,3.2
3.915987014770508,-16.500565342380312,-35.95408463806545,-25.171644277987067,61.12566654200593,16.500565265019624,-9.048350686269817e-6,-14.087279397256308,-35.714302699081685,-20.873184052949924,58.906998714039666,15.801460616721306,-8.47909526020164e-6,-17.75390625,-36.298828125,-28.740234375,61.083984375,16.875,0.615234375,13.18359375,-4.39453125,43.9453125,-123.046875,-13.18359375,0.0,-17.2,-2.5,-33.8,14.0,6.4,3.2
3.920987129211426,-16.41214702765049,-35.957978591064986,-24.953920313030366,60.91183688393381,16.41214695179917,-8.948064772260912e-6,-13.973925150417065,-35.68435219486823,-20.746277111169633,58.71315145807521,15.704842529843901,-8.375629994203949e-6,-17.666015625,-36.298828125,-28.4765625,60.64453125,16.69921875,0.615234375,13.18359375,-4.39453125,43.9453125,-87.890625,-13.18359375,0.0,-18.0,-3.4,-33.8,12.1,5.6,3.2
3.92598819732666,-16.32265298811233,-35.96082823572617,-24.73866135118615,60.699427924672364,16.32265291385014,-8.84714833633079e-6,-13.85959077416005,-35.652342276272094,-20.62416772399147,58.521410913508326,15.607195670937465,-8.271691720447447e-6,-17.578125,-36.298828125,-28.30078125,60.205078125,16.611328125,0.615234375,13.18359375,-4.39453125,43.9453125,-87.890625,-13.18359375,0.0,-18.8,-3.4,-35.5,10.5,5.6,3.2
3.9309890270233154,-16.23202549215668,-35.96251102659879,-24.526231037953636,60.48868076447097,16.232025419571507,-8.745606248829043e-6,-13.744228241036684,-35.6183960296884,-20.507373874871583,58.33206079728241,15.508467130880787,-8.16729846245136e-6,-17.490234375,-36.298828125,-28.037109375,59.853515625,16.5234375,0.615234375,13.18359375,-4.39453125,43.9453125,-87.890625,-13.18359375,0.0,-19.7,-3.4,-35.5,9.3,5.6,3.2
3.9359891414642334,-16.1403656466419,-35.963080413839,-24.3165369653831,60.27955644514589,16.14036557581671,-8.643524077195959e-6,-13.627929172943388,-35.58231900608863,-20.395593266236933,58.14499717146785,15.408753600964353,-8.062522511262553e-6,-17.314453125,-36.298828125,-27.7734375,59.58984375,16.435546875,0.615234375,17.578125,0.0,43.9453125,-87.890625,-21.97265625,0.0,-19.7,-4.2,-35.5,7.7,5.5,3.2
3.9409902095794678,-16.04756480898424,-35.96240810901812,-24.10983782699379,60.072185372190205,16.04756474001139,-8.540853184809097e-6,-13.510580026169471,-35.54422307066485,-20.289287894835166,57.96040304179711,15.307945719459312,-7.957326104637133e-6,-17.2265625,-36.298828125,-27.59765625,59.4140625,16.34765625,0.615234375,17.578125,0.0,43.9453125,-70.3125,-21.97265625,0.0,-20.5,-4.1,-36.3,7.7,6.3,3.2
3.945991039276123,-15.953736046246922,-35.96055225572401,-23.90605469199682,59.86654675796646,15.953735979213233,-8.43768906743134e-6,-13.392288802876795,-35.503913891657874,-20.188152955816054,57.7781898024481,15.20615284080648,-7.851791475617567e-6,-17.05078125,-36.298828125,-27.333984375,59.23828125,16.259765625,0.615234375,17.578125,0.0,43.9453125,-70.3125,-21.97265625,0.0,-20.2,-4.9,-36.2,8.5,6.5,3.2
3.950991153717041,-15.858811229786706,-35.95737799534427,-23.705551372277235,59.66286955598687,15.85881116478782,-8.33403146413022e-6,-13.272992772328038,-35.46152820701286,-20.092705270739224,57.5986270013569,15.103308491622021,-7.745929628844788e-6,-16.875,-36.298828125,-27.158203125,59.0625,16.171875,0.615234375,17.578125,0.0,43.9453125,-70.3125,-21.97265625,0.0,-19.4,-4.9,-37.0,9.9,6.5,3.2
3.9559922218322754,-15.762848760330941,-35.95294771741677,-23.508114793844253,59.4610030815815,15.762848697457681,-8.229912170757633e-6,-13.152732266674743,-35.416844965573496,-20.00256179341562,57.42151073931061,14.999462413107137,-7.639757399019542e-6,-16.611328125,-36.298828125,-26.89453125,58.88671875,15.99609375,0.615234375,30.76171875,0.0,43.9453125,-70.3125,-17.578125,0.0,-19.4,-4.9,-36.2,8.3,4.8,3.2
3.9609930515289307,-15.66579431993138,-35.94711972851681,-23.314154422246908,59.26121510705789,15.665794259283295,-8.125349772876935e-6,-13.031461888315288,-35.37001508782959,-19.91826151818478,57.24714587107914,14.894561857509427,-7.53330423822987e-6,-16.435546875,-36.298828125,-26.630859375,58.7109375,15.908203125,0.615234375,30.76171875,0.0,43.9453125,-35.15625,-17.578125,0.0,-18.6,-5.8,-36.2,6.9,4.8,3.2
3.9659931659698486,-15.567746354609804,-35.93996389500455,-23.12352395219443,59.063429193110444,15.567746296280282,-8.020415831525695e-6,-12.909273544171414,-35.32083388223218,-19.839439338668296,57.07539478958525,14.788699719779167,-7.426627423035433e-6,-16.259765625,-36.298828125,-26.455078125,58.623046875,15.8203125,0.615234375,30.76171875,0.0,43.9453125,-35.15625,-17.578125,0.0,-18.2,-5.8,-36.0,8.5,6.5,3.2
3.970994234085083,-15.468595300333115,-35.93132813486886,-22.936537742387145,58.86780761682998,15.46859524442569,-7.915073057327921e-6,-12.786053040882454,-35.269434329846945,-19.766590842485563,56.90647166320498,14.681762585081744,-7.319698606095303e-6,-16.083984375,-36.298828125,-26.19140625,58.447265625,15.732421875,0.615234375,30.76171875,0.0,43.9453125,-35.15625,-17.578125,0.0,-18.2,-6.6,-36.0,10.7,6.5,3.2
3.9759950637817383,-15.368452092670314,-35.92128873189864,-22.753059591224886,58.674290459981925,15.3684520392816,-7.809402928853535e-6,-12.661909440668127,-35.215616427980564,-19.699343046333777,56.74025408846158,14.573857882969058,-7.212585171705808e-6,-15.908203125,-36.298828125,-25.927734375,58.359375,15.64453125,0.615234375,39.55078125,0.0,52.734375,-35.15625,-21.97265625,0.0,-18.2,-6.6,-35.2,11.5,6.3,3.2
3.9809951782226562,-15.26724962641482,-35.909690128941904,-22.573499699835804,58.48313236677411,15.267249575650617,-7.703416950280509e-6,-12.536781985350792,-35.15954413153556,-19.6382255132567,56.57703736952381,14.464918363862797,-7.105307888299246e-6,-15.8203125,-36.298828125,-25.6640625,58.18359375,15.556640625,0.615234375,39.55078125,0.0,52.734375,-30.76171875,-21.97265625,0.0,-18.2,-7.4,-35.2,10.4,6.3,3.2
3.9859960079193115,-15.165045107057441,-35.89660949565688,-22.397606950228337,58.294159388664525,15.165045059017473,-7.597136148909831e-6,-12.41071466886024,-35.10098885847789,-19.582808801497986,56.41660105901268,14.35499508634536,-6.997874006856962e-6,-15.64453125,-36.298828125,-25.48828125,58.0078125,15.46875,0.615234375,39.55078125,0.0,52.734375,-30.76171875,-21.97265625,0.0,-18.4,-7.4,-35.1,9.6,6.4,3.2
3.9909961223602295,-15.061790358836578,-35.881886316895404,-22.225840815588587,58.10767048384627,15.061790313629249,-7.490595604730103e-6,-12.28367125505454,-35.04013396564138,-19.53363408631268,56.259279451475436,14.244041977183514,-6.890329105284803e-6,-15.64453125,-36.298828125,-25.224609375,57.83203125,15.29296875,0.615234375,39.55078125,0.0,52.734375,-30.76171875,-21.97265625,0.0,-19.2,-8.2,-34.3,8.8,4.8,3.2
3.995997190475464,-14.957535452747383,-35.865602039699304,-22.05792659583915,57.92347239910444,14.95753541047478,-7.383805902811288e-6,-12.155688821495398,-34.97674682019998,-19.490254218312472,56.10483592839709,14.132104091963328,-6.782671606347404e-6,-15.556640625,-36.298828125,-24.9609375,57.65625,15.205078125,0.615234375,21.97265625,0.0,43.9453125,-30.76171875,-17.578125,0.0,-20.0,-8.2,-33.5,8.0,4.7,3.2
4.000998020172119,-14.852226760853444,-35.84758853001931,-21.894329395735795,57.74186210532085,14.85222672162638,-7.276800183989818e-6,-12.026725989863161,-34.91101695119407,-19.45320419392331,55.953603753607204,14.019130726523006,-6.674946455895682e-6,-15.46875,-36.298828125,-24.697265625,57.48046875,15.205078125,0.615234375,21.97265625,0.0,43.9453125,-30.76171875,-17.578125,0.0,-20.8,-9.0,-32.7,8.8,7.1,3.2
4.005998134613037,-14.745957760043543,-35.827940680796765,-21.734828122034394,57.562713401843126,14.745957723964851,-7.16962981689681e-6,-11.896874617706132,-34.84274046948126,-19.422036153135842,55.8054011839379,13.905215026094098,-6.567194559019017e-6,-15.380859375,-36.298828125,-24.521484375,57.392578125,15.029296875,0.615234375,21.97265625,0.0,43.9453125,-30.76171875,-17.578125,0.0,-21.1,-9.8,-32.5,10.4,6.6,3.2
4.0109992027282715,-14.638614158204634,-35.80647286652844,-21.57980972451962,57.38622761336608,14.638614125387644,-7.062270272654229e-6,-11.76602027775422,-34.77207757817129,-19.397259008806813,55.66048124645361,13.790242109631189,-6.459403763167505e-6,-15.205078125,-36.298828125,-24.2578125,57.3046875,14.94140625,0.615234375,21.97265625,0.0,43.9453125,-30.76171875,-17.578125,0.0,-21.1,-10.6,-31.7,10.4,6.6,3.2
4.016002178192139,-14.530257457868823,-35.78327874516135,-21.428996936513297,57.212221130935966,14.530257428419505,-6.954738256230921e-6,-11.634216154102374,-34.69880433423573,-19.3784067069118,55.518612787874595,13.674271128750098,-6.351580330874502e-6,-15.1171875,-36.298828125,-23.994140625,57.216796875,14.853515625,0.615234375,17.578125,0.0,48.33984375,-21.97265625,-17.578125,0.0,-21.1,-10.6,-30.9,11.2,7.4,3.2
4.0210041999816895,-14.42087108036404,-35.7581855430095,-21.282932764343045,57.04106418722071,14.42087105439543,-6.84711092803673e-6,-11.501467217950758,-34.62315209317352,-19.366002653411122,55.38018501405757,13.557291938493172,-6.24381434825147e-6,-15.029296875,-36.298828125,-23.818359375,57.12890625,14.677734375,0.615234375,17.578125,0.0,48.33984375,-21.97265625,-17.578125,0.0,-21.9,-11.5,-30.1,12.3,6.6,3.2
4.026005029678345,-14.310543358262432,-35.73130141729027,-21.141354491978355,56.87260222308042,14.310543335878574,-6.739427121000377e-6,-11.367858718010877,-34.54492283526483,-19.359562878374888,55.24498581161851,13.439392242775806,-6.1361338490112036e-6,-14.853515625,-36.298828125,-23.5546875,57.041015625,14.501953125,0.615234375,17.578125,0.0,48.33984375,-21.97265625,-17.578125,0.0,-20.8,-11.5,-29.2,11.5,4.5,3.2
4.031005144119263,-14.199186939560544,-35.70243389128498,-21.004714452481238,56.70709509516212,14.199186920873972,-6.631696826025683e-6,-11.233309521871147,-34.46430601907672,-19.35958175920598,55.11331009617062,13.320486134553468,-6.0285614969793084e-6,-14.677734375,-36.298828125,-23.37890625,56.953125,14.4140625,0.615234375,17.578125,0.0,48.33984375,-21.97265625,-17.578125,0.0,-20.8,-12.3,-28.4,10.2,3.7,3.2
4.036006212234497,-14.086846437594284,-35.67168540785851,-20.87268564652592,56.544318246850814,14.086846422709394,-6.523913909529473e-6,-11.097852118986982,-34.38107720375556,-19.365568307625043,54.98488793609131,13.200614665682442,-5.921080367211175e-6,-14.58984375,-36.298828125,-23.115234375,56.77734375,14.326171875,0.615234375,30.76171875,0.0,43.9453125,-21.97265625,-26.3671875,0.0,-20.8,-13.1,-26.8,9.4,3.8,3.2
4.041007041931152,-13.973471802443477,-35.63886681625687,-20.745781300821424,56.38459575425652,13.973471791471047,-6.416128822755307e-6,-10.961450854551185,-34.29545632454502,-19.378007106428214,54.86006199545836,13.079731873478519,-5.813753623589184e-6,-14.4140625,-36.298828125,-22.939453125,56.689453125,14.23828125,0.615234375,30.76171875,0.0,43.9453125,-21.97265625,-26.3671875,0.0,-20.8,-13.0,-26.0,11.2,6.2,3.2
4.04600715637207,-13.859155547567385,-35.60410110249726,-20.623713913235495,56.22776310092319,13.85915554060779,-6.308377866236965e-6,-10.824195760445372,-34.2072618310335,-19.396393638184065,54.73860681108509,12.957929866934993,-5.706606436147327e-6,-14.23828125,-36.298828125,-22.763671875,56.513671875,14.23828125,0.615234375,30.76171875,0.0,43.9453125,-21.97265625,-26.3671875,0.0,-19.9,-13.8,-25.1,11.2,7.6,3.2
4.051008224487305,-13.743783541088337,-35.56717585409684,-20.50693510159308,56.07405949259741,13.743783538249414,-6.200654361181314e-6,-10.685974320342527,-34.11666883738602,-19.421204179117883,54.62079407389007,12.835094419107302,-5.599645121168337e-6,-14.0625,-36.298828125,-22.5,56.337890625,14.150390625,0.615234375,30.76171875,0.0,43.9453125,-21.97265625,-26.3671875,0.0,-19.9,-14.6,-23.5,9.6,6.8,3.2
4.056010007858276,-13.62744171419398,-35.52821829491828,-20.395138060657075,55.92330534759038,13.62744171557288,-6.092985659792379e-6,-10.546868679761982,-34.02349764979613,-19.451931314045268,54.50638501864318,12.711310641759159,-5.492885813680705e-6,-13.7109375,-36.298828125,-22.32421875,56.162109375,13.974609375,0.615234375,35.15625,0.0,39.55078125,-30.76171875,-13.18359375,0.0,-17.5,-15.4,-22.7,8.8,5.4,3.2
4.061010122299194,-13.510110881332702,-35.487043646848065,-20.28887489203848,55.77586798943066,13.51011088702928,-5.985456878048182e-6,-10.406880126990874,-33.92800130936548,-19.489010322874623,54.39574358069942,12.58656540318447,-5.386425851232058e-6,-13.447265625,-36.298828125,-22.1484375,56.07421875,13.88671875,0.615234375,35.15625,0.0,39.55078125,-30.76171875,-13.18359375,0.0,-16.7,-15.5,-21.9,10.4,7.0,3.2
4.066011190414429,-13.391809985713405,-35.4437644039233,-20.187757331643173,55.63147164801019,13.39180999581877,-5.878029849666717e-6,-10.266010516663329,-33.829955980031194,-19.531945477863246,54.28855591331083,12.460872493720352,-5.2802161784592374e-6,-13.271484375,-36.298828125,-21.97265625,55.8984375,13.798828125,0.615234375,35.15625,0.0,39.55078125,-30.76171875,-13.18359375,0.0,-15.5,-16.3,-20.3,9.6,6.6,3.2
4.071012020111084,-13.27249295430848,-35.39818377404938,-20.092318041017315,55.4904521929148,13.272492968915927,-5.7707685488243745e-6,-10.124229230017818,-33.72959442745873,-19.58116118000762,54.18515635805891,12.334190238212809,-5.174333151358999e-6,-13.095703125,-36.298828125,-21.884765625,55.72265625,13.7109375,0.615234375,35.15625,0.0,39.55078125,-30.76171875,-13.18359375,0.0,-14.7,-17.1,-19.5,8.8,6.6,3.2
4.076013088226318,-13.152228158404142,-35.3504386030176,-20.002199040656144,55.35258849018793,13.152228177596067,-5.663677051162656e-6,-9.981597027418166,-33.6267420156593,-19.636145164366514,54.08527110817797,12.20658496897908,-5.0687693269812915e-6,-12.919921875,-36.298828125,-21.708984375,55.546875,13.623046875,0.615234375,43.9453125,0.0,35.15625,-30.76171875,-26.3671875,0.0,-14.7,-17.9,-17.9,8.8,8.0,3.2
4.081013202667236,-13.030971329669569,-35.30033248885649,-19.917932826356527,55.21821663378071,13.030971353528779,-5.556823646680641e-6,-9.838085411490937,-33.52163463845797,-19.697296980204207,53.98922738910004,12.07801691126317,-4.963605115337102e-6,-12.744140625,-36.298828125,-21.62109375,55.458984375,13.447265625,0.615234375,43.9453125,0.0,35.15625,-30.76171875,-26.3671875,0.0,-14.7,-18.8,-17.1,8.8,7.2,3.2
4.086014032363892,-12.908761238189221,-35.24799761862212,-19.83912453775359,55.08707395025789,12.908761266788584,-5.450182916554921e-6,-9.693719957158383,-33.41408173116244,-19.764119203709704,53.89672080461109,11.94852097630167,-4.8588038426219985e-6,-12.65625,-36.298828125,-21.4453125,55.283203125,13.271484375,0.615234375,43.9453125,0.0,35.15625,-30.76171875,-26.3671875,0.0,-15.1,-19.6,-14.6,8.8,7.2,3.2
4.09101414680481,-12.785560558258869,-35.193239941446976,-19.76631191312336,54.95950412712489,12.785560591669618,-5.3438326318103715e-6,-9.54848056052923,-33.30432497037023,-19.83698716443724,53.80807727450191,11.818064795760417,-4.754455114574679e-6,-12.48046875,-36.298828125,-21.357421875,55.107421875,13.18359375,0.615234375,43.9453125,0.0,35.15625,-30.76171875,-21.97265625,0.0,-15.1,-20.4,-13.8,7.0,6.4,3.2
4.096015214920044,-12.661406776062904,-35.13619750329908,-19.6990868075164,54.83523706528004,12.6614068143464,-5.237743467762321e-6,-9.402391291251192,-33.192181514648276,-19.915409551357367,53.72298771470563,11.686681934417177,-4.650518300161696e-6,-12.392578125,-36.298828125,-21.26953125,54.931640625,13.0078125,0.615234375,26.3671875,0.0,17.578125,-30.76171875,-21.97265625,0.0,-15.1,-21.2,-12.2,6.2,5.4,3.2
4.101018190383911,-12.536203979756936,-35.07664867059779,-19.637957352934805,54.71455926346714,12.536204022973372,-5.1319471512946374e-6,-9.255363468801537,-33.07783770905785,-19.99978090577199,53.64173272477673,11.554278127529635,-4.547037839343613e-6,-12.3046875,-36.298828125,-21.181640625,54.755859375,13.0078125,0.615234375,26.3671875,0.0,17.578125,-30.76171875,-21.97265625,0.0,-15.1,-22.0,-10.6,6.4,7.8,3.2
4.106020212173462,-12.410101463826894,-35.014790407889734,-19.58255954686754,54.59730368316922,12.410101512022408,-5.026506352692501e-6,-9.107552541289229,-32.96122291011558,-20.08954334627586,53.564074074340866,11.421005213236116,-4.444063021345634e-6,-12.12890625,-36.298828125,-21.181640625,54.4921875,12.83203125,0.615234375,26.3671875,0.0,17.578125,-30.76171875,-21.97265625,0.0,-15.2,-22.8,-9.7,4.8,8.3,3.2
4.111023187637329,-12.282981095206098,-34.9503930261901,-19.533383599154536,54.483730845648594,12.282981148424659,-4.921436751906031e-6,-8.958843798319581,-32.84249908383497,-20.18508328417918,53.49026716759491,11.28674543994195,-4.341622379520103e-6,-12.041015625,-36.298828125,-21.09375,54.228515625,12.65625,0.615234375,26.3671875,0.0,17.578125,-30.76171875,-26.3671875,0.0,-16.0,-23.6,-8.9,2.0,6.7,3.2
4.116024017333984,-12.15499883793858,-34.88366680326447,-19.49004363827116,54.37366515657028,12.15499889621029,-4.816801400040855e-6,-8.809399920678997,-32.721616258050815,-20.285837520838623,53.42006714222723,11.151657528602742,-4.239765099391425e-6,-11.865234375,-36.298828125,-21.09375,54.228515625,12.48046875,0.615234375,26.3671875,0.0,13.18359375,-35.15625,-26.3671875,0.0,-15.2,-24.4,-8.1,2.0,4.5,3.2
4.121024131774902,-12.026050242538808,-34.81439252624718,-19.453026070332207,54.26737380953662,12.026050305889278,-4.712629893376105e-6,-8.659122292834901,-32.59874389512413,-20.392160257079038,53.353726199289305,11.015638199719605,-4.138533068922238e-6,-11.77734375,-36.298828125,-21.005859375,54.228515625,12.392578125,0.615234375,26.3671875,0.0,13.18359375,-35.15625,-26.3671875,0.0,-15.2,-25.2,-6.5,3.2,4.5,3.2
4.126025199890137,-11.896168211161823,-34.74272258652736,-19.421890479939627,54.164568780440185,11.896168279608343,-4.608881502110237e-6,-8.50802979949684,-32.473726523842,-20.503595038138098,53.29092984781576,10.878716260448677,-4.03787433346178e-6,-11.689453125,-36.298828125,-21.005859375,54.140625,12.3046875,0.615234375,26.3671875,0.0,13.18359375,-35.15625,-26.3671875,0.0,-16.1,-26.0,-5.9,4.0,8.1,3.2
4.131026029586792,-11.76531592898474,-34.668475434230224,-19.39714199238388,54.065573644786966,11.765316002535766,-4.5056450016506735e-6,-8.35610321418659,-32.34679154584404,-20.62042666927082,53.23196037615834,10.740859939380567,-3.937888330603178e-6,-11.6015625,-36.2109375,-21.005859375,54.140625,12.216796875,0.615234375,26.3671875,0.0,13.18359375,-35.15625,-21.97265625,0.0,-16.9,-26.0,-5.1,5.9,9.7,3.2
4.13602614402771,-11.63358155203813,-34.5918409299594,-19.37833775074334,53.97013540594955,11.633581630692566,-4.402919872692778e-6,-8.203425423335144,-32.21784707976616,-20.742160143377617,53.17652652094165,10.602156219388778,-3.83856190162585e-6,-11.513671875,-36.2109375,-21.005859375,54.052734375,12.041015625,0.615234375,21.97265625,4.39453125,4.39453125,-8.7890625,-21.97265625,0.0,-16.9,-27.6,-4.3,5.1,10.1,3.2
4.141027212142944,-11.50085444671722,-34.51260006166119,-19.365959272973413,53.87851657020342,11.500854530466503,-4.30073985574715e-6,-8.049891767023194,-32.08704279613598,-20.86912820456987,53.12486761357759,10.46249563622994,-3.739941079676457e-6,-11.42578125,-36.123046875,-21.005859375,54.052734375,11.865234375,0.615234375,21.97265625,4.39453125,4.39453125,-8.7890625,-21.97265625,0.0,-17.7,-27.5,-3.5,4.8,8.5,3.2
4.1460280418396,-11.367240838338047,-34.43095899577355,-19.359553792537497,53.79047053707311,11.367240927164541,-4.199114943034966e-6,-7.895605876647251,-31.954314336220257,-21.000830864715347,53.07669896166639,10.321984148304347,-3.642022751497231e-6,-11.42578125,-36.03515625,-21.005859375,53.96484375,11.689453125,0.615234375,21.97265625,4.39453125,4.39453125,-8.7890625,-21.97265625,0.0,-19.6,-27.5,-2.7,4.8,6.8,3.2
4.151028156280518,-11.232688253240632,-34.34673913233952,-19.35959554671875,53.7062929440345,11.232688347115706,-4.098126546632501e-6,-7.740530601020986,-31.819861887999817,-21.137527509018515,53.0322719111644,10.180573554562997,-3.544898795579931e-6,-11.337890625,-35.947265625,-21.005859375,53.876953125,11.42578125,0.615234375,21.97265625,4.39453125,4.39453125,-8.7890625,-39.55078125,0.0,-19.6,-28.3,-1.9,4.8,6.8,3.2
4.156029224395752,-11.097225792542604,-34.26010482184979,-19.365616384464378,53.62567999044708,11.097225891432888,-3.997722299696937e-6,-7.584680278883795,-31.683554304458447,-21.278806677555668,52.99127367552074,10.038288645969843,-3.448505915586923e-6,-11.25,-35.859375,-21.005859375,53.876953125,11.25,0.615234375,13.18359375,13.18359375,0.0,-8.7890625,-39.55078125,0.0,-20.4,-28.3,-0.3,4.8,6.5,3.2
4.161030054092407,-10.96082117367861,-34.1708960241526,-19.378078008003428,53.54893333845996,10.960821277537903,-3.898001958825239e-6,-7.428041356968881,-31.545604183368,-21.424891641799494,52.953952733045,9.895102536009492,-3.3529535715998757e-6,-11.07421875,-35.771484375,-21.005859375,53.7890625,11.162109375,0.615234375,13.18359375,13.18359375,0.0,-8.7890625,-39.55078125,0.0,-20.4,-28.1,0.5,4.8,6.5,3.2
4.166030168533325,-10.823561074736723,-34.07931873831151,-19.396498688888204,53.47577725839239,10.823561183513574,-3.7989518904148337e-6,-7.270694120612268,-31.405947863417808,-21.575323939100926,52.92001399782107,9.751100412614676,-3.2582155317056777e-6,-10.8984375,-35.771484375,-21.005859375,53.7890625,10.986328125,0.615234375,13.18359375,13.18359375,0.0,-8.7890625,-39.55078125,0.0,-20.1,-29.7,0.4,5.6,7.1,3.2
4.1710309982299805,-10.685342926392423,-33.985174185014515,-19.42133059322739,53.40646513738203,10.685343040024314,-3.700623210644558e-6,-7.112544550900596,-31.264718662502386,-21.730386279812045,52.889675992240306,9.606181679204752,-3.164354551160403e-6,-10.810546875,-35.595703125,-21.005859375,53.701171875,10.810546875,0.615234375,13.18359375,13.18359375,0.0,-8.7890625,-30.76171875,0.0,-20.9,-29.7,0.4,4.8,6.3,3.2
4.176033020019531,-10.546225726289979,-33.8886518848527,-19.452092928260203,53.340705703070135,10.546225844711786,-3.60297980710874e-6,-6.953641195208067,-31.121833238650225,-21.889668010770343,52.862642060032755,9.460402490087873,-3.071322980164478e-6,-10.634765625,-35.5078125,-21.005859375,53.701171875,10.634765625,0.615234375,26.3671875,17.578125,0.0,-8.7890625,-30.76171875,0.0,-20.9,-29.7,0.4,4.8,7.2,3.2
4.181033134460449,-10.406233892945432,-33.78964841877244,-19.489194399352087,53.27880424162521,10.40623401607609,-3.50616494953488e-6,-6.794035419861529,-30.977546135307335,-22.053292735702684,52.83914595241667,9.313795416014642,-2.9792714008253057e-6,-10.458984375,-35.419921875,-21.09375,53.701171875,10.546875,0.615234375,26.3671875,17.578125,0.0,-8.7890625,-30.76171875,0.0,-20.1,-30.7,0.4,4.8,6.4,3.2
4.186034202575684,-10.265359391011879,-33.68830944669141,-19.53216303142548,53.22043443795632,10.265359518771817,-3.410091840910529e-6,-6.633698941455303,-30.831714321152724,-22.220941590486355,52.81888109031347,9.1663462974525,-2.8881037800159065e-6,-10.283203125,-35.244140625,-21.09375,53.61328125,10.37109375,0.615234375,26.3671875,17.578125,0.0,-8.7890625,-30.76171875,0.0,-20.1,-29.9,0.0,4.0,4.6,3.2
4.191037178039551,-10.123513846804503,-33.584458844430955,-19.581423240391416,53.165844584082684,10.12351397910172,-3.314829285381523e-6,-6.472554983970053,-30.68446623804495,-22.392858344076146,52.8020543558239,9.017969716811756,-2.797899991560684e-6,-10.1953125,-35.15625,-21.09375,53.61328125,10.283203125,0.615234375,26.3671875,17.578125,0.0,-8.7890625,-26.3671875,0.0,-20.1,-29.9,0.8,4.8,4.6,3.2
4.19605016708374,-9.980534879832543,-33.47812136141404,-19.636584504290518,53.114668908122596,9.98053501658262,-3.2201911563004987e-6,-6.310401241087942,-30.535505594548816,-22.568942811021397,52.78836379053023,8.868490464955272,-2.7084709761719644e-6,-10.01953125,-35.068359375,-21.09375,53.525390625,10.1953125,0.615234375,30.76171875,26.3671875,-4.39453125,-8.7890625,-26.3671875,0.0,-20.1,-30.7,1.6,4.0,7.2,3.2
4.2010509967803955,-9.836997519268303,-33.369627639387524,-19.69778055108345,53.06737177755289,9.83699766035414,-3.126683846799729e-6,-6.14791276560862,-30.385640291792807,-22.748600933261955,52.7780603668744,8.71851652495585,-2.6203095539567537e-6,-9.84375,-34.892578125,-21.09375,53.525390625,10.107421875,0.615234375,30.76171875,26.3671875,-4.39453125,-8.7890625,-26.3671875,0.0,-20.1,-29.5,3.2,4.0,6.4,3.2
4.2060511112213135,-9.692644970281407,-33.25893580619204,-19.764645711913857,53.02354565237411,9.692645115598452,-3.0340526967671423e-6,-5.984779393683569,-30.234488684156617,-22.931859404926072,52.770832143124686,8.567773755023174,-2.5331615086488093e-6,-9.755859375,-34.716796875,-21.09375,53.4375,10.01953125,0.615234375,30.76171875,26.3671875,-4.39453125,-8.7890625,-26.3671875,0.0,-19.9,-28.7,4.4,3.2,5.7,3.2
4.21106219291687,-9.54708102005484,-33.14564957632067,-19.837713911171196,52.983328172924274,9.54708116949536,-2.9421752719238903e-6,-5.820577249542538,-30.08183159887811,-23.11933062276045,52.76685393996996,8.415855506117808,-2.4469270150852468e-6,-9.4921875,-34.62890625,-21.09375,53.4375,9.931640625,0.615234375,30.76171875,26.3671875,-4.39453125,-8.7890625,-17.578125,0.0,-19.1,-28.7,5.2,3.2,4.9,3.2
4.216063022613525,-9.40098892564706,-33.030443401550315,-19.91619833703048,52.946606976608386,9.400989079089722,-2.8514001931522526e-6,-5.65605894486993,-29.928280066750773,-23.30987031693398,52.76587471326653,8.263469434723646,-2.3619198493885515e-6,-9.404296875,-34.541015625,-21.09375,53.4375,9.84375,0.615234375,30.76171875,26.3671875,0.0,0.0,-17.578125,0.0,-19.1,-28.7,6.0,3.2,3.8,3.2
4.22106409072876,-9.25401084370575,-32.91296388340699,-20.000579710386795,52.913509387160786,9.254011001025884,-2.7616273247424874e-6,-5.490843321245067,-29.773643649357663,-23.504024232831604,52.76805272798781,8.110248768679622,-2.278060590435262e-6,-9.228515625,-34.365234375,-21.09375,53.4375,9.755859375,0.615234375,30.76171875,26.3671875,0.0,0.0,-17.578125,0.0,-18.3,-27.8,6.8,3.2,3.0,3.2
4.22607421875,-9.105950158961013,-32.7931877754918,-20.090555462673983,52.88370959039807,9.105950320045734,-2.6726581489294485e-6,-5.324692405359417,-29.617617865750745,-23.701814618307406,52.7731424620902,7.955983469998298,-2.1951509459538163e-6,-8.96484375,-34.27734375,-21.09375,53.4375,9.755859375,0.615234375,30.76171875,26.3671875,0.0,0.0,-17.578125,0.0,-16.5,-27.8,7.6,3.2,3.0,3.2
4.231076002120972,-8.957269748051758,-32.67142519364294,-20.186119487537283,52.85751159401721,8.957269912763842,-2.584896490632179e-6,-5.15814795931599,-29.46086402232412,-23.902695593979765,52.78128357586323,7.801162454879082,-2.1135824180532597e-6,-8.7890625,-34.1015625,-21.09375,53.4375,9.755859375,0.615234375,30.76171875,26.3671875,0.0,0.0,-17.578125,0.0,-15.7,-26.2,7.6,3.2,3.0,3.2
4.236136198043823,-8.806034308593519,-32.546200720883476,-20.28818417255535,52.834352375947645,8.806034476848499,-2.497143821792559e-6,-4.989029718303759,-29.301253680402002,-24.10909244706801,52.79238637338158,7.64376677433374,-2.0322312076951633e-6,-8.525390625,-34.013671875,-21.09375,53.4375,9.755859375,0.615234375,39.55078125,26.3671875,0.0,0.0,-8.7890625,0.0,-14.1,-26.2,8.4,3.2,3.2,3.2
4.2411370277404785,-8.655720414855459,-32.420348806587796,-20.394618088089675,52.81493494279701,8.655720586476958,-2.4115319182911223e-6,-4.821245406092304,-29.142610021749864,-24.316306849416442,52.80631902479637,7.487420582229653,-1.953087594681823e-6,-8.349609375,-33.837890625,-21.181640625,53.4375,9.755859375,0.615234375,39.55078125,26.3671875,0.0,0.0,-8.7890625,0.0,-12.5,-24.5,7.6,3.2,3.2,3.2
4.2461371421813965,-8.504634816431949,-32.292592532407916,-20.50617285581991,52.79873400431433,8.504634991291978,-2.32699871599617e-6,-4.652884967487668,-28.983079323070754,-24.52644648048092,52.82297896951648,7.330356708282984,-1.8751540394002727e-6,-8.173828125,-33.75,-21.181640625,53.4375,9.755859375,0.615234375,39.55078125,26.3671875,0.0,0.0,-8.7890625,0.0,-11.3,-23.7,7.3,3.2,3.2,3.2
4.251155138015747,-8.3521709641164,-32.162379013219876,-20.623506156181694,52.785854358059105,8.352171142090064,-2.243324644871475e-6,-4.483293442442456,-28.82215802923421,-24.740399719266716,52.84255666762713,7.171950836973032,-1.798243310614829e-6,-8.0859375,-33.662109375,-21.26953125,53.4375,9.755859375,0.615234375,39.55078125,26.3671875,0.0,0.0,0.0,0.0,-10.5,-22.9,6.5,3.2,3.2,3.2
4.256157159805298,-8.199409952629596,-32.03074179670143,-20.74544413990114,52.77615569841005,8.199410133578274,-2.161034960452297e-6,-4.313659209987368,-28.66092901587674,-24.956476472376256,52.86471775491692,7.0133219742695525,-1.7228265922259036e-6,-7.91015625,-33.486328125,-21.26953125,53.4375,9.755859375,0.615234375,35.15625,21.97265625,-8.7890625,0.0,0.0,0.0,-8.9,-21.3,6.5,3.2,3.2,3.2
4.261158227920532,-8.045859692832975,-31.897239206278527,-20.872516252242455,52.76972579588016,8.045859876620577,-2.0799655031796967e-6,-4.143453145887793,-28.498997962789666,-25.175389498440065,52.889617740629674,6.853964288032843,-1.6487663148641947e-6,-7.822265625,-33.3984375,-21.357421875,53.4375,9.755859375,0.615234375,35.15625,21.97265625,-8.7890625,0.0,0.0,0.0,-8.1,-20.2,5.7,3.2,3.2,3.2
4.266161203384399,-7.8914826837048295,-31.761942404942403,-21.00443000000338,52.76634332043296,7.891482870204716,-2.0000298130343277e-6,-3.9726200024842107,-28.33627374263888,-25.397035411611043,52.9170799238147,6.693834785745528,-1.5759719541536924e-6,-7.734375,-33.310546875,-21.357421875,53.4375,9.755859375,0.615234375,35.15625,21.97265625,-8.7890625,0.0,0.0,0.0,-7.5,-19.4,5.4,3.2,3.2,3.2
4.27116322517395,-7.736331547658501,-31.624881151797712,-21.141281340065863,52.76613398783408,7.736331736736393,-1.9213636439196333e-6,-3.801236653313124,-28.172928259523935,-25.621358162046914,52.947184581477515,6.532993608719942,-1.5045816027264128e-6,-7.646484375,-33.22265625,-21.4453125,53.4375,9.755859375,0.615234375,35.15625,21.97265625,-8.7890625,0.0,0.0,0.0,-6.7,-18.6,4.6,3.2,3.2,3.2
4.2761640548706055,-7.580463722317734,-31.486205777188466,-21.28270518731266,52.76888304312965,7.580463913847713,-1.8439273730324089e-6,-3.629352685817932,-28.00897483343737,-25.848129349696222,52.97974459286937,6.371496178299176,-1.434547231618308e-6,-7.55859375,-33.134765625,-21.533203125,53.4375,9.755859375,0.615234375,17.578125,17.578125,-13.18359375,0.0,0.0,0.0,-5.9,-17.8,3.8,3.2,3.2,3.2
4.281164169311523,-7.4238308101110775,-31.345863963883644,-21.428867712321328,52.77470433982566,7.423831003962354,-1.767804256801898e-6,-3.4569330678890515,-27.844470827467312,-26.077433075574774,53.01485173889856,6.209297822010127,-1.3659589364809415e-6,-7.470703125,-33.134765625,-21.533203125,53.4375,9.755859375,0.615234375,17.578125,17.578125,-13.18359375,0.0,0.0,0.0,-5.1,-18.1,3.8,3.2,3.2,3.2
4.286167144775391,-7.266368945858535,-31.2038914959997,-21.579532114958127,52.78339686217665,7.266369141910675,-1.6928957642220677e-6,-3.2838940535802927,-27.67930620578082,-26.309231268178987,53.05235586034746,6.046328410328902,-1.2987158131457687e-6,-7.470703125,-33.046875,-21.533203125,53.4375,9.755859375,0.615234375,17.578125,17.578125,-13.18359375,0.0,0.0,0.0,-5.3,-17.3,3.8,3.2,3.2,3.2
4.291169166564941,-7.108165227460985,-31.06036222727572,-21.734727954148113,52.795064022501606,7.108165425587444,-1.6193527562562703e-6,-3.1103500068813883,-27.513673295173394,-26.5434070346676,53.0923152458212,5.882683659485629,-1.2329689673386866e-6,-7.3828125,-32.958984375,-21.62109375,53.4375,9.755859375,0.615234375,17.578125,17.578125,-13.18359375,0.0,0.0,0.0,-4.5,-16.5,3.0,3.2,3.2,3.2
4.296171188354492,-6.949237377267468,-30.915380421208006,-21.894151743468058,52.80950659784078,6.949237577351088,-1.5471138687906001e-6,-2.9363067112370276,-27.347551467182264,-26.779812769053933,53.13456739410731,5.7183778461471295,-1.1686507543713634e-6,-7.3828125,-32.958984375,-21.62109375,53.4375,9.755859375,0.615234375,13.18359375,13.18359375,-4.39453125,0.0,0.0,0.0,-4.5,-16.5,3.0,3.2,3.2,3.2
4.301175117492676,-6.789493421238207,-30.768862787351395,-22.057995355279033,52.82683317043465,6.789493623158919,-1.4762466857478494e-6,-2.761682014009785,-27.180937898383256,-27.018592999784797,53.1792106467785,5.553321438438618,-1.1058376165032294e-6,-7.294921875,-32.87109375,-21.62109375,53.4375,9.755859375,0.615234375,13.18359375,13.18359375,-4.39453125,0.0,0.0,0.0,-3.7,-15.7,3.0,3.2,3.2,3.2
4.306175231933594,-6.629163005238421,-30.62110233813598,-22.22575100684493,52.846828969154934,6.629163208883083,-1.4067826736502627e-6,-2.586713313950911,-27.014036816257875,-27.259293752256134,53.22603090171118,5.38774767259844,-1.0445441726444064e-6,-7.294921875,-32.87109375,-21.62109375,53.349609375,9.755859375,0.615234375,13.18359375,13.18359375,-4.39453125,0.0,0.0,0.0,-3.8,-15.7,3.1,2.4,3.2,3.2
4.311176061630249,-6.468072200202238,-30.47194513105964,-22.39768328087492,52.86960463484019,6.468072405456475,-1.3387531460178015e-6,-2.4112288189788056,-26.846752512222828,-27.502179282170253,53.27514515645804,5.221482328539557,-9.848145363520183e-7,-7.294921875,-32.783203125,-21.62109375,53.349609375,9.755859375,0.615234375,13.18359375,13.18359375,-4.39453125,0.0,0.0,0.0,-3.8,-14.9,3.1,2.4,3.2,3.2
4.316177129745483,-6.306281742378362,-30.321523218654423,-22.57347229480811,52.89497233726729,6.30628194913647,-1.2721142016887282e-6,-2.235281353003787,-26.679116506972015,-27.747058280193862,53.326394717173486,5.054584139057095,-9.265965722336146e-7,-7.20703125,-32.783203125,-21.62109375,53.349609375,9.755859375,0.615234375,4.39453125,8.7890625,0.0,0.0,0.0,0.0,-3.0,-14.9,3.1,2.4,3.2,3.2
4.321178197860718,-6.143771354126889,-30.169827319250604,-22.75321625479229,52.92302100097545,6.143771562280762,-1.2069661426379078e-6,-2.0588671772246423,-26.51118672906426,-27.993963432191336,53.37985072911391,4.88703767960415,-8.699954973735746e-7,-7.20703125,-32.783203125,-21.62109375,53.349609375,9.755859375,0.615234375,4.39453125,8.7890625,0.0,0.0,0.0,0.0,-3.0,-15.1,3.1,2.4,3.2,3.2
4.326179027557373,-5.980593580869847,-30.016976706988025,-22.936614428697386,52.953569167810286,5.98059379031998,-1.1432589355309003e-6,-1.8820298566157425,-26.342988909261774,-28.242723992146345,53.435362268497,4.718893131109085,-8.149534407455541e-7,-7.20703125,-32.783203125,-21.62109375,53.349609375,9.755859375,0.615234375,4.39453125,8.7890625,0.0,0.0,0.0,0.0,-3.1,-15.1,3.2,2.4,3.2,3.2
4.331179141998291,-5.816737617048476,-29.86297444149502,-23.123745544521263,52.98669862542572,5.816737827693441,-1.0810967673388199e-6,-1.7047758932531234,-26.17458416188087,-28.493356385761818,53.49299405849073,4.550144830601072,-7.615788028210789e-7,-7.20703125,-32.783203125,-21.62109375,53.349609375,9.755859375,0.615234375,4.39453125,8.7890625,0.0,0.0,0.0,0.0,-3.1,-15.1,3.2,2.4,3.2,3.2
4.336180210113525,-5.6521926490334415,-29.70787469478429,-23.314393227150198,53.02224717079085,5.652192860780578,-1.0204036806460138e-6,-1.527080110297567,-26.005935824816596,-28.745794912957685,53.5526234153545,4.380777649868105,-7.097912072520757e-7,-7.20703125,-32.6953125,-21.62109375,53.349609375,9.755859375,0.615234375,4.39453125,0.0,0.0,0.0,0.0,0.0,-3.9,-15.1,4.0,0.8,4.0,3.2
4.341181039810181,-5.486972532350994,-29.551706420462097,-23.508602095980983,53.0602883768464,5.486972745105943,-9.612945463812586e-7,-1.348975872738527,-25.837124370863897,-29.000017342936946,53.61430477872291,4.210811387678284,-6.597082808798118e-7,-7.294921875,-32.6953125,-21.62109375,53.349609375,9.755859375,0.615234375,4.39453125,0.0,0.0,0.0,0.0,0.0,-4.7,-15.2,4.0,-0.3,8.0,3.2
4.346181154251099,-5.32113633569294,-29.394584198415885,-23.70608620311969,53.100650875396624,5.321136549369296,-9.037169300804985e-7,-1.1705131958586006,-25.668187248818498,-29.25585821854379,53.67789546407087,4.0403027654346975,-6.112693748210754e-7,-7.3828125,-32.6953125,-21.62109375,53.349609375,9.755859375,0.615234375,4.39453125,0.0,0.0,0.0,0.0,0.0,-6.8,-16.0,4.9,-0.3,14.4,3.2
4.351182222366333,-5.1546047701479605,-29.236451426967403,-23.906993855296495,53.14342637177735,5.154604984658549,-8.477533175520066e-7,-0.9916251564211598,-25.499103899204854,-29.513437774267825,53.743482953518864,3.8691758071258686,-5.645646443696898e-7,-7.3828125,-32.6953125,-21.62109375,53.349609375,9.580078125,0.615234375,4.39453125,0.0,0.0,0.0,-8.7890625,0.0,-6.8,-16.0,4.9,-0.0,22.4,3.2
4.356183052062988,-4.987459701663915,-29.07743876403395,-24.111024001562694,53.18844447268284,4.987459916928958,-7.933574535805577e-7,-0.8123861169047795,-25.3299375321233,-29.77256253251892,53.81092139360494,3.6975106193361778,-5.195384113767972e-7,-7.470703125,-32.6953125,-21.62109375,53.349609375,9.31640625,0.615234375,-8.7890625,4.39453125,0.0,0.0,-8.7890625,0.0,-8.4,-16.8,5.7,-0.0,27.2,3.2
4.361194133758545,-4.819326172944226,-28.917209505757754,-24.318689174040273,53.23588100775389,4.819326388884517,-7.405229517107677e-7,-0.6324133234985863,-25.160364699008525,-30.03381255545105,53.88042180224387,3.524927940632452,-4.762085932814345e-7,-7.470703125,-32.6953125,-21.62109375,53.349609375,8.7890625,0.615234375,-8.7890625,4.39453125,0.0,0.0,-8.7890625,0.0,-9.2,-17.9,6.5,-0.0,29.6,3.2
4.366195201873779,-4.650925150329191,-28.756498095091988,-24.52891032900284,53.28539137358215,4.650925366869914,-6.8940259142556e-7,-0.4524650386399719,-24.99109570621576,-30.296007809886802,53.95157922284583,3.3521638299690095,-4.3468245405584555e-7,-7.470703125,-32.6953125,-21.62109375,53.349609375,8.0859375,0.615234375,-8.7890625,4.39453125,0.0,0.0,-8.7890625,0.0,-10.0,-18.7,7.6,-0.0,27.1,3.2
4.371196031570435,-4.481909130897509,-28.594996581015074,-24.742154159690287,53.33713431366372,4.481909347964807,-6.39993286849665e-7,-0.27218694038859137,-24.821827346242905,-30.559683546520407,54.02458681501428,3.1788669309360937,-3.9497920095364217e-7,-7.470703125,-32.6953125,-21.62109375,53.349609375,7.294921875,0.615234375,-8.7890625,4.39453125,0.0,0.0,-114.2578125,0.0,-10.8,-19.5,8.4,-0.0,22.3,3.2
4.376197099685669,-4.312301505695009,-28.43276912649958,-24.958217154884387,53.39097047969258,4.312301723221648,-5.922289440743596e-7,-0.09159075761902913,-24.652569335406817,-30.8247503867987,54.09933470811104,3.0050573169051553,-3.57026787270484e-7,-7.470703125,-32.6953125,-21.62109375,53.349609375,6.591796875,0.615234375,-4.39453125,0.0,0.0,0.0,-114.2578125,0.0,-12.4,-20.3,9.2,-0.0,15.0,3.2
4.381198167800903,-4.142091723293077,-28.26983016713777,-25.177147782813357,53.44696277552391,4.142091941211559,-5.462142251741301e-7,0.08931686207016058,-24.483353528441,-31.09122031919989,54.175876834962835,2.830729597511904,-3.209329579326056e-7,-7.3828125,-32.6953125,-21.708984375,53.349609375,5.625,0.615234375,-4.39453125,0.0,0.0,0.0,-114.2578125,0.0,-13.2,-22.1,10.0,-0.0,5.6,3.2
4.386200189590454,-3.9712857409689564,-28.106222147619505,-25.398776764850112,53.5049843672234,3.971285959217938,-5.018775781244252e-7,0.2705427501096797,-24.314174770415683,-31.359037069624218,54.25411649520093,2.655885981481329,-2.866212884479391e-7,-7.3828125,-32.607421875,-21.796875,53.349609375,5.2734375,0.615234375,-4.39453125,0.0,0.0,0.0,-114.2578125,0.0,-14.0,-22.1,10.0,-0.0,2.4,3.2
4.391203165054321,-3.7998661691862226,-27.9419541548922,-25.62315874095833,53.56509898176341,3.7998663877042382,-4.593228377508096e-7,0.4520873735091837,-24.145053387168673,-31.628223521134615,54.33411020396745,2.4805141322773947,-2.5419892676645233e-7,-7.294921875,-32.607421875,-21.796875,53.349609375,4.833984375,0.615234375,-4.39453125,0.0,0.0,0.0,-118.65234375,0.0,-14.0,-23.7,11.6,-3.2,2.4,3.2
4.3962061405181885,-3.627903015609386,-27.77712522665711,-25.850052205443554,53.6271641509168,3.627903234340514,-4.1849403800270476e-7,0.6338896963682358,-23.97604986785953,-31.898628220833178,54.41573664489055,2.304681795719502,-2.2360131946913138e-7,-7.20703125,-32.607421875,-21.884765625,53.349609375,4.74609375,0.615234375,8.7890625,4.39453125,-13.18359375,0.0,-118.65234375,0.0,-14.8,-25.3,12.4,-4.8,7.7,3.2
4.401209115982056,-3.455380969091326,-27.611747478310456,-26.079504316259225,53.69123914808859,3.4553811879796936,-3.7949378467721145e-7,0.815948301385768,-23.807181243866044,-32.17027060655184,54.49904902151577,2.1283786780400273,-1.94933948634991e-7,-7.119140625,-32.431640625,-22.060546875,53.349609375,4.482421875,0.615234375,8.7890625,4.39453125,-13.18359375,0.0,-118.65234375,0.0,-16.4,-25.3,12.4,-5.3,12.9,3.2
4.40621018409729,-3.282402361597513,-27.445946399706106,-26.311239265877038,53.75717365525081,3.2824025805923385,-3.422705125354841e-7,0.998168450550048,-23.638540987416494,-32.4429528260875,54.58391350343645,1.9517054340767956,-1.6813474376070193e-7,-7.119140625,-32.431640625,-22.060546875,53.349609375,4.306640625,0.615234375,8.7890625,4.39453125,-13.18359375,0.0,-118.65234375,0.0,-17.3,-26.9,13.9,-6.1,13.7,3.2
4.411212205886841,-3.1088547527362476,-27.27964170295582,-26.545430994588102,53.82506132522046,3.1088549717869665,-3.069047834809277e-7,1.1806512526154724,-23.470046554794852,-32.71684763772075,54.67042939061358,1.7745525156615964,-1.4329272643395075e-7,-6.943359375,-32.34375,-22.1484375,53.349609375,4.04296875,0.615234375,8.7890625,4.39453125,-13.18359375,0.0,-43.9453125,0.0,-17.3,-27.7,14.7,-8.2,15.3,3.2
4.416214227676392,-2.9348062297986313,-27.112921764610647,-26.781859982161006,53.89477101408861,2.9348064488593155,-2.733372672770794e-7,1.3633380304758427,-23.30176019128267,-32.99181569981052,54.758484233539306,1.596985604492452,-1.203402066832853e-7,-6.85546875,-32.255859375,-22.236328125,53.4375,3.779296875,0.615234375,17.578125,17.578125,-17.578125,0.0,-43.9453125,0.0,-18.1,-28.5,15.5,-7.4,13.1,3.2
4.421215057373047,-2.760286427113802,-26.94584291980388,-27.020506753123904,53.96633958140991,2.7602866461387454,-2.4167751686059243e-7,1.5461805045280381,-23.133733027362208,-33.2678061376441,54.848106024591374,1.4190401904051957,-9.938636243514664e-8,-6.767578125,-32.080078125,-22.412109375,53.4375,3.427734375,0.615234375,17.578125,17.578125,-17.578125,0.0,-43.9453125,0.0,-19.7,-28.3,15.5,-7.2,9.9,3.2
4.426216125488281,-2.585279660947439,-26.778409232235735,-27.26127403131186,54.03967381479813,2.585279879895167,-2.118480320089641e-7,1.7292081911288308,-22.965947824947037,-33.54481583057907,54.93922785402859,1.2406964093597517,-8.035048699478397e-8,-6.591796875,-32.080078125,-22.5,53.525390625,3.076171875,0.615234375,17.578125,17.578125,-17.578125,0.0,-43.9453125,0.0,-19.6,-30.7,17.2,-6.4,5.6,3.2
4.431218147277832,-2.4097501975755224,-26.6106148537895,-27.504231162008743,54.1148372115551,2.409750416404772,-1.8394755188662286e-7,1.9124411236865084,-22.79838906563525,-33.82289811244867,55.03191160186616,1.0619231646205962,-6.333473311806123e-8,-6.50390625,-31.904296875,-22.67578125,53.61328125,2.8125,0.615234375,17.578125,17.578125,-17.578125,0.0,-61.5234375,0.0,-21.2,-30.7,17.2,-5.6,3.2,3.2
4.436221122741699,-2.2337308638256803,-26.442506622847308,-27.74922426858245,54.1917227333301,2.233731082498994,-1.5790784395656865e-7,2.095857843409431,-22.63108856431991,-34.10197697520202,55.12606992270364,0.8827500988597794,-4.8264821005790385e-8,-6.328125,-31.81640625,-22.763671875,53.61328125,2.63671875,0.615234375,21.97265625,21.97265625,-26.3671875,13.18359375,-61.5234375,0.0,-22.0,-32.3,18.8,-5.6,1.8,3.2
4.44122314453125,-2.057279854676347,-26.274168541667756,-27.996190333523323,54.2703513646634,2.0572800731565946,-1.3384067217350717e-7,2.279380655544882,-22.46411600907116,-34.38195753309149,55.221713683960616,0.703241695030248,-3.5249821305775745e-8,-6.240234375,-31.728515625,-22.939453125,53.701171875,2.548828125,0.615234375,21.97265625,21.97265625,-26.3671875,13.18359375,-61.5234375,0.0,-22.8,-34.3,19.6,-4.6,1.0,3.2
4.446225166320801,-1.880395605904199,-26.10561100935916,-28.24503081578305,54.35063496363965,1.8803958241576657,-1.1167080321896753e-7,2.4630241908372494,-22.297471743659777,-34.66282151125303,55.31877663375262,0.5233925098181592,-2.421064778022425e-8,-6.064453125,-31.552734375,-23.115234375,53.701171875,2.548828125,0.615234375,21.97265625,21.97265625,-26.3671875,13.18359375,-61.5234375,0.0,-23.6,-35.1,20.5,-4.6,1.4,3.2
4.451226234436035,-1.7031046686458193,-25.936887638992033,-28.495724663605948,54.432606091482754,1.70310488663912,-9.150303472802573e-8,2.6467441113119925,-22.131191056921445,-34.94452489584468,55.417285138063335,0.34323471222107316,-1.5251086394347385e-8,-5.80078125,-31.376953125,-23.291015625,53.7890625,2.548828125,0.615234375,35.15625,21.97265625,-26.3671875,13.18359375,-13.18359375,0.0,-24.4,-36.7,22.1,-4.0,1.4,3.2
4.45622706413269,-1.5254127168640592,-25.76801247949928,-28.748171144834046,54.51617806496475,1.5254129345668748,-7.326263448834702e-8,2.8305475383352627,-21.96528288001245,-35.227040982804176,55.517172353647005,0.16277021412366538,-8.292173837077603e-9,-5.712890625,-31.2890625,-23.466796875,53.7890625,2.548828125,0.615234375,35.15625,21.97265625,-30.76171875,8.7890625,-13.18359375,0.0,-26.0,-38.3,22.9,-4.0,1.6,3.2
4.461227178573608,-1.347330984749485,-25.59902438709026,-29.002370002326742,54.601389483121054,1.3473312021318016,-5.705160037309941e-8,3.014406172116793,-21.79976429747718,-35.51035103552989,55.61847266320174,-0.0179844174168297,-3.4356463510681502e-9,-5.537109375,-31.11328125,-23.73046875,53.7890625,2.548828125,0.615234375,35.15625,21.97265625,-30.76171875,8.7890625,-13.18359375,0.0,-27.6,-38.9,22.9,-4.0,1.6,3.2
4.466228008270264,-1.168838457480055,-25.42990911233154,-29.2582661195635,54.68817098009174,1.1688386745145438,-4.279256864065002e-8,3.1983546651879964,-21.63462142341521,-35.79447357801594,55.721137627905094,-0.19905435582826658,-6.017079983985324e-10,-5.2734375,-30.9375,-23.90625,53.7890625,2.548828125,0.615234375,35.15625,21.97265625,-30.76171875,8.7890625,-13.18359375,0.0,-27.6,-39.7,24.5,-4.0,1.6,3.2
4.471228122711182,-0.9899817567595012,-25.260738915595603,-29.515808554739618,54.77654387428283,0.9899819734191795,-3.059045670670364e-8,3.3823282210879038,-21.469900678266526,-36.079334656296986,55.82518155060089,-0.38038711398571956,1.0748714379653863e-10,-5.09765625,-30.76171875,-23.994140625,53.7890625,2.548828125,0.615234375,35.15625,21.97265625,-30.76171875,8.7890625,0.0,0.0,-27.6,-39.7,26.1,-4.0,1.6,3.2
4.476229190826416,-0.810730176444793,-25.091487632113516,-29.77496301589144,54.866447709090345,0.810730392705045,-2.0366866154184296e-8,3.566371465735199,-21.30558121154403,-36.36497069692035,55.93056451259682,-0.5620176956797079,-1.2279823302131404e-9,-4.921875,-30.498046875,-24.2578125,53.7890625,2.548828125,0.615234375,35.15625,39.55078125,-39.55078125,0.0,0.0,0.0,-28.4,-38.9,26.1,-4.0,1.6,3.2
4.481230020523071,-0.6311233288275622,-24.922220584152047,-30.035688396937616,54.95790670056507,0.6311235446640839,-1.2225420936041055e-8,3.7504269360110984,-21.14169941027035,-36.65132001353415,56.03730474526961,-0.7439007443690628,-4.709148163800093e-9,-4.658203125,-30.234375,-24.43359375,53.7890625,2.548828125,0.615234375,35.15625,39.55078125,-39.55078125,0.0,0.0,0.0,-27.6,-38.5,27.7,-4.0,1.6,3.2
4.486230134963989,-0.45120650879386726,-24.752980612011132,-30.297846181991666,55.05082517296945,0.4512067241846332,-6.090242928163569e-9,3.934461474815104,-20.978305424230392,-36.93830003287701,56.14531952278942,-0.925994334169213,-1.0253655197511058e-8,-4.482421875,-30.05859375,-24.697265625,53.7890625,2.548828125,0.615234375,35.15625,39.55078125,-39.55078125,0.0,0.0,0.0,-28.1,-38.5,28.5,-4.0,1.6,3.2
4.491231203079224,-0.27091800412902667,-24.583737240320588,-30.561542522275786,55.14527880239371,0.2709182190520556,-2.0599637619517573e-9,4.118521501471019,-20.81533995404535,-37.226011809530036,56.25468748148547,-1.1083557182961459,-1.796387017700841e-8,-4.21875,-29.794921875,-24.873046875,53.7890625,2.548828125,0.615234375,35.15625,39.55078125,-39.55078125,0.0,0.0,0.0,-27.3,-37.7,29.3,-4.0,1.6,3.2
4.496232032775879,-0.09032782645353356,-24.41455409766135,-30.82660839806502,55.24116219745131,0.09032804088894553,-5.837525101534484e-11,4.30254872393106,-20.652877130550138,-37.51433525504696,56.36531306768487,-1.2909180044893274,-2.7755587494994372e-8,-4.04296875,-29.619140625,-25.13671875,53.7890625,2.548828125,0.615234375,43.9453125,43.9453125,-43.9453125,0.0,0.0,0.0,-27.3,-38.5,29.3,-4.0,1.6,3.2
4.501232147216797,0.09054692702260869,-24.245474260924915,-31.093034921486467,55.33850954711144,-0.09054671309447412,-1.8512945381918444e-10,4.486509206890128,-20.490925676870848,-37.80324689279158,56.477227220143504,-1.4736587485095844,-3.972681845534181e-8,-3.779296875,-29.35546875,-25.400390625,53.7890625,2.548828125,0.615234375,43.9453125,43.9453125,-43.9453125,0.0,0.0,0.0,-26.5,-37.5,30.1,-4.0,1.6,3.2
4.506233215332031,0.27174053577064416,-24.07646134231058,-31.360811079384014,55.43727345055611,-0.2717403223678397,-2.3613998176613827e-9,4.67045113055083,-20.329467269523235,-38.092794805413746,56.59039993673191,-1.6566165528844619,-5.379765653262738e-8,-3.515625,-29.00390625,-25.751953125,53.7890625,2.548828125,0.615234375,43.9453125,43.9453125,-43.9453125,0.0,0.0,0.0,-26.3,-35.9,29.7,-4.0,1.6,3.2
4.5112340450286865,0.45320866827047024,-23.907583507535897,-31.629888513115425,55.537473714712704,-0.45320845541078886,-6.68664814720699e-9,4.85431286454663,-20.168532144307456,-38.382913336230985,56.704845802012784,-1.8397414456782912,-7.006390301963339e-8,-3.33984375,-28.916015625,-25.927734375,53.7890625,2.548828125,0.615234375,43.9453125,43.9453125,-43.9453125,0.0,0.0,0.0,-25.5,-35.9,29.7,-4.0,1.6,3.2
4.5162341594696045,0.6349088254927232,-23.738873794980538,-31.900147186987752,55.639023342124354,-0.6349086131923163,-1.3079421840782141e-8,5.03806488615294,-20.008171633114024,-38.67352931386834,56.82048822483624,-2.0229945823085407,-8.843808964635563e-8,-3.076171875,-28.65234375,-26.19140625,53.7890625,2.548828125,0.615234375,48.33984375,48.33984375,-48.33984375,0.0,0.0,0.0,-24.7,-35.1,29.7,-4.0,1.6,3.2
4.521235227584839,0.81689906764009,-23.570304596842952,-32.17169112842406,55.74199875264131,-0.8168988559151877,-2.1640955024763737e-8,5.22174939088809,-19.848322271682804,-38.964742112467974,56.937406679787244,-2.206429329340523,-1.090242927531731e-7,-2.900390625,-28.388671875,-26.455078125,53.7890625,2.548828125,0.615234375,48.33984375,48.33984375,-48.33984375,0.0,0.0,0.0,-24.7,-33.1,29.7,-4.0,1.6,3.2
4.5262370109558105,0.9991467326966854,-23.40189812283294,-32.444419659997465,55.846321478437915,-0.9991465215620875,-3.22901653835052e-8,5.405346759288986,-19.689028529447377,-39.25649563882943,57.055532897279875,-2.390016755152864,-1.3173619326659382e-7,-2.63671875,-28.212890625,-26.71875,53.7890625,2.548828125,0.615234375,48.33984375,48.33984375,-48.33984375,0.0,0.0,0.0,-22.9,-33.1,28.9,-4.0,1.6,3.2
4.531238079071045,1.1815956468518578,-23.233731984080382,-32.7182669356928,55.95200328444014,-1.1815954363221115,-4.51218832706405e-8,5.58878403071567,-19.530324494508967,-39.548707825619786,57.17487317825787,-2.5736951155018444,-1.5666364151209145e-7,-2.373046875,-27.94921875,-27.0703125,53.7890625,2.548828125,0.615234375,43.9453125,48.33984375,-48.33984375,0.0,0.0,0.0,-22.1,-31.5,28.1,-4.0,1.6,3.2
4.536239147186279,1.3642488160583601,-23.06579347401968,-32.99318913170728,56.0589876403007,-1.3642486061468437,-6.005490659149222e-8,5.7720778456389334,-19.372224205835543,-39.84138069970127,57.295383148028975,-2.757471515955939,-1.83722710073996e-7,-2.109375,-27.685546875,-27.333984375,53.7890625,2.548828125,0.615234375,43.9453125,43.9453125,-52.734375,0.0,0.0,0.0,-20.5,-30.7,28.1,-5.6,2.4,3.2
4.54124116897583,1.5471356405757897,-22.89808076594427,-33.2692496332058,56.167336104604246,-1.5471354312959444,-7.718929900348556e-8,5.955241376608223,-19.21468489549344,-40.13457065165192,57.417125496388934,-2.941370378917351,-2.1301390392647807e-7,-2.021484375,-27.59765625,-27.509765625,53.7890625,2.548828125,0.615234375,43.9453125,43.9453125,-52.734375,0.0,0.0,0.0,-20.5,-30.0,27.3,-7.2,4.8,3.2
4.546241998672485,1.7301556784592669,-22.73067464683134,-33.54625242245417,56.276933446234445,-1.7301554698231505,-9.643419107208499e-8,6.138187618633201,-19.057811175626735,-40.428114853648424,57.53998871368605,-3.125294783507556,-2.444368754345617e-7,-1.7578125,-27.333984375,-27.7734375,53.876953125,2.548828125,0.615234375,43.9453125,43.9453125,-52.734375,0.0,0.0,0.0,-19.5,-29.2,27.0,-10.4,10.1,3.2
4.551242113113403,1.9133193708147904,-22.563589726260453,-33.8242325515765,56.387829326952804,-1.913319162834482,-1.1788531847732905e-7,6.320911146567928,-18.901573693460765,-40.72204060971374,57.66402248043505,-3.3092501953808116,-2.780862895344215e-7,-1.58203125,-27.158203125,-28.037109375,53.876953125,2.548828125,0.615234375,43.9453125,43.9453125,-52.734375,0.0,0.0,0.0,-18.7,-28.4,27.0,-16.8,17.3,3.2
4.556242227554321,2.096631976434779,-22.396808485988625,-34.103156905969385,56.499973113940285,-2.096631769121458,-1.414610085587023e-7,6.5034308980000315,-18.74598733671891,-41.016355314510406,57.78918686688153,-3.493246011700999,-3.138781755974725e-7,-1.318359375,-26.982421875,-28.30078125,54.052734375,2.28515625,0.615234375,39.55078125,39.55078125,-52.734375,8.7890625,0.0,0.0,-17.9,-28.4,27.0,-21.6,23.9,3.2
4.561244010925293,2.280146476701124,-22.23030678773434,-34.383127192892175,56.61344237639009,-2.2801462700661927,-1.6726434112833063e-7,6.6857834473741935,-18.590985140275116,-41.311156210163276,57.91556245559748,-3.677330273410906,-3.5191714838487284e-7,-1.0546875,-26.806640625,-28.564453125,54.31640625,1.93359375,0.615234375,39.55078125,39.55078125,-52.734375,8.7890625,0.0,0.0,-17.1,-28.6,27.0,-24.5,28.7,3.2
4.566246032714844,2.463790589727216,-22.064136608802244,-34.66399560929016,56.72814128829386,-2.4637903837810056,-1.9520384852656728e-7,6.8679104664655,-18.436649467102914,-41.60632688604152,58.0430578625227,-3.861434536495038,-3.921043992824294e-7,-0.703125,-26.54296875,-28.916015625,54.66796875,1.142578125,0.615234375,39.55078125,39.55078125,-52.734375,8.7890625,0.0,0.0,-16.6,-27.8,27.1,-21.6,30.9,3.2
4.571246147155762,2.647475804100183,-21.8984009281721,-34.9456480638152,56.844058736979974,-2.64747559885274,-2.2535882238293075e-7,7.049708536510288,-18.28302971565718,-41.90173852644518,58.171655333920576,-4.045465084281821,-4.345110961590858e-7,-0.615234375,-26.54296875,-29.00390625,54.931640625,0.703125,0.615234375,48.33984375,39.55078125,-52.734375,8.7890625,-83.49609375,0.0,-17.4,-28.6,27.9,-20.0,30.1,3.2
4.5762481689453125,2.831323471352044,-21.732975401792352,-35.2282355879588,56.96122141034016,-2.831323266813162,-2.5766654134941083e-7,7.231311452139939,-18.130046513893404,-42.19758643204049,58.30139883889832,-4.229547626621256,-4.790802262763323e-7,-0.439453125,-26.3671875,-29.267578125,55.37109375,-0.087890625,0.615234375,48.33984375,30.76171875,-48.33984375,57.12890625,-83.49609375,0.0,-17.4,-29.4,27.9,-18.9,29.0,3.2
4.581250190734863,3.0152524936143954,-21.567955663500804,-35.51165655273027,57.07962331294664,-3.01525228979364,-2.9220647746527173e-7,7.412623252506285,-17.977741103771017,-42.493755181192896,58.432276368112284,-4.413595899180898,-5.258833912287791e-7,-0.263671875,-26.19140625,-29.53125,55.634765625,-0.966796875,0.615234375,48.33984375,30.76171875,-48.33984375,57.12890625,-83.49609375,0.0,-17.4,-29.7,28.7,-18.9,24.2,3.2
4.5862531661987305,3.199280244952101,-21.403310553459736,-35.79590550244123,57.19922782934212,-3.1992800418584766,-3.288998461709861e-7,7.593674630192532,-17.826122492738413,-42.79027334828457,58.56426071376247,-4.597631386791498,-5.748407147197929e-7,-0.17578125,-26.015625,-29.794921875,55.986328125,-1.7578125,0.615234375,48.33984375,30.76171875,-48.33984375,57.12890625,-83.49609375,0.0,-19.2,-30.5,29.0,-15.6,15.9,3.2
4.591255187988281,3.3833241556590865,-21.23913547263041,-36.08087838083433,57.32002630395085,-3.383323953301373,-3.678206372975933e-7,7.7743689855776825,-17.675230256271757,-43.08702426514013,58.69733741084282,-4.781566593103139,-6.260180041547772e-7,0.0,-25.927734375,-30.05859375,56.337890625,-2.63671875,0.615234375,30.76171875,30.76171875,-48.33984375,57.12890625,-162.59765625,0.0,-19.2,-31.3,29.8,-12.4,7.1,3.2
4.596257209777832,3.5674026757338853,-21.075397505922748,-36.36657367366015,57.44198430750507,-3.5674024741203776,-4.088900261059237e-7,7.9547380858629015,-17.525073091739124,-43.38403850665984,58.831480918315656,-4.965424092332737,-6.793355679896667e-7,0.17578125,-25.751953125,-30.234375,56.6015625,-3.076171875,0.615234375,30.76171875,30.76171875,-52.734375,65.91796875,-162.59765625,0.0,-20.0,-31.3,31.4,-9.7,3.1,3.2
4.601259231567383,3.751502076989132,-20.91212950503123,-36.65299444980503,57.565137760559836,-3.7515018761281915,-4.52193320858167e-7,8.13475340640352,-17.37563213632069,-43.681311675359865,58.96672612108759,-5.149185329110793,-7.348748659583263e-7,0.3515625,-25.576171875,-30.5859375,56.77734375,-3.515625,0.615234375,30.76171875,30.76171875,-52.734375,65.91796875,-162.59765625,0.0,-20.8,-32.3,31.4,-8.1,-0.9,3.2
4.606260061264038,3.9355629217393826,-20.74936711845674,-36.94002030327051,57.68940190540162,-3.9355627216386337,-4.976339438784959e-7,8.314370432224184,-17.226980260235052,-43.9787488088907,59.102991444526495,-5.332795103569794,-7.925334446664208e-7,0.52734375,-25.400390625,-30.849609375,57.041015625,-3.69140625,0.615234375,30.76171875,30.76171875,-52.734375,65.91796875,-162.59765625,0.0,-22.8,-33.1,33.1,-6.0,-1.0,3.2
4.6112611293792725,4.11962286327187,-20.587096747258038,-37.22773518905639,57.81484709825317,-4.119622663939232,-5.453071744331153e-7,8.493611169869414,-17.07905515892709,-44.27642984462756,59.240349693200415,-5.516286226800933,-8.524059465764125e-7,0.703125,-25.3125,-31.11328125,57.12890625,-3.779296875,0.615234375,35.15625,30.76171875,-52.734375,65.91796875,-70.3125,0.0,-22.8,-34.7,33.1,-5.2,-1.0,3.2
4.616263151168823,4.303693712285362,-20.425290699695548,-37.51613196097236,57.941438501230124,-4.303693513728374,-5.951349666366786e-7,8.67250044957933,-16.931873471815923,-44.57437514179533,59.37877329991193,-5.699674524287953,-9.144133040203515e-7,0.87890625,-25.13671875,-31.376953125,57.216796875,-3.779296875,0.615234375,35.15625,30.76171875,-52.734375,39.55078125,-70.3125,0.0,-23.6,-35.5,33.9,-4.5,-0.1,3.2
4.621265172958374,4.487724121786028,-20.26401330334938,-37.80515691430579,58.06918673703718,-4.4877239240121725,-6.471889579350265e-7,8.850973636809908,-16.785443179570777,-44.872522229650016,59.51826961177691,-5.882904080058468,-9.786204013607313e-7,1.0546875,-24.78515625,-31.81640625,57.3046875,-3.779296875,0.615234375,35.15625,30.76171875,-52.734375,39.55078125,-70.3125,0.0,-25.2,-35.6,34.8,-4.5,-0.0,3.2
4.626267194747925,4.671700613128914,-20.103258497723676,-38.09476472502648,58.19804042109939,-4.671700416145223,-7.013836353556012e-7,9.02903106767335,-16.63980167860759,-45.17085045838214,59.65879243235745,-6.065965559333399,-1.04493917388401e-6,1.23046875,-24.697265625,-31.9921875,57.3046875,-3.779296875,0.615234375,35.15625,30.76171875,-52.734375,39.55078125,-70.3125,0.0,-25.2,-35.6,35.6,-4.8,-0.0,3.2
4.631269216537476,4.85560574146936,-19.943059724262444,-38.384955517932966,58.328033119622035,-4.855605545282975,-7.577966827102664e-7,9.20664150753377,-16.494928166112505,-45.46935346250466,59.80037435110678,-6.248836954309521,-1.1134425889094285e-6,1.40625,-24.43359375,-32.51953125,57.392578125,-3.779296875,0.615234375,30.76171875,39.55078125,-61.5234375,8.7890625,0.0,0.0,-26.8,-36.4,36.4,-8.8,5.1,3.2
4.636740207672119,5.056655449444036,-19.768476443763426,-38.702977729463036,58.47147279347009,-5.056655254137493,-8.219652718664815e-7,9.40038791379272,-16.337385095628065,-45.79602235694939,59.95640302983513,-6.448623505383631,-1.1907932546457101e-6,1.494140625,-24.2578125,-32.783203125,57.48046875,-3.779296875,0.615234375,30.76171875,39.55078125,-61.5234375,8.7890625,0.0,0.0,-29.2,-37.2,36.4,-13.6,11.5,3.2
4.64174222946167,5.240366155646289,-19.6094520014626,-38.99428809234062,58.6037593932111,-5.24036596115114,-8.828818814532999e-7,9.577039144737103,-16.19419091730866,-46.09484021071798,60.10012212551884,-6.631058082896922,-1.2637199854023718e-6,1.58203125,-23.994140625,-33.046875,57.568359375,-3.779296875,0.615234375,30.76171875,39.55078125,-61.5234375,8.7890625,0.0,0.0,-30.8,-37.0,38.0,-18.4,19.2,3.2
4.646744012832642,5.423948410774596,-19.45103195481224,-39.28610228451943,58.737154217845955,-5.423948217097516,-9.459992650988366e-7,9.753186885069635,-16.05179479380681,-46.3937787542352,60.24487469473195,-6.813244963671169,-1.3388017980289988e-6,1.669921875,-23.818359375,-33.3984375,57.744140625,-4.04296875,0.615234375,30.76171875,39.55078125,-61.5234375,8.7890625,0.0,0.0,-32.8,-37.8,38.0,-20.1,21.6,3.2
4.651745080947876,5.607374362544621,-19.293220410558547,-39.57835332677509,58.871594394790364,-5.607374169691845,-1.011220556523614e-6,9.928818716387966,-15.910249160274134,-46.69279241465632,60.39060123893595,-6.995160902946705,-1.4159388865302357e-6,1.845703125,-23.5546875,-33.75,57.919921875,-4.39453125,0.615234375,21.97265625,43.9453125,-65.91796875,26.3671875,-17.578125,0.0,-34.4,-37.8,38.8,-19.3,20.7,3.2
4.656745195388794,5.790614395588432,-19.136060208257668,-39.87102629064353,59.00710783505657,-5.790614203566298,-1.0786185419651453e-6,10.103891619917993,-15.76953573693162,-46.991859265803356,60.53732799584861,-7.176771754794959,-1.495197888428309e-6,2.109375,-23.37890625,-34.1015625,58.18359375,-4.833984375,0.615234375,21.97265625,43.9453125,-65.91796875,26.3671875,-17.578125,0.0,-34.4,-38.6,39.6,-17.6,18.3,3.2
4.661746025085449,5.973720505048711,-18.97948634932804,-40.16418204375075,59.14369040787706,-5.973720313863492,-1.148123808674947e-6,10.278469771820244,-15.629647102482897,-47.29106337745447,60.685058763922186,-7.358133519789757,-1.576511854570762e-6,2.373046875,-23.203125,-34.453125,58.53515625,-5.361328125,0.615234375,21.97265625,43.9453125,-65.91796875,26.3671875,-17.578125,0.0,-35.2,-39.5,40.3,-16.0,13.8,3.2
4.666746139526367,6.156618100002186,-18.82357977548201,-40.457735464408,59.28133793302986,-6.156617909660068,-1.2197920061018127e-6,10.452467182276084,-15.490597619435151,-47.59031103272878,60.83378495113125,-7.539167467151403,-1.6599271332551622e-6,2.63671875,-22.939453125,-34.8046875,58.7109375,-5.80078125,0.615234375,21.97265625,43.9453125,-65.91796875,26.3671875,-17.578125,0.0,-34.7,-39.5,41.1,-15.0,10.6,3.2
4.671747207641602,6.33936024083337,-18.668274505336168,-40.75174998645442,59.4200478631616,-6.339360051340505,-1.293554491480913e-6,10.625948968725119,-15.352380921694824,-47.88968763956548,60.983511636946844,-7.719930640157653,-1.7453777740175187e-6,2.900390625,-22.67578125,-35.15625,59.0625,-6.240234375,0.615234375,48.33984375,43.9453125,-70.3125,57.12890625,-87.890625,0.0,-34.7,-39.5,41.1,-13.4,8.9,3.2
4.676748037338257,6.521879833283171,-18.513644369056696,-41.04615381129213,59.55982222962331,-6.52187964464567,-1.369468027475397e-6,10.798836471470967,-15.215003484507287,-48.189113191390604,61.134236939734734,-7.900351782392429,-1.8329115186860399e-6,3.1640625,-22.412109375,-35.5078125,59.23828125,-6.50390625,0.615234375,48.33984375,43.9453125,-70.3125,57.12890625,-87.890625,0.0,-34.7,-39.5,41.9,-13.3,7.3,3.2
4.681748151779175,6.704152800241491,-18.359688471240265,-41.34088626831983,59.700599466313406,-6.70415261246508,-1.4474311165908429e-6,10.971121862218626,-15.078518588818273,-48.48854585898385,61.2859019751265,-8.080411736558965,-1.922424845625927e-6,3.427734375,-22.236328125,-35.859375,59.501953125,-6.85546875,0.615234375,48.33984375,43.9453125,-70.3125,57.12890625,-87.890625,0.0,-35.5,-40.0,42.7,-13.3,6.9,3.2
4.686750173568726,6.886249887277785,-18.206363498856252,-41.63609974382755,59.84248864678685,-6.886249700368817,-1.5275575980093653e-6,11.142856970230369,-14.94282725013999,-48.78813351865713,61.43862017925409,-8.260175468369866,-2.014031118243112e-6,3.69140625,-21.97265625,-36.298828125,59.765625,-7.03125,0.615234375,48.33984375,43.9453125,-70.3125,57.12890625,-87.890625,0.0,-35.4,-39.2,41.9,-11.0,6.1,3.2
4.691751003265381,7.068052746855878,-18.053747706146176,-41.9315808739976,59.98535466101845,-7.068052560819877,-1.6097036613311173e-6,11.31394519298206,-14.808054647433142,-49.08767845384043,61.592253222333106,-8.439530811965438,-2.107578762487124e-6,3.955078125,-21.708984375,-36.650390625,59.94140625,-7.20703125,0.615234375,57.12890625,48.33984375,-74.70703125,43.9453125,-57.12890625,0.0,-35.4,-39.2,42.7,-11.0,7.1,3.2
4.696751117706299,7.249552771080922,-17.901863964244235,-42.227354819219755,60.12924554053299,-7.249552585923677,-1.6939466644059747e-6,11.484363664629715,-14.674158673591386,-49.38719948190074,61.7468488081477,-8.61846443414678,-2.2031394210232556e-6,4.21875,-21.4453125,-37.001953125,60.1171875,-7.294921875,0.615234375,57.12890625,48.33984375,-74.70703125,43.9453125,-57.12890625,0.0,-35.4,-39.2,43.5,-11.0,7.1,3.2
4.701752185821533,7.430806395187147,-17.750643254456058,-42.52349166666391,60.27416235400581,-7.430806210914454,-1.7802192104412082e-6,11.654180695576747,-14.54113605535168,-49.686785627249776,61.902414896354955,-8.797036748583652,-2.300649172220867e-6,4.5703125,-21.181640625,-37.529296875,60.29296875,-7.470703125,0.615234375,57.12890625,48.33984375,-74.70703125,43.9453125,-57.12890625,0.0,-34.6,-38.4,42.4,-11.8,8.1,3.2
4.7067530155181885,7.61174297001611,-17.600160126828474,-42.819917538960574,60.420105773884785,-7.6117427866337435,-1.8685700141721656e-6,11.823315000349982,-14.408988998698053,-49.98635520208637,62.058948163114074,-8.975173197588267,-2.4001469141894997e-6,4.833984375,-20.91796875,-37.880859375,60.46875,-7.55859375,0.615234375,57.12890625,48.33984375,-74.70703125,43.9453125,-57.12890625,0.0,-34.3,-38.4,43.2,-10.4,8.1,3.2
4.7117531299591064,7.79234252706602,-17.450409024663013,-43.11657725553506,60.567015062810036,-7.7923423445793905,-1.9588938190811006e-6,11.991763563785028,-14.277771627704293,-50.28586980204213,62.216390025689456,-9.152859016196555,-2.5015263465995013e-6,5.09765625,-20.654296875,-38.3203125,60.64453125,-7.646484375,0.615234375,57.12890625,52.734375,-79.1015625,35.15625,-26.3671875,0.0,-34.3,-37.6,42.4,-10.4,9.7,3.2
4.716755151748657,7.972671010477063,-17.301350524524132,-43.41362260694535,60.71500258818498,-7.972670828892252,-2.0513055140237085e-6,12.159572723543526,-14.147384767829063,-50.58547568396821,62.374856855153126,-9.330154099789617,-2.604900722663963e-6,5.361328125,-20.390625,-38.671875,60.8203125,-7.822265625,0.615234375,57.12890625,52.734375,-79.1015625,35.15625,-26.3671875,0.0,-34.3,-36.8,43.2,-10.2,8.9,3.2
4.721757173538208,8.152658028999411,-17.153020840917264,-43.710915359482044,60.86396633052913,-8.152657848321882,-2.1456740807462763e-6,12.326692526098824,-14.017920918037495,-50.885049820496185,62.53424559871809,-9.506994116239301,-2.7101351129517635e-6,5.712890625,-20.126953125,-39.111328125,60.99609375,-7.998046875,0.615234375,57.12890625,52.734375,-79.1015625,35.15625,-26.3671875,0.0,-32.7,-36.5,42.4,-11.0,9.7,3.2
4.726758003234863,8.332230768647209,-17.005494625462084,-44.008380170101276,61.01390559818091,-8.332230588882407,-2.242041483313227e-6,12.493040339006875,-13.889378876856366,-51.18450941827015,62.69455152843006,-9.683302580245787,-2.8172611982109275e-6,6.064453125,-19.86328125,-39.375,61.171875,-8.173828125,0.615234375,57.12890625,52.734375,-79.1015625,35.15625,-26.3671875,0.0,-31.8,-35.7,43.2,-10.6,8.9,3.2
4.731758117675781,8.511406614282915,-16.858734853387972,-44.306021760649955,61.1647880882659,-8.511406435436102,-2.3403178946444597e-6,12.658648556696782,-13.761788736780893,-51.48387535218542,62.855746228114896,-9.859101686063031,-2.9261909565778533e-6,6.416015625,-19.599609375,-39.90234375,61.34765625,-8.26171875,0.615234375,65.91796875,52.734375,-79.1015625,35.15625,-30.76171875,0.0,-31.0,-34.9,42.4,-10.6,10.5,3.2
4.736758232116699,8.69017993126919,-16.712760495082485,-44.60387772239726,61.31667036245529,-8.690179753345959,-2.440580038882049e-6,12.823496833540473,-13.635099330686876,-51.78317847663911,63.01788611239506,-10.034380918593254,-3.036994617217751e-6,6.85546875,-19.423828125,-40.25390625,61.5234375,-8.525390625,0.615234375,65.91796875,52.734375,-79.1015625,35.15625,-30.76171875,0.0,-28.6,-34.9,42.4,-9.4,8.9,3.2
4.7417590618133545,8.868577641840936,-16.56752713240584,-44.901968825117194,61.469528772467505,-8.86857746484675,-2.5427446508141844e-6,12.987626151877118,-13.509335920207775,-52.08245490997382,63.18095172271453,-10.209171769680813,-3.1495914589668005e-6,7.20703125,-19.16015625,-40.693359375,61.69921875,-8.61328125,0.615234375,65.91796875,52.734375,-79.1015625,35.15625,-30.76171875,0.0,-27.8,-34.9,42.4,-10.2,10.3,3.2
4.7467591762542725,9.046516122383503,-16.423116866676104,-45.20020426927363,61.623354619806534,-9.046515946323751,-2.646843051592928e-6,13.150944360879766,-13.384501034387249,-52.38160648575244,63.344929753784825,-10.383387289515744,-3.264001500646173e-6,7.470703125,-18.896484375,-41.044921875,61.875,-8.876953125,0.615234375,65.91796875,52.734375,-79.1015625,35.15625,-30.76171875,0.0,-27.5,-34.1,42.4,-9.6,8.7,3.2
4.751760005950928,9.224049109046996,-16.279463547484145,-45.49864905204778,61.77814675142793,-9.224048933927087,-2.752806980271356e-6,13.31351718197433,-13.260602442660373,-52.68071309864292,63.50982457094679,-10.55708527731246,-3.380160861549139e-6,7.734375,-18.6328125,-41.484375,62.05078125,-9.052734375,0.615234375,65.91796875,48.33984375,-79.1015625,30.76171875,-35.15625,0.0,-26.7,-33.3,41.6,-9.6,9.6,3.2
4.756760120391846,9.40109198199342,-16.1366492620876,-45.79721168667749,61.93389576754524,-9.401091807818684,-2.8606640822264444e-6,13.475251902002839,-13.137641373765893,-52.97967604923342,63.67562214199813,-10.730177916948126,-3.4980856685378267e-6,7.998046875,-18.45703125,-41.8359375,62.2265625,-9.228515625,0.615234375,65.91796875,48.33984375,-79.1015625,30.76171875,-35.15625,0.0,-26.7,-33.3,41.6,-9.6,8.8,3.2
4.7617621421813965,9.57774169314354,-15.994573425241178,-46.09602998353341,62.090638893629105,-9.577741519919549,-2.970373599188411e-6,13.636253528987961,-13.015597475870702,-53.27864738657966,63.8423674533074,-10.902765210089965,-3.617742169702131e-6,8.26171875,-18.193359375,-42.1875,62.314453125,-9.31640625,0.615234375,65.91796875,48.33984375,-79.1015625,30.76171875,-35.15625,0.0,-25.9,-32.7,42.4,-9.6,10.4,3.2
4.766763210296631,9.753861931206538,-15.853359062030568,-46.39492637503979,62.24832158671256,-9.753861758938514,-3.0819287582842266e-6,13.796382433433461,-12.894505778758047,-53.57744233174382,64.00999842112626,-11.074708897319582,-3.739109005332513e-6,8.525390625,-18.017578125,-42.626953125,62.490234375,-9.580078125,0.615234375,65.91796875,48.33984375,-79.1015625,30.76171875,-35.15625,0.0,-26.2,-32.7,41.6,-9.6,8.8,3.2
4.771764039993286,9.929483840901268,-15.712958490589756,-46.69392613065892,62.406921434487366,-9.929483669594315,-3.1952467673513737e-6,13.955683876861672,-12.774392953064805,-53.876099904688196,64.17849649731896,-11.246044774529405,-3.862106977744721e-6,8.7890625,-17.841796875,-42.978515625,62.578125,-9.755859375,0.615234375,52.734375,39.55078125,-74.70703125,30.76171875,-35.15625,0.0,-26.2,-32.7,41.6,-10.4,9.6,3.2
4.776764154434204,10.104554369483244,-15.573426965448263,-46.99299344938523,62.566457890314,-10.10455419914257,-3.31036928645791e-6,14.114094474256866,-12.655234180397121,-54.174577306503664,64.34787833388029,-11.416716039836924,-3.9867677259597445e-6,9.052734375,-17.578125,-43.330078125,62.75390625,-9.931640625,0.615234375,52.734375,39.55078125,-74.70703125,30.76171875,-35.15625,0.0,-25.4,-31.1,41.6,-11.2,8.8,3.2
4.7817652225494385,10.279139206894996,-15.43468964645318,-47.29221210354447,62.726939886590344,-10.279139037525866,-3.4272369694528998e-6,14.27169064368469,-12.537034469598748,-54.47297133835713,64.5181584903104,-11.586792146681145,-4.1130375948293215e-6,9.31640625,-17.40234375,-43.76953125,62.841796875,-10.01953125,0.615234375,52.734375,39.55078125,-74.70703125,30.76171875,-35.15625,0.0,-25.4,-30.9,40.6,-11.2,10.4,3.2
4.786766052246094,10.453158922878302,-15.296822350018726,-47.591502937857896,62.88836408418871,-10.453158754485955,-3.5458724781157857e-6,14.428385187486679,-12.41978545990116,-54.77119587280012,64.68932934843312,-11.756190593596914,-4.24092759047149e-6,9.4921875,-17.2265625,-44.12109375,63.017578125,-10.283203125,0.615234375,52.734375,39.55078125,-74.70703125,30.76171875,-35.15625,0.0,-25.4,-30.9,40.6,-11.2,8.8,3.2
4.791766166687012,10.626605862011298,-15.159808609637363,-47.89082266786302,63.05067073208473,-10.626605694600615,-3.6661665632637314e-6,14.584188497405995,-12.303543139830115,-55.06922061682924,64.86133251481947,-11.924909455012413,-4.370330513640167e-6,9.755859375,-17.05078125,-44.47265625,63.193359375,-10.458984375,0.615234375,43.9453125,39.55078125,-79.1015625,30.76171875,-35.15625,0.0,-24.6,-30.9,40.6,-11.2,9.6,3.2
4.796766996383667,10.79949072107379,-15.023652228380934,-48.19024847895953,63.213940818828135,-10.799490554650113,-3.788200843346781e-6,14.7390947276986,-12.18823673674368,-55.36711525215666,65.03424975892233,-12.092954025291547,-4.501320942425723e-6,9.931640625,-16.875,-44.912109375,63.369140625,-10.634765625,0.615234375,43.9453125,39.55078125,-79.1015625,30.76171875,-35.15625,0.0,-24.6,-30.9,39.8,-12.0,8.8,3.2
4.801769018173218,10.971839943206039,-14.888310314236088,-48.48979551403744,63.37814659536979,-10.97183977777456,-3.911890999523908e-6,14.893144702409066,-12.07390122634012,-55.6649070808135,65.20805643514355,-12.260355496586538,-4.63381862085471e-6,10.1953125,-16.69921875,-45.263671875,63.544921875,-10.72265625,0.615234375,43.9453125,39.55078125,-79.1015625,30.76171875,-35.15625,0.0,-24.7,-30.3,40.0,-11.2,10.4,3.2
4.806769132614136,11.143506636953745,-14.753910094794456,-48.78926910540263,63.54322062108605,-11.143506472519228,-4.0372043987851395e-6,15.046191656423392,-11.9605689896747,-55.962395389228035,65.38267710326554,-12.426966077131087,-4.767775579336654e-6,10.37109375,-16.5234375,-45.703125,63.720703125,-10.8984375,0.615234375,43.9453125,39.55078125,-79.1015625,30.76171875,-35.15625,0.0,-24.7,-30.3,39.2,-11.2,9.6,3.2
4.81177020072937,11.314601111153229,-14.62034287773086,-49.08882839606649,63.70921334705462,-11.314600947720734,-4.164115836969921e-6,15.19835162760717,-11.848220749164867,-56.25975035999751,65.55816985911702,-12.592898512148599,-4.903175292878509e-6,10.546875,-16.34765625,-46.0546875,63.896484375,-11.07421875,0.615234375,43.9453125,35.15625,-74.70703125,30.76171875,-35.15625,0.0,-24.7,-30.3,39.2,-11.2,9.4,3.2
4.816771030426025,11.485040967444935,-14.487684736543615,-49.388392334705884,63.876119795174546,-11.485040805019473,-4.292636730000258e-6,15.349535615546628,-11.736844433946043,-56.55688419650181,65.73452532228855,-12.758067689662473,-5.040016985708785e-6,10.72265625,-16.171875,-46.40625,64.072265625,-11.25,0.615234375,43.9453125,35.15625,-74.70703125,30.76171875,-35.15625,0.0,-24.7,-29.5,39.2,-12.0,9.4,3.2
4.821771144866943,11.654823579063532,-14.355915561393374,-49.687921361547026,64.04388029579246,-11.654823417649764,-4.4226588178424e-6,15.499759149127051,-11.626496618600214,-56.85376940479542,65.91168506086058,-12.922476815971034,-5.178195727673285e-6,10.8984375,-15.99609375,-46.7578125,64.248046875,-11.42578125,0.615234375,43.9453125,35.15625,-74.70703125,30.76171875,-35.15625,0.0,-24.8,-29.5,39.0,-11.2,9.7,3.2
4.826772212982178,11.823962893455924,-14.225035895531644,-49.98750518735264,64.21258510301382,-11.823962733059014,-4.554263689177666e-6,15.649018844099373,-11.517100754147084,-57.15048755050317,66.08974027307197,-13.086134196069926,-5.31778544747892e-6,10.986328125,-15.8203125,-47.109375,64.423828125,-11.6015625,0.615234375,43.9453125,35.15625,-74.70703125,30.76171875,-30.76171875,0.0,-26.4,-28.7,39.0,-11.2,9.7,3.2
4.831773996353149,11.992465506165578,-14.09501896588373,-50.28711970458451,64.38218333621982,-11.992465346790386,-4.687351271893871e-6,15.797338248082264,-11.40870912021434,-57.447026015350296,66.26864169813823,-13.249051932912288,-5.458690069541725e-6,11.162109375,-15.64453125,-47.4609375,64.599609375,-11.77734375,0.615234375,26.3671875,35.15625,-74.70703125,39.55078125,-30.76171875,0.0,-26.4,-28.7,39.0,-11.2,9.7,3.2
4.836774110794067,12.160207338328142,-13.96597148403961,-50.586611213171125,64.55262800649118,-12.160207179979212,-4.821892610396829e-6,15.944592436954345,-11.30133261071627,-57.74322532244705,66.44833566728272,-13.411104865458988,-5.600866385617192e-6,11.25,-15.46875,-47.900390625,64.6875,-11.953125,0.615234375,26.3671875,35.15625,-74.70703125,39.55078125,-30.76171875,0.0,-27.2,-27.9,38.2,-12.8,8.9,3.2
4.841774225234985,12.327261360826,-13.837815425638944,-50.88607101084093,64.72393238744235,-12.327261203507955,-4.957838323718985e-6,16.090863799908682,-11.194981846279493,-58.039186972126814,66.62884063593201,-13.572369420129462,-5.744272509018377e-6,11.42578125,-15.29296875,-48.251953125,64.951171875,-12.12890625,0.615234375,26.3671875,35.15625,-74.70703125,39.55078125,-30.76171875,0.0,-27.5,-27.9,38.3,-11.2,9.6,3.2
4.846775054931641,12.493606213914351,-13.710578029788199,-51.185530417926806,64.89615503846852,-12.493606057632125,-5.095239625828311e-6,16.236117664264395,-11.089600662150334,-58.33493440776034,66.81021414682382,-13.732819698199915,-5.888949908283866e-6,11.513671875,-15.205078125,-48.603515625,65.126953125,-12.3046875,0.615234375,26.3671875,35.15625,-74.70703125,39.55078125,-35.15625,0.0,-28.3,-27.9,38.3,-11.2,8.8,3.2
4.851775169372559,12.659212420941099,-13.584260416064982,-51.48489619839377,65.06920384296444,-12.659212265699072,-5.2339651498607785e-6,16.380346544282236,-10.98526641331355,-58.63038635312133,66.99236350952178,-13.892433184267938,-6.034770370553147e-6,11.77734375,-15.029296875,-48.955078125,65.302734375,-12.392578125,0.615234375,30.76171875,30.76171875,-70.3125,35.15625,-35.15625,0.0,-27.5,-27.9,38.3,-11.2,8.7,3.2
4.856777191162109,12.824120354525803,-13.458842381350419,-51.78431321218277,65.24320345794536,-12.824120200329059,-5.3741159889317954e-6,16.523569511612948,-10.881882967777077,-58.92567818765026,67.17541575287872,-14.051243473689,-6.181827690873055e-6,11.953125,-14.853515625,-49.39453125,65.56640625,-12.568359375,0.615234375,30.76171875,30.76171875,-70.3125,35.15625,-35.15625,0.0,-27.5,-27.1,37.5,-11.2,9.5,3.2
4.861778020858765,12.988247354962102,-13.334365668674854,-52.08358941739597,65.41800358418926,-12.988247201814819,-5.515514964384009e-6,16.665733122804287,-10.779562179309467,-59.22063103489424,67.35921698986935,-14.209176921573249,-6.329945976151341e-6,12.216796875,-14.677734375,-49.658203125,65.654296875,-12.744140625,0.615234375,30.76171875,30.76171875,-70.3125,35.15625,-35.15625,0.0,-26.3,-27.0,37.5,-11.2,8.8,3.2
4.866779088973999,13.15159309577799,-13.210840667185904,-52.38279765702303,65.59368745386917,-13.151592943684786,-5.658226590927283e-6,16.806821097178126,-10.678231976129686,-59.51530913350918,67.54385058533133,-14.366227930025262,-6.479180578942885e-6,12.392578125,-14.58984375,-50.009765625,65.830078125,-12.919921875,0.615234375,30.76171875,30.76171875,-70.3125,35.15625,-30.76171875,0.0,-26.3,-27.0,37.5,-11.2,9.6,3.2
4.871779203414917,13.314140185496946,-13.088259449021292,-52.68186119563756,65.77017040359152,-13.314140034461941,-5.802127375429803e-6,16.94683715880251,-10.577964288223757,-59.809647325331724,67.7292317879062,-14.522385877587768,-6.6294125284963555e-6,12.568359375,-14.4140625,-50.361328125,66.005859375,-13.095703125,0.615234375,43.9453125,30.76171875,-70.3125,35.15625,-30.76171875,0.0,-25.5,-27.0,37.5,-11.2,8.8,3.2
4.876780033111572,13.47589427480932,-12.966627727033,-52.98086643020149,65.94754454322899,-13.475894124837122,-5.9472861137887475e-6,17.085769965193037,-10.478682413851711,-60.10372296529546,67.91545315663865,-14.677650842927335,-6.780701412865277e-6,12.744140625,-14.23828125,-50.712890625,66.181640625,-13.271484375,0.615234375,43.9453125,30.76171875,-70.3125,35.15625,-30.76171875,0.0,-25.5,-26.2,37.5,-12.8,8.0,3.2
4.881781101226807,13.636862658152074,-12.845919374048378,-53.27978041749806,66.12575080238184,-13.636862509246937,-6.0936018723807434e-6,17.22364450013426,-10.380444381423802,-60.39751376332275,68.10245679731395,-14.832035928985023,-6.932952079415092e-6,13.0078125,-14.150390625,-50.9765625,66.4453125,-13.359375,0.615234375,43.9453125,30.76171875,-70.3125,35.15625,-30.76171875,0.0,-24.6,-26.2,37.6,-12.0,9.7,3.2
4.886781215667725,13.796957335302467,-12.72621006601091,-53.57851784692246,66.30477954608354,-13.796957187468527,-6.24105665056746e-6,17.360369102715296,-10.28322967969104,-60.69092814043362,68.29022839687924,-14.985451363635505,-7.086133672663319e-6,13.18359375,-13.974609375,-51.328125,66.62109375,-13.53515625,0.615234375,43.9453125,30.76171875,-70.3125,35.15625,-30.76171875,0.0,-24.6,-26.2,37.6,-11.2,8.9,3.2
4.89178204536438,13.956256350362752,-12.607420942773386,-53.87717504617642,66.48464824215179,-13.956256203604239,-6.38961405550311e-6,17.496029469911814,-10.18705433024541,-60.98407071163588,68.47879038718096,-15.137978152980553,-7.240218535157651e-6,13.447265625,-13.798828125,-51.6796875,66.796875,-13.7109375,0.615234375,39.55078125,30.76171875,-70.3125,35.15625,-30.76171875,0.0,-23.8,-25.4,37.6,-12.0,9.6,3.2
4.896812200546265,14.115612214281212,-12.488928860024668,-54.17744465172008,66.66642638609787,-14.115612068608677,-6.540147201476752e-6,17.63133143552372,-10.091332129063744,-61.278593177092795,68.6692588527671,-15.290425924339441,-7.396097828018198e-6,13.623046875,-13.623046875,-52.03125,66.97265625,-13.798828125,0.615234375,39.55078125,30.76171875,-70.3125,35.15625,-30.76171875,0.0,-23.8,-24.6,37.6,-11.2,9.6,3.2
4.90181303024292,14.273194210562684,-12.372074377500063,-54.475823329058734,66.84795119598382,-14.27319406597376,-6.690815755652203e-6,17.764740406188455,-9.997231032835312,-61.5710693739193,68.85937181407377,-15.441049793146645,-7.551876395426222e-6,13.798828125,-13.53515625,-52.3828125,67.1484375,-13.974609375,0.615234375,39.55078125,30.76171875,-70.3125,35.15625,-30.76171875,0.0,-23.9,-24.8,36.8,-11.2,8.7,3.2
4.906813144683838,14.429856304713773,-12.256231805878693,-54.77400343350189,67.03028934116251,-14.42985616121239,-6.8424855462814165e-6,17.896964772958896,-9.904153821642124,-61.86315126026523,69.05024262043818,-15.590661217026383,-7.708438609519963e-6,14.0625,-13.359375,-52.734375,67.32421875,-14.150390625,0.615234375,39.55078125,30.76171875,-70.3125,35.15625,-30.76171875,0.0,-22.3,-24.8,36.8,-11.2,9.5,3.2
4.911815166473389,14.585712195929592,-12.141295758693742,-55.072140601315496,67.21349107183123,-14.585712053519973,-6.995150645262376e-6,18.02812160665084,-9.812106016718367,-62.15500181206657,69.2419282988136,-15.73937569040129,-7.865789601287066e-6,14.23828125,-13.271484375,-53.0859375,67.5,-14.23828125,0.615234375,43.9453125,26.3671875,-65.91796875,35.15625,-30.76171875,0.0,-22.3,-24.8,36.8,-12.0,9.7,3.2
4.916815996170044,14.740607778921508,-12.027390543024838,-55.37003320388371,67.39747906588983,-14.74060763760734,-7.148726576964272e-6,18.158062430628817,-9.721094605176448,-62.446414652996765,69.4343432108159,-15.88703999082293,-8.023829055042846e-6,14.501953125,-13.095703125,-53.525390625,67.67578125,-14.4140625,0.615234375,43.9453125,26.3671875,-65.91796875,35.15625,-30.76171875,0.0,-21.5,-24.0,36.0,-12.0,8.9,3.2
4.921816110610962,14.894591943879616,-11.91445889897398,-55.667710083505646,67.58222490588273,-14.894591803664417,-7.303144308460002e-6,18.286849964855605,-9.63116472143133,-62.737428578867636,69.62746212277592,-16.03370784282655,-8.182497446104811e-6,14.765625,-12.919921875,-53.7890625,67.8515625,-14.58984375,0.615234375,43.9453125,26.3671875,-65.91796875,35.15625,-30.76171875,0.0,-20.4,-22.9,36.6,-12.0,9.6,3.2
4.92681622505188,15.047628392539806,-11.802537747410344,-55.96519624873467,67.76779052112826,-15.04762825342737,-7.458431307615618e-6,18.414435040182827,-9.542252344105929,-63.02805902734546,69.82134505377978,-16.179338494868727,-8.341809906673738e-6,15.029296875,-12.83203125,-54.140625,68.02734375,-14.765625,0.615234375,43.9453125,26.3671875,-65.91796875,35.15625,-30.76171875,0.0,-18.8,-22.9,35.8,-12.0,8.8,3.2
4.931818008422852,15.199802984638605,-11.691543663612505,-56.26259224595552,67.95419303357886,-15.199802846632844,-7.614559607934493e-6,18.540910699536457,-9.454382945507433,-63.31841447352534,70.01601425146109,-16.324020695659673,-8.501749027441729e-6,15.205078125,-12.744140625,-54.4921875,68.203125,-14.853515625,0.615234375,48.33984375,26.3671875,-65.91796875,35.15625,-30.76171875,0.0,-18.8,-22.9,35.8,-12.0,8.7,3.2
4.9368181228637695,15.350954486651375,-11.58160439404097,-56.55968123472694,68.14134334865686,-15.350954349755554,-7.771426142845274e-6,18.666123843332375,-9.36756380427499,-63.608274059722966,70.21137191317041,-16.467594885543786,-8.662196082523717e-6,15.46875,-12.568359375,-54.755859375,68.466796875,-15.029296875,0.615234375,48.33984375,26.3671875,-65.91796875,35.15625,-30.76171875,0.0,-18.0,-22.1,35.8,-12.0,9.5,3.2
4.941819190979004,15.501199337957319,-11.472614711777538,-56.85662143848421,68.32929446328829,-15.501199202175055,-7.929035817431333e-6,18.790192908139147,-9.28180409429233,-63.89780244691704,70.40747776571676,-16.610178886531624,-8.823167617917386e-6,15.732421875,-12.48046875,-55.1953125,68.642578125,-15.205078125,0.615234375,48.33984375,26.3671875,-65.91796875,35.15625,-30.76171875,0.0,-16.3,-22.4,35.1,-12.0,8.8,3.2
4.946820020675659,15.650440685977538,-11.364654880173507,-57.153322879111,68.51803666236299,-15.650440551312258,-8.087347844166101e-6,18.91301851333585,-9.197072534208028,-64.18690260403365,70.60431687386844,-16.75167442650892,-8.98460881471864e-6,15.908203125,-12.392578125,-55.546875,68.818359375,-15.29296875,0.615234375,48.33984375,26.3671875,-65.91796875,35.15625,-26.3671875,0.0,-16.3,-23.2,35.1,-12.0,8.8,3.2
4.951820135116577,15.798703164624216,-11.25768686555971,-57.449760662926266,68.70750701857713,-15.798703031079015,-8.246272968463038e-6,19.034643146640647,-9.113432170685396,-64.47556048189824,70.80182800382599,-16.892112163457202,-9.146440241887325e-6,15.99609375,-12.216796875,-55.810546875,68.994140625,-15.380859375,0.615234375,39.55078125,26.3671875,-70.3125,39.55078125,-26.3671875,0.0,-16.3,-22.4,35.1,-12.0,10.5,3.2
4.956822156906128,15.946002262308559,-11.15170933505232,-57.74607026780316,68.89783967701787,-15.946002129887189,-8.405886821727723e-6,19.15505983340146,-9.030786984258063,-64.76389857135922,71.0001461624989,-17.031500326876394,-9.308725720729892e-6,16.171875,-12.12890625,-56.162109375,69.169921875,-15.556640625,0.615234375,39.55078125,26.3671875,-70.3125,39.55078125,-26.3671875,0.0,-16.3,-22.4,35.1,-12.8,9.7,3.2
4.961824178695679,16.092321522340214,-11.046714476154015,-58.04214288640871,69.0889180177385,-16.09232139104577,-8.566058230544385e-6,19.27427723531306,-8.949224735487212,-65.05182097306894,71.19915414653134,-17.169830618797064,-9.471343341786322e-6,16.34765625,-12.041015625,-56.513671875,69.345703125,-15.732421875,0.615234375,39.55078125,26.3671875,-70.3125,39.55078125,-26.3671875,0.0,-16.8,-22.3,34.4,-12.8,8.7,3.2
4.966825008392334,16.23756314987484,-10.942781990892414,-58.33788727105825,69.28073049472891,-16.237563019710226,-8.726736389890024e-6,19.39219592876394,-8.868711298503781,-65.339229489215,71.39883511727552,-17.307004130352986,-9.634228446099582e-6,16.435546875,-11.953125,-56.865234375,69.521484375,-15.908203125,0.615234375,39.55078125,26.3671875,-70.3125,39.55078125,-30.76171875,0.0,-16.8,-22.3,34.4,-12.8,8.7,3.2
4.971825122833252,16.381783785738843,-10.839851618232045,-58.63333711929631,69.47325054467028,-16.38178365670683,-8.88786903694579e-6,19.508884841338862,-8.789294544375757,-65.62616706074098,71.59916585091565,-17.443081906095095,-9.79733993940139e-6,16.611328125,-11.77734375,-57.216796875,69.78515625,-15.99609375,0.615234375,30.76171875,21.97265625,-65.91796875,39.55078125,-30.76171875,0.0,-16.8,-21.5,34.4,-12.0,8.8,3.2
4.976827144622803,16.524994259195392,-10.737925215023473,-58.92862571393934,69.66661330730777,-16.524994131299415,-9.049523830941654e-6,19.62433239316913,-8.71087933796299,-65.91275339291592,71.80028206147504,-17.57806752265281,-9.960733012820058e-6,16.787109375,-11.689453125,-57.48046875,69.873046875,-16.083984375,0.615234375,30.76171875,21.97265625,-65.91796875,39.55078125,-30.76171875,0.0,-16.8,-21.5,34.4,-13.6,9.6,3.2
4.9818291664123535,16.667183256577438,-10.636991732515844,-59.22364662567134,69.86070130447654,-16.66718312982029,-9.211575726268727e-6,19.738552209255484,-8.633552735930575,-66.19889513499541,72.0020658888234,-17.711957804774194,-1.0124292991008996e-5,16.962890625,-11.6015625,-57.83203125,70.13671875,-16.259765625,0.615234375,30.76171875,21.97265625,-65.91796875,39.55078125,-30.76171875,0.0,-16.0,-21.5,34.2,-12.8,8.8,3.2
4.986829996109009,16.808251483473448,-10.537130957377936,-59.518307174454804,70.05550164244491,-16.808251357857692,-9.373964296519818e-6,19.85144408599044,-8.557278295014058,-66.48449261540027,72.2044990352822,-17.84465258895819,-1.028794568258411e-5,17.05078125,-11.513671875,-58.18359375,70.3125,-16.435546875,0.615234375,30.76171875,21.97265625,-65.91796875,39.55078125,-26.3671875,0.0,-16.8,-21.5,33.4,-12.8,9.6,3.2
4.991831064224243,16.948285435852544,-10.43826256036271,-59.812699094137386,70.25102572610506,-16.948285311380854,-9.536675968212059e-6,19.963100746424722,-8.482090952948896,-66.76964488033776,72.40759778537937,-17.976240976252406,-1.0451689492568541e-5,17.2265625,-11.42578125,-58.447265625,70.48828125,-16.5234375,0.615234375,26.3671875,17.578125,-65.91796875,35.15625,-26.3671875,0.0,-16.0,-21.5,34.2,-13.6,9.7,3.2
4.996831178665161,17.087184969931823,-10.340466492547925,-60.10672894582229,70.44726006726974,-17.087184846606654,-9.69964553736518e-6,20.073421461425923,-8.407953286643378,-67.05425144829238,72.61134318334126,-18.106622064451013,-1.0615445488861504e-5,17.314453125,-11.337890625,-58.798828125,70.751953125,-16.69921875,0.615234375,26.3671875,17.578125,-65.91796875,35.15625,-26.3671875,0.0,-16.0,-21.5,33.4,-12.8,8.9,3.2
5.001832008361816,17.225044003677077,-10.243657897679238,-60.40050321421867,70.64422629471574,-17.225043881501044,-9.862871437305525e-6,20.18250453666746,-8.334897826757295,-67.3384254728995,72.81576210574224,-18.235891820345213,-1.0779224251699924e-5,17.40234375,-11.25,-58.974609375,70.927734375,-16.787109375,0.615234375,26.3671875,17.578125,-65.91796875,35.15625,-26.3671875,0.0,-16.0,-21.5,33.6,-12.8,9.6,3.2
5.006833076477051,17.36178109413256,-10.147903208451117,-60.693969652816584,70.84193859433266,-17.36178097310823,-1.002630701461915e-5,20.29026411895852,-8.262876300425669,-67.62210620768867,73.02086426237534,-18.363966913315817,-1.0942965500644035e-5,17.578125,-11.162109375,-59.4140625,71.103515625,-16.962890625,0.615234375,26.3671875,17.578125,-65.91796875,35.15625,-26.3671875,0.0,-15.9,-20.7,33.6,-11.0,8.0,3.2
5.011833190917969,17.49741288119114,-10.053172332011096,-60.987067621869826,71.04030623353349,-17.497412761320582,-1.0189861445359267e-5,20.396737370023086,-8.191963276255887,-67.90524512740748,73.22655996293116,-18.49087084835458,-1.1106590524770305e-5,17.666015625,-11.07421875,-59.765625,71.279296875,-17.05078125,0.615234375,26.3671875,17.578125,-61.5234375,39.55078125,-26.3671875,0.0,-15.9,-20.7,32.8,-11.0,8.6,3.2
5.016857147216797,17.63253506971858,-9.95906003915945,-61.28122327852567,71.24035014270308,-17.63253495100965,-1.0354310541531532e-5,20.502367261908212,-8.121757534814353,-68.18920828052259,73.43390221246804,-18.617152980569113,-1.1270860303577448e-5,17.75390625,-10.986328125,-60.1171875,71.54296875,-17.2265625,0.615234375,26.3671875,17.578125,-61.5234375,39.55078125,-26.3671875,0.0,-16.7,-20.7,32.8,-11.7,8.6,3.2
5.021858215332031,17.765942243316708,-9.86638760739417,-61.57371097185933,71.44016594349335,-17.76594212576625,-1.0518076925141936e-5,20.606236094305842,-8.052972765054328,-68.47137466819328,73.64092164603542,-18.741694860053844,-1.1434211731463242e-5,17.841796875,-10.8984375,-60.380859375,71.630859375,-17.314453125,0.615234375,26.3671875,17.578125,-61.5234375,39.55078125,-26.3671875,0.0,-17.0,-20.9,32.7,-14.9,8.9,3.2
5.0268590450286865,17.89817306587853,-9.774788776910825,-61.86583084932838,71.64068752576131,-17.89817294948866,-1.0681861037518264e-5,20.708742966918987,-7.9852297655524485,-68.75298885900001,73.8485811277948,-18.864992778754843,-1.1597330906794212e-5,17.841796875,-10.810546875,-60.64453125,71.89453125,-17.40234375,0.615234375,26.3671875,17.578125,-61.5234375,39.55078125,-21.97265625,0.0,-17.8,-20.9,33.5,-14.9,9.7,3.2
5.0318591594696045,18.02927159498611,-9.684214242426666,-62.15756755657511,71.84185022998601,-18.029271479758616,-1.0845604021850232e-5,20.809948396333326,-7.918596779367904,-69.03404689727772,74.05681848558312,-18.987096491592194,-1.1760172687961759e-5,17.9296875,-10.72265625,-60.99609375,72.0703125,-17.578125,0.615234375,13.18359375,17.578125,-65.91796875,35.15625,-21.97265625,0.0,-18.6,-20.9,32.7,-14.4,8.8,3.2
5.036860227584839,18.159206347837635,-9.594695549797311,-62.44899045725584,72.04375496558336,-18.159206233774754,-1.1009314759756319e-5,20.90980400044698,-7.8529908504593715,-69.31460426461153,74.26573277451905,-19.107968874613675,-1.1922731351605015e-5,18.017578125,-10.634765625,-61.259765625,72.333984375,-17.75390625,0.615234375,13.18359375,17.578125,-65.91796875,35.15625,-21.97265625,0.0,-18.6,-20.9,32.7,-14.4,8.8,3.2
5.041861057281494,18.28800398166535,-9.506195983113777,-62.74004337678553,72.24630884210913,-18.288003868768826,-1.1172915753674684e-5,21.00835676974837,-7.788490166705786,-69.59461765734976,74.47523263450394,-19.227643443012386,-1.2084943481846882e-5,18.10546875,-10.546875,-61.611328125,72.509765625,-17.841796875,0.615234375,13.18359375,17.578125,-65.91796875,35.15625,-21.97265625,0.0,-18.5,-20.7,32.7,-13.6,8.8,3.2
5.046861171722412,18.415576365781398,-9.418785725486137,-63.03066975563034,72.44952548281134,-18.415576254052894,-1.1336340508275279e-5,21.1055148881264,-7.725039427146096,-69.87402121068234,74.68532675282273,-19.34603042036365,-1.2246728579861784e-5,18.28125,-10.458984375,-61.962890625,72.7734375,-17.9296875,0.615234375,13.18359375,17.578125,-65.91796875,35.15625,-26.3671875,0.0,-18.5,-20.7,31.9,-12.8,8.8,3.2
5.051862001419067,18.542019467161587,-9.332380901870824,-63.320967099294506,72.65341851848277,-18.542019356602907,-1.1499602262863134e-5,21.201378458433787,-7.66268299301341,-70.1529195340604,74.89603401453294,-19.46322774418137,-1.240811347990031e-5,18.369140625,-10.37109375,-62.2265625,72.94921875,-18.10546875,0.615234375,21.97265625,17.578125,-61.5234375,48.33984375,-26.3671875,0.0,-18.5,-19.9,32.7,-13.6,8.8,3.2
5.056862115859985,18.667220010173764,-9.247068535750449,-63.6108225439256,72.85796210832073,-18.66721990078641,-1.1662598215518223e-5,21.295836630054175,-7.601377249716455,-70.43119251855948,75.1073222600314,-19.57912235326437,-1.256898185232369e-5,18.544921875,-10.283203125,-62.578125,73.212890625,-18.28125,0.615234375,21.97265625,17.578125,-61.5234375,48.33984375,-26.3671875,0.0,-17.7,-19.9,31.9,-12.8,8.0,3.2
5.061862230300903,18.791257037095438,-9.16277689862146,-63.90029293270848,73.06314136727076,-18.791256928880898,-1.1825323240079776e-5,21.3889765315952,-7.5411758604980035,-70.70890568398062,75.31918093448851,-19.693796446985743,-1.2729342548426022e-5,18.6328125,-10.1953125,-62.841796875,73.388671875,-18.369140625,0.615234375,21.97265625,17.578125,-61.5234375,48.33984375,-26.3671875,0.0,-17.5,-19.9,32.0,-13.6,7.9,3.2
5.066864013671875,18.914093447763356,-9.079540851382482,-64.1894439750705,73.26905686553505,-18.91409334072351,-1.1987770293489237e-5,21.4807446537829,-7.481997491438803,-70.98611013521146,75.53170836249086,-19.807207447634752,-1.2889173702032645e-5,18.80859375,-10.107421875,-63.193359375,73.65234375,-18.45703125,0.615234375,21.97265625,17.578125,-61.5234375,48.33984375,-26.3671875,0.0,-17.5,-19.9,32.0,-12.8,8.7,3.2
5.071864128112793,19.035709509046786,-8.99735623713728,-64.4780989340677,73.47552770913447,-19.03570940318258,-1.214980753678896e-5,21.571154056921348,-7.423944534564287,-71.26264738927723,75.74472265368186,-19.91934626330271,-1.3048359632997237e-5,18.896484375,-10.01953125,-63.45703125,73.828125,-18.544921875,0.615234375,26.3671875,17.578125,-61.5234375,43.9453125,-26.3671875,0.0,-17.5,-19.9,32.0,-12.8,8.9,3.2
5.076865196228027,19.156090419092372,-8.916242508031177,-64.76637763483605,73.68269317531569,-19.15609031440536,-1.2311453700633945e-5,21.660167860691878,-7.3669241190121495,-71.53862024838625,75.95836200836754,-20.030190906323096,-1.3206903824831067e-5,19.072265625,-9.931640625,-63.80859375,74.091796875,-18.720703125,0.615234375,26.3671875,17.578125,-61.5234375,43.9453125,-26.3671875,0.0,-16.7,-19.1,31.2,-12.8,8.1,3.2
5.081866025924683,19.275271018079113,-8.836158940577231,-65.05422849563891,73.89046095894062,-19.275270914570424,-1.2472651964843066e-5,21.747840050230476,-7.311013204701258,-71.8139903351725,76.17253605821006,-20.139782714783042,-1.3364764757486197e-5,19.16015625,-9.84375,-64.072265625,74.267578125,-18.80859375,0.615234375,26.3671875,17.578125,-61.5234375,43.9453125,-26.3671875,0.0,-16.7,-19.1,31.9,-12.8,8.8,3.2
5.086866140365601,19.39316047578528,-8.757175996972645,-65.34159154779317,74.09884155317442,-19.393160373455906,-1.2633315642737817e-5,21.834077360787624,-7.256154312061543,-72.08868809166765,76.38725009670449,-20.248029653601897,-1.3521842483664935e-5,19.3359375,-9.755859375,-64.3359375,74.443359375,-18.896484375,0.615234375,26.3671875,17.578125,-61.5234375,43.9453125,-21.97265625,0.0,-15.9,-19.1,31.9,-13.6,8.8,3.2
5.091868162155151,19.509885519269538,-8.679191770735292,-65.62863559035377,74.30790185105475,-19.509885418120952,-1.2793515941707536e-5,21.91900120678754,-7.202382375070119,-72.3628859561896,76.60257788905858,-20.35505749450943,-1.3678221014340591e-5,19.423828125,-9.66796875,-64.6875,74.619140625,-19.072265625,0.615234375,26.3671875,17.578125,-57.12890625,39.55078125,-21.97265625,0.0,-15.9,-18.3,31.1,-13.6,7.9,3.2
5.096869230270386,19.625298215187634,-8.602314673463532,-65.91516265925907,74.51755229953187,-19.62529811522063,-1.295308448387808e-5,22.002476577248643,-7.149665592881895,-72.63638229396389,76.81842158009363,-20.460721790581474,-1.383372061933404e-5,19.51171875,-9.580078125,-64.951171875,74.8828125,-19.072265625,0.615234375,26.3671875,17.578125,-57.12890625,39.55078125,-21.97265625,0.0,-15.9,-18.3,31.9,-12.8,8.7,3.2
5.101870059967041,19.739482411483404,-8.526471879140749,-66.20123315194067,74.72778047030991,-19.739482312698804,-1.3112036897592831e-5,22.08459378596885,-7.09805976132632,-72.90924610199762,77.0347733122851,-20.565109020338625,-1.3988371320985465e-5,19.6875,-9.4921875,-65.302734375,75.05859375,-19.16015625,0.615234375,26.3671875,17.578125,-57.12890625,39.55078125,-21.97265625,0.0,-15.8,-18.3,32.1,-13.6,9.7,3.2
5.106870174407959,19.852345773702062,-8.451734209046338,-66.48678523686469,74.93859535277451,-19.85234567610055,-1.3270276507668152e-5,22.165258611407943,-7.0475061034070485,-73.18140575107918,77.25163672426773,-20.66812583891784,-1.41420636351826e-5,19.86328125,-9.404296875,-65.56640625,75.322265625,-19.3359375,0.615234375,26.3671875,17.578125,-57.12890625,39.55078125,-21.97265625,0.0,-15.0,-17.5,31.3,-12.8,8.9,3.2
5.111871004104614,19.96398892478412,-8.378018326744154,-66.77192086615248,75.15001556297133,-19.96398882836661,-1.3427846674980459e-5,22.244573083173115,-6.998054107124694,-73.45296980572421,77.46903590263918,-20.769873939242917,-1.429485465987931e-5,20.0390625,-9.31640625,-65.91796875,75.498046875,-19.423828125,0.615234375,26.3671875,13.18359375,-61.5234375,43.9453125,-21.97265625,0.0,-14.2,-17.5,31.3,-13.6,8.8,3.2
5.116871118545532,20.074297336961457,-8.305409435623112,-67.05652281573111,75.36200907976205,-20.074297241728473,-1.3584615687535293e-5,22.32242719688184,-6.949654281247783,-73.72381369663165,77.6869322484376,-20.87023975731957,-1.444660096013109e-5,20.126953125,-9.228515625,-66.181640625,75.673828125,-19.51171875,0.615234375,26.3671875,13.18359375,-61.5234375,43.9453125,-21.97265625,0.0,-14.2,-17.5,31.3,-13.6,8.8,3.2
5.12187123298645,20.183356630138892,-8.23383462652466,-67.34065309331373,75.57456500200124,-20.18335653609103,-1.3740609668182792e-5,22.398912194144803,-6.902363543897344,-73.99400797398903,77.905319531959,-20.969311261817786,-1.4597343094871513e-5,20.302734375,-9.228515625,-66.4453125,75.9375,-19.599609375,0.615234375,26.3671875,13.18359375,-61.5234375,43.9453125,-21.97265625,0.0,-13.4,-17.5,31.1,-12.8,8.7,3.2
5.1268720626831055,20.2910989013239,-8.163348118280473,-67.62431563998719,75.78774148934443,-20.291098808461896,-1.3895759287934835e-5,22.473951026362116,-6.856111492605599,-74.2635432149567,78.1242517901056,-21.067017339141586,-1.4746998102833057e-5,20.478515625,-9.140625,-66.796875,76.11328125,-19.6875,0.615234375,26.3671875,13.18359375,-61.5234375,43.9453125,-17.578125,0.0,-12.6,-17.5,31.1,-13.6,8.7,3.2
5.131872177124023,20.397564024762534,-8.093907511788775,-67.90745141434023,76.00143710138995,-20.397563933086676,-1.4050029146830358e-5,22.54760277667035,-6.810975535166568,-74.53237491474873,78.3436298151453,-21.163404367416145,-1.4895547306618927e-5,20.654296875,-9.052734375,-67.060546875,76.376953125,-19.775390625,0.615234375,30.76171875,17.578125,-57.12890625,39.55078125,-17.578125,0.0,-11.8,-16.7,31.1,-13.6,9.8,3.2
5.136873006820679,20.50269856217374,-8.025557323733839,-68.19010385107262,76.21573978931684,-20.50269847168461,-1.4203367111763285e-5,22.619800411473477,-6.766878662762833,-74.80053096973896,78.56353816543454,-21.25841434345572,-1.5042924384630377e-5,20.7421875,-9.052734375,-67.412109375,76.552734375,-19.86328125,0.615234375,30.76171875,17.578125,-57.12890625,39.55078125,-17.578125,0.0,-11.8,-17.5,30.3,-13.6,9.8,3.2
5.141873121261597,20.60654433577694,-7.958254202693913,-68.47221514766036,76.43054839930022,-20.606544246474694,-1.435574385942619e-5,22.690604659784213,-6.723897785270971,-75.0679682653164,78.78387803715232,-21.352095495229094,-1.5189116882910238e-5,20.91796875,-8.96484375,-67.67578125,76.728515625,-20.0390625,0.615234375,30.76171875,17.578125,-57.12890625,39.55078125,-17.578125,0.0,-11.0,-17.6,30.4,-13.6,8.8,3.2
5.1468751430511475,20.70907075498101,-7.892027796900736,-68.75389452015293,76.64600179551002,-20.709070666866385,-1.4507137924571183e-5,22.7599635945985,-6.6819463791070115,-75.33477668469554,79.00478606933257,-21.444410290636352,-1.5334087725624832e-5,21.005859375,-8.876953125,-67.939453125,76.9921875,-20.126953125,0.615234375,30.76171875,17.578125,-57.12890625,39.55078125,-21.97265625,0.0,-11.0,-16.8,31.2,-13.6,8.8,3.2
5.151877164840698,20.81031119850535,-7.826840606604866,-69.03505832503562,76.86197883476939,-20.81031111157854,-1.4657511230435832e-5,22.82793231536231,-6.641105617103101,-75.60088876479463,79.22614303283953,-21.5353993711731,-1.547781637968502e-5,21.09375,-8.876953125,-68.203125,77.16796875,-20.21484375,0.615234375,26.3671875,8.7890625,-61.5234375,43.9453125,-21.97265625,0.0,-10.2,-16.8,31.2,-14.4,8.7,3.2
5.156880140304565,20.91019886514313,-7.762745628498994,-69.3157202456878,77.0785461968855,-20.910198779404503,-1.4806786017530216e-5,22.89443388051901,-6.601303109885394,-75.86630350397066,79.44801140340033,-21.62499244546487,-1.5620211701790727e-5,21.26953125,-8.7890625,-68.5546875,77.431640625,-20.302734375,0.615234375,26.3671875,8.7890625,-61.5234375,43.9453125,-21.97265625,0.0,-10.2,-16.8,31.2,-13.6,8.7,3.2
5.161883115768433,21.008789460489677,-7.699691094765784,-69.59585195601693,77.29562378813051,-21.00878937593931,-1.4954959973484808e-5,22.959539166932636,-6.562612005083673,-76.1310062101172,79.67031421205084,-21.713250464232104,-1.5761287951867852e-5,21.357421875,-8.701171875,-68.818359375,77.607421875,-20.478515625,0.615234375,26.3671875,8.7890625,-61.5234375,43.9453125,-21.97265625,0.0,-9.4,-15.9,30.3,-13.6,7.9,3.2
5.166883230209351,21.105940463788066,-7.637778170012329,-69.87525256078312,77.51311187728598,-21.105940380425302,-1.5101837868565029e-5,23.02312128253076,-6.52498776332038,-76.39479295237051,79.89294346311843,-21.800035380410357,-1.590084223607275e-5,21.357421875,-8.701171875,-69.08203125,77.87109375,-20.56640625,0.615234375,26.3671875,8.7890625,-61.5234375,43.9453125,-17.578125,0.0,-10.2,-16.7,30.3,-13.6,7.9,3.2
5.171884059906006,21.201799271749703,-7.5768966466604875,-70.1541488916786,77.7311270890351,-21.201799189574675,-1.5247558362253807e-5,23.085312214687445,-6.4884686267276415,-76.65789047400581,80.11602379065093,-21.88549039544867,-1.6039023588438806e-5,21.533203125,-8.61328125,-69.43359375,78.046875,-20.654296875,0.615234375,21.97265625,13.18359375,-57.12890625,39.55078125,-17.578125,0.0,-9.4,-15.9,30.3,-15.2,8.0,3.2
5.176884174346924,21.296250272086393,-7.517130350665187,-70.43241884720345,77.94963114735833,-21.296250191098817,-1.5391963526181515e-5,23.14600257868693,-6.452998827465589,-76.92016900275821,80.33951002687465,-21.96950147759274,-1.617566458518946e-5,21.533203125,-8.61328125,-69.697265625,78.22265625,-20.654296875,0.615234375,21.97265625,13.18359375,-57.12890625,39.55078125,-17.578125,0.0,-10.2,-16.7,30.3,-15.2,8.8,3.2
5.181886196136475,21.38942072640626,-7.458382735510966,-70.7102358274155,78.16870090628544,-21.389420646606435,-1.5535167307844255e-5,23.20531008226433,-6.4186261752418865,-77.18180452270586,80.56348597389493,-22.05219347485607,-1.6310890419885934e-5,21.62109375,-8.525390625,-70.048828125,78.486328125,-20.7421875,0.615234375,21.97265625,13.18359375,-57.12890625,39.55078125,-17.578125,0.0,-10.4,-15.9,30.4,-14.4,8.8,3.2
5.186888217926025,21.481185339756074,-7.400743530898248,-70.9874500990183,78.38827636170264,-21.48118526114378,-1.567699340794401e-5,23.26311909834672,-6.385297852191605,-77.44264101151992,80.78788417188177,-22.13344374770373,-1.6444516419240687e-5,21.708984375,-8.4375,-70.3125,78.662109375,-20.830078125,0.615234375,21.97265625,13.18359375,-57.12890625,39.55078125,-17.578125,0.0,-9.6,-15.9,29.6,-14.4,8.8,3.2
5.191890001296997,21.57161945912017,-7.3441492594940065,-71.2640772827922,78.6083096573273,-21.571619381695093,-1.5817479896732393e-5,23.319514462715453,-6.3530818681603805,-77.70270605083252,81.01266100354098,-22.21333111171022,-1.657659642936992e-5,21.796875,-8.4375,-70.576171875,78.92578125,-20.91796875,0.615234375,13.18359375,8.7890625,-61.5234375,43.9453125,-17.578125,0.0,-9.6,-15.9,30.4,-14.4,8.9,3.2
5.196890115737915,21.660607888380657,-7.28868277834083,-71.53999383185779,78.82876010284451,-21.660607812142054,-1.595646152030896e-5,23.374387753293014,-6.321919653965723,-77.96186837795935,81.23776881214829,-22.291742150792494,-1.6706956707414004e-5,21.884765625,-8.349609375,-70.927734375,79.189453125,-21.005859375,0.615234375,13.18359375,8.7890625,-61.5234375,43.9453125,-17.578125,0.0,-9.6,-15.9,29.6,-14.4,8.8,3.2
5.201890230178833,21.748262107156652,-7.234258278032112,-71.81532212915081,79.04966427220872,-21.748262032104172,-1.6094036347611287e-5,23.42784665179712,-6.291867127073842,-78.22025618996939,81.46325033574233,-22.368787687020546,-1.683570786458819e-5,21.97265625,-8.349609375,-71.103515625,79.453125,-21.09375,0.615234375,13.18359375,8.7890625,-61.5234375,43.9453125,-17.578125,0.0,-9.5,-16.0,30.3,-13.6,8.8,3.2
5.206892013549805,21.834519927465486,-7.1809256164928605,-72.09010787694515,79.27111772536387,-21.834519853599083,-1.6230119346434244e-5,23.479814711816836,-6.262847289100788,-78.4778967282109,81.68919687309685,-22.444400794029818,-1.696275119519717e-5,21.97265625,-8.26171875,-71.455078125,79.62890625,-21.181640625,0.615234375,13.18359375,8.7890625,-61.5234375,43.9453125,-17.578125,0.0,-10.3,-15.2,29.5,-13.6,8.8,3.2
5.2118940353393555,21.919438027104857,-7.128633606271853,-72.36430315045077,79.49302135026393,-21.91943795442411,-1.6364727478394844e-5,23.530365586159423,-6.234936132720607,-78.73475826642725,81.91551263052406,-22.51864391716075,-1.708812133099439e-5,22.060546875,-8.26171875,-71.71875,79.8046875,-21.181640625,0.615234375,13.18359375,8.7890625,-52.734375,48.33984375,-17.578125,0.0,-9.5,-16.0,29.5,-13.6,8.8,3.2
5.216896057128906,22.002920533394807,-7.077452763649601,-72.6378476456244,79.71538535874578,-22.002920461899194,-1.6497719333534837e-5,23.57940241605405,-6.2080671266378165,-78.99076840350412,82.1422017421077,-22.591420574559166,-1.7211666985892866e-5,22.1484375,-8.173828125,-71.982421875,80.068359375,-21.357421875,0.615234375,13.18359375,8.7890625,-52.734375,48.33984375,-17.578125,0.0,-9.5,-15.2,29.5,-14.4,7.9,3.2
5.221897125244141,22.085035639439763,-7.027324767110399,-72.91072169896218,79.93813176603571,-22.085035569128507,-1.6629133140283144e-5,23.6270069004662,-6.182312682800559,-79.24592245786567,82.36919019051989,-22.662803647988305,-1.7333443407070445e-5,22.1484375,-8.173828125,-72.24609375,80.33203125,-21.4453125,0.615234375,13.18359375,8.7890625,-52.734375,48.33984375,-17.578125,0.0,-10.4,-15.1,30.5,-15.4,7.9,3.2
5.226898193359375,22.1657066142822,-6.978308239373339,-73.18292897636671,80.16132286043455,-22.16570654515467,-1.6758854895097087e-5,23.673093303128688,-6.157599027147912,-79.50020764627216,82.59653511396846,-22.73271331342557,-1.7453324827202412e-5,22.1484375,-8.0859375,-72.509765625,80.5078125,-21.533203125,0.615234375,8.7890625,8.7890625,-52.734375,48.33984375,-13.18359375,0.0,-10.4,-15.1,30.5,-14.6,8.0,3.2
5.23189902305603,22.245014788143813,-6.930337105938886,-73.45449008527055,80.38491317517958,-22.245014720199304,-1.6886947868765608e-5,23.717751221763855,-6.133995218068199,-79.75365718580798,82.82419572879441,-22.8012339499364,-1.7571390058608797e-5,22.1484375,-8.0859375,-72.861328125,80.771484375,-21.533203125,0.615234375,8.7890625,8.7890625,-57.12890625,39.55078125,-13.18359375,0.0,-11.2,-15.1,29.7,-13.4,8.8,3.2
5.236901044845581,22.322888852203178,-6.883466790157247,-73.72543269109534,80.60898579874325,-22.322888785441254,-1.7013304378616835e-5,23.760897155182704,-6.111425859154356,-80.00628019424036,83.0522501706803,-22.868290165496067,-1.768751891525805e-5,22.236328125,-7.998046875,-73.125,80.947265625,-21.62109375,0.615234375,8.7890625,8.7890625,-57.12890625,39.55078125,-13.18359375,0.0,-10.4,-14.3,29.7,-14.2,8.0,3.2
5.241901159286499,22.399367085797362,-6.837657355867546,-73.99562374678919,80.83336774803502,-22.399367020216854,-1.7137921859145425e-5,23.80259722325975,-6.089972997043283,-80.25796689742486,83.28052797976974,-22.93392937499449,-1.7801730075956092e-5,22.236328125,-7.998046875,-73.388671875,81.123046875,-21.62109375,0.615234375,8.7890625,8.7890625,-57.12890625,39.55078125,-13.18359375,0.0,-11.4,-14.3,29.5,-15.4,8.8,3.2
5.246902227401733,22.474399288856866,-6.792951450086117,-74.26516693210436,81.05820534961254,-22.4743992244572,-1.726072408287697e-5,23.842779265348717,-6.069554687883678,-80.50879694955654,83.5091715346037,-22.99809425820008,-1.791393226225262e-5,22.236328125,-7.91015625,-73.65234375,81.298828125,-21.708984375,0.615234375,8.7890625,8.7890625,-57.12890625,39.55078125,-13.18359375,0.0,-11.4,-14.3,28.7,-16.2,8.8,3.2
5.251914024353027,22.548215139955662,-6.749195833043472,-74.53462287106895,81.28390598868121,-22.54821507673857,-1.7382026833231984e-5,23.881610661940307,-6.050203335736761,-80.75930580895051,83.73860045875992,-23.060995498401862,-1.80244346667282e-5,22.32421875,-7.91015625,-73.916015625,81.650390625,-21.708984375,0.615234375,4.39453125,8.7890625,-52.734375,48.33984375,-13.18359375,0.0,-11.4,-14.3,29.5,-14.4,9.7,3.2
5.256914138793945,22.6203882566766,-6.706656546752387,-74.80273362669945,81.509477768442,-22.620388194638455,-1.7501134030708536e-5,23.918819525265313,-6.031935141925996,-81.00830641830758,83.96779979521881,-23.1222546388477,-1.8132580615525e-5,22.32421875,-7.91015625,-74.1796875,81.826171875,-21.796875,0.615234375,4.39453125,8.7890625,-52.734375,48.33984375,-13.18359375,0.0,-11.4,-14.3,29.5,-14.4,8.8,3.2
5.26191520690918,22.691196526645996,-6.665151208941084,-75.07021724756805,81.73545635635047,-22.691196465786156,-1.7618443033594995e-5,23.954601389957435,-6.0147705268560525,-81.25648169213714,84.19731998754038,-23.18212432255563,-1.823875516871964e-5,22.412109375,-7.822265625,-74.53125,82.08984375,-21.884765625,0.615234375,4.39453125,8.7890625,-52.734375,48.33984375,-13.18359375,0.0,-11.2,-13.5,28.7,-14.4,8.8,3.2
5.266916036605835,22.760524660251633,-6.624761448880107,-75.33695496912028,81.96180461662922,-22.760524600569084,-1.773376652248489e-5,23.988847489308178,-5.998642203929465,-81.50370324164048,84.42711646751181,-23.24049102451935,-1.8342764997193862e-5,22.5,-7.822265625,-74.794921875,82.265625,-21.97265625,0.615234375,13.18359375,8.7890625,-52.734375,48.33984375,-8.7890625,0.0,-10.4,-14.3,28.7,-15.2,8.8,3.2
5.271916151046753,22.828458270605207,-6.5854191553497765,-75.60296095439168,82.18846860142591,-22.82845821209886,-1.78471902001547e-5,24.021652312388767,-5.983621974472822,-81.74999979326459,84.65714039680137,-23.297443562199827,-1.844471151397306e-5,22.587890625,-7.734375,-75.05859375,82.529296875,-22.060546875,0.615234375,13.18359375,8.7890625,-57.12890625,43.9453125,-8.7890625,0.0,-10.4,-13.5,28.7,-16.2,8.0,3.2
5.276917219161987,22.894921320369605,-6.547182916728257,-75.86826782879636,82.41553952420654,-22.894921263038672,-1.795858924135333e-5,24.052926466767587,-5.969633025192072,-81.99538303809324,84.88747743183448,-23.352901459384384,-1.8544457920143564e-5,22.67578125,-7.734375,-75.322265625,82.705078125,-22.060546875,0.615234375,13.18359375,8.7890625,-57.12890625,43.9453125,-8.7890625,0.0,-9.6,-13.5,28.7,-15.4,8.8,3.2
5.281918048858643,22.959990352103514,-6.509990179317757,-76.13285273985515,82.64293197908944,-22.959990295946955,-1.8068038492422215e-5,24.08276009508533,-5.956749581068802,-82.2398476077942,85.1180468723205,-23.406945926399853,-1.864209608696546e-5,22.67578125,-7.734375,-75.5859375,82.96875,-22.1484375,0.615234375,13.18359375,8.7890625,-57.12890625,43.9453125,-8.7890625,0.0,-10.2,-13.6,28.9,-14.1,8.8,3.2
5.286919116973877,23.02357236055891,-6.473909256041784,-76.39668347527179,82.87068206630055,-23.0235723055757,-1.8175382242106045e-5,24.111055387274085,-5.944898335729269,-82.48334485607086,85.34887833724201,-23.459482197366846,-1.8737461560304903e-5,22.763671875,-7.646484375,-75.849609375,83.14453125,-22.236328125,0.615234375,13.18359375,8.7890625,-57.12890625,43.9453125,-17.578125,0.0,-9.4,-12.8,28.9,-14.1,8.0,3.2
5.291919231414795,23.085746168219863,-6.43887628732932,-76.65973907823683,83.09870496976694,-23.085746114408742,-1.8280702947981953e-5,24.137904530062695,-5.934152693877668,-82.72587165162906,85.5798918999569,-23.510593681431523,-1.883065365677836e-5,22.8515625,-7.646484375,-76.11328125,83.408203125,-22.236328125,0.615234375,13.18359375,4.39453125,-57.12890625,43.9453125,-17.578125,0.0,-8.6,-12.8,28.9,-15.4,8.7,3.2
5.29692006111145,23.146432883950915,-6.404951538428438,-76.92204864236753,83.32709004801208,-23.14643283131093,-1.8383866404410296e-5,24.163215578971013,-5.924436668281902,-82.9674355675015,85.81117102870815,-23.56019714866004,-1.8921527024822543e-5,22.939453125,-7.646484375,-76.376953125,83.671875,-22.32421875,0.615234375,13.18359375,4.39453125,-57.12890625,43.9453125,-17.578125,0.0,-8.6,-12.8,28.9,-15.4,7.9,3.2
5.301921129226685,23.205720842741353,-6.3720660620545715,-77.18362990972639,83.55578609616524,-23.205720791271478,-1.8484975336354014e-5,24.18708489689932,-5.915822350094885,-83.20806934724366,86.04266991575446,-23.60838383685496,-1.9010199188100966e-5,22.939453125,-7.55859375,-76.640625,83.84765625,-22.412109375,0.615234375,13.18359375,4.39453125,-57.12890625,43.9453125,-17.578125,0.0,-8.7,-12.8,28.7,-15.2,8.0,3.2
5.306922197341919,23.26350679140472,-6.340293748194425,-77.44441022108502,83.78479434453578,-23.263506741103768,-1.8583851978428685e-5,24.209409826101947,-5.908237733366277,-83.44768645622017,86.27438263895343,-23.655050432901973,-1.9096486349809175e-5,23.02734375,-7.55859375,-76.9921875,84.19921875,-22.412109375,0.615234375,13.18359375,4.39453125,-57.12890625,43.9453125,-8.7890625,0.0,-7.9,-12.8,27.9,-13.6,8.9,3.2
5.311923027038574,23.319883580656374,-6.309563197879305,-77.70442145061466,84.01407526869956,-23.319883531523164,-1.868061058197083e-5,24.230289313490225,-5.901754111119262,-83.686333044799,86.50627535700357,-23.70029207600914,-1.9180516715844272e-5,23.115234375,-7.55859375,-77.16796875,84.375,-22.412109375,0.615234375,13.18359375,4.39453125,-52.734375,48.33984375,-8.7890625,0.0,-7.1,-12.8,28.7,-13.4,8.9,3.2
5.316923141479492,23.374745310791837,-6.279949524708485,-77.96357747955169,84.24361786303018,-23.374745262824987,-1.877506657895846e-5,24.249619936909752,-5.896299040571046,-83.92391004850191,86.73832970800146,-23.744003402953382,-1.926210089473537e-5,23.203125,-7.55859375,-77.431640625,84.638671875,-22.5,0.615234375,13.18359375,4.39453125,-52.734375,48.33984375,-8.7890625,0.0,-7.1,-12.8,28.7,-14.2,8.9,3.2
5.321924209594727,23.42820659197047,-6.251369775086408,-78.22201027922277,84.4734711457293,-23.428206545169036,-1.8867375640911186e-5,24.267508587762517,-5.89194183104028,-84.16055564112378,86.97060145093195,-23.786296965712943,-1.9341403228558873e-5,23.291015625,-7.470703125,-77.783203125,84.90234375,-22.5,0.615234375,13.18359375,4.39453125,-52.734375,48.33984375,-8.7890625,0.0,-6.2,-11.8,27.9,-13.6,8.8,3.2
5.326925039291382,23.48015295246642,-6.223903627215842,-78.47959515561728,84.7035901004883,-23.480152906829083,-1.8957336464246928e-5,24.283848522269007,-5.888610846978628,-84.39613506888429,87.20303772082846,-23.827060479686512,-1.9418219951243528e-5,23.291015625,-7.470703125,-77.958984375,85.078125,-22.587890625,0.615234375,13.18359375,4.39453125,-52.734375,48.33984375,-8.7890625,0.0,-6.2,-11.8,27.9,-13.6,8.8,3.2
5.3319251537323,23.530676996199027,-6.197480047375737,-78.73635452204707,84.9339261072753,-23.530676951724423,-1.9045070619359154e-5,24.298739636643514,-5.886377233476072,-84.6306864750434,87.43559571008393,-23.866389192613585,-1.9492686517326896e-5,23.466796875,-7.3828125,-78.310546875,85.341796875,-22.67578125,0.615234375,17.578125,8.7890625,-52.734375,48.33984375,-8.7890625,0.0,-4.6,-11.0,27.9,-15.4,8.0,3.2
5.336926221847534,23.579693658302073,-6.172163027628287,-78.99230974277239,85.16456452203869,-23.57969361498914,-1.913042582675091e-5,24.31208440070495,-5.885167187408295,-84.86420843162989,87.66835414244312,-23.904193888235625,-1.9564641232985155e-5,23.5546875,-7.3828125,-78.486328125,85.517578125,-22.67578125,0.615234375,17.578125,8.7890625,-52.734375,48.33984375,-8.7890625,0.0,-3.8,-11.0,27.9,-15.4,8.8,3.2
5.3419270515441895,23.62728880414462,-6.147885285123541,-79.24744760777354,85.39542485225925,-23.627288761992073,-1.9213515800977414e-5,24.323980815437675,-5.885052378767847,-85.09670675683796,87.90123810237155,-23.94056458602036,-1.963421317497555e-5,23.642578125,-7.3828125,-78.837890625,85.78125,-22.67578125,0.615234375,17.578125,8.7890625,-52.734375,48.33984375,-8.7890625,0.0,-3.6,-11.1,28.0,-14.4,8.8,3.2
5.346927165985107,23.67335599092619,-6.124721733139889,-79.5016783155059,85.62649220920235,-23.673355949932546,-1.9294149348108033e-5,24.334325451964546,-5.8859592613521325,-85.3280783338922,88.13422504495153,-23.97539555967567,-1.9701208047325302e-5,23.73046875,-7.3828125,-79.1015625,85.95703125,-22.763671875,0.615234375,17.578125,8.7890625,-52.734375,39.55078125,-4.39453125,0.0,-2.8,-11.1,28.0,-14.4,8.0,3.2
5.351928234100342,23.718009184629,-6.102590877957986,-79.75513596627817,85.85781919993285,-23.71800914479323,-1.9372492911820217e-5,24.343223750898392,-5.887959340562546,-85.55846352200464,88.36737442279494,-24.00879842324395,-1.976579952275031e-5,23.73046875,-7.3828125,-79.365234375,86.1328125,-22.763671875,0.615234375,17.578125,0.0,-52.734375,39.55078125,-4.39453125,0.0,-2.8,-11.1,27.2,-15.2,8.8,3.2
5.356929063796997,23.761134669991286,-6.081571252648004,-80.00769282598733,86.08935662291651,-23.761134631311982,-1.9448341089825866e-5,24.350570288252477,-5.890978987481045,-85.78772434361534,88.60062896279624,-24.040661838912968,-1.9827781581102706e-5,23.73046875,-7.3828125,-79.716796875,86.396484375,-22.763671875,0.615234375,17.578125,0.0,-52.734375,39.55078125,-4.39453125,0.0,-2.8,-11.1,27.2,-16.0,8.8,3.2
5.361940145492554,23.80291849318846,-6.061547489620702,-80.2599270310669,86.32156724779118,-23.80291845566673,-1.9521991248187985e-5,24.356479160640813,-5.895098937902993,-86.01640357118517,88.83446108662453,-24.071149514563583,-1.9887433590837596e-5,23.818359375,-7.3828125,-79.892578125,86.66015625,-22.8515625,0.615234375,17.578125,0.0,-52.734375,39.55078125,-4.39453125,0.0,-2.3,-11.2,27.1,-15.4,8.8,3.2
5.3669421672821045,23.843094219512153,-6.042671516565176,-80.51079659757774,86.55356101713633,-23.84309418314453,-1.9592967497428755e-5,24.36082210591128,-5.900229616236609,-86.24353380970288,89.06796658944573,-24.10003828729519,-1.994433018647606e-5,23.818359375,-7.3828125,-80.15625,86.8359375,-22.8515625,0.615234375,17.578125,0.0,-52.734375,39.55078125,-8.7890625,0.0,-2.3,-11.2,26.3,-16.2,8.8,3.2
5.37194299697876,23.88183226913141,-6.024834210071306,-80.76075224628323,86.78567952903231,-23.88183223391634,-1.9661542585736852e-5,24.36371622382057,-5.906448556077699,-86.46954373422449,89.30149636479672,-24.12748211037377,-1.9998733353283523e-5,23.818359375,-7.3828125,-80.419921875,87.1875,-22.8515625,0.615234375,4.39453125,0.0,-52.734375,43.9453125,-8.7890625,0.0,-2.3,-11.2,27.1,-14.4,8.8,3.2
5.376944065093994,23.919037783375252,-6.008105426115161,-81.00979402207793,87.01799268392921,-23.919037749311407,-1.9727541954793508e-5,24.365056491218333,-5.913681501687668,-86.69441017456604,89.53511268011184,-24.15338268699299,-2.005046163523757e-5,23.818359375,-7.3828125,-80.68359375,87.36328125,-22.8515625,0.615234375,4.39453125,0.0,-52.734375,43.9453125,-8.7890625,0.0,-2.3,-11.2,27.1,-13.6,9.7,3.2
5.3819451332092285,23.95481254522916,-5.992409481640054,-81.25796495710311,87.25046783134091,-23.954812512315243,-1.979112103413037e-5,24.364949148663317,-5.922001361828253,-86.91819214085912,89.76878954748868,-24.177843512535713,-2.00996817518837e-5,23.818359375,-7.3828125,-80.859375,87.5390625,-22.939453125,0.615234375,4.39453125,0.0,-52.734375,43.9453125,-8.7890625,0.0,-2.3,-11.2,27.2,-14.4,8.9,3.2
5.386957168579102,23.98912305243674,-5.9777910609514615,-81.50573287145626,87.48361747551832,-23.989123020673873,-1.985221373881479e-5,24.363282212848247,-5.931353396331429,-87.14128660404606,90.00303353527144,-24.200806088992874,-2.0146293547626243e-5,23.818359375,-7.3828125,-81.2109375,87.802734375,-22.939453125,0.615234375,0.0,0.0,-52.734375,48.33984375,-4.39453125,0.0,-2.3,-11.2,27.2,-16.0,8.7,3.2
5.391957998275757,24.0219227166523,-5.964237445945725,-81.75205853128679,87.7163896642878,-24.02192268603661,-1.991071453045752e-5,24.360170793834982,-5.941770647075211,-87.36277863276274,90.23679475608296,-24.222275131587455,-2.0190265713564878e-5,23.818359375,-7.3828125,-81.474609375,87.978515625,-23.02734375,0.615234375,0.0,0.0,-52.734375,48.33984375,-4.39453125,0.0,-2.3,-11.2,26.4,-16.2,7.9,3.2
5.396961212158203,24.05319503139274,-5.951786166790981,-81.9975374922152,87.94941748335992,-24.053195001923378,-1.996658670621164e-5,24.355501259354707,-5.95320050606535,-87.58317977931286,90.47070075236319,-24.242203254863796,-2.0231520502272237e-5,23.818359375,-7.3828125,-81.73828125,88.2421875,-23.02734375,0.615234375,0.0,0.0,-52.734375,48.33984375,-4.39453125,0.0,-2.3,-11.2,25.6,-13.8,7.9,3.2
5.401962041854858,24.08301818115922,-5.940369967959227,-82.24199543355843,88.18245935685361,-24.083018152834327,-2.001994981472562e-5,24.349388381749606,-5.965707425052408,-87.80235527634957,90.70451628827121,-24.26068048943532,-2.0270201150909962e-5,23.818359375,-7.3828125,-81.9140625,88.505859375,-23.115234375,0.615234375,0.0,0.0,-52.734375,48.33984375,-4.39453125,0.0,-2.4,-11.2,26.3,-10.7,7.1,3.2
5.406963109970093,24.111297743361536,-5.930060216105876,-82.48548264453188,88.41563694021929,-24.111297716179756,-2.0070627847488567e-5,24.341719502425697,-5.97921870913209,-88.0203248751947,90.93835476271826,-24.277606409167483,-2.0306122788697814e-5,23.818359375,-7.3828125,-82.177734375,88.681640625,-23.115234375,0.615234375,0.0,0.0,-52.734375,48.33984375,-8.7890625,0.0,-2.4,-11.2,25.5,-9.1,7.1,3.2
5.411963224411011,24.13813639180364,-5.92077948956267,-82.72800268513852,88.64887637223131,-24.13813636576345,-2.0118787163154045e-5,24.33260798228054,-5.993806359409623,-88.23711417581973,91.17214951198864,-24.293087355487835,-2.0339464506195575e-5,23.818359375,-7.3828125,-82.44140625,88.857421875,-23.115234375,0.615234375,0.0,0.0,-48.33984375,43.9453125,-8.7890625,0.0,-2.4,-11.2,25.5,-8.4,7.9,3.2
5.416964054107666,24.1634316883669,-5.912602805930062,-82.9695563730512,88.88225348770709,-24.16343166346705,-2.0164236941976675e-5,24.321940178832175,-6.009396453065253,-88.45269783036281,91.4059676781701,-24.30701709959758,-2.0370029990805717e-5,23.818359375,-7.3828125,-82.705078125,89.033203125,-23.115234375,0.615234375,0.0,0.0,-48.33984375,43.9453125,-8.7890625,0.0,-2.4,-11.2,24.7,-9.2,8.1,3.2
5.4219651222229,24.187290497923723,-5.905451420374508,-83.21018327022763,89.11572910423088,-24.187290474162964,-2.0207154027085054e-5,24.30982828385768,-6.026063098901622,-88.66713390593205,91.63977745898688,-24.319504473356428,-2.039800613194491e-5,23.818359375,-7.3828125,-82.96875,89.12109375,-23.115234375,0.615234375,0.0,0.0,-48.33984375,43.9453125,-8.7890625,0.0,-2.4,-11.2,24.6,-13.2,8.9,3.2
5.426966190338135,24.209599655050802,-5.899404043715839,-83.44978995906023,89.34928851451157,-24.209599632427732,-2.0247328003215054e-5,24.296161837584926,-6.043726806719248,-88.88031246527987,91.87355508343677,-24.330436911808327,-2.0423183281746406e-5,23.818359375,-7.3828125,-83.232421875,89.296875,-23.115234375,0.615234375,0.0,0.0,-48.33984375,43.9453125,0.0,0.0,-2.4,-10.4,24.6,-16.4,8.9,3.2
5.43196702003479,24.230468621777447,-5.89438079677616,-83.68842953644327,89.58290493673903,-24.230468600290706,-2.0284943131893222e-5,24.281053705086443,-6.0624618958952095,-89.09230418038197,92.10728135506766,-24.3399252319994,-2.04457545180132e-5,23.818359375,-7.3828125,-83.49609375,89.47265625,-23.115234375,0.615234375,0.0,0.0,-52.734375,30.76171875,0.0,0.0,-2.4,-10.4,23.8,-19.2,8.9,3.2
5.436967134475708,24.249783455968846,-5.890460277615825,-83.9259959262991,89.81655089238905,-24.249783435616855,-2.0319787437175638e-5,24.264394566766484,-6.082187372974289,-89.30298766791441,92.34091961674622,-24.347856696066266,-2.0465510003328995e-5,23.73046875,-7.3828125,-83.671875,89.6484375,-23.115234375,0.615234375,0.0,0.0,-52.734375,30.76171875,0.0,0.0,-3.2,-10.4,24.6,-20.8,8.8,3.2
5.441968202590942,24.26766157557313,-5.887560934062548,-84.16263437808631,90.05029007925823,-24.26766155635482,-2.0352062170767426e-5,24.246291311008964,-6.102984955836759,-89.51251568649708,92.5745412773775,-24.35434566311028,-2.048265344753267e-5,23.73046875,-7.3828125,-84.0234375,90.0,-23.115234375,0.615234375,0.0,0.0,-52.734375,30.76171875,0.0,0.0,-3.3,-9.5,23.9,-20.2,8.8,3.2
5.446969032287598,24.28398570623254,-5.885762129906489,-84.39820299679025,90.2840599656005,-24.283985688146455,-2.038154936053942e-5,24.226636636695638,-6.124770976853512,-89.72073470325509,92.80807445466212,-24.359277750960846,-2.0496971848064895e-5,23.73046875,-7.3828125,-84.19921875,90.3515625,-23.115234375,0.615234375,-4.39453125,0.0,-52.734375,52.734375,0.0,0.0,-2.5,-9.5,24.7,-17.8,8.8,3.2
5.451969146728516,24.298866280447537,-5.884983305165703,-84.63274713147678,90.51782534098116,-24.29886626349223,-2.040844013334632e-5,24.205545677164267,-6.147617973217639,-89.9277094153598,93.04149184012793,-24.362765150000445,-2.0508664666120124e-5,23.73046875,-7.3828125,-84.462890625,90.615234375,-23.115234375,0.615234375,-4.39453125,0.0,-48.33984375,52.734375,0.0,0.0,-2.5,-9.5,24.7,-16.5,8.8,3.2
5.45697021484375,24.31219522853842,-5.885302686772711,-84.86625808230748,90.75165573201335,-24.31219521271271,-2.04325333683308e-5,24.18289996278385,-6.171454610313757,-90.13340373224199,93.2748533302204,-24.364696226957513,-2.0517527705291547e-5,23.73046875,-7.3828125,-84.638671875,90.791015625,-23.115234375,0.615234375,-4.39453125,0.0,-48.33984375,52.734375,0.0,0.0,-2.5,-9.5,24.7,-16.5,8.8,3.2
5.461971044540405,24.32408109585305,-5.88663988277387,-85.09874900441854,90.98548390235423,-24.3240810811556,-2.0454019066975498e-5,24.158817680661695,-6.196350115310725,-90.33785424102695,93.5080997503679,-24.3651828455862,-2.0523760887123832e-5,23.73046875,-7.3828125,-84.90234375,91.0546875,-23.115234375,0.615234375,-4.39453125,0.0,-48.33984375,52.734375,0.0,0.0,-2.3,-9.5,24.1,-17.6,8.8,3.2
5.46697211265564,24.334411737548976,-5.889073472308893,-85.33015340624314,91.21932193907818,-24.334411723978477,-2.047268918759285e-5,24.133185078538446,-6.222227809306012,-90.54097346953253,93.74123346219633,-24.364112075611665,-2.052715735579365e-5,23.73046875,-7.3828125,-85.166015625,91.318359375,-23.115234375,0.615234375,0.0,0.0,-48.33984375,52.734375,0.0,0.0,-2.3,-8.7,24.1,-17.6,8.8,3.2
5.471972227096558,24.34329765263977,-5.89252190723357,-85.560487029969,91.45310403671341,-24.34329764019472,-2.0488739377665973e-5,24.106122088295482,-6.2491558123026465,-90.74280100112142,93.9741969701525,-24.36159766874485,-2.0527922056927645e-5,23.73046875,-7.3828125,-85.341796875,91.58203125,-23.115234375,0.615234375,0.0,0.0,-48.33984375,52.734375,0.0,0.0,-1.5,-8.7,24.9,-16.8,8.8,3.2
5.476973056793213,24.350628357141176,-5.8970647018736315,-85.78973644804464,91.68689628154334,-24.350628345820375,-2.050196522173232e-5,24.07750826966528,-6.277063929369549,-90.94329548414186,94.20704626357116,-24.35752570059323,-2.0525848793113883e-5,23.73046875,-7.3828125,-85.60546875,91.93359375,-23.115234375,0.615234375,0.0,0.0,-48.33984375,52.734375,0.0,0.0,-1.5,-8.7,24.1,-16.0,8.8,3.2
5.481973171234131,24.356514827992914,-5.902619726842388,-86.01790830976257,91.92062319396204,-24.356514817794945,-2.051256515741267e-5,24.04746554116116,-6.306018385967746,-91.14248901513005,94.43971438236922,-24.352010878058785,-2.0521145384440085e-5,23.73046875,-7.3828125,-85.78125,92.197265625,-23.115234375,0.615234375,0.0,0.0,-48.33984375,52.734375,0.0,0.0,-1.5,-7.9,24.7,-14.2,8.8,3.2
5.486974000930786,24.360845025577163,-5.90926691276413,-86.24497583628803,92.15433792526191,-24.36084501650083,-2.0520332789372638e-5,24.01587385432353,-6.33594843446936,-91.34032800172164,94.67224418558833,-24.344938329007803,-2.051360502769672e-5,23.73046875,-7.3828125,-86.1328125,92.548828125,-23.115234375,0.615234375,0.0,0.0,-48.33984375,52.734375,0.0,0.0,-1.5,-7.9,23.9,-14.2,8.8,3.2
5.491974115371704,24.363731159300453,-5.9169234782414,-86.47094784061944,92.38796650753876,-24.363731151344346,-2.0525470530852587e-5,23.982856152431555,-6.366919357978004,-91.53684700417519,94.90457042641249,-24.336423927356915,-2.0503438860621648e-5,23.73046875,-7.3828125,-86.30859375,92.724609375,-23.115234375,0.615234375,0.0,0.0,-43.9453125,52.734375,0.0,0.0,-0.7,-7.9,23.9,-15.2,8.8,3.2
5.496974229812622,24.365060107911084,-5.925668507765,-86.69576315411952,92.62152685614507,-24.36506010107386,-2.0527771088507114e-5,23.94829667898344,-6.398856465740633,-91.73196208308059,95.13670071318674,-24.326353416221448,-2.049044203629196e-5,23.73046875,-7.3828125,-86.484375,92.900390625,-23.115234375,0.615234375,0.0,0.0,-43.9453125,52.734375,0.0,0.0,-0.7,-7.9,23.9,-16.0,8.8,3.2
5.501986026763916,24.364944235476173,-5.935444685726221,-86.92001896163165,92.85555884081133,-24.364944229759217,-2.0527438348024344e-5,23.9122242535672,-6.431911314946083,-91.92621785510778,95.36917971588792,-24.31481286804096,-2.0474786412217448e-5,23.73046875,-7.3828125,-86.748046875,93.1640625,-23.115234375,0.615234375,0.0,0.0,-43.9453125,52.734375,0.0,0.0,0.1,-7.1,24.0,-15.2,8.8,3.2
5.50698709487915,24.36326784211085,-5.946287928369607,-87.14261531890756,93.08899843302359,-24.36326783751043,-2.0524262133284665e-5,23.874686737521948,-6.465857261470279,-92.11862948285213,95.60093985530204,-24.30173823753897,-2.045633566720356e-5,23.73046875,-7.3828125,-87.01171875,93.427734375,-23.115234375,0.615234375,0.0,0.0,-43.9453125,43.9453125,0.0,0.0,0.1,-7.1,24.0,-14.4,8.8,3.2
5.511987209320068,24.360149755165676,-5.958132929847176,-87.3640702285848,93.32229833009686,-24.360149751680375,-2.0518459484913418e-5,23.835732825233137,-6.50083154444803,-92.30967494653034,95.8324398628998,-24.287226336857184,-2.043527991362458e-5,23.73046875,-7.3828125,-87.1875,93.603515625,-23.115234375,0.615234375,0.0,0.0,-48.33984375,43.9453125,0.0,0.0,0.1,-6.3,24.0,-14.2,8.0,3.2
5.516989231109619,24.355470992332886,-5.971066548340852,-87.58441088538406,93.5555725844086,-24.3554709899618,-2.050981509779656e-5,23.795226064205515,-6.5367739311877235,-92.49934478681878,96.06378202954247,-24.27115230218441,-2.041140110180756e-5,23.73046875,-7.3828125,-87.451171875,93.8671875,-23.115234375,0.615234375,0.0,0.0,-48.33984375,43.9453125,0.0,0.0,0.1,-6.3,23.2,-15.0,7.9,3.2
5.521990060806274,24.34935139098922,-5.984998080319395,-87.80358115192186,93.78867435557551,-24.349351389730874,-2.049854927319248e-5,23.753308310844123,-6.573736851443893,-92.68762013077192,96.29482971631307,-24.253643237567864,-2.0384931271691947e-5,23.73046875,-7.3828125,-87.626953125,94.04296875,-23.115234375,0.615234375,0.0,0.0,-48.33984375,43.9453125,0.0,0.0,0.1,-6.2,23.9,-16.2,7.9,3.2
5.526991128921509,24.34167242779261,-6.000011049819241,-88.02154283922239,94.02164897813634,-24.341672427645772,-2.048444922418157e-5,23.70985409141697,-6.611650054255955,-92.87443471906367,96.52561681445783,-24.234578071712733,-2.035565994939619e-5,23.73046875,-7.3828125,-87.890625,94.306640625,-23.115234375,0.615234375,0.0,0.0,-48.33984375,48.33984375,0.0,0.0,0.1,-5.4,23.1,-13.8,8.0,3.2
5.531992197036743,24.332552355426632,-6.016021601800082,-88.23836809603151,94.25448474632151,-24.332552356390096,-2.046773321219933e-5,23.664982963473157,-6.6505859660534234,-93.0598807020644,96.7561409281519,-24.21407573950256,-2.0323807698885173e-5,23.73046875,-7.3828125,-88.06640625,94.482421875,-23.115234375,0.615234375,0.0,0.0,-43.9453125,48.33984375,0.0,0.0,0.1,-5.4,23.1,-11.6,8.0,3.2
5.536993026733398,24.321874129640992,-6.033108747038812,-88.45394343310329,94.48714718114812,-24.32187413171343,-2.0448193068119622e-5,23.618583157809276,-6.690462160373439,-93.24382670108224,96.98635660953245,-24.192020526118164,-2.028917437138797e-5,23.73046875,-7.3828125,-88.330078125,94.74609375,-23.115234375,0.615234375,0.0,0.0,-43.9453125,48.33984375,0.0,0.0,0.1,-5.4,23.1,-10.0,8.0,3.2
5.541996002197266,24.30975048292637,-6.051197743812932,-88.66845555140408,94.71974824236084,-24.30975048610707,-2.04260376252044e-5,23.570749770024875,-6.731371999394544,-93.42646294692483,97.21638397651367,-24.168519815577948,-2.025196252615605e-5,23.73046875,-7.3828125,-88.505859375,94.921875,-23.115234375,0.615234375,0.0,0.0,-43.9453125,48.33984375,0.0,0.0,-0.0,-5.5,23.2,-11.8,8.0,3.2
5.546996116638184,24.29607568056982,-6.070350267006152,-88.88158456086347,94.95202971431071,-24.296075684856874,-2.0401081464666078e-5,23.521416660492104,-6.773193863184638,-93.60748197015552,97.44595610948781,-24.1434801246631,-2.0212009783347064e-5,23.73046875,-7.3828125,-88.76953125,95.09765625,-23.115234375,0.615234375,0.0,0.0,-43.9453125,39.55078125,0.0,0.0,-0.0,-4.7,22.4,-12.6,8.0,3.2
5.551997184753418,24.28095963459477,-6.0904965114583245,-89.09358049421267,95.18417182505745,-24.280959639987223,-2.0373528711317016e-5,23.470665669629433,-6.816032619376479,-93.78712842456197,97.67526084521496,-24.11700269699149,-2.016950895279788e-5,23.73046875,-7.3828125,-89.033203125,95.2734375,-23.115234375,0.615234375,0.0,0.0,-43.9453125,39.55078125,0.0,0.0,-0.0,-4.7,21.6,-11.2,8.0,3.2
5.556999206542969,24.26428302667626,-6.111716978166704,-89.30433517226584,95.41614689589153,-24.26428303317307,-2.034317144939028e-5,23.41838165826486,-6.859808235616334,-93.96527439325757,97.9042589270025,-24.08896916606933,-2.012426077112063e-5,23.73046875,-7.3828125,-89.208984375,95.44921875,-23.115234375,0.615234375,0.0,0.0,-43.9453125,39.55078125,0.0,0.0,-0.0,-3.9,21.6,-10.4,6.3,3.2
5.562000036239624,24.246172975272685,-6.133918622057798,-89.513846824994,95.6478601122756,-24.24617298287242,-2.0310245403975692e-5,23.36470594326824,-6.904575084586752,-94.14195125007505,98.13286659456666,-24.05951146035132,-2.007650681540393e-5,23.73046875,-7.3828125,-89.384765625,95.625,-23.115234375,0.615234375,0.0,0.0,-43.9453125,39.55078125,0.0,0.0,-0.0,-3.8,22.2,-11.2,6.3,3.2
5.567000150680542,24.226509795548722,-6.157182840217571,-89.72202655815252,95.87930397653017,-24.22650980424998,-2.0274544452956992e-5,23.309519899217356,-6.950256321665258,-94.31704743935708,98.36106442482921,-24.028509842224437,-2.0026048787913408e-5,23.73046875,-7.3828125,-89.6484375,95.80078125,-23.115234375,0.615234375,0.0,0.0,-43.9453125,35.15625,0.0,0.0,-0.0,-3.0,21.4,-13.6,6.3,3.2
5.572001218795776,24.205407133241334,-6.181433503114636,-89.92903424202481,96.11056222991266,-24.20540714304317,-2.023627983744048e-5,23.252924012098802,-6.996939903936227,-94.49073107890322,98.58894501364458,-23.99607404406818,-1.9973091719697904e-5,23.73046875,-7.3828125,-89.82421875,95.9765625,-23.115234375,0.615234375,0.0,0.0,-39.55078125,35.15625,0.0,0.0,-0.0,-3.0,21.4,-17.4,5.5,3.2
5.577002048492432,24.182751180601073,-6.206744415806256,-90.1347090863444,96.34154788672095,-24.18275119150219,-2.0195258792744144e-5,23.194817718836514,-7.0445347833924234,-94.66282964366411,98.81641029625192,-23.962094079162924,-1.9917456286761852e-5,23.73046875,-7.3828125,-90.087890625,96.15234375,-23.115234375,0.615234375,0.0,0.0,-39.55078125,35.15625,0.0,0.0,-0.0,-2.2,21.4,-18.2,5.5,3.2
5.582014083862305,24.158604564096336,-6.233093731750111,-90.33960877894455,96.57279678852582,-24.15860457609806,-2.0151600259472987e-5,23.13518115276387,-7.09322465205789,-94.83384242717187,99.04399760631426,-23.926606498674623,-1.9859226301889653e-5,23.73046875,-7.3828125,-90.263671875,96.416015625,-23.115234375,0.615234375,0.0,0.0,-39.55078125,35.15625,0.0,0.0,0.9,-2.2,21.5,-16.0,5.5,3.2
5.5870361328125,24.132847649525115,-6.260558904047811,-90.54356556437764,96.80421863246497,-24.1328476626284,-2.0105104165473933e-5,23.07390842479482,-7.14292574591784,-95.00358899038069,99.27160483576024,-23.889495617041803,-1.9798216080716968e-5,23.73046875,-7.3828125,-90.52734375,96.591796875,-23.115234375,0.615234375,0.0,0.0,-39.55078125,39.55078125,0.0,0.0,1.7,-1.4,20.7,-16.8,4.7,3.2
5.592037200927734,24.10575969842618,-6.288886896260456,-90.74541422734706,97.03439516803945,-24.10575971262528,-2.005628020156048e-5,23.01149624095324,-7.193394977082271,-95.1711347324593,99.4978475042519,-23.851110509643537,-1.9735022238022892e-5,23.73046875,-7.3828125,-90.703125,96.85546875,-23.115234375,0.615234375,0.0,0.0,-43.9453125,39.55078125,0.0,0.0,1.7,-0.6,20.7,-18.4,4.7,3.2
5.59703803062439,24.077127083141757,-6.318262225840652,-90.9458920922018,97.26424823612066,-24.07712709843539,-2.0004760712849832e-5,22.947589376577262,-7.2447617906656125,-95.33705792320256,99.72362054656489,-23.811191878721907,-1.966922764901309e-5,23.73046875,-7.3828125,-90.966796875,97.119140625,-23.115234375,0.615234375,0.0,0.0,-43.9453125,39.55078125,0.0,0.0,2.5,-0.6,20.7,-19.2,3.9,3.2
5.602038145065308,24.047064338133744,-6.348604555635718,-91.14506777033522,97.49376611145803,-24.04706435452062,-1.9950757825553575e-5,22.882304003902238,-7.297085522610718,-95.50144863932248,99.94892220481746,-23.769855063684993,-1.9601042938008527e-5,23.73046875,-7.3828125,-91.142578125,97.3828125,-23.115234375,0.615234375,0.0,0.0,-43.9453125,39.55078125,0.0,0.0,3.4,0.2,20.9,-19.4,3.9,3.2
5.607051134109497,24.01537542409625,-6.380071915479377,-91.34336943876416,97.72353500005268,-24.015375441577945,-1.9893939953454715e-5,22.81535400201232,-7.350439045061826,-95.66462162516234,100.17431522919435,-23.72687474925705,-1.9530109465987352e-5,23.73046875,-7.3828125,-91.318359375,97.734375,-23.115234375,0.615234375,0.0,0.0,-43.9453125,57.12890625,0.0,0.0,3.4,0.2,21.7,-17.0,3.1,3.2
5.6120522022247314,23.98232678848935,-6.4124327452219685,-91.5399035736233,97.95242981906772,-23.982326807062133,-1.9834791049553634e-5,22.747178359364543,-7.404620775733633,-95.82587501222196,100.3987056960475,-23.682572916105737,-1.9456977637632695e-5,23.73046875,-7.3828125,-91.58203125,97.998046875,-23.115234375,0.615234375,0.0,0.0,-43.9453125,57.12890625,0.0,0.0,4.2,0.2,20.9,-16.5,3.1,3.2
5.617053031921387,23.947740644631285,-6.445828596324949,-91.73502669228009,98.1809486365648,-23.94774066429387,-1.977301503002806e-5,22.6775227424151,-7.459683209218726,-95.98546630808261,100.62257031280342,-23.63674684111003,-1.9381329799183558e-5,23.73046875,-7.3828125,-91.845703125,98.349609375,-23.115234375,0.615234375,0.0,0.0,-43.9453125,57.12890625,0.0,0.0,5.1,0.1,20.7,-15.7,2.3,3.2
5.622053146362305,23.911728418326256,-6.480181646345542,-91.92880761601151,98.40908245187237,-23.911728439077347,-1.9708817087942908e-5,22.606499882500145,-7.515681349777312,-96.14348543141843,100.84591002864472,-23.589508653496065,-1.9303368558275385e-5,23.73046875,-7.3828125,-92.021484375,98.701171875,-23.115234375,0.615234375,0.0,0.0,-43.9453125,57.12890625,0.0,0.0,5.9,0.1,20.7,-16.0,2.3,3.2
5.6270551681518555,23.87416603906336,-6.5155786410234064,-92.12123946356444,98.63691112894907,-23.874166060902155,-1.9642001092042004e-5,22.53397335576763,-7.572575001054677,-96.29988944622323,101.06879074359776,-23.54072987560988,-1.922290251429586e-5,23.73046875,-7.3828125,-92.109375,98.7890625,-23.115234375,0.615234375,0.0,0.0,-43.9453125,52.734375,0.0,0.0,5.9,0.1,20.7,-16.0,1.5,3.2
5.632057189941406,23.83517419323805,-6.551932838061878,-92.31233614901362,98.86436184010714,-23.835174216163377,-1.957278778508792e-5,22.46007498886608,-7.630402271982845,-96.45472348655728,101.29115099063829,-23.49053505551441,-1.9140153213411684e-5,23.73046875,-7.3828125,-92.373046875,99.052734375,-23.115234375,0.615234375,0.0,0.0,-39.55078125,52.734375,0.0,0.0,6.7,0.1,19.9,-14.4,1.5,3.2
5.637069225311279,23.7945668444102,-6.589387262625047,-92.50236724120056,99.09184717855487,-23.79456686842301,-1.9500875039872704e-5,22.384555348016605,-7.689212923103456,-96.6081668325106,101.51338127292595,-23.438717336054943,-1.905480408722505e-5,23.73046875,-7.3828125,-92.63671875,99.404296875,-23.115234375,0.615234375,0.0,0.0,-39.55078125,52.734375,0.0,0.0,7.5,-0.0,19.9,-15.2,0.7,3.2
5.642070055007935,23.75262191399124,-6.627710548851849,-92.69061664558355,99.31841968511308,-23.752621939087938,-1.9426760783602857e-5,22.30783776245518,-7.748814377354916,-96.7596757692759,101.73456595892672,-23.38560162542105,-1.896740499861002e-5,23.73046875,-7.3828125,-92.724609375,99.580078125,-23.115234375,0.615234375,0.0,0.0,-39.55078125,52.734375,0.0,0.0,8.3,-0.0,19.9,-15.2,0.7,3.2
5.647071123123169,23.709147643185783,-6.6670521450655755,-92.87741193660783,99.54455638172976,-23.709147669365166,-1.9350135680967393e-5,22.229657216952567,-7.80927349385265,-96.90947817682374,101.95515890963918,-23.330972184093838,-1.8877628328964527e-5,23.73046875,-7.3828125,-92.98828125,99.84375,-23.115234375,0.615234375,0.0,0.0,-39.55078125,48.33984375,0.0,0.0,9.1,-0.0,19.9,-16.0,-0.1,3.2
5.65207314491272,23.664240393936552,-6.707347381704952,-93.06286652553919,99.7703060105352,-23.66424042119766,-1.9271175191897768e-5,22.15010262706714,-7.870654316328293,-97.05769914342628,102.17521745342768,-23.274923274705746,-1.8785642372825892e-5,23.73046875,-7.3828125,-93.1640625,100.107421875,-23.115234375,0.615234375,0.0,0.0,-39.55078125,48.33984375,0.0,0.0,9.1,-0.0,19.9,-15.2,-0.1,3.2
5.657076120376587,23.617800401727617,-6.748660309510148,-93.24687160495151,99.99562381442931,-23.617800430069394,-1.918973663996716e-5,22.069081082363596,-7.932891716469333,-97.20421367439877,102.394685436788,-23.217356857185177,-1.869131739509213e-5,23.73046875,-7.3828125,-93.33984375,100.283203125,-23.115234375,0.615234375,0.0,0.0,-39.55078125,48.33984375,0.0,0.0,9.9,-0.0,19.9,-13.6,-0.0,3.2
5.662077188491821,23.569956824897872,-6.79089720904692,-93.42941015969839,100.22039905939981,-23.569956854318715,-1.910605155108021e-5,21.986738802366308,-7.996003347181307,-97.34904320929597,102.61346499716957,-23.158407884349685,-1.85948863909019e-5,23.73046875,-7.3828125,-93.427734375,100.458984375,-23.115234375,0.615234375,0.0,0.0,-39.55078125,48.33984375,0.0,0.0,10.7,0.9,20.8,-14.1,-0.0,3.2
5.667079210281372,23.520585100699815,-6.8341442192357915,-93.61047852666414,100.44471422073114,-23.520585131198644,-1.901993730261089e-5,21.902938590494948,-8.0599606068645,-97.49214684254068,102.83162389110612,-23.097947238609702,-1.849617258813354e-5,23.642578125,-7.3828125,-93.69140625,100.72265625,-23.115234375,0.615234375,0.0,0.0,-39.55078125,48.33984375,0.0,0.0,10.7,1.7,19.2,-12.5,-0.0,3.2
5.672080039978027,23.46980769479738,-6.878313786863014,-93.79008746531694,100.66849250521554,-23.469807726372732,-1.893161197378374e-5,21.817814792494136,-8.124787980348556,-97.63356845655396,103.04909750299028,-23.036101523730242,-1.8395393140309057e-5,23.642578125,-7.3828125,-93.8671875,100.8984375,-23.115234375,0.615234375,0.0,0.0,-35.15625,48.33984375,0.0,0.0,10.7,1.7,19.2,-11.0,-0.0,3.2
5.677080154418945,23.417524167449216,-6.923470668777432,-93.96814580831398,100.89170750194663,-23.417524200099617,-1.8840938758995495e-5,21.73127109193524,-8.190427648936446,-97.77319794065976,103.26584754434637,-22.97277112875961,-1.8292423426162087e-5,23.5546875,-7.3828125,-94.04296875,101.162109375,-23.115234375,0.615234375,0.0,0.0,-35.15625,48.33984375,0.0,0.0,10.7,2.5,19.2,-9.4,-0.0,3.2
5.6820831298828125,23.363796597855597,-6.969579580211603,-94.14486903964439,101.11453941041898,-23.363796631580442,-1.8748029275537544e-5,21.64334202808258,-8.256977838367433,-97.91123986408566,103.48205908309964,-22.90800956945228,-1.818735957099594e-5,23.5546875,-7.3828125,-94.21875,101.25,-23.115234375,0.615234375,0.0,0.0,-35.15625,48.33984375,0.0,0.0,11.3,2.6,19.0,-12.0,-0.0,3.2
5.687084197998047,23.308580510198702,-7.016656780461767,-94.31997852480654,101.33672585526162,-23.308580544996232,-1.8652847512665327e-5,21.554023516415334,-8.324312710671796,-98.04743726253363,103.69746461308331,-22.84178488151923,-1.8080190938063974e-5,23.466796875,-7.3828125,-94.39453125,101.42578125,-23.115234375,0.615234375,-13.18359375,0.0,-35.15625,35.15625,0.0,0.0,10.5,3.4,19.0,-12.0,-0.0,3.2
5.692085027694702,23.251958010514986,-7.0646499407837675,-94.49362344306343,101.55836368735224,-23.25195804638389,-1.855553780140949e-5,21.463382936528948,-8.39250341616689,-98.18194309551447,103.91216847895477,-22.77417475144441,-1.7971050479299534e-5,23.37890625,-7.3828125,-94.5703125,101.6015625,-23.115234375,0.615234375,-13.18359375,0.0,-39.55078125,35.15625,0.0,0.0,10.5,3.4,18.2,-10.4,-0.0,3.2
5.69708514213562,23.19384064365093,-7.113613089062802,-94.6656770900932,101.77938022989906,-23.19384068058968,-1.845599169300457e-5,21.37134316514865,-8.461481609619089,-98.31461962136257,104.12608726991871,-22.70509385343435,-1.785984486911601e-5,23.37890625,-7.3828125,-94.74609375,101.77734375,-23.115234375,0.615234375,-13.18359375,0.0,-39.55078125,35.15625,0.0,0.0,11.3,3.4,18.2,-8.8,-0.0,3.2
5.702087163925171,23.134296385968952,-7.1635054624017185,-94.83631985856144,101.99991511296678,-23.134296423976657,-1.8354327756551023e-5,21.27795090325704,-8.531331651884733,-98.44564302276183,104.33936657633353,-22.63460362674847,-1.7746678848093528e-5,23.291015625,-7.3828125,-95.009765625,101.953125,-23.115234375,0.615234375,-13.18359375,0.0,-39.55078125,35.15625,0.0,0.0,10.4,4.1,17.6,-8.5,-0.8,3.2
5.707088232040405,23.073265601518067,-7.214356601119073,-95.00534231126846,102.21978843944696,-23.073265640593107,-1.8250490805509837e-5,21.183174365547853,-8.60195307457454,-98.57481192286534,104.55181912239105,-22.562652892056317,-1.7631518149373635e-5,23.203125,-7.3828125,-95.09765625,102.041015625,-23.115234375,0.615234375,-13.18359375,0.0,-39.55078125,30.76171875,0.0,0.0,10.4,4.1,17.6,-10.1,-1.8,3.2
5.7120890617370605,23.010838375799565,-7.266107356013035,-95.17286070917338,102.43905732148778,-23.010838415940558,-1.8144634965786166e-5,21.087095039529625,-8.673402113943546,-98.70225339009704,104.76351083502529,-22.489329307885097,-1.7514507006778638e-5,23.115234375,-7.470703125,-95.2734375,102.12890625,-23.115234375,0.615234375,-13.18359375,-4.39453125,-35.15625,30.76171875,0.0,0.0,10.4,4.1,16.8,-13.8,-2.6,3.2
5.717090129852295,22.946916466927007,-7.318819396157043,-95.33877881093358,102.65768718642742,-22.94691650813254,-1.803664307943749e-5,20.989620297001952,-8.745625853639488,-98.82785314158673,104.97439489829179,-22.414535886576722,-1.739554174430536e-5,23.02734375,-7.470703125,-95.537109375,102.3046875,-23.115234375,0.615234375,-13.18359375,-4.39453125,-35.15625,30.76171875,0.0,0.0,10.4,4.9,16.6,-19.4,-4.2,3.2
5.722091197967529,22.88160045443604,-7.372424874870533,-95.50318100625576,102.87569457772697,-22.881600496704724,-1.7926684944312532e-5,20.890848354190055,-8.818665896393442,-98.9517137878324,105.18449811286051,-22.338372806478237,-1.7274783997063583e-5,22.939453125,-7.470703125,-95.712890625,102.568359375,-23.115234375,0.615234375,-13.18359375,-4.39453125,-35.15625,30.76171875,0.0,0.0,10.4,4.9,16.6,-20.2,-5.0,3.2
5.727092027664185,22.814802305866756,-7.42697678872422,-95.66594659161453,103.09301178808578,-22.814802349197045,-1.7814664647377966e-5,20.790701950215,-8.8924599222286,-99.07370268720089,105.3937416113285,-22.26075494913698,-1.715215313888923e-5,22.8515625,-7.470703125,-95.80078125,102.744140625,-23.115234375,0.615234375,-13.18359375,-4.39453125,-30.76171875,30.76171875,0.0,0.0,10.4,5.7,17.4,-20.2,-5.8,3.2
5.7320921421051025,22.74662579543618,-7.4824049567767155,-95.8271538138781,103.30964688387763,-22.746625839826475,-1.7700754703170716e-5,20.68928379935536,-8.967044242520073,-99.19391824147662,105.60214426067895,-22.18178612501818,-1.7027813493318713e-5,22.763671875,-7.470703125,-95.9765625,103.095703125,-23.115234375,0.615234375,-13.18359375,0.0,-30.76171875,30.76171875,0.0,0.0,10.4,6.5,16.6,-19.4,-6.6,3.2
5.737093210220337,22.676957690342267,-7.538782542189939,-95.9867424414785,103.52561279624419,-22.676957735791213,-1.758482122074241e-5,20.58647914495579,-9.04238596038471,-99.31227295069185,105.80970464163774,-22.101352010749277,-1.6901642723655303e-5,22.763671875,-7.470703125,-96.15234375,103.359375,-23.115234375,0.615234375,-13.18359375,0.0,-30.76171875,30.76171875,0.0,0.0,11.3,7.6,16.8,-19.2,-7.4,3.2
5.742094039916992,22.60591077436401,-7.5960321903452215,-96.1447684566496,103.74088815328471,-22.605910820870058,-1.7467049225803406e-5,20.482404226693937,-9.118509476619977,-99.42884867715156,106.01641343297268,-22.01956690357312,-1.677381871691625e-5,22.67578125,-7.55859375,-96.240234375,103.53515625,-23.115234375,0.615234375,-13.18359375,0.0,-30.76171875,30.76171875,0.0,0.0,11.3,7.6,16.8,-18.4,-7.4,3.2
5.74709415435791,22.533402850052198,-7.654201674656213,-96.30110250830884,103.9553913770145,-22.533402897613577,-1.7347360522047086e-5,20.376989906514456,-9.195350376093282,-99.54350686376446,106.22217830711188,-21.93635224290842,-1.664427939934123e-5,22.587890625,-7.55859375,-96.50390625,103.974609375,-23.115234375,0.615234375,-17.578125,0.0,-30.76171875,57.12890625,0.0,0.0,12.1,9.2,16.0,-15.6,-8.1,3.2
5.7520952224731445,22.45950548478438,-7.713247045656475,-96.45589197500654,104.16922589682177,-22.459505533399735,-1.7225869081806417e-5,20.27029205402824,-9.272975200390643,-99.65639693548285,106.42710993507062,-21.85177489465297,-1.6513125425272703e-5,22.5,-7.646484375,-96.591796875,104.23828125,-23.115234375,0.615234375,-17.578125,-8.7890625,-30.76171875,57.12890625,0.0,0.0,12.1,9.2,16.8,-15.6,-8.9,3.2
5.7570960521698,22.384147563208664,-7.773206818058792,-96.60898399567446,104.3822773660857,-22.384147612876255,-1.710251926341135e-5,20.16225772820197,-9.35130959638384,-99.76736310018441,106.63108441881754,-21.76576903171506,-1.638031889100124e-5,22.412109375,-7.734375,-96.767578125,104.501953125,-23.115234375,0.615234375,-17.578125,-8.7890625,-30.76171875,57.12890625,0.0,0.0,12.1,8.9,16.7,-15.2,-9.8,3.2
5.762096166610718,22.30743200250579,-7.834012239357309,-96.76046079211687,104.59455925454184,-22.30743205322385,-1.6977473611542058e-5,20.052987935004516,-9.430385273199008,-99.87650750701067,106.83412640821163,-21.678437372904504,-1.6246012745428895e-5,22.32421875,-7.822265625,-96.943359375,104.765625,-23.02734375,0.615234375,-17.578125,-8.7890625,-30.76171875,57.12890625,4.39453125,0.0,12.9,8.9,15.9,-15.2,-9.8,3.2
5.767096996307373,22.229249333312627,-7.895732033223451,-96.91024915216383,104.80606707326385,-22.22924938507952,-1.685061785458841e-5,19.942374621616047,-9.510169841302085,-99.98373231647122,107.036217109646,-21.589670266306626,-1.6110105567680567e-5,22.236328125,-7.91015625,-97.03125,105.029296875,-22.939453125,0.615234375,-13.18359375,-8.7890625,-30.76171875,52.734375,4.39453125,0.0,12.9,8.9,16.7,-13.4,-9.7,3.2
5.772097110748291,22.149716736576924,-7.958286399589438,-97.05840366831208,105.01677561517698,-22.149716789390823,-1.672213468833096e-5,19.83053897094197,-9.590678450708737,-100.08912001408797,107.23734437623419,-21.499586637388045,-1.5972771820600672e-5,22.1484375,-7.91015625,-97.20703125,105.29296875,-22.763671875,0.615234375,-13.18359375,-13.18359375,-30.76171875,52.734375,4.39453125,0.0,12.9,8.9,16.7,-14.2,-8.1,3.2
5.777097225189209,22.068736531751764,-8.02173433998696,-97.20482841618403,105.22664795706069,-22.068736585610807,-1.659193333115013e-5,19.717389789195956,-9.671868390119704,-100.19255645485873,107.43745827313361,-21.408090264761178,-1.5833935085547848e-5,22.060546875,-7.998046875,-97.3828125,105.46875,-22.587890625,0.615234375,-13.18359375,-13.18359375,-30.76171875,52.734375,4.39453125,0.0,13.7,8.9,16.0,-14.4,-7.1,3.2
5.782098054885864,21.98639115385737,-8.086023610007405,-97.34964253804918,105.43575099712115,-21.98639120875994,-1.6460137255276167e-5,19.602999370719495,-9.753788045334803,-100.29417016559503,107.63663473362533,-21.315260722000986,-1.5693706384677985e-5,21.97265625,-8.0859375,-97.55859375,105.732421875,-22.412109375,0.615234375,-13.18359375,-13.18359375,-30.76171875,52.734375,26.3671875,0.0,13.7,8.9,16.0,-13.6,-6.3,3.2
5.787098169326782,21.902618498436592,-8.151184943225182,-97.49268622935034,105.6439556641556,-21.9026185543806,-1.6326717180491602e-5,19.487326322380312,-9.836360837753915,-100.39380193228138,107.8347358408596,-21.221042002367646,-1.555207464145372e-5,21.884765625,-8.173828125,-97.734375,105.908203125,-22.32421875,0.615234375,-17.578125,-13.18359375,-30.76171875,43.9453125,26.3671875,0.0,13.7,8.9,15.2,-12.8,-6.2,3.2
5.7920989990234375,21.817488388363774,-8.217176146911152,-97.63410006182409,105.85136033746078,-21.817488445347518,-1.6191773285883678e-5,19.37042547507589,-9.91964560062405,-100.49159533358132,108.03186764852404,-21.12549949248527,-1.5409126052480873e-5,21.796875,-8.26171875,-97.822265625,106.171875,-22.236328125,0.615234375,-17.578125,-17.578125,-30.76171875,43.9453125,26.3671875,0.0,13.7,9.7,15.2,-13.6,-7.0,3.2
5.7970991134643555,21.7309404933101,-8.284026322679818,-97.77372432938928,106.05783441235982,-21.730940551331393,-1.605528301672384e-5,19.25225754411722,-10.003566372918318,-100.58739177122212,108.22789080812197,-21.028579064079715,-1.5264856254950933e-5,21.708984375,-8.349609375,-97.91015625,106.259765625,-22.236328125,0.615234375,-17.578125,-17.578125,-30.76171875,43.9453125,26.3671875,0.0,13.7,8.9,15.2,-13.6,-8.1,3.2
5.8021111488342285,21.642844179694475,-8.351847383579166,-97.9120061691457,106.26393693843615,-21.64284423875383,-1.5917030071098247e-5,19.132606358222812,-10.088371206922428,-100.6815421189723,108.42334796502367,-20.930122480060565,-1.5119018089772712e-5,21.62109375,-8.4375,-98.173828125,106.5234375,-22.1484375,0.615234375,-17.578125,-17.578125,-30.76171875,43.9453125,17.578125,0.0,14.5,9.6,14.4,-13.6,-8.1,3.2
5.807112216949463,21.55351951070434,-8.420375551842376,-98.04819577375261,106.46865433199108,-21.55351957079737,-1.5777592042531856e-5,19.011948306257025,-10.17362231225329,-100.77348735764608,108.61726266001665,-20.830500426706465,-1.4972239554864614e-5,21.533203125,-8.525390625,-98.26171875,106.69921875,-22.060546875,0.615234375,-17.578125,-17.578125,-30.76171875,43.9453125,17.578125,0.0,14.5,8.8,15.2,-12.8,-8.0,3.2
5.81212306022644,21.462686313359747,-8.489837030775188,-98.18295673395902,106.67287638587918,-21.462686374486406,-1.563651811135443e-5,18.889867047270158,-10.259704343936354,-100.86372231193644,108.8104903238838,-20.729388473420205,-1.4824027388412983e-5,21.4453125,-8.61328125,-98.4375,106.962890625,-21.97265625,0.615234375,-17.578125,-13.18359375,-30.76171875,43.9453125,17.578125,0.0,15.3,8.8,14.4,-13.6,-8.0,3.2
5.817143201828003,21.370267045757075,-8.560272920156178,-98.31615069839091,106.87650584822738,-21.37026710791703,-1.549376886312766e-5,18.766301217194265,-10.346564645612373,-100.95210182523607,109.00292264486615,-20.62671364458393,-1.467435951190544e-5,21.357421875,-8.701171875,-98.525390625,107.05078125,-21.884765625,0.615234375,-17.578125,-13.18359375,-30.76171875,43.9453125,17.578125,0.0,14.5,8.8,14.2,-13.6,-8.1,3.2
5.822145223617554,21.27685585124384,-8.631241423853716,-98.4471494872376,107.07847274559839,-21.27685591443121,-1.5350246786690486e-5,18.6420085971025,-10.433754494263798,-101.03825698553482,109.19356128564309,-20.523124472643808,-1.4524163962470886e-5,21.181640625,-8.876953125,-98.701171875,107.314453125,-21.796875,0.615234375,-17.578125,-13.18359375,-30.76171875,43.9453125,17.578125,0.0,14.6,8.0,14.2,-12.0,-7.3,3.2
5.827149152755737,21.18201215885172,-8.70306217317171,-98.57637531578646,107.27951892276539,-21.182012223064547,-1.5205348259019819e-5,18.516436448355673,-10.521575149984631,-101.12242252642329,109.38309306686182,-20.41814278277451,-1.4372823949021911e-5,21.09375,-8.96484375,-98.876953125,107.490234375,-21.708984375,0.615234375,-21.97265625,-13.18359375,-26.3671875,35.15625,17.578125,0.0,14.6,8.0,13.4,-10.9,-7.9,3.2
5.832150220870972,21.085908494162826,-8.775614306245908,-98.70379670785293,107.47949204239794,-21.085908559398252,-1.505932335912771e-5,18.38978056072199,-10.609967603592462,-101.20462326590517,109.57138632499509,-20.3119492541453,-1.4220584254121299e-5,21.005859375,-9.052734375,-98.96484375,107.666015625,-21.62109375,0.615234375,-21.97265625,-21.97265625,-26.3671875,35.15625,17.578125,0.0,15.4,8.0,13.4,-12.5,-8.7,3.2
5.837151050567627,20.98842528761849,-8.848972379384922,-98.82937296094185,107.67842595785305,-20.988425353874007,-1.4912068135583437e-5,18.261917594169468,-10.698934331607003,-101.28478673906136,109.75845870706053,-20.20442239611294,-1.4067351833718834e-5,20.91796875,-9.052734375,-99.052734375,107.75390625,-21.533203125,0.615234375,-21.97265625,-21.97265625,-26.3671875,35.15625,17.578125,0.0,14.6,8.8,13.5,-13.3,-9.0,3.2
5.842152118682861,20.88963379112308,-8.923092270784084,-98.95320725378248,107.87637972634414,-20.88963385839636,-1.4763675454985967e-5,18.132909719863818,-10.788507116451928,-101.36302481445962,109.94437777841576,-20.095630946838373,-1.3913207431050996e-5,20.7421875,-9.228515625,-99.228515625,108.017578125,-21.357421875,0.615234375,-21.97265625,-21.97265625,-26.3671875,35.15625,17.578125,0.0,14.4,8.0,12.7,-12.4,-7.4,3.2
5.847152233123779,20.789488818548342,-8.997992022479039,-99.07516117087567,108.07323297426699,-20.789488886836587,-1.461415802038628e-5,18.00273164653139,-10.878622256513744,-101.43920223500632,110.12901593632245,-19.98553560955301,-1.375817934228921e-5,20.654296875,-9.31640625,-99.404296875,108.193359375,-21.26953125,0.615234375,-21.97265625,-21.97265625,-26.3671875,35.15625,17.578125,0.0,15.2,8.0,11.9,-11.6,-7.8,3.2
5.852455139160156,20.681853940631193,-9.07824750636203,-99.20255332336728,108.28088015891623,-20.68185400999311,-1.4454428888582925e-5,17.863433729374623,-10.974826401834132,-101.51785157239152,110.32351749968197,-19.867398622916532,-1.3592857554142279e-5,20.56640625,-9.404296875,-99.4921875,108.369140625,-21.181640625,0.615234375,-21.97265625,-17.578125,-26.3671875,35.15625,17.578125,0.0,15.2,8.0,11.9,-12.4,-8.6,3.2
5.857724189758301,20.57343092187878,-9.158834479061555,-99.32709825819302,108.48601161206214,-20.573430992304573,-1.4294563117731021e-5,17.72374973679046,-11.071030227525831,-101.5937660042958,110.51538868810177,-19.748594482362183,-1.3427697854624943e-5,20.478515625,-9.4921875,-99.580078125,108.45703125,-21.09375,0.615234375,-21.97265625,-17.578125,-26.3671875,35.15625,17.578125,0.0,15.2,7.9,11.8,-14.8,-9.0,3.2
5.862726211547852,20.46913197690685,-9.2361166050839,-99.44342323535295,108.6796182787705,-20.469132048339766,-1.414176554453443e-5,17.589964299735527,-11.162911838422618,-101.66374239384619,110.69622159626338,-19.634491954918026,-1.3270121312188573e-5,20.390625,-9.580078125,-99.66796875,108.720703125,-20.91796875,0.615234375,-21.97265625,-17.578125,-26.3671875,35.15625,26.3671875,0.0,15.2,7.9,11.8,-14.0,-8.2,3.2
5.867728233337402,20.36354491677832,-9.314126617222705,-99.55793813277386,108.87214274706376,-20.36354498921563,-1.3988033523599831e-5,17.455073581049227,-11.255337623319763,-101.7317390701301,110.87579706871007,-19.51915086014755,-1.3111844212949806e-5,20.302734375,-9.66796875,-99.84375,108.896484375,-20.830078125,0.615234375,-17.578125,-17.578125,-26.3671875,35.15625,26.3671875,0.0,16.0,7.9,11.8,-13.4,-8.7,3.2
5.872729063034058,20.2566541042897,-9.392864371517977,-99.67054071049226,109.06348263299338,-20.256654177728254,-1.3833412665765848e-5,17.31907899470756,-11.348255966946553,-101.79766161493717,111.05400933878279,-19.402560726064895,-1.2952922749618334e-5,20.126953125,-9.755859375,-99.931640625,109.072265625,-20.654296875,0.615234375,-17.578125,-21.97265625,-26.3671875,35.15625,26.3671875,0.0,16.0,7.9,11.8,-14.2,-7.9,3.2
5.877729177474976,20.148503953900203,-9.472302263256912,-99.78130223854218,109.25368160206088,-20.148504028336987,-1.367796319722469e-5,17.182018371695996,-11.441683992300572,-101.8615860056963,111.23090742984982,-19.28476411642442,-1.2793408679635395e-5,20.0390625,-9.84375,-100.107421875,109.3359375,-20.56640625,0.615234375,-17.578125,-21.97265625,-26.3671875,35.15625,26.3671875,0.0,16.2,8.0,11.1,-13.6,-8.0,3.2
5.882730007171631,20.03902257174002,-9.552481141194248,-99.89017780803664,109.4427355938757,-20.03902264717213,-1.3521652433449378e-5,17.043822003851098,-11.53561945309474,-101.92345088055653,111.40647696726418,-19.165689339139455,-1.2633277710962654e-5,19.951171875,-9.931640625,-100.1953125,109.51171875,-20.390625,0.615234375,-17.578125,-21.97265625,-26.3671875,35.15625,21.97265625,0.0,16.2,8.0,10.3,-13.6,-8.8,3.2
5.887730121612549,19.92829513780177,-9.633343635435168,-99.9971968586163,109.63061667853222,-19.928295214226047,-1.3364596931208478e-5,16.904579331681877,-11.63004323909626,-101.98330810741287,111.58070049387725,-19.045423351880196,-1.2472639324865997e-5,19.775390625,-10.01953125,-100.283203125,109.6875,-20.21484375,0.615234375,-26.3671875,-21.97265625,-17.578125,43.9453125,21.97265625,0.0,16.2,8.0,10.3,-13.6,-8.0,3.2
5.892731189727783,19.816244199331376,-9.714934180897927,-100.10231768776066,109.8173275881482,-19.816244276744804,-1.3206759330126502e-5,16.764214150560726,-11.724958477019925,-102.04109748689248,111.75356972170505,-18.923888579747832,-1.2311464468145424e-5,19.6875,-10.1953125,-100.37109375,109.86328125,-20.126953125,0.615234375,-26.3671875,-17.578125,-17.578125,43.9453125,21.97265625,0.0,16.2,7.2,10.3,-13.6,-7.9,3.2
5.8977320194244385,19.702950062306876,-9.797199313190486,-100.20557656131648,110.0028511245046,-19.70295014070625,-1.304824621842343e-5,16.62280934068881,-11.820349580550555,-102.09687542475965,111.92507743749223,-18.80116656102181,-1.214985215742622e-5,19.51171875,-10.283203125,-100.546875,110.126953125,-20.0390625,0.615234375,-26.3671875,-17.578125,-17.578125,43.9453125,21.97265625,0.0,16.0,7.2,9.5,-13.6,-8.7,3.2
5.902733087539673,19.58836197756513,-9.880163590542297,-100.30690518093414,110.18714354731338,-19.588362056947133,-1.2889060867933318e-5,16.480322537333564,-11.916197765673214,-102.15056665373763,112.09517216810539,-18.677208807222993,-1.1987814795044246e-5,19.423828125,-10.283203125,-100.634765625,110.302734375,-19.951171875,0.615234375,-26.3671875,-17.578125,-17.578125,43.9453125,26.3671875,0.0,16.0,8.0,9.5,-12.0,-8.9,3.2
5.907734155654907,19.472539323505124,-9.963789157098404,-100.40636167653174,110.370225130875,-19.472539403866442,-1.2729277211030331e-5,16.336809946387383,-12.0125046489531,-102.20224037050252,112.26388170155944,-18.552074023693255,-1.1825417774112577e-5,19.248046875,-10.37109375,-100.72265625,110.478515625,-19.775390625,0.615234375,-26.3671875,-17.578125,-26.3671875,35.15625,26.3671875,0.0,16.0,8.0,9.5,-11.7,-7.3,3.2
5.912736177444458,19.355420085321008,-10.04810822305862,-100.50388531725147,110.55206735431824,-19.355420166658313,-1.256888619454854e-5,16.192215729933196,-12.109261365147098,-102.25182454668777,112.43116837545533,-18.42570170405229,-1.1662661006583092e-5,19.16015625,-10.458984375,-100.810546875,110.654296875,-19.6875,0.615234375,-26.3671875,-13.18359375,-26.3671875,35.15625,26.3671875,0.0,16.0,8.0,8.7,-11.7,-8.1,3.2
5.917737007141113,19.237108812129133,-10.133050814439068,-100.5994990316856,110.73262317267304,-19.237108894438705,-1.240802023805229e-5,16.04665136284268,-12.206431797550778,-102.29937140471678,112.59699838744652,-18.298199146586544,-1.1499668937919173e-5,18.984375,-10.546875,-100.8984375,110.830078125,-19.599609375,0.615234375,-26.3671875,-13.18359375,-26.3671875,35.15625,26.3671875,0.0,16.0,8.8,8.6,-12.8,-8.7,3.2
5.922737121582031,19.117555665407522,-10.218640124135947,-100.69313274253545,110.9118457013746,-19.117555748685547,-1.2246689057557548e-5,15.900076024362168,-12.303998145326302,-102.34480451358935,112.76131724110591,-18.169518981389196,-1.1336460266100413e-5,18.984375,-10.634765625,-100.986328125,110.91796875,-19.51171875,0.615234375,-26.3671875,-13.18359375,-26.3671875,35.15625,21.97265625,0.0,16.8,8.0,8.6,-12.8,-8.7,3.2
5.927739143371582,18.996751897604117,-10.304887749154275,-100.78490103192438,111.08986111950438,-18.996751981847314,-1.2084868449589543e-5,15.75246169008466,-12.40201635791848,-102.3882217388612,112.92425035266764,-18.039646384143197,-1.1173000693627047e-5,18.80859375,-10.72265625,-101.07421875,111.181640625,-19.3359375,0.615234375,-21.97265625,-13.18359375,-17.578125,35.15625,21.97265625,0.0,16.8,8.0,7.8,-12.0,-8.0,3.2
5.932740211486816,18.87472744313891,-10.391759313702925,-100.87466960574362,111.26650075732942,-18.87472752834324,-1.1922678882530079e-5,15.603865763978519,-12.500404292228433,-102.4295148696894,113.08563138747998,-17.908619982541563,-1.1009420921799187e-5,18.720703125,-10.8984375,-101.162109375,111.357421875,-19.16015625,0.615234375,-21.97265625,-21.97265625,-17.578125,35.15625,21.97265625,0.0,17.6,8.0,7.8,-12.8,-8.0,3.2
5.937742233276367,18.751490317193284,-10.47925468746806,-100.96254039742826,111.44186641799128,-18.751490403355135,-1.1760115996392263e-5,15.454280594955254,-12.599203331875774,-102.46877584556337,113.24556357286716,-17.776442947399627,-1.0845706624106405e-5,18.544921875,-10.986328125,-101.25,111.533203125,-19.072265625,0.615234375,-21.97265625,-21.97265625,-17.578125,35.15625,21.97265625,0.0,16.8,8.0,7.8,-13.0,-8.0,3.2
5.9427430629730225,18.62705498547905,-10.567350436784093,-101.04839339915996,111.61581466010946,-18.627055072594153,-1.159728078250531e-5,15.303744361238142,-12.6983454506981,-102.50590429372954,113.40390391336823,-17.643137180075474,-1.068196843704428e-5,18.45703125,-11.07421875,-101.337890625,111.708984375,-18.896484375,0.615234375,-21.97265625,-21.97265625,-17.578125,35.15625,26.3671875,0.0,17.6,8.0,7.0,-12.2,-8.0,3.2
5.947745084762573,18.501416910230166,-10.656055545286344,-101.13233896397561,111.78846482032344,-18.501416998294772,-1.1434149925471797e-5,15.152234166112988,-12.797881029893336,-102.54099570523283,113.56077168476287,-17.50869239290107,-1.0518172891849517e-5,18.369140625,-11.07421875,-101.42578125,111.884765625,-18.80859375,0.615234375,-21.97265625,-21.97265625,-17.578125,35.15625,26.3671875,0.0,17.6,8.8,7.0,-10.9,-8.0,3.2
5.952746152877808,18.374591776794112,-10.745345493344306,-101.21425730045658,111.95967258769292,-18.374591865803822,-1.1270827825951169e-5,14.999789592895834,-12.89774240439488,-102.57395032754198,113.7160232111128,-17.373131776930276,-1.035443384392191e-5,18.193359375,-11.25,-101.513671875,112.060546875,-18.6328125,0.615234375,-21.97265625,-17.578125,-17.578125,35.15625,26.3671875,0.0,17.6,8.0,6.2,-10.9,-8.0,3.2
5.957748174667358,18.246586188759654,-10.835221610509866,-101.29425077875126,112.12954166192935,-18.246586278710506,-1.1107303194383602e-5,14.846401167489017,-12.997970018664533,-102.60486007886652,113.86976361490758,-17.23645697028854,-1.0190729837755067e-5,18.10546875,-11.337890625,-101.513671875,112.1484375,-18.544921875,0.615234375,-21.97265625,-17.578125,-17.578125,35.15625,26.3671875,0.0,17.7,8.0,7.2,-12.2,-8.0,3.2
5.962749004364014,18.117417394319354,-10.925658124035136,-101.37220037759991,112.29792724914029,-18.117417485206715,-1.0943683866807767e-5,14.69211014993463,-13.098496518244058,-102.6336264152676,114.02184898231494,-17.098692777457444,-1.002717785174895e-5,17.9296875,-11.42578125,-101.6015625,112.412109375,-18.369140625,0.615234375,-26.3671875,-17.578125,-17.578125,35.15625,26.3671875,0.0,17.7,8.0,6.4,-11.4,-8.0,3.2
5.967749118804932,17.987128804658056,-11.016630973999877,-101.44818740433486,112.46488659689672,-17.98712889647748,-1.0780001823244621e-5,14.536950714131606,-13.199332891159871,-102.66033406722438,114.17234272474495,-16.959880001756247,-9.863799513243512e-6,17.75390625,-11.6015625,-101.77734375,112.587890625,-18.193359375,0.615234375,-26.3671875,-17.578125,-13.18359375,35.15625,26.3671875,0.0,18.5,8.0,5.6,-10.4,-7.2,3.2
5.974388122558594,17.812336628735718,-11.138280141840491,-101.54595964565809,112.6843072976865,-17.81233672178566,-1.0562607331092979e-5,14.32953640651121,-13.333687869530285,-102.69251688752752,114.3696350482835,-16.77388307255366,-9.64718389934886e-6,17.666015625,-11.6015625,-101.77734375,112.67578125,-18.10546875,0.615234375,-26.3671875,-17.578125,-13.18359375,35.15625,26.3671875,0.0,18.5,8.0,5.6,-10.4,-7.1,3.2
5.979389190673828,17.67933765311926,-11.230543889613402,-101.61727328066502,112.8478841424022,-17.679337747090756,-1.0398856924184246e-5,14.172266861525971,-13.43523587613286,-102.71431031605968,114.5163457236174,-16.632529739639608,-9.484299496299739e-6,17.490234375,-11.689453125,-101.865234375,112.8515625,-17.9296875,0.615234375,-26.3671875,-17.578125,-13.18359375,35.15625,26.3671875,0.0,17.7,8.0,4.6,-9.6,-6.3,3.2
5.984391212463379,17.54519159441905,-11.323347522295258,-101.68660608442848,113.0100200369452,-17.545191689307593,-1.0235131022706625e-5,14.014107139818355,-13.537086550218497,-102.73402199517015,114.66144556140499,-16.490102094090314,-9.321676429989664e-6,17.40234375,-11.77734375,-101.865234375,112.939453125,-17.9296875,0.615234375,-26.3671875,-17.578125,-13.18359375,26.3671875,26.3671875,0.0,18.5,8.0,4.6,-8.8,-6.3,3.2
5.98939323425293,17.40991328284542,-11.416672412782782,-101.7539032956968,113.17064159304738,-17.40991337864617,-1.0071504891837715e-5,13.855084583444022,-13.639204391012196,-102.75160896539447,114.80486245716914,-16.34661895326699,-9.159393082620205e-6,17.138671875,-11.865234375,-101.953125,113.115234375,-17.841796875,0.615234375,-26.3671875,-17.578125,-13.18359375,26.3671875,26.3671875,0.0,16.9,8.0,3.8,-6.9,-5.5,3.2
5.994395017623901,17.273538136364706,-11.510494790588329,-101.81919109899488,113.32975122488693,-17.27353823307275,-9.908027452503826e-6,13.695234324166638,-13.741577900037619,-102.76710532193412,114.94660361940679,-16.20211587628687,-8.997493188130021e-6,17.05078125,-12.041015625,-101.953125,113.203125,-17.75390625,0.615234375,-26.3671875,-21.97265625,-13.18359375,26.3671875,26.3671875,0.0,16.9,7.2,3.8,-6.1,-4.6,3.2
5.999397039413452,17.136044013134274,-11.604821705377356,-101.8824360684257,113.48732255616876,-17.1360441107446,-9.744728272369788e-6,13.534539744046842,-13.844201225819013,-102.78047551550331,115.08663933983084,-16.056572318421043,-8.836009365511047e-6,16.962890625,-12.12890625,-102.041015625,113.291015625,-17.75390625,0.615234375,-26.3671875,-21.97265625,-13.18359375,26.3671875,26.3671875,0.0,16.6,6.3,2.9,-5.4,-4.6,3.2
6.0043981075286865,16.99749210142173,-11.69961179853863,-101.94365209370865,113.6433281182447,-16.997492199929127,-9.581685683230972e-6,13.373066106992528,-13.947042725799697,-102.79175075087478,115.2249502937592,-15.910051128311107,-8.675014403109462e-6,16.787109375,-12.216796875,-102.12890625,113.37890625,-17.75390625,0.615234375,-26.3671875,-21.97265625,-13.18359375,21.97265625,8.7890625,0.0,15.8,5.5,2.1,-4.6,-4.8,3.2
6.009399175643921,16.857848337708667,-11.794880371360923,-102.00281298530636,113.7977570227537,-16.857848437107897,-9.418914643589173e-6,13.210782567527685,-14.050106859368311,-102.80089819590985,115.36152081823825,-15.76251905766869,-8.514526176879491e-6,16.611328125,-12.216796875,-102.12890625,113.37890625,-17.75390625,0.615234375,-30.76171875,-21.97265625,-8.7890625,21.97265625,8.7890625,0.0,15.0,6.3,2.1,-4.6,-4.8,3.2
6.014400005340576,16.71714712489275,-11.890604503258784,-102.05994419799762,113.95061180402425,-16.717147225178525,-9.256460669162338e-6,13.04772315266235,-14.15338112613751,-102.80795099605135,115.4963582333786,-15.614010629002584,-8.354584995228872e-6,16.5234375,-12.3046875,-102.12890625,113.37890625,-17.75390625,0.615234375,-30.76171875,-17.578125,-8.7890625,21.97265625,8.7890625,0.0,14.2,5.5,2.1,-4.6,-4.8,3.2
6.019400119781494,16.575395189370962,-11.986771678412879,-102.115003247235,114.1018374617399,-16.575395290537728,-9.094386135923486e-6,12.883904256200575,-14.25684100514669,-102.81287452999436,115.62940805343379,-15.464535644897147,-8.195255269197008e-6,16.34765625,-12.48046875,-102.12890625,113.466796875,-17.75390625,0.615234375,-30.76171875,-17.578125,-8.7890625,21.97265625,8.7890625,0.0,13.3,3.7,2.3,-4.0,-4.8,3.2
6.024400234222412,16.43259986107352,-12.083377543798447,-102.16802659952145,114.25146610940455,-16.43259996311585,-8.932703852812461e-6,12.719328454283835,-14.360493320737046,-102.81570330840833,115.76070377409464,-15.314100035042042,-8.036545006391936e-6,16.171875,-12.48046875,-102.12890625,113.466796875,-17.75390625,0.615234375,-30.76171875,-17.578125,-8.7890625,0.0,0.0,0.0,11.7,3.7,2.3,-4.0,-4.8,3.2
6.029401063919067,16.288734230848725,-12.180432245686799,-102.21898419447707,114.39947783282521,-16.28873433376112,-8.7714385946562e-6,12.553973397937531,-14.464338759022493,-102.81640333661082,115.89022174195009,-15.162678181882406,-7.878481583494057e-6,16.083984375,-12.568359375,-102.216796875,113.466796875,-17.75390625,0.615234375,-30.76171875,-17.578125,-4.39453125,0.0,0.0,0.0,11.7,2.9,1.5,-4.0,-4.8,3.2
6.034402132034302,16.143838918665036,-12.277908927492803,-102.26789894639583,114.54586868986863,-16.143839022441917,-8.610640199848342e-6,12.387880175601223,-14.568359208034039,-102.8150074137526,116.01796372049148,-15.010311137041795,-7.721109397248123e-6,15.99609375,-12.65625,-102.216796875,113.466796875,-17.75390625,0.615234375,-30.76171875,-17.578125,-4.39453125,0.0,0.0,0.0,10.9,2.1,1.5,-4.0,-4.8,3.2
6.0394041538238525,15.99788743977782,-12.375817362756443,-102.31474058138869,114.6906181801026,-15.997887544413532,-8.450334399234847e-6,12.22102694409144,-14.672555870248289,-102.81148150124585,116.14390559096063,-14.856973743336539,-7.564456616630068e-6,15.908203125,-12.744140625,-102.216796875,113.466796875,-17.75390625,0.615234375,-30.76171875,-17.578125,-4.39453125,0.0,0.0,0.0,9.9,1.2,1.5,-4.0,-4.8,3.2
6.044405221939087,15.850962205629559,-12.474102892147268,-102.35951928386322,114.83368182892698,-15.850962311118117,-8.29061503250405e-6,12.053502364717918,-14.776880409413426,-102.80585998676298,116.2680140346518,-14.702750900903993,-7.408610472804998e-6,15.732421875,-12.744140625,-102.3046875,113.466796875,-17.75390625,0.615234375,-21.97265625,-17.578125,-4.39453125,0.0,0.0,0.0,8.3,1.2,0.7,-4.0,-4.8,3.2
6.049407005310059,15.703009942574795,-12.572793356583908,-102.40221477273275,114.97506719598302,-15.703010048910317,-8.131477775198314e-6,11.885253708567955,-14.88135438520329,-102.79810940968827,116.39028962199271,-14.547589235100286,-7.253569510123112e-6,15.64453125,-12.83203125,-102.3046875,113.466796875,-17.75390625,0.615234375,-21.97265625,-17.578125,-4.39453125,0.0,0.0,0.0,7.5,0.4,0.7,-4.0,-4.8,3.2
6.054410219192505,15.554035027319351,-12.671886245423083,-102.44285922532988,115.11480394797266,-15.554035134496058,-7.972931498632837e-6,11.716280915986909,-14.985983889845297,-102.78825959020767,116.51076314776431,-14.391491820001818,-7.099338145973091e-6,15.46875,-12.919921875,-102.3046875,113.466796875,-17.75390625,0.615234375,-21.97265625,-8.7890625,-4.39453125,0.0,0.0,0.0,5.9,-0.4,1.6,-4.0,-4.8,3.2
6.05941104888916,15.404148248557458,-12.771300322158417,-102.48138842417187,115.25274663136446,-15.404148356568754,-7.815146121154624e-6,11.54671717984213,-15.090676365054026,-102.77628863611466,116.62930345960305,-14.234577144288949,-6.946084196583442e-6,15.380859375,-12.919921875,-102.3046875,113.466796875,-17.75390625,0.615234375,-21.97265625,-8.7890625,-4.39453125,0.0,0.0,0.0,5.1,-0.2,1.6,-4.8,-6.4,3.2
6.064411163330078,15.253325982286901,-12.871052053565714,-102.51784372589916,115.38895306947484,-15.25332609112646,-7.65809816658235e-6,11.376530309217387,-15.195457426457036,-102.76222583336096,116.74596595530593,-14.076818831692632,-6.793780360774587e-6,15.29296875,-12.919921875,-102.3046875,113.466796875,-17.75390625,0.615234375,-21.97265625,-8.7890625,-4.39453125,0.0,0.0,0.0,4.3,-0.2,1.6,-8.0,-10.1,3.2
6.069413185119629,15.10148669408717,-12.971187782561703,-102.55221079152811,115.52345526593389,-15.101486803748923,-7.501754923406946e-6,11.205635826980517,-15.300369794534632,-102.74603431084648,116.86077211729103,-13.918134007481019,-6.642397496062539e-6,15.29296875,-12.919921875,-102.3046875,113.466796875,-17.75390625,0.615234375,-21.97265625,-8.7890625,0.0,0.0,0.0,0.0,5.1,0.6,2.4,-13.4,-16.5,3.2
6.07441520690918,14.948712852443059,-13.071653523127283,-102.58450162003041,115.65621123401327,-14.948712962920602,-7.3462047367376415e-6,11.03412186988481,-15.405364062691199,-102.7277499805756,116.97369129883191,-13.758607462980882,-6.492017033005947e-6,15.29296875,-13.0078125,-102.3046875,113.5546875,-17.578125,0.615234375,-21.97265625,-4.39453125,0.0,0.0,0.0,0.0,5.1,-0.2,2.4,-19.0,-23.1,3.2
6.079416036605835,14.795040145003647,-13.172418597011582,-102.61467777706702,115.78715186128034,-14.795040256290221,-7.191533840948349e-6,10.862035409929325,-15.510403362828956,-102.70735058580091,117.0846591619787,-13.598278687517723,-6.342724602710399e-6,15.205078125,-13.0078125,-102.3046875,113.642578125,-17.314453125,0.615234375,-21.97265625,-4.39453125,0.0,0.0,0.0,0.0,5.5,0.9,2.5,-23.8,-25.5,3.2
6.084417104721069,14.640449451669287,-13.273496176418835,-102.6427741681243,115.91632522534357,-14.640449563758345,-7.037724642582685e-6,10.689350176078332,-15.615508067257977,-102.68486109702219,117.1937219937094,-13.437126286342624,-6.194499001837125e-6,15.205078125,-13.095703125,-102.392578125,113.90625,-16.787109375,0.615234375,-4.39453125,-4.39453125,0.0,21.97265625,26.3671875,0.0,6.3,0.9,1.7,-23.0,-19.2,3.2
6.089417219161987,14.484977694892645,-13.374855031937054,-102.66875415443796,116.04366345818728,-14.484977807777272,-6.884863004559988e-6,10.516114104755445,-15.720641747681606,-102.66026118196817,117.30081694615748,-13.27519091437672,-6.04742516349894e-6,15.1171875,-13.095703125,-102.392578125,114.169921875,-16.34765625,0.615234375,-4.39453125,-4.39453125,-4.39453125,21.97265625,26.3671875,0.0,6.3,1.7,1.7,-19.2,-15.2,3.2
6.094419002532959,14.328567381820541,-13.476533192222837,-102.69265641636736,116.16924326859507,-14.328567495494237,-6.732894312757598e-6,10.342258579816413,-15.825849744590611,-102.63356740615359,117.40601396443576,-13.112411341769349,-5.901446451256443e-6,15.1171875,-13.095703125,-102.392578125,114.521484375,-15.8203125,0.615234375,-4.39453125,-8.7890625,-4.39453125,21.97265625,26.3671875,0.0,7.1,2.5,1.7,-16.0,-9.2,3.2
6.099420070648193,14.171293522120472,-13.578474802686715,-102.71443945871559,116.292967307089,-14.171293636576177,-6.581940628424269e-6,10.16787365208746,-15.931070990776838,-102.60476675719173,117.5092257583696,-12.948867800538022,-5.756682318507321e-6,15.029296875,-13.095703125,-102.48046875,114.78515625,-15.46875,0.615234375,-4.39453125,-8.7890625,-4.39453125,21.97265625,26.3671875,0.0,7.5,3.5,0.7,-12.9,-6.0,3.2
6.104420185089111,14.013187935297246,-13.680660046130267,-102.73412853174108,116.41484100684505,-14.01318805052786,-6.432032511765389e-6,9.992989845888731,-16.03629051587763,-102.57389119285365,117.61046267915283,-12.784591972193322,-5.613157881523498e-6,15.029296875,-13.18359375,-102.48046875,115.048828125,-15.1171875,0.615234375,-8.7890625,-8.7890625,-4.39453125,52.734375,96.6796875,0.0,9.1,4.3,0.7,-10.5,-3.2,3.2
6.109422206878662,13.854161447779365,-13.78313962175417,-102.75170574155422,116.53489717284029,-13.85416156377806,-6.283133647597744e-6,9.817514958469909,-16.14155803688,-102.54089835978169,117.70974625184519,-12.619493303356645,-5.470840475888254e-6,15.029296875,-13.18359375,-102.48046875,115.224609375,-14.94140625,0.615234375,-8.7890625,-4.39453125,-4.39453125,52.734375,96.6796875,0.0,9.9,5.1,0.7,-9.1,-1.6,3.2
6.114426136016846,13.694236581567012,-13.885899371360967,-102.76719352997486,116.6531440887774,-13.694236698326947,-6.135267794462606e-6,9.641469899157128,-16.246863509452456,-102.50581490541416,117.8070884754011,-12.453594028502732,-5.329749029749073e-6,14.94140625,-13.271484375,-102.48046875,115.400390625,-14.853515625,0.615234375,-8.7890625,-4.39453125,-4.39453125,52.734375,96.6796875,0.0,10.7,5.9,0.7,-7.5,-1.2,3.2
6.119429111480713,13.533507204319882,-13.98887232407153,-102.78055560854285,116.76947849569466,-13.5335073218336,-5.988568285697887e-6,9.464964035732471,-16.35213664525148,-102.46863801943712,117.90239879907857,-12.286993506007429,-5.190012714114087e-6,14.94140625,-13.271484375,-102.48046875,115.576171875,-14.853515625,0.615234375,-8.7890625,-4.39453125,-4.39453125,52.734375,96.6796875,0.0,12.4,6.8,0.7,-5.9,-1.2,3.2
6.124429225921631,13.372058226311374,-14.092005018372511,-102.79181270952357,116.88386766466442,-13.372058344571148,-5.843111482405503e-6,9.288086025990498,-16.457327221974168,-102.42941175808517,117.9956564281811,-12.11977840126073,-5.051700094757061e-6,14.94140625,-13.359375,-102.48046875,115.6640625,-14.853515625,0.615234375,-4.39453125,-4.39453125,-4.39453125,35.15625,21.97265625,0.0,14.0,7.6,0.7,-5.1,-1.6,3.2
6.1294310092926025,13.209747465814827,-14.195382132739919,-102.80095083090625,116.99638227161066,-13.209747584813432,-5.69881270573253e-6,9.110685447857659,-16.562520888111166,-102.38808099261033,118.08691395086602,-11.951803228973468,-4.914732257840223e-6,14.94140625,-13.447265625,-102.48046875,115.83984375,-14.853515625,0.615234375,-4.39453125,-13.18359375,0.0,35.15625,21.97265625,0.0,15.6,7.6,0.7,-3.7,-1.6,3.2
6.1344311237335205,13.046705461541437,-14.29892114024705,-102.80798668381482,117.10695650122739,-13.046705581271153,-5.555788790784996e-6,8.932901013517819,-16.667637322007938,-102.34470008493707,118.17612348381637,-11.78320193588354,-4.779216250927967e-6,14.94140625,-13.447265625,-102.48046875,115.83984375,-14.853515625,0.615234375,-4.39453125,-13.18359375,0.0,35.15625,21.97265625,0.0,17.2,8.4,0.7,-3.7,-1.6,3.2
6.139433145523071,12.882820121410608,-14.40268715570227,-102.81290124850891,117.21563644815834,-12.882820241864074,-5.413984433904556e-6,8.754615767644541,-16.772742449866165,-102.2992186363522,118.26331701626552,-11.613860365742088,-4.645101318817143e-6,14.853515625,-13.53515625,-102.48046875,115.83984375,-14.853515625,0.615234375,-4.39453125,-13.18359375,0.0,35.15625,21.97265625,0.0,18.4,8.3,0.8,-4.0,-1.6,3.2
6.144434213638306,12.718206848023861,-14.506607698510148,-102.81571357754522,117.32236868480155,-12.718206969193304,-5.273500379358788e-6,8.575951494439071,-16.87776601714598,-102.25168839730989,118.34845710759203,-11.44389668261724,-4.512478969507179e-6,14.765625,-13.53515625,-102.48046875,115.83984375,-14.853515625,0.615234375,-8.7890625,-13.18359375,0.0,8.7890625,0.0,0.0,18.4,9.1,0.8,-4.0,-1.6,3.2
6.149435043334961,12.552847755336215,-14.610688361748643,-102.81640212428822,117.42713725753819,-12.552847877213804,-5.134362189275266e-6,8.396893594682863,-16.982714209197376,-102.20208532578354,118.43152610922456,-11.273294039329745,-4.381374772123366e-6,14.677734375,-13.7109375,-102.48046875,115.83984375,-14.853515625,0.615234375,-8.7890625,-13.18359375,0.0,8.7890625,0.0,0.0,19.2,8.3,0.8,-4.0,-1.6,3.2
6.154435157775879,12.386780349448419,-14.71490636230161,-102.81498949694502,117.52994199159366,-12.386780472026254,-4.996600761167509e-6,8.21747877691327,-17.087566953138378,-102.15044055982517,118.51252965152459,-11.102090006835976,-4.2518139835249945e-6,14.58984375,-13.798828125,-102.48046875,115.83984375,-14.853515625,0.615234375,-8.7890625,-13.18359375,0.0,8.7890625,0.0,0.0,19.2,8.3,0.8,-4.0,-1.6,3.2
6.159436225891113,12.219955208456366,-14.819287089942858,-102.81145326612827,117.6307858471712,-12.219955331726625,-4.860215655512713e-6,8.037658416355747,-17.192350782685647,-102.0967196645123,118.59146491235225,-10.930235247301106,-4.123797612712683e-6,14.4140625,-13.88671875,-102.48046875,115.83984375,-14.853515625,0.615234375,-8.7890625,-13.18359375,0.0,8.7890625,0.0,0.0,17.7,7.1,0.8,-4.0,-1.6,3.2
6.1644370555877686,12.052433239930318,-14.923793218596618,-102.80581583194129,117.72965389852217,-12.052433363885022,-4.725256251384545e-6,7.857494484889857,-17.297030659378773,-102.04096064402336,118.66832586325853,-10.757791452921843,-3.997368310184768e-6,14.23828125,-13.974609375,-102.48046875,115.83984375,-14.853515625,0.615234375,-21.97265625,-13.18359375,0.0,0.0,0.0,0.0,17.7,7.1,0.8,-4.0,-1.6,3.2
6.1694371700286865,11.88423731815913,-15.028405171499307,-102.79805738322176,117.82650675781414,-11.884237442790083,-4.591779721018575e-6,7.67701599406862,-17.401588570039355,-101.98315323198904,118.74307688474069,-10.584783675775014,-3.8725809086622355e-6,14.150390625,-14.0625,-102.48046875,115.83984375,-14.853515625,0.615234375,-21.97265625,-17.578125,0.0,0.0,0.0,0.0,17.7,6.3,0.8,-4.0,-1.6,3.2
6.174439191818237,11.715300012876426,-15.13316573042664,-102.78819494922155,117.92140423580543,-11.715300138175785,-4.459731816708367e-6,7.496146999927851,-17.50606934246133,-101.92329174163216,118.81576984096596,-10.411141535152385,-3.7493809963774046e-6,14.0625,-14.0625,-102.48046875,115.83984375,-14.853515625,0.615234375,-21.97265625,-17.578125,0.0,0.0,0.0,0.0,16.9,6.3,0.8,-4.0,-1.6,3.2
6.179440021514893,11.545733222419965,-15.238000277133963,-102.77621421911564,118.01425740385963,-11.545733348379327,-4.329238475794633e-6,7.315011682298401,-17.610400533399744,-101.86139765452315,118.88633132314077,-10.236981546978825,-3.627887408877154e-6,13.88671875,-14.150390625,-102.48046875,115.83984375,-14.853515625,0.615234375,-21.97265625,-17.578125,0.0,0.0,0.0,0.0,15.8,5.3,0.8,-4.0,-1.6,3.2
6.1844401359558105,11.375541869390215,-15.342906983700026,-102.76213676025124,118.10508600140975,-11.37554199600125,-4.200300425543318e-6,7.133611398963189,-17.714582298512923,-101.79749113295895,118.95478264849963,-10.062307648489844,-3.508096926105904e-6,13.798828125,-14.326171875,-102.48046875,115.83984375,-14.853515625,0.615234375,-26.3671875,-17.578125,0.0,0.0,0.0,0.0,15.8,3.7,0.8,-4.0,-1.6,3.2
6.189442157745361,11.204644465289515,-15.447931053589569,-102.74593547305501,118.19390813203961,-11.204644592544092,-4.072893381330403e-6,6.9518634897934435,-17.81866192846485,-101.73152376559418,119.02113206636913,-9.887037653741146,-3.3899882753136297e-6,13.623046875,-14.4140625,-102.48046875,115.83984375,-14.853515625,0.615234375,-26.3671875,-17.578125,0.0,0.0,0.0,0.0,14.2,2.9,0.8,-4.0,-1.6,3.2
6.194446086883545,11.03306067957655,-15.553061147309862,-102.72762903585911,118.2807311346528,-11.033060807466537,-3.947032117314643e-6,6.76978573627982,-17.922629518419484,-101.66351761625995,119.08539043815259,-9.711190860148552,-3.273571713255924e-6,13.53515625,-14.4140625,-102.48046875,115.83984375,-14.853515625,0.615234375,-26.3671875,-17.578125,0.0,0.0,0.0,0.0,14.2,2.9,0.8,-4.8,-3.3,3.2
6.199446201324463,10.860995896769118,-15.658167047298445,-102.70722229130095,118.36542963510863,-10.860996025285527,-3.822900830250829e-6,6.587599541957873,-18.026359286266853,-101.59353906634442,119.14746030523541,-9.53497897471027,-3.1590185171619996e-6,13.359375,-14.501953125,-102.48046875,115.83984375,-14.853515625,0.615234375,-26.3671875,-17.578125,0.0,0.0,0.0,0.0,12.4,2.0,0.8,-8.2,-6.5,3.2
6.204447031021118,10.688314664224963,-15.763332880343512,-102.68471872352448,118.44809124381108,-10.688314793359387,-3.7003979077178413e-6,6.405157713184682,-18.129935828684097,-101.5215498118281,119.20741240923051,-9.358262203004607,-3.0462310327530534e-6,13.271484375,-14.58984375,-102.48046875,115.83984375,-14.853515625,0.615234375,-26.3671875,-17.578125,0.0,0.0,0.0,0.0,12.4,2.0,0.0,-13.0,-13.7,3.2
6.209463119506836,10.514521655594661,-15.868854619660318,-102.66002739440049,118.52892099396699,-10.514521785340325,-3.579214459481348e-6,6.221942115827646,-18.233652815651098,-101.44732015718937,119.26538759091828,-9.180535419269138,-2.9349270150260966e-6,13.0078125,-14.677734375,-102.48046875,116.015625,-14.765625,0.615234375,-26.3671875,-8.7890625,0.0,0.0,0.0,0.0,10.8,2.0,0.0,-21.0,-21.7,3.2
6.214463233947754,10.340718113722957,-15.974064521760639,-102.63331985648477,118.60742269881474,-10.340718244069283,-3.4601178948882437e-6,6.039110699677441,-18.336855349076277,-101.3713333038472,119.3210354349388,-9.002923962727323,-2.8258079051718582e-6,12.83203125,-14.677734375,-102.48046875,116.103515625,-14.501953125,0.615234375,-26.3671875,-8.7890625,0.0,0.0,0.0,0.0,10.0,2.0,0.0,-23.4,-26.5,3.2
6.219465017318726,10.16630437246967,-16.079323619404946,-102.60450013987553,118.6838614189331,-10.166304503408133,-3.342715718003177e-6,5.856033313200923,-18.43990166625111,-101.29332343390435,119.37454311301425,-8.82481536588036,-2.7185132429516956e-6,12.65625,-14.765625,-102.48046875,116.3671875,-14.0625,0.615234375,-26.3671875,-8.7890625,0.0,0.0,39.55078125,0.0,10.0,2.4,-0.1,-26.0,-32.1,3.2
6.2244651317596436,9.991414871830834,-16.184551329129803,-102.57360200641497,118.75819033319944,-9.991415003352511,-3.2271004348784474e-6,5.672848671343406,-18.542714303121066,-101.21336036709619,119.42588243727485,-8.646346276894624,-2.613124592271157e-6,12.568359375,-14.765625,-102.48046875,116.630859375,-13.53515625,0.615234375,-30.76171875,-8.7890625,0.0,30.76171875,39.55078125,0.0,10.0,3.2,-0.1,-24.0,-33.0,3.2
6.229467153549194,9.815936295245136,-16.289812862729597,-102.54059414693825,118.8304433438113,-9.815936427341418,-3.113222536739577e-6,5.489440109649598,-18.64536034019008,-101.13138207610203,119.47507340896459,-8.467401834832616,-2.5095969639953117e-6,12.48046875,-14.853515625,-102.48046875,116.89453125,-12.744140625,0.615234375,-30.76171875,-13.18359375,0.0,30.76171875,39.55078125,0.0,10.0,3.2,-0.1,-21.6,-31.4,3.2
6.234469175338745,9.639953083379453,-16.395058018957116,-102.50550204915527,118.90059573753977,-9.639953216041505,-3.0011397902215183e-6,5.305893762541322,-18.74779207647263,-101.0474359358109,119.5221033769645,-8.2880675983778,-2.407980077815763e-6,12.392578125,-14.853515625,-102.48046875,117.24609375,-11.865234375,0.615234375,-30.76171875,-13.18359375,0.0,30.76171875,39.55078125,0.0,10.0,4.0,-0.1,-16.8,-25.3,3.2
6.2394700050354,9.463519681857733,-16.500251749893785,-102.46832712884725,118.96861388244879,-9.463519815076504,-2.890909483854576e-6,5.122267977096649,-18.849978995871528,-100.9615392308908,119.56694687302539,-8.108399678570846,-2.308325778283566e-6,12.3046875,-14.94140625,-102.48046875,117.59765625,-11.07421875,0.615234375,-30.76171875,-13.18359375,0.0,30.76171875,39.55078125,0.0,11.3,5.1,0.0,-12.6,-18.1,3.2
6.244471073150635,9.286603288590051,-16.605414379452117,-102.42907272507094,119.03452144137206,-9.286603422356645,-2.7825122916153295e-6,4.938526265676325,-18.951942260584303,-100.8736844094045,119.60962421237477,-7.928364049560738,-2.21061362808255e-6,12.216796875,-14.94140625,-102.48046875,117.861328125,-10.283203125,0.615234375,-17.578125,-13.18359375,0.0,61.5234375,158.203125,0.0,11.3,5.9,-1.6,-10.2,-9.3,3.2
6.249472141265869,9.109225073225451,-16.710531028311358,-102.38773408686714,119.09829878410436,-9.109225207530862,-2.675982982979065e-6,4.7546920733647955,-19.053671074014158,-100.78387321063646,119.65011957004027,-7.747982852046958,-2.1148748420929478e-6,12.12890625,-15.029296875,-102.48046875,118.125,-9.66796875,0.615234375,-17.578125,-8.7890625,0.0,61.5234375,158.203125,0.0,12.1,6.7,-2.4,-8.2,-3.7,3.2
6.2544732093811035,8.931402358065924,-16.81559220026953,-102.34432419578175,119.15994939604286,-8.93140249290115,-2.5713334473830674e-6,4.570781160832567,-19.15515759727492,-100.69212161276013,119.68843966614904,-7.567273128812824,-2.0211172597384527e-6,12.041015625,-15.029296875,-102.48046875,118.30078125,-9.228515625,0.615234375,-17.578125,-8.7890625,0.0,61.5234375,158.203125,0.0,12.9,8.3,-4.0,-7.6,-1.9,3.2
6.259475231170654,8.753114267188447,-16.92060818075307,-102.29882881244407,119.2194693231589,-8.753114402544508,-2.468571998472744e-6,4.386773231096577,-19.256415453870382,-100.5984102541812,119.72457884379565,-7.3862142115406275,-1.929348164142734e-6,11.953125,-15.1171875,-102.48046875,118.388671875,-8.96484375,0.615234375,-17.578125,-8.7890625,0.0,61.5234375,158.203125,0.0,13.9,8.4,-5.3,-8.4,-1.9,3.2
6.26447606086731,8.574454409793928,-17.02552469648481,-102.25128003766243,119.27683639332324,-8.574454545661622,-2.3677538140750606e-6,4.202762748290155,-19.357393711022794,-100.50279483436286,119.7585281636283,-7.2049006047810185,-1.8396140015865201e-6,11.865234375,-15.205078125,-102.48046875,118.564453125,-8.7890625,0.615234375,-21.97265625,-8.7890625,0.0,39.55078125,96.6796875,0.0,14.7,9.2,-6.9,-7.6,-7.5,3.2
6.2694761753082275,8.395419518531916,-17.13034223085401,-102.20167037976408,119.33204359823266,-8.39541965490203,-2.2688940015472406e-6,4.018747044623651,-19.458096724268877,-100.4052671304947,119.79028121698614,-7.023329348246003,-1.7519276426035339e-6,11.77734375,-15.205078125,-102.48046875,118.740234375,-8.701171875,0.615234375,-21.97265625,-8.7890625,0.0,39.55078125,96.6796875,0.0,15.5,10.8,-7.7,-6.4,-8.3,3.2
6.274478197097778,8.215932454689021,-17.235106772096707,-102.14998512353495,119.38512221060759,-8.215932591552612,-2.1719518371343824e-6,3.83464489143672,-19.558570023551308,-100.30579018862649,119.8198601265668,-6.841421715745856,-1.6662503072888269e-6,11.6015625,-15.380859375,-102.48046875,118.916015625,-8.61328125,0.615234375,-21.97265625,-8.7890625,0.0,39.55078125,96.6796875,0.0,17.2,11.6,-9.4,-4.5,-8.3,3.2
6.279480218887329,8.036075286787673,-17.339768930919217,-102.09623968805451,119.43603826053382,-8.036075424135532,-2.07698946281224e-6,3.650541368229246,-19.658769971694785,-100.20440154604862,119.84724270852551,-6.6592613045850335,-1.5826365713549452e-6,11.6015625,-15.46875,-102.48046875,118.916015625,-8.4375,0.615234375,-21.97265625,-8.7890625,0.0,39.55078125,26.3671875,0.0,18.8,12.4,-10.2,-5.3,-7.5,3.2
6.284482002258301,7.855873303964811,-17.44431501317435,-102.04044816965121,119.48479215027461,-7.855873441787724,-1.9840212040626176e-6,3.466460342953582,-19.75868498419546,-100.10112034538659,119.8724336170956,-6.476873207793215,-1.501096317351223e-6,11.513671875,-15.556640625,-102.48046875,119.00390625,-8.26171875,0.615234375,-17.578125,-8.7890625,0.0,21.97265625,26.3671875,0.0,20.4,14.0,-11.8,-5.6,-10.5,3.2
6.289482116699219,7.6753924353936895,-17.5487060307155,-101.98262606301017,119.53136038660585,-7.675392573682261,-1.8930942970678769e-6,3.2824693224920263,-19.85828165491609,-99.9959792218775,119.8954189929743,-6.294324336433194,-1.4216700811922963e-6,11.513671875,-15.64453125,-102.48046875,119.00390625,-8.173828125,0.615234375,-17.578125,-21.97265625,0.0,21.97265625,26.3671875,0.0,21.2,14.0,-12.6,-5.6,-12.1,3.2
6.2944841384887695,7.494520040697295,-17.653008170968068,-101.92274258368448,119.5757783720723,-7.494520179442463,-1.8041533269463892e-6,3.098451600434858,-19.957624752798093,-99.88891628725835,119.91622045622356,-6.111500284082079,-1.3443068073735532e-6,11.42578125,-15.732421875,-102.48046875,119.091796875,-7.91015625,0.615234375,-17.578125,-21.97265625,0.0,21.97265625,26.3671875,0.0,23.6,15.6,-13.3,-4.8,-10.8,3.2
6.299485206604004,7.313373925237311,-17.757152822584743,-101.8608308830334,119.61801064711642,-7.313374064429713,-1.7172695519356163e-6,2.9145272660630557,-20.056652595816782,-99.77999522131788,119.93481894313545,-5.928520333898998,-1.2690677530971124e-6,11.337890625,-15.8203125,-102.392578125,119.091796875,-7.734375,0.615234375,-17.578125,-21.97265625,0.0,21.97265625,26.3671875,0.0,24.8,16.5,-13.3,-4.8,-9.2,3.2
6.304486036300659,7.131944584000687,-17.861146705791732,-101.79689304736198,119.65806601822075,-7.131944723631033,-1.632438714374784e-6,2.73068469259057,-20.155373380877375,-99.66921399384529,119.95122293574427,-5.74537437461152,-1.1959464470000787e-6,11.25,-15.99609375,-102.392578125,119.091796875,-7.470703125,0.615234375,-13.18359375,-21.97265625,0.0,8.7890625,39.55078125,0.0,26.4,16.5,-14.9,-4.8,-5.8,3.2
6.309486150741577,6.95026404453716,-17.964971289839696,-101.73093629462433,119.69593317269891,-6.95026418459609,-1.549686146724028e-6,2.546956125338582,-20.25377321667872,-99.55658758690443,119.96542628177683,-5.562094798559174,-1.1249636582879187e-6,11.162109375,-16.171875,-102.392578125,119.1796875,-7.20703125,0.615234375,-13.18359375,-26.3671875,4.39453125,8.7890625,39.55078125,0.0,28.0,16.5,-15.7,-4.0,-3.4,3.2
6.3144872188568115,6.768287805759975,-18.068653252999006,-101.66294843659601,119.73162660041795,-6.768287946238281,-1.468992430474575e-6,2.36329475440084,-20.351879192527097,-99.44209082671559,119.97743858145238,-5.3786362555603535,-1.0561000992252707e-6,10.8984375,-16.34765625,-102.3046875,119.1796875,-7.119140625,0.615234375,-13.18359375,-26.3671875,4.39453125,8.7890625,39.55078125,0.0,28.8,16.5,-15.7,-4.0,-2.8,3.2
6.319488048553467,6.5860739691858,-18.17215943835891,-101.59294652000689,119.76513019140236,-6.586074110074145,-1.3903934295028098e-6,2.1797590238275686,-20.449663540348286,-99.32575509502516,119.98725226212684,-5.1950573851184885,-9.893853630826077e-7,10.72265625,-16.5234375,-102.216796875,119.1796875,-7.03125,0.615234375,-13.18359375,-26.3671875,4.39453125,8.7890625,30.76171875,0.0,30.3,17.0,-15.5,-4.0,-2.0,3.2
6.324488162994385,6.403656017362017,-18.275472321605903,-101.5209475924151,119.79644346900767,-6.403656158651046,-1.3139032000747009e-6,1.9963807193969503,-20.547111630347285,-99.20760429892906,119.99487207901034,-5.01139141745159,-9.248285971811021e-7,10.546875,-16.611328125,-102.216796875,119.1796875,-7.03125,0.615234375,-30.76171875,-26.3671875,4.39453125,0.0,30.76171875,0.0,30.3,17.0,-15.5,-4.8,-3.1,3.2
6.329489231109619,6.22098793597145,-18.37861823308446,-101.44692949802285,119.82557060759811,-6.220988077651916,-1.2395108557428327e-6,1.813113164337563,-20.644251888271356,-99.08760396348735,120.00029717994782,-4.8275920132685375,-8.624194243859134e-7,10.283203125,-16.875,-102.12890625,119.1796875,-7.03125,0.615234375,-30.76171875,-30.76171875,8.7890625,0.0,30.76171875,0.0,31.9,17.0,-16.3,-4.8,-7.9,3.2
6.334492206573486,6.038050637325742,-18.481609222947043,-101.37088597678164,119.85251739719344,-6.038050779388488,-1.1672103483126192e-6,1.6299356897608752,-20.741097502476922,-98.96574162437531,120.00353176318994,-4.643639598442982,-8.021504027100825e-7,10.01953125,-17.05078125,-102.041015625,119.1796875,-6.943359375,0.615234375,-30.76171875,-30.76171875,8.7890625,0.0,30.76171875,0.0,32.4,16.8,-16.0,-4.8,-13.5,3.2
6.339493036270142,5.855007353322515,-18.584354044796846,-101.29288192084408,119.8772574841432,-5.85500749575806,-1.0970724843225088e-6,1.4470110311861535,-20.837566126778512,-98.84212217442585,120.00457154776913,-4.4596982034957655,-7.44079095782899e-7,9.931640625,-17.138671875,-102.041015625,119.1796875,-6.943359375,0.615234375,-30.76171875,-30.76171875,8.7890625,0.0,30.76171875,0.0,33.2,16.8,-16.0,-4.8,-16.7,3.2
6.34449315071106,5.671821628514236,-18.686875005517997,-101.21290553125911,119.89980137623114,-5.6718217713132315,-1.0290814573419866e-6,1.2643007262089963,-20.93368103224748,-98.71672298577897,120.00342314625655,-4.2757306551967975,-6.881894704432417e-7,9.66796875,-17.314453125,-101.953125,119.1796875,-6.767578125,0.615234375,-48.33984375,-30.76171875,8.7890625,0.0,8.7890625,0.0,33.2,16.8,-16.8,-4.8,-17.8,3.2
6.34949517250061,5.4884124137611305,-18.78921831613608,-101.13091838751167,119.92015686365485,-5.488412556914417,-9.632126295128267e-7,1.0817231471396842,-21.029488757075953,-98.58948458950432,120.00008475594935,-4.091655423282732,-6.344597332303227e-7,9.31640625,-17.578125,-101.865234375,119.1796875,-6.328125,0.615234375,-48.33984375,-35.15625,13.18359375,0.0,8.7890625,0.0,33.2,16.0,-16.8,-4.8,-13.8,3.2
6.354496002197266,5.304908951849065,-18.891313482422717,-101.04697930383071,119.93831226687988,-5.304909095347279,-8.99512723161186e-7,0.8994053376573308,-21.12492562684811,-98.46049619306854,119.99456222359298,-3.9076018145930536,-5.829254962105338e-7,9.140625,-17.75390625,-101.865234375,119.1796875,-5.9765625,0.615234375,-48.33984375,-35.15625,13.18359375,0.0,8.7890625,0.0,34.8,16.0,-17.6,-4.8,-8.9,3.2
6.359496116638184,5.121308942885505,-18.99316322122204,-100.96108657939854,119.95426860191091,-5.121309086719323,-8.379827139065363e-7,0.717343692990047,-21.21999736132244,-98.32975422257661,119.98685709351176,-3.7235672098661086,-5.335853784628936e-7,8.876953125,-17.9296875,-101.689453125,119.1796875,-5.537109375,0.615234375,-48.33984375,-35.15625,13.18359375,0.0,65.91796875,0.0,34.6,15.9,-17.9,-4.8,-4.9,3.2
6.364496231079102,4.937601656229873,-19.09477535490719,-100.87323648931047,119.9680299661626,-4.937601800390052,-7.786180673699144e-7,0.5355258293979266,-21.31471376775947,-98.19725073790762,119.97697287169805,-3.5395404015419336,-4.864330397194736e-7,8.525390625,-18.10546875,-101.689453125,119.1796875,-5.361328125,0.615234375,-52.734375,-35.15625,13.18359375,0.0,65.91796875,0.0,33.8,15.1,-18.7,-4.8,-3.2,3.2
6.369498014450073,4.753740827090791,-19.196176840662073,-100.78340449402201,119.97959877709006,-4.753740971568202,-7.214067254703946e-7,0.3539048786696783,-21.40910292635264,-98.06294877949507,119.96490684011602,-3.3554748078136187,-4.4145703814479545e-7,8.26171875,-18.28125,-101.6015625,119.1796875,-5.185546875,0.615234375,-52.734375,-39.55078125,13.18359375,0.0,65.91796875,0.0,33.0,14.3,-18.7,-4.8,-1.6,3.2
6.374499082565308,4.5698294846933365,-19.297312716693646,-100.69164084764697,119.98897032738085,-4.569829629478719,-6.663804894407301e-7,0.17258104293881554,-21.50311621294187,-97.92692201694864,119.95066831293056,-3.1714731738588924,-3.9867981909784623e-7,7.998046875,-18.45703125,-101.513671875,119.1796875,-5.09765625,0.615234375,-52.734375,-39.55078125,13.18359375,0.0,65.91796875,0.0,33.0,14.3,-18.5,-4.8,-1.3,3.2
6.379500150680542,4.385856417867418,-19.398191021474663,-100.59793950249289,119.99614660776008,-4.385856562951583,-6.135357016270132e-7,-0.008458250042354776,-21.59676395146815,-97.78916023286112,119.93425859428874,-2.9875238979700742,-3.58096064492649e-7,7.646484375,-18.6328125,-101.42578125,119.1796875,-5.09765625,0.615234375,-52.734375,-39.55078125,13.18359375,0.0,65.91796875,0.0,31.9,12.5,-18.5,-4.8,-2.1,3.2
6.384819030761719,4.190141347618218,-19.505189091091584,-100.496157319134,120.00136177178277,-4.190141493010055,-5.597398008799471e-7,-0.2006737350843596,-21.695961378639034,-97.64074329101734,119.91441847495298,-2.7919593388254342,-3.1734967561571397e-7,7.20703125,-18.896484375,-101.25,119.1796875,-5.09765625,0.615234375,-57.12890625,-39.55078125,17.578125,0.0,21.97265625,0.0,31.1,12.5,-18.5,-4.8,-9.0,3.2
6.390283107757568,3.9890482687413424,-19.614793234426077,-100.38935952161042,120.00416737588077,-3.98904841443862,-5.070217182174184e-7,-0.3977732107327605,-21.797421065075163,-97.48627855267219,119.89151928314237,-2.591152626173272,-2.7804302860308713e-7,7.03125,-18.984375,-101.25,119.1796875,-5.09765625,0.615234375,-57.12890625,-35.15625,17.578125,0.0,21.97265625,0.0,31.1,11.7,-18.5,-4.0,-12.2,3.2
6.395284175872803,3.8049798573174267,-19.7148153552629,-100.28957509199253,120.00440438850157,-3.80498000328458,-4.6110082824816817e-7,-0.5778243794758563,-21.889898400700318,-97.34308873032164,119.86826408754374,-2.4074662265020135,-2.4439852806772727e-7,6.6796875,-19.16015625,-101.162109375,119.1796875,-5.009765625,0.615234375,-57.12890625,-35.15625,17.578125,0.0,21.97265625,0.0,30.3,11.7,-19.3,-4.0,-17.3,3.2
6.4002861976623535,3.620877489690686,-19.81457839631922,-100.18789759534253,120.00248925446668,-3.620877635918853,-4.1732609134603085e-7,-0.7575762089323066,-21.982009059709142,-97.19820505480362,119.84288674080433,-2.22385627068936,-2.1290037893651367e-7,6.240234375,-19.3359375,-100.986328125,119.1796875,-4.74609375,0.615234375,-57.12890625,-35.15625,17.578125,0.0,17.578125,0.0,29.2,11.8,-18.5,-4.0,-16.5,3.2
6.405288219451904,3.4367914427430426,-19.91404775463625,-100.08428830236424,119.99834864170182,-3.436791589223033,-3.75782733907264e-7,-0.9369696366703175,-22.073745785012896,-97.05160622617635,119.8153221901145,-2.040376320481448,-1.8362801497099432e-7,6.064453125,-19.51171875,-100.8984375,119.1796875,-4.39453125,0.615234375,-65.91796875,-35.15625,21.97265625,0.0,17.578125,0.0,29.2,11.0,-19.3,-4.0,-13.6,3.2
6.410290002822876,3.2527447145274087,-20.013223005896116,-99.97882472475644,119.99205963764922,-3.252744861250366,-3.3639831890867366e-7,-1.1159954622626418,-22.165088806936446,-96.90336633234303,119.78564986488954,-1.8570450174131015,-1.5650531388012076e-7,5.712890625,-19.599609375,-100.8984375,119.1796875,-4.130859375,0.615234375,-65.91796875,-30.76171875,21.97265625,0.0,17.578125,0.0,28.4,11.8,-20.1,-4.0,-13.6,3.2
6.415373086929321,3.065754175586309,-20.113698418237647,-99.8696876711525,119.98339730809641,-3.0657543225468644,-2.986561319417178e-7,-1.2975381091720348,-22.257527588182082,-96.75098294873165,119.75326853173007,-1.6708966967101164,-1.3121152271815647e-7,5.44921875,-19.775390625,-100.810546875,119.1796875,-3.603515625,0.615234375,-65.91796875,-30.76171875,21.97265625,0.0,17.578125,0.0,28.7,11.0,-21.0,-4.0,-10.3,3.2
6.420373201370239,2.8818764764172067,-20.2122300617511,-99.76046568598414,119.97270628983773,-2.8818766236026083,-2.637128925039018e-7,-1.4757286572060377,-22.348062851358783,-96.59943778749765,119.71929064375448,-1.487957083916991,-1.0849811657605166e-7,5.185546875,-19.951171875,-100.72265625,119.1796875,-3.427734375,0.615234375,-65.91796875,-30.76171875,21.97265625,0.0,65.91796875,0.0,28.7,10.3,-21.0,-4.0,-8.7,3.2
6.4253740310668945,2.6980488089603876,-20.310462522672324,-99.64934317607397,119.9598155646467,-2.6980489563617134,-2.3097746555177482e-7,-1.6535377679194363,-22.438225677307486,-96.44620806492001,119.68315778838658,-1.3051782389534672,-8.797543258258775e-8,4.921875,-20.0390625,-100.546875,119.1796875,-3.076171875,0.615234375,-52.734375,-30.76171875,17.578125,0.0,65.91796875,0.0,28.7,11.1,-21.0,-4.0,-4.8,3.2
6.4303741455078125,2.5143368468172156,-20.40836898435612,-99.53639792873724,119.94477610341627,-2.514336994425706,-2.004129255888491e-7,-1.830910442311193,-22.527980446016098,-96.29138073767939,119.64492901649892,-1.1226227190593732,-6.960023353693287e-8,4.658203125,-20.21484375,-100.458984375,119.1796875,-2.8125,0.615234375,-52.734375,-30.76171875,17.578125,0.0,65.91796875,0.0,27.9,10.3,-21.0,-4.0,-2.4,3.2
6.435376167297363,2.330660711362219,-20.50598946983383,-99.42154104763694,119.92753903253677,-2.330660859169092,-1.720454918813006e-7,-2.007918974897935,-22.61738012852112,-96.13485099796317,119.60454668862258,-0.9402128579060853,-5.340148747257982e-8,4.39453125,-20.390625,-100.37109375,119.1796875,-2.724609375,0.615234375,-52.734375,-30.76171875,17.578125,0.0,65.91796875,0.0,27.0,9.5,-21.7,-4.0,-1.9,3.2
6.4403769969940186,2.1471466281010647,-20.603265105314346,-99.30488868936919,119.90816163525935,-2.1471467760976397,-1.4584639461535154e-7,-2.1844500776959768,-22.7063596854329,-95.97675787769755,119.5620837212323,-0.7580713165907339,-3.934026718756526e-8,4.130859375,-20.478515625,-100.283203125,119.1796875,-2.63671875,0.615234375,-52.734375,-30.76171875,17.578125,0.0,39.55078125,0.0,27.0,9.4,-21.7,-4.0,-1.1,3.2
6.4453771114349365,1.9637938614456507,-20.700194346037932,-99.1864029505499,119.88660446342641,-1.9637940096231494,-1.218513177424876e-7,-2.3605001639558427,-22.79493403847729,-95.8170652369559,119.5175018153626,-0.5761988950465193,-2.7449742778191233e-8,3.955078125,-20.654296875,-100.107421875,119.1796875,-2.63671875,0.615234375,-52.734375,-30.76171875,21.97265625,0.0,39.55078125,0.0,27.0,7.8,-20.9,-4.0,-1.4,3.2
6.450379133224487,1.7805179957741815,-20.79682995682739,-99.06606563464642,119.86290208500067,-1.7805181441241442,-1.0000136779376204e-7,-2.536158468800503,-22.883140221876506,-95.65573025840098,119.47082461840941,-0.39450921420637086,-1.7674920846435867e-8,3.69140625,-20.7421875,-100.01953125,119.1796875,-2.63671875,0.615234375,-52.734375,-26.3671875,21.97265625,0.0,39.55078125,0.0,26.2,7.8,-20.9,-4.0,-1.4,3.2
6.455380201339722,1.597441097899703,-20.893105776687328,-98.94391831849416,119.83702991625923,-1.5974412464134562,-8.034710777945018e-8,-2.7113036442971596,-22.970934055125205,-95.49282374567233,119.42204408437644,-0.21312483303493457,-1.0055711181530408e-8,3.515625,-20.830078125,-99.931640625,119.1796875,-2.63671875,0.615234375,-52.734375,-26.3671875,21.97265625,0.0,39.55078125,0.0,26.3,7.0,-20.7,-4.0,-1.6,3.2
6.460381031036377,1.4145479648381636,-20.98903806882534,-98.81998795220436,119.8090311704484,-1.4145481135072864,-6.28377186984891e-8,-2.8859585071236573,-23.05831927867445,-95.32836356993836,119.37120112428146,-0.03202800486565613,-4.540757714485198e-9,3.33984375,-21.005859375,-99.755859375,119.1796875,-2.63671875,0.615234375,-52.734375,-26.3671875,21.97265625,0.0,0.0,0.0,26.3,6.0,-19.1,-4.0,-1.6,3.2
6.465382099151611,1.2318386683422182,-21.08462543032807,-98.69423713763824,119.77886704650442,-1.2318388171582013,-4.750686589383046e-8,-3.06011894785619,-23.145310725924414,-95.16231403641702,119.3182581255252,0.14877975772737584,-1.1611281445326388e-9,3.1640625,-21.09375,-99.66796875,119.1796875,-2.63671875,0.615234375,-39.55078125,-26.3671875,21.97265625,0.0,0.0,0.0,25.5,5.2,-19.1,-4.0,-1.6,3.2
6.470382213592529,1.0493670931476347,-21.179847854902697,-98.56673926790674,119.74659093142729,-1.0493672421021574,-3.431030878132833e-8,-3.233741706041707,-23.231879092360877,-94.99475484161346,119.26327474726976,0.32924776708621023,1.3238614592273844e-10,2.900390625,-21.181640625,-99.580078125,119.1796875,-2.63671875,0.615234375,-39.55078125,-21.97265625,21.97265625,0.0,0.0,0.0,24.7,4.4,-19.1,-4.0,-3.2,3.2
6.475383043289185,0.8670901350676128,-21.2747268121392,-98.43742724263984,119.7121571942665,-0.8670902841523095,-2.3276995682401052e-8,-3.4068639528974045,-23.31805996074374,-94.82561094590778,119.20620112910285,0.5094172814050266,-6.893819180621766e-10,2.724609375,-21.26953125,-99.4921875,119.1796875,-2.63671875,0.615234375,-39.55078125,-21.97265625,21.97265625,0.0,0.0,0.0,24.6,3.6,-18.1,-1.4,-6.6,3.2
6.4803831577301025,0.68506963456581,-21.36923822081449,-98.30638056135409,119.67562125352725,-0.6850697837724985,-1.4362222790730524e-8,-3.579434903234472,-23.403820274184906,-94.65496988425355,119.14709987867568,0.6892297685274344,-3.5763980568527476e-9,2.548828125,-21.357421875,-99.404296875,119.1796875,-2.63671875,0.615234375,-39.55078125,-21.97265625,21.97265625,0.0,0.0,0.0,24.6,3.6,-18.1,0.2,-13.0,3.2
6.485385179519653,0.503228316631823,-21.463421384688438,-98.17350597824154,119.63692916686526,-0.5032284659522963,-7.59388171104548e-9,-3.7515239962645888,-23.48921169652489,-94.4827230688131,119.08590858555542,0.8687602021081628,-8.558918773447558e-9,2.373046875,-21.4453125,-99.228515625,119.1796875,-2.548828125,0.615234375,-39.55078125,-21.97265625,17.578125,0.0,0.0,0.0,24.6,2.8,-17.3,0.3,-19.7,3.2
6.490386009216309,0.3216879701543183,-21.55722123633906,-98.0389273084527,119.5961496824415,-0.32168811958051813,-2.928547895162097e-9,-3.923023749037099,-23.57417311025246,-94.30901532177464,119.0227105342836,1.0478908838634695,-1.558446672340681e-8,2.197265625,-21.533203125,-99.140625,119.1796875,-2.28515625,0.615234375,-39.55078125,-17.578125,17.578125,0.0,0.0,0.0,24.6,2.8,-17.3,0.3,-21.3,3.2
6.495386123657227,0.14044946209894377,-21.650637061206947,-97.90260992369033,119.55324745738963,-0.1404496116227487,-3.942832664243512e-10,-4.093930004038491,-23.65871976841244,-94.13381333936414,118.95747150936026,1.2266197607527676,-2.467843297066848e-8,2.021484375,-21.62109375,-99.140625,119.1796875,-1.845703125,0.615234375,-39.55078125,-17.578125,17.578125,0.0,0.0,0.0,24.8,2.8,-18.4,-0.0,-16.7,3.2
6.500387191772461,-0.04053924288101517,-21.743703656723607,-97.76454929597813,119.50825276096009,0.04053909326747568,5.7712731766604664e-11,-4.264299519379824,-23.742872029064404,-93.95709613057367,118.89021478228662,1.4050006701476423,-3.579429193987569e-8,1.845703125,-21.708984375,-98.96484375,119.1796875,-1.40625,0.615234375,-39.55078125,-17.578125,17.578125,0.0,57.12890625,0.0,24.8,3.2,-17.6,-0.0,-12.7,3.2
6.505388021469116,-0.2212163926407335,-21.836389129823928,-97.6247560307134,119.46114430569853,0.2212162429454231,-1.6009939475151849e-9,-4.434070743858434,-23.826616788813656,-93.77888863153146,118.82092766889143,1.5829715269332392,-4.895389763279257e-8,1.669921875,-21.708984375,-98.876953125,119.1796875,-0.87890625,0.615234375,-35.15625,-17.578125,17.578125,0.0,57.12890625,0.0,25.6,4.0,-18.4,-0.0,-6.2,3.2
6.510388135910034,-0.4015570408209933,-21.928688684847835,-97.48328444910653,119.41197161723377,0.4015568910516639,-5.321375427745766e-9,-4.603227933143903,-23.90993861900067,-93.599245180092,118.74966210828386,1.7605102915503914,-6.41056900811651e-8,1.494140625,-21.796875,-98.7890625,119.1796875,-0.615234375,0.615234375,-35.15625,-13.18359375,17.578125,0.0,57.12890625,0.0,25.6,4.0,-18.4,-0.0,-5.4,3.2
6.515390157699585,-0.5816369153639793,-22.020641208361695,-97.34003863001831,119.36067766070174,0.5816367655284097,-1.113218139100247e-8,-4.771838801667055,-23.99288821508113,-93.4180548612469,118.6763527545952,1.9376903313097475,-8.128058246339022e-8,1.40625,-21.884765625,-98.701171875,119.1796875,-0.3515625,0.615234375,-35.15625,-13.18359375,17.578125,0.0,57.12890625,0.0,26.6,4.0,-19.3,-0.0,-6.5,3.2
6.520392179489136,-0.7613799375305841,-22.112215596039412,-97.19511198465057,119.30732474324503,0.7613797876363669,-1.8984136417422237e-8,-4.939839428547961,-24.075426457817585,-93.2354220649419,118.60107056353537,2.114439204001425,-1.0042363217793241e-7,1.23046875,-21.97265625,-98.61328125,119.1796875,-0.087890625,0.615234375,-35.15625,-13.18359375,17.578125,0.0,65.91796875,0.0,27.4,5.0,-20.1,0.8,-11.9,3.2
6.525625228881836,-0.9490456719640935,-22.20760703567718,-97.04168006475322,119.24928357407464,0.9490455220166651,-2.939824999280818e-8,-5.11492734963296,-24.161342217243458,-93.04280144336616,118.52018243554157,2.298871232555903,-1.2256851765357095e-7,0.966796875,-22.060546875,-98.525390625,119.1796875,0.17578125,0.615234375,-30.76171875,-13.18359375,17.578125,0.0,65.91796875,0.0,27.4,6.6,-20.9,0.8,-11.1,3.2
6.530626058578491,-1.128007336679779,-22.298368303661547,-96.89333357138757,119.19169769166096,1.1280071866892083,-4.144161112445962e-8,-5.281592150801824,-24.24303069683595,-92.85725364087902,118.44085623133272,2.4746467522303446,-1.4574117422099254e-7,0.791015625,-22.060546875,-98.4375,119.1796875,0.3515625,0.615234375,-30.76171875,-13.18359375,17.578125,0.0,65.91796875,0.0,27.4,7.4,-21.7,1.6,-10.3,3.2
6.535627126693726,-1.3066028037022082,-22.38874957227695,-96.74333124882855,119.1320759819461,1.3066026536758308,-5.5485360223210115e-8,-5.447626445907927,-24.32431174560477,-92.67028774183711,118.35958404436357,2.6499645049870515,-1.7083447244175936e-7,0.615234375,-22.1484375,-98.349609375,119.1796875,0.615234375,0.615234375,-30.76171875,-13.18359375,17.578125,0.0,65.91796875,0.0,28.3,7.5,-22.7,3.4,-10.3,3.2
6.540629148483276,-1.4848370293272048,-22.47875369968561,-96.59162725797049,119.07037546395412,1.4848368792724171,-7.155944240313371e-8,-5.613031052664544,-24.40520539249519,-92.4818580474215,118.27632326790837,2.8248280200568114,-1.9787583576412007e-7,0.439453125,-22.236328125,-98.173828125,119.1796875,0.966796875,0.615234375,-30.76171875,-13.18359375,17.578125,0.0,48.33984375,0.0,29.1,8.3,-22.7,5.0,-12.2,3.2
6.545631170272827,-1.6626717243615066,-22.56836954734507,-96.43829366058173,119.00665706104176,1.6626715742854814,-8.960652766156941e-8,-5.77777851101751,-24.48568813716292,-92.29203909844365,118.19113853074698,2.9992024217319027,-2.2680523385565508e-7,0.17578125,-22.32421875,-98.0859375,119.1796875,1.23046875,0.615234375,-39.55078125,-13.18359375,21.97265625,0.0,48.33984375,0.0,28.3,9.1,-23.5,5.9,-12.2,3.2
6.550654172897339,-1.8408290910587084,-22.6579604135193,-96.28265227243043,118.9406058845733,1.8408289409686387,-1.0974223616092616e-7,-5.9425322024874685,-24.566104146131934,-92.10000668567542,118.10362901575638,3.1737938884273023,-2.577792238948187e-7,-0.087890625,-22.412109375,-97.998046875,119.1796875,1.58203125,0.615234375,-39.55078125,-17.578125,21.97265625,0.0,48.33984375,0.0,28.3,9.1,-25.1,6.7,-10.2,3.2
6.555655002593994,-2.01777605249326,-22.746763969512298,-96.1260873816379,118.87284389959738,2.0177759023962123,-1.3173381116589102e-7,-6.1058831709243915,-24.645753907929112,-91.90745247750566,118.01460024444056,3.3471029650801793,-2.904717303296944e-7,-0.3515625,-22.587890625,-97.822265625,119.091796875,2.021484375,0.615234375,-39.55078125,-17.578125,21.97265625,0.0,48.33984375,0.0,27.9,9.0,-26.0,6.6,-7.8,3.2
6.560655117034912,-2.1942521234271446,-22.835152831128866,-95.96790922068055,118.803053951664,2.1942519733301866,-1.5569402116504383e-7,-6.268511423974562,-24.72499247741965,-91.71353675423468,117.92364691944314,3.5198530089927362,-3.250376261647872e-7,-0.52734375,-22.67578125,-97.734375,119.091796875,2.197265625,0.615234375,-39.55078125,-17.578125,21.97265625,0.0,65.91796875,0.0,27.9,9.0,-26.8,7.4,-7.7,3.2
6.56565523147583,-2.370281849510804,-22.923148168566637,-95.80814534343743,118.73128476475219,2.3702816994207443,-1.8156227699414244e-7,-6.430448898720565,-24.80382194427291,-91.51827607560035,117.83081357928589,3.6920711744978227,-3.6141801644839803e-7,-0.87890625,-22.763671875,-97.55859375,119.00390625,2.548828125,0.615234375,-43.9453125,-17.578125,26.3671875,0.0,65.91796875,0.0,27.1,9.8,-27.6,7.2,-6.1,3.2
6.570656061172485,-2.545867037139881,-23.01075124102585,-95.64674286622841,118.65748471436022,2.54586688706361,-2.093743228643241e-7,-6.59169242299267,-24.882264284626572,-91.32161876529858,117.73604943751691,3.8637575495341863,-3.9964563267972636e-7,-1.0546875,-22.8515625,-97.3828125,119.00390625,2.724609375,0.615234375,-43.9453125,-17.578125,26.3671875,0.0,65.91796875,0.0,27.9,9.8,-28.4,8.0,-6.2,3.2
6.575656175613403,-2.720957542879409,-23.097945755487444,-95.48379750200533,118.58173322059886,2.7209573928235553,-2.3905842653458227e-7,-6.752205157443819,-24.960287861803437,-91.12366468086852,117.63943862163488,4.0348662012437515,-4.3964611285064774e-7,-1.23046875,-23.02734375,-97.20703125,118.916015625,2.98828125,0.615234375,-43.9453125,-17.578125,26.3671875,0.0,65.91796875,0.0,28.0,9.7,-29.2,8.0,-5.4,3.2
6.580657005310059,-2.8955797904655274,-23.18474552413341,-95.31923328965175,118.50396813442117,2.8955796404368015,-2.706533516256489e-7,-6.912006587397542,-25.037925939064344,-90.9243340384398,117.54091684228078,4.205421309420111,-4.814566386479355e-7,-1.494140625,-23.115234375,-97.03125,118.828125,3.076171875,0.615234375,-48.33984375,-17.578125,26.3671875,-13.18359375,43.9453125,0.0,28.0,9.7,-29.2,8.0,-6.4,3.2
6.585657119750977,-3.069684814183019,-23.271134815269402,-95.15314663284555,118.42427012798541,3.069684664187867,-3.040860629052277e-7,-7.071061077755655,-25.115147231204425,-90.72372712869984,117.44056926510719,4.3753781414854975,-5.250018334865921e-7,-1.7578125,-23.203125,-96.85546875,118.740234375,3.251953125,0.615234375,-48.33984375,-17.578125,35.15625,-13.18359375,43.9453125,0.0,27.2,9.7,-30.0,8.8,-6.4,3.2
6.5906572341918945,-3.2432735766892113,-23.357115049231172,-94.98548509322819,118.34258818324992,3.243273426734153,-3.393898830389063e-7,-7.229364856765917,-25.19197394728209,-90.52179267741735,117.33834571889301,4.54473602782429,-5.703119027575488e-7,-2.109375,-23.37890625,-96.6796875,118.65234375,3.427734375,0.615234375,-48.33984375,-26.3671875,35.15625,-13.18359375,43.9453125,0.0,25.6,9.7,-30.8,8.8,-6.5,3.2
6.59565806388855,-3.4163726703910715,-23.442707840003568,-94.8162734130164,118.2589686563139,3.4163725204823816,-3.7650615374765925e-7,-7.386951247849187,-25.268408058129594,-90.31854441406688,117.23428805282529,4.713523977244275,-6.173303934372471e-7,-2.373046875,-23.466796875,-96.50390625,118.4765625,3.515625,0.615234375,-48.33984375,-26.3671875,35.15625,-13.18359375,43.9453125,0.0,25.4,9.5,-30.7,8.0,-7.3,3.2
6.600658178329468,-3.588908166126469,-23.527877800517544,-94.64553134386452,118.17339591201937,3.588908016270474,-4.154517949054448e-7,-7.543748266343934,-25.34443888246041,-90.1140179371241,117.12839029344497,4.881668286552225,-6.660667736463643e-7,-2.724609375,-23.642578125,-96.328125,118.30078125,3.69140625,0.615234375,-57.12890625,-26.3671875,35.15625,-21.97265625,30.76171875,0.0,23.8,8.7,-31.5,7.2,-8.0,3.2
6.605659008026123,-3.7609321870037875,-23.612658992829846,-94.47325883874575,118.08590396520091,3.760932037206577,-4.5617379658925244e-7,-7.699812372640927,-25.42007936776067,-89.90819726959037,117.02067890442494,5.049222829680138,-7.164718311707883e-7,-2.8125,-23.73046875,-96.15234375,118.212890625,3.779296875,0.615234375,-57.12890625,-26.3671875,35.15625,-21.97265625,30.76171875,0.0,24.6,7.9,-31.5,7.2,-8.0,3.2
6.610659122467041,-3.932370741890751,-23.6970163729294,-94.29947683788846,117.99647871233296,3.9323705921584606,-4.986866816857848e-7,-7.8550717760610205,-25.49531917598672,-89.70111902228706,116.91114937476252,5.216113932548021,-7.685526871512491e-7,-3.251953125,-23.90625,-95.888671875,118.037109375,4.04296875,0.615234375,-57.12890625,-21.97265625,35.15625,-21.97265625,30.76171875,0.0,23.0,7.9,-31.5,6.4,-7.2,3.2
6.615660190582275,-4.103284669997616,-23.780988047006183,-94.12417578105897,117.90514869914512,4.103284520336156,-5.429406415839335e-7,-8.00959060949454,-25.570174707818186,-89.49275617554396,116.79982166945618,5.38240388463291,-8.222638820820511e-7,-3.427734375,-23.994140625,-95.712890625,117.94921875,4.21875,0.615234375,-57.12890625,-21.97265625,35.15625,-21.97265625,30.76171875,0.0,22.8,8.0,-31.3,7.0,-6.4,3.2
6.620661020278931,-4.273607945012012,-23.86454321980677,-93.94736906072936,117.81189652308386,4.273607795427328,-5.889503154682092e-7,-8.16330446255912,-25.644639452062272,-89.28313610009694,116.68668698096938,5.548026826721215,-8.776131594843937e-7,-3.603515625,-24.08203125,-95.537109375,117.861328125,4.306640625,0.615234375,-48.33984375,-21.97265625,35.15625,-26.3671875,30.76171875,0.0,22.8,8.0,-32.1,7.0,-7.2,3.2
6.625661134719849,-4.443329068684159,-23.947684305642877,-93.76912232174378,117.71679024334628,4.443328919181949,-6.366467161042411e-7,-8.316212063384068,-25.718697824695028,-89.072321032574,116.57181321062275,5.712974671280535,-9.3453201491388e-7,-3.8671875,-24.169921875,-95.361328125,117.7734375,4.482421875,0.615234375,-48.33984375,-21.97265625,43.9453125,-26.3671875,30.76171875,0.0,22.0,8.0,-32.1,7.4,-7.2,3.2
6.630673170089722,-4.6128493029002735,-24.030609383422984,-93.58895208149754,117.6195444547381,4.612849153486514,-6.861798354967341e-7,-8.468669324819924,-25.7925473361164,-88.85975206225832,116.45486920158544,5.877635480346363,-9.931886916589643e-7,-4.04296875,-24.2578125,-95.09765625,117.7734375,4.658203125,0.615234375,-48.33984375,-26.3671875,43.9453125,-26.3671875,30.76171875,0.0,22.0,8.0,-32.1,8.2,-7.2,3.2
6.6356751918792725,-4.781432335730232,-24.112966140145083,-93.40769522423376,117.52064373121982,4.781432186410268,-7.372685879062901e-7,-8.62002309345536,-25.86585568628071,-88.64640125942225,116.3364235581114,6.041297127167111,-1.05326372955264e-6,-4.21875,-24.43359375,-94.921875,117.685546875,4.833984375,0.615234375,-48.33984375,-26.3671875,43.9453125,-26.3671875,30.76171875,0.0,22.4,7.1,-33.0,8.8,-7.2,3.2
6.640676021575928,-4.949350585142668,-24.194890025962025,-93.22500706031083,117.41987883228084,4.9493504359220495,-7.900222937111684e-7,-8.77051373517337,-25.938765770384666,-88.43187290804093,116.21623616685761,6.204222639714963,-1.1148778480595477e-6,-4.482421875,-24.521484375,-94.658203125,117.59765625,5.009765625,0.615234375,-43.9453125,-26.3671875,43.9453125,-13.18359375,35.15625,0.0,22.4,7.1,-33.0,8.8,-8.1,3.2
6.645676136016846,-5.116628045450641,-24.276400678530745,-93.04092179280742,117.31730359856965,5.116627896334676,-8.443779238520558e-7,-8.920172396705953,-26.011275608627837,-88.2161909014497,116.0943564263442,6.366438585487995,-1.1779709054151239e-6,-4.658203125,-24.609375,-94.482421875,117.509765625,5.09765625,0.615234375,-43.9453125,-26.3671875,39.55078125,-13.18359375,35.15625,0.0,22.4,7.1,-33.0,9.0,-8.9,3.2
6.6506781578063965,-5.283324672876532,-24.35752948537393,-92.85531211456279,117.21282211020994,5.283324523870635,-9.00388653027037e-7,-9.06904741219243,-26.083435594712014,-87.9992179048063,115.97068235683128,6.528001300196179,-1.2425956813279903e-6,-4.833984375,-24.697265625,-94.21875,117.421875,5.361328125,0.615234375,-43.9453125,-17.578125,39.55078125,-13.18359375,35.15625,0.0,22.4,7.1,-32.2,9.8,-6.3,3.2
6.655680179595947,-5.449385170635528,-24.438257146283007,-92.66829863805533,117.10653567967857,5.449385021744839,-9.579670986298267e-7,-9.217098732210424,-26.155208899051942,-87.7810793867741,115.8453199900494,6.688860376392921,-1.3086636281278449e-6,-5.009765625,-24.78515625,-94.04296875,117.333984375,5.537109375,0.615234375,-43.9453125,-17.578125,39.55078125,-13.18359375,35.15625,0.0,21.5,6.2,-32.8,9.6,-6.3,3.2
6.6606810092926025,-5.614742061393267,-24.51855334077669,-92.47989611453784,116.99842873798056,5.614741912622935,-1.0171220161014426e-6,-9.364260994868408,-26.226591197358555,-87.56180392691702,115.71826231129157,6.848948684383506,-1.3761765421801875e-6,-5.185546875,-24.873046875,-93.779296875,117.158203125,5.712890625,0.615234375,-35.15625,-17.578125,39.55078125,-17.578125,35.15625,0.0,21.5,6.2,-32.0,9.6,-6.4,3.2
6.6656811237335205,-5.779421253808614,-24.598438162373437,-92.29013815051229,116.8885549850443,5.779421105163566,-1.0777911709855138e-6,-9.510566930704487,-26.2975804268305,-87.34141466237966,115.58955831724172,7.0082946124741845,-1.4450754656544856e-6,-5.361328125,-24.9609375,-93.603515625,117.0703125,5.80078125,0.615234375,-35.15625,-17.578125,43.9453125,-17.578125,35.15625,0.0,22.3,6.2,-32.8,9.6,-7.2,3.2
6.67073917388916,-5.945313688858329,-24.678830204918505,-92.0967437196752,116.77555198137841,5.945313540345087,-1.1407352420038738e-6,-9.657686576261728,-26.36901621271422,-87.11728207823263,115.45763090985875,7.168724489625813,-1.516210255876118e-6,-5.537109375,-25.048828125,-93.427734375,116.982421875,5.9765625,0.615234375,-35.15625,-21.97265625,43.9453125,-17.578125,35.15625,0.0,21.5,6.2,-32.8,9.6,-7.2,3.2
6.675741195678711,-6.108694205905193,-24.757931716859865,-91.90412475539893,116.66203392262744,6.10869405752706,-1.20446502626527e-6,-9.802326561535008,-26.4392778439818,-86.89450252270572,115.3255173807132,7.326639321298229,-1.5879101212988572e-6,-5.712890625,-25.13671875,-93.1640625,116.806640625,6.15234375,0.615234375,-35.15625,-21.97265625,43.9453125,-17.578125,35.15625,0.0,21.6,6.4,-32.8,9.6,-7.2,3.2
6.680744171142578,-6.271400915811168,-24.836636311293844,-91.7100693541791,116.54668251154756,6.271400767572992,-1.2697133343356868e-6,-9.946111066460036,-26.50918797900922,-86.67052486600915,115.1916905911641,7.483814690072607,-1.6609948004464216e-6,-5.80078125,-25.3125,-92.900390625,116.630859375,6.240234375,0.615234375,-30.76171875,-21.97265625,43.9453125,-26.3671875,30.76171875,0.0,22.4,5.6,-32.8,8.8,-7.2,3.2
6.685746192932129,-6.433390038163373,-24.914930422815694,-91.51471466192933,116.42962132881968,6.4333898900696616,-1.3363754011109264e-6,-10.089013281812365,-26.578707546396608,-86.4454878613923,115.0562769412609,7.640212367212167,-1.7353605636594091e-6,-5.9765625,-25.400390625,-92.724609375,116.455078125,6.416015625,0.615234375,-30.76171875,-21.97265625,43.9453125,-26.3671875,30.76171875,0.0,23.2,5.6,-32.8,8.8,-7.2,3.2
6.690747022628784,-6.594618016566943,-24.99279567176358,-91.31802794950737,116.3107992657817,6.5946178686222865,-1.404480015763013e-6,-10.230987073118245,-26.647849904535317,-86.21936882778064,114.9192313576697,7.795787694791919,-1.8110295786439261e-6,-6.064453125,-25.48828125,-92.4609375,116.3671875,6.591796875,0.615234375,-30.76171875,-17.578125,43.9453125,-26.3671875,30.76171875,0.0,23.2,4.8,-32.0,8.0,-7.3,3.2
6.6957480907440186,-6.755150827223428,-25.07027121763097,-91.12001655997025,116.19026282474952,6.755150679432176,-1.4739668287003041e-6,-10.372102549344167,-26.716622524874182,-85.9921566684326,114.78059069588433,7.950608446432499,-1.887947989404912e-6,-6.240234375,-25.576171875,-92.28515625,116.279296875,6.767578125,0.615234375,-30.76171875,-17.578125,43.9453125,-26.3671875,30.76171875,0.0,23.3,4.7,-32.8,8.8,-7.3,3.2
6.700749158859253,-6.914943777763394,-25.14733846769028,-90.92064711593623,116.06796003576,6.914943630129975,-1.5448638763372577e-6,-10.512312461711556,-26.78503859629293,-85.763828218859,114.6403091234668,8.104628834735191,-1.9661370593700797e-6,-6.328125,-25.6640625,-91.93359375,116.103515625,6.943359375,0.615234375,-26.3671875,-17.578125,43.9453125,-26.3671875,26.3671875,0.0,24.1,4.7,-32.0,9.8,-6.3,3.2
6.705750226974487,-7.0740176844769795,-25.224014374426066,-90.71998244037147,115.9439706741981,7.074017537005556,-1.6170927709574612e-6,-10.651646995405255,-26.85308580204218,-85.53443628135231,114.49846188778116,8.257873005011987,-2.0455229105274153e-6,-6.50390625,-25.751953125,-91.845703125,115.927734375,7.03125,0.615234375,-26.3671875,-17.578125,43.9453125,-26.3671875,26.3671875,0.0,24.1,4.7,-32.8,8.2,-6.3,3.2
6.7107532024383545,-7.232395153715531,-25.300313152901285,-90.51790283403136,115.81818925577753,7.232395006410398,-1.6907112619457807e-6,-10.79011780816647,-26.9208064192898,-85.30385913824233,114.35494204686893,8.410359993900517,-2.1261594740180666e-6,-6.6796875,-25.83984375,-91.58203125,115.751953125,7.20703125,0.615234375,-26.3671875,-17.578125,43.9453125,-26.3671875,26.3671875,0.0,23.3,4.7,-32.8,8.2,-7.1,3.2
6.715755224227905,-7.390007480397173,-25.37620823437875,-90.31458610154718,115.69076701666141,7.390007333262275,-1.7656001485874663e-6,-10.927676701354336,-26.98814933533069,-85.07228083945947,114.2099063464089,8.562027717149451,-2.207928230276777e-6,-6.767578125,-25.83984375,-91.318359375,115.576171875,7.3828125,0.615234375,-26.3671875,-17.578125,43.9453125,-26.3671875,26.3671875,0.0,24.0,5.5,-32.0,8.8,-7.1,3.2
6.7207560539245605,-7.546809126740852,-25.451681411570377,-90.1100002733972,115.5616537801898,7.546808979780191,-1.841783007853866e-6,-11.064275952807886,-27.05512820133353,-84.8396794832905,114.06331070409973,8.712829675204436,-2.2908459729947644e-6,-7.03125,-25.927734375,-91.142578125,115.3125,7.55859375,0.615234375,-35.15625,-17.578125,43.9453125,-39.55078125,30.76171875,0.0,23.2,4.7,-32.8,7.2,-6.5,3.2
6.7257561683654785,-7.7028389189778235,-25.52675754202071,-89.90418912851463,115.43091818270989,7.702838772195168,-1.9191897601604677e-6,-11.199961525289758,-27.12173735507539,-84.60608580293183,113.9152171956555,8.862807365946695,-2.374848318100852e-6,-7.119140625,-26.015625,-90.966796875,115.13671875,7.734375,0.615234375,-35.15625,-17.578125,43.9453125,-39.55078125,30.76171875,0.0,24.0,4.7,-33.6,7.0,-6.5,3.2
6.730756998062134,-7.858102375319126,-25.60144334809195,-89.69705163499371,115.29846591463718,7.858102228718346,-1.997868636822376e-6,-11.334730015931676,-27.188012481812713,-84.37139968213923,113.76553189008025,9.011963344251766,-2.4599787928406873e-6,-7.294921875,-26.103515625,-90.703125,114.9609375,7.91015625,0.615234375,-35.15625,-17.578125,43.9453125,-39.55078125,30.76171875,0.0,24.0,4.7,-32.8,6.2,-6.4,3.2
6.736039161682129,-8.021275023928311,-25.679916514742406,-89.47692730800037,115.15681414363392,8.021274877523538,-2.0822544084615963e-6,-11.476104482770436,-27.257629883406914,-84.12242276893966,113.60580984958945,9.16862944048231,-2.551028096225469e-6,-7.55859375,-26.19140625,-90.439453125,114.873046875,7.998046875,0.615234375,-35.15625,-17.578125,43.9453125,-39.55078125,30.76171875,0.0,22.4,4.8,-32.8,7.2,-7.2,3.2
6.741042137145996,-8.174985201593806,-25.753827089931715,-89.26710757227988,115.02090440738746,8.174985055378498,-2.1634399256180844e-6,-11.609020679420908,-27.323221595259756,-83.8855218409302,113.45291811801494,9.316122234602451,-2.638372365163449e-6,-7.646484375,-26.279296875,-90.263671875,114.873046875,8.173828125,0.615234375,-30.76171875,-17.578125,43.9453125,-26.3671875,35.15625,0.0,23.2,4.0,-32.8,8.0,-5.4,3.2
6.7460432052612305,-8.32787049208329,-25.827335074229545,-89.05617258083224,114.88347682718425,8.327870346060742,-2.245711158433152e-6,-11.740988629099991,-27.38843176679461,-83.64773849584739,113.29863583034955,9.462743855546012,-2.7266611214585396e-6,-7.822265625,-26.3671875,-90.0,114.697265625,8.349609375,0.615234375,-30.76171875,-17.578125,48.33984375,-26.3671875,35.15625,0.0,22.4,4.0,-32.8,7.2,-5.4,3.2
6.751045227050781,-8.479953041346945,-25.900455804017188,-88.84392149405647,114.74434589968732,8.47995289552072,-2.3291733181951586e-6,-11.872011445654042,-27.4533251704338,-83.40887260519477,113.1427771286869,9.608510160868299,-2.8159918866864997e-6,-8.0859375,-26.455078125,-89.736328125,114.609375,8.4375,0.615234375,-30.76171875,-13.18359375,48.33984375,-26.3671875,35.15625,0.0,21.6,4.0,-32.0,8.0,-7.3,3.2
6.756049156188965,-8.631312884736083,-25.973232636019375,-88.63041200435364,114.60361267375315,8.631312739109452,-2.413736009851451e-6,-12.002177412165898,-27.517891405312472,-83.16895948808505,112.98543094994177,9.753504454407539,-2.9062852351294524e-6,-8.26171875,-26.54296875,-89.560546875,114.521484375,8.525390625,0.615234375,-30.76171875,-13.18359375,48.33984375,-26.3671875,35.15625,0.0,21.4,3.9,-32.7,9.0,-6.5,3.2
6.761051177978516,-8.781769048052208,-26.04558393499859,-88.41572884297402,114.46128024603995,8.781768902628436,-2.4993882715885232e-6,-12.131315071647,-27.582108096401633,-82.92811980401768,112.82662223860639,9.897548061410383,-2.9975147953031735e-6,-8.4375,-26.54296875,-89.296875,114.345703125,8.701171875,0.615234375,-39.55078125,-13.18359375,48.33984375,-21.97265625,26.3671875,0.0,21.4,3.9,-31.9,8.2,-6.4,3.2
6.766053199768066,-8.931431632021456,-26.117566772082437,-88.19988750760743,114.31742118498377,8.931431486803564,-2.5860593318057317e-6,-12.25953828441911,-27.645978094191825,-82.68634173936749,112.6664082293511,10.040752988317394,-3.0896219936476178e-6,-8.61328125,-26.630859375,-89.12109375,114.2578125,8.7890625,0.615234375,-39.55078125,-13.18359375,43.9453125,-21.97265625,26.3671875,0.0,20.6,3.9,-32.7,8.8,-8.0,3.2
6.771056175231934,-9.080263222940609,-26.189169215507015,-87.98277070027066,114.17190626094438,9.080263077931804,-2.673814816074546e-6,-12.38679929734517,-27.7095397196839,-82.44351862076785,112.50466567005239,10.18307817543062,-3.182662505801193e-6,-8.7890625,-26.71875,-88.857421875,114.169921875,8.96484375,0.615234375,-39.55078125,-17.578125,43.9453125,-21.97265625,26.3671875,0.0,20.6,3.9,-31.9,9.8,-6.5,3.2
6.776057004928589,-9.228224816469762,-26.260375885105017,-87.76460775671866,114.02494942968913,9.228224671672802,-2.7625013829307744e-6,-12.513083807533043,-27.77273253182196,-82.19987866789435,112.34160957984702,10.324492811669925,-3.2764898309340356e-6,-9.052734375,-26.806640625,-88.681640625,114.08203125,9.140625,0.615234375,-39.55078125,-17.578125,43.9453125,-21.97265625,26.3671875,0.0,19.0,3.1,-32.8,9.0,-4.9,3.2
6.781057119369507,-9.37529359298959,-26.33118249794912,-87.54526354802843,113.87641127942076,9.375293448407417,-2.852187863285094e-6,-12.63835707300267,-27.835600602519996,-81.95529450434356,112.17710477822702,10.464969982536601,-3.3711635353311716e-6,-9.228515625,-26.89453125,-88.41796875,113.994140625,9.228515625,0.615234375,-39.55078125,-17.578125,43.9453125,-21.97265625,30.76171875,0.0,19.0,3.1,-32.0,9.0,-5.3,3.2
6.786057233810425,-9.521544450300965,-26.40162775588007,-87.32479936947723,113.72639180700854,9.521544305936265,-2.9427922754135406e-6,-12.762701709575328,-27.898132275884,-81.70980700565181,112.01124002052312,10.604587633793159,-3.4666124863419554e-6,-9.404296875,-26.982421875,-88.2421875,113.818359375,9.31640625,0.615234375,-39.55078125,-17.578125,43.9453125,-21.97265625,30.76171875,0.0,18.2,3.1,-32.0,9.4,-6.9,3.2
6.791083097457886,-9.667657562965111,-26.472046977403274,-87.10199877863724,113.57400988592707,9.667657418821818,-3.0348285940184834e-6,-12.886678718669797,-27.96067215442097,-81.46208766437823,111.84306243778778,10.743989311816735,-3.5633636837495506e-6,-9.66796875,-26.982421875,-87.978515625,113.73046875,9.404296875,0.615234375,-39.55078125,-13.18359375,43.9453125,-21.97265625,30.76171875,0.0,17.4,3.1,-32.0,11.8,-9.3,3.2
6.79608416557312,-9.812216756698804,-26.5417596316177,-86.87919154039962,113.42091475554788,9.812216612778355,-3.1272815928269827e-6,-13.009104762760998,-28.02257185856793,-81.21470057116416,111.67437137619692,10.881830111949533,-3.660364434636912e-6,-9.84375,-27.0703125,-87.802734375,113.5546875,9.580078125,0.615234375,-39.55078125,-13.18359375,43.9453125,-21.97265625,30.76171875,0.0,16.5,3.2,-32.8,13.3,-8.5,3.2
6.801088094711304,-9.955962963019907,-26.611130658670355,-86.6550858305531,113.2661795289782,9.955962819325055,-3.2206901304395854e-6,-13.130594253360897,-28.08419951419535,-80.96623071695603,111.5041613028558,11.018812182483476,-3.758169441330401e-6,-10.37109375,-27.333984375,-87.01171875,113.115234375,10.107421875,0.615234375,-39.55078125,-13.18359375,43.9453125,-26.3671875,21.97265625,0.0,16.5,3.2,-32.0,10.1,-4.5,3.2
6.819759130477905,-10.484634191929159,-26.866774243379428,-85.80912432672338,112.67585960577722,10.484634049096844,-3.5764258784303946e-6,-13.57532083466627,-28.31135851496785,-80.03129292378391,110.85720054748856,11.521903841790017,-4.129002253008352e-6,-10.546875,-27.421875,-86.748046875,112.8515625,10.283203125,0.615234375,-39.55078125,-13.18359375,43.9453125,-26.3671875,30.76171875,0.0,15.9,2.4,-32.8,8.5,-3.8,3.2
6.82476019859314,-10.62412770980746,-26.934389512582555,-85.57992444713878,112.51427446546275,10.624127567211453,-3.673545853465269e-6,-13.692096397054279,-28.371478079355782,-79.7787817434723,110.68074225977577,11.65445708890919,-4.229810325547146e-6,-10.810546875,-27.509765625,-86.484375,112.67578125,10.37109375,0.615234375,-30.76171875,-13.18359375,43.9453125,-26.3671875,30.76171875,0.0,15.1,2.4,-32.8,10.4,-5.4,3.2
6.829761028289795,-10.762735994111903,-27.001652041512433,-85.3496804909788,112.35129251118948,10.76273585175421,-3.771366673748145e-6,-13.807896213863726,-28.43128482474819,-79.52544039674171,110.50301025127895,11.786090457272564,-4.331172591976324e-6,-10.8984375,-27.59765625,-86.220703125,112.587890625,10.37109375,0.615234375,-30.76171875,-13.18359375,43.9453125,-26.3671875,30.76171875,0.0,15.1,2.4,-32.0,12.8,-8.4,3.2
6.834761142730713,-10.900403508520885,-27.068542882559065,-85.11837954209776,112.18688187939537,10.90040336640351,-3.869881412817154e-6,-13.922665398001545,-28.49078818287388,-79.27126628329566,110.32397905293682,11.916748424049189,-4.433075595357476e-6,-11.07421875,-27.59765625,-86.044921875,112.412109375,10.458984375,0.615234375,-30.76171875,-13.18359375,43.9453125,-26.3671875,30.76171875,0.0,15.0,2.3,-32.0,14.8,-10.8,3.2
6.839762210845947,-11.037209028036468,-27.1351013043042,-84.88599812057832,112.0210583584681,11.037208886161313,-3.969068029668288e-6,-14.036481080691576,-28.549997951458874,-79.01621842429641,110.14365417892134,12.046509655210976,-4.535504646714679e-6,-11.162109375,-27.685546875,-85.78125,112.1484375,10.72265625,0.615234375,-26.3671875,-13.18359375,43.9453125,-35.15625,13.18359375,0.0,15.0,2.3,-32.8,14.6,-9.9,3.2
6.8447630405426025,-11.173076788078365,-27.201298887732584,-84.65255671146475,111.85381401470788,11.173076646447297,-4.06890352567861e-6,-14.149271512120407,-28.608914855776977,-78.76033090087182,109.96203618433282,12.175299436275782,-4.638429725470353e-6,-11.337890625,-27.7734375,-85.60546875,111.97265625,10.810546875,0.615234375,-26.3671875,-13.18359375,43.9453125,-35.15625,13.18359375,0.0,15.0,2.3,-32.8,14.6,-9.1,3.2
6.8497631549835205,-11.308027782559797,-27.267146314816493,-84.41813102232234,111.685235237596,11.308027641174496,-4.169325313488645e-6,-14.261065684752976,-28.66752345666807,-78.50367164859045,109.7792073565438,12.303141600035442,-4.7417943458351366e-6,-11.42578125,-27.7734375,-85.4296875,111.708984375,11.07421875,0.615234375,-26.3671875,-13.18359375,43.9453125,-35.15625,13.18359375,0.0,15.0,3.1,-33.6,13.0,-7.8,3.2
6.854764223098755,-11.442063671032805,-27.332653224852255,-84.18260856540721,111.51521917866162,11.442063529895036,-4.270365323052501e-6,-14.371856179621954,-28.7258580657794,-78.24612889029753,109.59506508424452,12.430034848291601,-4.845625205250237e-6,-11.513671875,-27.861328125,-85.166015625,111.4453125,11.25,0.615234375,-26.3671875,-13.18359375,43.9453125,-35.15625,13.18359375,0.0,16.1,3.3,-33.7,11.8,-7.0,3.2
6.859793186187744,-11.575933820136871,-27.398186667067694,-83.94476516432914,111.34290870790001,11.575933679249598,-4.3725214366163294e-6,-14.482272063577124,-28.784220588576332,-77.98635164462888,109.40867162767339,12.556691906975095,-4.950440498962633e-6,-11.6015625,-27.94921875,-84.90234375,111.181640625,11.513671875,0.615234375,-21.97265625,-13.18359375,43.9453125,-43.9453125,39.55078125,0.0,16.1,3.3,-33.7,12.0,-5.4,3.2
6.864794015884399,-11.708100532097538,-27.46300345384801,-83.7072142932104,111.17017411768063,11.708100391460928,-4.47465307402713e-6,-14.591035498534964,-28.84197588295472,-77.72720641407025,109.22205947908506,12.681654816409917,-5.055063464357932e-6,-11.689453125,-28.037109375,-84.7265625,111.005859375,11.689453125,0.615234375,-21.97265625,-13.18359375,43.9453125,-43.9453125,39.55078125,0.0,16.9,2.5,-33.7,10.4,-4.6,3.2
6.869794130325317,-11.83933581003156,-27.527480127092865,-83.4687185694277,110.99615456435593,11.839335669647008,-4.577264688807384e-6,-14.698796512686176,-28.899432411595466,-77.46732487811832,109.03428460492813,12.805658477792353,-5.1600206711107325e-6,-11.77734375,-28.037109375,-84.462890625,110.7421875,11.77734375,0.615234375,-21.97265625,-13.18359375,43.9453125,-43.9453125,39.55078125,0.0,16.9,3.3,-33.7,10.4,-5.5,3.2
6.874795198440552,-11.969635106387003,-27.591624655985193,-83.22916061838643,110.82074064251327,11.969634966255976,-4.680386946160814e-6,-14.805541224936288,-28.9566250798749,-77.20659155814681,108.84523852104056,12.92869528572395,-5.2653367521176916e-6,-11.865234375,-28.125,-84.287109375,110.478515625,11.865234375,0.615234375,-21.97265625,-13.18359375,43.9453125,-43.9453125,39.55078125,0.0,17.7,3.2,-34.6,10.2,-6.3,3.2
6.879796028137207,-12.099007417943405,-27.65543982570643,-82.98865303012234,110.64404772736249,12.09900727806718,-4.783946875176739e-6,-14.911289662721959,-29.013529446741344,-76.94511343371839,108.65503380443226,13.050778015714986,-5.37094543619449e-6,-11.953125,-28.212890625,-84.0234375,110.302734375,12.041015625,0.615234375,-17.578125,-13.18359375,43.9453125,-48.33984375,30.76171875,0.0,17.7,2.4,-34.6,9.4,-5.7,3.2
6.884799003601074,-12.227465152071012,-27.718942504065218,-82.74704340824047,110.46594029025135,12.227465012450978,-4.8879881386915105e-6,-15.016041541839819,-29.070188072749673,-76.68273723140565,108.46353404347306,13.171914981762987,-5.476884550106315e-6,-12.041015625,-28.30078125,-83.759765625,110.0390625,12.12890625,0.615234375,-17.578125,-13.18359375,48.33984375,-48.33984375,30.76171875,0.0,17.7,2.4,-34.6,8.6,-5.7,3.2
6.889799118041992,-12.35492114027326,-27.782087285558383,-82.50462888781318,110.28667006111183,12.354921000910423,-4.992360455005795e-6,-15.119738641376836,-29.126533661010654,-76.41977013060762,108.27099823353112,13.29202832469301,-5.5830092573717405e-6,-12.12890625,-28.30078125,-83.583984375,109.775390625,12.216796875,0.615234375,-17.578125,-13.18359375,48.33984375,-48.33984375,30.76171875,0.0,18.5,3.2,-35.4,8.6,-6.3,3.2
6.894802093505859,-12.481471874371923,-27.844933159252758,-82.26109520754125,110.10598176732265,12.481471735267569,-5.097175041142266e-6,-15.22244896220237,-29.18264619364566,-76.15588337931231,108.07716142010787,13.411205564220726,-5.689426061022152e-6,-12.216796875,-28.388671875,-83.3203125,109.599609375,12.3046875,0.615234375,-17.578125,-13.18359375,48.33984375,-48.33984375,30.76171875,0.0,18.6,2.3,-34.4,9.6,-6.3,3.2
6.899802207946777,-12.60701482702387,-27.90742627852499,-82.01677557891144,109.92415477417023,12.607014688178872,-5.2022683951712395e-6,-15.324102240616329,-29.23845091822124,-75.8914227601754,107.88231184799332,13.529354510641847,-5.795977027545173e-6,-12.3046875,-28.4765625,-83.056640625,109.51171875,12.48046875,0.615234375,-17.578125,-13.18359375,48.33984375,-43.9453125,21.97265625,0.0,18.6,2.3,-34.4,9.6,-6.5,3.2
6.904803037643433,-12.731590425381327,-27.969598373575053,-81.77145935345337,109.74101016321129,12.731590286796727,-5.307704965827134e-6,-15.424720639189442,-29.294003287475544,-75.62617214404358,107.68626671423172,13.646509781173396,-5.902721066672031e-6,-12.48046875,-28.564453125,-82.705078125,109.3359375,12.65625,0.615234375,-17.578125,-13.18359375,48.33984375,-43.9453125,21.97265625,0.0,18.6,2.3,-34.4,10.4,-5.7,3.2
6.910165071487427,-12.864116328007803,-28.035914242415576,-81.50741543625581,109.54328160312453,12.864116189703399,-5.421075565140992e-6,-15.53149302795615,-29.353267785623984,-75.34097498956903,107.47483672622192,13.771053357008121,-6.017334728067034e-6,-12.568359375,-28.564453125,-82.529296875,109.16015625,12.65625,0.615234375,-17.578125,-13.18359375,48.33984375,-43.9453125,21.97265625,0.0,18.6,2.3,-34.4,10.4,-6.4,3.2
6.915165185928345,-12.986668247888854,-28.09741725334442,-81.26021613157229,109.35758483565625,12.986668109846633,-5.527077023337088e-6,-15.629967138242218,-29.408267378871457,-75.07426558424245,107.27649102541238,13.886136952849572,-6.1243403986710874e-6,-12.65625,-28.65234375,-82.265625,108.984375,12.83203125,0.615234375,-17.578125,-13.18359375,48.33984375,-43.9453125,21.97265625,0.0,18.4,2.4,-34.5,11.5,-6.4,3.2
6.920169115066528,-13.108366059609665,-28.158660583837026,-81.01194006391124,109.17055162762179,13.108365921830588,-5.633392798764255e-6,-15.727513088263057,-29.46304234886241,-74.80666136162769,107.07691605916202,14.000338638418132,-6.2315194008454046e-6,-12.83203125,-28.740234375,-82.08984375,108.80859375,12.919921875,0.615234375,-26.3671875,-13.18359375,48.33984375,-30.76171875,26.3671875,0.0,17.6,2.4,-35.3,10.4,-6.4,3.2
6.925169229507446,-13.22896921218702,-28.219536641215974,-80.76292636142898,108.98241351541219,13.228969074671635,-5.7398467739726825e-6,-15.823925858734588,-29.517525348550684,-74.53854083127075,106.87636848095295,14.113428723672655,-6.3386870767017584e-6,-13.0078125,-28.828125,-81.826171875,108.6328125,13.095703125,0.615234375,-26.3671875,-13.18359375,48.33984375,-30.76171875,26.3671875,0.0,17.6,1.6,-35.3,9.6,-4.8,3.2
6.93017315864563,-13.348710178673073,-28.28015721420512,-80.51285137511492,108.79295863787131,13.348710041422219,-5.846564531758688e-6,-15.919405582896825,-29.57178831075674,-74.26953977922915,106.67461081293354,14.225629984439601,-6.445978252730102e-6,-13.095703125,-28.828125,-81.5625,108.544921875,13.18359375,0.615234375,-26.3671875,-13.18359375,48.33984375,-30.76171875,26.3671875,0.0,17.6,2.4,-34.5,8.8,-5.4,3.2
6.935174226760864,-13.467374401743857,-28.340427595879667,-80.26201050086891,108.60238768478817,13.467374264757995,-5.953387011911044e-6,-16.013768912720675,-29.625774493072726,-73.99998862106494,106.47186605789267,14.336737406248293,-6.553226011482234e-6,-13.271484375,-28.916015625,-81.38671875,108.369140625,13.271484375,0.615234375,-26.3671875,-13.18359375,48.33984375,-30.76171875,26.3671875,0.0,16.7,1.5,-35.2,9.4,-5.4,3.2
6.9401750564575195,-13.585073376408374,-28.400398139815685,-80.01032778456658,108.41067505521286,13.58507323968802,-6.060336256933029e-6,-16.107118949350077,-29.679501653874567,-73.7297902159092,106.26809553962221,14.446860209727289,-6.660460842962714e-6,-13.359375,-28.916015625,-81.123046875,108.193359375,13.447265625,0.615234375,-26.3671875,-13.18359375,48.33984375,-35.15625,21.97265625,0.0,16.7,2.3,-35.2,9.4,-4.0,3.2
6.945178031921387,-13.701808392956135,-28.460083913876883,-79.75764597930402,108.21767857008307,13.701808256501899,-6.16744396430379e-6,-16.199444332232293,-29.733010551428446,-73.45878816674548,106.06315716227056,14.555995602364172,-6.767707611444423e-6,-13.447265625,-29.00390625,-80.771484375,108.017578125,13.447265625,0.615234375,-26.3671875,-13.18359375,48.33984375,-35.15625,21.97265625,0.0,16.7,1.5,-34.4,8.0,-4.0,3.2
6.950179100036621,-13.81753318254255,-28.519454616019477,-79.50422313026077,108.02362597274488,13.817533046354741,-6.2745924889250945e-6,-16.29072261658588,-29.78624740744428,-73.18724437368502,105.8572818554878,14.664105049777888,-6.874856539906334e-6,-13.623046875,-29.091796875,-80.595703125,107.841796875,13.53515625,0.615234375,-26.3671875,-8.7890625,48.33984375,-35.15625,21.97265625,0.0,15.9,1.5,-34.4,6.1,-3.0,3.2
6.955179214477539,-13.93221682098486,-28.578508899344406,-79.24997618883555,107.82843286780272,13.932216685063807,-6.381780311897953e-6,-16.380917367780356,-29.839237474785307,-72.91508155832048,105.6503885176962,14.771155781851041,-6.981899549839811e-6,-13.798828125,-29.1796875,-80.33203125,107.666015625,13.53515625,0.615234375,-26.3671875,-8.7890625,48.33984375,-35.15625,21.97265625,0.0,14.1,0.7,-34.3,4.5,-3.0,3.2
6.960183143615723,-14.046016082730603,-28.63732048095988,-78.99471392929175,107.63198174604707,14.046015947076814,-6.4890816921116105e-6,-16.470165775770123,-29.892020964361997,-72.64208078431575,105.44234218379266,14.877298768525888,-7.088918517672554e-6,-13.88671875,-29.1796875,-80.068359375,107.578125,13.53515625,0.615234375,-26.3671875,-8.7890625,48.33984375,-26.3671875,8.7890625,0.0,14.1,0.7,-33.5,3.7,-3.2,3.2
6.965185165405273,-14.158746914391948,-28.69580945185252,-78.738693640827,107.43444998836472,14.158746779005584,-6.596349606896468e-6,-16.55831106726441,-29.944551902521592,-72.36852895581049,105.23333908874257,14.982358339040225,-7.1957602023367185e-6,-14.0625,-29.267578125,-79.892578125,107.578125,13.53515625,0.615234375,-26.3671875,-8.7890625,48.33984375,-26.3671875,8.7890625,0.0,12.5,-0.1,-33.5,3.7,-3.2,3.2
6.970187187194824,-14.270500878880418,-28.754015486720327,-78.48186863890898,107.2358305845938,14.270500743761671,-6.7035997708846195e-6,-16.64543902459866,-29.99684072562006,-72.09436202575634,105.02336149601352,15.086424544225515,-7.3024479669561514e-6,-14.23828125,-29.35546875,-79.62890625,107.490234375,13.53515625,0.615234375,-26.3671875,-13.18359375,48.33984375,-26.3671875,8.7890625,0.0,11.7,-0.1,-32.7,3.2,-3.2,3.2
6.9751880168914795,-14.38119891102702,-28.811912768440585,-78.22426763955342,107.03612643392236,14.381198776175985,-6.810779970913679e-6,-16.731475809202802,-30.048889131853155,-71.8196218126904,104.81242037319979,15.189419839817148,-7.408923539158052e-6,-14.326171875,-29.35546875,-79.365234375,107.490234375,13.53515625,0.615234375,-26.3671875,-13.18359375,48.33984375,-26.3671875,8.7890625,0.0,10.7,-0.1,-31.8,3.2,-3.2,3.2
6.980189085006714,-14.490920799274662,-28.869534728614106,-77.96586626074871,106.83534658565691,14.490920664691446,-6.917898464291028e-6,-16.81649751134474,-30.100702678484105,-71.54426861546803,104.60051533818624,15.291423136266289,-7.515202649045503e-6,-14.501953125,-29.443359375,-79.189453125,107.40234375,13.53515625,0.615234375,-30.76171875,-13.18359375,48.33984375,-8.7890625,0.0,0.0,9.1,-0.1,-31.0,2.4,-3.2,3.2
6.985190153121948,-14.599608752604205,-28.92686690416776,-77.70664507202677,106.63345714646913,14.599608618288862,-7.024921244271312e-6,-16.900446950681175,-30.15229260089678,-71.26829274323494,104.38761834733305,15.392376729707484,-7.6212452266563645e-6,-14.58984375,-29.443359375,-78.92578125,107.40234375,13.53515625,0.615234375,-30.76171875,-13.18359375,43.9453125,-8.7890625,0.0,0.0,8.3,-0.1,-30.2,2.4,-3.2,3.2
6.990191221237183,-14.707310650007745,-28.983925737869804,-77.44665197826993,106.43052246385098,14.707310515960257,-7.131828589679869e-6,-16.98337514593246,-30.203649775429536,-70.99173189620741,104.1737876390703,15.4923297448396,-7.727039133728651e-6,-14.677734375,-29.53125,-78.75,107.40234375,13.53515625,0.615234375,-30.76171875,-8.7890625,43.9453125,-8.7890625,0.0,0.0,7.5,-0.1,-29.4,2.4,-3.2,3.2
6.995192050933838,-14.813969192482304,-29.04069716270957,-77.18586876597841,106.22651025750426,14.813969058702614,-7.238584359771281e-6,-17.06522550138174,-30.25478516345504,-70.71457745043102,103.95899667217179,15.591225007603974,-7.832542319898237e-6,-14.765625,-29.53125,-78.486328125,107.40234375,13.53515625,0.615234375,-30.76171875,-8.7890625,43.9453125,-8.7890625,0.0,0.0,6.7,-0.0,-28.3,3.2,-4.8,3.2
7.000195026397705,-14.919682491833274,-29.09722417149296,-76.92421737495663,106.02138545968235,14.919682358321396,-7.3452222779237595e-6,-17.146087223535485,-30.305714151288242,-70.43673361011334,103.74319927830297,15.68915809342474,-7.93779536294256e-6,-14.853515625,-29.53125,-78.310546875,107.40234375,13.623046875,0.615234375,-17.578125,-8.7890625,43.9453125,0.0,0.0,0.0,5.9,-0.0,-27.5,6.0,-7.6,3.2
7.005199193954468,-15.024377612705504,-29.1534847284616,-76.6617174222305,105.81514565192738,15.02437747946134,-7.451688709511164e-6,-17.225891686195645,-30.35643983956856,-70.15823194379855,103.52640030915191,15.786057325827656,-8.04273896832841e-6,-14.94140625,-29.619140625,-78.134765625,107.40234375,13.623046875,0.615234375,-17.578125,-8.7890625,43.9453125,0.0,0.0,0.0,5.9,-0.0,-27.5,10.8,-12.4,3.2
7.010200023651123,-15.128007869771134,-29.209443715741102,-76.39865231055555,105.60803911933266,15.128007736794318,-7.557872847672036e-6,-17.304617498039626,-30.406907961537343,-69.87936040609881,103.30885163068695,15.88188418370367,-8.147271156844206e-6,-15.029296875,-29.619140625,-77.958984375,107.40234375,13.798828125,0.615234375,-17.578125,-8.7890625,43.9453125,0.0,0.0,0.0,5.1,-0.0,-27.5,18.2,-13.6,3.2
7.015200138092041,-15.230577806540206,-29.265120252634247,-76.13485682742002,105.3999197686609,15.230577673830446,-7.663795609868371e-6,-17.382255867302305,-30.45715784478886,-69.5999537641483,103.090406529933,15.976638958042315,-8.25140662566865e-6,-15.029296875,-29.70703125,-77.783203125,107.40234375,13.974609375,0.615234375,-17.578125,-8.7890625,43.9453125,0.0,0.0,0.0,6.3,-0.0,-27.9,23.8,-12.0,3.2
7.020201206207275,-15.332168738253761,-29.320548131273405,-75.87028685302317,105.19077727195075,15.332168605810832,-7.76948030368078e-6,-17.458882339020274,-30.507198018131668,-69.31995308844006,102.87104544190878,16.070401383240903,-8.35517528304519e-6,-15.1171875,-29.70703125,-77.51953125,107.314453125,14.23828125,0.615234375,-13.18359375,-8.7890625,43.9453125,0.0,26.3671875,0.0,6.3,-0.0,-27.1,26.7,-8.4,3.2
7.025203227996826,-15.432729315609155,-29.375716948766712,-75.60491475965262,104.9805735987903,15.432729183432762,-7.874889813968692e-6,-17.534445299353706,-30.557040658005818,-69.03933927080296,102.65073531595723,16.163119954123214,-8.458534570326457e-6,-15.1171875,-29.70703125,-77.431640625,107.138671875,14.58984375,0.615234375,-13.18359375,-8.7890625,35.15625,0.0,26.3671875,0.0,7.1,-0.0,-27.9,25.9,-5.2,3.2
7.03020715713501,-15.532324877823303,-29.430651879712787,-75.33873219427092,104.76932557050948,15.532324745913177,-7.980034396383006e-6,-17.609007680898372,-30.606687107632098,-68.75809175867091,102.42948542727433,16.254859469946194,-8.561501385239902e-6,-15.205078125,-29.70703125,-77.255859375,106.787109375,14.765625,0.615234375,-13.18359375,-4.39453125,35.15625,0.0,26.3671875,0.0,7.1,-0.0,-27.9,21.1,-3.4,3.2
7.0352091789245605,-15.630829446297502,-29.485301198494902,-75.07191612591836,104.55715843102078,15.63082931465312,-8.084795207707599e-6,-17.682462409906705,-30.656111446792927,-68.47640725976561,102.20743343908167,16.345499821584752,-8.663953377812832e-6,-15.205078125,-29.70703125,-77.080078125,106.34765625,14.94140625,0.615234375,-13.18359375,-4.39453125,35.15625,0.0,26.3671875,0.0,9.0,0.9,-28.8,17.1,-1.8,3.2
7.040211200714111,-15.728327602664633,-29.539700303044945,-74.80440664604038,104.34404766939352,15.728327471285535,-8.189205065325427e-6,-17.75488673708419,-30.70532499149236,-68.1942108811955,101.98454543089082,16.435123496728615,-8.765929530991825e-6,-15.29296875,-29.70703125,-76.81640625,105.908203125,15.029296875,0.615234375,-8.7890625,-4.39453125,35.15625,-61.5234375,43.9453125,0.0,9.0,0.9,-28.0,12.6,-1.3,3.2
7.045215129852295,-15.824806623214506,-29.593860341897468,-74.53607662736425,104.12987730693135,15.824806492100283,-8.29326327906649e-6,-17.82625824725897,-30.754357902350854,-67.91137810081311,101.76070643244468,16.5237146705015,-8.867423227290826e-6,-15.29296875,-29.70703125,-76.728515625,105.556640625,15.029296875,0.615234375,-8.7890625,-4.39453125,35.15625,-61.5234375,43.9453125,0.0,9.8,1.7,-29.6,9.4,-1.3,3.2
7.050216197967529,-15.920220773849842,-29.647743754352188,-74.26722205589638,103.9149057691479,15.920220642999803,-8.396865686052542e-6,-17.89655718086147,-30.803156194542865,-67.62820968606914,101.53617859942231,16.611235964803704,-8.968339590827399e-6,-15.29296875,-29.70703125,-76.46484375,105.205078125,15.029296875,0.615234375,-8.7890625,0.0,35.15625,-61.5234375,43.9453125,0.0,10.6,1.7,-28.8,6.4,-1.5,3.2
7.055217027664185,-16.01457250129544,-29.70136996819932,-73.9976790734278,103.69898862560747,16.014572370708983,-8.500025252539405e-6,-17.96577277304396,-30.8517567716987,-67.34454205072971,101.31081694358014,16.697685627793156,-9.068685588596789e-6,-15.380859375,-29.70703125,-76.2890625,104.94140625,15.029296875,0.615234375,-8.7890625,0.0,35.15625,-61.5234375,43.9453125,0.0,10.7,2.5,-29.7,4.0,-1.5,3.2
7.0602171421051025,-16.10789864295568,-29.754747530026993,-73.72751246529214,103.48219920811091,16.107898512632158,-8.602729366943029e-6,-18.03394615373282,-30.90014797222602,-67.06043247811627,101.08469032122603,16.7831020318942,-9.168455571389784e-6,-15.380859375,-29.70703125,-76.11328125,104.677734375,15.029296875,0.615234375,-4.39453125,0.0,35.15625,-70.3125,4.39453125,0.0,10.7,2.5,-29.7,1.8,-1.6,3.2
7.065218210220337,-16.200182020031324,-29.80788543978762,-73.45660936912226,103.264433654305,16.2001818899701,-8.704968943027758e-6,-18.101051725208684,-30.94835678100055,-66.77577135642454,100.85769624979008,16.867465306954898,-9.267634952882293e-6,-15.380859375,-29.70703125,-75.9375,104.58984375,15.029296875,0.615234375,-4.39453125,0.0,39.55078125,-70.3125,4.39453125,0.0,11.5,2.5,-29.7,1.0,-1.6,3.2
7.0702221393585205,-16.291502103942918,-29.86081697031687,-73.18490363813335,103.04565908994869,16.291501974143465,-8.806781776436164e-6,-18.167161087056243,-30.996394453081482,-66.49047883547799,100.6297931868832,16.950852621369634,-9.366266772321403e-6,-15.380859375,-29.70703125,-75.673828125,104.501953125,15.029296875,0.615234375,-4.39453125,0.0,39.55078125,-70.3125,4.39453125,0.0,11.5,2.5,-28.9,0.6,-1.6,3.2
7.075223207473755,-16.3817068068738,-29.913473121068535,-72.91268438462251,102.82609562739276,16.381706677335224,-8.908006738744801e-6,-18.232150999327914,-31.044216605710705,-66.20486735096699,100.40121607693811,17.033120926645285,-9.464189199834259e-6,-15.380859375,-29.70703125,-75.5859375,104.501953125,15.029296875,0.615234375,-4.39453125,0.0,39.55078125,-70.3125,4.39453125,0.0,12.1,2.5,-29.7,0.6,-1.6,3.2
7.080225229263306,-16.47091047195027,-29.96590707707961,-72.63978106058319,102.6056259032361,16.470910342671853,-9.008722683796511e-6,-18.29611819692456,-31.091853167580602,-65.91874757334341,100.17183546583321,17.114379191306252,-9.561485064601148e-6,-15.46875,-29.794921875,-75.322265625,104.501953125,15.029296875,0.615234375,0.0,0.0,39.55078125,-13.18359375,0.0,0.0,11.3,1.7,-28.9,0.8,-1.6,3.2
7.085398197174072,-16.5620450909697,-30.019880809829772,-72.35686646402579,102.37668467524162,16.562044961959483,-9.112277942704298e-6,-18.36113625023681,-31.140922635038343,-65.62235999595185,99.93379293538699,17.19728900256184,-9.66137636978836e-6,-15.46875,-29.794921875,-75.146484375,104.4140625,15.029296875,0.615234375,0.0,0.0,35.15625,-13.18359375,0.0,0.0,11.3,1.7,-28.1,-0.0,-1.6,3.2
7.0903990268707275,-16.649099107513674,-30.071824608275236,-72.08273296242449,102.15449462388311,16.64909897876187,-9.211800487838584e-6,-18.42292705478279,-31.1881673985703,-65.33538430574121,99.70291092097483,17.276384850302016,-9.757239082521465e-6,-15.556640625,-29.8828125,-74.970703125,104.4140625,15.029296875,0.615234375,0.0,-8.7890625,35.15625,-13.18359375,0.0,0.0,10.5,0.9,-27.3,-0.0,-1.6,3.2
7.095402002334595,-16.73513720826258,-30.123558130523495,-71.80785378426646,101.93134862351624,16.73513707976843,-9.310755030222504e-6,-18.483676086396944,-31.23524886964458,-65.04784032471267,99.47117574201917,17.354454587958116,-9.852415089904055e-6,-15.64453125,-29.970703125,-74.794921875,104.4140625,15.029296875,0.615234375,0.0,-8.7890625,35.15625,0.0,0.0,0.0,9.5,-0.3,-26.9,-0.0,-1.6,3.2
7.100402116775513,-16.82008914449286,-30.175035553977487,-71.5325218121489,101.7074937344369,16.820089016255313,-9.409031115020795e-6,-18.54333937632707,-31.28211878569175,-64.7600304050237,99.23884095918761,17.431436341935246,-9.946800741374804e-6,-15.64453125,-30.05859375,-74.619140625,104.4140625,15.029296875,0.615234375,-13.18359375,-8.7890625,35.15625,0.0,0.0,0.0,9.5,-0.3,-26.1,0.8,-2.5,3.2
7.105402231216431,-16.903987000360544,-30.226285145170824,-71.25657806644942,101.48279924343242,16.903986872378646,-9.506654649784714e-6,-18.60193503641767,-31.328808730509014,-64.47179086909297,99.00577218764103,17.507357824274962,-1.0040419173989839e-5,-15.732421875,-30.05859375,-74.443359375,104.4140625,15.029296875,0.615234375,-13.18359375,-8.7890625,39.55078125,0.0,0.0,0.0,8.7,-0.3,-25.3,3.2,-5.7,3.2
7.110403060913086,-16.986857972118937,-30.277319912968416,-70.98000012371277,101.25725573581744,16.986857844391754,-9.6036287906786e-6,-18.65948753670702,-31.375324210678347,-64.18309451956542,98.77195681875817,17.582245461016058,-1.0133275896800936e-5,-15.732421875,-30.05859375,-74.267578125,104.4140625,15.029296875,0.615234375,-13.18359375,-8.7890625,39.55078125,0.0,0.0,0.0,9.5,-0.3,-25.3,8.9,-12.0,3.2
7.115403175354004,-17.06866116262933,-30.32812394796032,-70.70286543900912,101.03092475742108,17.06866103515582,-9.699894792595771e-6,-18.715963687751177,-31.421656396713097,-63.894024885145384,98.53746001498871,17.65606081556384,-1.0225312780076366e-5,-15.8203125,-30.05859375,-74.091796875,104.4140625,15.205078125,0.615234375,-13.18359375,-8.7890625,39.55078125,0.0,8.7890625,0.0,8.6,-0.0,-25.5,17.7,-16.0,3.2
7.120404005050659,-17.149435356059573,-30.378717377850517,-70.42511154450196,100.80376396796882,17.149435228838747,-9.795470487806257e-6,-18.771395857501286,-31.467817433437965,-63.604513110905856,98.3022351175579,17.728840734099293,-1.0316549365635396e-5,-15.908203125,-30.146484375,-73.916015625,104.4140625,15.46875,0.615234375,-13.18359375,-8.7890625,39.55078125,0.0,8.7890625,0.0,8.6,-0.0,-25.5,26.6,-15.2,3.2
7.1254050731658936,-17.229155581633485,-30.429094073876414,-70.14676339514145,100.57579219375353,17.22915545466428,-9.890315453691767e-6,-18.825761932920138,-31.51380720910312,-63.31458794634909,98.06630298336198,17.800561177281757,-1.0406945128467393e-5,-15.99609375,-30.146484375,-73.740234375,104.326171875,15.8203125,0.615234375,-13.18359375,-8.7890625,35.15625,0.0,8.7890625,0.0,8.6,0.8,-25.5,33.0,-12.0,3.2
7.1304051876068115,-17.307818327474887,-30.479247520053082,-69.86790389207124,100.34708581996173,17.307818200756174,-9.984398421730213e-6,-18.87906521370955,-31.559613722150438,-63.024332134803934,97.82973993410351,17.871220864376763,-1.0496472777769066e-5,-16.083984375,-30.234375,-73.564453125,104.23828125,16.171875,0.615234375,-13.18359375,-4.39453125,35.15625,0.0,8.7890625,0.0,8.6,0.8,-25.5,37.6,-7.4,3.2
7.135415077209473,-17.385573049661083,-30.529283630300156,-69.5879322358993,100.11714996052336,17.385572923192214,-1.0077888190377808e-5,-18.931401141584256,-31.60533896628972,-62.73312350636944,97.59203569290693,17.940952232138546,-1.058529068310947e-5,-16.171875,-30.234375,-73.4765625,103.88671875,16.611328125,0.615234375,-13.18359375,-4.39453125,35.15625,0.0,70.3125,0.0,8.8,1.8,-26.3,37.6,-3.4,3.2
7.140416145324707,-17.462145256896342,-30.579021771692467,-69.3079032082782,99.88685876528574,17.462145130675744,-1.0170429002064153e-5,-18.982590276432692,-31.650812248243046,-62.44205594218105,97.3540914482238,18.009510868176605,-1.0673063163165837e-5,-16.259765625,-30.234375,-73.30078125,103.359375,16.962890625,0.615234375,-17.578125,-4.39453125,35.15625,-30.76171875,70.3125,0.0,8.8,2.6,-26.3,32.8,0.2,3.2
7.145420074462891,-17.53770065177837,-30.628577689548024,-69.02716365436847,99.65567482406482,17.537700525804986,-1.026220832806565e-5,-19.032739457122414,-31.696143920919816,-62.15045259147347,97.11535278576008,18.07704392695681,-1.0759966583269304e-5,-16.435546875,-30.322265625,-73.125,102.744140625,17.314453125,0.615234375,-17.578125,-4.39453125,30.76171875,-30.76171875,70.3125,0.0,8.8,2.6,-26.3,27.2,1.0,3.2
7.150420188903809,-17.61215191740917,-30.677890124952683,-68.74610300363031,99.42392630777213,17.612151791681626,-1.0353095442691472e-5,-19.081795896222964,-31.74127282425853,-61.85871494959146,96.87615625202491,18.143475066554945,-1.0845879386245079e-5,-16.5234375,-30.322265625,-73.037109375,102.12890625,17.490234375,0.615234375,-17.578125,-8.7890625,30.76171875,-30.76171875,70.3125,0.0,8.8,3.4,-27.9,20.2,0.3,3.2
7.155421018600464,-17.685553333232594,-30.727003305156007,-68.46446773021563,99.19140391759578,17.68555320774969,-1.0443143962485282e-5,-19.129791269774536,-31.786243591411797,-61.56658197358132,96.63628668464008,18.20885146257241,-1.0930850736489632e-5,-16.611328125,-30.41015625,-72.7734375,101.689453125,17.490234375,0.615234375,-17.578125,-8.7890625,30.76171875,-30.76171875,70.3125,0.0,8.9,3.4,-28.3,16.2,0.3,3.2
7.160421133041382,-17.75789670668576,-30.775907790259296,-68.18235267940436,98.95819305896259,17.757896581446207,-1.0532320210824238e-5,-19.176725230185568,-31.831042668469145,-61.27414927249765,96.3958299831006,18.27316746803593,-1.1014850988349141e-5,-16.69921875,-30.498046875,-72.59765625,101.07421875,17.40234375,0.615234375,-17.578125,-8.7890625,30.76171875,-109.86328125,43.9453125,0.0,9.7,3.4,-29.1,10.9,-0.0,3.2
7.165422201156616,-17.82919224498182,-30.824619304081452,-67.89966454437314,98.72421614883275,17.829192119984384,-1.0620624559672675e-5,-19.22259987576997,-31.875688454840013,-60.98132245157876,96.15470711438618,18.336430761456825,-1.1097878835360858e-5,-16.69921875,-30.498046875,-72.421875,100.810546875,17.40234375,0.615234375,-17.578125,-8.7890625,30.76171875,-109.86328125,43.9453125,0.0,10.5,3.4,-29.1,8.5,-0.0,3.2
7.1704230308532715,-17.899435408956187,-30.87313067146619,-67.61648457498043,98.48954726193887,17.89943528419957,-1.0708028611113197e-5,-19.267417252967494,-31.92016958559855,-60.68818307069295,95.91299231174531,18.398638948511636,-1.1179909658213017e-5,-16.787109375,-30.5859375,-72.24609375,100.546875,17.40234375,0.615234375,-17.578125,-8.7890625,30.76171875,-109.86328125,43.9453125,0.0,10.5,2.6,-30.7,6.4,-0.0,3.2
7.1754231452941895,-17.96860622506707,-30.92143679002337,-67.33284109701299,98.25420962176474,17.9686061005499,-1.0794495177400012e-5,-19.311160163660503,-31.964485189035877,-60.39476272084199,95.67071038732792,18.45977296590343,-1.1260906925114139e-5,-16.875,-30.673828125,-71.982421875,100.1953125,17.40234375,0.615234375,-17.578125,-8.7890625,30.76171875,-70.3125,-4.39453125,0.0,10.5,2.3,-30.6,3.2,-0.0,3.2
7.180424213409424,-18.03674021727863,-30.969558110739314,-67.04865305941358,98.01814262810709,18.036740092999604,-1.0880046583665672e-5,-19.353856123875183,-32.00864935784767,-60.10097505763427,95.42779690941393,18.519865867448054,-1.1340893654159872e-5,-16.962890625,-30.673828125,-71.89453125,99.931640625,17.40234375,0.615234375,-17.578125,-8.7890625,30.76171875,-70.3125,-4.39453125,0.0,9.7,2.3,-32.2,1.0,-0.0,3.2
7.185425043106079,-18.103807598817085,-31.01748263033953,-66.76398954867321,97.78140336430953,18.10380747477482,-1.0964633351036339e-5,-19.395481735300795,-32.05265472278388,-59.80689389439628,95.18431154833685,18.578889917959447,-1.1419821848337028e-5,-17.05078125,-30.76171875,-71.71875,99.755859375,17.40234375,0.615234375,-17.578125,-8.7890625,39.55078125,-70.3125,-4.39453125,0.0,9.7,1.5,-33.0,-0.6,-0.0,3.2
7.190425157546997,-18.169814621528047,-31.065210040664933,-66.47889120166047,97.54403215906775,18.169814497721127,-1.1048241912805182e-5,-19.436046111705455,-32.096496444212164,-59.51255877405439,94.9402937719654,18.63685233209827,-1.149768101612824e-5,-17.05078125,-30.849609375,-71.455078125,99.755859375,17.314453125,0.615234375,-17.578125,-13.18359375,39.55078125,-70.3125,-4.39453125,0.0,9.7,0.7,-33.2,-0.3,-0.0,3.2
7.1954262256622314,-18.234770180378643,-31.11275580586657,-66.19326454460574,97.30595100273327,18.234770056805694,-1.1130871474131776e-5,-19.47554995835143,-32.14019220143281,-59.21787558988312,94.69566428246965,18.693759447177804,-1.1574468682950832e-5,-17.05078125,-30.9375,-71.19140625,99.755859375,17.314453125,0.615234375,-17.578125,-13.18359375,39.55078125,-21.97265625,-4.39453125,0.0,9.5,-0.2,-33.2,-0.3,-0.0,3.2
7.200427055358887,-18.298670753653596,-31.16011262763761,-65.90719063304547,97.06723365256117,18.298670630313186,-1.1212497056025647e-5,-19.51399621167799,-32.183730846930345,-58.92292575632901,94.45049698742883,18.749609838143442,-1.1650163680451448e-5,-17.05078125,-30.9375,-71.103515625,99.66796875,17.314453125,0.615234375,-4.39453125,-13.18359375,39.55078125,-21.97265625,-4.39453125,0.0,10.3,-0.2,-34.0,-0.0,-0.0,3.2
7.205427169799805,-18.36149777016907,-31.207275629366794,-65.62069887300218,96.82790463804471,18.361497647059704,-1.1293082819914082e-5,-19.551369008643075,-32.22711119639308,-58.627741948832195,94.20481791532005,18.80438582186891,-1.172473112135769e-5,-17.05078125,-31.025390625,-70.83984375,99.66796875,17.314453125,0.615234375,-4.39453125,-13.18359375,39.55078125,-21.97265625,-4.39453125,0.0,10.3,-0.2,-33.2,-0.0,-0.0,3.2
7.21042799949646,-18.423281213860008,-31.2542622463802,-65.33372009043555,96.5879122203583,18.42328109098025,-1.1372647413141129e-5,-19.587691402826707,-32.27034494634404,-58.33225077454676,93.9585721247598,18.858115241871726,-1.1798190336427628e-5,-17.05078125,-31.11328125,-70.576171875,99.66796875,17.314453125,0.615234375,-4.39453125,-13.18359375,39.55078125,-21.97265625,-4.39453125,0.0,10.3,-0.2,-32.8,-0.0,-0.0,3.2
7.215428113937378,-18.483990848672356,-31.301058646362016,-65.04633862245129,96.34732690442156,18.48399072602069,-1.1451140022077122e-5,-19.622940698687614,-32.31342252623673,-58.036541533571686,93.71183281776841,18.91077027800593,-1.1870492661461407e-5,-17.05078125,-31.11328125,-70.400390625,99.66796875,17.314453125,0.615234375,-4.39453125,-13.18359375,39.55078125,0.0,0.0,0.0,10.5,-0.1,-32.8,-0.0,-0.0,3.2
7.220429182052612,-18.54365875470006,-31.34768425735996,-64.75847106415313,96.10608471326545,18.54365863227502,-1.1528583064687854e-5,-19.65714079240628,-32.356357560797704,-57.740526419809,93.46453262456725,18.962380469995484,-1.1941660816830595e-5,-17.138671875,-31.201171875,-70.13671875,99.66796875,17.314453125,0.615234375,-4.39453125,-13.18359375,43.9453125,0.0,0.0,0.0,9.7,-0.1,-32.0,-0.0,-0.0,3.2
7.225430011749268,-18.60225814602529,-31.39412755637293,-64.47018844210592,95.8642451505695,18.602258023825335,-1.1604930120239737e-5,-19.690271203339734,-32.39914245120892,-57.44428102569456,93.21673341875491,19.012921056592912,-1.201165033387497e-5,-17.2265625,-31.201171875,-69.9609375,99.66796875,17.314453125,0.615234375,-4.39453125,-13.18359375,43.9453125,0.0,0.0,0.0,8.9,-0.1,-32.0,-0.0,-0.0,3.2
7.2304301261901855,-18.65979544414852,-31.44038785596183,-64.18153065470385,95.62184742727278,18.659795322172084,-1.168017112736092e-5,-19.722341060998954,-32.44177239458828,-57.14784443269062,92.96847365242998,19.06239936224698,-1.208045413870954e-5,-17.2265625,-31.2890625,-69.78515625,99.66796875,17.314453125,0.615234375,-4.39453125,-8.7890625,43.9453125,0.0,0.0,0.0,8.6,-0.1,-31.9,-0.0,-0.0,3.2
7.23543119430542,-18.716277693179713,-31.486480234927445,-63.89240408930931,95.37881300951594,18.716277571425277,-1.175430378007843e-5,-19.753349122345476,-32.48426414115968,-56.85112308676728,92.71967374291025,19.110819837753393,-1.2148068279827968e-5,-17.314453125,-31.2890625,-69.521484375,99.66796875,17.314453125,0.615234375,-4.39453125,-8.7890625,43.9453125,0.0,0.0,0.0,7.8,-0.0,-30.3,-0.0,-0.0,3.2
7.240432024002075,-18.771702734366432,-31.532397231055075,-63.60288962556966,95.13521531475038,18.77170261283242,-1.1827307690548638e-5,-19.783299546046237,-32.52660673287277,-56.55419830462232,92.47040724887614,19.158182366625837,-1.2214476251704894e-5,-17.40234375,-31.2890625,-69.345703125,99.66796875,17.314453125,0.615234375,-13.18359375,-8.7890625,39.55078125,0.0,0.0,0.0,7.0,-0.0,-30.3,-0.0,-0.0,3.2
7.245432138442993,-18.826053773255662,-31.578134186591498,-63.31301801961624,94.89108044142931,18.826053651940455,-1.1899149306137214e-5,-19.81217815951277,-32.5687985703516,-56.25710419663004,92.22070167794442,19.204471012698058,-1.2279645723558622e-5,-17.40234375,-31.376953125,-69.169921875,99.66796875,17.314453125,0.615234375,-13.18359375,-8.7890625,39.55078125,0.0,0.0,0.0,7.0,-0.0,-29.5,-0.0,-0.0,3.2
7.2504332065582275,-18.87936020636864,-31.62370978656236,-63.02270430117999,94.64634210419835,18.879360085270683,-1.1969850628425485e-5,-19.840006071422223,-32.61085289036179,-55.95975209995782,91.97048768631869,19.249712589680584,-1.2343598774347601e-5,-17.490234375,-31.376953125,-68.90625,99.66796875,17.314453125,0.615234375,-13.18359375,-8.7890625,39.55078125,0.0,0.0,0.0,6.1,-0.0,-28.4,-0.0,-0.0,3.2
7.255434036254883,-18.93159753132567,-31.669112813187773,-62.73202088640565,94.40106150152903,18.93159741044333,-1.2039368088906116e-5,-19.86676502423722,-32.652761899705744,-55.6622189184058,91.71982869423147,19.29388459922093,-1.240629406016331e-5,-17.490234375,-31.376953125,-68.73046875,99.66796875,17.314453125,0.615234375,-13.18359375,-8.7890625,39.55078125,0.0,0.0,0.0,6.1,-0.0,-27.6,-0.0,-0.0,3.2
7.260434150695801,-18.98277220363729,-31.71434228747276,-62.441007187262095,94.15527706637805,18.982772082968914,-1.2107694052282493e-5,-19.89246408844962,-32.694520766990294,-55.364543488121576,91.46876246170551,19.336994362604326,-1.2467726885114846e-5,-17.578125,-31.46484375,-68.5546875,99.66796875,17.314453125,0.615234375,-8.7890625,-8.7890625,39.55078125,0.0,0.0,0.0,5.3,-0.0,-26.8,-0.0,-0.0,3.2
7.265435218811035,-19.03288990580257,-31.75941298421113,-62.14956960370337,93.90890997347596,19.032889785346548,-1.2174825231765335e-5,-19.91710059525038,-32.736145543829096,-55.0666328436371,91.21720930415596,19.379044944971255,-1.2527892372751845e-5,-17.578125,-31.46484375,-68.37890625,99.66796875,17.314453125,0.615234375,-8.7890625,-8.7890625,39.55078125,0.0,0.0,0.0,5.3,-0.0,-26.0,-0.0,-0.0,3.2
7.27043604850769,-19.08194941201698,-31.804317300298994,-61.85778890814349,93.6620333921468,19.08194929177167,-1.2240744619700671e-5,-19.94067955081495,-32.777625350677184,-54.7685682861559,90.96524253628955,19.42003712874536,-1.2586777365280582e-5,-17.666015625,-31.46484375,-68.203125,99.66796875,17.314453125,0.615234375,-8.7890625,-4.39453125,39.55078125,0.0,0.0,0.0,4.6,-0.0,-24.3,-0.0,-0.0,3.2
7.275436162948608,-19.12993529098198,-31.84905069743649,-61.565696854236776,93.41467453781456,19.129935170945682,-1.2305420769538713e-5,-19.96318808636678,-32.81895825740493,-54.47038503586904,90.71289072886178,19.459956319537717,-1.2644351903585197e-5,-17.666015625,-31.46484375,-68.02734375,99.66796875,17.314453125,0.615234375,-8.7890625,-4.39453125,39.55078125,0.0,0.0,0.0,4.6,-0.0,-23.5,-0.0,-0.0,3.2
7.280437231063843,-19.17687422079018,-31.893631141502947,-61.27320710247074,93.16676503674479,19.17687410096126,-1.2368874954987147e-5,-19.98464450927068,-32.86015706636743,-54.17199380753792,90.46008278642537,19.498826577932917,-1.2700637056943578e-5,-17.75390625,-31.46484375,-67.8515625,99.66796875,17.314453125,0.615234375,-8.7890625,-4.39453125,35.15625,0.0,0.0,0.0,3.8,-0.0,-22.7,-0.0,-0.0,3.2
7.285438060760498,-19.222743966727762,-31.9380476653938,-60.98039339260201,92.91836766168701,19.222743847104528,-1.2431066809723578e-5,-20.005032773281968,-32.90121377251766,-53.87347279910817,90.20688357215839,19.53662765306562,-1.2755594981309691e-5,-17.75390625,-31.46484375,-67.67578125,99.66796875,17.314453125,0.615234375,-8.7890625,-4.39453125,35.15625,0.0,0.0,0.0,3.8,-0.0,-21.1,-0.0,-0.0,3.2
7.290438175201416,-19.26755098789917,-31.982298998004694,-60.68729473192785,92.66952014881566,19.2675508684799,-1.2491991040089106e-5,-20.02436187707113,-32.942123457119344,-53.5748607121923,89.95333024014116,19.573366838770433,-1.2809223266243806e-5,-17.841796875,-31.46484375,-67.5,99.66796875,17.314453125,0.615234375,-8.7890625,0.0,35.15625,0.0,0.0,0.0,3.0,-0.0,-19.4,-0.0,-0.0,3.2
7.295439004898071,-19.311297521403997,-32.02639748654181,-60.39383162236315,92.42015534724842,19.311297402187023,-1.2551640644978621e-5,-20.042626865283697,-32.98289952673084,-53.276079577148764,89.69935520205112,19.609044117914053,-1.2861513690952013e-5,-17.841796875,-31.46484375,-67.412109375,99.66796875,17.314453125,0.615234375,-8.7890625,0.0,35.15625,0.0,0.0,0.0,3.0,-0.0,-18.6,-0.0,-0.0,3.2
7.300439119338989,-19.353981424647095,-32.07033331408127,-60.10009884195407,92.17035821812419,19.353981305630683,-1.2609999409198251e-5,-20.05983297281623,-33.02352919748934,-52.977225025161914,89.44504377067148,19.6436597123208,-1.2912454276175604e-5,-17.9296875,-31.46484375,-67.32421875,99.580078125,17.314453125,0.615234375,-4.39453125,0.0,35.15625,0.0,0.0,0.0,2.2,-0.0,-17.8,-0.0,-0.0,3.2
7.305439233779907,-19.395598613370602,-32.114112463842176,-59.80605903894694,91.92009739293087,19.39559849455304,-1.2667051999037923e-5,-20.075972550698268,-33.06401987973706,-52.67826215125866,89.19036483494742,19.67720843107172,-1.2962029578415647e-5,-17.9296875,-31.46484375,-67.1484375,99.580078125,17.314453125,0.615234375,-4.39453125,0.0,26.3671875,0.0,0.0,0.0,2.2,-0.0,-16.2,-0.0,-0.0,3.2
7.3104400634765625,-19.43616508316188,-32.15774385078947,-59.51168078806293,91.66935036129597,19.436164964541476,-1.2722807763985404e-5,-20.0910580187294,-33.10437612330096,-52.379158320924,88.93529434671044,19.70970516325543,-1.3010249966336019e-5,-17.9296875,-31.46484375,-67.060546875,99.580078125,17.314453125,0.615234375,-4.39453125,0.0,26.3671875,0.0,0.0,0.0,2.3,-0.0,-15.5,-0.0,-0.0,3.2
7.3154401779174805,-19.475658948216314,-32.201214628035686,-59.21705313840377,91.41819332552959,19.475658829791307,-1.2777227275640739e-5,-20.105074844046193,-33.14458781984287,-52.08000728588339,88.67991068794814,19.741130372672316,-1.305707913530057e-5,-18.017578125,-31.46484375,-66.97265625,99.580078125,17.314453125,0.615234375,-4.39453125,0.0,26.3671875,0.0,0.0,0.0,1.5,-0.0,-14.7,-0.0,-0.0,3.2
7.320441007614136,-19.514101646678785,-32.24453980177174,-58.92210237300212,91.1665675747738,19.514101528447483,-1.2830328147339163e-5,-20.118037226618192,-33.184665165764685,-51.78073361846225,88.4241530563555,19.771503228896172,-1.3102534611773092e-5,-18.017578125,-31.46484375,-66.884765625,99.580078125,17.314453125,0.615234375,-8.7890625,0.0,21.97265625,0.0,0.0,0.0,1.5,-0.0,-13.9,-0.0,-0.0,3.2
7.325441122055054,-19.55147207369251,-32.28770658309269,-58.626917961730314,90.9145497900885,19.551471955653142,-1.288207223417992e-5,-20.129931399381015,-33.224597990059614,-51.481431506580726,88.16810027555681,19.800804970735726,-1.31465814638997e-5,-18.017578125,-31.46484375,-66.796875,99.580078125,17.314453125,0.615234375,-8.7890625,0.0,21.97265625,0.0,0.0,0.0,1.5,-0.0,-13.1,-0.0,-0.0,3.2
7.330442190170288,-19.587792613352942,-32.330731818671964,-58.33141181263682,90.66206872610972,19.58779249550382,-1.2932479290004584e-5,-20.140771277396674,-33.2643982026476,-51.18201122211843,87.91167892477955,19.829055321670154,-1.3189238920779604e-5,-18.017578125,-31.46484375,-66.796875,99.580078125,17.314453125,0.615234375,-8.7890625,0.0,21.97265625,0.0,0.0,0.0,1.5,-0.0,-13.3,-0.0,-0.0,3.2
7.335443019866943,-19.62304447855949,-32.37360479550942,-58.03565967780449,90.40918942200292,19.62304436089886,-1.298151467429135e-5,-20.150544182460507,-33.30405742893638,-50.8825531091429,87.65495598029668,19.856237447832825,-1.3230475235757516e-5,-18.017578125,-31.46484375,-66.708984375,99.580078125,17.314453125,0.615234375,-8.7890625,0.0,21.97265625,0.0,0.0,0.0,1.5,-0.0,-12.5,-0.0,-0.0,3.2
7.340443134307861,-19.657234377490557,-32.41632378724733,-57.73970015843406,90.1559487525898,19.657234260016654,-1.3029177107431128e-5,-20.15925927172313,-33.34357041959096,-50.583095945651074,87.3979678742186,19.882358852638923,-1.3270291926564146e-5,-18.017578125,-31.46484375,-66.708984375,99.580078125,17.314453125,0.615234375,0.0,0.0,8.7890625,0.0,0.0,0.0,1.5,-0.0,-12.5,-0.0,-0.0,3.2
7.345444202423096,-19.690363977127973,-32.458902586076405,-57.44344010284388,89.90226735837726,19.69036385983909,-1.3075460719066443e-5,-20.16690973127429,-33.38295133531505,-50.28354917942736,87.14063499671792,19.907418534113937,-1.3308681599149599e-5,-18.017578125,-31.46484375,-66.62109375,99.580078125,17.314453125,0.615234375,0.0,0.0,8.7890625,0.0,0.0,0.0,1.5,-0.0,-11.7,-0.0,-0.0,3.2
7.350445032119751,-19.722434712922574,-32.50133320127711,-57.146960299080604,89.64821803669244,19.722434595816967,-1.3120357643313002e-5,-20.173503076593676,-33.422189140155595,-49.983994473362905,86.88303030773037,19.931419870951167,-1.3345640256361214e-5,-18.017578125,-31.46484375,-66.533203125,99.580078125,17.314453125,0.615234375,0.0,0.0,8.7890625,0.0,0.0,0.0,1.6,-0.0,-10.9,-0.0,-0.0,3.2
7.355445146560669,-19.753434412505314,-32.543611139247844,-56.85029502248446,89.39383056932911,19.753434295581215,-1.3163843017719006e-5,-20.179029574478193,-33.461280950821376,-49.68447022959813,86.6251849108444,19.954351479151484,-1.338114498321879e-5,-18.017578125,-31.46484375,-66.533203125,99.580078125,17.314453125,0.615234375,0.0,0.0,8.7890625,0.0,0.0,0.0,1.6,-0.0,-10.9,-0.0,-0.0,3.2
7.360446214675903,-19.783382678021397,-32.58575255840739,-56.55335535948468,89.13903220105955,19.783382561277104,-1.3205935134373728e-5,-20.183500319612847,-33.50023806704418,-49.384886817095,86.36702423162913,19.976230281874365,-1.3415213334473672e-5,-18.017578125,-31.46484375,-66.4453125,99.580078125,17.314453125,0.615234375,0.0,0.0,13.18359375,0.0,0.0,0.0,1.6,-0.0,-10.1,-0.0,-0.0,3.2
7.365447044372559,-19.812262949728428,-32.62774685017736,-56.25621827211892,88.88388928541615,19.812262833162194,-1.3246603356136418e-5,-20.186904824472997,-33.53905182292735,-49.08532592762451,86.10861647754308,19.997041657054627,-1.3447817820178411e-5,-18.017578125,-31.46484375,-66.4453125,99.580078125,17.314453125,0.615234375,0.0,0.0,13.18359375,0.0,0.0,0.0,1.6,-0.0,-10.1,-0.0,-0.0,3.2
7.370447158813477,-19.84008188202821,-32.66959197522808,-55.95892219296333,88.62843821562294,19.840081765638296,-1.3285848491389995e-5,-20.189252157241505,-33.577716693627046,-48.78582656635712,85.84999771092923,20.016793037246885,-1.3478961910256077e-5,-18.017578125,-31.46484375,-66.4453125,99.580078125,17.314453125,0.615234375,0.0,0.0,13.18359375,0.0,0.0,0.0,1.6,-0.0,-10.3,-0.0,-0.0,3.2
7.375448226928711,-19.866839720012237,-32.71130131026341,-55.66137439873551,88.37259964510453,19.866839603796947,-1.3323663959360632e-5,-20.190534050429008,-33.616246049217864,-48.486299511586125,85.59108858983664,20.035481984394824,-1.3508637613474584e-5,-18.017578125,-31.46484375,-66.4453125,99.580078125,17.314453125,0.615234375,0.0,0.0,13.18359375,0.0,0.0,0.0,1.6,-0.0,-10.3,-0.0,-0.0,3.2
7.380449056625366,-19.8925387515423,-32.75286667315588,-55.363655752611415,88.11644625490472,19.89253863549991,-1.3360045110256013e-5,-20.19075884072959,-33.65462867023212,-48.18682673961293,85.33196199107516,20.053112713956242,-1.3536844093596732e-5,-17.9296875,-31.46484375,-66.357421875,99.580078125,17.314453125,0.615234375,0.0,0.0,4.39453125,0.0,0.0,0.0,2.4,-0.0,-9.5,-0.0,-0.0,3.2
7.385449171066284,-19.917168111740903,-32.79428351000992,-55.06580151861968,87.86000875520563,19.917167995869683,-1.3394970098719567e-5,-20.189918072673585,-33.692861231370166,-47.887448013471676,85.07264995943768,20.069675135722733,-1.3563561578782788e-5,-17.9296875,-31.46484375,-66.357421875,99.580078125,17.314453125,0.615234375,0.0,0.0,4.39453125,0.0,0.0,0.0,2.4,-0.0,-9.5,-0.0,-0.0,3.2
7.3904500007629395,-19.940743512853796,-32.835565323541026,-54.76773640994132,87.60322536184286,19.940743397152076,-1.3428453944628737e-5,-20.188020140415222,-33.73095251605878,-47.5880884053641,84.81308939178584,20.08518265407088,-1.3588804625940174e-5,-17.9296875,-31.46484375,-66.357421875,99.580078125,17.314453125,0.615234375,0.0,0.0,4.39453125,0.0,0.0,0.0,2.4,-0.0,-9.5,-0.0,-0.0,3.2
7.395450115203857,-19.963249678831563,-32.87669960828505,-54.469552811273985,87.34617595411714,19.96324956329762,-1.3460468986373464e-5,-20.185057027676773,-33.7688917401388,-47.28884526746425,84.55336207304553,20.099622302346297,-1.3612549239937903e-5,-17.841796875,-31.46484375,-66.357421875,99.580078125,17.314453125,0.615234375,0.0,0.0,4.39453125,0.0,0.0,0.0,3.3,-0.0,-9.5,-0.0,-0.0,3.2
7.400450229644775,-19.984698580399904,-32.9176938042167,-54.171218007799276,87.08883525713898,19.984698465032075,-1.349102561518981e-5,-20.181037024641498,-33.806682036344554,-46.98968667147607,84.29344188168128,20.113004893695,-1.3634806508981644e-5,-17.841796875,-31.46484375,-66.357421875,99.580078125,17.314453125,0.615234375,8.7890625,0.0,0.0,0.0,0.0,0.0,3.3,-0.0,-9.5,-0.0,-0.0,3.2
7.405451059341431,-20.0050846369202,-32.95855296742404,-53.87269671082786,86.83117303833365,20.005084521716842,-1.352011042148064e-5,-20.175950874135822,-33.844328710178885,-46.69058209032251,84.03329939048052,20.125323691685793,-1.3655563164590593e-5,-17.841796875,-31.46484375,-66.357421875,99.580078125,17.314453125,0.615234375,8.7890625,0.0,0.0,0.0,0.0,0.0,3.3,-0.0,-9.5,-0.0,-0.0,3.2
7.410452127456665,-20.024413991739436,-32.9992745582745,-53.574027249032326,86.5732250867193,20.024413876698908,-1.3547726199384255e-5,-20.169807106679343,-33.881825617838466,-46.39157116892971,83.77297026614123,20.136585602088488,-1.3674824633483204e-5,-17.841796875,-31.46484375,-66.357421875,99.580078125,17.314453125,0.615234375,8.7890625,0.0,0.0,0.0,0.0,0.0,3.3,-0.0,-9.6,-0.0,-0.0,3.2
7.415453195571899,-20.042677460686043,-33.03985577611614,-53.27523159666329,86.3150105759359,20.042677345806716,-1.3573854855226957e-5,-20.16259771397857,-33.91917068761988,-46.09268096227217,83.51247498948675,20.146781820199287,-1.3692574597219298e-5,-17.841796875,-31.46484375,-66.357421875,99.580078125,17.314453125,0.615234375,8.7890625,0.0,0.0,0.0,0.0,0.0,3.3,-0.0,-9.6,0.8,-1.6,3.2
7.42045521736145,-20.05988626821876,-33.08030555592363,-52.97626263549335,86.05649132268724,20.059886153499043,-1.359850711501547e-5,-20.15432901805542,-33.956368316647364,-45.79386586189877,83.25177466105612,20.155922022553924,-1.370882397798667e-5,-17.841796875,-31.46484375,-66.357421875,99.580078125,17.314453125,0.615234375,0.0,0.0,0.0,0.0,0.0,0.0,4.1,-0.0,-10.4,6.7,-9.1,3.2
7.4254560470581055,-20.076025359060115,-33.12060565466979,-52.67725672396638,85.79778544245552,20.07602524449839,-1.3621656927999988e-5,-20.144996850420956,-33.99340204233244,-45.49526737391544,82.9909895283341,20.163994607126963,-1.3723551767670291e-5,-17.75390625,-31.46484375,-66.357421875,99.580078125,17.314453125,0.615234375,0.0,0.0,0.0,0.0,0.0,0.0,4.9,-0.0,-10.4,13.1,-17.7,3.2
7.430456161499023,-20.091104480315096,-33.16076105464127,-52.378195302476,85.53887935788333,20.091104365909757,-1.3643313562101009e-5,-20.134608482458894,-34.0302726394569,-45.19686859066108,82.73010553683146,20.17100853989083,-1.3736768195417826e-5,-17.75390625,-31.46484375,-66.357421875,99.580078125,17.314453125,0.615234375,0.0,0.0,0.0,0.0,0.0,0.0,5.9,-0.0,-11.4,22.3,-22.5,3.2
7.435458183288574,-20.10512375325915,-33.20079179549019,-52.078929921482114,85.27964465908454,20.10512363900871,-1.3663473239584282e-5,-20.12315063232049,-34.06699863007794,-44.898526954629034,82.46899450818628,20.17695970144735,-1.3748466524743881e-5,-17.75390625,-31.46484375,-66.357421875,99.4921875,17.666015625,0.615234375,0.0,0.0,0.0,0.0,8.7890625,0.0,6.7,-0.0,-12.2,27.9,-21.7,3.2
7.440460205078125,-20.118084484531757,-33.240683426198004,-51.779584576656354,85.02019089070942,20.11808437043469,-1.3682133770319839e-5,-20.110634273852824,-34.10356287951532,-44.60036831388245,82.2077666222166,20.181852461252575,-1.3758649533154783e-5,-17.75390625,-31.46484375,-66.357421875,99.404296875,18.28125,0.615234375,4.39453125,0.0,0.0,0.0,8.7890625,0.0,7.5,-0.0,-13.0,37.1,-14.8,3.2
7.445463180541992,-20.129981954854408,-33.28044248500709,-51.48011098851067,84.76047631153398,20.129981840909245,-1.3699284946681668e-5,-20.097049783695937,-34.139971270009596,-44.30235033608306,81.94638107639685,20.18568054926665,-1.3767306881263469e-5,-17.75390625,-31.46484375,-66.357421875,99.228515625,18.80859375,0.615234375,4.39453125,0.0,0.0,0.0,8.7890625,0.0,8.3,-0.0,-13.8,43.5,-8.4,3.2
7.450467109680176,-20.140822043440227,-33.3200695569287,-51.180519092689984,84.50051144219208,20.140821929645526,-1.3714931796081408e-5,-20.08240299382131,-34.176220524920055,-44.004485593818586,81.68484843963314,20.188449829572768,-1.3774445293174625e-5,-17.75390625,-31.46484375,-66.357421875,98.701171875,19.248046875,0.615234375,4.39453125,0.0,0.0,0.0,8.7890625,0.0,9.2,0.8,-15.6,46.4,-5.2,3.2
7.455467224121094,-20.150589381864634,-33.35952596508862,-50.88110362626714,84.24055234294848,20.150589268218837,-1.3729049223986554e-5,-20.066702776260943,-34.21227484279818,-43.70707268386561,81.42342740105542,20.190152610215918,-1.378004934601952e-5,-17.841796875,-31.46484375,-66.357421875,98.0859375,19.775390625,0.615234375,4.39453125,0.0,0.0,-61.5234375,105.46875,0.0,10.0,1.7,-16.4,48.8,-0.6,3.2
7.460479021072388,-20.159317147835402,-33.398934059409704,-50.58094653068588,83.9798033050324,20.159317034337462,-1.3741682380026436e-5,-20.04990332929608,-34.24824227391346,-43.40920343060446,81.16131811974913,20.19079705782102,-1.3784139451813182e-5,-17.841796875,-31.46484375,-66.26953125,97.294921875,20.126953125,0.615234375,-4.39453125,0.0,4.39453125,-61.5234375,105.46875,0.0,10.8,2.5,-16.4,48.6,1.0,3.2
7.465479135513306,-20.16696013843498,-33.438109134714004,-50.28145673196407,83.71948854947496,20.16696002508317,-1.375276350348437e-5,-20.032078412740958,-34.28395327736129,-43.11228180658495,80.8997523116962,20.19037563827071,-1.3786689243515773e-5,-17.9296875,-31.46484375,-66.26953125,96.591796875,20.302734375,0.615234375,-4.39453125,0.0,4.39453125,-61.5234375,105.46875,0.0,11.6,4.1,-18.0,50.2,0.2,3.2
7.47048020362854,-20.173544870807792,-33.47715068493746,-49.98188759950954,83.45896093951009,20.173544757600816,-1.3762328732549257e-5,-20.01319013932878,-34.3194953472733,-42.815570475790466,80.63807971057626,20.188894471450425,-1.3787714985574513e-5,-17.9296875,-31.46484375,-66.181640625,95.80078125,20.390625,0.615234375,-4.39453125,0.0,4.39453125,-61.5234375,105.46875,0.0,12.4,5.7,-18.8,50.7,0.2,3.2
7.4754931926727295,-20.179078510517602,-33.51614282788246,-49.681592075636814,83.19765753522535,20.17907839745451,-1.37703867854513e-5,-19.993189769414457,-34.35494339497043,-42.51843548895797,80.3757363719339,20.186343018153206,-1.378720822921635e-5,-18.017578125,-31.46484375,-66.09375,95.09765625,20.390625,0.615234375,-4.39453125,0.0,4.39453125,-158.203125,39.55078125,0.0,12.4,7.0,-18.8,50.7,0.2,3.2
7.480494022369385,-20.183536838103993,-33.554897963608155,-49.3820229817009,82.93684355813829,20.18353672518319,-1.3776900764385517e-5,-19.972175698528872,-34.39012380746492,-42.2223189191583,80.11399309622973,20.182735879079733,-1.378517486184839e-5,-18.10546875,-31.46484375,-66.005859375,94.04296875,20.390625,0.615234375,-8.7890625,0.0,8.7890625,-158.203125,39.55078125,0.0,13.2,9.4,-20.4,50.4,-0.0,3.2
7.485494136810303,-20.186932801626234,-33.59350446975895,-49.08250504057737,82.67593210871507,20.186932688846507,-1.3781888245813332e-5,-19.950102546304155,-34.42511486460113,-41.92655779339175,79.85226142241603,20.178067527994124,-1.3781614522091971e-5,-18.10546875,-31.552734375,-65.91796875,93.1640625,20.390625,0.615234375,-8.7890625,0.0,8.7890625,-158.203125,39.55078125,0.0,13.2,9.4,-20.4,50.4,-0.0,3.2
7.490495204925537,-20.189268465700387,-33.63197458915768,-48.78294883130892,82.41484600881316,20.18926835306061,-1.3785351260648509e-5,-19.92696384147282,-34.459924798998834,-41.63106911590498,79.59046469822816,20.172337320647642,-1.3776528011364429e-5,-18.28125,-31.640625,-65.830078125,92.28515625,20.390625,0.615234375,-8.7890625,-4.39453125,8.7890625,-158.203125,39.55078125,0.0,12.1,11.0,-22.0,50.4,-0.0,3.2
7.495496034622192,-20.190542161625494,-33.67029816395837,-48.48343632294457,82.15365706964309,20.19054204912456,-1.3787286704013304e-5,-19.902763955468025,-34.494541964013884,-41.33593975387193,79.32867593942527,20.165545494158184,-1.3769915860351296e-5,-18.28125,-31.728515625,-65.7421875,91.494140625,20.390625,0.615234375,-8.7890625,-4.39453125,8.7890625,-171.38671875,0.0,0.0,12.9,11.0,-22.8,51.2,-0.0,3.2
7.500497102737427,-20.190754757177128,-33.70847801629238,-48.18394979871456,81.89235039656313,20.190754644814007,-1.3787695424898187e-5,-19.877501298481974,-34.52896595414686,-41.041158011603194,79.06688109106823,20.157692130408893,-1.3761779750153591e-5,-18.45703125,-31.81640625,-65.56640625,90.52734375,20.390625,0.615234375,-17.578125,-4.39453125,21.97265625,-171.38671875,0.0,0.0,12.1,11.8,-23.6,50.4,-0.0,3.2
7.505497217178345,-20.189905832316704,-33.74650399110355,-47.88457150821504,81.63099808411518,20.1899057200904,-1.3786576711221821e-5,-19.851181497851996,-34.56318492178589,-40.7468110611671,78.80515340309279,20.148778715721512,-1.3752122581586252e-5,-18.544921875,-31.904296875,-65.478515625,89.6484375,20.390625,0.615234375,-17.578125,-17.578125,21.97265625,-171.38671875,0.0,0.0,11.3,12.6,-24.4,50.4,-0.0,3.2
7.510499000549316,-20.187995178997177,-33.78439495801913,-47.58515560186604,81.3694731523472,20.187995066906808,-1.3783930499345977e-5,-19.823790964508945,-34.59721277984511,-40.45276185601976,78.54336673258186,20.13880079602928,-1.3740941457123178e-5,-18.6328125,-31.9921875,-65.302734375,88.59375,20.390625,0.615234375,-17.578125,-17.578125,21.97265625,-171.38671875,0.0,0.0,10.2,13.4,-25.3,50.4,-0.0,3.2
7.515500068664551,-20.185023099758304,-33.82213159118445,-47.285856016283915,81.10791021201949,20.18502298780301,-1.377975765105556e-5,-19.795342129205306,-34.63102916329985,-40.159168316745806,78.28165696591174,20.127762503843798,-1.3728242910974841e-5,-18.720703125,-32.16796875,-65.21484375,87.626953125,20.390625,0.615234375,-17.578125,-17.578125,21.97265625,-180.17578125,0.0,0.0,9.4,12.2,-26.9,49.6,-0.0,3.2
7.520665168762207,-20.180836303789356,-33.86094787919033,-46.97682923951858,80.8376997404014,20.180836191972745,-1.3773841889290932e-5,-19.764842394848888,-34.665734117660094,-39.8563997659558,78.01141696122008,20.115244806625626,-1.3713531949941292e-5,-18.80859375,-32.34375,-64.951171875,86.396484375,20.390625,0.615234375,-17.578125,-17.578125,30.76171875,-180.17578125,0.0,0.0,8.6,12.2,-26.9,48.0,-0.0,3.2
7.5257580280303955,-20.17561209607425,-33.89906477020273,-46.67222457700901,80.5712119903724,20.17561198439366,-1.3766434497747226e-5,-19.73367271289618,-34.69972610474643,-39.55833096042965,77.74502110213811,20.10180608267415,-1.3697463987192774e-5,-18.896484375,-32.51953125,-64.86328125,85.517578125,20.390625,0.615234375,-17.578125,-26.3671875,30.76171875,-180.17578125,0.0,0.0,7.0,11.4,-28.5,47.8,-0.0,3.2
7.5307581424713135,-20.169391449995132,-33.93633008509926,-46.373279085076575,80.3095318389611,20.169391338447447,-1.3757595384819646e-5,-19.701978521611146,-34.73288081871,-39.266173519927186,77.4835530032376,20.087520365530967,-1.3680135288131397e-5,-18.984375,-32.607421875,-64.6875,84.462890625,20.390625,0.615234375,-17.578125,-26.3671875,30.76171875,-180.17578125,0.0,0.0,5.1,12.2,-29.3,46.2,-0.0,3.2
7.535759210586548,-20.16213010254241,-33.97345103277014,-46.07439506863333,80.04776880014782,20.162129991127138,-1.374726431666028e-5,-19.669238242366557,-34.765812045297544,-38.97443954212712,77.22211933824244,20.072192256232377,-1.366132723094328e-5,-19.072265625,-32.783203125,-64.51171875,83.408203125,20.390625,0.615234375,-17.578125,-26.3671875,30.76171875,-193.359375,0.0,0.0,4.3,11.2,-30.9,43.5,-0.0,3.2
7.540762186050415,-20.153781773177705,-34.01042641887587,-45.775533202662345,79.78588235476766,20.15378166189444,-1.3735376964757044e-5,-19.63540072248418,-34.79853024860946,-38.68311444808084,76.96068608901915,20.055773917650022,-1.3640976140782788e-5,-19.16015625,-32.87109375,-64.3359375,82.44140625,20.302734375,0.615234375,-17.578125,-26.3671875,30.76171875,-193.359375,0.0,0.0,2.7,11.2,-31.7,39.5,-0.0,3.2
7.545764207839966,-20.144395159650156,-34.04723982578394,-45.476870978169075,79.52403357598969,20.14439504849853,-1.3722005202069398e-5,-19.600529272764227,-34.83100159461725,-38.392363509625,76.69941041008792,20.03831865936527,-1.3619159609857968e-5,-19.248046875,-33.046875,-64.16015625,81.73828125,20.21484375,0.615234375,-17.578125,-30.76171875,30.76171875,-193.359375,0.0,0.0,1.1,10.4,-32.5,37.7,-0.0,3.2
7.550779104232788,-20.133895682432136,-34.0839838163158,-45.1776024606592,79.26150909244922,20.133895571412243,-1.3707045154946056e-5,-19.56447885872063,-34.86331962865988,-38.10142863737215,76.43758761600802,20.019729578272436,-1.359575290222607e-5,-19.248046875,-33.22265625,-63.984375,80.947265625,20.126953125,0.615234375,-17.578125,-30.76171875,30.76171875,-193.359375,0.0,0.0,0.9,9.6,-34.1,34.5,-0.0,3.2
7.555779218673706,-20.12238753351852,-34.12046077097654,-44.879383701690465,78.99976733577532,20.122387422629835,-1.3690648146524723e-5,-19.527494631889066,-34.89528981353182,-37.81191101415697,76.1766683231275,20.000155480125873,-1.3570954640876477e-5,-19.3359375,-33.310546875,-63.80859375,80.244140625,20.0390625,0.615234375,-13.18359375,-30.76171875,30.76171875,-171.38671875,-17.578125,0.0,-0.7,9.3,-34.9,30.5,-0.0,3.2
7.560781002044678,-20.1097900377313,-34.156781971999585,-44.58125391662767,78.73795880389912,20.10978992697383,-1.3672702437531017e-5,-19.48941211614008,-34.92702349937174,-37.52290357605117,75.91581239629863,19.97948913758718,-1.3544627926433697e-5,-19.3359375,-33.486328125,-63.6328125,79.541015625,20.0390625,0.615234375,-13.18359375,-30.76171875,35.15625,-171.38671875,-17.578125,0.0,-0.7,8.5,-36.5,26.5,-0.0,3.2
7.565781116485596,-20.096159092091813,-34.192928341678794,-44.28341676555835,78.4762680789678,20.0961589814656,-1.3653290831516452e-5,-19.45030427644988,-34.95848178120712,-37.23459432572878,75.65519966968344,19.95779183656056,-1.351686170657912e-5,-19.3359375,-33.57421875,-63.369140625,78.92578125,20.0390625,0.615234375,-13.18359375,-26.3671875,35.15625,-171.38671875,-17.578125,0.0,-0.7,7.7,-37.3,23.0,-0.0,3.2
7.570781230926514,-20.08144298152875,-34.228902108631004,-43.98579557335589,78.21462071468423,20.08144287103402,-1.3632343741005438e-5,-19.410110929167764,-34.98968064614907,-36.94693789211281,75.39476349409271,19.93500915716504,-1.348758631368757e-5,-19.3359375,-33.75,-63.10546875,78.3984375,20.0390625,0.615234375,-13.18359375,-26.3671875,35.15625,-171.38671875,-17.578125,0.0,-0.2,6.9,-38.1,20.6,-0.0,3.2
7.575782060623169,-20.0656871169201,-34.26471354696154,-43.68835175244152,77.95298839738405,20.0656870065572,-1.3609929266830152e-5,-19.36887391283578,-35.02060564469566,-36.659887319680905,75.13447158720065,19.911185364243014,-1.3456869050684077e-5,-19.3359375,-33.92578125,-62.9296875,77.958984375,20.0390625,0.615234375,0.0,-26.3671875,35.15625,-127.44140625,0.0,0.0,-0.2,5.2,-39.7,19.4,-0.0,3.2
7.580782175064087,-20.048848139644576,-34.300341981243,-43.39119502535442,77.69146017435651,20.048848029414,-1.3585990648414757e-5,-19.32655721452847,-35.0512533974844,-36.37357927060577,74.87442042094219,19.88627939789342,-1.3424658414129647e-5,-19.3359375,-34.013671875,-62.578125,77.431640625,20.0390625,0.615234375,0.0,-26.3671875,48.33984375,-127.44140625,0.0,0.0,-0.2,5.2,-40.5,17.8,-0.0,3.2
7.586066007614136,-20.02993041992102,-34.337805006415536,-43.07744537947347,77.41517363204372,20.029930309830952,-1.3559117901093131e-5,-19.280715968625827,-35.08332189306685,-36.07177772561057,74.59983836267804,19.85883672959701,-1.3389076553467292e-5,-19.3359375,-34.1015625,-62.490234375,77.255859375,20.0390625,0.615234375,0.0,-26.3671875,48.33984375,-127.44140625,0.0,0.0,-0.2,4.4,-41.3,17.3,-0.0,3.2
7.591066122055054,-20.010901982296993,-34.37306567475555,-42.7808278694677,77.15381686923268,20.01090187234072,-1.353211299557319e-5,-19.23620962985109,-35.11337443087457,-35.78696357749284,74.34024070858828,19.831740879170372,-1.3353864297002958e-5,-19.3359375,-34.27734375,-62.2265625,76.81640625,20.0390625,0.615234375,0.0,-26.3671875,48.33984375,-127.44140625,0.0,0.0,-0.0,3.6,-42.2,14.9,-0.0,3.2
7.596067190170288,-19.990844982889968,-34.4081565056373,-42.48442796458547,76.89250787834659,19.990844873068443,-1.3503674924164695e-5,-19.19066991976448,-35.14311992492675,-35.502832114794444,74.08082611287254,19.803614738321265,-1.3317249895530045e-5,-19.3359375,-34.365234375,-61.875,76.46484375,20.0390625,0.615234375,0.0,-26.3671875,48.33984375,-79.1015625,0.0,0.0,-0.0,2.9,-43.8,12.2,-0.0,3.2
7.601071119308472,-19.96967697591705,-34.44307468177227,-42.18816841293691,76.63116659054523,19.96967686623153,-1.347369422317184e-5,-19.14400478573286,-35.17258239705904,-35.21935629762739,73.8215272394822,19.774372778977295,-1.327912478595896e-5,-19.3359375,-34.453125,-61.69921875,76.201171875,20.0390625,0.615234375,0.0,-26.3671875,52.734375,-79.1015625,0.0,0.0,-0.0,2.9,-44.6,12.2,-0.0,3.2
7.60607123374939,-19.94749976479802,-34.47778326353317,-41.89243879643999,76.37014564769461,19.947499655249672,-1.3442318538258863e-5,-19.09635014692627,-35.20169252898751,-34.93688602159612,73.56268627203582,19.744127599692927,-1.3239646547145047e-5,-19.3359375,-34.541015625,-61.34765625,75.849609375,20.0390625,0.615234375,0.0,-21.97265625,52.734375,-79.1015625,0.0,0.0,-0.0,2.1,-45.4,11.0,-0.0,3.2
7.611072063446045,-19.924221223882746,-34.51229720998346,-41.59700897479584,76.10922986893686,19.924221114473152,-1.3409426006781785e-5,-19.047590943588126,-35.23049036090377,-34.655249800860375,73.30410209728987,19.712779767433858,-1.3198690096794669e-5,-19.248046875,-34.62890625,-60.99609375,75.5859375,20.0390625,0.615234375,0.0,-21.97265625,52.734375,-79.1015625,0.0,0.0,-0.0,1.3,-47.0,8.6,-0.0,3.2
7.616075038909912,-19.899906424781015,-34.54663586874848,-41.30178782467762,75.8483474782981,19.899906315511892,-1.3375112071613152e-5,-18.997785063221492,-35.25895198346981,-34.37433784698033,73.04569597653274,19.6803920721031,-1.3156347490905846e-5,-19.248046875,-34.716796875,-60.732421875,75.41015625,20.0390625,0.615234375,0.0,-21.97265625,52.734375,-61.5234375,0.0,0.0,-0.0,1.3,-48.6,7.6,-0.0,3.2
7.621079206466675,-19.874486576457887,-34.5807751167232,-41.006872763714746,75.58757177058274,19.874486467331245,-1.3339289354739563e-5,-18.94686876267494,-35.28708541536425,-34.0942947301651,72.78755350378404,19.646897270664383,-1.311253726474315e-5,-19.248046875,-34.8046875,-60.29296875,75.234375,20.0390625,0.615234375,4.39453125,-21.97265625,57.12890625,-61.5234375,0.0,0.0,-0.0,0.5,-49.4,9.2,0.8,3.2
7.626083135604858,-19.848040441381976,-34.61471479572164,-40.71234006300355,75.32697885837229,19.848040332399894,-1.3302072319910862e-5,-18.894928200789934,-35.31484896688538,-33.815169107177134,72.52974229245271,19.612376463362942,-1.3067374878048605e-5,-19.16015625,-34.892578125,-60.029296875,75.05859375,20.0390625,0.615234375,4.39453125,-17.578125,57.12890625,-61.5234375,0.0,0.0,-0.0,-0.3,-50.2,11.6,0.9,3.2
7.631084203720093,-19.820511696707378,-34.64841926401141,-40.41838711711191,75.06673049472984,19.820511587872243,-1.3263392436437203e-5,-18.841920647487257,-35.34224243911664,-33.53720120052914,72.27243545737394,19.57677757733665,-1.3020800414374036e-5,-19.16015625,-34.98046875,-59.677734375,74.8828125,20.0390625,0.615234375,4.39453125,-17.578125,57.12890625,-61.5234375,0.0,0.0,-0.0,-0.3,-50.9,11.6,0.9,3.2
7.6360862255096436,-19.791950632134917,-34.68192399508786,-40.1247801629334,74.80662838983355,19.791950523449305,-1.3223323734295712e-5,-18.787877066723706,-35.369251612933525,-33.260145222549184,72.01542906847804,19.540144778526898,-1.2972880391887692e-5,-19.16015625,-35.068359375,-59.4140625,74.70703125,20.0390625,0.615234375,4.39453125,-17.578125,57.12890625,-30.76171875,0.0,0.0,-0.0,-0.2,-53.3,10.4,0.8,3.2
7.641088008880615,-19.762293394631847,-34.715202102652185,-39.83163550379409,74.54676196096867,19.762293286098746,-1.31817886320738e-5,-18.73273995839656,-35.395884361879354,-32.98416751870151,71.75882523675597,19.502416165117296,-1.292354375477548e-5,-19.16015625,-35.068359375,-58.974609375,74.53125,20.0390625,0.615234375,4.39453125,-17.578125,70.3125,-30.76171875,0.0,0.0,-0.0,-0.2,-53.3,8.8,0.8,3.2
7.646088123321533,-19.731619250063858,-34.74825395873321,-39.53902601593368,74.28720445607327,19.731619141686274,-1.3138901367059791e-5,-18.676595984166557,-35.42209598737575,-32.709311093970726,71.50268828982358,19.463673345485898,-1.2872905306418665e-5,-19.16015625,-35.15625,-58.623046875,74.35546875,20.0390625,0.615234375,4.39453125,-13.18359375,70.3125,-30.76171875,0.0,0.0,-0.0,-0.2,-54.9,6.8,1.6,3.2
7.6510910987854,-19.699829974769557,-34.781089619624865,-39.2467361402053,74.0277503726937,19.69982986655117,-1.3094537851724184e-5,-18.619324178369514,-35.447924955150924,-32.43543335450754,71.24682980233308,19.423810824405358,-1.2820838761184081e-5,-19.16015625,-35.15625,-58.271484375,74.1796875,20.0390625,0.615234375,4.39453125,-13.18359375,70.3125,-30.76171875,0.0,0.0,-0.0,-0.2,-55.7,8.4,2.4,3.2
7.656091213226318,-19.667031707211756,-34.81368145267004,-38.95508801080905,73.76869421193172,19.66703159915611,-1.3048849338499252e-5,-18.56105993208879,-35.47330224986549,-32.16280993244365,70.99153214490823,19.38294400985186,-1.2767502344471635e-5,-19.16015625,-35.244140625,-57.919921875,74.00390625,20.0390625,0.615234375,0.0,-13.18359375,70.3125,-35.15625,0.0,0.0,-0.0,-0.0,-57.3,12.6,2.6,3.2
7.661092042922974,-19.63313209865906,-34.84603211236286,-38.663925300235775,73.50988230114635,19.633131990770405,-1.3001721581926782e-5,-18.50169307011914,-35.4982617261821,-31.891357246730642,70.7366586805,19.34097483254913,-1.271278129251325e-5,-19.16015625,-35.244140625,-57.48046875,73.828125,20.0390625,0.615234375,0.0,-13.18359375,79.1015625,-35.15625,0.0,0.0,-0.0,-0.0,-58.1,15.8,2.6,3.2
7.666093111038208,-19.598203430734664,-34.87814854071265,-38.373262283402646,73.25133585696321,19.59820332301728,-1.2953258021043133e-5,-18.441298406958133,-35.52275897029352,-31.62106157572909,70.48222215264107,19.297976380924197,-1.2656777758089603e-5,-19.16015625,-35.33203125,-57.041015625,73.65234375,20.0390625,0.615234375,0.0,-8.7890625,79.1015625,-35.15625,0.0,0.0,-0.8,-0.0,-58.9,18.2,3.2,3.2
7.671093225479126,-19.562185063310586,-34.910001228132295,-38.08322414039987,72.99315055012745,19.56218495576938,-1.29033902562302e-5,-18.379821823032586,-35.54680437739699,-31.352105787349227,70.22833226404319,19.253890002188314,-1.2599430278818559e-5,-19.248046875,-35.33203125,-56.513671875,73.388671875,20.0390625,0.615234375,0.0,-8.7890625,79.1015625,-35.15625,0.0,0.0,-2.6,-0.0,-59.8,19.8,4.0,3.2
7.676094055175781,-19.5251341465052,-34.94161115370332,-37.79369880109944,72.73523528935468,19.525134039145183,-1.2852200079224722e-5,-18.3173120686336,-35.57036147743983,-31.08435745611217,69.97489102757547,19.20877019174985,-1.2540815913839913e-5,-19.248046875,-35.419921875,-56.162109375,73.125,20.0390625,0.615234375,-4.39453125,-8.7890625,79.1015625,-43.9453125,0.0,0.0,-3.4,-0.0,-61.4,19.5,4.2,3.2
7.681094169616699,-19.48699229755526,-34.97294614438957,-37.50482877979812,72.47770041613722,19.486992190382125,-1.27996239201349e-5,-18.253718561506115,-35.59344043853108,-30.818018987563,69.72202321597516,19.16256095352408,-1.2480878560982017e-5,-19.248046875,-35.419921875,-55.72265625,72.7734375,20.0390625,0.615234375,-4.39453125,-8.7890625,83.49609375,-43.9453125,0.0,0.0,-3.4,-0.0,-62.2,16.3,4.2,3.2
7.6860949993133545,-19.44781754825586,-35.00402578012379,-37.21651452199382,72.22046595566462,19.447817441275415,-1.2745744133046532e-5,-18.18909214097691,-35.61600053100827,-30.552968749624895,69.4696416719539,19.11531804985885,-1.2419696022829554e-5,-19.248046875,-35.5078125,-55.1953125,72.421875,20.0390625,0.615234375,-4.39453125,-8.7890625,83.49609375,-43.9453125,0.0,0.0,-4.2,-0.0,-63.0,12.1,4.0,3.2
7.6910951137542725,-19.407552298800937,-35.03481671324719,-36.92890209577662,71.96364462859577,19.407552192019736,-1.2690499972613168e-5,-18.123383078003258,-35.63805305307905,-30.289415934301736,69.21787415078747,19.066986283571843,-1.2357215176817857e-5,-19.248046875,-35.5078125,-54.755859375,72.158203125,20.0390625,0.615234375,-4.39453125,-8.7890625,83.49609375,-43.9453125,0.0,0.0,-4.3,-0.0,-64.5,9.7,4.0,3.2
7.69609522819519,-19.366259835914363,-35.065334347147505,-36.64193154477152,71.70719188168108,19.366259729339045,-1.2633980237051005e-5,-18.056651096559047,-35.6595509530167,-30.027274039683526,68.96666803919486,19.01762782573094,-1.2293521126794746e-5,-19.072265625,-35.5078125,-54.228515625,71.89453125,20.0390625,0.615234375,8.7890625,-8.7890625,83.49609375,-61.5234375,0.0,0.0,-3.5,-0.0,-65.3,8.2,4.0,3.2
7.701096057891846,-19.3238653084366,-35.095557079592865,-36.35562972385151,71.45111296785936,19.323865202074735,-1.2576102413738268e-5,-17.988818375615274,-35.6805158624055,-29.766647354645308,68.71604658112743,18.967166783843535,-1.2228536032601228e-5,-19.072265625,-35.595703125,-53.7890625,71.71875,20.0390625,0.615234375,8.7890625,-8.7890625,96.6796875,-61.5234375,0.0,0.0,-3.5,-0.0,-66.1,9.0,6.4,3.2
7.70609712600708,-19.280441165454786,-35.12549324126202,-36.070003631796844,71.19542321629002,19.28044105931397,-1.251696704096621e-5,-17.919959855230747,-35.70089211932371,-29.50750944823374,68.46601566135716,18.91567641382308,-1.2162358309286331e-5,-18.984375,-35.595703125,-53.26171875,71.54296875,20.0390625,0.615234375,8.7890625,-4.39453125,96.6796875,-61.5234375,0.0,0.0,-3.5,-0.0,-66.9,13.2,6.7,3.2
7.7110981941223145,-19.235920958460092,-35.15511397078592,-35.78513897433049,70.94017947158912,19.23592085254895,-1.2456504975921783e-5,-17.850011050792446,-35.720698334017314,-29.250022537210782,68.21664985538288,18.86309078323785,-1.2094925005761144e-5,-18.984375,-35.595703125,-52.734375,71.3671875,20.0390625,0.615234375,8.7890625,-4.39453125,96.6796875,-61.5234375,0.0,0.0,-3.1,-0.0,-67.7,16.4,6.7,3.2
7.716100215911865,-19.19036425263817,-35.18443644319376,-35.50095942873866,70.68532258582601,19.19036414696537,-1.2394798354301817e-5,-17.779026728778607,-35.73988131358752,-28.99408324746292,67.96788200351028,18.809467955624164,-1.2026313918614403e-5,-18.984375,-35.68359375,-52.20703125,71.103515625,20.0390625,0.615234375,4.39453125,-4.39453125,96.6796875,-39.55078125,0.0,0.0,-3.9,-0.0,-67.7,18.3,7.2,3.2
7.7211010456085205,-19.143722723947093,-35.21341914322328,-35.217663219893915,70.43100926879762,19.143722618522368,-1.2331804455426218e-5,-17.706970310443552,-35.75845341567175,-28.73995934787601,67.71988496270515,18.754763219003557,-1.1956491304940963e-5,-18.984375,-35.68359375,-51.6796875,70.83984375,19.951171875,0.615234375,4.39453125,-4.39453125,101.07421875,-39.55078125,0.0,0.0,-4.7,-0.0,-68.5,19.9,7.2,3.2
7.726102113723755,-19.096051232414176,-35.24208238936283,-34.93514516733635,70.17715465830628,19.096051127247318,-1.2267598080678295e-5,-17.633889415156084,-35.7763599393952,-28.487519892651726,67.47256621144552,18.699029160797252,-1.1885526798878751e-5,-18.984375,-35.68359375,-51.240234375,70.576171875,19.86328125,0.615234375,4.39453125,-4.39453125,101.07421875,-39.55078125,0.0,0.0,-5.5,-0.0,-69.3,21.2,7.3,3.2
7.731102228164673,-19.047293831841962,-35.270388780469354,-34.65355342940025,69.92386951176024,19.047293726943998,-1.2202128048048265e-5,-17.559735082296157,-35.79361830274298,-28.236991651112437,67.22605452842829,18.642211930357032,-1.1813376960674827e-5,-18.896484375,-35.68359375,-50.625,70.224609375,19.775390625,0.615234375,4.39453125,-4.39453125,101.07421875,-39.55078125,0.0,0.0,-5.9,-0.0,-68.2,20.4,7.3,3.2
7.7361040115356445,-18.99749231629547,-35.298365422074866,-34.372714712676384,69.67100764111044,18.99749221167754,-1.2135450773378986e-5,-17.484535796859326,-35.810173518818324,-27.988182412873087,66.98019766681446,18.58434912597752,-1.1740091352886728e-5,-18.896484375,-35.68359375,-50.09765625,69.873046875,19.599609375,0.615234375,4.39453125,-4.39453125,101.07421875,-57.12890625,-17.578125,0.0,-6.7,-0.0,-69.0,16.4,5.5,3.2
7.741298198699951,-18.944618840325926,-35.32702568296409,-34.0820584025953,69.40901180887748,18.944618736012,-1.2064889275445187e-5,-17.405296733177227,-35.826633427811295,-27.731892570283108,66.72574016673799,18.523105777397156,-1.1662751799270798e-5,-18.896484375,-35.771484375,-49.482421875,69.521484375,19.423828125,0.615234375,4.39453125,-4.39453125,105.46875,-57.12890625,-17.578125,0.0,-7.5,-0.0,-69.0,13.2,3.9,3.2
7.746302127838135,-18.89262253387566,-35.3542657877883,-33.80298282371159,69.157176548061,18.89262242986746,-1.1995716813970392e-5,-17.327909525652927,-35.84173174249556,-27.486965808429407,66.48141461721356,18.46304768460256,-1.1587128433059004e-5,-18.896484375,-35.771484375,-48.955078125,69.2578125,19.3359375,0.615234375,4.39453125,-4.39453125,105.46875,-57.12890625,-17.578125,0.0,-8.3,-0.0,-69.0,10.5,2.9,3.2
7.751303195953369,-18.83957782295218,-35.38110249658375,-33.52504938873643,68.90608003930069,18.83957771926341,-1.1925380938695832e-5,-17.249498093557605,-35.856078512347075,-27.244250341637272,66.23808122208114,18.401947456074588,-1.1510427045474302e-5,-18.896484375,-35.859375,-48.515625,68.994140625,19.3359375,0.615234375,4.39453125,-4.39453125,105.46875,-57.12890625,-17.578125,0.0,-9.1,-0.0,-68.8,8.1,2.9,3.2
7.75630521774292,-18.78547851470013,-35.4075575242629,-33.24804682988922,68.65553272975052,18.78547841134509,-1.1853879726704076e-5,-17.170037158657227,-35.869637355494035,-27.00355640800756,65.9955540388751,18.3397928309463,-1.1432639642506049e-5,-18.896484375,-35.859375,-47.900390625,68.818359375,19.248046875,0.615234375,0.0,-4.39453125,105.46875,-57.12890625,-17.578125,0.0,-9.1,-0.0,-68.8,6.6,2.2,3.2
7.762306213378906,-18.719164756120744,-35.43875753708585,-32.91709771638364,68.35578390054795,18.719164653186525,-1.1766563025606052e-5,-17.073310946836546,-35.88484964600592,-26.717673024943153,65.70578061560497,18.263817531744287,-1.133789202766545e-5,-18.80859375,-35.947265625,-47.197265625,68.5546875,19.248046875,0.615234375,0.0,-4.39453125,109.86328125,-57.12890625,-17.578125,0.0,-8.3,-0.0,-67.2,4.2,2.2,3.2
7.767343997955322,-18.66230830091001,-35.46448193069648,-32.640467058045004,68.10487786843059,18.662308198347333,-1.1691986150113158e-5,-16.990936236779675,-35.89670181049787,-26.480179474064677,65.4635540299958,18.198852602502328,-1.1257171812573375e-5,-18.80859375,-35.947265625,-46.669921875,68.466796875,19.248046875,0.615234375,0.0,-8.7890625,109.86328125,-57.12890625,-17.578125,0.0,-9.1,-0.0,-67.2,4.4,3.2,3.2
7.7723472118377686,-18.60479137484368,-35.48960238635114,-32.36683291707976,67.85636441829288,18.604791272667175,-1.1616807128637968e-5,-16.908088129846828,-35.90759895180326,-26.246602859155608,65.22393756507745,18.133285044968343,-1.1175977067346754e-5,-18.80859375,-36.03515625,-46.142578125,68.37890625,19.248046875,0.615234375,0.0,-8.7890625,109.86328125,-30.76171875,-4.39453125,0.0,-8.9,-0.0,-67.0,6.0,5.6,3.2
7.777349233627319,-18.546214658412673,-35.51426705257733,-32.094422516396676,67.60861892319427,18.546214556640795,-1.1540522581737506e-5,-16.824199159423195,-35.91761793928713,-26.015488118960548,64.9853768206512,18.066662019236002,-1.109376692097213e-5,-18.80859375,-36.03515625,-45.615234375,68.291015625,19.248046875,0.615234375,4.39453125,-8.7890625,109.86328125,-30.76171875,-4.39453125,0.0,-9.7,-0.0,-67.0,10.8,6.9,3.2
7.782351016998291,-18.486593439432873,-35.538478302299914,-31.82319242141014,67.36160032140769,18.486593338084727,-1.1463160398180954e-5,-16.739280154900747,-35.92671185414119,-25.786802103429103,64.74783221363818,17.998997380335066,-1.1010567341699575e-5,-18.720703125,-36.03515625,-45.087890625,68.203125,19.16015625,0.615234375,4.39453125,-8.7890625,109.86328125,-30.76171875,-4.39453125,0.0,-8.9,-0.0,-66.2,15.6,6.1,3.2
7.787353038787842,-18.425896894931544,-35.5622135605375,-31.55318325253369,67.11532665848006,18.425896794027814,-1.1384702378371247e-5,-16.653298914435773,-35.934875271615596,-25.560653666045038,64.51133677631225,17.930259767011737,-1.0926363065285181e-5,-18.720703125,-36.123046875,-44.560546875,68.02734375,19.072265625,0.615234375,4.39453125,-8.7890625,109.86328125,-30.76171875,-4.39453125,0.0,-9.7,-0.0,-66.2,18.8,4.7,3.2
7.79235315322876,-18.364176995002403,-35.58545979504843,-31.284520167812467,66.86991005999897,18.36417689456421,-1.1305223827421063e-5,-16.566318639634904,-35.942053660355256,-25.337151862546193,64.27599834887263,17.86050470579665,-1.0841230963556333e-5,-18.720703125,-36.123046875,-43.9453125,67.763671875,18.984375,0.615234375,4.39453125,-8.7890625,109.86328125,-26.3671875,-13.18359375,0.0,-10.5,-0.0,-64.6,17.2,3.9,3.2
7.7973551750183105,-18.301362044098738,-35.60820841474718,-31.01706808399406,66.62520685190754,18.301361944149242,-1.1224654961934713e-5,-16.478249469423947,-35.94824556075779,-25.116262507509056,64.04169560574115,17.789654619034703,-1.07551004770996e-5,-18.6328125,-36.2109375,-43.41796875,67.587890625,18.896484375,0.615234375,8.7890625,-8.7890625,109.86328125,-26.3671875,-13.18359375,0.0,-10.5,-0.8,-63.8,14.2,3.0,3.2
7.802358150482178,-18.237488075671017,-35.63045100739529,-30.750889979496023,66.38127160023402,18.237487976233986,-1.114305062992245e-5,-16.389132676246394,-35.95339487588041,-24.89804441999548,63.80848163397881,17.71774718918035,-1.0668026736492813e-5,-18.544921875,-36.2109375,-42.890625,67.236328125,18.896484375,0.615234375,8.7890625,-8.7890625,105.46875,-26.3671875,-13.18359375,0.0,-10.5,-0.8,-63.8,11.8,3.0,3.2
7.807361125946045,-18.172543071766494,-35.652155415518514,-30.486110226420024,66.13819651964317,18.17254297286745,-1.1060418869371916e-5,-16.298962238017694,-35.957492633316534,-24.682681583075887,63.5764618857463,17.644772198512662,-1.0580022308720916e-5,-18.544921875,-36.2109375,-42.36328125,66.97265625,18.896484375,0.615234375,8.7890625,-4.39453125,105.46875,-26.3671875,-13.18359375,0.0,-11.3,-0.8,-63.0,11.6,6.4,3.2
7.812362194061279,-18.106576570455022,-35.67330926357786,-30.222841303164998,65.89608171278962,18.106576472120025,-1.0976831065567886e-5,-16.20779773487614,-35.96048167939831,-24.47027083554798,63.34573256385369,17.570782366135937,-1.0491159735719972e-5,-18.45703125,-36.298828125,-41.923828125,66.796875,18.80859375,0.615234375,8.7890625,-4.39453125,105.46875,-48.33984375,-8.7890625,0.0,-11.4,-1.8,-62.9,15.6,7.2,3.2
7.81736421585083,-18.039528085272153,-35.693895609145656,-29.96100872104985,65.65483574879892,18.03952798752955,-1.0892234395215705e-5,-16.115565510898065,-35.96235541376604,-24.260836187311234,63.11622431600724,17.49571290227571,-1.0401386611137036e-5,-18.45703125,-36.298828125,-41.396484375,66.62109375,18.720703125,0.615234375,8.7890625,-4.39453125,105.46875,-48.33984375,-8.7890625,0.0,-12.2,-1.0,-62.1,19.0,6.8,3.2
7.822365999221802,-17.971436909717077,-35.713904282269745,-29.700688912094016,65.41452488957486,17.97143681259591,-1.0806687244648674e-5,-16.022311323485674,-35.96305465068679,-24.05444604852341,62.88800140153225,17.41960514154308,-1.0310761686555306e-5,-18.369140625,-36.298828125,-40.869140625,66.4453125,18.6328125,0.615234375,8.7890625,-4.39453125,101.07421875,-48.33984375,-8.7890625,0.0,-12.2,-1.0,-61.3,19.8,6.0,3.2
7.82736611366272,-17.902300731311616,-35.73329910193476,-29.442035640051447,65.1752667178537,17.90230063484288,-1.0720211070527708e-5,-15.928041372513805,-35.962570615454325,-23.851309133934052,62.661193917883026,17.34245937052412,-1.0219311280006662e-5,-18.28125,-36.298828125,-40.341796875,66.26953125,18.544921875,0.615234375,8.7890625,-4.39453125,101.07421875,-48.33984375,-8.7890625,0.0,-12.2,-1.0,-60.5,17.8,4.6,3.2
7.832367181777954,-17.832106618184888,-35.75208455887,-29.184927830976925,64.93694465046828,17.832106522400807,-1.063279844379633e-5,-15.83273001684492,-35.960842335058445,-23.651336886192187,62.435692587436115,17.264258590543587,-1.0127024432151672e-5,-18.193359375,-36.298828125,-39.814453125,66.005859375,18.369140625,0.615234375,8.7890625,-4.39453125,101.07421875,-43.9453125,-17.578125,0.0,-12.2,-0.7,-59.7,15.4,3.0,3.2
7.837368011474609,-17.76084907107712,-35.77022341128867,-28.929511543785786,64.6996675045574,17.760848976012085,-1.0544467947485827e-5,-15.736379159783342,-35.95786040107538,-23.454734894809548,62.21162001734662,17.18499954328425,-1.0033924330971554e-5,-18.10546875,-36.298828125,-39.19921875,65.654296875,18.369140625,0.615234375,13.18359375,-4.39453125,105.46875,-43.9453125,-17.578125,0.0,-12.2,-0.7,-58.9,11.4,2.9,3.2
7.842368125915527,-17.688558083154856,-35.78770772658432,-28.675826550752564,64.46346711966412,17.688557988844128,-1.045526545931055e-5,-15.639021674857865,-35.953561886615375,-23.261539550912403,61.98900755861271,17.10471312446427,-9.940056374702219e-6,-18.10546875,-36.298828125,-38.84765625,65.302734375,18.28125,0.615234375,13.18359375,-4.39453125,105.46875,-43.9453125,-17.578125,0.0,-13.0,-0.7,-58.1,8.2,2.1,3.2
7.847369194030762,-17.615187733852697,-35.80450867128529,-28.42387732247377,64.22831913308698,17.61518764033431,-1.0365160493708247e-5,-15.540604775619988,-35.9479355896466,-23.071849741019626,61.767852778459435,17.023351100660925,-9.845391962917482e-6,-18.017578125,-36.298828125,-38.232421875,64.86328125,18.28125,0.615234375,13.18359375,0.0,105.46875,-43.9453125,-17.578125,0.0,-11.9,-0.7,-57.2,4.0,2.3,3.2
7.852370023727417,-17.540778007037126,-35.82061511982886,-28.1737411885389,63.994289748687486,17.540777914349952,-1.027421105732404e-5,-15.441174931377123,-35.94091638480795,-22.885729593661225,61.54821948774922,16.940955508497893,-9.749989252560957e-6,-17.9296875,-36.298828125,-37.880859375,64.6875,18.28125,0.615234375,13.18359375,0.0,105.46875,-65.91796875,-8.7890625,0.0,-11.1,-0.8,-56.4,2.4,2.3,3.2
7.857371091842651,-17.465300438504215,-35.835991932272194,-27.925488031410417,63.761413709088,17.465300346689894,-1.0182409252736228e-5,-15.340702880990278,-35.93249393622291,-22.703329939458985,61.33016171021793,16.85749750242748,-9.653843392486548e-6,-17.75390625,-36.298828125,-37.44140625,64.599609375,18.28125,0.615234375,17.578125,0.0,105.46875,-65.91796875,-8.7890625,0.0,-9.5,-0.8,-55.6,1.9,2.4,3.2
7.862371206283569,-17.388795713706592,-35.850627972382746,-27.679194680319107,63.52975670711913,17.388795622807642,-1.0089813320524479e-5,-15.239235789082109,-35.922602004306476,-22.524711032057677,61.113742324727255,16.773019821649495,-9.557012598162897e-6,-17.666015625,-36.298828125,-37.001953125,64.599609375,18.28125,0.615234375,17.578125,0.0,92.28515625,-65.91796875,-8.7890625,0.0,-8.7,-0.8,-54.8,1.9,2.4,3.2
7.86737322807312,-17.311198741527768,-35.8644925803604,-27.43481939815181,63.299246346117855,17.31119865159013,-9.99637223001239e-6,-15.136695970115642,-35.91122496738096,-22.34994538965631,60.89891616954876,16.687453220290955,-9.459446968826778e-6,-17.578125,-36.298828125,-36.474609375,64.51171875,18.28125,0.615234375,17.578125,0.0,92.28515625,-65.91796875,-8.7890625,0.0,-7.9,-0.8,-53.2,1.4,2.4,3.2
7.872377157211304,-17.232530446804123,-35.8775764664847,-27.19238402205623,63.069895173423596,17.232530357874936,-9.902120661966712e-6,-15.03310493064861,-35.898290414723796,-22.179054511291923,60.68569704237774,16.600818790285743,-9.361180237000843e-6,-17.490234375,-36.298828125,-36.03515625,64.423828125,18.28125,0.615234375,17.578125,0.0,92.28515625,-13.18359375,0.0,0.0,-6.7,-0.8,-52.3,0.6,2.4,3.2
7.8773791790008545,-17.152830586170555,-35.88982893598758,-26.95217623147034,62.84194017353333,17.15283049829927,-9.807134409390882e-6,-14.928523189795811,-35.883798446538606,-22.012345198825695,60.47432824722524,16.513162790232066,-9.262294743529219e-6,-17.314453125,-36.298828125,-35.5078125,64.423828125,18.28125,0.615234375,26.3671875,0.0,92.28515625,-13.18359375,0.0,0.0,-5.1,-0.8,-50.7,0.8,2.4,3.2
7.882381200790405,-17.07209065095256,-35.901245558182644,-26.714125263432468,62.61530615283024,17.07209056419022,-9.711412279549144e-6,-14.822933317434737,-35.86767267420052,-21.84976941971479,60.26474147809846,16.424473843769015,-9.16278672166402e-6,-17.2265625,-36.298828125,-35.15625,64.423828125,18.28125,0.615234375,26.3671875,0.0,92.28515625,-13.18359375,0.0,0.0,-4.3,-0.8,-50.7,0.8,2.4,3.2
7.8873820304870605,-16.99031094233327,-35.91178136345665,-26.478393946921287,62.39011097066613,16.990310856733885,-9.614983089529813e-6,-14.716343366253955,-35.849907496895135,-21.69154254684807,60.05706903978039,16.334754595725354,-9.062689248227874e-6,-17.138671875,-36.298828125,-34.8046875,64.423828125,18.28125,0.615234375,26.3671875,0.0,92.28515625,-13.18359375,0.0,0.0,-3.5,-0.8,-49.9,0.8,2.4,3.2
7.892385005950928,-16.907457256148984,-35.921432530806264,-26.244849776716272,62.16621830095157,16.907457171768645,-9.5178160473916e-6,-14.608703196673249,-35.83041772461452,-21.537577536345538,59.85118715593579,16.243965724080923,-8.96196815399809e-6,-17.138671875,-36.298828125,-34.27734375,64.423828125,18.28125,0.615234375,26.3671875,0.0,92.28515625,0.0,0.0,0.0,-3.5,-0.8,-48.3,0.8,2.4,3.2
7.897385120391846,-16.823594116003118,-35.93014501172178,-26.013837358344276,61.94391870043179,16.82359403290008,-9.420015885851638e-6,-14.50010405576726,-35.80921354387853,-21.38820718567205,59.647386945741104,16.152180168282758,-8.860735056473737e-6,-17.05078125,-36.298828125,-34.013671875,64.423828125,18.28125,0.615234375,8.7890625,0.0,92.28515625,0.0,0.0,0.0,-3.5,-1.6,-47.5,0.8,3.2,3.2
7.90238618850708,-16.738678346346248,-35.93791443848244,-25.785205202094467,61.723056311845745,16.738678264581054,-9.321541481352784e-6,-14.390484517901806,-35.78620606826834,-21.243330662249093,59.44552683232558,16.05934889181493,-8.758945179640531e-6,-17.05078125,-36.298828125,-33.662109375,64.423828125,18.28125,0.615234375,8.7890625,0.0,79.1015625,0.0,0.0,0.0,-3.5,-1.6,-47.5,3.2,6.4,3.2
7.907387018203735,-16.6527118253933,-35.94469190913164,-25.559124781967654,61.50375370721747,16.652711745029748,-9.222424915276636e-6,-14.279854376799104,-35.76139158050476,-21.103164643648952,59.24574362499648,15.965476164474019,-8.656634779954288e-6,-17.05078125,-36.298828125,-33.22265625,64.423828125,18.28125,0.615234375,8.7890625,0.0,79.1015625,0.0,0.0,0.0,-4.3,-1.6,-45.9,9.3,12.6,3.2
7.912387132644653,-16.56572304203884,-35.95046479239667,-25.335644422445753,61.28604657963901,16.565722963141937,-9.12270843190108e-6,-14.16824512363008,-35.73469847004311,-20.967733409913798,59.048070947569485,15.870591421249134,-8.553845389518152e-6,-16.962890625,-36.298828125,-32.6953125,64.3359375,18.10546875,0.615234375,8.7890625,0.0,79.1015625,0.0,0.0,0.0,-4.1,-2.5,-45.3,17.4,16.1,3.2
7.917388200759888,-16.477665080543616,-35.9551856574699,-25.11481167097704,61.06993504592639,16.47766500318258,-9.022368756442587e-6,-14.055603747192603,-35.70611035048233,-20.837174405045968,58.852534165506924,15.774645643064506,-8.450556102182883e-6,-16.962890625,-36.298828125,-32.51953125,64.3359375,17.9296875,0.615234375,8.7890625,0.0,79.1015625,0.0,0.0,0.0,-4.9,-2.5,-46.1,23.8,16.1,3.2
7.922389030456543,-16.388578540510572,-35.958840222554635,-24.896708473171728,60.855486769727634,16.38857846475561,-8.92146184664994e-6,-13.941977395854614,-35.675558628451604,-20.711527617936486,58.65919541217745,15.677681513223675,-8.346822576248274e-6,-16.962890625,-36.298828125,-32.16796875,64.248046875,17.578125,0.615234375,8.7890625,0.0,74.70703125,0.0,0.0,0.0,-5.7,-2.5,-45.3,31.0,15.3,3.2
7.927389144897461,-16.29845478060898,-35.96137673939653,-24.681482242559333,60.64279741633979,16.298454706533988,-8.820008868735038e-6,-13.82736197607042,-35.643041318830264,-20.590985741934986,58.46816635158658,15.57969169902183,-8.242669620315519e-6,-16.962890625,-36.298828125,-31.81640625,64.16015625,17.2265625,0.615234375,8.7890625,0.0,74.70703125,0.0,0.0,0.0,-6.5,-3.3,-45.3,37.9,11.1,3.2
7.932391166687012,-16.207265782366413,-35.962782530456515,-24.469051138028412,60.431772467221535,16.207265710047484,-8.717988099857965e-6,-13.711717339660304,-35.60846568950928,-20.475490131526314,58.27936246273534,15.48064426855979,-8.138073092689203e-6,-16.962890625,-36.298828125,-31.376953125,63.80859375,16.787109375,0.615234375,8.7890625,0.0,74.70703125,-26.3671875,-70.3125,0.0,-7.4,-3.4,-45.4,40.3,7.1,3.2
7.937391996383667,-16.115050834318367,-35.96300240162939,-24.25968012319605,60.2226216917149,16.115050763834475,-8.615475367241503e-6,-13.59510025906382,-35.571849430571,-20.36529388594652,58.092997408878674,15.380583971394513,-8.033113868447971e-6,-16.875,-36.298828125,-31.025390625,63.28125,16.5234375,0.615234375,4.39453125,0.0,74.70703125,-26.3671875,-70.3125,0.0,-7.4,-3.4,-44.6,37.7,4.0,3.2
7.942392110824585,-16.02182107290846,-35.96202274776112,-24.053378923798256,60.015341210354826,16.021821004339934,-8.512492358481204e-6,-13.47752024066884,-35.53311618151726,-20.26038067339255,57.90906663316427,15.27952140613278,-7.927812275371392e-6,-16.875,-36.298828125,-30.673828125,62.578125,16.259765625,0.615234375,4.39453125,0.0,70.3125,-26.3671875,-70.3125,0.0,-8.2,-3.4,-44.6,32.1,1.6,3.2
7.947393178939819,-15.927528735335876,-35.959786728952395,-23.850216872166378,59.80994351575093,15.9275286687677,-8.409018724239741e-6,-13.358923819987705,-35.49225208253831,-20.16089330468298,57.72760712509168,15.177406815331185,-7.822150631132036e-6,-16.875,-36.298828125,-30.234375,61.962890625,16.171875,0.615234375,4.39453125,0.0,70.3125,-26.3671875,-70.3125,0.0,-10.0,-3.4,-43.8,24.6,1.0,3.2
7.952394008636475,-15.832215242088571,-35.95627981562636,-23.650275381563397,59.60649549142152,15.832215177606365,-8.305109736551137e-6,-13.239358964423877,-35.449193632338535,-20.066846765575676,57.54867643174612,15.074283710191276,-7.71618369418276e-6,-16.875,-36.298828125,-29.8828125,61.435546875,16.083984375,0.615234375,4.39453125,0.0,70.3125,-109.86328125,-39.55078125,0.0,-11.6,-3.2,-43.8,19.8,0.2,3.2
7.957394123077393,-15.735873798706194,-35.951443960488874,-23.453715776832716,59.405100414929876,15.735873736399355,-8.20079080395587e-6,-13.118823704134932,-35.403947924050605,-19.978421673742993,57.37239083040892,14.970146686810752,-7.609940455218958e-6,-16.875,-36.298828125,-29.619140625,60.908203125,16.083984375,0.615234375,0.0,0.0,70.3125,-109.86328125,-39.55078125,0.0,-12.4,-4.0,-43.0,15.5,0.6,3.2
7.962396144866943,-15.638472470246315,-35.945260924654434,-23.26046926711985,59.20567125666036,15.638472410206367,-8.096037307832395e-6,-12.997274197264417,-35.3564195395439,-19.895555981534507,57.19867149350864,14.864959957069827,-7.503394271162246e-6,-16.875,-36.298828125,-29.267578125,60.380859375,16.083984375,0.615234375,0.0,0.0,74.70703125,-109.86328125,-39.55078125,0.0,-14.0,-4.0,-43.0,13.1,3.8,3.2
7.967398166656494,-15.540032108675284,-35.93767138796422,-23.07075949775779,59.00837234169079,15.54003205099683,-7.990905672024408e-6,-12.874743165740155,-35.30663103199356,-19.818451682450807,57.0276872676626,14.75874802905447,-7.396605749751064e-6,-16.875,-36.298828125,-28.916015625,59.94140625,16.083984375,0.615234375,0.0,0.0,74.70703125,-109.86328125,-39.55078125,0.0,-15.6,-4.8,-43.1,14.5,6.9,3.2
7.972400188446045,-15.440571265507673,-35.928659511274425,-22.8846208836161,58.813222245670445,15.440571210286079,-7.885425634707287e-6,-12.751249958589842,-35.25451467832232,-19.747083719239498,56.859450025853704,14.651529696027884,-7.2896035935524335e-6,-16.875,-36.298828125,-28.564453125,59.501953125,15.99609375,0.615234375,0.0,0.0,74.70703125,-96.6796875,-4.39453125,0.0,-17.5,-5.0,-42.3,15.2,5.7,3.2
7.9774010181427,-15.340099076210294,-35.91816548721942,-22.702247896968448,58.620355633457905,15.340099023544031,-7.779640573302604e-6,-12.626812133627844,-35.20009256379577,-19.681625026565673,56.69409975611719,14.543316643348566,-7.182434852469339e-6,-16.787109375,-36.298828125,-28.30078125,59.23828125,15.908203125,0.615234375,4.39453125,0.0,74.70703125,-96.6796875,-4.39453125,0.0,-18.3,-5.8,-42.3,12.8,4.9,3.2
7.982402086257935,-15.23860515556772,-35.90617035674723,-22.523622923271304,58.42973593149598,15.23860510555645,-7.67354950294011e-6,-12.501413268203265,-35.143286058763245,-19.62202238703297,56.53159917292999,14.43409652073923,-7.075097104360394e-6,-16.69921875,-36.298828125,-27.94921875,58.974609375,15.8203125,0.615234375,4.39453125,0.0,65.91796875,-96.6796875,-4.39453125,0.0,-19.1,-5.8,-41.5,10.4,4.1,3.2
7.9874022006988525,-15.136099551440674,-35.89261322379828,-22.348942706998287,58.24149898814542,15.13609950418687,-7.567197197441003e-6,-12.37507190689236,-35.08412199109377,-19.568437208914304,56.37208697475233,14.323881949685855,-6.967638718978689e-6,-16.611328125,-36.298828125,-27.685546875,58.7109375,15.8203125,0.615234375,4.39453125,0.0,65.91796875,-96.6796875,-4.39453125,0.0,-19.9,-5.8,-41.5,7.3,3.8,3.2
7.9924070835113525,-15.032481553816211,-35.87746024553762,-22.178047743189232,58.05545145600644,15.032481509425757,-7.460490406684227e-6,-12.247661002901554,-35.022470338860145,-19.520772819349773,56.21539292999178,14.212563679909533,-6.859964332213077e-6,-16.435546875,-36.298828125,-27.333984375,58.53515625,15.732421875,0.615234375,4.39453125,0.0,65.91796875,-57.12890625,-13.18359375,0.0,-18.8,-5.7,-40.5,5.7,3.0,3.2
7.99741005897522,-14.927874917333284,-35.86066509606272,-22.01132672163051,57.8719356984592,14.927874875911428,-7.353592007463006e-6,-12.11933900064206,-34.95842786382791,-19.479234421896397,56.06182770320819,14.10027651271037,-6.7522415215530995e-6,-16.34765625,-36.298828125,-27.0703125,58.359375,15.732421875,0.615234375,21.97265625,0.0,65.91796875,-57.12890625,-13.18359375,0.0,-19.6,-5.7,-39.7,4.4,3.1,3.2
8.002422094345093,-14.822064854524882,-35.84216959280664,-21.848462106648427,57.690575998107725,14.822064816183405,-7.246295472456535e-6,-11.989840227553476,-34.89179596480853,-19.44369657004594,55.91107026337004,13.986789148276527,-6.644261318509632e-6,-16.171875,-36.298828125,-26.630859375,58.271484375,15.732421875,0.615234375,21.97265625,0.0,61.5234375,-57.12890625,-13.18359375,0.0,-19.6,-5.7,-38.1,3.7,3.2,3.2
8.00742220878601,-14.715483574656423,-35.82198875098705,-21.690285866488612,57.51221933669516,14.7154835394966,-7.139072400012252e-6,-11.859698890041686,-34.822873593798235,-19.414418745153036,55.76384211719319,13.872566685794762,-6.536501103280362e-6,-16.083984375,-36.298828125,-26.3671875,58.18359375,15.732421875,0.615234375,21.97265625,0.0,61.5234375,-57.12890625,-13.18359375,0.0,-19.3,-5.7,-38.1,2.9,3.2,3.2
8.012423038482666,-14.607880086905324,-35.80005744541421,-21.53642829225445,57.33643088112233,14.607880055035537,-7.031679993964883e-6,-11.72860530340138,-34.75145096647837,-19.39125746844757,55.61977126708172,13.757339087920842,-6.428715517406975e-6,-15.908203125,-36.298828125,-26.103515625,58.18359375,15.732421875,0.615234375,21.97265625,0.0,61.5234375,-21.97265625,0.0,0.0,-18.5,-5.6,-37.3,3.2,3.2,3.2
8.017423152923584,-14.49927480186011,-35.77631876673945,-21.387085419705382,57.16334975770603,14.499274773389638,-6.924172440721283e-6,-11.596589529521047,-34.67756922358315,-19.3743181796138,55.47898728500168,13.641129727900957,-6.32096171876514e-6,-15.732421875,-36.298828125,-25.83984375,58.095703125,15.732421875,0.615234375,26.3671875,0.0,57.12890625,-21.97265625,0.0,0.0,-17.7,-5.6,-36.5,2.4,3.2,3.2
8.022424221038818,-14.389646068560719,-35.75074529087714,-21.242251006212467,56.99294229981217,14.38964604359882,-6.8165411280463945e-6,-11.463623235755188,-34.60116577930006,-19.36353641258598,55.34145088483903,13.523914754344087,-6.2132302765641335e-6,-15.64453125,-36.298828125,-25.576171875,58.095703125,15.732421875,0.615234375,26.3671875,0.0,57.12890625,-21.97265625,0.0,0.0,-17.7,-5.6,-35.7,2.4,3.2,3.2
8.027425050735474,-14.279009811420956,-35.72327911135185,-21.10211365328832,56.82533920240125,14.27900979007724,-6.708836207110781e-6,-11.32973095867201,-34.52228427479041,-19.35900221480774,55.20728117498315,13.405712716619304,-6.105574192655414e-6,-15.46875,-36.298828125,-25.3125,58.095703125,15.732421875,0.615234375,26.3671875,0.0,57.12890625,-21.97265625,0.0,0.0,-16.5,-5.6,-34.8,2.4,3.2,3.2
8.032425165176392,-14.167391406277249,-35.69390510153891,-20.966726299622533,56.66057827743347,14.167391388659093,-6.60109497317451e-6,-11.19494142616791,-34.44090121572058,-19.360643808159214,55.07649338614924,13.286550053216034,-5.998029923788511e-6,-15.380859375,-36.298828125,-25.048828125,58.095703125,15.732421875,0.615234375,26.3671875,0.0,57.12890625,0.0,0.0,0.0,-16.5,-5.6,-34.0,2.4,3.2,3.2
8.037426233291626,-14.054743943661324,-35.662549807299165,-20.836197130348047,56.498694256072426,14.054743929877743,-6.4933070121570015e-6,-11.059203131184104,-34.357020411414226,-19.36853500525328,54.94912614727663,13.166378180769499,-5.890589838252734e-6,-15.205078125,-36.298828125,-24.78515625,58.095703125,15.732421875,0.615234375,26.3671875,0.0,52.734375,0.0,0.0,0.0,-14.9,-5.6,-32.4,2.4,3.2,3.2
8.042427062988281,-13.941108486491254,-35.629203494125655,-20.71059595804672,56.33974721622639,13.941108476647752,-6.385524769484913e-6,-10.922563846566984,-34.27063579978214,-19.382593758368216,54.825209349116804,13.04524031797325,-5.7833054598557385e-6,-15.1171875,-36.298828125,-24.609375,58.095703125,15.732421875,0.615234375,26.3671875,0.0,52.734375,0.0,0.0,0.0,-14.1,-5.6,-32.4,2.4,3.2,3.2
8.047428131103516,-13.826465072292388,-35.593800158038874,-20.59006247288702,56.18381084414777,13.826465066494325,-6.277764491827692e-6,-10.785004641262166,-34.181775377110796,-19.402880399442463,54.704808781426145,12.923116659265276,-5.6761956913665456e-6,-15.029296875,-36.298828125,-24.345703125,58.095703125,15.732421875,0.615234375,26.3671875,0.0,52.734375,0.0,0.0,0.0,-13.2,-5.6,-30.7,2.4,3.2,3.2
8.05242919921875,-13.710833318890218,-35.55632628837167,-20.474636742477074,56.030911696694865,13.710833317239349,-6.170057823985092e-6,-10.646547458190518,-34.090424240786874,-19.429302851532682,54.587924519482215,12.800027551206956,-5.569291196557947e-6,-14.94140625,-36.298828125,-24.08203125,58.095703125,15.732421875,0.615234375,26.3671875,0.0,52.734375,0.0,0.0,0.0,-12.4,-5.6,-29.9,2.4,3.2,3.2
8.057430028915405,-13.594210217362225,-35.51672241599414,-20.364472569777067,55.88114410769443,13.594210219958589,-6.062437356047526e-6,-10.507193681012904,-33.996627870388444,-19.46190410998566,54.4746340862329,12.675971238656041,-5.462626990030249e-6,-14.853515625,-36.298828125,-23.90625,58.095703125,15.732421875,0.615234375,21.97265625,0.0,43.9453125,0.0,0.0,0.0,-11.6,-5.6,-29.1,2.4,3.2,3.2
8.062430143356323,-13.476621193862039,-35.474980060506844,-20.259608258030916,55.73453789988557,13.476621200800967,-5.954939547887891e-6,-10.3669721410227,-33.900383547739814,-19.500578361018825,54.3649362609707,12.55097423313412,-5.356238325251126e-6,-14.765625,-36.298828125,-23.642578125,58.095703125,15.732421875,0.615234375,21.97265625,0.0,43.9453125,0.0,0.0,0.0,-10.8,-5.6,-27.5,2.4,3.2,3.2
8.067443132400513,-13.35773511417953,-35.4309186295003,-20.159922275553438,55.59079095045005,13.357735125565933,-5.84730105385066e-6,-10.225493932922799,-33.80146577928048,-19.545482845194446,54.25861188601433,12.424686282044629,-5.249867739505696e-6,-14.677734375,-36.298828125,-23.466796875,58.095703125,15.732421875,0.615234375,21.97265625,0.0,43.9453125,0.0,0.0,0.0,-10.0,-5.6,-26.7,2.4,3.2,3.2
8.072444200515747,-13.238152773319616,-35.38474329311029,-20.065937629393922,55.45063143422095,13.238152789231332,-5.740080448205914e-6,-10.083473018152864,-33.70035957539558,-19.5962924441734,54.1561745700471,12.297745218521634,-5.144066556661727e-6,-14.58984375,-36.298828125,-23.291015625,58.095703125,15.732421875,0.615234375,21.97265625,0.0,43.9453125,0.0,0.0,0.0,-9.2,-5.6,-25.1,2.4,3.2,3.2
8.077446222305298,-13.117563528640668,-35.336289167680064,-19.977524677945347,55.31376482713189,13.117563549163137,-5.633030093273699e-6,-9.940543985126608,-33.59685832422454,-19.653126081825267,54.05740265778529,12.169822287012018,-5.038592126477665e-6,-14.501953125,-36.298828125,-23.02734375,58.095703125,15.732421875,0.615234375,13.18359375,0.0,43.9453125,0.0,0.0,0.0,-8.4,-5.6,-23.5,2.4,3.2,3.2
8.082447052001953,-12.996030953394717,-35.2855656755335,-19.894748849820665,55.18026597986449,12.996030978605532,-5.526221913690954e-6,-9.796781527228639,-33.49101157502136,-19.71585312075862,53.96232336289742,12.04098466669484,-4.933514735044122e-6,-14.501953125,-36.298828125,-22.8515625,58.095703125,15.732421875,0.615234375,13.18359375,0.0,43.9453125,0.0,0.0,0.0,-8.4,-5.6,-22.7,2.4,3.2,3.2
8.087447166442871,-12.87353889077067,-35.23252025872172,-19.817719841979063,55.05019203147675,12.873538920742966,-5.419675031329322e-6,-9.652170663707247,-33.3828592925619,-19.784469260391514,53.870971071690214,11.91121641776044,-4.828855196234313e-6,-14.4140625,-36.298828125,-22.763671875,58.095703125,15.732421875,0.615234375,13.18359375,0.0,43.9453125,0.0,0.0,0.0,-7.7,-5.6,-21.8,2.4,3.2,3.2
8.092447996139526,-12.750063880566735,-35.17712959099131,-19.746436378267532,54.92351837964564,12.750063915368333,-5.31338477027833e-6,-9.506683201436205,-33.27238138166295,-19.858881658838904,53.78329921564311,11.780492476932032,-4.724608259754506e-6,-14.326171875,-36.298828125,-22.587890625,58.095703125,15.732421875,0.615234375,13.18359375,0.0,43.9453125,0.0,0.0,0.0,-6.9,-5.6,-20.2,2.4,3.2,3.2
8.097448110580444,-12.625636536675442,-35.11936425204981,-19.681031639410193,54.80034878466825,12.62563657636691,-5.207411553639236e-6,-9.360359487536552,-33.15966173639795,-19.939051092826688,53.69937147651116,11.648846487425715,-4.620835191780551e-6,-14.150390625,-36.298828125,-22.412109375,58.095703125,15.732421875,0.615234375,13.18359375,0.0,30.76171875,0.0,0.0,0.0,-5.3,-5.6,-18.6,2.4,3.2,3.2
8.102448225021362,-12.500250842654664,-35.05921255222439,-19.621506712764752,54.68067264424512,12.500250887289834,-5.1017656465445584e-6,-9.21319197635016,-33.044700660757485,-20.024868784426275,53.61914842256855,11.516271884586786,-4.517545259137045e-6,-13.974609375,-36.298828125,-22.236328125,58.095703125,15.732421875,0.615234375,13.18359375,0.0,30.76171875,0.0,0.0,0.0,-3.7,-5.6,-17.0,2.4,3.2,3.2
8.107450008392334,-12.373860115122763,-34.996612104903896,-19.56794866910973,54.56451464270857,12.373860164750333,-4.996442487444511e-6,-9.065130296797276,-32.927514153274295,-20.11633860514739,53.54263689045356,11.382720585225492,-4.414736034868257e-6,-13.88671875,-36.298828125,-22.1484375,58.271484375,15.732421875,0.615234375,13.18359375,0.0,30.76171875,0.0,0.0,0.0,-2.6,-5.6,-16.1,4.0,3.2,3.2
8.112450122833252,-12.246560231379126,-34.93160524146038,-19.52039532955374,54.45195493216027,12.246560286036425,-4.891537551527889e-6,-8.916286452672242,-32.80820113899863,-20.21327537829121,53.46985538784729,11.24829374944226,-4.312499864482706e-6,-13.798828125,-36.298828125,-21.97265625,58.271484375,15.732421875,0.615234375,13.18359375,0.0,30.76171875,8.7890625,0.0,0.0,-1.8,-5.6,-14.5,4.2,3.2,3.2
8.11745309829712,-12.118231692484317,-34.86409618587666,-19.47889877444598,54.3429498173787,12.118231752205618,-4.786986867653359e-6,-8.766525061288604,-32.686710524402535,-20.31573174507969,53.4007635325341,11.112866440901039,-4.21077628903403e-6,-13.798828125,-36.298828125,-21.884765625,58.359375,15.732421875,0.615234375,26.3671875,0.0,26.3671875,8.7890625,0.0,0.0,-1.8,-5.6,-13.7,5.0,3.2,3.2
8.122453212738037,-11.989032559265729,-34.79416699290912,-19.443499543809452,54.23762189252493,11.989032624071012,-4.6829349206025895e-6,-8.616030425519815,-32.5632067027086,-20.42346366925075,53.335402909094654,10.976605364491277,-4.1097050413317055e-6,-13.7109375,-36.298828125,-21.796875,58.359375,15.732421875,0.615234375,26.3671875,0.0,26.3671875,8.7890625,0.0,0.0,-1.0,-5.6,-12.9,4.8,3.2,3.2
8.127454042434692,-11.858867863439313,-34.72173916862341,-19.414248486695165,54.13594351306739,11.85886793334392,-4.579338148263664e-6,-8.464695897835758,-32.437661862891304,-20.536498559536817,53.273740654673695,10.839411504976589,-4.009245380024522e-6,-13.7109375,-36.298828125,-21.708984375,58.359375,15.732421875,0.615234375,26.3671875,0.0,26.3671875,8.7890625,0.0,0.0,-1.4,-5.6,-12.3,4.8,3.2,3.2
8.132455110549927,-11.7277608397571,-34.64682839826695,-19.39113342605825,54.03791818711164,11.727760914767108,-4.476231142241951e-6,-8.312548555582374,-32.310116838413336,-20.654698500740658,53.21574154754633,10.7013093214412,-3.909430025890211e-6,-13.7109375,-36.298828125,-21.62109375,58.359375,15.732421875,0.615234375,26.3671875,0.0,26.3671875,0.0,0.0,0.0,-1.4,-5.6,-11.5,4.8,3.2,3.2
8.137455224990845,-11.595740278927288,-34.56942892323481,-19.374225899631902,53.94361169366057,11.595740359038862,-4.3736697190867e-6,-8.15962586843438,-32.18066290896166,-20.7779809964167,53.1614277681443,10.562330311507699,-3.8103145662184446e-6,-13.7109375,-36.298828125,-21.62109375,58.359375,15.732421875,0.615234375,4.39453125,0.0,13.18359375,0.0,0.0,0.0,-1.4,-5.6,-11.5,4.8,3.2,3.2
8.1424560546875,-11.46277320452484,-34.48952968762432,-19.36349221020646,53.852979279722184,11.462773289726986,-4.271643757374162e-6,-8.00588970381518,-32.04928966241597,-20.906256876210975,53.110734023224566,10.42243973355233,-3.7118883235236287e-6,-13.623046875,-36.298828125,-21.533203125,58.359375,15.732421875,0.615234375,4.39453125,0.0,13.18359375,0.0,0.0,0.0,-0.6,-5.6,-10.7,4.8,3.2,3.2
8.147456169128418,-11.328895425571098,-34.40713539289836,-19.358989928406004,53.766083217231866,11.32889551584246,-4.170213935647557e-6,-7.851385569898879,-31.916095989479153,-21.03943077228417,53.063677463231734,10.281676447830453,-3.614211385850668e-6,-13.623046875,-36.298828125,-21.533203125,58.271484375,15.732421875,0.615234375,4.39453125,0.0,13.18359375,0.0,0.0,0.0,-0.7,-5.6,-11.0,4.0,3.2,3.2
8.152456998825073,-11.194079663276234,-34.32224241653377,-19.36067869856351,53.682879528098404,11.19407975858819,-4.0693749318578895e-6,-7.696082149764155,-31.781079010746623,-21.177410230343234,53.02019323607877,10.140011778520849,-3.517277704185306e-6,-13.623046875,-36.298828125,-21.4453125,58.18359375,15.732421875,0.615234375,4.39453125,0.0,13.18359375,0.0,0.0,0.0,-0.7,-5.6,-10.2,3.0,3.2,3.2
8.157467126846313,-11.05809012339564,-34.23468595453833,-19.368620439769266,53.60326532830959,11.05809022371921,-3.968987058401857e-6,-7.539712722210495,-31.64406313563996,-21.320382417307147,52.980213456916886,9.997199380795463,-3.4209550413592815e-6,-13.623046875,-36.298828125,-21.4453125,58.095703125,15.732421875,0.615234375,4.39453125,0.0,8.7890625,0.0,0.0,0.0,-1.5,-6.4,-9.4,3.0,4.0,3.2
8.162468194961548,-10.92143536565416,-34.144810007496375,-19.38274085816509,53.527510322637866,10.921435470933588,-3.869441967381053e-6,-7.382862549096341,-31.50558908323234,-21.46769701942221,52.94383226245281,9.85377343557907,-3.3256184192915043e-6,-13.623046875,-36.298828125,-21.357421875,58.0078125,15.732421875,0.615234375,4.39453125,0.0,8.7890625,0.0,0.0,0.0,-1.5,-6.4,-8.6,5.8,8.4,3.2
8.167469024658203,-10.783876778718131,-34.05246056113343,-19.403067078853713,53.45548762281514,10.783876888897954,-3.7705928996858787e-6,-7.22526066374604,-31.36547664542646,-21.6195283902919,52.910961867080665,9.70948434064984,-3.2311280760541225e-6,-13.623046875,-36.298828125,-21.357421875,58.0078125,15.732421875,0.615234375,4.39453125,0.0,8.7890625,0.0,0.0,0.0,-2.5,-7.2,-7.7,8.2,12.4,3.2
8.172469139099121,-10.645437269191575,-33.95767345505824,-19.429544189946803,53.387178156469744,10.645437384207998,-3.672472909411683e-6,-7.066934019260601,-31.22378122672891,-21.775739347138888,52.88155163302803,9.56435629879718,-3.137514975836422e-6,-13.623046875,-36.298828125,-21.357421875,57.83203125,15.556640625,0.615234375,4.39453125,0.0,8.7890625,-17.578125,-4.39453125,0.0,-2.5,-7.4,-7.7,13.8,18.9,3.2
8.177473068237305,-10.505991174166983,-33.86036500710703,-19.462206374781353,53.32253242524452,10.505991293952448,-3.5750241309541468e-6,-6.907742761398686,-31.080431443319554,-21.936399349627095,52.8555584116828,9.41825869571273,-3.04472536372764e-6,-13.623046875,-36.298828125,-21.357421875,57.65625,15.1171875,0.615234375,0.0,0.0,4.39453125,-17.578125,-4.39453125,0.0,-3.3,-8.2,-6.9,24.2,26.1,3.2
8.182937145233154,-10.352698359900877,-33.75133227454054,-19.504880443349006,53.25617434527658,10.35269848480359,-3.4694991162170884e-6,-6.73307223559117,-30.922203011539757,-22.11666491085753,52.83105998263758,9.25775192409016,-2.944456958382628e-6,-13.623046875,-36.298828125,-21.357421875,57.568359375,14.765625,0.615234375,0.0,0.0,4.39453125,-17.578125,-4.39453125,0.0,-4.1,-9.0,-6.1,30.4,29.3,3.2
8.187938213348389,-10.211485691752461,-33.6490803422138,-19.5501632671076,53.19920577410904,10.211485821250779,-3.3737343875168395e-6,-6.572460121756873,-30.775829646578092,-22.285872614018427,52.81206812700615,9.10998148289902,-2.8536535330258982e-6,-13.7109375,-36.298828125,-21.357421875,57.392578125,14.150390625,0.615234375,0.0,0.0,4.39453125,-26.3671875,-4.39453125,0.0,-6.0,-9.8,-5.3,35.2,31.7,3.2
8.192939043045044,-10.069367108425771,-33.54437719023674,-19.60168408351394,53.14602397877303,10.069367242423416,-3.2788295411107214e-6,-6.411114724946458,-30.62811882653048,-22.459226293038206,52.79649690367261,8.961351756419537,-2.7638604009643168e-6,-13.798828125,-36.298828125,-21.357421875,57.12890625,13.447265625,0.615234375,-8.7890625,0.0,4.39453125,-26.3671875,-83.49609375,0.0,-7.6,-10.7,-4.5,36.3,30.8,3.2
8.197942018508911,-9.926341585774365,-33.43736439995979,-19.65900067132366,53.09632831941557,9.92634172417775,-3.1847071882304277e-6,-6.249017213707693,-30.47895349792998,-22.636435964043876,52.7840673214926,8.811856372237951,-2.674991577183532e-6,-13.88671875,-36.298828125,-21.357421875,56.6015625,12.568359375,0.615234375,-8.7890625,0.0,0.0,-26.3671875,-83.49609375,0.0,-9.2,-11.5,-3.7,33.1,26.8,3.2
8.202942132949829,-9.782496483420598,-33.32801483137948,-19.722420423981468,53.050399049101166,9.782496626118935,-3.0915486405203343e-6,-6.0862890691679326,-30.32862560436044,-22.817500387368277,52.77497537326309,8.661593323192472,-2.5872323454219726e-6,-13.88671875,-36.298828125,-21.357421875,56.07421875,11.689453125,0.615234375,-8.7890625,0.0,0.0,-26.3671875,-83.49609375,0.0,-10.0,-13.1,-2.9,26.5,19.1,3.2
8.207943201065063,-9.637789672855288,-33.21644085468954,-19.791512797228602,53.00791799396406,9.63778981974358,-2.9992452181559374e-6,-5.922864440858465,-30.176981088902842,-23.00219390997581,52.76894136829806,8.510513150773548,-2.5004670362455513e-6,-13.974609375,-36.298828125,-21.357421875,55.458984375,10.8984375,0.615234375,-8.7890625,0.0,0.0,-96.6796875,-83.49609375,0.0,-12.8,-13.9,-1.1,21.7,12.7,3.2
8.212944030761719,-9.492200268394138,-33.1025419875221,-19.866612838557465,52.96911971916403,9.492200419353821,-2.907910058564236e-6,-5.758742534329935,-30.02419104812543,-23.1906400898566,52.76614460166134,8.358600826848884,-2.4148166791694995e-6,-13.974609375,-36.298828125,-21.357421875,54.84375,10.107421875,0.615234375,-8.7890625,0.0,0.0,-96.6796875,-162.59765625,0.0,-13.6,-15.8,-0.3,15.5,8.9,3.2
8.217944145202637,-9.345809070188054,-32.986523930597684,-19.947235235897864,52.933724613086156,9.345809225104393,-2.8175103271727875e-6,-5.593996212631322,-29.870235901073958,-23.3824731847848,52.766318020038675,8.205935207863556,-2.3302369647906544e-6,-13.974609375,-36.298828125,-21.357421875,54.31640625,9.580078125,0.615234375,-8.7890625,0.0,0.0,-96.6796875,-162.59765625,0.0,-15.2,-16.6,0.5,10.7,7.3,3.2
8.222945213317871,-9.198512895777366,-32.868229813054604,-20.0337407015897,52.90193651755666,9.19851305452488,-2.7281103709690806e-6,-5.4285322725237695,-29.71519185102511,-23.57791420681957,52.76963186833958,8.052415504361257,-2.2468032778483884e-6,-13.974609375,-36.298828125,-21.357421875,53.876953125,9.140625,0.615234375,-8.7890625,0.0,0.0,-96.6796875,-162.59765625,0.0,-16.8,-18.2,0.5,6.9,6.0,3.2
8.227946043014526,-9.050412883405468,-32.74788024881971,-20.125634598475354,52.87348140900411,9.050413045863518,-2.639686292176644e-6,-5.26244612213565,-29.559066611524152,-23.77658544761563,52.775824749477025,7.898141686561242,-2.1644795594574654e-6,-13.88671875,-36.298828125,-21.357421875,53.61328125,8.7890625,0.615234375,-8.7890625,0.0,0.0,-92.28515625,-162.59765625,0.0,-17.5,-19.8,0.3,4.5,3.6,3.2
8.232946157455444,-8.901470048431513,-32.625377785187496,-20.223223499267554,52.84856840754263,8.901470214467707,-2.5523442194081874e-6,-5.095717048289144,-29.40199529894734,-23.978614576156886,52.785058568233865,7.743079988649535,-2.0833803564189304e-6,-13.798828125,-36.298828125,-21.357421875,53.4375,8.61328125,0.615234375,8.7890625,0.0,0.0,-92.28515625,-96.6796875,0.0,-17.5,-21.5,0.3,3.4,2.6,3.2
8.237947225570679,-8.751700402699347,-32.500872089994026,-20.326068144416432,52.826907921440366,8.751700572189694,-2.466005477249201e-6,-4.928344564648748,-29.24390162089029,-24.183751962342058,52.79708089810746,7.587241583534952,-2.003418403746606e-6,-13.7109375,-36.298828125,-21.357421875,53.26171875,8.4375,0.615234375,8.7890625,0.0,0.0,-92.28515625,-96.6796875,0.0,-19.1,-23.1,1.9,1.0,3.4,3.2
8.242951154708862,-8.600993517372519,-32.374212285229106,-20.434514351061154,52.8086948902029,8.600993690183495,-2.380739865430771e-6,-4.7602288810452045,-29.084836565351864,-24.392218278196175,52.812056593859154,7.430518596607471,-1.9246750579173892e-6,-13.623046875,-36.298828125,-21.357421875,53.26171875,8.4375,0.615234375,8.7890625,0.0,0.0,-92.28515625,-96.6796875,0.0,-19.9,-24.7,4.3,1.2,4.9,3.2
8.247952222824097,-8.449587095199506,-32.24573086068429,-20.547970704711762,52.793670388280766,8.449587271202258,-2.296591091797691e-6,-4.591616537676926,-28.924962829737613,-24.60347209972105,52.829718711207455,7.273152665506243,-1.8471759738688979e-6,-13.447265625,-36.2109375,-21.357421875,53.173828125,8.349609375,0.615234375,8.7890625,0.0,0.0,-21.97265625,-21.97265625,0.0,-19.5,-25.5,6.2,0.4,5.7,3.2
8.252954006195068,-8.297321703500149,-32.11524361468243,-20.666801448828508,52.7820144580196,8.297321882558222,-2.2136037387740374e-6,-4.4223534020874435,-28.764271775173427,-24.817794523830617,52.850230296432755,7.114985054986074,-1.7709793678589192e-6,-13.359375,-36.123046875,-21.357421875,53.173828125,8.349609375,0.615234375,21.97265625,0.0,0.0,-21.97265625,-21.97265625,0.0,-21.1,-27.1,8.6,0.8,7.4,3.2
8.257954120635986,-8.144335337132887,-31.98299758584582,-20.790486143463962,52.77345369762008,8.144335519117961,-2.131758625011082e-6,-4.252573863452469,-28.602825393453358,-25.03479263799104,52.87333637899947,6.956153443758509,-1.6960522105995164e-6,-13.271484375,-36.123046875,-21.4453125,53.173828125,8.173828125,0.615234375,21.97265625,0.0,-4.39453125,-21.97265625,-21.97265625,0.0,-21.9,-28.7,9.4,0.8,7.4,3.2
8.26295518875122,-7.9904971558686615,-31.84883796500519,-20.91936034174299,52.76816885149353,7.990497340644827,-2.051121760775527e-6,-4.082156520873725,-28.440636809073386,-25.254704534145763,52.89919565666847,6.796529083763741,-1.6224730076550226e-6,-13.0078125,-36.03515625,-21.533203125,53.0859375,8.0859375,0.615234375,21.97265625,13.18359375,-4.39453125,-21.97265625,-21.97265625,0.0,-21.9,-30.3,10.2,-0.0,7.4,3.2
8.26796007156372,-7.83578281485397,-31.712865140496188,-21.05305041780088,52.76588668224521,7.835783002297101,-1.971585941607792e-6,-3.9110556486888095,-28.277601809506947,-25.477383443587506,52.92758854987342,6.63608112916431,-1.5501282729598332e-6,-12.919921875,-35.947265625,-21.62109375,53.0859375,7.998046875,0.615234375,21.97265625,13.18359375,-4.39453125,0.0,-17.578125,0.0,-22.8,-31.1,12.0,-0.0,9.0,3.2
8.272961139678955,-7.680378125858313,-31.575207605331702,-21.19161144791491,52.76679075843629,7.680378315831852,-1.893385731840791e-6,-3.739500963739419,-28.114059198241407,-25.702608831230236,52.95861494212568,6.4750095001877845,-1.4792504657280686e-6,-12.744140625,-35.859375,-21.708984375,53.0859375,7.822265625,0.615234375,30.76171875,13.18359375,-4.39453125,0.0,-17.578125,0.0,-23.6,-32.7,13.6,-0.0,7.3,3.2
8.27796220779419,-7.524230044249377,-31.43593721284537,-21.334697266438113,52.770606767996476,7.524230236629849,-1.8163925141284572e-6,-3.567414023270494,-27.949878453784887,-25.930285354944402,52.99206315511961,6.313253300296508,-1.4097058719008158e-6,-12.568359375,-35.771484375,-21.796875,53.0859375,7.646484375,0.615234375,30.76171875,13.18359375,-13.18359375,0.0,-17.578125,0.0,-24.4,-34.3,14.4,-0.0,6.5,3.2
8.28296422958374,-7.367259476184422,-31.29495526868061,-21.482582143564038,52.77751028702652,7.367259670841213,-1.7407091564191275e-6,-3.3947322741808827,-27.785111420562245,-26.16057002096081,53.028079315023184,6.150737939212544,-1.3416076083065815e-6,-12.392578125,-35.68359375,-21.884765625,53.0859375,7.470703125,0.615234375,30.76171875,17.578125,-13.18359375,0.0,-17.578125,0.0,-25.2,-35.9,16.0,-0.0,7.1,3.2
8.287965059280396,-7.209597827676522,-31.15249098098913,-21.634767536073582,52.78723198001225,7.209598024489419,-1.6662962069770479e-6,-3.221580463716739,-27.619826142977423,-26.393112891495065,53.066422391877005,5.987593572641554,-1.2749024898489221e-6,-12.216796875,-35.595703125,-21.97265625,53.0859375,7.294921875,0.615234375,30.76171875,17.578125,-13.18359375,0.0,-35.15625,0.0,-25.9,-37.5,16.6,-0.0,7.9,3.2
8.292965173721313,-7.051182481094827,-31.008467059121042,-21.791497838591265,52.79993895113239,7.0511826799371065,-1.593266763566563e-6,-3.0479144533976834,-27.454083397459264,-26.62804162921696,53.10722956609031,5.823762761393143,-1.2097129450082176e-6,-12.041015625,-35.419921875,-22.1484375,53.0859375,7.20703125,0.615234375,35.15625,17.578125,-13.18359375,0.0,-35.15625,0.0,-26.7,-38.3,17.4,-0.0,8.1,3.2
8.297966003417969,-6.892031514731514,-30.863004156701663,-21.95239570355318,52.815374506424256,6.892031715488573,-1.5215238177007136e-6,-2.873734008665157,-27.28783694197604,-26.865185139262667,53.15029409210466,5.659258240355739,-1.1459337524107425e-6,-11.77734375,-35.244140625,-22.236328125,53.0859375,6.943359375,0.615234375,35.15625,17.578125,-21.97265625,0.0,-35.15625,0.0,-26.7,-39.1,18.2,-0.0,8.1,3.2
8.302966117858887,-6.732143727437963,-30.7160863662277,-22.117634079706633,52.83369568710857,6.732143929988625,-1.451212254906793e-6,-2.699062833456517,-27.12120354792514,-27.104576284524736,53.19573424295132,5.49408624687265,-1.0837160553632725e-6,-11.6015625,-35.15625,-22.412109375,52.998046875,6.85546875,0.615234375,35.15625,26.3671875,-21.97265625,0.0,-35.15625,0.0,-28.3,-40.7,19.0,-0.0,8.0,3.2
8.307966232299805,-6.571558946438672,-30.56784727261256,-22.286828122894672,52.85465123383614,6.571559150673533,-1.382241682006144e-6,-2.5239241269050345,-26.9541643739398,-27.34602332470628,53.243345173898774,5.328281888505078,-1.0229601963659759e-6,-11.42578125,-34.98046875,-22.587890625,52.998046875,6.591796875,0.615234375,35.15625,26.3671875,-21.97265625,0.0,-35.15625,0.0,-29.2,-41.5,19.5,-0.0,6.4,3.2
8.31296706199646,-6.410208760989466,-30.418214825186112,-22.460208512963035,52.8783997760111,6.41020896679404,-1.3147301206796329e-6,-2.3482685375395125,-26.78675789421748,-27.58965582737315,53.29326043536945,5.161782089980473,-9.637937212442985e-7,-11.162109375,-34.8046875,-22.763671875,52.998046875,6.416015625,0.615234375,39.55078125,26.3671875,-21.97265625,0.0,-35.15625,0.0,-30.0,-42.2,19.5,-0.0,5.3,3.2
8.317967176437378,-6.248200926049296,-30.267378214937942,-22.637333491139927,52.9046887454924,6.248201133319941,-1.2486130225915109e-6,-2.172192946602066,-26.61904045925344,-27.835190953191653,53.34526246154176,4.994691976169734,-9.06139385167453e-7,-10.986328125,-34.62890625,-22.939453125,52.998046875,6.328125,0.615234375,39.55078125,26.3671875,-30.76171875,0.0,-35.15625,0.0,-31.6,-43.0,20.3,-0.0,6.9,3.2
8.322971105575562,-6.085344176395516,-30.115155637079745,-22.818560295654645,52.93369357640701,6.085344385025174,-1.1839626724399842e-6,-1.9955151590453861,-26.450915822517867,-28.08294189264618,53.3995227228785,4.82682197506969,-8.500853674350313e-7,-10.72265625,-34.365234375,-23.115234375,52.998046875,6.15234375,0.615234375,39.55078125,39.55078125,-30.76171875,0.0,-35.15625,0.0,-31.6,-43.0,20.3,-0.0,6.6,3.2
8.327974081039429,-5.921853953876344,-29.961829846091316,-23.003341808803206,52.965149904771636,5.921854163767577,-1.1207538402670108e-6,-1.8184484510388859,-26.282555749881958,-28.33247221021591,53.45579471698917,4.6583880857861475,-7.955880697098384e-7,-10.458984375,-34.1015625,-23.291015625,52.998046875,6.064453125,0.615234375,39.55078125,39.55078125,-30.76171875,0.0,-26.3671875,0.0,-32.5,-43.0,21.0,-1.6,6.6,3.2
8.332974195480347,-5.757750551575203,-29.80742203938302,-23.191787414081332,52.999188311395464,5.7577507626260855,-1.059143979738287e-6,-1.6410402525902765,-26.114074520744268,-28.58376949445004,53.51417479781893,4.48941885067354,-7.428094501774613e-7,-10.283203125,-33.92578125,-23.466796875,52.998046875,5.888671875,0.615234375,48.33984375,39.55078125,-30.76171875,0.0,-26.3671875,0.0,-34.1,-43.3,21.0,-1.8,8.0,3.2
8.337975025177002,-5.592977408438705,-29.65195391481629,-23.383665012851246,53.03559839575176,5.59297762055886,-9.989949015986506e-7,-1.4632080475687224,-25.945366695485223,-28.836820119376103,53.57451229200304,4.319849682392377,-6.916072602764849e-7,-10.01953125,-33.662109375,-23.642578125,52.998046875,5.712890625,0.615234375,48.33984375,39.55078125,-35.15625,0.0,-26.3671875,0.0,-34.1,-43.3,21.8,-2.6,8.8,3.2
8.34297513961792,-5.427540201854782,-29.495436956533233,-23.579093723190418,53.07451076001882,5.427540414949904,-9.404623906239778e-7,-1.2849840429761366,-25.77652429902261,-29.091632001092414,53.63690731748015,4.1496942575957245,-6.421424379324186e-7,-9.755859375,-33.3984375,-23.818359375,52.998046875,5.625,0.615234375,48.33984375,48.33984375,-35.15625,0.0,-26.3671875,0.0,-34.9,-43.3,22.6,-3.4,9.0,3.2
8.347976207733154,-5.261443014282678,-29.337942046046052,-23.7777903903394,53.11571313097278,5.2614432282689405,-8.834298985631985e-7,-1.106351251771027,-25.60750899179086,-29.348108812770466,53.70119655178468,3.9789504208613238,-5.942912882649047e-7,-9.404296875,-33.134765625,-23.994140625,52.998046875,5.361328125,0.615234375,48.33984375,48.33984375,-35.15625,0.0,-35.15625,0.0,-33.9,-42.5,22.7,-3.4,9.0,3.2
8.35297703742981,-5.094685413968255,-29.179479136398065,-23.979872053178546,53.159332500520534,5.09468562875845,-8.280530760970103e-7,-0.9273355693064524,-25.438398976899283,-29.6062653003872,53.767479395057634,3.807625657805434,-5.482147309446566e-7,-9.140625,-32.958984375,-24.169921875,52.998046875,5.185546875,0.615234375,52.734375,48.33984375,-35.15625,0.0,-35.15625,0.0,-34.7,-43.2,23.5,-4.0,7.9,3.2
8.357977151870728,-4.927341773642038,-29.020178629076153,-24.1849856724997,53.20514623070323,4.927341989158508,-7.742356748624649e-7,-0.7479950877531562,-25.269231415833065,-29.86590501587095,53.835571205911805,3.635789914212797,-5.038054938628215e-7,-8.876953125,-32.6953125,-24.43359375,52.998046875,4.921875,0.615234375,52.734375,48.33984375,-39.55078125,0.0,-35.15625,0.0,-34.7,-43.2,23.5,-4.8,7.9,3.2
8.362978219985962,-4.759317930036613,-28.859965219522614,-24.393353933431655,53.253301702423464,4.759318146199204,-7.22104595502445e-7,-0.5682554178147103,-25.099982201566544,-30.12718573473245,53.905606304986364,3.4633544904160143,-4.612007713691127e-7,-8.61328125,-32.431640625,-24.609375,52.998046875,4.74609375,0.615234375,52.734375,48.33984375,-39.55078125,0.0,-35.15625,0.0,-35.5,-42.4,24.3,-5.8,7.1,3.2
8.367979049682617,-4.590710991410999,-28.6989838728346,-24.604610536956983,53.303577581438205,4.5907112081484005,-6.715675999869039e-7,-0.3881985882674384,-24.9307155441986,-30.38988373186769,53.97739683455761,3.290412547812639,-4.2029606706698204e-7,-8.26171875,-32.16796875,-24.78515625,52.998046875,4.5703125,0.615234375,52.734375,48.33984375,-39.55078125,0.0,-39.55078125,0.0,-34.4,-42.4,24.2,-5.8,6.3,3.2
8.372979164123535,-4.421500566374206,-28.53723306113757,-24.81887963088378,53.35609648774201,4.421500783612695,-6.227768522558244e-7,-0.20782946801133673,-24.761474589823518,-30.65404037149411,54.05104439731879,3.1169512113912736,-3.812494478616621e-7,-7.91015625,-31.904296875,-25.048828125,52.998046875,4.39453125,0.615234375,61.5234375,48.33984375,-39.55078125,0.0,-39.55078125,0.0,-33.6,-41.6,24.2,-7.2,5.4,3.2
8.37798023223877,-4.25168623347334,-28.374757821678603,-25.03593064866616,53.41067289207201,4.2516864511477745,-5.756070850708561e-7,-0.027125413728995365,-24.592229477272998,-30.91959113386932,54.12640790113138,2.9429634471318513,-3.439289865034266e-7,-7.470703125,-31.640625,-25.224609375,53.0859375,4.306640625,0.615234375,61.5234375,48.33984375,-43.9453125,0.0,-39.55078125,0.0,-32.8,-41.6,25.0,-6.4,7.8,3.2
8.382982015609741,-4.081240843830003,-28.21155320009945,-25.255891352143674,53.467429601997125,4.081241061873115,-5.302121616943735e-7,0.15391534570160045,-24.42301016908776,-31.186586856246805,54.20359122246357,2.7684296357563154,-3.0849465404559544e-7,-7.119140625,-31.376953125,-25.400390625,53.0859375,4.21875,0.615234375,61.5234375,52.734375,-43.9453125,0.0,-39.55078125,0.0,-32.0,-40.8,25.0,-7.2,10.0,3.2
8.38798213005066,-3.9103007203901545,-28.04778847803488,-25.47836870533949,53.52614286270603,3.910300938742327,-4.86500164897299e-7,0.33517060190059234,-24.253926592316002,-31.45475573079055,54.28239689114761,2.5934826464330767,-2.748399767339026e-7,-6.767578125,-31.11328125,-25.6640625,53.173828125,4.04296875,0.615234375,61.5234375,52.734375,-43.9453125,8.7890625,-26.3671875,0.0,-30.8,-40.8,24.9,-6.4,8.4,3.2
8.392983198165894,-3.738743077511691,-27.88337001166623,-25.70360779072835,53.58696411329673,3.73874329611168,-4.4460151630774183e-7,0.5167434192025695,-24.084906990975618,-31.72429720978323,54.362970384251526,2.4180050306453644,-2.4310680261691623e-7,-6.50390625,-30.849609375,-25.83984375,53.26171875,3.8671875,0.615234375,74.70703125,52.734375,-43.9453125,8.7890625,-26.3671875,0.0,-30.8,-39.8,25.7,-7.2,7.0,3.2
8.397984027862549,-3.566662415421575,-27.71842062469948,-25.931282294430027,53.64968986327853,3.566662634215272,-4.0440943364769345e-7,0.6985565265360529,-23.91602350955032,-31.995011224702264,54.4451378353867,2.2420866729271607,-2.1317631436750634e-7,-6.240234375,-30.5859375,-26.015625,53.349609375,3.69140625,0.615234375,74.70703125,52.734375,-39.55078125,8.7890625,-26.3671875,0.0,-30.8,-39.0,26.5,-7.2,7.8,3.2
8.402984142303467,-3.394043799256099,-27.552952563760073,-26.16149148865158,53.71443163153066,3.3940440181878175,-3.6608378470623216e-7,0.8805983569083314,-23.747304450696646,-32.26692713647716,54.52899352570894,2.0657206010357196,-1.85213182978143e-7,-5.888671875,-30.322265625,-26.279296875,53.4375,3.515625,0.615234375,74.70703125,52.734375,-39.55078125,8.7890625,-26.3671875,0.0,-30.0,-39.0,25.7,-6.4,9.1,3.2
8.407985210418701,-3.2208820491012404,-27.38698697121599,-26.39405304197948,53.78102822905652,3.2208822681219593,-3.2949076254885494e-7,1.062897481671058,-23.578727793492977,-32.540007380475444,54.61441546254719,1.8888946337063517,-1.5907758901819655e-7,-5.625,-30.05859375,-26.54296875,53.525390625,3.33984375,0.615234375,74.70703125,52.734375,-39.55078125,13.18359375,-35.15625,0.0,-30.3,-38.2,25.7,-6.4,8.3,3.2
8.412986040115356,-3.0471886695529333,-27.220563761958232,-26.62902669081146,53.84957930709629,3.047188888612222,-2.947986228564027e-7,1.2454140658766428,-23.410341493160306,-32.81423914134484,54.701484310124584,1.7116289444093682,-1.349407583055024e-7,-5.361328125,-29.794921875,-26.71875,53.61328125,3.1640625,0.615234375,57.12890625,52.734375,-39.55078125,13.18359375,-35.15625,0.0,-30.3,-38.1,26.5,-6.4,8.7,3.2
8.417986154556274,-2.8730314788004407,-27.053768152594856,-26.866143650518023,53.91990129740765,2.873031697853936,-2.6188522771210014e-7,1.4281003577748843,-23.242198205022333,-33.08947495982512,54.79004604395993,1.5339857302697812,-1.1267021049791537e-7,-5.09765625,-29.619140625,-26.982421875,53.61328125,2.98828125,0.615234375,57.12890625,52.734375,-43.9453125,13.18359375,-35.15625,0.0,-30.3,-38.1,26.5,-7.2,9.5,3.2
8.422987222671509,-2.6983245614126314,-26.886548812484108,-27.105591165374786,53.992130113936014,2.6983247804147563,-2.3090126457817406e-7,1.6110186075657111,-23.074245228945042,-33.36585543645033,54.880229182181765,1.3558858436670036,-9.242523552700118e-8,-4.833984375,-29.35546875,-27.24609375,53.701171875,2.8125,0.615234375,57.12890625,48.33984375,-43.9453125,13.18359375,-35.15625,0.0,-30.3,-37.3,26.5,-7.2,8.8,3.2
8.427988052368164,-2.5231591553397195,-26.719007814577516,-27.347079966142772,54.0660785600855,2.523159374250422,-2.0172586657451167e-7,1.7940969290557096,-22.906561589789874,-33.643200928402976,54.9718718153142,1.1774152334365824,-7.407332810801585e-8,-4.5703125,-29.091796875,-27.421875,53.7890625,2.548828125,0.615234375,57.12890625,48.33984375,-43.9453125,17.578125,-39.55078125,0.0,-30.4,-37.3,27.3,-7.2,8.8,3.2
8.432988166809082,-2.347526264508718,-26.551169300182938,-27.590688206560024,54.14184893093305,2.347526483286895,-1.7452522201047567e-7,1.9773167509708833,-22.739162486619264,-33.92153021824022,55.065062037317006,0.9985732694208665,-5.778425942744174e-8,-4.306640625,-28.916015625,-27.685546875,53.876953125,2.373046875,0.615234375,48.33984375,48.33984375,-43.9453125,17.578125,-39.55078125,0.0,-29.6,-37.5,27.3,-7.2,8.9,3.2
8.437988996505737,-2.171423920103119,-26.383040887756405,-27.83626526089451,54.219298219235014,2.1714241387126516,-1.4915906398995852e-7,2.160704164952356,-22.57204115682226,-34.200815504799934,55.159689896461174,0.8193507584147298,-4.3411991632205585e-8,-4.04296875,-28.65234375,-27.94921875,53.96484375,2.197265625,0.615234375,48.33984375,48.33984375,-48.33984375,17.578125,-39.55078125,0.0,-29.6,-36.7,26.5,-8.0,8.1,3.2
8.442990064620972,-1.9948449386539822,-26.214650161487263,-28.083884117910138,54.29852699797111,1.9948451570578065,-1.2579646696007362e-7,2.344238293387005,-22.4052089576935,-34.481072869080045,55.25584248825726,0.6397490599430884,-3.112876571119886e-8,-3.779296875,-28.388671875,-28.212890625,54.052734375,1.93359375,0.615234375,48.33984375,48.33984375,-48.33984375,17.578125,-39.55078125,0.0,-29.6,-35.9,26.5,-8.0,7.8,3.2
8.44799017906189,-1.8178782536016747,-26.046086503156438,-28.33327707137733,54.37935694238976,1.8178784717673306,-1.0430654527543277e-7,2.527851098771972,-22.23874885769095,-34.762134214279996,55.353364026259925,0.45985132410034096,-2.079241499883572e-8,-3.515625,-28.212890625,-28.388671875,54.140625,1.7578125,0.615234375,48.33984375,48.33984375,-48.33984375,13.18359375,-39.55078125,0.0,-29.5,-36.7,27.3,-8.0,7.0,3.2
8.452991008758545,-1.640443019649033,-25.877308689773773,-28.58461744841484,54.46192015691851,1.6404432375431357,-8.48501042673551e-8,2.7115980357057037,-22.072596802903814,-35.044132788158265,55.45238119280314,0.2795840765643299,-1.2571212988468135e-8,-3.251953125,-27.94921875,-28.65234375,54.228515625,1.58203125,0.615234375,52.734375,48.33984375,-48.33984375,13.18359375,-39.55078125,0.0,-28.7,-35.8,27.3,-8.0,8.0,3.2
8.457994222640991,-1.4625248676416323,-25.708303284872507,-28.837793731174866,54.5460916873171,1.4625250852347886,-6.728266243403124e-8,2.895518341774189,-21.906743000472993,-35.327068246768775,55.552799368101724,0.09892541702861066,-6.316108640137123e-9,-2.98828125,-27.7734375,-28.916015625,54.31640625,1.40625,0.615234375,52.734375,48.33984375,-48.33984375,13.18359375,-39.55078125,0.0,-28.7,-35.8,27.3,-8.0,7.2,3.2
8.462995052337646,-1.2842735124485647,-25.53924960814712,-29.092650061083518,54.631894994161556,1.2842737297109008,-5.179158899717795e-8,3.0794285081435238,-21.74133341014155,-35.61070785441255,55.654616150352524,-0.08196380799116448,-2.206994911263377e-9,-2.8125,-27.509765625,-29.1796875,54.404296875,1.318359375,0.615234375,52.734375,43.9453125,-48.33984375,13.18359375,-39.55078125,0.0,-29.5,-35.0,27.3,-8.0,8.8,3.2
8.467995166778564,-1.1056735843790684,-25.37012849655955,-29.349083147642723,54.7192076239921,1.105673801284341,-3.822590498360216e-8,3.26336980176477,-21.57635990561181,-35.895055684159566,55.757738310136695,-0.2631068266622939,-8.850468344161919e-11,-2.63671875,-27.333984375,-29.35546875,54.580078125,1.142578125,0.615234375,52.734375,43.9453125,-48.33984375,21.97265625,-30.76171875,0.0,-30.4,-35.0,28.0,-7.2,8.0,3.2
8.47299599647522,-0.926656210130269,-25.200912908637896,-29.607246957464596,54.80815650220826,0.9266564266514334,-2.675428630767973e-8,3.447384196525782,-21.41175955812856,-36.180227386367974,55.86228753513183,-0.44456458176024555,-1.3543354760536035e-10,-2.4609375,-27.0703125,-29.619140625,54.66796875,0.966796875,0.615234375,39.55078125,43.9453125,-48.33984375,21.97265625,-30.76171875,0.0,-30.4,-34.3,28.0,-7.2,8.8,3.2
8.477996110916138,-0.7473146392962324,-25.031682674216437,-29.866891407136922,54.898571374908315,0.7473148554096967,-1.7232778375004526e-8,3.631401224927533,-21.247628827554166,-36.46605698537015,55.96811138349225,-0.6262501867546953,-2.1927062820276678e-9,-2.28515625,-26.89453125,-29.970703125,54.755859375,0.791015625,0.615234375,39.55078125,43.9453125,-48.33984375,21.97265625,-30.76171875,0.0,-31.2,-34.3,28.0,-8.0,8.0,3.2
8.482997179031372,-0.5675733938532505,-24.862405653414612,-30.1281790127019,54.990582618539655,0.5675736095346454,-9.83237742870713e-9,3.8154691880461415,-21.083893905029353,-36.75267158283512,56.07533620312131,-0.8082311178935064,-6.43754874170521e-9,-2.109375,-26.71875,-30.05859375,54.84375,0.615234375,0.615234375,39.55078125,43.9453125,-48.33984375,21.97265625,-30.76171875,0.0,-31.2,-34.3,28.0,-8.0,8.8,3.2
8.487999200820923,-0.3874726058582291,-24.69310781627696,-30.39094419603852,55.08405062489487,0.38747282108617875,-4.403647016930798e-9,3.999572502365866,-20.920606290108296,-37.039992243838164,56.18384323486914,-0.9904744279915267,-1.2713032005333369e-8,-1.845703125,-26.455078125,-30.41015625,54.931640625,0.439453125,0.615234375,39.55078125,43.9453125,-48.33984375,21.97265625,-35.15625,0.0,-31.5,-33.5,28.9,-7.2,7.2,3.2
8.493000030517578,-0.20707611340043008,-24.52388902631202,-30.655145602114047,55.17903390222713,0.20707632815316213,-1.1246023382987007e-9,4.18361657701699,-20.757813719044243,-37.327924915077574,56.29367590281008,-1.1729064523589066,-2.1194041963014986e-8,-1.58203125,-26.279296875,-30.673828125,55.01953125,0.263671875,0.615234375,39.55078125,43.9453125,-48.33984375,21.97265625,-35.15625,0.0,-30.7,-33.4,28.9,-8.0,6.3,3.2
8.498001098632812,-0.026371007587915628,-24.354721602869862,-30.920701088690066,55.275422627709716,0.026371221846230693,1.6044679861832524e-10,4.36764076402637,-20.595522624685977,-37.6164771868735,56.404748404613585,-1.3555481464605144,-3.172103985347672e-8,-1.40625,-26.015625,-30.9375,55.107421875,0.087890625,0.615234375,39.55078125,43.9453125,-52.734375,21.97265625,-35.15625,0.0,-30.7,-33.4,28.9,-8.0,7.9,3.2
8.50300121307373,0.15461074264011743,-24.185675843632783,-31.187614086108848,55.37329052926369,-0.1546105288958472,-7.252430375614554e-10,4.5515830966231,-20.433746183277048,-37.9056069077518,56.517122876423855,-1.5383580868078406,-4.446927186616887e-8,-1.142578125,-25.83984375,-31.201171875,55.283203125,0.0,0.615234375,39.55078125,39.55078125,-52.734375,21.97265625,-35.15625,0.0,-30.7,-33.4,28.9,-8.0,9.8,3.2
8.508002996444702,0.3359274546640001,-24.016678854980437,-31.45587689425409,55.47255701337847,-0.3359272414512552,-3.6259413740139672e-9,4.735529060693289,-20.272454419135638,-38.1953960723597,56.63074476700017,-1.7214031035975796,-5.928245963472289e-8,-0.87890625,-25.6640625,-31.46484375,55.37109375,-0.17578125,0.615234375,39.55078125,39.55078125,-52.734375,17.578125,-30.76171875,0.0,-29.3,-33.4,28.8,-8.0,9.0,3.2
8.51300311088562,0.5174668943382663,-23.847876006274866,-31.725372842946022,55.57325077884095,-0.5174666816746828,-8.716735351767282e-9,4.919335307682233,-20.111726831839288,-38.48567546093054,56.74562559793276,-1.9045607358504748,-7.632850221148817e-8,-0.615234375,-25.48828125,-31.728515625,55.458984375,-0.3515625,0.615234375,52.734375,39.55078125,-52.734375,17.578125,-30.76171875,0.0,-29.3,-33.6,28.8,-7.2,8.8,3.2
8.518003225326538,0.699254856280017,-23.679221905130408,-31.996052267603456,55.675276768789075,-0.6992546441812406,-1.5839574758635806e-8,5.1030545784330705,-19.951565700132697,-38.77647653224046,56.86169238993799,-2.087865071133991,-9.544694576518964e-8,-0.3515625,-25.224609375,-31.9921875,55.546875,-0.615234375,0.615234375,52.734375,39.55078125,-48.33984375,17.578125,-30.76171875,0.0,-28.5,-32.8,28.0,-8.0,7.2,3.2
8.523004055023193,0.8813237847350246,-23.510727544364983,-32.26801228154433,55.778743089496054,-0.8813235732172653,-2.5173223071075393e-8,5.286690049389266,-19.79191751103545,-39.0678627697211,56.97904808855117,-2.2713396067443483,-1.1681848295650588e-7,-0.17578125,-25.048828125,-32.255859375,55.634765625,-0.791015625,0.615234375,52.734375,39.55078125,-48.33984375,17.578125,-30.76171875,0.0,-28.5,-32.8,28.0,-8.8,8.7,3.2
8.528004169464111,1.0635889246417713,-23.342447633270815,-32.541044393320426,55.883495958503346,-1.063588713719134,-3.655407727879559e-8,5.47018289720913,-19.63288552247504,-39.359689965875496,57.09755109564458,-2.4549070219884896,-1.4027008925630397e-7,0.087890625,-24.873046875,-32.51953125,55.810546875,-0.966796875,0.615234375,52.734375,39.55078125,-48.33984375,21.97265625,-35.15625,0.0,-28.7,-32.8,28.1,-7.2,7.9,3.2
8.533008098602295,1.2462195846044581,-23.174267376709665,-32.81545110774894,55.989723086131505,-1.2462193742920544,-5.017174887078573e-8,5.6536736682564666,-19.474293041309224,-39.65224241188907,57.217394736819585,-2.6387285058955774,-1.6600201577401324e-7,0.3515625,-24.697265625,-32.783203125,55.8984375,-1.142578125,0.615234375,48.33984375,39.55078125,-48.33984375,21.97265625,-35.15625,0.0,-27.9,-31.8,28.1,-6.4,6.4,3.2
8.538008213043213,1.4289067001579432,-23.006445485208474,-33.09069139763599,56.09714215458634,-1.4289064904682192,-6.584293304136035e-8,5.8368786331181015,-19.31644058641333,-39.945017369888674,57.33829102490918,-2.8225011222592187,-1.9380690296260077e-7,0.52734375,-24.521484375,-33.046875,55.986328125,-1.23046875,0.615234375,48.33984375,39.55078125,-52.734375,21.97265625,-35.15625,0.0,-27.9,-31.8,28.1,-7.2,6.4,3.2
8.543009042739868,1.6118170749765626,-22.83886929819951,-33.36706347579227,56.20593871674541,-1.6118168659229477,-8.375606495162632e-8,6.019935949006914,-19.15914927613912,-40.238296708879574,57.46043157253592,-3.006383555961561,-2.2388325919861025e-7,0.791015625,-24.2578125,-33.310546875,56.07421875,-1.40625,0.615234375,48.33984375,39.55078125,-52.734375,21.97265625,-35.15625,0.0,-27.1,-31.0,28.1,-8.8,8.6,3.2
8.548009157180786,1.7948699147266876,-22.671585071102164,-33.644373480924095,56.315965166442226,-1.7948697063208767,-1.0374242256171912e-7,6.202791604963436,-19.002524034308585,-40.53194390224855,57.58367902020678,-3.190302760184966,-2.5605374627391473e-7,1.0546875,-24.08203125,-33.57421875,56.162109375,-1.494140625,0.615234375,48.33984375,39.55078125,-52.734375,21.97265625,-30.76171875,0.0,-27.0,-31.0,28.0,-9.9,11.0,3.2
8.55301022529602,1.9781253663600988,-22.504578672792256,-33.922760147386455,56.42734610715341,-1.9781251586144202,-1.2598432193296984e-7,6.385476252412414,-18.846475061539046,-40.82607185871791,57.70815646821915,-3.3743099382607733,-2.905032638228177e-7,1.318359375,-23.90625,-33.837890625,56.25,-1.669921875,0.615234375,43.9453125,39.55078125,-52.734375,21.97265625,-30.76171875,0.0,-26.2,-31.2,28.0,-9.9,11.8,3.2
8.558011054992676,2.1615133964982913,-22.3378844815489,-34.20204956929577,56.53994201101957,-2.1615131894235216,-1.5031174793450737e-7,6.5679470097753265,-18.691100821065238,-41.12056161426364,57.83373438780646,-3.558342988883276,-3.2705421650688516e-7,1.58203125,-23.73046875,-34.013671875,56.42578125,-1.93359375,0.615234375,43.9453125,39.55078125,-52.734375,21.97265625,-30.76171875,0.0,-25.4,-31.2,29.6,-9.6,10.2,3.2
8.563011169433594,2.345013069347173,-22.171561951469755,-34.48225740964694,56.6538279950837,-2.3450128629544276,-1.768963140674826e-7,6.750153793374743,-18.5363762501004,-41.41539775536823,57.96048111507697,-3.742371707299353,-3.658749798443864e-7,1.845703125,-23.5546875,-34.365234375,56.513671875,-2.109375,0.615234375,43.9453125,35.15625,-52.734375,21.97265625,-30.76171875,0.0,-25.4,-31.2,28.8,-9.6,10.3,3.2
8.568011999130249,2.528652624626416,-22.00555439802554,-34.763362801370654,56.768926507850864,-2.5286524189257507,-2.0557919004991646e-7,6.9321517896752605,-18.382319367101434,-41.71061923084259,58.08833506082914,-3.9264327164263544,-4.068059970774705e-7,2.197265625,-23.37890625,-34.541015625,56.689453125,-2.373046875,0.615234375,43.9453125,35.15625,-52.734375,21.97265625,-39.55078125,0.0,-23.7,-31.2,29.6,-8.8,8.7,3.2
8.573012113571167,2.7123736874174758,-21.839954851843835,-35.04532461377492,56.88528944907175,-2.7123734824191432,-2.365257418114467e-7,7.113853818347623,-18.228932501272276,-42.006152391629925,58.217339189006736,-4.11045826675155,-4.500065188780398e-7,2.4609375,-23.203125,-34.8046875,56.77734375,-2.548828125,0.615234375,61.5234375,35.15625,-52.734375,21.97265625,-39.55078125,0.0,-22.9,-31.1,29.6,-9.6,9.4,3.2
8.578013181686401,2.896215462744158,-21.674695518234266,-35.32814224462357,57.002848421961666,-2.8962152584575134,-2.695787276121836e-7,7.295325937749753,-18.076227887183176,-42.3020538260415,58.34744080409356,-4.294495990320583,-4.953195930981688e-7,2.724609375,-23.115234375,-35.15625,56.953125,-2.8125,0.615234375,61.5234375,35.15625,-52.734375,21.97265625,-39.55078125,0.0,-22.1,-31.9,28.8,-8.8,9.4,3.2
8.603609085083008,3.837991146343198,-20.835587753243665,-36.78778069768897,57.62338257518286,-3.8379909458384756,-4.732694754979958e-7,8.21920075657428,-17.305691597806614,-43.821045885088665,59.03062133022706,-5.235476989925029,-7.616943056958139e-7,3.779296875,-22.1484375,-36.5625,57.48046875,-3.603515625,0.615234375,43.9453125,30.76171875,-52.734375,26.3671875,-43.9453125,0.0,-21.5,-29.6,28.7,-5.4,3.7,3.2
8.609506130218506,4.055033735532352,-20.643984459875416,-37.12669471950446,57.770694103269975,-4.055033535929295,-5.283274539351748e-7,8.430755308698402,-17.13088203753622,-44.17194133042662,59.19202590205375,-5.451909932259337,-8.311475992859656e-7,3.955078125,-21.97265625,-36.9140625,57.568359375,-3.603515625,0.615234375,43.9453125,30.76171875,-52.734375,17.578125,-21.97265625,0.0,-21.5,-29.4,27.9,-6.4,5.6,3.2
8.61450719833374,4.239079510499964,-20.482035506198223,-37.41482089361439,57.896872002121356,-4.239079311669857,-5.773997974343595e-7,8.609746234708455,-16.98345425805254,-44.46975911393479,59.330062420604165,-5.635312833437517,-8.924052216205664e-7,4.21875,-21.796875,-37.177734375,57.65625,-3.603515625,0.615234375,39.55078125,30.76171875,-57.12890625,17.578125,-21.97265625,0.0,-20.7,-28.6,27.9,-8.8,10.4,3.2
8.619508028030396,4.423082186262951,-20.320607691529748,-37.703557202605,58.02418117503698,-4.423081988213161,-6.286533745994664e-7,8.78832605600796,-16.836796500471976,-44.76776529048799,59.469146406182475,-5.818556769824404,-9.558187985953952e-7,4.39453125,-21.62109375,-37.44140625,57.744140625,-3.69140625,0.615234375,39.55078125,30.76171875,-57.12890625,17.578125,-21.97265625,0.0,-20.7,-28.6,27.9,-11.9,15.5,3.2
8.624508142471313,4.6070089200253665,-20.15973076024529,-37.992853961719746,58.152601681528765,-4.607008722763009,-6.820823026054561e-7,8.966461995350452,-16.69093001563199,-45.06591809138465,59.6092588706685,-6.001608618060338,-1.021377680407378e-6,4.5703125,-21.533203125,-37.6171875,57.83203125,-3.8671875,0.615234375,39.55078125,35.15625,-57.12890625,17.578125,-21.97265625,0.0,-20.8,-29.4,28.7,-14.3,17.1,3.2
8.629509210586548,4.790906114395973,-19.99936371740054,-38.28278519584994,58.28216655172812,-4.7909059179282565,-7.376981774263769e-7,9.144198941011002,-16.545815539687386,-45.36430373360814,59.75043886657946,-6.18451441301763,-1.0890940111385935e-6,4.658203125,-21.357421875,-37.96875,58.0078125,-4.130859375,0.615234375,39.55078125,35.15625,-57.12890625,17.578125,-17.578125,0.0,-21.6,-28.7,27.9,-12.2,14.6,3.2
8.634510040283203,4.974714474584785,-19.83955895480213,-38.5732610788083,58.41283835104986,-4.974714278918588,-7.954870096904606e-7,9.321478517357658,-16.401494787628415,-45.662838313694685,59.89264802573284,-6.367214710979669,-1.1589472501949752e-6,4.833984375,-21.181640625,-38.14453125,58.095703125,-4.482421875,0.615234375,35.15625,35.15625,-52.734375,17.578125,-17.578125,0.0,-21.6,-29.5,28.7,-13.0,13.0,3.2
8.639510154724121,5.158401499305542,-19.680343482331,-38.864232138726926,58.544594617399696,-5.1584013044475086,-8.554345339731589e-7,9.498269636935586,-16.25799051041855,-45.96148046396955,60.03586476500749,-6.549677158340925,-1.2309184932833198e-6,5.009765625,-21.09375,-38.3203125,58.18359375,-4.658203125,0.615234375,35.15625,35.15625,-52.734375,17.578125,-17.578125,0.0,-21.6,-29.5,28.7,-12.8,12.5,3.2
8.644511222839355,5.342012912123381,-19.521677839838766,-39.155775757846584,58.67747327305323,-5.342012718080315,-9.175588936285641e-7,9.67461530776467,-16.11526128925562,-46.2603175041543,60.180132490162734,-6.731946726291141,-1.3050261842984039e-6,5.185546875,-20.91796875,-38.583984375,58.447265625,-5.009765625,0.615234375,35.15625,30.76171875,-52.734375,17.578125,-17.578125,0.0,-21.6,-29.5,29.5,-10.4,9.3,3.2
8.649513006210327,5.5255249081787845,-19.36358110604526,-39.447857578235094,58.811459038722795,-5.5255247149573234,-9.818483586692108e-7,9.850492814004046,-15.973323417608107,-46.55932282927663,60.325437141733886,-6.913999700756385,-1.3812545010108522e-6,5.361328125,-20.654296875,-39.0234375,58.623046875,-5.361328125,0.615234375,35.15625,30.76171875,-52.734375,30.76171875,-61.5234375,0.0,-22.4,-28.9,28.9,-8.4,5.7,3.2
8.654523134231567,5.709201248209748,-19.205827226052975,-39.7409057383744,58.946753998984214,-5.709201055817702,-1.0484045563986594e-6,10.026152865988484,-15.831968284308696,-46.85894088231844,60.47199934766697,-7.096096956086398,-1.459719380685023e-6,5.537109375,-20.56640625,-39.287109375,58.798828125,-5.625,0.615234375,35.15625,30.76171875,-52.734375,30.76171875,-61.5234375,0.0,-22.4,-29.7,28.9,-8.4,4.9,3.2
8.659531116485596,5.892642227905238,-19.048757565111433,-40.03428712726195,59.083066406616936,-5.892642036348581,-1.1170782983665325e-6,10.201213411077678,-15.6915032589956,-47.15853236125085,60.61950536576623,-7.27784216068676,-1.5402431339508455e-6,5.712890625,-20.302734375,-39.55078125,58.974609375,-5.712890625,0.615234375,35.15625,30.76171875,-52.734375,30.76171875,-61.5234375,0.0,-23.2,-28.9,29.7,-10.4,9.7,3.2
8.66484808921814,6.087211120874859,-18.88268983932821,-40.346254523722024,59.22896679871615,-6.087210930212002,-1.1923460289746225e-6,10.386480138467931,-15.543276310957186,-47.47670734587769,60.77721579721279,-7.470481202094021,-1.628028819596086e-6,5.80078125,-20.21484375,-39.814453125,59.0625,-5.80078125,0.615234375,35.15625,30.76171875,-52.734375,30.76171875,-61.5234375,0.0,-24.2,-29.7,29.7,-12.0,11.3,3.2
8.669848203659058,6.269994698506226,-18.72716593481102,-40.64005651347517,59.36724556215296,-6.269994508690125,-1.2652812762236352e-6,10.560145337383968,-15.404768685476684,-47.77600005468376,60.92653411789382,-7.651331180230533,-1.712674361085122e-6,5.888671875,-20.0390625,-40.078125,59.23828125,-5.9765625,0.615234375,21.97265625,30.76171875,-52.734375,30.76171875,-35.15625,0.0,-25.0,-28.7,29.7,-13.2,11.7,3.2
8.674849033355713,6.452594947406361,-18.572288480012404,-40.93431387303713,59.50662614493403,-6.452594758443368,-1.340402258995456e-6,10.733250517613044,-15.267064472214338,-48.07540367499614,61.07688954192166,-7.83187702814615,-1.7994408240084442e-6,5.9765625,-19.86328125,-40.341796875,59.4140625,-6.15234375,0.615234375,21.97265625,30.76171875,-52.734375,30.76171875,-35.15625,0.0,-25.8,-28.7,30.5,-12.4,10.9,3.2
8.67985200881958,6.635060359694171,-18.417987890514542,-41.22907178418331,59.647084144582415,-6.635060171590477,-1.4176043652079898e-6,10.90586228430649,-15.130179163242147,-48.37498940006726,61.22826554477081,-8.012173133210174,-1.8882269530329509e-6,6.064453125,-19.6875,-40.693359375,59.58984375,-6.416015625,0.615234375,21.97265625,30.76171875,-52.734375,30.76171875,-35.15625,0.0,-26.6,-28.7,29.7,-11.0,10.2,3.2
8.684855222702026,6.817292951951909,-18.264371549697138,-41.524222129499655,59.78861882674052,-6.817292764713658,-1.4969668396047552e-6,11.07786657095188,-14.99412401818484,-48.67463478727787,61.38065483398346,-8.192115739335733,-1.979099922431709e-6,6.240234375,-19.599609375,-40.95703125,59.765625,-6.6796875,0.615234375,21.97265625,35.15625,-52.734375,35.15625,-35.15625,0.0,-26.8,-29.5,29.7,-11.8,8.6,3.2
8.68985915184021,6.999308341335388,-18.11139703796529,-41.81975616569384,59.931179028562134,-6.9993081549684115,-1.5783682599868867e-6,11.249299391192139,-14.85894158750202,-48.974355411750444,61.53401184267911,-8.371726927403655,-2.0719399186403245e-6,6.50390625,-19.423828125,-41.220703125,59.94140625,-6.85546875,0.615234375,30.76171875,35.15625,-52.734375,35.15625,-39.55078125,0.0,-26.8,-29.6,30.5,-10.4,9.5,3.2
8.694863080978394,7.181050184691134,-17.95913588004992,-42.115634889390236,60.074797271235084,-7.181049999201423,-1.6619041362041564e-6,11.420086150061143,-14.724607932741057,-49.27409929161512,61.688365119160125,-8.550944099586552,-2.1668326874652217e-6,6.6796875,-19.248046875,-41.484375,60.1171875,-7.119140625,0.615234375,30.76171875,35.15625,-57.12890625,35.15625,-39.55078125,0.0,-26.8,-28.8,30.5,-10.4,7.9,3.2
8.699863195419312,7.362380601162211,-17.807673077283347,-42.41159759566836,60.21929785063742,-7.362380416554692,-1.7473767585696303e-6,11.590119618831178,-14.591281166812053,-49.57362640144589,61.843535243184505,-8.729638307874644,-2.263573006789645e-6,6.85546875,-19.072265625,-41.748046875,60.29296875,-7.294921875,0.615234375,30.76171875,35.15625,-57.12890625,35.15625,-39.55078125,0.0,-26.8,-28.8,31.3,-10.4,8.7,3.2
8.704864025115967,7.543431901946175,-17.656921535956783,-42.70791441378326,60.36486380285158,-7.543431718226859,-1.8349672900734186e-6,11.759502505273327,-14.458794405335256,-49.87319806136969,61.999712496979186,-8.907932982921754,-2.36234375111348e-6,7.119140625,-18.984375,-42.01171875,60.46875,-7.470703125,0.615234375,30.76171875,26.3671875,-57.12890625,30.76171875,-39.55078125,0.0,-25.5,-29.6,31.3,-11.2,7.9,3.2
8.709864139556885,7.724154621306659,-17.50689218864524,-43.00446812275353,60.511388839264875,-7.724154438480926,-1.924518211549178e-6,11.928210771011901,-14.327243062921713,-50.17271856933373,62.1567917639466,-9.085786414118859,-2.462985718123133e-6,7.294921875,-18.80859375,-42.275390625,60.64453125,-7.646484375,0.615234375,39.55078125,26.3671875,-57.12890625,30.76171875,-39.55078125,0.0,-25.5,-28.8,32.1,-9.6,8.8,3.2
8.714874029159546,7.904892932216219,-17.357323971622165,-43.30188286879998,60.65923604370276,-7.904892750291628,-2.016326250639042e-6,12.096542887751013,-14.196306911800406,-50.47280532493183,62.315155611693726,-9.263529873805272,-2.5658096557659033e-6,7.470703125,-18.6328125,-42.626953125,60.8203125,-7.822265625,0.615234375,39.55078125,26.3671875,-57.12890625,30.76171875,-39.55078125,0.0,-25.5,-28.8,32.1,-9.6,8.0,3.2
8.719877004623413,8.085048804709487,-17.20868162424519,-43.59913780381828,60.80784930516024,-8.085048623690225,-2.1099538814202635e-6,12.263964172398047,-14.066481845121348,-50.772450067060234,62.474216891625254,-9.44058227854953,-2.670343248600238e-6,7.646484375,-18.45703125,-42.890625,60.99609375,-7.998046875,0.615234375,39.55078125,26.3671875,-57.12890625,30.76171875,-39.55078125,0.0,-25.5,-28.8,32.1,-9.4,8.8,3.2
8.724877119064331,8.2647327944515,-17.06089608908358,-43.89647345428608,60.957400093142354,-8.264732614342785,-2.2055743838555685e-6,12.43055615069343,-13.937611258646221,-51.07188371126926,62.634153093069315,-9.617045347578514,-2.776759362582098e-6,7.822265625,-18.28125,-43.154296875,61.083984375,-8.0859375,0.615234375,39.55078125,35.15625,-57.12890625,35.15625,-39.55078125,0.0,-25.6,-28.0,31.3,-11.0,8.8,3.2
8.729880094528198,8.444157322859272,-16.913761446155043,-44.19420166485548,61.10799433308722,-8.444157143666978,-2.3031611512049824e-6,12.596539130942189,-13.809607869125012,-51.371441830305635,62.79508597543326,-9.793135091625725,-2.885046361781422e-6,8.0859375,-18.10546875,-43.505859375,61.259765625,-8.26171875,0.615234375,39.55078125,35.15625,-57.12890625,35.15625,-35.15625,0.0,-24.8,-28.0,32.1,-10.6,9.6,3.2
8.734880208969116,8.62307870430072,-16.7675007897882,-44.491981426107145,61.25951410903886,-8.623078526029984,-2.402704212214808e-6,12.761665087865346,-13.682567937442599,-51.67076892670584,62.95688312519161,-9.96860496884364,-2.995171986258121e-6,8.26171875,-18.017578125,-43.76953125,61.435546875,-8.4375,0.615234375,39.55078125,35.15625,-57.12890625,35.15625,-35.15625,0.0,-24.8,-28.8,32.1,-9.8,8.8,3.2
8.739881038665771,8.801634036544256,-16.62197049585894,-44.78999929091216,61.412002350228846,-8.801633859200496,-2.5041374579855026e-6,12.926084438994305,-13.556461024290254,-51.9700734550604,63.11959866059406,-10.143597016278068,-3.107080918638544e-6,8.525390625,-17.841796875,-44.033203125,61.611328125,-8.61328125,0.615234375,39.55078125,35.15625,-57.12890625,35.15625,-35.15625,0.0,-24.0,-28.0,32.9,-9.4,9.7,3.2
8.74488115310669,8.979731879216075,-16.477267871670364,-45.08816843458437,61.56546953897959,-8.979731702804745,-2.6075305838182267e-6,13.089690322991423,-13.431271838369256,-52.26925596306943,63.28323742614586,-10.318014202487806,-3.2208293675655957e-6,8.701171875,-17.666015625,-44.384765625,61.69921875,-8.7890625,0.615234375,39.55078125,30.76171875,-57.12890625,30.76171875,-35.15625,0.0,-23.9,-28.0,32.0,-10.2,8.9,3.2
8.749882221221924,9.157442520543013,-16.333304677798395,-45.38656419217402,61.71990277115034,-9.157442345069525,-2.7127828520503482e-6,13.252571109613898,-13.30702025262198,-52.56841200020906,63.44779357101003,-10.491932935736807,-3.336323680585482e-6,8.96484375,-17.490234375,-44.6484375,61.875,-8.96484375,0.615234375,43.9453125,30.76171875,-57.12890625,30.76171875,-30.76171875,0.0,-23.1,-27.8,32.0,-11.2,9.6,3.2
8.754883050918579,9.33468128459592,-16.19017185934866,-45.68511279753474,61.87531922543144,-9.334681110065763,-2.819965011120081e-6,13.414626414199356,-13.18368372391983,-52.867455453317795,63.61327909908316,-10.665262885020738,-3.453621257668241e-6,9.228515625,-17.314453125,-45.0,62.05078125,-9.140625,0.615234375,43.9453125,30.76171875,-57.12890625,30.76171875,-30.76171875,0.0,-22.3,-27.0,32.0,-10.4,8.8,3.2
8.759883165359497,9.511444294652316,-16.047841395033767,-45.98376354518188,62.031640175003,-9.511444121070516,-2.928931733667286e-6,13.575876816207145,-13.061335922363277,-53.16635486670368,63.77961787553886,-10.838007953470301,-3.572579948488641e-6,9.4921875,-17.2265625,-45.263671875,62.2265625,-9.31640625,0.615234375,43.9453125,30.76171875,-57.12890625,30.76171875,-30.76171875,0.0,-21.5,-27.8,32.0,-10.4,9.6,3.2
8.764884233474731,9.687746453868133,-15.906323052336191,-46.282612372703625,62.18897132504206,-9.687746281240344,-3.0398115281945004e-6,13.736313154144675,-12.939882674583014,-53.465194268011885,63.94691615230195,-11.010175241335283,-3.6933202899826498e-6,9.755859375,-17.05078125,-45.52734375,62.314453125,-9.4921875,0.615234375,43.9453125,30.76171875,-57.12890625,30.76171875,-30.76171875,0.0,-20.5,-27.0,32.8,-11.2,8.8,3.2
8.769888162612915,9.86366942276758,-15.765520859461597,-46.58175312211033,62.347310546038415,-9.863669251099461,-3.152514936408689e-6,13.896033548672364,-12.819341486779699,-53.76408584130708,64.1151789772344,-11.181852103387493,-3.815761083842844e-6,10.01953125,-16.875,-45.87890625,62.490234375,-9.66796875,0.615234375,52.734375,30.76171875,-57.12890625,30.76171875,-35.15625,0.0,-19.7,-27.2,32.0,-12.0,9.6,3.2
8.77488923072815,10.038965927806807,-15.62565411234401,-46.880838936109654,62.50653027575095,-10.038965757103217,-3.2670021900920512e-6,14.05479057907402,-12.699795704591539,-54.062671067110486,64.28426458064814,-11.352789709497966,-3.939839678696495e-6,10.283203125,-16.787109375,-46.142578125,62.666015625,-9.84375,0.615234375,52.734375,30.76171875,-61.5234375,30.76171875,-35.15625,0.0,-18.9,-27.2,32.0,-10.4,8.8,3.2
8.779890060424805,10.213745650930493,-15.486603997486643,-47.18000808130099,62.66664996765883,-10.213745481196435,-3.3831981464562915e-6,14.212708550972351,-12.5812454319114,-54.36110633976798,64.45420100002197,-11.523103017685473,-4.065491274954543e-6,10.458984375,-16.611328125,-46.494140625,62.841796875,-10.01953125,0.615234375,52.734375,30.76171875,-61.5234375,30.76171875,-35.15625,0.0,-18.9,-27.2,32.0,-10.4,9.6,3.2
8.784890174865723,10.38794401327258,-15.348442773268172,-47.479226191896046,62.82770751415972,-10.387943844513252,-3.5011771074877687e-6,14.36970614949781,-12.463645869239306,-54.65934552655979,64.6250222819557,-11.692721553481384,-4.192777152327715e-6,10.634765625,-16.435546875,-46.7578125,62.9296875,-10.1953125,0.615234375,52.734375,26.3671875,-61.5234375,30.76171875,-35.15625,0.0,-18.9,-26.4,32.0,-11.2,8.8,3.2
8.789891004562378,10.561630252988252,-15.211084829655995,-47.77856220679423,62.989686244343304,-10.561630085208781,-3.620840545327136e-6,14.525870601975456,-12.347027651256024,-54.95747492004384,64.79671783385976,-11.861720707580268,-4.321607151069884e-6,10.810546875,-16.34765625,-47.021484375,63.10546875,-10.37109375,0.615234375,39.55078125,26.3671875,-61.5234375,30.76171875,-35.15625,0.0,-18.9,-27.1,32.8,-12.0,9.6,3.2
8.794891119003296,10.734704809117737,-15.07462939911635,-48.07792363089861,63.15259289525361,-10.734704642323251,-3.7422361873616606e-6,14.68108926538843,-12.231367460911299,-55.25539056733947,64.96928863603057,-12.029996002307424,-4.452013864210917e-6,10.986328125,-16.171875,-47.28515625,63.28125,-10.546875,0.615234375,39.55078125,26.3671875,-57.12890625,30.76171875,-35.15625,0.0,-18.9,-26.3,32.8,-11.2,9.6,3.2
8.799894094467163,10.907312604442911,-14.938932039549995,-48.377509694988476,63.31648225608015,-10.907312438638892,-3.8653211640819794e-6,14.835516885521654,-12.11664793336163,-55.55330765120967,65.14279957544525,-12.197696314398783,-4.58396695934554e-6,11.162109375,-16.083984375,-47.63671875,63.45703125,-10.72265625,0.615234375,39.55078125,26.3671875,-57.12890625,30.76171875,-35.15625,0.0,-18.9,-27.1,32.0,-11.2,9.6,3.2
8.804894208908081,11.079204426299352,-14.804208745545308,-48.676969841412344,63.48121976286521,-11.079204261490435,-3.9900329080591266e-6,14.988907242262918,-12.002942695447823,-55.850865768502274,65.31710204063089,-12.364571865931602,-4.717380807485528e-6,11.337890625,-15.908203125,-47.900390625,63.6328125,-10.8984375,0.615234375,39.55078125,30.76171875,-57.12890625,35.15625,-35.15625,0.0,-19.1,-26.3,32.8,-11.2,8.8,3.2
8.809895038604736,11.250527332674427,-14.670313770974042,-48.97650499139968,63.646860591225874,-11.2505271688656,-4.116330168666878e-6,15.141417097153779,-11.890235195846,-56.14828133400754,65.49226125091919,-12.530773658582868,-4.8522272400220335e-6,11.42578125,-15.8203125,-48.251953125,63.80859375,-11.07421875,0.615234375,30.76171875,30.76171875,-57.12890625,35.15625,-35.15625,0.0,-19.9,-27.2,32.0,-12.0,9.6,3.2
8.814895153045654,11.421178689787236,-14.53734694747216,-49.2760205139182,63.81340994142802,-11.421178526983471,-4.244250963528449e-6,15.29293173399148,-11.778499054902777,-56.44544862973729,65.66827657727775,-12.696194440319092,-4.988528538156918e-6,11.6015625,-15.64453125,-48.515625,63.984375,-11.25,0.615234375,30.76171875,30.76171875,-61.5234375,35.15625,-35.15625,0.0,-19.9,-26.4,32.8,-12.0,8.8,3.2
8.819896221160889,11.591241224141344,-14.40521395151115,-49.57560479210085,63.9808618733465,-11.591241062347605,-4.373710723299624e-6,15.44355002428587,-11.66776293135877,-56.74247149760605,65.84514835811166,-12.860922617160028,-5.1262101720642e-6,11.77734375,-15.556640625,-48.779296875,64.16015625,-11.337890625,0.615234375,30.76171875,30.76171875,-61.5234375,35.15625,-35.15625,0.0,-19.9,-26.4,32.8,-11.2,9.6,3.2
8.824897050857544,11.76061886563493,-14.274008645751607,-49.875176430425114,64.14922885380616,-11.760618704856201,-4.504748700136994e-6,15.59316337689804,-11.557994012404528,-57.039257484626944,66.02288363586365,-13.024857393391953,-5.265295755877999e-6,11.953125,-15.380859375,-49.130859375,64.3359375,-11.513671875,0.615234375,30.76171875,26.3671875,-61.5234375,30.76171875,-30.76171875,0.0,-20.1,-26.4,32.0,-12.0,8.8,3.2
8.829897165298462,11.929323560013191,-14.143692123548572,-50.17469687013625,64.31843341740567,-11.929323400254017,-4.6372267338534235e-6,15.741808076779755,-11.449268854901725,-57.33578420412437,66.20140715190604,-13.188018662784039,-5.4056541908728325e-6,12.12890625,-15.29296875,-49.39453125,64.51171875,-11.689453125,0.615234375,35.15625,26.3671875,-61.5234375,30.76171875,-30.76171875,0.0,-19.3,-26.4,32.8,-11.2,9.6,3.2
8.834898233413696,12.097354432585455,-14.014283752275468,-50.47425506948632,64.488583889821,-12.097354273850975,-4.771254436291291e-6,15.889459824983039,-11.341490960103018,-57.632128040050375,66.38082710605552,-13.350397830612945,-5.547383720070514e-6,12.216796875,-15.1171875,-49.74609375,64.6875,-11.865234375,0.615234375,35.15625,26.3671875,-57.12890625,30.76171875,-30.76171875,0.0,-20.1,-26.4,32.0,-11.2,8.8,3.2
8.839899063110352,12.264701287552622,-13.885762286178416,-50.77377117203854,64.65957916877372,-12.26470112984738,-4.906677294916717e-6,16.03613537767919,-11.234753049591278,-57.92822531860262,66.5610432352649,-13.511993384781269,-5.6903362389881325e-6,12.392578125,-15.029296875,-50.009765625,64.86328125,-12.041015625,0.615234375,35.15625,26.3671875,-57.12890625,30.76171875,-30.76171875,0.0,-20.1,-26.4,32.0,-11.2,9.6,3.2
8.84489917755127,12.431289466161406,-13.758203185929677,-51.073204590162426,64.83145412707262,-12.431289309490108,-5.043542721380483e-6,16.181745794870068,-11.129003990125765,-58.224024315652635,66.74208624445158,-13.67272549044697,-5.83454419056315e-6,12.568359375,-14.853515625,-50.2734375,65.0390625,-12.216796875,0.615234375,35.15625,26.3671875,-57.12890625,35.15625,-35.15625,0.0,-20.0,-25.6,32.8,-11.2,8.8,3.2
8.849900007247925,12.59719878164893,-13.631516513344815,-51.37263405208695,65.0041975550185,-12.597198626016226,-5.181769439002748e-6,16.326386843781254,-11.024280738294426,-58.519617842365165,66.92395059271254,-13.83267960448886,-5.979937186774241e-6,12.65625,-14.765625,-50.625,65.21484375,-12.3046875,0.615234375,26.3671875,26.3671875,-57.12890625,35.15625,-35.15625,0.0,-20.8,-26.3,32.0,-12.0,10.5,3.2
8.854900121688843,12.762321177434771,-13.505802560585714,-51.67196085231507,65.17781103891411,-12.76232102284526,-5.321373868086401e-6,16.469940607301773,-10.92055153795162,-58.814896809376805,67.10663188543687,-13.99174373825381,-6.1265150079454375e-6,12.744140625,-14.58984375,-50.888671875,65.390625,-12.48046875,0.615234375,26.3671875,26.3671875,-61.5234375,35.15625,-35.15625,0.0,-20.8,-25.5,32.8,-11.2,9.7,3.2
8.859901189804077,12.926745937793003,-13.380964960635374,-51.97127942145944,65.3522926426472,-12.926745784251285,-5.462285053106298e-6,16.612510851618016,-10.817849404697807,-59.1099690697142,67.29013424532616,-14.150012408679922,-6.274218270623839e-6,12.83203125,-14.501953125,-51.15234375,65.56640625,-12.744140625,0.615234375,26.3671875,26.3671875,-61.5234375,35.15625,-35.15625,0.0,-21.6,-25.5,32.8,-11.2,7.8,3.2
8.864903211593628,13.090410346172206,-13.257068877965976,-52.270575649005195,65.52769341998723,-13.090410193683121,-5.604554801776136e-6,16.754019149141982,-10.716112458494237,-59.40480894728918,67.47450525402982,-14.307417327640838,-6.423083811032279e-6,12.919921875,-14.326171875,-51.50390625,65.7421875,-12.83203125,0.615234375,26.3671875,26.3671875,-61.5234375,35.15625,-30.76171875,0.0,-22.6,-25.5,32.1,-12.0,9.4,3.2
8.869905233383179,13.253319369946684,-13.13408260088487,-52.56978840967813,65.70392053393302,-13.25331921851453,-5.74804146314023e-6,16.894496082797076,-10.615428537943863,-59.69937061722248,67.65965339080833,-14.463971840656631,-6.572978437282801e-6,13.0078125,-14.23828125,-51.767578125,65.91796875,-13.0078125,0.615234375,17.578125,26.3671875,-61.5234375,35.15625,-30.76171875,0.0,-23.4,-25.6,32.9,-12.2,8.8,3.2
8.874906063079834,13.415370263050649,-13.012100608498862,-52.868831314743254,65.88098207451227,-13.415370112679698,-5.892756863842806e-6,17.033829117102307,-10.515757831722862,-59.99355737763267,67.8455811043291,-14.619569327077336,-6.7238973176417245e-6,13.095703125,-14.0625,-52.03125,66.09375,-13.18359375,0.615234375,17.578125,26.3671875,-57.12890625,35.15625,-30.76171875,0.0,-24.2,-24.8,32.9,-12.2,9.6,3.2
8.879909038543701,13.576709784238558,-12.89098474087725,-53.167901335902314,66.05893685400937,-13.57670963493345,-6.038685617021727e-6,17.17217108491845,-10.417102938332317,-60.28757721886527,68.03235618083644,-14.774359399282222,-6.875839484004999e-6,13.271484375,-13.974609375,-52.3828125,66.26953125,-13.359375,0.615234375,17.578125,26.3671875,-57.12890625,35.15625,-30.76171875,0.0,-23.4,-24.8,32.9,-12.0,8.9,3.2
8.884929180145264,13.737751280583662,-12.770443462261742,-53.46787951569477,66.23837438086804,-13.737751132352482,-6.186314453568317e-6,17.309849715697112,-10.319108419195041,-60.582283296605226,68.22059067436788,-14.928729839462974,-7.029293004350105e-6,13.447265625,-13.88671875,-52.646484375,66.4453125,-13.447265625,0.615234375,17.578125,26.3671875,-57.12890625,35.15625,-30.76171875,0.0,-23.4,-25.6,32.8,-12.0,8.9,3.2
8.889931201934814,13.897404877674786,-12.651264701214856,-53.766656269397814,66.41797299463529,-13.897404730517728,-6.334495011330115e-6,17.445960768305344,-10.222534479268397,-60.87561742577394,68.40890425061443,-15.081644916081004,-7.183079656235952e-6,13.623046875,-13.7109375,-52.998046875,66.62109375,-13.623046875,0.615234375,30.76171875,26.3671875,-57.12890625,35.15625,-30.76171875,0.0,-23.4,-24.7,32.0,-12.8,9.6,3.2
8.89493203163147,14.056145574155497,-12.533109207637604,-54.065225869540384,66.59838771963992,-14.056145428076583,-6.48376176479821e-6,17.58088587699263,-10.126979701455593,-61.16854450571406,68.59797787718746,-15.23355190470101,-7.337737764118105e-6,13.88671875,-13.53515625,-53.26171875,66.884765625,-13.798828125,0.615234375,30.76171875,26.3671875,-61.5234375,35.15625,-30.76171875,0.0,-22.6,-23.9,32.8,-11.2,8.8,3.2
8.899932146072388,14.214035089550151,-12.415902726955428,-54.36361748051463,66.77957346587799,-14.214034944553159,-6.634018989216087e-6,17.714706323874896,-10.032507793392199,-61.461107802429936,68.7877706173946,-15.38451930048039,-7.493184249918383e-6,14.0625,-13.447265625,-53.61328125,66.97265625,-13.88671875,0.615234375,30.76171875,26.3671875,-61.5234375,35.15625,-30.76171875,0.0,-21.8,-23.9,32.0,-12.0,9.6,3.2
8.904933214187622,14.371053701468044,-12.299677038588992,-54.66191199660317,66.96164290703194,-14.371053557557328,-6.78535168542033e-6,17.847379297542158,-9.93901783351802,-61.75337402765341,68.9783940472008,-15.534519664976624,-7.64948913136636e-6,14.150390625,-13.271484375,-53.876953125,67.236328125,-14.0625,0.615234375,30.76171875,26.3671875,-61.5234375,39.55078125,-30.76171875,0.0,-22.3,-23.1,31.9,-12.0,8.8,3.2
8.909934997558594,14.527241761267549,-12.18437476533314,-54.960097125488915,67.14452637367485,-14.527241618447064,-6.9376476941004825e-6,17.9789675135437,-9.84658862205114,-62.04534539012465,69.16978139214069,-15.68360092199371,-7.806552434387169e-6,14.4140625,-13.095703125,-54.228515625,67.412109375,-14.23828125,0.615234375,35.15625,26.3671875,-61.5234375,39.55078125,-30.76171875,0.0,-21.5,-23.0,31.9,-12.8,9.6,3.2
8.914935111999512,14.682450916877219,-12.070122105032016,-55.25801098347645,67.32818817943044,-14.682450775150613,-7.090863350244482e-6,18.109319779396763,-9.755193821926435,-62.336850766287256,69.36188887015373,-15.831612857531667,-7.964311323198077e-6,14.58984375,-13.0078125,-54.4921875,67.587890625,-14.4140625,0.615234375,35.15625,26.3671875,-61.5234375,39.55078125,-30.76171875,0.0,-20.7,-23.0,31.9,-12.0,8.8,3.2
8.91993522644043,14.836783977473475,-11.956815967969181,-55.55575648137189,67.51262814572667,-14.836783836844406,-7.244947908958893e-6,18.238551740994,-9.66487667083301,-62.628005157212264,69.55472252207066,-15.978663121488825,-8.122729701937047e-6,14.765625,-12.919921875,-54.84375,67.763671875,-14.501953125,0.615234375,35.15625,26.3671875,-61.5234375,39.55078125,-30.76171875,0.0,-20.7,-23.0,31.9,-12.8,9.5,3.2
8.924936056137085,14.99018708080555,-11.844512348730266,-55.853355311088464,67.6979239589063,-14.990186941278035,-7.39994696005721e-6,18.36659169693894,-9.575553704562441,-62.9188170105037,69.74835708448296,-16.124691657720305,-8.281836600052622e-6,14.94140625,-12.83203125,-55.107421875,68.02734375,-14.677734375,0.615234375,35.15625,26.3671875,-61.5234375,39.55078125,-30.76171875,0.0,-20.6,-23.0,32.8,-11.2,8.7,3.2
8.929936170578003,15.142668896503546,-11.733178160495665,-56.15072704440363,67.88396210389617,-15.142668758080964,-7.555719221136215e-6,18.493476161029285,-9.487325046301343,-63.20922176192386,69.94268006483108,-16.26971632681899,-8.441502979142165e-6,15.1171875,-12.65625,-55.458984375,68.203125,-14.853515625,0.615234375,35.15625,26.3671875,-61.5234375,39.55078125,-30.76171875,0.0,-19.8,-22.3,32.0,-11.2,8.8,3.2
8.934937000274658,15.294195775988534,-11.622853970734393,-56.44793483183804,68.07084629860786,-15.294195638674747,-7.712326624396427e-6,18.61915042229223,-9.40009415845375,-63.499268301770925,70.13779333143842,-16.41369636011833,-8.601774619603088e-6,15.29296875,-12.568359375,-55.72265625,68.37890625,-14.94140625,0.615234375,35.15625,26.3671875,-57.12890625,39.55078125,-30.76171875,0.0,-19.8,-22.3,32.0,-12.0,8.8,3.2
8.939937114715576,15.444778977763214,-11.51350532317616,-56.7448996595648,68.25846307292254,-15.444778841561446,-7.869631977702318e-6,18.743653317963645,-9.313960842786503,-63.78889341067063,70.33358451207674,-16.55665214251478,-8.762527135518956e-6,15.46875,-12.392578125,-55.986328125,68.5546875,-15.1171875,0.615234375,35.15625,26.3671875,-57.12890625,39.55078125,-30.76171875,0.0,-19.0,-21.5,32.8,-12.0,9.7,3.2
8.944937229156494,15.594361466314588,-11.405189210749803,-57.04164106255185,68.4468889545652,-15.594361331228392,-8.027668996066494e-6,18.866910841478905,-9.22884078102907,-64.07810332832528,70.53012701294529,-16.698520723794253,-8.923777341639162e-6,15.64453125,-12.3046875,-56.337890625,68.73046875,-15.29296875,0.615234375,35.15625,21.97265625,-57.12890625,35.15625,-30.76171875,0.0,-19.0,-21.5,32.0,-12.0,8.9,3.2
8.94993805885315,15.74302106301195,-11.297823561958515,-57.33820872729845,68.63609155877916,-15.743020929044729,-8.186372732788303e-6,18.98901676583432,-9.14479706098783,-64.36696021118688,70.7273930989525,-16.839385653200985,-9.085475002968127e-6,15.908203125,-12.216796875,-56.689453125,68.994140625,-15.380859375,0.615234375,39.55078125,21.97265625,-57.12890625,35.15625,-30.76171875,0.0,-18.2,-22.3,31.2,-11.2,8.6,3.2
8.954938173294067,15.89063499301729,-11.191512342357976,-57.63449376512598,68.82606596200822,-15.890634860172277,-8.345703077419342e-6,19.109843068395456,-9.061781557398234,-64.65534506682363,70.92537115372981,-16.97912168999899,-9.247561569787747e-6,16.083984375,-12.12890625,-56.865234375,69.08203125,-15.556640625,0.615234375,39.55078125,21.97265625,-61.5234375,35.15625,-30.76171875,0.0,-17.4,-21.5,31.2,-12.0,9.4,3.2
8.959939002990723,16.037304121121025,-11.086157598351061,-57.930589488512176,69.0168075234651,-16.03730398940147,-8.505622787250716e-6,19.229502292267114,-8.979845788806104,-64.94336239178632,71.12406237987383,-17.117834171394936,-9.410015279978007e-6,16.34765625,-12.041015625,-57.216796875,69.345703125,-15.732421875,0.615234375,39.55078125,21.97265625,-61.5234375,35.15625,-30.76171875,0.0,-16.6,-22.3,32.0,-10.4,8.1,3.2
8.96493911743164,16.18290479620073,-10.981863121621775,-58.22638607656408,69.20831021350173,-16.182904665609698,-8.666085220066458e-6,19.347866110928003,-8.898940559533894,-65.23089233237822,71.3234540025122,-17.25539717170906,-9.57277115114763e-6,16.5234375,-11.865234375,-57.568359375,69.521484375,-15.908203125,0.615234375,39.55078125,21.97265625,-61.5234375,39.55078125,-26.3671875,0.0,-15.6,-21.5,31.1,-10.2,8.1,3.2
8.969939231872559,16.32751864283738,-10.878545547579796,-58.521935681217435,69.40054281971962,-16.327518513377807,-8.827035488077048e-6,19.465031200388676,-8.819129579493259,-65.51799920875291,71.52351955900205,-17.391897779192476,-9.735789662677398e-6,16.69921875,-11.77734375,-57.83203125,69.697265625,-15.908203125,0.615234375,43.9453125,21.97265625,-61.5234375,39.55078125,-26.3671875,0.0,-15.6,-21.5,31.1,-11.0,9.6,3.2
8.974940061569214,16.471083095867062,-10.776264280675358,-58.81725435337219,69.59358079727049,-16.47108296754218,-8.98848957761978e-6,19.580919074747214,-8.740328573641532,-65.80468545314223,71.72433105985833,-17.527267851250187,-9.899069399264104e-6,16.875,-11.689453125,-58.095703125,69.873046875,-16.083984375,0.615234375,43.9453125,21.97265625,-57.12890625,39.55078125,-26.3671875,0.0,-14.8,-21.5,31.9,-11.2,8.0,3.2
8.979940176010132,16.613619520085603,-10.674979746947988,-59.11226860585036,69.7873110850325,-16.613619392898027,-9.150328796017272e-6,19.69557745395889,-8.662635816018895,-66.09089323078982,71.9257768845653,-17.66153755532953,-1.0062506492287494e-5,17.05078125,-11.6015625,-58.447265625,69.9609375,-16.171875,0.615234375,43.9453125,21.97265625,-57.12890625,39.55078125,-26.3671875,0.0,-14.0,-21.5,31.1,-12.0,7.9,3.2
8.984942197799683,16.755117910001573,-10.574713506533833,-59.40710583791375,69.98188264241324,-16.755117783954642,-9.312624768863199e-6,19.808970126012845,-8.58593736629527,-66.37673283985278,72.12800538014258,-17.794688268650418,-1.0226155602189868e-5,17.138671875,-11.513671875,-58.7109375,70.13671875,-16.259765625,0.615234375,43.9453125,17.578125,-57.12890625,30.76171875,-21.97265625,0.0,-15.1,-21.5,31.2,-13.0,9.5,3.2
8.989944219589233,16.89558817437177,-10.475434753387265,-59.7016656957166,70.17716430949231,-16.895588049468106,-9.475248582066508e-6,19.92113561411692,-8.510339187465956,-66.6621203612136,72.33088616802162,-17.926739374293803,-1.0389902895345497e-5,17.314453125,-11.42578125,-58.974609375,70.3125,-16.435546875,0.615234375,26.3671875,17.578125,-57.12890625,30.76171875,-21.97265625,0.0,-14.3,-20.8,32.0,-14.6,9.8,3.2
8.994948148727417,17.034997129309243,-10.377181272369814,-59.99603190469611,70.3732775964844,-17.034997005552007,-9.63824279804464e-6,20.032018672921197,-8.43573871418874,-66.94712338054833,72.53453887407952,-18.057650299211538,-1.0553773390298504e-5,17.40234375,-11.337890625,-59.326171875,70.48828125,-16.5234375,0.615234375,26.3671875,17.578125,-61.5234375,30.76171875,-21.97265625,0.0,-15.1,-20.8,31.2,-14.6,9.8,3.2
8.999949216842651,17.173279159258964,-10.279975589324685,-60.28993763196572,70.56997819601297,-17.173279036649976,-9.801390097475288e-6,20.141598596293502,-8.362283732120043,-67.23149715757468,72.73871585777106,-18.18736978154364,-1.0717565192247886e-5,17.578125,-11.25,-59.58984375,70.751953125,-16.69921875,0.615234375,26.3671875,17.578125,-61.5234375,30.76171875,-21.97265625,0.0,-14.3,-20.8,31.2,-13.8,9.6,3.2
9.004950046539307,17.310419683739404,-10.183841801941075,-60.583507594454716,70.7674149226848,-17.31041956228116,-9.964750026540053e-6,20.249835087481415,-8.289859304142325,-67.51534886672448,72.94356503854823,-18.315874778977495,-1.0881320399198739e-5,17.666015625,-11.162109375,-59.853515625,70.927734375,-16.787109375,0.615234375,26.3671875,21.97265625,-61.5234375,39.55078125,-26.3671875,0.0,-15.2,-20.8,32.1,-13.6,9.6,3.2
9.009950160980225,17.446475273020706,-10.088716843115295,-60.87672883881606,70.96551175620603,-17.44647515271535,-1.0128250607472386e-5,20.356804826888965,-8.21854960424024,-67.79867966798213,73.14901364183204,-18.443228832391593,-1.1044983707920907e-5,17.75390625,-11.07421875,-60.205078125,71.103515625,-16.962890625,0.615234375,26.3671875,21.97265625,-61.5234375,39.55078125,-26.3671875,0.0,-15.2,-20.8,31.3,-14.4,9.7,3.2
9.014951229095459,17.581401698434306,-9.994645558464965,-61.16966837987866,71.16438055689153,-17.581401579284446,-1.0291914297521353e-5,20.462443405926,-8.14825496511429,-68.08154045407916,73.35517100665322,-18.569380897180523,-1.1208559558706036e-5,17.9296875,-10.986328125,-60.46875,71.3671875,-17.138671875,0.615234375,26.3671875,21.97265625,-57.12890625,39.55078125,-26.3671875,0.0,-14.4,-20.8,31.3,-13.6,8.9,3.2
9.019952058792114,17.7152377699914,-9.901578017333506,-61.46227247756038,71.36391765408875,-17.71523765199912,-1.045565159273209e-5,20.566813409718687,-8.079070215589518,-68.36389293105785,73.56193572208029,-18.694377844441604,-1.1371975357580228e-5,18.017578125,-10.8984375,-60.732421875,71.54296875,-17.2265625,0.615234375,26.3671875,21.97265625,-57.12890625,39.55078125,-26.3671875,0.0,-15.2,-20.8,31.3,-14.4,9.5,3.2
9.024952173233032,17.847880116555526,-9.809599746352038,-61.75448135762625,71.5641487998212,-17.847879999722885,-1.061940828060855e-5,20.669804271291746,-8.010925309978376,-68.64566545286988,73.76932780240163,-18.818113393770375,-1.1535158978716427e-5,18.193359375,-10.810546875,-61.083984375,71.806640625,-17.40234375,0.615234375,26.3671875,13.18359375,-57.12890625,39.55078125,-30.76171875,0.0,-14.3,-20.8,31.1,-13.6,8.7,3.2
9.029953002929688,17.979439837777615,-9.718611154771272,-62.046396006303944,71.76507538994613,-17.97943972210675,-1.07831866670845e-5,20.771534988988943,-7.943878817976095,-68.92696907606714,73.97735478586094,-18.940701941099945,-1.1698129766861663e-5,18.28125,-10.72265625,-61.34765625,71.982421875,-17.490234375,0.615234375,26.3671875,13.18359375,-57.12890625,39.55078125,-30.76171875,0.0,-14.3,-20.8,31.1,-13.6,9.6,3.2
9.034953117370605,18.109787110660147,-9.628715561619739,-62.33789983021446,71.96668414963084,-18.10978699615294,-1.0946894870937029e-5,20.87187461999326,-7.877873229900467,-69.20767725551944,74.18599620793745,-19.062012596795093,-1.1860778140481356e-5,18.369140625,-10.634765625,-61.69921875,72.24609375,-17.666015625,0.615234375,26.3671875,13.18359375,-61.5234375,39.55078125,-30.76171875,0.0,-15.1,-20.8,30.3,-13.6,8.8,3.2
9.03995418548584,18.239040293073835,-9.539809195186274,-62.62910867346923,72.16898715168543,-18.23904017973233,-1.1110549061113961e-5,20.970947400853614,-7.8129648465501,-69.48791524110305,74.3952706563232,-19.18216639339935,-1.2023137322825579e-5,18.45703125,-10.546875,-61.962890625,72.421875,-17.841796875,0.615234375,26.3671875,13.18359375,-61.5234375,39.55078125,-30.76171875,0.0,-15.1,-20.8,31.1,-13.6,8.7,3.2
9.044955015182495,18.36707491143622,-9.451991091223467,-62.91991882380787,72.3719797191387,-18.367074799262234,-1.127405869613384e-5,21.06862676364765,-7.749092301106623,-69.7675688182941,74.60516652721114,-19.30103751741814,-1.2185099194831981e-5,18.544921875,-10.458984375,-62.2265625,72.685546875,-17.9296875,0.615234375,26.3671875,17.578125,-61.5234375,43.9453125,-26.3671875,0.0,-15.3,-20.0,31.2,-12.8,8.7,3.2
9.049955129623413,18.493955791047533,-9.36519492382918,-63.21032241715715,72.57558766220873,-18.49395568004258,-1.1437375962853329e-5,21.164995909903595,-7.6863399238512145,-70.04664423977357,74.81561324492084,-19.41869723133198,-1.2346633813852544e-5,18.6328125,-10.37109375,-62.578125,72.94921875,-18.10546875,0.615234375,17.578125,17.578125,-61.5234375,43.9453125,-26.3671875,0.0,-16.1,-20.0,30.4,-12.0,8.0,3.2
9.054956197738647,18.619630600604744,-9.279469727348177,-63.50038100476296,72.77992156631362,-18.61963049077073,-1.1600497403538533e-5,21.25998345486488,-7.624609313834342,-70.32518608739971,75.0267183291158,-19.535086761965395,-1.2507719354228312e-5,18.720703125,-10.283203125,-62.841796875,73.125,-18.193359375,0.615234375,17.578125,17.578125,-57.12890625,43.9453125,-26.3671875,0.0,-16.1,-20.0,31.2,-12.8,8.8,3.2
9.059957027435303,18.744147568457063,-9.194761210256951,-63.79004630650768,72.98487885993949,-18.744147459795446,-1.1763358107334836e-5,21.353659868588426,-7.563994203749843,-70.60316178162594,75.23838191746883,-19.650261933640984,-1.2668309222938135e-5,18.720703125,-10.1953125,-63.10546875,73.30078125,-18.28125,0.615234375,17.578125,17.578125,-57.12890625,43.9453125,-26.3671875,0.0,-16.9,-20.0,31.2,-13.6,8.8,3.2
9.064958095550537,18.867422720428756,-9.111139612557174,-64.07930941516173,73.19052087555424,-18.867422612941144,-1.1925909168883965e-5,21.44592975268621,-7.504410900302009,-70.88054800806796,75.45066053955154,-19.764134650808067,-1.282833665970278e-5,18.80859375,-10.107421875,-63.45703125,73.4765625,-18.45703125,0.615234375,17.578125,17.578125,-57.12890625,43.9453125,-26.3671875,0.0,-17.0,-20.0,30.3,-13.6,8.0,3.2
9.069958209991455,18.98950718245502,-9.028549067888932,-64.36812362855503,73.39674504476774,-18.989507076142516,-1.2088092359963722e-5,21.53686616122709,-7.4459524640434935,-71.15731394653902,75.66345448853718,-19.876763542247964,-1.2987762161234054e-5,18.896484375,-10.01953125,-63.720703125,73.65234375,-18.544921875,0.615234375,13.18359375,17.578125,-57.12890625,43.9453125,-26.3671875,0.0,-17.8,-19.1,30.3,-13.6,8.8,3.2
9.074960231781006,19.110373431898672,-8.947021283823469,-64.65661638512702,73.60371051351561,-19.11037332676311,-1.22499295070263e-5,21.62641559266538,-7.388507360704125,-71.43356668005416,75.87692111033,-19.988112556861722,-1.3146588407466932e-5,18.984375,-9.931640625,-63.984375,73.916015625,-18.6328125,0.615234375,13.18359375,17.578125,-57.12890625,43.9453125,-26.3671875,0.0,-17.8,-19.1,31.1,-13.6,8.8,3.2
9.079961061477661,19.230028313631774,-8.866530852323908,-64.94463220441286,73.81123639325551,-19.23002820967407,-1.2411307203624423e-5,21.71461830808803,-7.332190848637275,-71.7091713101517,76.09087999372143,-20.09819952563187,-1.3304722047171556e-5,19.072265625,-9.84375,-64.248046875,74.1796875,-18.80859375,0.615234375,13.18359375,17.578125,-57.12890625,43.9453125,-26.3671875,0.0,-17.8,-19.1,31.1,-12.8,7.9,3.2
9.084961175918579,19.348385578761118,-8.787148648142317,-65.23215984701478,74.01938231902278,-19.34838547598231,-1.2572163731570642e-5,21.80137737297754,-7.276918114581332,-71.98410195849394,76.30538577915422,-20.206934335255873,-1.3462083833481633e-5,19.16015625,-9.84375,-64.599609375,74.35546875,-18.80859375,0.615234375,13.18359375,17.578125,-57.12890625,39.55078125,-17.578125,0.0,-17.7,-19.9,30.4,-13.6,8.7,3.2
9.089962005615234,19.465562974208677,-8.708775102036842,-65.51930621425295,74.22815562331233,-19.465562872609986,-1.2732538755424844e-5,21.886815097343128,-7.222753008716577,-72.25847501736158,76.52045224172616,-20.314436938564043,-1.3618730864776798e-5,19.3359375,-9.755859375,-64.86328125,74.53125,-18.984375,0.615234375,17.578125,17.578125,-57.12890625,39.55078125,-17.578125,0.0,-16.9,-19.1,30.4,-14.4,8.9,3.2
9.094962120056152,19.58142751507281,-8.631512100062103,-65.80594903255437,74.43753591809183,-19.581427414655117,-1.2892302683087834e-5,21.97080016212545,-7.169631925553289,-72.53215818287501,76.73605144805694,-20.420574259870428,-1.377451739765464e-5,19.51171875,-9.66796875,-65.126953125,74.794921875,-19.072265625,0.615234375,17.578125,17.578125,-57.12890625,39.55078125,-17.578125,0.0,-16.1,-19.1,31.2,-13.6,8.9,3.2
9.099963188171387,19.696103237044262,-8.555256624168726,-66.09220975909028,74.64754164292795,-19.696103137808688,-1.3051509072789858e-5,22.05345908490482,-7.117617023623481,-72.80528169498025,76.95220861945221,-20.52547188883677,-1.3929514216422672e-5,19.599609375,-9.580078125,-65.478515625,74.970703125,-19.16015625,0.615234375,17.578125,17.578125,-57.12890625,39.55078125,-17.578125,0.0,-16.1,-19.1,30.4,-13.6,8.8,3.2
9.104964017868042,19.80946203688727,-8.480106811311018,-66.37797873906399,74.85816127948141,-19.809461938834644,-1.3210029767239708e-5,22.134664308186153,-7.066641526927024,-73.07772518345811,77.16890491485557,-20.629001309089958,-1.4083577155178088e-5,19.6875,-9.4921875,-65.7421875,75.234375,-19.248046875,0.615234375,17.578125,17.578125,-57.12890625,43.9453125,-21.97265625,0.0,-16.7,-18.3,30.4,-13.6,8.8,3.2
9.10996413230896,19.921580466845857,-8.405991773987573,-66.66325585140362,75.06932381942926,-19.921580369976777,-1.3367856864559828e-5,22.214508155060855,-7.016790052516109,-73.34950300926863,77.38607356828156,-20.731244675096985,-1.4236717396428375e-5,19.775390625,-9.404296875,-66.09375,75.41015625,-19.423828125,0.615234375,26.3671875,17.578125,-57.12890625,43.9453125,-21.97265625,0.0,-16.7,-18.3,29.6,-13.6,8.8,3.2
9.114965200424194,20.03239436853078,-8.33296683260564,-66.94809376607896,75.28113725291345,-20.03239427284621,-1.352494664854778e-5,22.292908976356443,-6.9679662383605825,-73.62064938836578,77.60381863232655,-20.832131918551788,-1.4388872948769555e-5,19.951171875,-9.31640625,-66.26953125,75.673828125,-19.51171875,0.615234375,26.3671875,17.578125,-61.5234375,43.9453125,-21.97265625,0.0,-15.9,-17.5,31.2,-12.8,8.8,3.2
9.11996603012085,20.141965575436327,-8.260971433027118,-67.23245266690134,75.49350120979868,-20.141965480936832,-1.3681275298371707e-5,22.369948512688772,-6.9202622206921784,-73.89114093689227,77.82204320033631,-20.931731727358617,-1.4540039771782462e-5,20.0390625,-9.228515625,-66.62109375,75.849609375,-19.599609375,0.615234375,26.3671875,17.578125,-61.5234375,43.9453125,-21.97265625,0.0,-15.9,-17.5,30.4,-12.8,8.8,3.2
9.124969005584717,20.250243013761484,-8.190052184562195,-67.51642407466045,75.70655382000206,-20.250242920448144,-1.3836814248417925e-5,22.44555373066573,-6.873575673458449,-74.16104837489164,78.04088211320699,-21.0299857531346,-1.4690170259973844e-5,20.126953125,-9.140625,-66.884765625,76.11328125,-19.6875,0.615234375,26.3671875,13.18359375,-61.5234375,43.9453125,-21.97265625,0.0,-15.9,-17.5,30.4,-12.8,8.8,3.2
9.129980087280273,20.35744249987127,-8.120048603242939,-67.80037445226243,75.92050106329762,-20.35744240774651,-1.3991767253940324e-5,22.51991298493358,-6.827935103075411,-74.43073422216249,78.26055304682475,-21.127102107463315,-1.4839479818726726e-5,20.302734375,-9.052734375,-67.236328125,76.2890625,-19.86328125,0.615234375,21.97265625,13.18359375,-61.5234375,43.9453125,-21.97265625,0.0,-15.1,-16.7,29.6,-13.6,7.9,3.2
9.134992122650146,20.463301945683277,-8.051145715034725,-68.08385134220478,76.13507550708542,-20.46330185474776,-1.414580036358564e-5,22.592804525206333,-6.78332685184067,-74.69975137402434,78.48077393936768,-21.22283053259799,-1.4987625430026429e-5,20.390625,-9.052734375,-67.5,76.552734375,-19.951171875,0.615234375,21.97265625,13.18359375,-57.12890625,43.9453125,-21.97265625,0.0,-15.1,-17.5,29.6,-12.8,7.9,3.2
9.13999319076538,20.567668314720333,-7.9834224080990985,-68.36621389473126,76.34971518906505,-20.567668224971808,-1.4298579745447515e-5,22.66416568702362,-6.739937619265811,-74.96750773412711,78.70097489770562,-21.317046531853332,-1.5134307251984527e-5,20.56640625,-8.96484375,-67.763671875,76.728515625,-19.951171875,0.615234375,21.97265625,13.18359375,-57.12890625,43.9453125,-21.97265625,0.0,-14.3,-16.7,30.4,-12.8,8.8,3.2
9.144994020462036,20.670660796206388,-7.916814410937921,-68.64802151620492,76.5649152446257,-20.670660707645105,-1.445031802670706e-5,22.734039109655917,-6.6975857738766615,-75.23451697152586,78.92165673356104,-21.409845249760913,-1.5279708926851258e-5,20.654296875,-8.876953125,-68.02734375,76.904296875,-20.126953125,0.615234375,21.97265625,13.18359375,-57.12890625,39.55078125,-21.97265625,0.0,-14.2,-16.7,30.3,-13.6,8.0,3.2
9.149994134902954,20.772368155301045,-7.85124402168875,-68.92928137299934,76.7806051385857,-20.772368067927054,-1.4601039464775214e-5,22.802528055728345,-6.656360132714795,-75.50080187108819,79.14275389433438,-21.501320651499302,-1.5423875002118204e-5,20.830078125,-8.876953125,-68.291015625,77.16796875,-20.21484375,0.615234375,26.3671875,13.18359375,-57.12890625,39.55078125,-21.97265625,0.0,-13.4,-16.7,30.3,-13.6,8.8,3.2
9.154995203018188,20.872713664038418,-7.786774713592852,-69.21003772237944,76.99689260115602,-20.872713577852117,-1.4750669312150052e-5,22.869538859985845,-6.616161773114236,-75.76638642804602,79.36436926627823,-21.59139027677074,-1.556671209195787e-5,20.91796875,-8.7890625,-68.642578125,77.34375,-20.302734375,0.615234375,26.3671875,13.18359375,-57.12890625,39.55078125,-21.97265625,0.0,-12.6,-16.7,30.3,-13.8,8.9,3.2
9.159996032714844,20.971772744601253,-7.723337953970479,-69.49025867751007,77.21367721307566,-20.971772659602685,-1.4899217351167645e-5,22.935165718931444,-6.577085773239451,-76.03125657033677,79.58640672647019,-21.680136049257374,-1.5708251101097813e-5,21.09375,-8.701171875,-68.90625,77.51953125,-20.390625,0.615234375,26.3671875,13.18359375,-57.12890625,39.55078125,-21.97265625,0.0,-11.8,-15.9,29.5,-13.8,8.9,3.2
9.164996147155762,21.069424754759716,-7.66102506863362,-69.76986673230802,77.43097279359063,-21.06942467094875,-1.5046538481587158e-5,22.999285683816105,-6.539050083230177,-76.29532089137572,79.8088728617243,-21.767436120346588,-1.5848331576347042e-5,21.26953125,-8.61328125,-69.2578125,77.783203125,-20.478515625,0.615234375,26.3671875,13.18359375,-57.12890625,43.9453125,-13.18359375,0.0,-10.9,-15.9,29.7,-13.6,8.8,3.2
9.169997215270996,21.165803331237914,-7.599730730823126,-70.0489916515374,77.6488037812073,-21.165803248614754,-1.519273480688551e-5,23.062031603398683,-6.5021274750626805,-76.5587183028227,80.03179952174469,-21.85342457970588,-1.5987072703600228e-5,21.357421875,-8.61328125,-69.521484375,77.958984375,-20.56640625,0.615234375,30.76171875,13.18359375,-57.12890625,43.9453125,-13.18359375,0.0,-10.9,-15.9,29.7,-15.2,8.8,3.2
9.174998044967651,21.26077271836845,-7.539555613494462,-70.32751448517178,77.86715189830527,-21.260772636932963,-1.5337633837232936e-5,23.123270509158182,-6.466241278266984,-76.82131798179046,80.25516033487906,-21.937966051486754,-1.6124287983992336e-5,21.533203125,-8.525390625,-69.78515625,78.134765625,-20.654296875,0.615234375,30.76171875,13.18359375,-52.734375,43.9453125,-13.18359375,0.0,-10.1,-15.9,29.7,-15.4,8.8,3.2
9.17999815940857,21.35442670681224,-7.480420204237898,-70.60544658681798,78.0859489864178,-21.354426626564116,-1.548128235806151e-5,23.183109402956536,-6.431480206010084,-77.08314729872887,80.47889247839468,-22.02115908970519,-1.626004439556358e-5,21.62109375,-8.525390625,-70.048828125,78.3984375,-20.7421875,0.615234375,30.76171875,13.18359375,-52.734375,43.9453125,-13.18359375,0.0,-9.3,-15.9,29.7,-14.6,8.8,3.2
9.184999227523804,21.446683138295334,-7.422390868919235,-70.88282704476262,78.30530049937104,-21.44668305923461,-1.562358485102191e-5,23.24144993458787,-6.397746696042172,-77.34422421314068,80.7030960789744,-22.1029160639014,-1.6394228478565338e-5,21.708984375,-8.4375,-70.3125,78.662109375,-20.830078125,0.615234375,30.76171875,13.18359375,-52.734375,43.9453125,-21.97265625,0.0,-9.4,-15.9,30.4,-13.4,8.8,3.2
9.190000057220459,21.537623483907236,-7.3653963913667875,-71.15962864757986,78.52510800985442,-21.537623406033603,-1.5764574578806412e-5,23.29839117425381,-6.36513477677714,-77.60453990823171,80.92767742757567,-22.18332454936563,-1.6526894620406307e-5,21.796875,-8.4375,-70.576171875,78.837890625,-21.005859375,0.615234375,21.97265625,13.18359375,-52.734375,43.9453125,-21.97265625,0.0,-9.4,-16.0,30.4,-14.2,7.2,3.2
9.195000171661377,21.627125247018864,-7.309528189300049,-71.43577013414557,78.74538167396344,-21.62712517033183,-1.5904089173072523e-5,23.353809289244285,-6.333561025823884,-77.86399883309494,81.15263916669767,-22.26226119084872,-1.665786643643688e-5,21.884765625,-8.4375,-70.927734375,79.1015625,-21.005859375,0.615234375,21.97265625,13.18359375,-57.12890625,43.9453125,-21.97265625,0.0,-9.4,-16.8,29.6,-14.6,7.9,3.2
9.200001001358032,21.71531905078303,-7.254684671859936,-71.7113708339957,78.96613923087294,-21.71531897528244,-1.6042243219239236e-5,23.407834261019424,-6.303102224422295,-78.12273020593983,81.37800637125531,-22.339857050797935,-1.678727512840168e-5,21.97265625,-8.349609375,-71.103515625,79.27734375,-21.09375,0.615234375,21.97265625,13.18359375,-57.12890625,43.9453125,-21.97265625,0.0,-8.6,-16.0,29.6,-14.6,7.9,3.2
9.20500111579895,21.802064980465957,-7.200967763504835,-71.98629563562132,79.18734749295545,-21.802064906151216,-1.6178842484761174e-5,23.46033165725822,-6.273680818967882,-78.38058770101912,81.60373736287318,-22.41597348531009,-1.6914914613160484e-5,22.060546875,-8.349609375,-71.455078125,79.541015625,-21.181640625,0.615234375,21.97265625,4.39453125,-57.12890625,43.9453125,-17.578125,0.0,-8.6,-16.0,29.5,-13.4,8.0,3.2
9.210001230239868,21.887481553651167,-7.1482839617679375,-72.26062543906622,79.4089938582378,-21.887481480521828,-1.6313988188207252e-5,23.511423781804307,-6.2453779957930315,-78.63766453852553,81.8298262761174,-22.49073080555367,-1.7040903676550334e-5,22.1484375,-8.26171875,-71.71875,79.716796875,-21.181640625,0.615234375,17.578125,4.39453125,-57.12890625,43.9453125,-17.578125,0.0,-8.6,-15.1,29.5,-12.6,8.0,3.2
9.215002059936523,21.97146557951441,-7.096712123768416,-72.5343418359364,79.63113877502144,-21.971465507570116,-1.6447539446653587e-5,23.560998528471146,-6.218103821582194,-78.89392363690135,82.05632691410905,-22.564022637492783,-1.7165086210163807e-5,22.236328125,-8.26171875,-71.982421875,79.892578125,-21.26953125,0.615234375,17.578125,4.39453125,-52.734375,43.9453125,-17.578125,0.0,-7.8,-15.9,29.5,-12.6,8.0,3.2
9.22000503540039,22.054146376357032,-7.046152921014301,-72.80756509650664,79.85380318558866,-22.054146305597772,-1.657962094384806e-5,23.60918354488957,-6.191936786290811,-79.14949487924152,82.28326753668152,-22.635978370996355,-1.728760258528753e-5,22.236328125,-8.26171875,-72.24609375,80.068359375,-21.26953125,0.615234375,17.578125,4.39453125,-52.734375,43.9453125,-17.578125,0.0,-8.6,-15.9,29.5,-12.6,9.6,3.2
9.225006103515625,22.13534194919294,-6.996733012074692,-73.08001532860365,80.07683385557227,-22.13534187961763,-1.6709961307940608e-5,23.655821114355277,-6.166812371916104,-79.40409645383988,82.51048412102145,-22.706423163987353,-1.7408175943575457e-5,22.32421875,-8.26171875,-72.59765625,80.33203125,-21.357421875,0.615234375,17.578125,4.39453125,-52.734375,39.55078125,-8.7890625,0.0,-8.7,-15.9,28.8,-13.9,8.9,3.2
9.230006217956543,22.21517564789212,-6.948357001801414,-73.35178842326982,80.30023128134334,-22.215175579499917,-1.6838680510620623e-5,23.70103585132295,-6.142809565143169,-79.65783578397283,82.73798422366832,-22.775481338406905,-1.752694270710384e-5,22.412109375,-8.173828125,-72.7734375,80.5078125,-21.4453125,0.615234375,13.18359375,4.39453125,-52.734375,39.55078125,-8.7890625,0.0,-7.9,-16.1,29.6,-14.7,8.9,3.2
9.235007047653198,22.29355925013807,-6.90109396697714,-73.62291553441136,80.52409569322518,-22.293559182928444,-1.6965652975301994e-5,23.744724616921722,-6.119835032289985,-79.91072172810895,82.96586205937622,-22.843059650308525,-1.764376132740426e-5,22.412109375,-8.173828125,-73.125,80.771484375,-21.533203125,0.615234375,13.18359375,4.39453125,-57.12890625,39.55078125,-8.7890625,0.0,-8.7,-16.1,28.8,-13.6,7.9,3.2
9.240007162094116,22.37057757585518,-6.854872504554346,-73.8933635561856,80.74832258264306,-22.370577509827267,-1.7090942360769744e-5,23.78698954032362,-6.097979627761413,-80.16274122685095,83.1940182314676,-22.909248863587937,-1.7758716194856115e-5,22.5,-8.0859375,-73.388671875,80.947265625,-21.62109375,0.615234375,13.18359375,4.39453125,-57.12890625,39.55078125,-8.7890625,0.0,-7.9,-15.3,28.8,-13.6,7.9,3.2
9.24500823020935,22.446141076644533,-6.809762357153417,-74.16316191797783,80.97301112122896,-22.446141011797753,-1.7214417270884642e-5,23.827726381508214,-6.077151079255461,-80.41390114705885,83.4225457421461,-22.973954486763304,-1.7871660389004968e-5,22.587890625,-8.0859375,-73.65234375,81.2109375,-21.62109375,0.615234375,13.18359375,8.7890625,-57.12890625,39.55078125,-13.18359375,0.0,-8.0,-15.3,28.7,-13.6,8.9,3.2
9.250009059906006,22.520339213282593,-6.765689718893816,-74.43229167805117,81.19806856170389,-22.520339149616124,-1.7336153984977945e-5,23.867039879707644,-6.057438551091877,-80.66420184015254,83.65135724108238,-23.037271276284564,-1.7982690123081696e-5,22.67578125,-8.0859375,-73.916015625,81.38671875,-21.708984375,0.615234375,8.7890625,8.7890625,-57.12890625,39.55078125,-13.18359375,0.0,-7.2,-16.0,28.7,-15.2,8.9,3.2
9.255009174346924,22.593050166311688,-6.722743241562236,-74.70066546356892,81.42349618250293,-22.593050103824474,-1.7455964355059283e-5,23.904808749186806,-6.038758789815541,-80.91354130329111,83.88044612493408,-23.099077230045694,-1.8091606868286736e-5,22.67578125,-7.998046875,-74.1796875,81.5625,-21.708984375,0.615234375,8.7890625,8.7890625,-57.12890625,39.55078125,-13.18359375,0.0,-8.0,-15.2,28.7,-17.2,9.7,3.2
9.260010004043579,22.664402916332467,-6.680826062594202,-74.96840659057104,81.64932043761283,-22.664402855023848,-1.7573994618802117e-5,23.941158577845123,-6.021190128333155,-81.16205235543285,84.10984629124928,-23.15950078379509,-1.8198570818562496e-5,22.763671875,-7.998046875,-74.443359375,81.826171875,-21.796875,0.615234375,8.7890625,8.7890625,-57.12890625,43.9453125,-13.18359375,0.0,-8.0,-15.2,28.7,-16.4,9.7,3.2
9.265010118484497,22.734261820439052,-6.64003467476382,-75.2353753897728,81.87549814994605,-22.734261760307916,-1.7690030046978315e-5,23.975961188301355,-6.0046529643028155,-81.40958424420438,84.33950590855116,-23.218408287605854,-1.830335958291972e-5,22.763671875,-7.91015625,-74.794921875,82.08984375,-21.884765625,0.615234375,8.7890625,8.7890625,-57.12890625,43.9453125,-13.18359375,0.0,-8.0,-14.4,28.0,-15.0,9.6,3.2
9.270010232925415,22.802745903850607,-6.600278520777448,-75.50165784994718,82.10202475145354,-22.802745844896045,-1.7804205595479288e-5,24.009336840176527,-5.989228075688071,-81.65623525503786,84.56942739909555,-23.275919649065457,-1.840612321776526e-5,22.8515625,-7.91015625,-75.05859375,82.353515625,-21.97265625,0.615234375,8.7890625,8.7890625,-57.12890625,43.9453125,-13.18359375,0.0,-7.2,-15.1,28.0,-15.0,8.8,3.2
9.27501106262207,22.86974917506175,-6.5616365300455275,-75.76722755031238,82.32895275031231,-22.869749117282915,-1.7916352255144415e-5,24.041172208942793,-5.974829047926429,-81.90195940250459,84.79965600998256,-23.331926256772796,-1.8506680824625994e-5,22.8515625,-7.822265625,-75.234375,82.529296875,-21.97265625,0.615234375,8.7890625,8.7890625,-52.734375,43.9453125,-13.18359375,0.0,-8.0,-14.3,28.8,-16.2,9.6,3.2
9.280011177062988,22.935361775822557,-6.52403530417225,-76.03205732049831,82.55618157810666,-22.935361719218324,-1.802656181472042e-5,24.071573381347058,-5.9615430545616395,-82.14675032586106,85.03009678302864,-23.386523716382776,-1.860514379800419e-5,22.939453125,-7.822265625,-75.5859375,82.79296875,-22.1484375,0.615234375,8.7890625,8.7890625,-52.734375,48.33984375,-13.18359375,0.0,-7.1,-14.3,28.0,-13.8,7.9,3.2
9.285012006759644,22.999486862567117,-6.487548279998466,-76.29615732837074,82.78379483912879,-22.99948680713658,-1.8134677283370388e-5,24.100431384864514,-5.94928205995373,-82.39059563079522,85.26082642284611,-23.439611073660082,-1.8701342174062335e-5,22.939453125,-7.734375,-75.849609375,83.056640625,-22.236328125,0.615234375,8.7890625,8.7890625,-52.734375,48.33984375,-13.18359375,0.0,-7.9,-13.5,28.0,-12.3,7.9,3.2
9.290012121200562,23.062215838055664,-6.452101572607793,-76.55950192229918,83.0116929971904,-23.062215783797633,-1.8240797239886526e-5,24.127853250711755,-5.938132305481043,-82.63349067914858,85.4917511310163,-23.491285083337093,-1.8795393796127074e-5,23.02734375,-7.734375,-76.11328125,83.232421875,-22.236328125,0.615234375,13.18359375,8.7890625,-52.734375,48.33984375,-13.18359375,0.0,-7.1,-13.4,28.0,-13.1,8.7,3.2
9.295013189315796,23.1234538554921,-6.417767391726961,-76.82211212322086,83.23996928254763,-23.123453802405677,-1.834476512637103e-5,24.153730527866262,-5.928006133174438,-82.87543271284858,85.72295723287294,-23.541446332083602,-1.8887129107485235e-5,23.115234375,-7.646484375,-76.2890625,83.408203125,-22.236328125,0.615234375,13.18359375,8.7890625,-57.12890625,48.33984375,-13.18359375,0.0,-6.3,-12.6,28.0,-14.4,8.7,3.2
9.300015211105347,23.18331011892653,-6.384462254924089,-77.08403842841196,83.46859071048347,-23.183310067010865,-1.8446714522224305e-5,24.178177599104576,-5.918986530672044,-83.11648740309786,85.95441838645546,-23.5902060869303,-1.897669700175826e-5,23.115234375,-7.646484375,-76.552734375,83.671875,-22.32421875,0.615234375,13.18359375,8.7890625,-57.12890625,48.33984375,-13.18359375,0.0,-6.3,-12.6,28.0,-12.0,8.1,3.2
9.305016040802002,23.241643724589686,-6.352283807355297,-77.34510068260829,83.69747477028031,-23.241643673843328,-1.8546407512645822e-5,24.201067181733237,-5.9109936268390415,-83.35646657201131,86.18604289558002,-23.637427416604154,-1.906385660139268e-5,23.115234375,-7.55859375,-76.81640625,83.84765625,-22.32421875,0.615234375,13.18359375,4.39453125,-57.12890625,43.9453125,-8.7890625,0.0,-7.1,-12.6,27.9,-10.9,8.9,3.2
9.310017108917236,23.298581755506596,-6.321138894725298,-77.6054255954424,83.92665501779466,-23.298581705928488,-1.864401270844255e-5,24.22252110165379,-5.90410661671281,-83.59550628236538,86.41787187152882,-23.683236183177396,-1.914878787312924e-5,23.115234375,-7.55859375,-77.080078125,84.111328125,-22.412109375,0.615234375,4.39453125,4.39453125,-57.12890625,43.9453125,-8.7890625,0.0,-7.1,-12.7,27.9,-11.7,8.0,3.2
9.315017223358154,23.353995892586184,-6.291117688073247,-77.86488235696422,84.15609081355836,-23.35399584417488,-1.873931058791791e-5,24.24241816780619,-5.898243724448943,-83.83346378676819,86.64985601696102,-23.727506016607464,-1.9231266752092365e-5,23.115234375,-7.470703125,-77.34375,84.287109375,-22.412109375,0.615234375,4.39453125,4.39453125,-48.33984375,43.9453125,-8.7890625,0.0,-7.9,-11.9,27.9,-15.6,8.8,3.2
9.32001805305481,23.408014887746894,-6.262126723604238,-78.123610450561,84.38582817769347,-23.40801484050141,-1.8832477478650617e-5,24.260879834533373,-5.893484239265498,-84.07048680297288,86.88204901852447,-23.770363789155645,-1.9311479699349065e-5,23.115234375,-7.470703125,-77.607421875,84.462890625,-22.5,0.615234375,4.39453125,4.39453125,-48.33984375,43.9453125,-8.7890625,0.0,-7.9,-11.9,27.9,-17.2,8.8,3.2
9.325018167495728,23.460508293281073,-6.2342569785726845,-78.38146573656492,84.61581394721827,-23.460508247199986,-1.8923287514595704e-5,24.27778470832616,-5.889746596738713,-84.30642024767167,87.11438887430708,-23.811681614792725,-1.938919762554991e-5,23.115234375,-7.3828125,-77.87109375,84.7265625,-22.5,0.615234375,4.39453125,8.7890625,-48.33984375,43.9453125,-8.7890625,0.0,-8.2,-11.1,27.2,-15.4,8.8,3.2
9.330018997192383,23.511601580426376,-6.207417274521798,-78.6385759158531,84.84608464507146,-23.51160153550867,-1.9011916005639637e-5,24.293252333298614,-5.887110673431179,-84.54140104156788,87.34691966549521,-23.851583498379167,-1.9464605987472362e-5,23.115234375,-7.3828125,-78.134765625,84.990234375,-22.5,0.615234375,0.0,8.7890625,-48.33984375,43.9453125,-8.7890625,0.0,-8.2,-11.0,27.2,-13.8,8.8,3.2
9.335020065307617,23.561174486512257,-6.181692906284757,-78.89484486288863,85.07662944002365,-23.561174442756702,-1.9098152264402796e-5,24.307164933286813,-5.8854943718254935,-84.77531785231994,87.57962208555665,-23.88994968287263,-1.953748906888759e-5,23.115234375,-7.3828125,-78.3984375,85.166015625,-22.587890625,0.615234375,0.0,8.7890625,-52.734375,43.9453125,-8.7890625,0.0,-8.2,-11.0,27.2,-15.0,8.8,3.2
9.340020179748535,23.609326203602556,-6.157006760417507,-79.15026668869142,85.30736533005735,-23.609326161007704,-1.9182130274480314e-5,24.31963417137647,-5.8849782878046275,-85.00818575017409,87.81241959836966,-23.92688366092944,-1.9607997460158243e-5,23.115234375,-7.3828125,-78.57421875,85.4296875,-22.587890625,0.615234375,0.0,8.7890625,-52.734375,43.9453125,-8.7890625,0.0,-8.2,-11.0,28.0,-12.6,8.8,3.2
9.34502100944519,23.65595801853027,-6.133432657760322,-79.40485410061166,85.53837884292986,-23.65595797709497,-1.92636746361054e-5,24.330548737918157,-5.8854798764254665,-85.23999257830712,88.04539110121006,-23.962282490717616,-1.9675945658870252e-5,23.203125,-7.294921875,-78.837890625,85.60546875,-22.67578125,0.615234375,0.0,8.7890625,-52.734375,43.9453125,-4.39453125,0.0,-7.2,-10.2,27.9,-10.8,7.9,3.2
9.350022077560425,23.70117590755696,-6.110890380558642,-79.65863866086544,85.76962132354166,-23.70117586728003,-1.934293535630561e-5,24.340021689212367,-5.887079401030229,-85.47078768103846,88.27849475305919,-23.99625474060221,-1.9741497815825407e-5,23.203125,-7.294921875,-79.1015625,85.869140625,-22.67578125,0.615234375,4.39453125,8.7890625,-52.734375,43.9453125,-4.39453125,0.0,-7.2,-10.3,27.1,-8.4,7.9,3.2
9.355022192001343,23.744854782821868,-6.0894667921101675,-79.9114863100494,86.00104557523736,-23.744854743701737,-1.941968892842628e-5,24.34793598690401,-5.8896942323416335,-85.70042510508381,88.51167452518244,-24.028677591986025,-1.9804428824857374e-5,23.291015625,-7.294921875,-79.453125,85.95703125,-22.67578125,0.615234375,4.39453125,8.7890625,-48.33984375,43.9453125,-4.39453125,0.0,-6.4,-10.3,25.5,-7.6,8.0,3.2
9.360023021697998,23.787120233056367,-6.069072184290378,-80.16353860998375,86.23270345224003,-23.78712019509194,-1.9494123757573562e-5,24.35440869299538,-5.893404747404588,-85.92905443098137,88.74498996153257,-24.05967430359515,-1.9864934779317823e-5,23.291015625,-7.294921875,-79.62890625,86.1328125,-22.67578125,0.615234375,4.39453125,8.7890625,-48.33984375,43.9453125,-4.39453125,0.0,-6.4,-10.3,26.3,-6.0,8.0,3.2
9.365025043487549,23.827860955973474,-6.049786627732212,-80.41474411637921,86.46462358040262,-23.827860919163662,-1.956603890101626e-5,24.359324809281404,-5.898130242400193,-86.15660434880752,88.97846128120233,-24.089132146804538,-1.9922809129100777e-5,23.37890625,-7.294921875,-79.98046875,86.220703125,-22.67578125,0.615234375,4.39453125,0.0,-48.33984375,35.15625,-4.39453125,0.0,-5.4,-10.3,24.5,-5.3,8.0,3.2
9.370025157928467,23.867163011023838,-6.03153962352534,-80.66500552225186,86.69663815418791,-23.867162975366917,-1.9635556944663993e-5,24.36279574419923,-5.903946457506784,-86.38300809339518,89.21192690698405,-24.117145506315023,-1.9978194959619104e-5,23.37890625,-7.294921875,-80.244140625,86.30859375,-22.67578125,0.615234375,8.7890625,0.0,-48.33984375,35.15625,-4.39453125,0.0,-6.2,-10.4,23.7,-6.1,8.8,3.2
9.37502908706665,23.90495633806396,-6.014391875411418,-80.91453257798389,86.92901762740853,-23.904956303559445,-1.9702548351963594e-5,24.364710358826734,-5.910779599009227,-86.60843041674784,89.44565029963721,-24.143631120385034,-2.0030942963725474e-5,23.466796875,-7.294921875,-80.419921875,86.396484375,-22.67578125,0.615234375,8.7890625,0.0,-57.12890625,35.15625,-4.39453125,0.0,-5.4,-10.4,23.7,-7.4,10.7,3.2
9.380030155181885,23.941300761111272,-5.9982848855921045,-81.16305112499091,87.16142934392633,-23.941300727757195,-1.9767092841227916e-5,24.365179225150797,-5.918698829842975,-86.83264512333962,89.67930419248364,-24.16866513398507,-2.0081163019261894e-5,23.466796875,-7.294921875,-80.68359375,86.484375,-22.67578125,0.615234375,8.7890625,0.0,-57.12890625,17.578125,-4.39453125,0.0,-5.5,-10.4,23.7,-12.2,10.7,3.2
9.38503122329712,23.976105087593865,-5.983288612102347,-81.41062719792689,87.39400929602542,-23.976105055388853,-1.9829022074591598e-5,24.364090789794123,-5.927627455600567,-87.05568699780713,89.91301673939276,-24.19214968505159,-2.012867586530576e-5,23.466796875,-7.294921875,-80.947265625,86.572265625,-22.763671875,0.615234375,8.7890625,0.0,-57.12890625,17.578125,0.0,0.0,-5.5,-10.4,23.0,-18.7,10.4,3.2
9.390032052993774,24.009477834924702,-5.969322738409414,-81.65730872645878,87.62672509730037,-24.009477803867384,-1.988850564312304e-5,24.361557917330273,-5.937642242817313,-87.27762101726651,90.14676274745901,-24.214194977700167,-2.017366235075598e-5,23.5546875,-7.294921875,-81.2109375,86.66015625,-22.8515625,0.615234375,4.39453125,0.0,-57.12890625,17.578125,0.0,0.0,-4.7,-10.4,23.0,-23.5,9.6,3.2
9.395032167434692,24.041303559996543,-5.956467768269169,-81.90299454220585,87.85955608261449,-24.04130353008535,-1.994533109975871e-5,24.35746894311839,-5.948662060646626,-87.49833088353915,90.38051277206715,-24.234686510077612,-2.0215909326952965e-5,23.5546875,-7.294921875,-81.38671875,86.923828125,-22.8515625,0.615234375,4.39453125,0.0,-43.9453125,17.578125,0.0,0.0,-4.7,-10.4,23.0,-25.8,10.4,3.2
9.400032997131348,24.071701389354228,-5.94463938606532,-82.14781562509123,88.09254891678383,-24.071701360588033,-1.999969035342414e-5,24.351935116282302,-5.960766817406489,-87.71795637186132,90.61432104956187,-24.25374122776032,-2.0255614516449708e-5,23.642578125,-7.294921875,-81.650390625,87.275390625,-22.939453125,0.615234375,4.39453125,0.0,-43.9453125,39.55078125,0.0,0.0,-3.9,-10.4,23.0,-26.6,9.6,3.2
9.405033111572266,24.100550166783037,-5.933920091986582,-82.39162280575104,88.32563693009564,-24.100550139160262,-2.0051359872960108e-5,24.344846108486045,-5.9738734667941475,-87.93633789998842,90.84811186512746,-24.271241140944376,-2.0292557167067144e-5,23.642578125,-7.294921875,-81.826171875,87.626953125,-23.02734375,0.615234375,4.39453125,0.0,-43.9453125,39.55078125,-13.18359375,0.0,-3.8,-10.4,24.1,-22.4,8.6,3.2
9.410033226013184,24.127964482021692,-5.924227668677239,-82.63451300239953,88.55883482389999,-24.12796445554103,-2.0100526700049996e-5,24.33631354006868,-5.988059930390653,-88.15358484637295,91.08190743628812,-24.287300198320004,-2.0326931598180896e-5,23.73046875,-7.294921875,-82.08984375,87.978515625,-23.115234375,0.615234375,8.7890625,0.0,-43.9453125,39.55078125,-13.18359375,0.0,-3.0,-9.5,24.1,-19.2,7.8,3.2
9.415034055709839,24.153835522256927,-5.915639843667313,-82.876440258928,88.79217436913443,-24.153835496917132,-2.0146988757326774e-5,24.32622420184775,-6.00324916204794,-88.36962982636388,91.3157306679325,-24.301807944456485,-2.0358532852817013e-5,23.73046875,-7.294921875,-82.265625,88.330078125,-23.203125,0.615234375,8.7890625,0.0,-43.9453125,39.55078125,-13.18359375,0.0,-3.0,-9.5,24.9,-16.0,7.0,3.2
9.420034170150757,24.178266204098403,-5.908078754083423,-83.11739841087854,89.02557153890994,-24.178266179898014,-2.0190915167010876e-5,24.31469324481098,-6.019512579593686,-88.58449024720696,91.54950487739363,-24.31487144961053,-2.0387543123721815e-5,23.818359375,-7.294921875,-82.6171875,88.681640625,-23.203125,0.615234375,8.7890625,0.0,-43.9453125,70.3125,-13.18359375,0.0,-2.2,-9.5,24.0,-16.8,7.0,3.2
9.425036191940308,24.201156542225768,-5.9016193956489955,-83.35743168537412,89.25914555562764,-24.20115651916379,-2.0232119319240332e-5,24.301602767400396,-6.036780129491587,-88.7981787809688,91.78334040520318,-24.326384809047696,-2.0413767856417246e-5,23.818359375,-7.294921875,-82.79296875,89.033203125,-23.203125,0.615234375,8.7890625,0.0,-43.9453125,70.3125,-13.18359375,0.0,-2.2,-9.5,24.8,-18.4,8.1,3.2
9.430037021636963,24.22260226265612,-5.89618599115327,-83.59645522547255,89.4927357855472,-24.222602240731,-2.027076023103666e-5,24.28707252132184,-6.055116423178376,-89.01064309549811,92.01708398768129,-24.336451624430932,-2.0437383556430328e-5,23.818359375,-7.294921875,-83.056640625,89.296875,-23.203125,0.615234375,8.7890625,0.0,-48.33984375,70.3125,-13.18359375,0.0,-2.2,-9.6,24.8,-19.2,8.1,3.2
9.43503713607788,24.242494564792256,-5.891855395749269,-83.83440953295374,89.72635958511734,-24.24249454400241,-2.0306635180793486e-5,24.270991427857542,-6.074444137576022,-89.22180350078531,92.25074393732989,-24.34496211996445,-2.045818666785229e-5,23.90625,-7.294921875,-83.3203125,89.560546875,-23.203125,0.615234375,8.7890625,0.0,-48.33984375,70.3125,-13.18359375,0.0,-1.4,-9.6,24.8,-20.3,8.0,3.2
9.440038204193115,24.2609499111091,-5.888546686803881,-84.07143897535573,89.9600803997487,-24.260949891453453,-2.0339943212730843e-5,24.253465462314203,-6.094844307779055,-89.43181170574874,92.48439132006752,-24.35202971162765,-2.0476378803329787e-5,23.90625,-7.294921875,-83.49609375,89.82421875,-23.203125,0.615234375,8.7890625,0.0,-48.33984375,57.12890625,-13.18359375,0.0,-1.5,-9.6,25.8,-20.3,8.0,3.2
9.44503903388977,24.27785227535891,-5.8863383849038975,-84.30740280528158,90.1938360021151,-24.27785225683601,-2.037046858255353e-5,24.23438852875398,-6.116234184769774,-89.64051553619771,92.71795468033689,-24.3575412555454,-2.049174907664374e-5,23.90625,-7.294921875,-83.759765625,90.17578125,-23.203125,0.615234375,8.7890625,0.0,-48.33984375,57.12890625,0.0,0.0,-0.7,-8.8,25.0,-19.2,8.0,3.2
9.450042009353638,24.29331857901705,-5.885150870934112,-84.54247894401182,90.42772469489132,-24.29331856162608,-2.0398413691603404e-5,24.213861711621593,-6.138698385585532,-89.84809615158841,92.95153984893336,-24.361608922391472,-2.0504499595178394e-5,23.90625,-7.294921875,-84.0234375,90.439453125,-23.291015625,0.615234375,4.39453125,0.0,-48.33984375,57.12890625,0.0,0.0,-0.7,-8.7,25.0,-18.4,7.2,3.2
9.455045223236084,24.30723132679104,-5.885062109003011,-84.77649207537368,90.66164912549073,-24.30723131053068,-2.0423560302001584e-5,24.19178279904208,-6.162151641039291,-90.05437076980347,93.18504021328086,-24.364119791772275,-2.0514419855765196e-5,23.90625,-7.294921875,-84.19921875,90.791015625,-23.291015625,0.615234375,4.39453125,0.0,-48.33984375,57.12890625,0.0,0.0,-0.7,-8.7,25.8,-17.3,7.1,3.2
9.46004605293274,24.319693148347405,-5.885993053154671,-85.00938683790146,90.89547488693997,-24.319693133215814,-2.0446087318586464e-5,24.16827440198632,-6.18665355387376,-90.25931506857626,93.41832937812458,-24.365183083517955,-2.0521703080192057e-5,23.90625,-7.294921875,-84.375,90.966796875,-23.291015625,0.615234375,4.39453125,0.0,-48.33984375,57.12890625,0.0,0.0,-0.7,-8.7,25.8,-17.3,7.1,3.2
9.465046167373657,24.33060005142269,-5.8880188917869685,-85.2411561985408,91.12927013411986,-24.330600037418343,-2.0465801323959354e-5,24.14322228337411,-6.212134883088759,-90.46289519695056,93.65146607927173,-24.364691296329546,-2.0526153388454095e-5,23.90625,-7.294921875,-84.7265625,91.40625,-23.291015625,0.615234375,4.39453125,0.0,-48.33984375,57.12890625,-4.39453125,0.0,-0.7,-7.9,25.6,-16.8,7.2,3.2
9.470059156417847,24.34008397622092,-5.891071626671644,-85.47249316531453,91.36365987740332,-24.340083963345435,-2.048293627387302e-5,24.116661603820365,-6.238740365479702,-90.66574295323475,93.88508081536209,-24.36274592957197,-2.0527968895099824e-5,23.90625,-7.294921875,-84.90234375,91.58203125,-23.291015625,0.615234375,0.0,0.0,-48.33984375,57.12890625,-4.39453125,0.0,0.1,-7.9,25.6,-16.8,7.2,3.2
9.475060224533081,24.34799075114494,-5.895210209847104,-85.70216789390571,91.5974732238294,-24.347990739394255,-2.049720872621784e-5,24.08861844296097,-6.266263260370997,-90.86675198460665,94.11799722244449,-24.35924970021272,-2.052694519924438e-5,23.90625,-7.294921875,-85.166015625,91.845703125,-23.291015625,0.615234375,0.0,0.0,-48.33984375,57.12890625,-4.39453125,0.0,0.1,-7.9,25.6,-14.1,7.2,3.2
9.480061054229736,24.354449767612813,-5.900364942441187,-85.93078729192473,91.83124738270484,-24.354449756985623,-2.0508849967174176e-5,24.059138932236454,-6.294833697041238,-91.06647909509263,94.35075846855095,-24.35430584465844,-2.052328297420988e-5,23.90625,-7.294921875,-85.4296875,92.197265625,-23.291015625,0.615234375,0.0,0.0,-48.33984375,57.12890625,-4.39453125,0.0,0.1,-7.9,25.6,-12.5,7.2,3.2
9.485064029693604,24.35935755726762,-5.906611632360695,-86.15837381764435,92.06508061974986,-24.359357547763047,-2.051766900106715e-5,24.028104641387202,-6.324392358451362,-91.26491559127835,94.58345295385804,-24.347805875062846,-2.051678781834656e-5,23.90625,-7.294921875,-85.60546875,92.373046875,-23.291015625,0.615234375,0.0,0.0,-48.33984375,57.12890625,0.0,0.0,0.1,-7.1,25.6,-12.5,7.2,3.2
9.490064144134521,24.362814455888397,-5.9138688499312035,-86.38476720677018,92.29873124143799,-24.36281444750454,-2.0523846381234528e-5,23.995652443190572,-6.354977452154246,-91.46194644900264,94.81584781987013,-24.339861961502056,-2.050766007059864e-5,23.818359375,-7.294921875,-85.95703125,92.63671875,-23.291015625,0.615234375,0.0,0.0,-48.33984375,57.12890625,0.0,0.0,0.1,-7.1,24.8,-14.9,7.2,3.2
9.495065212249756,24.364719025956106,-5.922213546786878,-86.61005398420971,92.53236272386113,-24.364719018691844,-2.0527195802796393e-5,23.96165587123378,-6.3865389335208045,-91.65761874616726,95.04809626530462,-24.330364445905424,-2.049570623754603e-5,23.818359375,-7.294921875,-86.044921875,92.8125,-23.291015625,0.615234375,0.0,0.0,-48.33984375,57.12890625,0.0,0.0,0.1,-7.1,25.6,-16.3,7.2,3.2
9.500067234039307,24.365174770283353,-5.931571957622585,-86.83430153172668,92.765968683935,-24.365174764137656,-2.0527905023868823e-5,23.926218831345054,-6.419144583916486,-91.85201575488317,95.28019955516169,-24.319417190328014,-2.0481117953763045e-5,23.73046875,-7.294921875,-86.30859375,92.98828125,-23.291015625,0.615234375,0.0,0.0,-48.33984375,43.9453125,0.0,0.0,-0.9,-6.3,25.6,-14.7,7.2,3.2
9.505068063735962,24.364077520357537,-5.94201120591843,-87.05732606152691,92.99943245688496,-24.364077515328823,-2.052578413003225e-5,23.88925513715289,-6.452708061779509,-92.04494941046508,95.51203221995806,-24.306921456711493,-2.0463716939584926e-5,23.642578125,-7.294921875,-86.572265625,93.251953125,-23.291015625,0.615234375,0.0,0.0,-48.33984375,43.9453125,0.0,0.0,-0.9,-6.3,24.7,-11.7,7.2,3.2
9.510070085525513,24.36153052516142,-5.953462501697433,-87.27930266406327,93.2328603436437,-24.36153052124872,-2.052102171782368e-5,23.850851160976966,-6.487311655485685,-92.23659648836602,95.74370755010413,-24.29297536103967,-2.0443687787020978e-5,23.642578125,-7.294921875,-86.8359375,93.427734375,-23.291015625,0.615234375,-13.18359375,0.0,-48.33984375,43.9453125,0.0,0.0,-0.9,-6.3,24.7,-10.1,7.2,3.2
9.515072107315063,24.357430591320288,-5.965993921292059,-87.50008948459765,93.46617856535028,-24.35743058852229,-2.051343104095496e-5,23.8109150638746,-6.522875927229661,-92.42680526094478,95.9751426082002,-24.277479028319583,-2.0420853048697687e-5,23.5546875,-7.294921875,-87.099609375,93.69140625,-23.291015625,0.615234375,-13.18359375,0.0,-43.9453125,43.9453125,0.0,0.0,-1.7,-6.3,23.9,-7.5,7.2,3.2
9.520072221755981,24.351883331735852,-5.979526910858449,-87.71967251421292,93.69929455971199,-24.35188333005092,-2.050320627879646e-5,23.769566165013057,-6.559451880725062,-92.61558955233703,96.20625344115852,-24.260542660780175,-2.039541537579867e-5,23.5546875,-7.294921875,-87.275390625,93.779296875,-23.291015625,0.615234375,-13.18359375,0.0,-43.9453125,39.55078125,0.0,0.0,-1.7,-6.3,23.9,-7.5,6.4,3.2
9.525077104568481,24.34477747307389,-5.99415017050077,-87.93825439893673,93.93249967237035,-24.34477747250179,-2.0490147374942845e-5,23.72664843569997,-6.597018531672735,-92.80309373705973,96.43731899144022,-24.24204044624089,-2.0367160658459e-5,23.5546875,-7.294921875,-87.5390625,93.955078125,-23.291015625,0.615234375,-13.18359375,0.0,-43.9453125,39.55078125,0.0,0.0,-1.7,-6.3,23.1,-10.4,6.3,3.2
9.530079126358032,24.336225412337313,-6.00976953647292,-88.15557138948664,94.16543599079613,-24.336225412876203,-2.047446199372262e-5,23.682328768264153,-6.635582976179167,-92.98911731027216,96.66799238967721,-24.2221023479473,-2.0336321841649593e-5,23.5546875,-7.294921875,-87.71484375,94.04296875,-23.291015625,0.615234375,-4.39453125,0.0,-43.9453125,39.55078125,0.0,0.0,-0.9,-5.6,23.9,-12.8,6.3,3.2
9.5350821018219,24.326120431231722,-6.026464784913266,-88.37170005692465,94.3982598617209,-24.32612043288053,-2.0455960219240004e-5,23.636476390266807,-6.675104462273987,-93.17369638491293,96.89841870069093,-24.200613687854286,-2.0302704169704862e-5,23.5546875,-7.294921875,-88.06640625,94.306640625,-23.291015625,0.615234375,-4.39453125,0.0,-48.33984375,39.55078125,0.0,0.0,-0.9,-5.6,23.1,-14.3,5.6,3.2
9.540082216262817,24.31457219444287,-6.044151217280779,-88.58654659368264,94.63079277952308,-24.314572197199777,-2.0434845433148396e-5,23.589227945923174,-6.715614708573644,-93.35677723721672,97.12842916738087,-24.17769294841615,-2.026652406535477e-5,23.5546875,-7.294921875,-88.154296875,94.39453125,-23.291015625,0.615234375,-4.39453125,0.0,-48.33984375,30.76171875,0.0,0.0,0.2,-4.8,23.1,-13.5,5.6,3.2
9.545083999633789,24.30147085866697,-6.062911932085399,-88.80021563751475,94.86322247998547,-24.301470862531076,-2.0410923950136204e-5,23.540444697341208,-6.757081402787165,-93.53841924264546,97.35819961187747,-24.153220770363195,-2.022758146137403e-5,23.5546875,-7.294921875,-88.41796875,94.658203125,-23.291015625,0.615234375,-4.39453125,0.0,-48.33984375,30.76171875,0.0,0.0,0.2,-4.8,23.1,-13.6,5.5,3.2
9.550084114074707,24.286925660718648,-6.082663627828318,-89.012635646145,95.09539411981943,-24.2869256656884,-2.0384398991264527e-5,23.490259268402017,-6.799538245411738,-93.71858811447919,97.58758486521032,-24.127314067263903,-2.018609053656534e-5,23.5546875,-7.294921875,-88.59375,94.74609375,-23.291015625,0.615234375,0.0,0.0,-48.33984375,30.76171875,0.0,0.0,0.2,-3.7,23.1,-16.8,5.5,3.2
9.555084228515625,24.270833288118837,-6.103479102906448,-89.22378675503931,95.32736063243695,-24.270833294192993,-2.0355090894405454e-5,23.438560128140146,-6.842930798852229,-93.8972368751194,97.81662723927344,-24.099866586114633,-2.0141874405987818e-5,23.5546875,-7.294921875,-88.857421875,95.009765625,-23.291015625,0.615234375,0.0,0.0,-43.9453125,30.76171875,0.0,0.0,0.2,-3.7,22.3,-19.0,5.6,3.2
9.56008505821228,24.25329129749462,-6.125291162215563,-89.43377093320977,95.55915679218047,-24.25329130467216,-2.032318204141941e-5,23.385439154472973,-6.887326097478415,-94.07447871329302,98.04536904238552,-24.07097429715122,-2.0095113696006355e-5,23.5546875,-7.294921875,-89.12109375,95.2734375,-23.291015625,0.615234375,0.0,0.0,-43.9453125,39.55078125,0.0,0.0,-0.0,-2.9,22.3,-20.6,4.8,3.2
9.565085172653198,24.234205981995263,-6.148159713150229,-89.64243559945723,95.79068992483883,-24.234205990274784,-2.028851250876922e-5,23.33081675766809,-6.932643708771121,-94.25015401582303,98.27370861220327,-24.04054766346367,-2.004566103384653e-5,23.5546875,-7.294921875,-89.384765625,95.625,-23.291015625,0.615234375,0.0,0.0,-43.9453125,39.55078125,0.0,0.0,-0.0,-2.1,22.3,-17.8,4.7,3.2
9.570086002349854,24.213671871874208,-6.172021206528384,-89.84991357574174,96.02202930361136,-24.213671881254708,-2.0251259462661893e-5,23.27477653749485,-6.9789564182158585,-94.42440214378061,98.50172238388815,-24.00867795501361,-1.9993689126061963e-5,23.5546875,-7.294921875,-89.47265625,95.888671875,-23.291015625,0.615234375,0.0,0.0,-43.9453125,39.55078125,0.0,0.0,-0.0,-2.2,23.1,-16.2,4.7,3.2
9.575086116790771,24.19159655902684,-6.196934407577913,-90.056051816571,96.25308064783445,-24.191596569506935,-2.0211267720270933e-5,23.21724043718555,-7.026183714057241,-94.59706323332468,98.72930705781567,-23.97527700014348,-1.9939055823902636e-5,23.5546875,-7.294921875,-89.736328125,96.15234375,-23.291015625,0.615234375,0.0,0.0,-43.9453125,39.55078125,0.0,0.0,-0.0,-1.4,22.3,-15.5,3.9,3.2
9.58008623123169,24.168077021917256,-6.222832861988158,-90.26095433304761,96.48388151473226,-24.16807703349579,-2.0168718978032442e-5,23.15829941645099,-7.074391114710313,-94.76825259172563,98.95650789951767,-23.94044008746768,-1.9881939883707285e-5,23.5546875,-7.294921875,-89.912109375,96.416015625,-23.291015625,0.615234375,0.0,0.0,-43.9453125,57.12890625,0.0,0.0,-0.0,-1.4,22.3,-16.3,3.9,3.2
9.585088014602661,24.14300671383755,-6.249790824271038,-90.4645938900205,96.71447892320573,-24.143006726513658,-2.0123435020549453e-5,23.09783958762871,-7.1235284225226065,-94.93791535024144,99.18336056716967,-23.90405796468071,-1.982216761310652e-5,23.5546875,-7.294921875,-90.17578125,96.6796875,-23.291015625,0.615234375,0.0,0.0,-43.9453125,57.12890625,0.0,0.0,-0.0,-1.4,22.4,-14.4,4.0,3.2
9.590088129043579,24.116501987428713,-6.277720810828106,-90.66690996395005,96.94472486663459,-24.116502001200885,-2.007563249590741e-5,23.035999806805503,-7.1736208234495535,-95.106029740753,99.40972782757609,-23.866254412995435,-1.975996389131495e-5,23.642578125,-7.294921875,-90.439453125,96.943359375,-23.291015625,0.615234375,0.0,0.0,-43.9453125,57.12890625,0.0,0.0,-0.0,-0.6,21.6,-12.0,4.0,3.2
9.59509015083313,24.088446437940412,-6.306707284514394,-90.86795111701419,97.17475236955016,-24.088446452807844,-2.002511812732468e-5,22.97264312775457,-7.224638092621341,-95.27260370654079,99.63572973663247,-23.826906088804204,-1.9695134970224572e-5,23.642578125,-7.294921875,-90.615234375,97.119140625,-23.291015625,0.615234375,0.0,0.0,-43.9453125,57.12890625,0.0,0.0,0.8,-0.6,21.6,-10.7,3.1,3.2
9.600091218948364,24.058954777942326,-6.336664997043299,-91.06767819423021,97.40443702919352,-24.058954793903673,-1.9972105258482714e-5,22.907903186658537,-7.276608214036379,-95.43763380848121,99.86125249853208,-23.786133996419466,-1.962790043456375e-5,23.73046875,-7.294921875,-90.791015625,97.294921875,-23.291015625,0.615234375,0.0,0.0,-43.9453125,48.33984375,0.0,0.0,1.8,-0.6,21.6,-12.3,3.1,3.2
9.60509204864502,24.027926917518958,-6.3676613688791734,-91.26602341064226,97.63377848064547,-24.027926934572932,-1.9916432851166975e-5,22.84167982675014,-7.329472876271655,-95.60103143083859,100.08628495686602,-23.74383764445428,-1.9558107395907822e-5,23.73046875,-7.294921875,-91.0546875,97.55859375,-23.291015625,0.615234375,0.0,0.0,-43.9453125,48.33984375,0.0,0.0,2.6,0.2,21.4,-14.6,2.3,3.2
9.610092163085938,23.995464723793486,-6.3996247894273495,-91.46304522733796,97.86276357485224,-23.9954647419388,-1.9858290607093174e-5,22.774076807243993,-7.383282585237261,-95.76287448112328,100.31082282444288,-23.70011975095532,-1.948594438401759e-5,23.818359375,-7.294921875,-91.23046875,97.734375,-23.291015625,0.615234375,8.7890625,0.0,-39.55078125,48.33984375,0.0,0.0,3.4,0.1,21.4,-16.2,2.3,3.2
9.615093231201172,23.961461494129065,-6.432628768289245,-91.65871145160351,98.09143362824673,-23.961461513364696,-1.9797508661660305e-5,22.704980971563103,-7.437990604194325,-95.92310319675998,100.53489558629784,-23.654871150961572,-1.9411247503874134e-5,23.818359375,-7.294921875,-91.494140625,97.91015625,-23.291015625,0.615234375,8.7890625,0.0,-39.55078125,48.33984375,0.0,0.0,4.2,0.1,20.6,-15.5,2.4,3.2
9.620094060897827,23.92602317156727,-6.466597686302694,-91.85305318285502,98.3197441215536,-23.926023191892025,-1.973428341878786e-5,22.634505009767047,-7.493638875676046,-96.08177313080003,100.7584682919394,-23.60820019816262,-1.9334213451579025e-5,23.818359375,-7.294921875,-91.669921875,98.173828125,-23.291015625,0.615234375,8.7890625,0.0,-39.55078125,39.55078125,0.0,0.0,5.2,0.1,20.8,-13.1,2.4,3.2
9.625094175338745,23.889058501544802,-6.501590011221243,-92.04595343408005,98.54763653512941,-23.889058522957306,-1.966847567566676e-5,22.562566549619312,-7.550157667632693,-96.23875512197279,100.981472495226,-23.56001807904604,-1.9254715369275253e-5,23.818359375,-7.294921875,-91.845703125,98.4375,-23.291015625,0.615234375,8.7890625,0.0,-39.55078125,39.55078125,0.0,0.0,5.2,0.1,20.8,-9.9,2.4,3.2
9.6300950050354,23.85065464705432,-6.537548252807963,-92.2375463901752,98.77518756402132,-23.850654669553574,-1.9600247542689372e-5,22.48924093805355,-7.607616935189649,-96.39418913256084,101.20399208400916,-23.510408422699236,-1.9172907849605488e-5,23.818359375,-7.294921875,-92.109375,98.61328125,-23.291015625,0.615234375,4.39453125,0.0,-43.9453125,39.55078125,0.0,0.0,5.2,-0.0,20.0,-8.3,2.4,3.2
9.635096073150635,23.81072039901556,-6.574530532709019,-92.42771345919226,99.00233673754511,-23.810720422600376,-1.952946313442801e-5,22.41444616821728,-7.6659479035538265,-96.54794446382773,101.42595651356902,-23.459282549477877,-1.908866782111452e-5,23.818359375,-7.294921875,-92.28515625,98.7890625,-23.291015625,0.615234375,4.39453125,0.0,-43.9453125,39.55078125,0.0,0.0,6.0,-0.0,19.2,-6.7,2.4,3.2
9.640096187591553,23.769363002469408,-6.6124607314137,-92.61648966593032,99.2290429614642,-23.769363027138436,-1.9456319261347087e-5,22.338295783111327,-7.7251891408074735,-96.70008092940667,101.64733464674859,-23.4067499907594,-1.9002191115370564e-5,23.818359375,-7.294921875,-92.4609375,98.876953125,-23.291015625,0.615234375,4.39453125,0.0,-43.9453125,39.55078125,0.0,0.0,5.7,-0.0,19.0,-5.9,2.4,3.2
9.645097017288208,23.726474930648017,-6.651411964219864,-92.8038371121531,99.45534145238854,-23.726474956400153,-1.938065440052887e-5,22.260676799447225,-7.785297490106084,-96.850533106031,101.86814933127839,-23.352701031392762,-1.891332361976079e-5,23.818359375,-7.294921875,-92.63671875,98.96484375,-23.291015625,0.615234375,4.39453125,0.0,-43.9453125,39.55078125,0.0,0.0,5.7,-0.0,18.2,-5.3,2.4,3.2
9.650098085403442,23.682156866669303,-6.691314161281076,-92.98981859453383,99.68122493759037,-23.682156893503446,-1.930265266059659e-5,22.181691042270906,-7.846319055455632,-96.9993832844023,102.08840255727475,-23.29723699097654,-1.8822246068785347e-5,23.818359375,-7.294921875,-92.8125,99.052734375,-23.291015625,0.615234375,0.0,0.0,-35.15625,39.55078125,0.0,0.0,5.7,-0.0,17.4,-4.5,2.4,3.2
9.65509819984436,23.6363266383083,-6.7322172709694295,-93.17428814231941,99.90659739435048,-23.636326666222974,-1.9222200646635184e-5,22.101271056763096,-7.908176881564812,-97.14647929224175,102.30798900329228,-23.240279980025598,-1.8728860360433824e-5,23.818359375,-7.294921875,-92.98828125,99.140625,-23.291015625,0.615234375,0.0,0.0,-35.15625,39.55078125,0.0,0.0,5.7,-0.0,16.6,-4.0,2.4,3.2
9.660099029541016,23.589065608690785,-6.774068744537788,-93.3573894505279,100.13154996929971,-23.58906563768496,-1.9139447169798583e-5,22.019484275015614,-7.970942033236723,-97.29196838349094,102.52700676726973,-23.181907160118847,-1.8633305787780543e-5,23.818359375,-7.294921875,-93.251953125,99.140625,-23.291015625,0.615234375,0.0,0.0,-35.15625,13.18359375,0.0,0.0,5.6,-0.0,15.6,-4.0,2.4,3.2
9.665101051330566,23.540276053191896,-6.816931998098087,-93.53903616324106,100.35605972222781,-23.540276083264555,-1.905425516711885e-5,21.93623651077074,-8.034559490253887,-97.43574557669383,102.74542150115161,-23.12202147703384,-1.853545674727209e-5,23.818359375,-7.294921875,-93.33984375,99.140625,-23.291015625,0.615234375,0.0,0.0,-35.15625,13.18359375,0.0,0.0,5.6,-0.0,14.8,-4.8,1.5,3.2
9.670101165771484,23.490084625557518,-6.860714633584604,-93.71919903209852,100.58000500726565,-23.490084656707033,-1.896685121900765e-5,21.851673175359732,-8.099038822763404,-97.57782112332806,102.96312433189976,-23.06075591437512,-1.8435541890454074e-5,23.818359375,-7.294921875,-93.515625,99.140625,-23.291015625,0.615234375,0.0,0.0,-35.15625,13.18359375,0.0,0.0,5.6,-0.0,14.8,-7.2,-0.1,3.2
9.675105094909668,23.438341528836666,-6.905525244885828,-93.89797953199218,100.80359589256463,-23.43834156106257,-1.887701123639804e-5,21.76561229085547,-8.164393735215778,-97.71823811693046,103.18030728076245,-22.997949824021124,-1.833333580316235e-5,23.73046875,-7.294921875,-93.603515625,99.140625,-23.291015625,0.615234375,0.0,0.0,-35.15625,13.18359375,0.0,0.0,5.6,-0.0,14.8,-13.4,-0.2,3.2
9.680109024047852,23.385179679626727,-6.951265980237659,-94.0753231281129,101.02667999213476,-23.38517971292777,-1.8784971229249553e-5,21.678210275464675,-8.230623038174755,-97.85698685526158,103.39683166825854,-22.933743987408153,-1.822907795797288e-5,23.73046875,-7.294921875,-93.8671875,99.31640625,-23.291015625,0.615234375,0.0,0.0,-35.15625,0.0,0.0,0.0,6.4,-0.0,14.2,-22.1,-0.2,3.2
9.68510913848877,23.33055168826373,-6.997957169745684,-94.25099268860858,101.24904050404962,-23.330551722637768,-1.869068799886922e-5,21.589453125952303,-8.29761586021386,-97.99384567268886,103.61247511712646,-22.868101301205805,-1.8122747349772773e-5,23.73046875,-7.294921875,-94.04296875,99.4921875,-23.291015625,0.615234375,-4.39453125,0.0,-35.15625,0.0,0.0,0.0,6.4,-0.0,13.4,-26.9,-0.0,3.2
9.690110206604004,23.27450036993849,-7.045578923375754,-94.42524040202758,101.47090972701213,-23.274500405384476,-1.8594239565711512e-5,21.499348138196712,-8.36548146128559,-98.1290455937657,103.82747263815021,-22.801053424212707,-1.8014403856448884e-5,23.73046875,-7.294921875,-94.130859375,99.66796875,-23.291015625,0.615234375,-4.39453125,0.0,-30.76171875,0.0,0.0,0.0,7.2,-0.0,13.4,-29.3,-1.6,3.2
9.695112228393555,23.21693643222726,-7.094186955760623,-94.59796120699721,101.69223831392235,-23.216936468744024,-1.8495514285914363e-5,21.40781375867229,-8.434161960350767,-98.26246750170935,104.0417640163551,-22.732513056489353,-1.790394924065406e-5,23.73046875,-7.294921875,-94.21875,99.931640625,-23.291015625,0.615234375,-4.39453125,0.0,-30.76171875,0.0,0.0,0.0,8.0,0.8,14.2,-30.8,-1.8,3.2
9.700114011764526,23.157966303686496,-7.143706922730373,-94.76919777219672,101.91299458975448,-23.157966341272697,-1.8394698327638503e-5,21.314961431648697,-8.503685778591937,-98.39417894111695,104.25532827487402,-22.662588557208675,-1.7791565530999898e-5,23.73046875,-7.294921875,-94.39453125,100.37109375,-23.291015625,0.615234375,-4.39453125,0.0,-30.76171875,48.33984375,0.0,0.0,9.2,1.6,14.4,-28.4,-1.8,3.2
9.70511507987976,23.097508777614053,-7.194187817687255,-94.9388295347971,102.13310698475894,-23.09750881626814,-1.829169729274695e-5,21.22072115952741,-8.573988688132754,-98.52404959726104,104.46808378972162,-22.591201829559168,-1.7677172903579014e-5,23.73046875,-7.294921875,-94.482421875,100.810546875,-23.291015625,0.615234375,-4.39453125,0.0,-30.76171875,48.33984375,0.0,0.0,10.0,2.4,15.2,-22.9,-1.6,3.2
9.710115194320679,23.035659604109014,-7.245564602723125,-95.1069338685147,102.3525878351609,-23.035659643829444,-1.81866768643968e-5,21.12518696759165,-8.645110099029226,-98.65217428713507,104.6800524310093,-22.51844838982931,-1.7560930091760182e-5,23.73046875,-7.294921875,-94.658203125,101.25,-23.291015625,0.615234375,0.0,0.0,-26.3671875,48.33984375,0.0,0.0,11.6,3.6,15.2,-18.9,-1.6,3.2
9.715116024017334,22.972311935142038,-7.2979073285408225,-95.2734615608309,102.57145797871286,-22.97231197592752,-1.807950283396586e-5,21.02824909923575,-8.717017237776096,-98.77847718124714,104.8912417203882,-22.444219918393877,-1.7442712922331812e-5,23.73046875,-7.294921875,-94.74609375,101.6015625,-23.291015625,0.615234375,0.0,0.0,-26.3671875,48.33984375,0.0,0.0,12.4,4.4,16.0,-15.0,-1.6,3.2
9.720116138458252,22.90757558832437,-7.351139385315417,-95.43845066238079,102.78967885670143,-22.90757563017337,-1.797036270938518e-5,20.930023469099737,-8.78973143307367,-98.90302320002496,105.10162449451778,-22.36862854064853,-1.7322704171007448e-5,23.642578125,-7.294921875,-94.921875,101.953125,-23.291015625,0.615234375,0.0,0.0,-26.3671875,79.1015625,0.0,0.0,12.4,5.2,16.2,-11.8,-1.6,3.2
9.725117206573486,22.841343309136434,-7.405330661275494,-95.60184974617727,103.00726892993737,-22.841343352047666,-1.7859125774260577e-5,20.830400349735896,-8.863221322108387,-99.02573439253855,105.31120571560065,-22.29156565385103,-1.7200783522364775e-5,23.5546875,-7.294921875,-95.09765625,102.12890625,-23.291015625,0.615234375,0.0,0.0,-26.3671875,79.1015625,0.0,0.0,12.4,5.2,15.4,-10.5,-1.6,3.2
9.730118036270142,22.77372181748352,-7.460407337250684,-95.76370619760387,103.22420176509509,-22.773721861455492,-1.7745971928300256e-5,20.729490703356078,-8.9375101940392,-99.14668308040756,105.519970117161,-22.213139697696217,-1.7077125152991712e-5,23.466796875,-7.294921875,-95.185546875,102.392578125,-23.291015625,0.615234375,-8.7890625,0.0,-26.3671875,79.1015625,0.0,0.0,12.4,5.9,16.2,-8.1,-1.6,3.2
9.73511815071106,22.704633361704822,-7.516414921484608,-95.92389788294219,103.4404007363991,-22.70463340673585,-1.763082382851154e-5,20.627228971338894,-9.012535871484024,-99.26573840593556,105.72783100214596,-22.133276319144226,-1.6951666838884097e-5,23.466796875,-7.3828125,-95.2734375,102.568359375,-23.291015625,0.615234375,-8.7890625,0.0,-26.3671875,79.1015625,0.0,0.0,13.2,5.1,17.0,-6.6,-1.6,3.2
9.740119218826294,22.634145454965218,-7.573311690681065,-96.08256570804075,103.6559650266919,-22.634145501054014,-1.7513793403136586e-5,20.52366763561063,-9.088362820659988,-99.38304271295274,105.93489413490678,-22.052038506548797,-1.6824508379222678e-5,23.37890625,-7.3828125,-95.44921875,102.744140625,-23.291015625,0.615234375,-8.7890625,0.0,-26.3671875,48.33984375,0.0,0.0,12.0,5.9,16.0,-5.0,-1.6,3.2
9.74512004852295,22.56219087704907,-7.631134279955626,-96.239563532629,103.87078513056568,-22.562190924193978,-1.7394824847430528e-5,20.4187567935637,-9.164919097063175,-99.4984473052319,106.14104107633058,-21.969364090470883,-1.6695610776017106e-5,23.291015625,-7.470703125,-95.625,102.83203125,-23.291015625,0.615234375,-8.7890625,-4.39453125,-26.3671875,48.33984375,0.0,0.0,12.0,5.1,15.2,-4.5,-1.6,3.2
9.750120162963867,22.488867073350107,-7.689817019268829,-96.3949653628169,104.08486938450842,-22.488867121549426,-1.7274077207589047e-5,20.31259279436092,-9.242235192240162,-99.61204530356254,106.346290505875,-21.88535053360026,-1.6565124852949524e-5,23.203125,-7.470703125,-95.80078125,103.0078125,-23.291015625,0.615234375,-13.18359375,-4.39453125,-30.76171875,48.33984375,0.0,0.0,11.2,4.7,14.4,-2.9,-1.6,3.2
9.755121231079102,22.414066599664594,-7.749428565273684,-96.5487140995127,104.29822934565762,-22.414066648916847,-1.7151432125036728e-5,20.205067022521874,-9.320283839440753,-99.72375359791893,106.55064006790147,-21.799889417869046,-1.6432943522522164e-5,23.115234375,-7.55859375,-95.888671875,103.095703125,-23.203125,0.615234375,-13.18359375,-4.39453125,-30.76171875,48.33984375,0.0,0.0,11.2,3.9,14.4,-2.1,-0.7,3.2
9.760123014450073,22.33788193516499,-7.80990724623213,-96.70089100981079,104.51088460976409,-22.337881985468723,-1.7027038206391858e-5,20.096269128809436,-9.399098341634899,-99.83367031654612,106.75411925607274,-21.713072682538346,-1.629920642981702e-5,22.939453125,-7.55859375,-96.064453125,103.095703125,-23.203125,0.615234375,-13.18359375,-8.7890625,-30.76171875,17.578125,4.39453125,0.0,9.4,3.9,13.3,-2.4,-0.7,3.2
9.765123128890991,22.26026809672625,-7.871271780611344,-96.85131466143211,104.72267246286293,-22.260268148079355,-1.690088310754752e-5,19.986179773456172,-9.478588720835532,-99.94162257743915,106.9565588428701,-21.62486310067652,-1.616392024710901e-5,22.8515625,-7.646484375,-96.240234375,103.095703125,-23.203125,0.615234375,-21.97265625,-8.7890625,-30.76171875,17.578125,4.39453125,0.0,8.6,3.1,12.5,-4.0,-2.5,3.2
9.770124197006226,22.181273530867596,-7.933495661660875,-97.0001543885379,104.93373573256827,-22.181273583268588,-1.6773040788951782e-5,19.87482566304509,-9.558831758985733,-100.04777229312312,107.15810640158763,-21.535302426384796,-1.6027144248140072e-5,22.763671875,-7.646484375,-96.416015625,103.095703125,-23.203125,0.615234375,-21.97265625,-8.7890625,-26.3671875,17.578125,4.39453125,0.0,7.8,3.0,11.7,-6.8,-5.7,3.2
9.77512812614441,22.100785839039826,-7.996650279244314,-97.14735501656425,105.14409063374049,-22.100785892487487,-1.664339405086721e-5,19.762092703536908,-9.63980771793246,-100.15203647926378,107.35876339218777,-21.444277076836187,-1.5888772775279044e-5,22.5,-7.646484375,-96.50390625,103.095703125,-23.203125,0.615234375,-21.97265625,-8.7890625,-26.3671875,17.578125,4.39453125,0.0,6.2,3.8,11.7,-11.6,-11.9,3.2
9.780129194259644,22.018985074341835,-8.060605727246577,-97.2928388705457,105.3535295860643,-22.01898512883379,-1.6512226856587867e-5,19.648192912766635,-9.721457548744642,-100.25440119004644,107.55834298567066,-21.35197796324307,-1.574908957492548e-5,22.412109375,-7.734375,-96.591796875,103.095703125,-23.203125,0.615234375,-21.97265625,-8.7890625,-26.3671875,0.0,4.39453125,0.0,5.0,3.0,11.8,-14.8,-13.5,3.2
9.785130023956299,21.935750579432444,-8.125439919402204,-97.43657379702542,105.5620983493443,-21.935750634966737,-1.6379411713430398e-5,19.53299949415679,-9.803773526387221,-100.35480104626924,107.75687508391093,-21.258281796354467,-1.5607977218638825e-5,22.236328125,-7.822265625,-96.767578125,103.271484375,-23.203125,0.615234375,-26.3671875,-8.7890625,-26.3671875,0.0,0.0,0.0,4.2,3.0,11.8,-24.4,-15.3,3.2
9.790130138397217,21.85117758588423,-8.191089742113576,-97.5786374787025,105.76981149308212,-21.851177642458865,-1.624509293398003e-5,19.416605567515624,-9.886779616475888,-100.45333232398094,107.95438493976968,-21.163283543364113,-1.5465570293374074e-5,22.236328125,-7.822265625,-96.85546875,103.447265625,-23.203125,0.615234375,-26.3671875,-8.7890625,-26.3671875,0.0,0.0,0.0,5.0,4.0,11.8,-30.3,-16.9,3.2
9.795131206512451,21.765159855980286,-8.257621129498768,-97.71896668919388,105.97667172460424,-21.765159913593457,-1.6109171047381128e-5,19.29890546119847,-9.970454688349216,-100.5499068484576,108.15086102914404,-21.066876505130715,-1.5321781405716267e-5,22.236328125,-7.822265625,-96.943359375,103.7109375,-23.115234375,0.615234375,-26.3671875,-8.7890625,-26.3671875,0.0,0.0,0.0,5.8,4.8,12.6,-33.5,-15.4,3.2
9.800132036209106,21.67780392283263,-8.324962384557761,-97.85761941718764,106.18266533604509,-21.67780398148235,-1.597180542493797e-5,19.180007902590248,-10.05480955158634,-100.64460724052007,108.3463018397525,-20.969168372752083,-1.5176761036820778e-5,22.236328125,-7.91015625,-97.03125,103.974609375,-22.8515625,0.615234375,-26.3671875,-8.7890625,-26.3671875,35.15625,0.0,0.0,6.5,4.0,12.9,-34.3,-13.8,3.2
9.805132150650024,21.58904170930526,-8.393149613962972,-97.99447184728729,106.38770461843662,-21.58904176898927,-1.583296067655765e-5,19.059859326786253,-10.13978805891959,-100.73730394168706,108.54060994083409,-20.87009517417119,-1.5030489299184696e-5,22.1484375,-7.91015625,-97.20703125,104.58984375,-22.412109375,0.615234375,-4.39453125,-8.7890625,-26.3671875,35.15625,21.97265625,0.0,7.3,5.6,12.9,-31.1,-9.0,3.2
9.810133218765259,21.49892915184521,-8.462150354451516,-98.12966213570243,106.59189526495466,-21.49892921256168,-1.5692713550759076e-5,18.93849955019509,-10.225447852558272,-100.82813442451197,108.73389725689937,-20.769708005917867,-1.4883029324535826e-5,22.1484375,-7.998046875,-97.294921875,105.1171875,-22.060546875,0.615234375,-4.39453125,-8.7890625,-21.97265625,35.15625,21.97265625,0.0,8.1,5.8,13.7,-26.5,-7.4,3.2
9.815134048461914,21.407411708918687,-8.531989920583582,-98.26304598351857,106.79511829106059,-21.407411770665345,-1.555105383367238e-5,18.81589343439051,-10.311721727036604,-100.91695534242274,108.92603662481912,-20.66795802907933,-1.4734387535642714e-5,22.1484375,-8.0859375,-97.3828125,105.380859375,-21.97265625,0.615234375,-4.39453125,-8.7890625,-21.97265625,35.15625,21.97265625,0.0,8.9,5.8,13.7,-25.7,-8.5,3.2
9.820134162902832,21.314583552203693,-8.602606850428286,-98.39470465249403,106.99739349697096,-21.31458361497828,-1.54081144857536e-5,18.692132136204346,-10.398629057227994,-101.00386615326278,109.1170588518633,-20.564938899413075,-1.4584686034968552e-5,22.060546875,-8.173828125,-97.470703125,105.8203125,-21.796875,0.615234375,-4.39453125,-8.7890625,-21.97265625,92.28515625,21.97265625,0.0,9.1,6.6,14.6,-23.3,-6.9,3.2
9.825135231018066,21.22033890928641,-8.67406519408687,-98.52456959597494,107.19871638573385,-21.22033897308679,-1.5263809874819405e-5,18.567111876202663,-10.486153019810843,-101.08877419845402,109.30694497260109,-20.460544809907177,-1.443385183614691e-5,22.060546875,-8.173828125,-97.646484375,106.259765625,-21.62109375,0.615234375,-4.39453125,-13.18359375,-21.97265625,92.28515625,52.734375,0.0,10.7,7.4,14.6,-20.3,-6.9,3.2
9.83014702796936,21.12457279273703,-8.746453850133332,-98.65298214592504,107.39951718743406,-21.12457285756315,-1.5117967963326278e-5,18.440661917150877,-10.57449315280357,-101.17194589771987,109.49611215220284,-20.354649541236192,-1.4281689268752545e-5,22.060546875,-8.26171875,-97.822265625,106.69921875,-21.4453125,0.615234375,-8.7890625,-13.18359375,-26.3671875,92.28515625,52.734375,0.0,12.3,8.3,14.6,-18.7,-6.1,3.2
9.835147142410278,21.02764202701662,-8.819487049043488,-98.77925797664219,107.5988258084004,-21.027642092863644,-1.497121065993945e-5,18.31328871989972,-10.663209766524478,-101.25289081072765,109.6836319591041,-20.247658626136506,-1.4128863002213787e-5,22.060546875,-8.349609375,-97.91015625,107.05078125,-21.4453125,0.615234375,-8.7890625,-13.18359375,-26.3671875,92.28515625,52.734375,0.0,13.1,8.3,15.4,-17.9,-6.4,3.2
9.840148210525513,20.929387480917267,-8.893295072098011,-98.90381407766066,107.79718951876374,-20.92938754778304,-1.4823279495044018e-5,18.184749461933947,-10.75254927536708,-101.3319251545604,109.87003217473512,-20.139385801134388,-1.397508686913262e-5,22.060546875,-8.4375,-97.998046875,107.40234375,-21.357421875,0.615234375,-8.7890625,-13.18359375,-26.3671875,79.1015625,52.734375,0.0,15.1,9.1,16.2,-15.6,-7.2,3.2
9.845149040222168,20.829762294760993,-8.967897044524474,-99.02651018332827,107.9944871779519,-20.829762362642903,-1.4674184857999832e-5,18.055017290321047,-10.842447752345281,-101.40891153313706,110.05518422217585,-20.02979012234065,-1.3820387098894344e-5,22.060546875,-8.525390625,-98.26171875,107.841796875,-21.26953125,0.615234375,0.0,-13.18359375,-26.3671875,79.1015625,17.578125,0.0,17.5,9.9,16.2,-14.8,-7.3,3.2
9.850149154663086,20.72885706427224,-9.043234720586739,-99.14742787360261,108.19074212055435,-20.728857133167665,-1.4524045354547233e-5,17.924179121169136,-10.93291892877329,-101.48394888580901,110.2391224232563,-19.91896147819828,-1.3664870915249449e-5,22.060546875,-8.525390625,-98.349609375,108.10546875,-21.181640625,0.615234375,0.0,-13.18359375,-21.97265625,79.1015625,17.578125,0.0,18.3,10.8,16.2,-15.2,-7.3,3.2
9.85515022277832,20.62656912705401,-9.119368649002302,-99.26649665817848,108.38594440460298,-20.626569196960446,-1.4372791483359454e-5,17.792135434566106,-11.023951361407603,-101.55694389547597,110.4218225373013,-19.806797532891096,-1.3508481387956222e-5,21.97265625,-8.61328125,-98.525390625,108.45703125,-21.09375,0.615234375,0.0,-13.18359375,-21.97265625,61.5234375,17.578125,0.0,19.9,11.6,16.2,-12.8,-7.3,3.2
9.860151052474976,20.52300263829033,-9.196230702513727,-99.38378131748502,108.58009068369236,-20.52300270920512,-1.4220558828895328e-5,17.658990722768564,-11.115544526831954,-101.6279850165852,110.60329399529314,-19.693403077754834,-1.3351343259285204e-5,21.796875,-8.7890625,-98.701171875,108.6328125,-21.005859375,0.615234375,0.0,-17.578125,-21.97265625,61.5234375,17.578125,0.0,19.8,11.6,16.0,-11.6,-8.1,3.2
9.865151166915894,20.418100213224434,-9.27384739752301,-99.49916014107893,108.77308576359218,-20.418100285144607,-1.4067348258600968e-5,17.524703840129163,-11.207648921440692,-101.6969479648575,110.78343279017233,-19.578725399507984,-1.3193472090854457e-5,21.708984375,-8.876953125,-98.7890625,108.896484375,-20.91796875,0.615234375,-17.578125,-17.578125,-21.97265625,61.5234375,17.578125,0.0,21.4,11.6,16.8,-12.4,-8.9,3.2
9.870151996612549,20.31191115826234,-9.352191624894113,-99.61276038314722,108.96502978954435,-20.311911231185302,-1.3913211208481665e-5,17.38930860161866,-11.30031056581784,-101.7639592056463,110.96234526853122,-19.462809196145262,-1.3034905650407054e-5,21.62109375,-8.96484375,-98.876953125,109.072265625,-20.830078125,0.615234375,-17.578125,-17.578125,-30.76171875,61.5234375,17.578125,0.0,21.4,11.3,16.8,-12.8,-8.9,3.2
9.875153064727783,20.20437877584599,-9.431288929589597,-99.72445920772915,109.15582547036638,-20.20437884976883,-1.3758153487971542e-5,17.25276497911501,-11.393481240997957,-101.82889372671139,111.13992536028888,-19.34560257724842,-1.2875664415708586e-5,21.4453125,-9.052734375,-99.052734375,109.3359375,-20.654296875,0.615234375,-17.578125,-17.578125,-30.76171875,43.9453125,17.578125,0.0,22.2,12.1,16.8,-13.6,-8.8,3.2
9.880153179168701,20.095607615425653,-9.511071790815894,-99.8343254138698,109.34547408472906,-20.095607690345286,-1.360230303805594e-5,17.115177005360355,-11.487156865587215,-101.89184375958449,111.316187461212,-19.227210487135796,-1.2715864739839023e-5,21.26953125,-9.140625,-99.228515625,109.51171875,-20.478515625,0.615234375,-17.578125,-17.578125,-30.76171875,43.9453125,21.97265625,0.0,21.9,12.1,16.0,-13.6,-8.0,3.2
9.885154008865356,19.985496226524795,-9.5915983240309,-99.94228394095373,109.53395868710537,-19.985496302438264,-1.3445604491730029e-5,16.976447783319887,-11.581330266720315,-101.95271249709998,111.491100313445,-19.107532241413814,-1.2555463979738859e-5,21.181640625,-9.228515625,-99.31640625,109.599609375,-20.478515625,0.615234375,-17.578125,-17.578125,-30.76171875,43.9453125,21.97265625,0.0,21.9,12.9,16.0,-13.6,-8.8,3.2
9.89015507698059,19.87413264409088,-9.672813387865684,-100.04841969598624,109.72130904348006,-19.87413272099521,-1.3288158798966116e-5,16.83666043739896,-11.676009447159474,-102.01160128218031,111.66470489332416,-18.986654814321216,-1.239455080330295e-5,20.91796875,-9.404296875,-99.580078125,109.86328125,-20.21484375,0.615234375,-26.3671875,-17.578125,-30.76171875,43.9453125,21.97265625,0.0,21.9,12.1,15.2,-12.8,-8.8,3.2
9.895155191421509,19.761479790419685,-9.754727672155372,-100.15259571460419,109.90739887922473,-19.76147986831141,-1.3130005500630377e-5,16.695799141648045,-11.77113444843903,-102.06837883891947,111.83686852362972,-18.86454747640471,-1.223317942075751e-5,20.7421875,-9.580078125,-99.66796875,110.126953125,-20.0390625,0.615234375,-26.3671875,-17.578125,-30.76171875,39.55078125,21.97265625,0.0,21.9,12.1,15.2,-11.2,-8.0,3.2
9.900156021118164,19.647577259277078,-9.837321694186667,-100.25494326891032,110.09233998387369,-19.647577338153173,-1.2971173446559971e-5,16.553886060462837,-11.86675243878129,-102.12317234644736,112.00770835204162,-18.741244584716753,-1.207136471890742e-5,20.56640625,-9.66796875,-99.84375,110.21484375,-19.951171875,0.615234375,-26.3671875,-26.3671875,-30.76171875,39.55078125,30.76171875,0.0,21.7,12.1,14.3,-11.7,-7.9,3.2
9.905158996582031,19.532328769792294,-9.920648557144055,-100.35537764217128,110.27610074353431,-19.53232884964975,-1.2811623626194064e-5,16.410831942795777,-11.962855047429615,-102.17587823618123,112.17717900083802,-18.61665142561764,-1.1909080804302159e-5,20.390625,-9.755859375,-99.931640625,110.390625,-19.86328125,0.615234375,-39.55078125,-26.3671875,-30.76171875,39.55078125,30.76171875,0.0,21.7,12.0,14.3,-11.7,-8.7,3.2
9.910162210464478,19.41585347005947,-10.004631199450024,-100.4539558631737,110.45866112588843,-19.41585355089501,-1.265149331667977e-5,16.266758419110076,-12.05941988025047,-102.22658303929866,112.34527574668655,-18.490888594603835,-1.1746453169123789e-5,20.126953125,-9.931640625,-100.107421875,110.56640625,-19.6875,0.615234375,-39.55078125,-26.3671875,-26.3671875,39.55078125,30.76171875,0.0,20.9,12.0,13.5,-13.0,-8.0,3.2
9.915166139602661,19.298079327882043,-10.089304997175876,-100.55057526577781,110.6399538406248,-19.29807940969221,-1.2490779505710997e-5,16.121605963801063,-12.156421530344566,-102.27517494692374,112.51192054768443,-18.36388747755816,-1.1583492091630677e-5,19.951171875,-10.107421875,-100.283203125,110.7421875,-19.599609375,0.615234375,-39.55078125,-26.3671875,-26.3671875,30.76171875,30.76171875,0.0,20.9,11.2,12.7,-12.2,-8.8,3.2
9.920167207717896,19.179165707187487,-10.174564629443623,-100.64526392916873,110.8199016466859,-19.17916578996824,-1.2329669206088515e-5,15.975544944596136,-12.25380259808987,-102.32172746960454,112.67705662110238,-18.235811788968885,-1.1420373087073462e-5,19.6875,-10.1953125,-100.37109375,110.91796875,-19.51171875,0.615234375,-39.55078125,-26.3671875,-26.3671875,30.76171875,21.97265625,0.0,19.7,11.2,12.6,-12.0,-8.9,3.2
9.92516803741455,19.058992957892173,-10.26047965256268,-100.73796286167664,110.99851510827247,-19.058993041639706,-1.2168096010333248e-5,15.828456516754821,-12.351580495974058,-102.36615254533632,112.84067788549322,-18.106541371754698,-1.1257041564141286e-5,19.599609375,-10.37109375,-100.546875,111.09375,-19.3359375,0.615234375,-39.55078125,-26.3671875,-26.3671875,30.76171875,21.97265625,0.0,20.5,10.2,11.8,-12.0,-8.9,3.2
9.930168151855469,18.93764598147074,-10.3469984876865,-100.82875953236557,111.1758301159286,-18.937646066181266,-1.2006142369071998e-5,15.680419431876686,-12.449756517061141,-102.40855294316648,113.00283152957363,-17.976159702221928,-1.1093567106565254e-5,19.3359375,-10.458984375,-100.72265625,111.26953125,-19.248046875,0.615234375,-39.55078125,-26.3671875,-30.76171875,30.76171875,21.97265625,0.0,18.9,10.2,11.0,-12.8,-8.8,3.2
9.935169219970703,18.815027222809146,-10.434174126939006,-100.91757373494724,111.35181945514398,-18.81502730847892,-1.1843776666472587e-5,15.531342773587738,-12.54833139375575,-102.44882884511915,113.16347641804711,-17.844570668906456,-1.0929930474198369e-5,19.16015625,-10.634765625,-100.810546875,111.357421875,-19.072265625,0.615234375,-39.55078125,-26.3671875,-30.76171875,30.76171875,21.97265625,0.0,18.9,10.2,11.0,-12.8,-8.0,3.2
9.940170049667358,18.691237945061225,-10.521943634405813,-101.00448025430772,111.52649497528206,-18.691238031686392,-1.1681099791609267e-5,15.38132519181384,-12.647291110422952,-102.48707693219104,113.32263784742997,-17.711875317564626,-1.0766219845742942e-5,18.984375,-10.72265625,-100.8984375,111.62109375,-18.984375,0.615234375,-39.55078125,-21.97265625,-30.76171875,30.76171875,26.3671875,0.0,19.2,10.2,10.9,-12.0,-8.8,3.2
9.945170164108276,18.566234767983993,-10.610321183161478,-101.08936099594271,111.69975275479008,-18.566234855560303,-1.151815454311107e-5,15.230341555883232,-12.746595230123033,-102.52318084019464,113.48020477516414,-17.578035654122825,-1.0602490651537999e-5,18.896484375,-10.810546875,-101.07421875,111.796875,-18.80859375,0.615234375,-30.76171875,-21.97265625,-30.76171875,30.76171875,26.3671875,0.0,20.0,10.4,9.3,-11.2,-8.0,3.2
9.95017123222351,18.440047297329368,-10.699294993085166,-101.17234102014291,111.8717060739341,-18.44004738585303,-1.1354944091615564e-5,15.078403538726636,-12.84628501911293,-102.55725937119581,113.63629505110936,-17.443075877342288,-1.0438732700200416e-5,18.720703125,-10.8984375,-101.162109375,111.97265625,-18.720703125,0.615234375,-30.76171875,-21.97265625,-21.97265625,30.76171875,26.3671875,0.0,20.0,10.4,9.3,-11.2,-8.8,3.2
9.955172061920166,18.31265123984057,-10.788865366815319,-101.25328972106816,112.04222462946836,-18.31265132930723,-1.1191539097325166e-5,14.925509138242269,-12.946307076974936,-102.58919110701927,113.79077366759083,-17.30697845718268,-1.0275029207458572e-5,18.544921875,-11.07421875,-101.25,112.1484375,-18.544921875,0.615234375,-30.76171875,-21.97265625,-21.97265625,39.55078125,26.3671875,0.0,19.2,9.6,8.5,-11.2,-8.0,3.2
9.960172176361084,18.18412965125532,-10.878983234048924,-101.33229738204544,112.211349634729,-18.184129741660694,-1.102800808268588e-5,14.771734171106242,-13.046658547690285,-102.61908074076341,113.94369322870585,-17.169824699651734,-1.0111435430840282e-5,18.369140625,-11.162109375,-101.337890625,112.32421875,-18.45703125,0.615234375,-30.76171875,-26.3671875,-21.97265625,39.55078125,21.97265625,0.0,19.1,9.6,8.5,-12.0,-7.9,3.2
9.96517300605774,18.05439302861022,-10.969694451464921,-101.40927612552193,112.37903906853285,-18.05439311994997,-1.086434058016009e-5,14.616998294629745,-13.147339636031285,-102.64682439615595,114.09499883441651,-17.031527391936546,-9.947953041393238e-6,18.193359375,-11.25,-101.42578125,112.5,-18.28125,0.615234375,-35.15625,-26.3671875,-21.97265625,39.55078125,21.97265625,0.0,19.1,9.5,7.7,-11.2,-7.9,3.2
9.970173120498657,17.92354823432906,-11.060933664019872,-101.48430199021976,112.54530361496545,-17.923548326598713,-1.0700631588872303e-5,14.461405588578828,-13.248327048397982,-102.67252156500325,114.24471565838344,-16.89219318424445,-9.78466369584713e-6,18.017578125,-11.42578125,-101.513671875,112.67578125,-18.193359375,0.615234375,-35.15625,-26.3671875,-21.97265625,39.55078125,21.97265625,0.0,19.1,9.5,7.7,-10.2,-8.0,3.2
9.975174188613892,17.791500165758542,-11.152750136529205,-101.55728931818837,112.71010688056077,-17.79150025895361,-1.0536867187899054e-5,14.30486937126453,-13.34962719780583,-102.69606866783187,114.39279374318843,-16.751729006372422,-9.621565505964081e-6,17.841796875,-11.513671875,-101.6015625,112.8515625,-18.017578125,0.615234375,-35.15625,-26.3671875,-21.97265625,30.76171875,21.97265625,0.0,19.1,9.5,6.9,-11.0,-8.0,3.2
9.980175018310547,17.658348934055805,-11.245083679625912,-101.62831888304761,112.87346944994893,-17.658349028171727,-1.0373129905529397e-5,14.147485385995061,-13.451220252609499,-102.71756726523562,114.5392674048446,-16.61023423019887,-9.458727587869507e-6,17.75390625,-11.6015625,-101.689453125,112.939453125,-17.9296875,0.615234375,-35.15625,-21.97265625,-21.97265625,30.76171875,30.76171875,0.0,19.2,9.5,7.0,-12.2,-8.0,3.2
9.985175132751465,17.524057740683432,-11.3379427510411,-101.69727410520059,113.03528320116959,-17.52405783571523,-1.0209480358799021e-5,13.989235970748073,-13.55307034026472,-102.73690458441615,114.68402239412808,-16.467677782647186,-9.296221969684905e-6,17.578125,-11.689453125,-101.77734375,113.115234375,-17.75390625,0.615234375,-30.76171875,-21.97265625,-21.97265625,30.76171875,30.76171875,0.0,19.2,9.6,6.2,-11.4,-8.0,3.2
9.9901762008667,17.388649599393574,-11.431321003363081,-101.76427685369893,113.19566365592623,-17.38864969533672,-1.0045902707233189e-5,13.830125588827851,-13.655214496168355,-102.75419458694631,114.82717826666843,-16.324077066208947,-9.134019906933692e-6,17.490234375,-11.77734375,-101.865234375,113.291015625,-17.666015625,0.615234375,-30.76171875,-21.97265625,-13.18359375,30.76171875,30.76171875,0.0,20.0,9.6,5.4,-10.2,-8.9,3.2
9.995177030563354,17.252108230915052,-11.52521236737599,-101.82920047754425,113.35447809399338,-17.25210832776446,-9.882485182382288e-6,13.670160804960577,-13.757603541993289,-102.76932201189433,114.96859883287645,-16.179422812349017,-8.972220632220784e-6,17.314453125,-11.953125,-101.865234375,113.37890625,-17.490234375,0.615234375,-30.76171875,-21.97265625,-13.18359375,30.76171875,30.76171875,0.0,20.0,8.8,5.4,-11.0,-8.1,3.2
10.000177145004272,17.11451395746695,-11.619571401732383,-101.89213882765361,113.51177492523317,-17.11451405521759,-9.71927738220393e-6,13.50941319996416,-13.860229435454471,-102.7823937742605,115.1083439056879,-16.033793135723222,-8.810860194235918e-6,17.138671875,-12.041015625,-101.953125,113.5546875,-17.40234375,0.615234375,-30.76171875,-21.97265625,-13.18359375,30.76171875,26.3671875,0.0,19.2,9.6,4.5,-10.4,-8.8,3.2
10.005181074142456,16.975694285114255,-11.71449880478195,-101.95303690759712,113.66759985092665,-16.975694383761592,-9.556184973445755e-6,13.34770692712031,-13.96316173637328,-102.793309685924,115.24643584581509,-15.887013466857061,-8.6498571059276e-6,17.05078125,-12.12890625,-102.041015625,113.73046875,-17.2265625,0.615234375,-30.76171875,-21.97265625,-13.18359375,30.76171875,26.3671875,0.0,20.0,9.6,3.7,-11.2,-8.8,3.2
10.010181188583374,16.83592675105539,-11.809814610267878,-102.01190146969907,113.82177965822385,-16.835926850593655,-9.393486040118141e-6,13.185343239834513,-14.066244032858023,-102.80216061344235,115.38273810008528,-15.739370431107282,-8.489473019953889e-6,16.962890625,-12.216796875,-102.041015625,113.818359375,-17.138671875,0.615234375,-30.76171875,-21.97265625,-13.18359375,30.76171875,26.3671875,0.0,20.0,8.8,4.5,-10.4,-8.8,3.2
10.01518201828003,16.695040786401993,-11.90561802784449,-102.06867846695076,113.974359509139,-16.695040886825872,-9.231090046873285e-6,13.022148322164313,-14.169547170361355,-102.80884783840662,115.51727281390731,-15.590691437944468,-8.329629849340612e-6,16.69921875,-12.392578125,-102.12890625,113.994140625,-16.875,0.615234375,-30.76171875,-21.97265625,-13.18359375,26.3671875,26.3671875,0.0,20.0,8.8,3.7,-8.8,-6.3,3.2
10.020185232162476,16.55305291360299,-12.001907446558365,-102.12348422652644,114.12545411992764,-16.553053014907654,-9.068968027395436e-6,12.858120118263132,-14.273105160352646,-102.81347841164364,115.65015803695735,-15.44098736479863,-8.17028653931076e-6,16.611328125,-12.48046875,-102.12890625,114.08203125,-16.787109375,0.615234375,-30.76171875,-21.97265625,-13.18359375,26.3671875,30.76171875,0.0,20.1,8.8,3.9,-8.6,-6.3,3.2
10.02518606185913,16.410055474732204,-12.098602908038472,-102.17615830637607,114.27482309059005,-16.410055576911592,-8.907335266358454e-6,12.693389538813234,-14.37679821682935,-102.81594079841094,115.78116409018378,-15.29036314207448,-8.01166585936751e-6,16.435546875,-12.65625,-102.216796875,114.2578125,-16.69921875,0.615234375,-26.3671875,-21.97265625,-13.18359375,26.3671875,30.76171875,0.0,20.1,7.8,3.1,-8.6,-7.9,3.2
10.030186176300049,16.266064924947393,-12.195703482111345,-102.22681919053983,114.42258397502476,-16.266065027995936,-8.746157852882308e-6,12.52795389444367,-14.480658937322003,-102.81634387119698,115.9104119293226,-15.138829406900273,-7.853721677029467e-6,16.34765625,-12.744140625,-102.216796875,114.345703125,-16.5234375,0.615234375,-26.3671875,-21.97265625,-8.7890625,26.3671875,30.76171875,0.0,20.9,7.8,3.1,-9.6,-8.1,3.2
10.035198211669922,16.12067265259663,-12.293466423850603,-102.27548038418378,114.56900753189763,-16.12067275651055,-8.585094414636357e-6,12.361369061507775,-14.584930583339618,-102.81457553228766,116.03811867789605,-14.985964067801,-7.696131317037204e-6,16.259765625,-12.83203125,-102.3046875,114.521484375,-16.435546875,0.615234375,-26.3671875,-21.97265625,-8.7890625,30.76171875,30.76171875,0.0,21.7,7.8,2.3,-10.4,-9.7,3.2
10.040202140808105,15.974519892284157,-12.391470133834463,-102.32204281804783,114.71357309504586,-15.974519997056396,-8.424805507953212e-6,12.19434959966014,-14.689193538253397,-102.81074483802519,116.16384747213782,-14.832435093472178,-7.5395289012411106e-6,16.083984375,-12.919921875,-102.3046875,114.609375,-16.259765625,0.615234375,-26.3671875,-21.97265625,-8.7890625,30.76171875,21.97265625,0.0,20.9,7.8,2.2,-10.6,-8.9,3.2
10.045206069946289,15.827334425824617,-12.48988086125383,-102.36648326716306,114.85642368765716,-15.827334531449152,-8.26509707500989e-6,12.026606093286171,-14.793597979562458,-102.80474917155883,116.28770542148138,-14.677963320043016,-7.38373482825896e-6,15.99609375,-13.0078125,-102.3046875,114.697265625,-16.083984375,0.615234375,-26.3671875,-21.97265625,-8.7890625,30.76171875,21.97265625,0.0,21.7,8.9,2.2,-11.4,-8.9,3.2
10.050206184387207,15.679288306825152,-12.588593472010349,-102.40886472260024,114.99751716735281,-15.679288413295499,-8.106103052589352e-6,11.858314434237021,-14.89805980644131,-102.79669622232055,116.4096738773004,-14.52272307981643,-7.228867460999604e-6,15.8203125,-13.18359375,-102.392578125,114.873046875,-15.908203125,0.615234375,-26.3671875,-21.97265625,-4.39453125,30.76171875,21.97265625,0.0,21.7,8.1,1.4,-10.4,-8.8,3.2
10.055207014083862,15.530212822697013,-12.687703972827254,-102.44912609973645,115.13688845561177,-15.53021293000708,-7.94774828456039e-6,11.689304466059003,-15.002656489600046,-102.7864818567015,116.52976522471786,-14.366544253418105,-7.074863659169203e-6,15.64453125,-13.18359375,-102.392578125,114.9609375,-15.732421875,0.615234375,-26.3671875,-21.97265625,-4.39453125,30.76171875,21.97265625,0.0,20.9,8.9,1.4,-10.4,-8.8,3.2
10.06020712852478,15.380208020157514,-12.787155525819578,-102.48735003295991,115.27456334929967,-15.380208128301154,-7.790086772167146e-6,11.519670246171037,-15.10735277365557,-102.77420894924249,116.64801948031733,-14.20952567477394,-6.9217639871130495e-6,15.46875,-13.359375,-102.392578125,115.13671875,-15.556640625,0.615234375,-26.3671875,-21.97265625,-4.39453125,21.97265625,35.15625,0.0,21.6,8.1,1.5,-8.6,-7.0,3.2
10.065211057662964,15.229103197603354,-12.887044283922343,-102.5234683940175,115.41056987247178,-15.22910330657479,-7.633048754328402e-6,11.349240845588568,-15.212227713572554,-102.7597666473575,116.7644418941806,-14.051495614649397,-6.769511103367281e-6,15.29296875,-13.447265625,-102.48046875,115.224609375,-15.380859375,0.615234375,-30.76171875,-21.97265625,-4.39453125,21.97265625,35.15625,0.0,20.8,7.9,0.7,-9.4,-7.0,3.2
10.070211172103882,15.0771850140981,-12.98719055718827,-102.55752020206577,115.54476735543405,-15.077185123890489,-7.47687826536399e-6,11.178320456421044,-15.317115112644538,-102.74327647109665,116.87893024230186,-13.892747965877167,-6.618329720514797e-6,15.1171875,-13.53515625,-102.48046875,115.400390625,-15.205078125,0.615234375,-30.76171875,-21.97265625,-8.7890625,21.97265625,35.15625,0.0,20.8,8.7,0.7,-10.4,-8.9,3.2
10.075212001800537,14.924284658578516,-13.087689212279521,-102.58943857522206,115.67718378234582,-14.924284769185377,-7.321508096031167e-6,11.006740013721945,-15.422095190230621,-102.72462924831416,116.99149008675082,-13.733112904945635,-6.468164575570536e-6,15.029296875,-13.623046875,-102.48046875,115.48828125,-15.1171875,0.615234375,-30.76171875,-21.97265625,-8.7890625,21.97265625,35.15625,0.0,21.6,7.9,0.7,-10.4,-8.9,3.2
10.080212116241455,14.770500873631741,-13.188485261788191,-102.61930813969495,115.80784879236168,-14.77050098504656,-7.166983323472995e-6,10.834591472981279,-15.527130725022669,-102.7039290821525,117.10216518704325,-13.572687706309232,-6.319047412152715e-6,14.853515625,-13.7109375,-102.48046875,115.576171875,-14.94140625,0.615234375,-30.76171875,-17.578125,-8.7890625,26.3671875,30.76171875,0.0,21.7,7.9,-0.2,-9.6,-7.3,3.2
10.08521318435669,14.615751799151337,-13.289615671753356,-102.64703967725785,115.93671013301713,-14.615751911367479,-7.01333002011863e-6,10.661804174816346,-15.632243188057764,-102.68107377142572,117.21089222041499,-13.411393599457258,-6.171013379728719e-6,14.677734375,-13.798828125,-102.48046875,115.751953125,-14.853515625,0.615234375,-35.15625,-17.578125,-8.7890625,26.3671875,30.76171875,0.0,20.9,7.9,-0.2,-8.0,-6.3,3.2
10.09021520614624,14.460090873371815,-13.391055440451112,-102.67272587043442,116.06383548528692,-14.460090986382843,-6.860545296788964e-6,10.488419347215396,-15.737424560370416,-102.65616061510752,117.3177471110295,-13.249280593617849,-6.024047970116701e-6,14.501953125,-13.88671875,-102.48046875,115.83984375,-14.677734375,0.615234375,-35.15625,-17.578125,0.0,26.3671875,30.76171875,0.0,20.9,8.0,-0.2,-6.9,-4.7,3.2
10.095216035842896,14.303556190182768,-13.492763160817756,-102.6962577513863,116.18907447446125,-14.303556303981521,-6.708774568856128e-6,10.314499965378946,-15.842617246737365,-102.62910665506047,117.42258413384732,-13.086394864198517,-5.878300935058141e-6,14.326171875,-13.974609375,-102.48046875,115.927734375,-14.58984375,0.615234375,-35.15625,-17.578125,0.0,21.97265625,30.76171875,0.0,20.1,8.0,-0.2,-6.1,-3.7,3.2
10.100216150283813,14.146186053881898,-13.594724325797843,-102.71773236182845,116.31250963531348,-14.146186168461504,-6.557995570012237e-6,10.14006989181719,-15.947822385020071,-102.60000832809366,117.52549212116047,-12.922770499127292,-5.733738907801577e-6,14.150390625,-14.0625,-102.48046875,116.015625,-14.58984375,0.615234375,-35.15625,-17.578125,0.0,21.97265625,21.97265625,0.0,19.8,7.2,0.0,-5.6,-3.7,3.2
10.105217218399048,13.987900733897597,-13.696974013838833,-102.73705933948115,116.43408568374196,-13.987900849251037,-6.408240264566379e-6,9.965061041117087,-16.053063738326518,-102.5687630883317,117.62640519036123,-12.75833103489314,-5.59040243136675e-6,13.974609375,-14.150390625,-102.48046875,116.103515625,-14.58984375,0.615234375,-35.15625,-17.578125,0.0,21.97265625,21.97265625,0.0,19.0,7.2,0.0,-4.8,-3.9,3.2
10.110218048095703,13.828789424822478,-13.79946494003504,-102.75432731587273,116.55384396668127,-13.828789540942786,-6.259533386511217e-6,9.789553811947556,-16.158306569531142,-102.5354754440626,117.72537761660014,-12.59316351081306,-5.448303309511812e-6,13.7109375,-14.23828125,-102.48046875,116.103515625,-14.58984375,0.615234375,-35.15625,-17.578125,0.0,21.97265625,21.97265625,0.0,17.4,6.2,0.0,-4.6,-3.9,3.2
10.115219116210938,13.668811421542792,-13.902206824891067,-102.76944130766012,116.67169922117517,-13.668811538422652,-6.111945111764367e-6,9.613523249054342,-16.263550654998372,-102.50005066922387,117.82231873786158,-12.427232013684058,-5.307518476168965e-6,13.53515625,-14.326171875,-102.48046875,116.19140625,-14.58984375,0.615234375,-35.15625,-17.578125,0.0,13.18359375,21.97265625,0.0,16.6,6.2,0.0,-3.8,-4.0,3.2
10.120219230651855,13.50805553712912,-14.005153257341206,-102.78249177382263,116.78769549544593,-13.508055654761282,-5.965495407061485e-6,9.437048838603197,-16.368760513638957,-102.46259468287859,117.91728548988567,-12.260623030183655,-5.16805495412233e-6,13.359375,-14.4140625,-102.48046875,116.19140625,-14.58984375,0.615234375,-35.15625,-17.578125,0.0,13.18359375,0.0,0.0,15.5,5.4,0.0,-4.0,-4.0,3.2
10.12522006034851,13.346444219113978,-14.108337489189564,-102.79338730987628,116.90177463655185,-13.346444337491029,-5.820221673712908e-6,9.26006505996224,-16.47396209113649,-102.42300466767882,118.01020960989086,-12.093262435499682,-5.029958186653322e-6,13.18359375,-14.501953125,-102.48046875,116.19140625,-14.58984375,0.615234375,-35.15625,-17.578125,0.0,13.18359375,0.0,0.0,13.9,4.6,0.0,-4.0,-4.0,3.2
10.130220174789429,13.184073107610615,-14.211709213830439,-102.8022184920489,117.01397691444896,-13.184073226725172,-5.676146628108604e-6,9.082658618880906,-16.579114192901915,-102.3813886534743,118.10114514251316,-11.925243702423586,-4.893237785539572e-6,13.0078125,-14.58984375,-102.48046875,116.19140625,-14.58984375,0.615234375,-35.15625,-17.578125,0.0,13.18359375,0.0,0.0,13.1,3.7,0.0,-4.0,-4.0,3.2
10.13522219657898,13.020834337275407,-14.315320623560432,-102.8088939164169,117.12426311713092,-13.020834457120053,-5.5332834867759555e-6,8.904731181264243,-16.684263854933537,-102.33763459537603,118.1900388932988,-11.756461448837502,-4.757916178928124e-6,12.919921875,-14.677734375,-102.48046875,116.19140625,-14.58984375,0.615234375,-35.15625,-17.578125,0.0,0.0,0.0,0.0,12.3,2.9,0.0,-4.0,-4.0,3.2
10.140223026275635,12.85687715016956,-14.419087855532132,-102.81350260343493,117.2326384027451,-12.856877270736684,-5.391698506569346e-6,8.726427613875666,-16.789334142516992,-102.29186538004177,118.27691680711953,-11.58706448297652,-4.624044164601449e-6,12.744140625,-14.765625,-102.48046875,116.19140625,-14.58984375,0.615234375,-35.15625,-17.578125,0.0,0.0,0.0,0.0,11.5,2.1,0.0,-4.0,-4.0,3.2
10.145223140716553,12.692165624937605,-14.523017591222057,-102.8159520042499,117.33901690381228,-12.692165746219244,-5.251467333057063e-6,8.547727627695696,-16.89432805490346,-102.2439897756513,118.3616885794047,-11.417021706246963,-4.491702891852984e-6,12.568359375,-14.765625,-102.48046875,116.19140625,-14.58984375,0.615234375,-30.76171875,-17.578125,0.0,0.0,0.0,0.0,9.9,2.1,0.0,-4.0,-4.0,3.2
10.150224208831787,12.526691749534978,-14.627125940214913,-102.81633608875778,117.44350869974478,-12.52669187152367,-5.112517253098034e-6,8.36860483584072,-16.999268233136995,-102.1940871676111,118.44446443778837,-11.246319375532522,-4.360811679891832e-6,12.48046875,-14.853515625,-102.48046875,116.19140625,-14.58984375,0.615234375,-30.76171875,-17.578125,0.0,0.0,0.0,0.0,9.1,1.3,0.0,-4.0,-4.0,3.2
10.155226230621338,12.360435971921566,-14.731408922193197,-102.81456033171571,117.54601528494248,-12.360436094609419,-4.974940417463838e-6,8.189057011235958,-17.104148615761407,-102.1420695338392,118.52514368716066,-11.07494340039041,-4.231467281297044e-6,12.3046875,-14.853515625,-102.48046875,116.19140625,-14.58984375,0.615234375,-30.76171875,-17.578125,0.0,0.0,0.0,0.0,7.5,1.3,0.0,-4.0,-4.0,3.2
10.160227060317993,12.193515468588398,-14.835804291293526,-102.81071869061229,117.64656837144375,-12.193515591967493,-4.838766328878454e-6,8.00919309484165,-17.20891123813575,-102.0880541927297,118.60377458873126,-10.903009117846594,-4.10368524746787e-6,12.3046875,-14.94140625,-102.48046875,116.19140625,-14.58984375,0.615234375,-30.76171875,-8.7890625,0.0,0.0,0.0,0.0,7.5,0.5,0.0,-4.0,-4.0,3.2
10.165227174758911,12.025897293659131,-14.940316910535245,-102.80471989815547,117.74508155488226,-12.025897417721197,-4.704073738978222e-6,7.828995685899809,-17.31356113004773,-102.03195183822412,118.68026691125982,-10.730488420935092,-3.9775491133352914e-6,12.216796875,-14.94140625,-102.48046875,116.19140625,-14.58984375,0.615234375,-21.97265625,-8.7890625,0.0,0.0,0.0,0.0,6.7,0.5,0.0,-4.0,-4.0,3.2
10.170228004455566,11.857578029412927,-15.044960281798952,-102.79665490472652,117.84165928746904,-11.85757815415016,-4.570791392141222e-6,7.64844369767851,-17.41811470647409,-101.97384050211492,118.7547257816339,-10.557372398478071,-3.852979934842717e-6,12.12890625,-14.94140625,-102.48046875,116.19140625,-14.58984375,0.615234375,-21.97265625,-8.7890625,0.0,0.0,0.0,0.0,5.9,0.7,0.0,-4.0,-4.0,3.2
10.1752290725708,11.688557649437989,-15.149718560509903,-102.78643264188882,117.9361946562249,-11.688557774842103,-4.4390262071983015e-6,7.467555254060862,-17.52255795343018,-101.91364098690754,118.82704488858806,-10.383666881890171,-3.7300875447233536e-6,12.041015625,-15.029296875,-102.48046875,116.19140625,-14.58984375,0.615234375,-21.97265625,-8.7890625,0.0,0.0,0.0,0.0,5.1,-0.1,0.0,-4.0,-4.0,3.2
10.18025517463684,11.518036022455385,-15.255096592215914,-102.77407743805462,118.02921683201507,-11.518036148521608,-4.3081015007428515e-6,7.2854601014423555,-17.627393719693025,-101.85113147385046,118.89764927872528,-10.20854526190119,-3.6082305745453933e-6,12.041015625,-15.029296875,-102.48046875,116.19140625,-14.58984375,0.615234375,-21.97265625,-4.39453125,0.0,0.0,0.0,0.0,5.3,-0.1,0.0,-4.0,-4.0,3.2
10.185256004333496,11.347707429885618,-15.360032612715283,-102.75962846382683,118.11970322774809,-11.347707556602153,-4.179418415513878e-6,7.103984135293443,-17.731569407861777,-101.78686029505731,118.96573983386148,-10.033752911855128,-3.4887223032877666e-6,11.953125,-15.1171875,-102.48046875,116.19140625,-14.58984375,0.615234375,-13.18359375,-4.39453125,0.0,0.0,0.0,0.0,4.5,-0.1,0.0,-4.0,-4.0,3.2
10.19025707244873,11.176747593036898,-15.465047314786903,-102.74311215402037,118.2082009678287,-11.176747720395591,-4.052275534488297e-6,6.9222304447044225,-17.835603410860802,-101.72060007462818,119.03175634304273,-9.858438141116208,-3.370897877883339e-6,11.953125,-15.1171875,-102.48046875,116.19140625,-14.58984375,0.615234375,-13.18359375,-4.39453125,0.0,0.0,0.0,0.0,4.5,-0.1,0.0,-4.0,-4.0,3.2
10.195257186889648,11.005187228150408,-15.570107791110914,-102.7244522760885,118.29460091253301,-11.00518735614255,-3.926792018085627e-6,6.7402473660704825,-17.939468270344385,-101.65229370473251,119.09559453616203,-9.682637549071988,-3.254876547508636e-6,11.865234375,-15.1171875,-102.48046875,116.19140625,-14.58984375,0.615234375,-13.18359375,-4.39453125,0.0,0.0,0.0,0.0,3.7,-0.1,0.0,-4.0,-4.0,3.2
10.200258016586304,10.83300751452055,-15.675236158134968,-102.70372614267778,118.37900249084866,-10.83300764313792,-3.802890063769688e-6,6.557999471195611,-18.04318435604445,-101.58200251302407,119.15735233839146,-9.506327055006814,-3.1405748059174303e-6,11.865234375,-15.1171875,-102.48046875,116.19140625,-14.58984375,0.615234375,-13.18359375,-4.39453125,0.0,0.0,0.0,0.0,3.8,-0.1,0.0,-4.0,-4.0,3.2
10.205258131027222,10.660248927090077,-15.780393788799737,-102.68085993895447,118.46129326106083,-10.660249056323885,-3.680694923691095e-6,6.375545093264027,-18.14672018254418,-101.50967437452806,119.2169235564185,-9.329553157437955,-3.0281171582941073e-6,11.865234375,-15.1171875,-102.48046875,116.19140625,-14.58984375,0.615234375,-4.39453125,-4.39453125,0.0,0.0,0.0,0.0,3.8,-0.1,0.0,-4.0,-4.0,3.2
10.210259199142456,10.486891088053282,-15.885603806449186,-102.6559291582934,118.54157183977605,-10.486891217895213,-3.560127171311334e-6,6.192847373262228,-18.250095638371132,-101.435368509452,119.27440504733337,-9.152290243349874,-2.9174188256626155e-6,11.865234375,-15.1171875,-102.48046875,116.19140625,-14.58984375,0.615234375,-4.39453125,-4.39453125,0.0,0.0,0.0,0.0,3.8,-0.0,0.0,-4.0,-4.0,3.2
10.215261220932007,10.312926285268782,-15.990857004420212,-102.62885376796888,118.6197489875994,-10.312926415710125,-3.4412780964648806e-6,6.009913623548811,-18.3533096456972,-101.35901266783364,119.3297075766558,-8.97453547498526,-2.8085728117134697e-6,11.865234375,-15.1171875,-102.48046875,116.19140625,-14.58984375,0.615234375,-4.39453125,-4.39453125,0.0,0.0,0.0,0.0,3.8,-0.0,0.0,-4.0,-4.0,3.2
10.220262050628662,10.13846535511454,-16.09609721164903,-102.59972836717017,118.69586313304188,-10.138465486146616,-3.3241571821123142e-6,5.826845125692559,-18.456303007087975,-101.28072246728625,119.3828850125132,-8.7963973561513,-2.701575942345809e-6,11.865234375,-15.1171875,-102.48046875,116.19140625,-14.58984375,0.615234375,-4.39453125,0.0,0.0,0.0,0.0,0.0,4.0,-0.0,0.0,-4.0,-4.0,3.2
10.22526216506958,9.963486067059161,-16.201324604858133,-102.56847390189301,118.76983539875818,-9.963486198672953,-3.2088425779215586e-6,5.643633183103681,-18.559085471029533,-101.20042200593721,119.43385665860666,-8.617857989074922,-2.596508557049727e-6,11.865234375,-15.1171875,-102.48046875,116.19140625,-14.58984375,0.615234375,0.0,0.0,0.0,0.0,0.0,0.0,4.0,-0.0,0.0,-4.0,-4.0,3.2
10.230263233184814,9.787964952781635,-16.306564244939093,-102.53516207071057,118.84176254408973,-9.78796508496861,-3.095252089739778e-6,5.460238150082013,-18.661676137227662,-101.11816616832446,119.48271699716423,-8.438888735270282,-2.4932837796606256e-6,11.953125,-15.1171875,-102.48046875,116.19140625,-14.58984375,0.615234375,0.0,0.0,0.0,0.0,0.0,0.0,4.8,-0.0,0.0,-4.0,-4.0,3.2
10.23526406288147,9.611939213432732,-16.411780598108212,-102.49972394829584,118.91154011008604,-9.611939346183838,-2.983503619518069e-6,5.276713538154583,-18.76405112544007,-101.03390579875088,119.5293676490477,-8.25953234262118,-2.392018014163158e-6,11.953125,-15.1171875,-102.48046875,116.19140625,-14.58984375,0.615234375,0.0,0.0,0.0,0.0,0.0,0.0,4.8,-0.0,0.0,-4.0,-4.0,3.2
10.240265130996704,9.435425905168751,-16.51697457315731,-102.46223808502863,118.97924755594889,-9.435426038475276,-2.8735401347046257e-6,5.0930621250175925,-18.866204774884395,-100.94771399976815,119.57389106001352,-8.079801510735503,-2.2926474016199605e-6,11.953125,-15.1171875,-102.48046875,116.19140625,-14.58984375,0.615234375,0.0,0.0,0.0,0.0,0.0,0.0,4.9,-0.0,0.0,-4.0,-4.0,3.2
10.245266199111938,9.25843026425953,-16.622130149576194,-102.42263086601,119.04479524630673,-9.258430398112356,-2.765457368841553e-6,4.909303630119754,-18.968133575856854,-100.85952772333891,119.61619955210318,-7.89970627953385,-2.1952677794267717e-6,11.953125,-15.1171875,-102.48046875,116.19140625,-14.58984375,0.615234375,4.39453125,0.0,0.0,0.0,0.0,0.0,4.9,-0.0,0.0,-4.0,-4.0,3.2
10.250267028808594,9.080993421865525,-16.727234118374362,-102.38098571176707,119.10825339281719,-9.080993556255805,-2.659211680181819e-6,4.725465850883488,-19.069817082961748,-100.76943157812477,119.65636941787885,-7.719283844319776,-2.0998274222685843e-6,11.953125,-15.1171875,-102.48046875,116.19140625,-14.58984375,0.615234375,4.39453125,0.0,0.0,0.0,0.0,0.0,4.9,-0.0,0.0,-4.0,-4.0,3.2
10.255267143249512,8.903130645767998,-16.832264952889915,-102.33723315291309,119.16953099950507,-8.90313078068646,-2.554902768342925e-6,4.541578419000211,-19.17124778094653,-100.67736905261569,119.69431300578671,-7.538554301195111,-2.006425248906468e-6,11.953125,-15.1171875,-102.48046875,116.19140625,-14.58984375,0.615234375,4.39453125,0.0,0.0,0.0,0.0,0.0,4.9,-0.0,0.0,-4.0,-4.0,3.2
10.260268211364746,8.724814039608656,-16.937250421424793,-102.29143937510271,119.2287220201885,-8.72481417504651,-2.4524449723374474e-6,4.357597746987664,-19.272443731122074,-100.5833887704803,119.7301212235603,-7.357484689875749,-1.9149719453217053e-6,12.041015625,-15.1171875,-102.48046875,116.19140625,-14.58984375,0.615234375,4.39453125,0.0,0.0,0.0,0.0,0.0,5.6,-0.0,0.0,-4.0,-4.0,3.2
10.265270233154297,8.546042895704389,-17.042178474689678,-102.24353023145365,119.28574025870813,-8.54604303165246,-2.351929270641514e-6,4.173536956755668,-19.373407622949294,-100.48742517441556,119.76370920245694,-7.176078885842447,-1.8255585246739424e-6,12.041015625,-15.1171875,-102.48046875,116.19140625,-14.58984375,0.615234375,4.39453125,0.0,0.0,0.0,0.0,0.0,5.6,-0.0,0.0,-4.0,-4.0,3.2
10.270271062850952,8.36692425967469,-17.14699771172804,-102.19360677951194,119.34063537202208,-8.366924396123892,-2.253345582793765e-6,3.9894915851937274,-19.474080282004927,-100.38959816809835,119.79514117164723,-6.994440911013041,-1.7381630989098505e-6,12.041015625,-15.1171875,-102.48046875,116.19140625,-14.58984375,0.615234375,4.39453125,0.0,0.0,0.0,0.0,0.0,5.6,-0.0,0.0,-4.0,-4.0,3.2
10.27527117729187,8.187442161547718,-17.25170573445262,-102.1415939142434,119.39332985696154,-8.187442298488662,-2.156772588859876e-6,3.805458285979376,-19.57447494780884,-100.28983660414701,119.82433900492651,-6.812558919948126,-1.6528650110324e-6,12.041015625,-15.1171875,-102.48046875,116.19140625,-14.58984375,0.615234375,4.39453125,0.0,0.0,0.0,0.0,0.0,5.6,-0.0,0.0,-4.0,-4.0,3.2
10.280272006988525,8.007574380140934,-17.356326982025067,-102.0875564403593,119.44391295728353,-8.007574517564665,-2.06212763960278e-6,3.6213997632911505,-19.674604362926875,-100.1881895661794,119.85138950820541,-6.630405836241213,-1.5695781087239565e-6,12.041015625,-15.1171875,-102.48046875,116.19140625,-14.58984375,0.615234375,4.39453125,0.0,0.0,0.0,0.0,0.0,5.7,-0.0,0.0,-4.0,-4.0,3.2
10.285272121429443,7.82737450497473,-17.460818669777495,-102.03143936385196,119.49228689452451,-7.827374642871808,-1.969526557216076e-6,3.4373838521158406,-19.774444063028138,-100.0846243936915,119.87620345054205,-6.448040267154307,-1.4884143106488404e-6,12.041015625,-15.1171875,-102.48046875,116.19140625,-14.58984375,0.615234375,0.0,0.0,0.0,0.0,0.0,0.0,5.7,-0.0,0.0,-4.0,-4.0,3.2
10.290273189544678,7.64681036507332,-17.56521102230037,-101.97330316105781,119.53854236945871,-7.646810503434772,-1.878881389093395e-6,3.2533632877948078,-19.874011267846317,-99.97918335768226,119.89886772263237,-6.265425118638636,-1.4092830111247693e-6,12.041015625,-15.1171875,-102.48046875,116.19140625,-14.58984375,0.615234375,0.0,0.0,0.0,0.0,0.0,0.0,5.7,-0.0,0.0,-4.0,-4.0,3.2
10.295276165008545,7.46585062332022,-17.669510592430793,-101.91306561199863,119.58260371483836,-7.4658507621368,-1.7902647874695261e-6,3.0693191711206005,-19.973329532341335,-99.87178416440435,119.9193041695722,-6.0825330566467,-1.3322582053414013e-6,12.041015625,-15.1171875,-102.48046875,116.19140625,-14.58984375,0.615234375,0.0,0.0,0.0,0.0,0.0,0.0,5.7,-0.0,0.0,-4.0,-4.0,3.2
10.30027723312378,7.284660067327596,-17.773634033341736,-101.85085120418461,119.62451207193023,-7.28466020659003,-1.703685510598652e-6,2.8854048131243353,-20.072307056677225,-99.76258460688375,119.93757576720667,-5.899526122710846,-1.257333610410574e-6,12.12890625,-15.1171875,-102.48046875,116.19140625,-14.58984375,0.615234375,0.0,0.0,0.0,0.0,0.0,0.0,6.4,-0.0,0.0,-4.0,-4.0,3.2
10.305278062820435,7.103183108281513,-17.877602635433167,-101.7865728710004,119.66420166431935,-7.103183247980334,-1.61920019720384e-6,2.7015758663741867,-20.170982404061693,-99.65149067469643,119.9536111105109,-5.716352226117101,-1.1845684883243523e-6,12.12890625,-15.1171875,-102.48046875,116.19140625,-14.58984375,0.615234375,4.39453125,0.0,0.0,0.0,0.0,0.0,6.4,-0.0,0.0,-4.0,-4.0,3.2
10.310286045074463,6.921176490303132,-17.981566673361268,-101.72020850089122,119.70180065417054,-6.921176630429816,-1.5366285935811894e-6,2.5175726730929138,-20.269484753981928,-99.53840854379622,119.96750694936392,-5.532761657052609,-1.113794144498616e-6,12.12890625,-15.1171875,-102.48046875,116.19140625,-14.58984375,0.615234375,4.39453125,0.0,0.0,0.0,0.0,0.0,6.4,-0.0,0.0,-4.0,-4.0,3.2
10.315287113189697,6.739157520030277,-18.085220389165293,-101.65187958792623,119.73712477952556,-6.739157660574763,-1.4562870724619237e-6,2.3339299623668714,-20.367543155447283,-99.42359970723417,119.97914805492063,-5.3492801798897665,-1.0452922783413896e-6,12.12890625,-15.1171875,-102.48046875,116.19140625,-14.58984375,0.615234375,4.39453125,0.0,0.0,0.0,0.0,0.0,6.4,-0.0,0.0,-4.0,-4.0,3.2
10.320287227630615,6.556934025405036,-18.188685302356053,-101.58158419903597,119.77029362607944,-6.5569341663581,-1.3780154314709388e-6,2.1504394018338493,-20.465259490620564,-99.30700343639586,119.98862915051129,-5.165709498416323,-9.789111123066953e-7,12.12890625,-15.1171875,-102.48046875,116.19140625,-14.58984375,0.615234375,4.39453125,0.0,0.0,0.0,0.0,0.0,6.5,-0.0,0.0,-4.0,-4.0,3.2
10.32528805732727,6.374452507710664,-18.291982051226768,-101.50923621906365,119.8012417167742,-6.374452649062896,-1.3018698646967917e-6,1.9670583854879236,-20.56267249584213,-99.1885268838121,119.99587949079805,-4.981999523484668,-9.147089838833923e-7,12.12890625,-15.1171875,-102.48046875,116.19140625,-14.58984375,0.615234375,0.0,0.0,0.0,0.0,0.0,0.0,6.5,-0.0,0.0,-4.0,-4.0,3.2
10.330288171768188,6.191788185911525,-18.395079447933202,-101.43493041919035,119.83003263519714,-6.191788327653714,-1.227811116318979e-6,1.7838490411115153,-20.65973866783136,-99.06827475854692,120.00097254172941,-4.798221710090272,-8.526379435457653e-7,12.12890625,-15.1171875,-102.48046875,116.19140625,-14.58984375,0.615234375,0.0,0.0,0.0,0.0,0.0,0.0,6.5,-0.0,0.0,-4.0,-4.0,3.2
10.335289001464844,6.008897177982453,-18.497992841734575,-101.35858374625958,119.85659867729137,-6.008897320105189,-1.1558995518782762e-6,1.600778395398103,-20.75649242676737,-98.94615964112518,120.00383662615943,-4.614335646631774,-7.927597411111348e-7,12.12890625,-15.1171875,-102.48046875,116.19140625,-14.58984375,0.615234375,0.0,0.0,0.0,0.0,0.0,0.0,6.5,-0.0,0.0,-4.0,-4.0,3.2
10.340289115905762,5.825853724145303,-18.600691918921648,-101.28029168656916,119.88100501589238,-5.825853866639385,-1.0860930613545671e-6,1.4179073765179577,-20.852890486074045,-98.82228658083953,120.00454657132408,-4.4304117209670375,-7.350238132783975e-7,12.12890625,-15.1171875,-102.48046875,116.19140625,-14.58984375,0.615234375,0.0,0.0,0.0,0.0,0.0,0.0,6.4,-0.0,0.0,-4.0,-4.0,3.2
10.345290184020996,5.642606140274477,-18.703196585827463,-101.19996717010011,119.9031844871247,-5.642606283130517,-1.0184490654314365e-6,1.235195167046479,-20.948972173279007,-98.69656212025204,120.00303027151602,-4.246401671622823,-6.794893409798419e-7,12.12890625,-15.1171875,-102.48046875,116.19140625,-14.58984375,0.615234375,0.0,0.0,0.0,0.0,0.0,0.0,6.4,-0.0,0.0,-4.0,-4.0,3.2
10.350291013717651,5.4592188957751,-18.80548222507495,-101.11770204543286,119.92320432240285,-5.459219038983948,-9.529199979325826e-7,1.0526928315182156,-21.044698959724393,-98.56908518438841,119.99936325311822,-4.062366023958519,-6.261011344183561e-7,12.12890625,-15.1171875,-102.48046875,116.19140625,-14.58984375,0.615234375,0.0,0.0,0.0,0.0,0.0,0.0,6.4,-0.0,0.0,-4.0,-4.0,3.2
10.35529112815857,5.275719975145441,-18.90752462667166,-101.0334451085412,119.94098910781241,-5.2757201186976115,-8.895907891287858e-7,0.8704386339071795,-21.140069477440647,-98.4398176455323,119.9934754756843,-3.878336405631255,-5.749404596469977e-7,12.12890625,-15.1171875,-102.48046875,116.19140625,-14.58984375,0.615234375,0.0,0.0,0.0,0.0,0.0,0.0,6.4,-0.0,0.0,-4.0,-4.0,3.2
10.36029314994812,5.092032799969634,-19.009377793337006,-100.94722389672783,119.95662038306507,-5.092032943856142,-8.283636193373986e-7,0.6883434703135276,-21.235118153029756,-98.30875948287226,119.98543848404861,-3.694231849518873,-5.259114392609555e-7,12.12890625,-15.1171875,-102.48046875,116.19140625,-14.58984375,0.615234375,0.0,0.0,0.0,0.0,0.0,0.0,6.4,-0.0,0.0,-4.0,-4.0,3.2
10.365294218063354,4.908273871759722,-19.110968760626697,-100.85902886464432,119.9700156387987,-4.9082740159711005,-7.693519457035349e-7,0.5065331526178922,-21.329798617110324,-98.17593565562237,119.97518656819463,-3.5101726399254427,-4.791178365297307e-7,12.12890625,-15.1171875,-102.48046875,116.19140625,-14.58984375,0.615234375,0.0,0.0,0.0,0.0,0.0,0.0,6.4,-0.0,0.0,-4.0,-4.0,3.2
10.37029504776001,4.724435545122359,-19.21231336182061,-100.76891963327259,119.98125032922036,-4.724435689649515,-7.124802874126991e-7,0.324986978329973,-21.42410923668644,-98.04139510830335,119.96279398609173,-3.326146909572285,-4.3448173133838335e-7,12.12890625,-15.1171875,-102.48046875,116.19140625,-14.58984375,0.615234375,0.0,0.0,0.0,0.0,0.0,0.0,6.4,-0.0,0.0,-4.0,-4.0,3.2
10.375296115875244,4.540512738163104,-19.313406541499205,-100.67683069492534,119.99025389120266,-4.54051288299669,-6.578193668222424e-7,0.14370984355068434,-21.51806746529887,-97.9050768641844,119.94819130718706,-3.1421529602354354,-3.920721026231549e-7,12.12890625,-15.1171875,-102.48046875,116.19140625,-14.58984375,0.615234375,0.0,0.0,0.0,0.0,0.0,0.0,6.4,-0.0,0.0,-4.0,-4.0,3.2
10.380296230316162,4.356566801515573,-19.414226122306793,-100.5828551444632,119.9970972424515,-4.356566946646496,-6.053145532055166e-7,-0.03725073035628332,-21.611635850980775,-97.76708008805689,119.93145703798164,-2.95824800839466,-3.5182747870978656e-7,12.12890625,-15.1171875,-102.48046875,116.19140625,-14.58984375,0.615234375,0.0,0.0,0.0,0.0,0.0,0.0,6.4,-0.0,0.0,-4.0,-4.0,3.2
10.385297060012817,4.17254971987078,-19.514790977242576,-100.48690599274721,120.00171226664698,-4.172549865289776,-5.550228309994627e-7,-0.217932349468683,-21.70485450477804,-97.62731182725027,119.91251869557345,-2.7743873481059236,-3.1380584170844626e-7,12.12890625,-15.1171875,-102.48046875,116.19140625,-14.58984375,0.615234375,0.0,0.0,0.0,0.0,0.0,0.0,6.4,-0.0,0.0,-4.0,-4.0,3.2
10.390297174453735,3.9885305397095023,-19.615074857943757,-100.3890808172797,120.00417029315871,-3.9885306854075475,-5.068903069472778e-7,-0.3982799890292895,-21.797681758913935,-97.48587754452194,119.89145608840445,-2.5906358560484573,-2.77946146485895e-7,12.12890625,-15.1171875,-102.48046875,116.19140625,-14.58984375,0.615234375,0.0,0.0,0.0,0.0,0.0,0.0,6.4,-0.0,0.0,-4.0,-4.0,3.2
10.39529800415039,3.804470890655816,-19.71509158565403,-100.28929688757285,120.00440241259699,-3.8044710366237053,-4.609764876156862e-7,-0.5783218308425129,-21.89015342708159,-97.342690759887,119.8681971950967,-2.4069584511944635,-2.443081297330858e-7,12.12890625,-15.1171875,-102.48046875,116.19140625,-14.58984375,0.615234375,0.0,0.0,0.0,0.0,0.0,0.0,6.4,-0.0,0.0,-4.0,-4.0,3.2
10.400298118591309,3.620438751787062,-19.814815707889903,-100.18765232414223,120.00248129322065,-3.6204388980158377,-4.172251654981955e-7,-0.7580040556656283,-21.982228187223992,-97.19785714355638,119.84282292128461,-2.2234188800055534,-2.1282871015682422e-7,12.12890625,-15.1171875,-102.48046875,116.19140625,-14.58984375,0.615234375,0.0,0.0,0.0,0.0,0.0,0.0,6.4,-0.0,0.0,-4.0,-4.0,3.2
10.405304193496704,3.436203595764726,-19.914365006884413,-100.0839547994181,119.99833238883878,-3.4362037422455085,-3.7565310592706114e-7,-0.9375420334985654,-22.074037953410844,-97.05113573207981,119.81523118681639,-2.03979056350865,-1.8353756716191927e-7,12.12890625,-15.1171875,-102.48046875,116.19140625,-14.58984375,0.615234375,0.0,0.0,0.0,0.0,0.0,0.0,6.4,-0.0,0.0,-4.0,-4.0,3.2
10.410308122634888,3.2520780728892626,-20.013581582167646,-99.97843822302124,119.9920317097314,-3.2520782196130793,-3.3626080931118587e-7,-1.1166431312958605,-22.165419108958098,-96.90282537525648,119.78553732592128,-1.8563812286746602,-1.5641219849842485e-7,12.12890625,-15.1171875,-102.48046875,116.19140625,-14.58984375,0.615234375,0.0,0.0,0.0,0.0,0.0,0.0,6.4,-0.0,0.0,-4.0,-4.0,3.2
10.415312051773071,3.0679991791698242,-20.11249353595597,-99.87100790698952,119.98351266991412,-3.0679993261275733,-2.990979085136613e-7,-1.2953602412767466,-22.256420647907397,-96.75282133297151,119.7536684696318,-1.6731310132105066,-1.3150390429861544e-7,12.12890625,-15.1171875,-102.48046875,116.19140625,-14.58984375,0.615234375,0.0,0.0,0.0,0.0,0.0,0.0,6.4,-0.0,0.0,-4.0,-4.0,3.2
10.42031216621399,2.8841204747204356,-20.211029686123776,-99.76181330535783,119.97285354183953,-2.884120621903161,-2.6412257553018723e-7,-1.4735566033430394,-22.346959702658992,-96.60130034763526,119.7197217916361,-1.4901887875851743,-1.0875865213227683e-7,12.12890625,-15.1171875,-102.48046875,116.19140625,-14.58984375,0.615234375,0.0,0.0,0.0,0.0,0.0,0.0,6.4,-0.0,0.0,-4.0,-4.0,3.2
10.425316095352173,2.7001780819196015,-20.309326002514375,-99.65063961392862,119.95997549017483,-2.7001782293184684,-2.3134605700566155e-7,-1.6514798075520138,-22.437183974373553,-96.44799124951952,119.68358674036071,-1.3072948298388656,-8.820263443484706e-8,12.12890625,-15.1171875,-102.48046875,116.19140625,-14.58984375,0.615234375,0.0,0.0,0.0,0.0,0.0,0.0,6.4,-0.0,0.0,-4.0,-4.0,3.2
10.43031620979309,2.516464758121029,-20.407236880948865,-99.53772012904933,119.94496620814483,-2.5164649057271826,-2.0075111040007362e-7,-1.8288583430317338,-22.526942378329537,-96.2931865962902,119.64538743530656,-1.1247364391729788,-6.979735489049877e-8,12.12890625,-15.1171875,-102.48046875,116.19140625,-14.58984375,0.615234375,0.0,0.0,0.0,0.0,0.0,0.0,6.4,-0.0,0.0,-4.0,-4.0,3.2
10.43532109260559,2.332682549502257,-20.50491611403512,-99.4228142066832,119.92773884321647,-2.3326826973069865,-1.723477341189704e-7,-2.005972035192296,-22.616398530419147,-96.13658196055566,119.60500109115631,-0.9422202548361729,-5.35698647182172e-8,12.12890625,-15.1171875,-102.48046875,116.19140625,-14.58984375,0.615234375,0.0,0.0,0.0,0.0,0.0,0.0,6.4,-0.0,0.0,-4.0,-4.0,3.2
10.440321207046509,2.1491930241848363,-20.60218218912169,-99.30620296431935,119.90839300153706,-2.1491931721793556,-1.461233617897135e-7,-2.1824838201940207,-22.705368870521326,-95.97853288862073,119.56257223740567,-0.7601016479066734,-3.948203585667405e-8,12.12890625,-15.1171875,-102.48046875,116.19140625,-14.58984375,0.615234375,0.0,0.0,0.0,0.0,0.0,0.0,6.4,-0.0,0.0,-4.0,-4.0,3.2
10.445325136184692,1.965699157657928,-20.699188232725767,-99.18764255606274,119.88683796262751,-1.9656993058335837,-1.2209125131415334e-7,-2.3586721563339967,-22.794015925399286,-95.81873219233347,119.51797439784718,-0.5780883386284411,-2.7563993702113586e-8,12.12890625,-15.1171875,-102.48046875,116.19140625,-14.58984375,0.615234375,0.0,0.0,0.0,0.0,0.0,0.0,6.4,-0.0,0.0,-4.0,-4.0,3.2
10.450326204299927,1.782456274409307,-20.795809649851225,-99.06735108627647,119.86316723677443,-1.782456422757502,-1.0021811812042154e-7,-2.5343028811469286,-22.88220863791978,-95.65744800847185,119.47133247301463,-0.3964300042377849,-1.7764136834698665e-8,12.12890625,-15.1171875,-102.48046875,116.19140625,-14.58984375,0.615234375,0.0,0.0,0.0,0.0,0.0,0.0,6.4,-0.0,0.0,-4.0,-4.0,3.2
10.455328226089478,1.5993430399017936,-20.892106682189134,-98.9451956591131,119.83730816936537,-1.5993431884138822,-8.054192940110797e-8,-2.7094854900613656,-22.970024244410567,-95.49452369134886,119.42256014665661,-0.2150087268366867,-1.0125626430183692e-8,12.12890625,-15.1171875,-102.48046875,116.19140625,-14.58984375,0.615234375,0.0,0.0,0.0,0.0,0.0,0.0,6.4,-0.0,0.0,-4.0,-4.0,3.2
10.460329055786133,1.4164476114095312,-20.988043267917032,-98.82128775777207,119.80933618208343,-1.4164477600770946,-6.300558502521095e-8,-2.8841464954361142,-23.057412803272882,-95.33008310921416,119.37174313716537,-0.033908300208370365,-4.584241464942088e-9,12.12890625,-15.1171875,-102.48046875,116.19140625,-14.58984375,0.615234375,0.0,0.0,0.0,0.0,0.0,0.0,6.4,-0.0,0.0,-4.0,-4.0,3.2
10.46532917022705,1.2337714933897772,-21.083615324446683,-98.6955759686723,119.77919577875372,-1.2337716422042433,-4.765956496949745e-8,-3.0582779547874805,-23.144392726529688,-95.16407834357501,119.31882764115738,0.14686751733789463,-1.1875436589965774e-9,12.12890625,-15.1171875,-102.48046875,116.19140625,-14.58984375,0.615234375,0.0,0.0,0.0,0.0,0.0,0.0,6.4,-0.0,0.0,-4.0,-4.0,3.2
10.470331192016602,1.0512276704018946,-21.178878458643133,-98.56805168589031,119.74693395998169,-1.0512278193550568,-3.4431206789146344e-8,-3.2319733619136137,-23.230997465076058,-94.99647455705366,119.26384903763581,0.327408293494578,1.3263730914595924e-10,12.12890625,-15.1171875,-102.48046875,116.19140625,-14.58984375,0.615234375,0.0,0.0,0.0,0.0,0.0,0.0,6.4,-0.0,0.0,-4.0,-4.0,3.2
10.475333213806152,0.8689054397404392,-21.273782900318736,-98.4387231396219,119.71250918609172,-0.8689055888238733,-2.3378003111353023e-8,-3.405141120214669,-23.317203763913575,-94.82730276258572,119.20677841311056,0.5076234020571562,-6.724741030925848e-10,12.12890625,-15.1171875,-102.48046875,116.19140625,-14.58984375,0.615234375,0.0,0.0,0.0,0.0,0.0,0.0,6.4,-0.0,0.0,-4.0,-4.0,3.2
10.480334997177124,0.6868213690991692,-21.368330073939642,-98.30765345324504,119.675986004973,-0.6868215183047325,-1.4435197104099236e-8,-3.5777759817556802,-23.402995873027123,-94.65662272526073,119.14768153239503,0.6874999137925281,-3.5360264263861416e-9,12.12890625,-15.1171875,-102.48046875,116.19140625,-14.58984375,0.615234375,0.0,0.0,0.0,0.0,0.0,0.0,6.4,-0.0,0.0,-4.0,-4.0,3.2
10.48534607887268,0.5046489318072267,-21.46268634508036,-98.17455039816831,119.63723855239795,-0.5046490811268372,-7.639839003618656e-9,-3.750180577533329,-23.488546185652908,-94.48407448953809,119.08639360068048,0.8673579801001606,-8.513207559916662e-9,12.12890625,-15.1171875,-102.48046875,116.19140625,-14.58984375,0.615234375,0.0,0.0,0.0,0.0,0.0,0.0,6.4,-0.0,0.0,-4.0,-4.0,3.2
10.490349054336548,0.3230282570782677,-21.556529777986523,-98.03992990065457,119.59646082120983,-0.3230284065037236,-2.953222676434516e-9,-3.9217590099733517,-23.57354652211637,-94.31030597143796,119.0231869820253,1.046568865726371,-1.552302806375116e-8,12.12890625,-15.1171875,-102.48046875,116.19140625,-14.58984375,0.615234375,0.0,0.0,0.0,0.0,0.0,0.0,6.4,-0.0,0.0,-4.0,-4.0,3.2
10.495349168777466,0.14178809084713903,-21.649947783764215,-97.90362278599318,119.55357104716256,-0.1417882403702473,-4.06506584754317e-10,-4.092668631270982,-23.658096785620707,-94.1351128570214,118.95795994197631,1.2252999858838316,-2.4604904424148867e-8,12.12890625,-15.1171875,-102.48046875,116.19140625,-14.58984375,0.615234375,0.0,0.0,0.0,0.0,0.0,0.0,6.4,-0.0,0.0,-4.0,-4.0,3.2
10.50035309791565,-0.03930665404940949,-21.74307078514278,-97.7654978786665,119.50856847659125,0.03930650443644791,6.358595603727687e-11,-4.263140545338975,-23.742299496735725,-93.95830722919426,118.89068191853204,1.4037862783237465,-3.5709835240278766e-8,12.12890625,-15.1171875,-102.48046875,116.19140625,-14.58984375,0.615234375,0.0,0.0,0.0,0.0,0.0,0.0,6.4,-0.0,0.0,-4.0,-4.0,3.2
10.505353212356567,-0.21995965563320236,-21.835745067955997,-97.62573408243907,119.46147830016858,0.21995950593843838,-1.5833850538435854e-9,-4.432890742265658,-23.8260356467688,-93.7801333773491,118.82141580116824,1.5817339103359522,-4.885642924142218e-8,12.12890625,-15.1171875,-102.48046875,116.19140625,-14.58984375,0.615234375,0.0,0.0,0.0,0.0,0.0,0.0,6.4,-0.0,0.0,-4.0,-4.0,3.2
10.510376214981079,-0.4011275676882926,-21.928469195434655,-97.48362428652209,119.41209196681245,0.40112741791912815,-5.309409659757547e-9,-4.602825540471378,-23.909740374698245,-93.59967566634883,118.74983500369322,1.7600876422588256,-6.406657010149685e-8,12.12890625,-15.1171875,-102.48046875,116.19140625,-14.58984375,0.615234375,0.0,0.0,0.0,0.0,0.0,0.0,6.4,-0.0,0.0,-4.0,-4.0,3.2
10.515380144119263,-0.5812766919605489,-22.02045744605295,-97.34032681550539,119.36078208520226,0.5812765421251054,-1.1118822216030743e-8,-4.771501769722262,-23.99272266903581,-93.41841880727418,118.67650117980838,1.93733599294477,-8.124453808069939e-8,12.12890625,-15.1171875,-102.48046875,116.19140625,-14.58984375,0.615234375,0.0,0.0,0.0,0.0,0.0,0.0,6.4,-0.0,0.0,-4.0,-4.0,3.2
10.520384073257446,-0.7610890017518901,-22.1120675801111,-97.19534856429875,119.30741330803286,0.7610888518577603,-1.8969333659722476e-8,-4.939567799911525,-24.075292972800902,-93.23571950652834,118.60119457735088,2.114153216364458,-1.0039060571008552e-7,12.12890625,-15.1171875,-102.48046875,116.19140625,-14.58984375,0.615234375,0.0,0.0,0.0,0.0,0.0,0.0,6.4,-0.0,0.0,-4.0,-4.0,3.2
10.525384187698364,-0.9404084601227415,-22.203220578160895,-97.04877961000109,119.25199669351422,0.9404083101776195,-2.887939046508414e-8,-5.106874691934904,-24.157396566313338,-93.05170143734745,118.52394619672039,2.2903847691113604,-1.2151081742492645e-7,12.12890625,-15.1171875,-102.48046875,116.19140625,-14.58984375,0.615234375,0.0,0.0,0.0,0.0,0.0,0.0,6.4,-0.0,0.0,-4.0,-4.0,3.2
10.53038501739502,-1.1193916341458046,-22.294004233251417,-96.90052972420975,119.19452980570657,1.1193914841571093,-4.080553512838659e-8,-5.273576500895466,-24.239100749630882,-92.86623626537896,118.44473372578862,2.466187166121739,-1.4457087111195395e-7,12.12890625,-15.1171875,-102.48046875,116.19140625,-14.58984375,0.615234375,0.0,0.0,0.0,0.0,0.0,0.0,6.4,-0.0,0.0,-4.0,-4.0,3.2
10.535388231277466,-1.29807849264351,-22.384439222967572,-96.75052679964216,119.13496121475177,1.2980783426187092,-5.47780039830918e-8,-5.439706968211208,-24.320440114200544,-92.67924460858771,118.36350181515706,2.6415984321192436,-1.6960078371971401e-7,12.12890625,-15.1171875,-102.48046875,116.19140625,-14.58984375,0.615234375,0.0,0.0,0.0,0.0,0.0,0.0,6.4,-0.0,0.0,-4.0,-4.0,3.2
10.540389060974121,-1.4762930518270427,-22.474444373684403,-96.59895381288682,119.0733927242488,1.4762929017734203,-7.07333505103862e-8,-5.605110007290159,-24.40133006039402,-92.49094073597357,118.2803727995304,2.8164483101332305,-1.9652566263899675e-7,12.12890625,-15.1171875,-102.48046875,116.19140625,-14.58984375,0.615234375,0.0,0.0,0.0,0.0,0.0,0.0,6.4,-0.0,0.0,-4.0,-4.0,3.2
10.545392036437988,-1.6541773447381218,-22.564092371257466,-96.44565388343464,119.00974013900884,1.6541771946629815,-8.870776623037015e-8,-5.769914483624032,-24.48185150964217,-92.30113918805394,118.19524612429711,2.990875100445694,-2.2538779250406371e-7,12.12890625,-15.1171875,-102.48046875,116.19140625,-14.58984375,0.615234375,0.0,0.0,0.0,0.0,0.0,0.0,6.4,-0.0,0.0,-4.0,-4.0,3.2
10.550392150878906,-1.831548197609853,-22.65329867181495,-96.29081950952187,118.94411141405917,1.831548047520306,-1.0863352537879008e-7,-5.933958059321338,-24.561917311389102,-92.1100650263975,118.10825102128776,3.164701642380079,-2.561078020665549e-7,12.12890625,-15.1171875,-102.48046875,116.19140625,-14.58984375,0.615234375,0.0,0.0,0.0,0.0,0.0,0.0,6.4,-0.0,0.0,-4.0,-4.0,3.2
10.55539321899414,-2.0085217676587535,-22.742123065542934,-96.13431507396052,118.87643072195743,2.008521617561933,-1.305441937518858e-7,-6.0973455619153984,-24.64159633447103,-91.91755935644238,118.01929840568283,3.3380408454033765,-2.88723744971312e-7,12.12890625,-15.1171875,-102.48046875,116.19140625,-14.58984375,0.615234375,0.0,0.0,0.0,0.0,0.0,0.0,6.4,-0.0,0.0,-4.0,-4.0,3.2
10.560394048690796,-2.1850510466554818,-22.830549526438755,-95.97621536153856,118.8067568216526,2.185050896558316,-1.5438609446258054e-7,-6.260040676595334,-24.7208631578001,-91.72370167997056,117.92845184118741,3.5108490307712525,-3.231787090550205e-7,12.12890625,-15.1171875,-102.48046875,116.19140625,-14.58984375,0.615234375,0.0,0.0,0.0,0.0,0.0,0.0,6.4,-0.0,0.0,-4.0,-4.0,3.2
10.56539511680603,-2.3611334260457237,-22.918578289294217,-95.81648776690952,118.73505734258573,2.3611332759551718,-1.8017902803690442e-7,-6.422038374679598,-24.79973291258655,-91.52846034461662,117.83567997584733,3.683122714752347,-3.5948978589665506e-7,12.12890625,-15.1171875,-102.48046875,116.19140625,-14.58984375,0.615234375,0.0,0.0,0.0,0.0,0.0,0.0,6.4,-0.0,0.0,-4.0,-4.0,3.2
10.570396184921265,-2.5367562689310463,-23.006210520971734,-95.65517686432408,118.661378025908,2.536756118853862,-2.0787333525297274e-7,-6.583334022395161,-24.878195754999155,-91.33187770116675,117.74102917974147,3.8548518734494106,-3.976062479306147e-7,12.12890625,-15.1171875,-102.48046875,116.19140625,-14.58984375,0.615234375,0.0,0.0,0.0,0.0,0.0,0.0,6.4,-0.0,0.0,-4.0,-4.0,3.2
10.57539701461792,-2.7118917921718966,-23.093434182134402,-95.4922738366398,118.58569801522859,2.7118916421148556,-2.374831283382975e-7,-6.743899640089483,-24.956255538012027,-91.13395080718212,117.64448255960437,4.026008468692213,-4.375380469463596e-7,12.12890625,-15.1171875,-102.48046875,116.19140625,-14.58984375,0.615234375,0.0,0.0,0.0,0.0,0.0,0.0,6.4,-0.0,0.0,-4.0,-4.0,3.2
10.580400228500366,-2.8866277877708004,-23.18030026416033,-95.32772844469761,118.50801806243587,2.8866276377404927,-2.6897701868279257e-7,-6.903822395055531,-25.03394719159401,-90.93460728571377,117.5460295249051,4.196680537667286,-4.79258724221736e-7,12.12890625,-15.1171875,-102.48046875,116.19140625,-14.58984375,0.615234375,0.0,0.0,0.0,0.0,0.0,0.0,6.4,-0.0,0.0,-4.0,-4.0,3.2
10.585401058197021,-3.060778388256252,-23.266718469299857,-95.16168206477195,118.42838924672495,3.0607782382592563,-3.0233831497229834e-7,-7.062929879305611,-25.111204156840863,-90.73402569283142,117.44574383470727,4.366685725419067,-5.227382052069691e-7,12.12890625,-15.1171875,-102.48046875,116.19140625,-14.58984375,0.615234375,0.0,0.0,0.0,0.0,0.0,0.0,6.4,-0.0,0.0,-4.0,-4.0,3.2
10.59040117263794,-3.2343988028877515,-23.35272355188669,-94.99411581464253,118.34682743999922,3.2343986529304556,-3.375290814702716e-7,-7.221279447534332,-25.18804722292121,-90.53217152019919,117.34363384174898,4.536080253297811,-5.679417314443927e-7,12.12890625,-15.1171875,-102.48046875,116.19140625,-14.58984375,0.615234375,0.0,0.0,0.0,0.0,0.0,0.0,6.4,-0.0,0.0,-4.0,-4.0,3.2
10.595402002334595,-3.407519453638714,-23.438332938534693,-94.82496724608852,118.2632876205265,3.407519303727529,-3.745707331456509e-7,-7.378896689161153,-25.264505789410375,-90.32897636255083,117.23965144836367,4.704893044853968,-6.148900108184735e-7,12.12890625,-15.1171875,-102.48046875,116.19140625,-14.58984375,0.615234375,0.0,0.0,0.0,0.0,0.0,0.0,6.4,-0.0,0.0,-4.0,-4.0,3.2
10.600402116775513,-3.580087959848289,-23.523527831376995,-94.65431922129864,118.17783385281531,3.5800878099894167,-4.1340556576732736e-7,-7.535740461446973,-25.340552868922202,-90.12452892524334,117.13386594846195,4.8730752302377915,-6.635223193479157e-7,12.12890625,-15.1171875,-102.48046875,116.19140625,-14.58984375,0.615234375,0.0,0.0,0.0,0.0,0.0,0.0,6.4,-0.0,0.0,-4.0,-4.0,3.2
10.60540223121643,-3.7521098578966905,-23.60831356283196,-94.48213371753107,118.09043344650873,3.752109708096344,-4.540485610370743e-7,-7.691813770351795,-25.416206873334378,-89.91879004525438,117.02624446604895,5.040631496234863,-7.138515413395314e-7,12.12890625,-15.1171875,-102.48046875,116.19140625,-14.58984375,0.615234375,0.0,0.0,0.0,0.0,0.0,0.0,6.4,-0.0,0.0,-4.0,-4.0,3.2
10.610403060913086,-3.923607324119975,-23.692708038640433,-94.30841979103958,118.00111336351415,3.923607174384187,-4.96458896691698e-7,-7.847143140176722,-25.491473619069456,-89.71176009690723,116.91681038001919,5.2075856079778875,-7.658381765482972e-7,12.12890625,-15.1171875,-102.48046875,116.19140625,-14.58984375,0.615234375,0.0,0.0,0.0,0.0,0.0,0.0,6.4,-0.0,0.0,-4.0,-4.0,3.2
10.615403175354004,-4.09451202584706,-23.776680403721617,-94.13321371676518,117.9098790239308,4.094511876181846,-5.406327733539564e-7,-8.001664657540454,-25.56633906061276,-89.50348853337476,116.80557755477079,5.373870339838973,-8.194722007514786e-7,12.12890625,-15.1171875,-102.48046875,116.19140625,-14.58984375,0.615234375,0.0,0.0,0.0,0.0,0.0,0.0,6.4,-0.0,0.0,-4.0,-4.0,3.2
10.62040400505066,-4.2648710637809835,-23.860260696600122,-93.95649888110005,117.81674385249704,4.264870914192187,-5.865359992955485e-7,-8.155427278238976,-25.640819901445788,-89.2939453192415,116.69255289072684,5.539533677807624,-8.747222115290942e-7,12.12890625,-15.1171875,-102.48046875,116.19140625,-14.58984375,0.615234375,0.0,0.0,0.0,0.0,0.0,0.0,6.4,-0.0,0.0,-4.0,-4.0,3.2
10.625404119491577,-4.434616454184107,-23.943418535370625,-93.77831297921908,117.7217151627207,4.43461630467755,-6.341622587705424e-7,-8.308367684350692,-25.714902328289195,-89.08318108269886,116.57775202090735,5.704508835744148,-9.31575781647984e-7,12.12890625,-15.1171875,-102.48046875,116.19140625,-14.58984375,0.615234375,0.0,0.0,0.0,0.0,0.0,0.0,6.4,-0.0,0.0,-4.0,-4.0,3.2
10.630404233932495,-4.603771324208832,-24.026172055839776,-93.59866385145084,117.62481893064766,4.603771174790157,-6.834713679261858e-7,-8.460513048551407,-25.788592510903342,-88.87119496650286,116.461197180461,5.868820442711857,-9.899942860526728e-7,12.12890625,-15.1171875,-102.48046875,116.19140625,-14.58984375,0.615234375,0.0,0.0,0.0,0.0,0.0,0.0,6.4,-0.0,0.0,-4.0,-4.0,3.2
10.63540506362915,-4.772340497790646,-24.10852675231811,-93.41751310158908,117.526022254352,4.772340348465507,-7.344761718865869e-7,-8.61186574264429,-25.861908412067187,-88.6579474517165,116.34285525438538,6.0324725094860066,-1.049988458594168e-6,12.12890625,-15.1171875,-102.48046875,116.19140625,-14.58984375,0.615234375,0.0,0.0,0.0,0.0,0.0,0.0,6.4,-0.0,0.0,-4.0,-4.0,3.2
10.640405178070068,-4.940274993055526,-24.190465358497796,-93.2349451086098,117.42539224667969,4.940274843829364,-7.871156504675328e-7,-8.762387981811194,-25.934824739540865,-88.44352808745793,116.2227979739171,6.195419591812998,-1.1114950440272212e-6,12.12890625,-15.1171875,-102.48046875,116.19140625,-14.58984375,0.615234375,0.0,0.0,0.0,0.0,0.0,0.0,6.4,-0.0,0.0,-4.0,-4.0,3.2
10.645406007766724,-5.107603652600135,-24.272005290684373,-93.05089577221472,117.3228822235192,5.107603503478408,-8.414088402083794e-7,-8.912103759728286,-26.00736985404076,-88.22786701324034,116.10097561080673,6.357689042303908,-1.17453227919285e-6,12.12890625,-15.1171875,-102.48046875,116.19140625,-14.58984375,0.615234375,0.0,0.0,0.0,0.0,0.0,0.0,6.4,-0.0,0.0,-4.0,-4.0,3.2
10.650406122207642,-5.27427832614743,-24.353129621613796,-92.86544977485396,117.21855994023232,5.27427817713539,-8.972941067854372e-7,-9.060976091702154,-26.079518883833753,-88.01105393360143,115.97746039764726,6.519236246932656,-1.2390364709237003e-6,12.12890625,-15.1171875,-102.48046875,116.19140625,-14.58984375,0.615234375,0.0,0.0,0.0,0.0,0.0,0.0,6.4,-0.0,0.0,-4.0,-4.0,3.2
10.655408143997192,-5.440367082759362,-24.43387497285018,-92.67849802424536,117.11235292583717,5.440366933862302,-9.548038269539745e-7,-9.209063881845752,-26.151317006516468,-87.79296663718534,115.85217228728355,6.680126539580728,-1.305041218962189e-6,12.12890625,-15.1171875,-102.48046875,116.19140625,-14.58984375,0.615234375,0.0,0.0,0.0,0.0,0.0,0.0,6.4,-0.0,0.0,-4.0,-4.8,3.2
