t,q_plan_1,q_plan_2,q_plan_3,q_plan_4,q_plan_5,q_plan_6,q_cmd_1,q_cmd_2,q_cmd_3,q_cmd_4,q_cmd_5,q_cmd_6,q_1,q_2,q_3,q_4,q_5,q_6,dq_1,dq_2,dq_3,dq_4,dq_5,dq_6,load_1,load_2,load_3,load_4,load_5,load_6
0.0,-0.0,-0.0,-0.0,0.0,0.0,-0.0,-0.01215919220444254,-0.017009423013330624,-0.02907149143086358,0.0046524041946262055,0.00040258003240737424,-1.1128810737575625e-10,-0.3515625,-0.791015625,-0.87890625,0.615234375,0.87890625,0.615234375,0.0,0.0,0.0,0.0,0.0,0.0,-0.8,-4.8,-5.6,3.2,5.6,3.2
0.025047779083251953,-0.00011659528898548871,-0.0001945878547038772,-0.0002787684319507885,0.00047335583800820836,0.00011659528742117503,-8.016151318988399e-11,-0.02120016513020433,-0.03060903049487617,-0.05068761218285917,0.014415842470185795,0.0018168674635599975,-7.480564968196274e-10,-0.3515625,-0.791015625,-0.87890625,0.615234375,0.87890625,0.615234375,0.0,0.0,0.0,0.0,0.0,0.0,-0.8,-4.8,-5.6,3.2,5.6,3.2
0.03171491622924805,-0.00023511578893253731,-0.00039238872662416136,-0.0005621398632645727,0.0009545276851878095,0.00023511578577808015,-1.6164664610086663e-10,-0.024174617065459085,-0.035144001587473994,-0.05779924858874479,0.018312476181314336,0.0024469764526102913,-1.0627645732755499e-9,-0.3515625,-0.791015625,-0.87890625,0.615234375,0.87890625,0.615234375,0.0,0.0,0.0,0.0,0.0,0.0,-0.8,-4.8,-4.8,3.2,5.6,3.2
0.03838181495666504,-0.0004152745993234728,-0.0006930588199444652,-0.0009928827304232202,0.001685939952434532,0.00041527459375189485,-2.8550930797242973e-10,-0.02740898336826006,-0.04008896608770118,-0.06553231594019253,0.02284897448042103,0.003207432117919566,-1.4550311286037189e-9,-0.3515625,-0.791015625,-0.87890625,0.615234375,0.87890625,0.615234375,0.0,0.0,0.0,0.0,0.0,0.0,-0.8,-4.8,-4.8,3.2,5.6,3.2
0.04504895210266113,-0.0006693217383071282,-0.0011170423976569386,-0.0016002856811965726,0.002717325503373581,0.0006693217293270983,-4.601716228883021e-10,-0.030911855189351255,-0.04546075764228544,-0.07390735487518524,0.02806801115295634,0.004109244728384106,-1.9326450740323406e-9,-0.3515625,-0.791015625,-0.87890625,0.615234375,0.87890625,0.615234375,0.0,0.0,0.0,0.0,0.0,0.0,-0.8,-4.8,-4.7,3.2,5.6,3.2
0.051715850830078125,-0.0010083048516570596,-0.0016827770631099648,-0.002410762603451278,0.0040935357867098055,0.0010083048381290252,-6.932290607006517e-10,-0.034688631280882544,-0.051286099347689296,-0.08293727330522097,0.03400376988745326,0.005161598286471684,-2.5022531658791603e-9,-0.3515625,-0.791015625,-0.87890625,0.615234375,0.87890625,0.615234375,0.0,0.0,0.0,0.0,0.0,0.0,-0.8,-4.8,-4.7,3.2,5.6,3.2
0.05838298797607422,-0.0014458231786450353,-0.0024129588173043004,-0.0034568280064826997,0.005869781260410875,0.0014458231592469875,-9.940313610751346e-10,-0.03875347066667255,-0.05756838110664372,-0.09265592413209542,0.04071269478724419,0.006378314777573897,-3.1733208122953774e-9,-0.3515625,-0.791015625,-0.87890625,0.615234375,0.87890625,0.615234375,0.0,0.0,0.0,0.0,0.0,0.0,-0.8,-4.8,-4.7,3.2,5.6,3.2
0.06504988670349121,-0.0019933916122429163,-0.003326805060359928,-0.0047660129225115845,0.00809281031250942,0.0019933915854983557,-1.3704952353375295e-9,-0.043113816033245086,-0.0643229823170131,-0.10308110212324559,0.04823396730830623,0.007769592370671414,-3.9530960842333435e-9,-0.3515625,-0.791015625,-0.87890625,0.615234375,0.87890625,0.615234375,0.0,0.0,0.0,0.0,0.0,0.0,-0.8,-4.0,-4.7,3.2,5.6,3.2
0.0717167854309082,-0.0026611261314276064,-0.004441198521111546,-0.0063625037112234415,0.01080369199260042,0.0026611260957243115,-1.8295756144223674e-9,-0.04777465878387377,-0.07157755591407691,-0.11422474125710173,0.05659876689028747,0.009343810231247984,-4.847646850696963e-9,-0.3515625,-0.791015625,-0.87890625,0.615234375,0.87890625,0.615234375,0.0,0.0,0.0,0.0,0.0,0.0,-0.8,-3.9,-4.8,2.4,5.6,3.2
0.0783839225769043,-0.00346273662655197,-0.00577901986802528,-0.008279079438300425,0.014058085982077927,0.0034627365800937782,-2.380698312750758e-9,-0.05275007258947135,-0.07933333399346298,-0.12612049036464384,0.06586368898178091,0.011114852063453967,-5.8664906780508355e-9,-0.3515625,-0.791015625,-0.87890625,0.615234375,0.87890625,0.615234375,0.0,0.0,0.0,0.0,0.0,0.0,-0.8,-3.9,-4.8,2.4,5.6,3.2
0.08505082130432129,-0.0044090303313999765,-0.007358305476803822,-0.010541579189025454,0.017899867700342457,0.004409030272245729,-3.0312935122885253e-9,-0.058046820541352906,-0.0876049494642709,-0.13878451936472072,0.07606508715639004,0.013092215925593783,-7.016392846875469e-9,-0.3515625,-0.791015625,-0.87890625,0.615234375,0.87890625,0.615234375,0.0,0.0,0.0,0.0,0.0,0.0,-0.8,-3.9,-4.8,2.4,5.6,3.2
0.09171795845031738,-0.005509242855825389,-0.009194468813325276,-0.013172084442842893,0.022366532057178815,0.005509242781910018,-3.787710873193903e-9,-0.06366935880384231,-0.09642070940293128,-0.15222748252948937,0.08723115060666835,0.015283499705439355,-8.302865468093437e-9,-0.3515625,-0.791015625,-0.87890625,0.615234375,0.87890625,0.615234375,0.0,0.0,0.0,0.0,0.0,0.0,-0.0,-4.0,-4.0,2.4,5.6,3.2
0.09838485717773438,-0.006777064971062975,-0.011310358637835406,-0.016203328553411556,0.02751366111381093,0.0067770648801377285,-4.65936306512503e-9,-0.06963116731243048,-0.10577898011071196,-0.16648160912406249,0.09941751113782066,0.017702421776738995,-9.735341275585023e-9,-0.3515625,-0.791015625,-0.87890625,0.615234375,0.87890625,0.615234375,0.0,0.0,0.0,0.0,0.0,0.0,-0.0,-4.0,-4.0,2.4,5.6,3.2
0.10505199432373047,-0.00822277712445458,-0.01372313216321178,-0.019659891108896405,0.033382991631723244,0.008222777014132774,-5.653318094194002e-9,-0.07593918245849256,-0.11569499328439656,-0.1815634834115254,0.11265943654864492,0.020358125762190527,-1.132030740621574e-8,-0.3515625,-0.791015625,-0.87890625,0.615234375,0.87890625,0.615234375,0.0,0.0,0.0,0.0,0.0,0.0,0.1,-4.0,-3.9,2.4,5.6,3.2
0.11171889305114746,-0.009854538784595102,-0.01644640686493922,-0.023561280635632797,0.04000764958133916,0.009854538652380585,-6.775185752658156e-9,-0.08259628532599887,-0.12619596682964357,-0.19747999379421163,0.12698006333637013,0.023257025104646924,-1.3062484536863658e-8,-0.3515625,-0.791015625,-0.87890625,0.615234375,0.87890625,0.615234375,0.0,0.0,0.0,0.0,0.0,0.0,0.1,-4.0,-3.9,2.4,5.6,3.2
0.11838579177856445,-0.011686240152509823,-0.019503364335022283,-0.02794070730525795,0.0474440266728524,0.01168623999572008,-8.034515822008546e-9,-0.08961655042859189,-0.13727938251206784,-0.21426479111798916,0.14243638302792022,0.026413125252442195,-1.4971484425980824e-8,-0.3515625,-0.791015625,-0.87890625,0.615234375,0.87890625,0.615234375,0.0,0.0,0.0,0.0,0.0,0.0,-0.0,-4.0,-3.9,2.4,5.6,3.2
0.12505292892456055,-0.013727481978785108,-0.0229100274288988,-0.03282112561455985,0.05573110022154611,0.013727481794608816,-9.437909003709689e-9,-0.09700616205440202,-0.14895960602930955,-0.23193266143742197,0.15906083041059804,0.029834880009356995,-1.705332262694471e-8,-0.3515625,-0.791015625,-0.87890625,0.615234375,0.87890625,0.615234375,0.0,0.0,0.0,0.0,0.0,0.0,-0.0,-4.0,-4.0,1.6,5.6,3.2
0.13171982765197754,-0.015985504539531258,-0.02667847956613081,-0.03821984638660622,0.06489826444219024,0.01598550432505996,-1.0990343127431754e-8,-0.10476720388645851,-0.16126389847002595,-0.2504885866437665,0.17687303319833103,0.03352782229030246,-1.9312107445885425e-8,-0.3515625,-0.791015625,-0.87890625,0.615234375,0.87890625,0.615234375,0.0,0.0,0.0,0.0,0.0,0.0,-0.0,-4.0,-3.2,1.6,5.6,3.2
0.13838696479797363,-0.018474369423567567,-0.03083218837071823,-0.04417048956522156,0.07500260684850166,0.018474369175704133,-1.27014858070845e-8,-0.11291404722197101,-0.17418848729337147,-0.26996692716464477,0.19593085600358034,0.037506157331736636,-2.175758210829334e-8,-0.3515625,-0.791015625,-0.87890625,0.615234375,0.87890625,0.615234375,0.0,0.0,0.0,0.0,0.0,0.0,-0.0,-3.2,-3.2,1.6,5.6,3.2
0.14505386352539062,-0.021202764350371574,-0.035385652925000614,-0.05069382667519949,0.08607939801418413,0.021202764065902328,-1.4577310017610131e-8,-0.12145143286163665,-0.18774577704586923,-0.2903790178111628,0.21626220696513604,0.041777290523554916,-2.4395068036945903e-8,-0.3515625,-0.791015625,-0.87890625,0.615234375,0.87890625,0.615234375,0.0,0.0,0.0,0.0,0.0,0.0,-0.0,-3.2,-3.1,1.6,5.6,3.2
0.15172100067138672,-0.024177424005578943,-0.04035011286002438,-0.057805959720065796,0.09815597954789548,0.02417742368119984,-1.662244598546213e-8,-0.1303818918259641,-0.2019649504942112,-0.31173091001665565,0.2378862085064837,0.0463465086343312,-2.722845453087421e-8,-0.3515625,-0.791015625,-0.87890625,0.615234375,0.87890625,0.615234375,0.0,0.0,0.0,0.0,0.0,0.0,-0.0,-3.1,-3.1,1.6,5.6,3.2
0.1583878993988037,-0.027412078153467995,-0.045748482012186835,-0.06553971528219982,0.11128809181558165,0.0274120777856908,-1.884633318876923e-8,-0.1397185490563987,-0.21683862456480923,-0.33405398428867167,0.2608578979534278,0.05122743715003415,-3.0267133878762426e-8,-0.3515625,-0.791015625,-0.87890625,0.615234375,0.87890625,0.615234375,0.0,0.0,0.0,0.0,0.0,0.0,-0.0,-3.1,-2.3,0.8,4.8,3.2
0.1650547981262207,-0.030915043842217476,-0.05159464084421207,-0.07391497864598495,0.12550950053234702,0.03091504342744234,-2.125468975879626e-8,-0.14946645878276585,-0.2323800244442259,-0.35736032481805113,0.28520478081445827,0.056427295174378195,-3.351626390890673e-8,-0.3515625,-0.791015625,-0.87890625,0.615234375,0.87890625,0.615234375,0.0,0.0,0.0,0.0,0.0,0.0,-0.0,-3.1,-2.3,0.8,4.7,3.2
0.1717219352722168,-0.03469218065045232,-0.05789836850621859,-0.08294575951592457,0.14084399453026644,0.034692180185000816,-2.385154426902435e-8,-0.15962724490562644,-0.2486180222990937,-0.3816538141991676,0.31094242679691775,0.061950496998782995,-3.697913444523665e-8,-0.3515625,-0.791015625,-0.87890625,0.615234375,0.87890625,0.615234375,0.0,0.0,0.0,0.0,0.0,0.0,-0.0,-3.2,-2.3,0.8,4.8,3.2
0.1783888339996338,-0.03875718640184724,-0.06468252552838873,-0.09266480810740185,0.1573471845021976,0.03875718588185714,-2.664631423780031e-8,-0.1702138751289244,-0.26554345413182434,-0.406965456999409,0.33812550365362204,0.06781059412014251,-4.0665094367344297e-8,-0.3515625,-0.791015625,-0.87890625,0.615234375,0.87890625,0.615234375,0.0,0.0,0.0,0.0,0.0,0.0,-0.0,-3.2,-2.3,-0.0,4.8,3.2
0.18505597114562988,-0.043117929355406245,-0.0719602433815835,-0.10309093669185425,0.1750510141601627,0.043117928776909745,-2.9644409245163077e-8,-0.18123128222323837,-0.28316966972738805,-0.4333070470119149,0.3667802525294342,0.07401445166549311,-4.457904038418267e-8,-0.3515625,-0.791015625,-0.87890625,0.615234375,0.87890625,0.615234375,0.0,0.0,0.0,0.0,0.0,0.0,-0.0,-2.4,-2.4,-0.0,4.8,3.2
0.19172286987304688,-0.04777902456997823,-0.07973922421576586,-0.11423517944338835,0.19397421981047308,0.04777902392894562,-3.284900223321013e-8,-0.19267928831921494,-0.3015236971423256,-0.4606781589676959,0.3969163095865501,0.08056509290622453,-4.872333448470778e-8,-0.3515625,-0.791015625,-0.87890625,0.615234375,0.87890625,0.615234375,0.0,0.0,0.0,0.0,0.0,0.0,-0.0,-2.3,-1.6,-0.0,4.8,3.2
0.19838976860046387,-0.05275460014864923,-0.08804304666172327,-0.12613131533521996,0.21417415900276854,0.05275459944086126,-3.626980654569433e-8,-0.2045718904740576,-0.3205965995357398,-0.4891122585215181,0.4285910443800053,0.08747665882795987,-5.310769998258582e-8,-0.3515625,-0.791015625,-0.87890625,0.615234375,0.87890625,0.615234375,0.0,0.0,0.0,0.0,0.0,0.0,-0.0,-2.3,-1.6,-0.0,4.8,3.2
0.20505690574645996,-0.05805179978219491,-0.09688363294611516,-0.1387964242639144,0.2356798338327856,0.05805179900333647,-3.9911733608002736e-8,-0.21691315706774872,-0.3404006483403203,-0.5186190727894437,0.4618275489397624,0.09475525619014398,-5.7736519011325226e-8,-0.3515625,-0.791015625,-0.87890625,0.615234375,0.87890625,0.615234375,0.0,0.0,0.0,0.0,0.0,0.0,-0.0,-2.3,-0.6,-0.0,4.8,3.2
0.21172380447387695,-0.0636744053396045,-0.10626729469422058,-0.15223954832454378,0.25850659800632325,0.06367440448530975,-4.377738352811141e-8,-0.22970219658859914,-0.36096268899309303,-0.5491964702503981,0.4966322958968535,0.10240311307058904,-6.261159998168017e-8,-0.3515625,-0.791015625,-0.87890625,0.615234375,0.87890625,0.615234375,0.0,0.0,0.0,0.0,0.0,0.0,-0.0,-2.4,-0.6,-0.0,4.8,3.2
0.21839094161987305,-0.06963679307796149,-0.11621802468524092,-0.16649505980332444,0.2827128165334809,0.06963679214367169,-4.7876640260439533e-8,-0.24295343984566986,-0.38227314752684427,-0.5808789536192744,0.5330639596606803,0.11043466826373262,-6.774286135867771e-8,-0.3515625,-0.791015625,-0.87890625,0.615234375,0.87890625,0.615234375,0.0,0.0,0.0,0.0,0.0,0.0,-0.0,-1.6,-0.6,-0.0,4.8,3.2
0.22505784034729004,-0.07594486342320882,-0.1267456702400763,-0.18157706606687707,0.308322444079075,0.07594486240428608,-5.2213560461788267e-8,-0.2566690082555328,-0.4043414779840597,-0.6136715950047005,0.5711394172471373,0.1188545882788997,-7.313373246909646e-8,-0.3515625,-0.791015625,-0.87890625,0.615234375,0.87890625,0.615234375,0.0,0.0,0.0,0.0,0.0,0.0,-0.0,-1.6,0.1,-0.0,4.8,3.2
0.23172497749328613,-0.08260249060098349,-0.13785669711958115,-0.19749483002638135,0.33535120930023227,0.08260248949273798,-5.679080773711288e-8,-0.27084928178754275,-0.427197446147635,-0.6475753028778691,0.6108675185993215,0.12766553366382183,-7.878625525520245e-8,-0.3515625,-0.791015625,-0.87890625,0.615234375,0.87890625,0.615234375,0.0,0.0,0.0,0.0,0.0,0.0,-0.0,-1.5,0.1,-0.0,4.8,3.2
0.23839187622070312,-0.0896231546195927,-0.1495736023381779,-0.21428058112104686,0.3638538385987149,0.08962315341715367,-6.161764985248797e-8,-0.28550665537091763,-0.45082695460935834,-0.682619712355364,0.652301366268728,0.13688071870147125,-8.470956792170838e-8,-0.3515625,-0.791015625,-0.87890625,0.615234375,0.87890625,0.615234375,0.0,0.0,0.0,0.0,0.0,0.0,-0.0,-1.5,0.1,-0.0,4.8,3.2
0.24505877494812012,-0.09701280110651891,-0.16190630865438227,-0.23194853479014801,0.39385447014943487,0.09701279980493585,-6.66981745416462e-8,-0.30064415631608277,-0.4752412199447804,-0.7188120614532978,0.695459477207561,0.14650510223767052,-9.090725434216742e-8,-0.3515625,-0.791015625,-0.87890625,0.615234375,0.87890625,0.615234375,0.0,0.0,0.0,0.0,0.0,0.0,-0.0,-0.7,0.0,-0.0,3.9,3.2
0.2517259120941162,-0.10477442472666655,-0.17485981391522898,-0.2505058509974096,0.4253652617516286,0.1047744233209488,-7.20344406945507e-8,-0.3162611814418655,-0.5004692274249385,-0.7561509080218958,0.7403469890054071,0.15654044288991398,-9.738074110969626e-8,-0.3515625,-0.791015625,-0.87890625,0.615234375,0.87890625,0.615234375,0.0,0.0,0.0,0.0,0.0,0.0,-0.0,-0.7,0.0,-0.0,4.0,3.2
0.2583928108215332,-0.11292139148277429,-0.18845642486931408,-0.26998448660538876,0.4584404769650183,0.11292138996775189,-7.763563769624565e-8,-0.33236989941559003,-0.5264953637998706,-0.7946653462067145,0.7870163254925269,0.16699980305899684,-1.0413906871471978e-7,-0.3515625,-0.791015625,-0.87890625,0.615234375,0.87890625,0.615234375,0.0,0.0,0.0,0.0,0.0,0.0,-0.0,-0.7,0.0,-0.0,4.0,3.2
0.2650599479675293,-0.12145939990214122,-0.2027056518854676,-0.29039806625993014,0.4931032507823513,0.12145939827256766,-8.350568339431503e-8,-0.3489734670644683,-0.5533313490022949,-0.8343629236863903,0.8354856582703742,0.17788800710562488,-1.1118570773416223e-7,-0.3515625,-0.791015625,-0.87890625,0.615234375,0.87890625,0.615234375,0.0,0.0,0.0,0.0,0.0,0.0,-0.0,-0.7,0.0,-0.0,4.0,3.2
0.2717268466949463,-0.13038986215022877,-0.2176098517505719,-0.3117499663165862,0.5293593163406284,0.13038986040083866,-8.964554867978919e-8,-0.3660689795072367,-0.5810031614117168,-0.8752366951614872,0.8857524929383065,0.18920502677984372,-1.1852089482638024e-7,-0.3515625,-0.791015625,-0.87890625,0.615234375,0.87890625,0.615234375,0.0,0.0,0.0,0.0,0.0,0.0,-0.0,0.1,0.0,-0.0,4.0,3.2
0.2783939838409424,-0.13972728995215175,-0.23319324332872277,-0.33407488295296695,0.567267588625716,0.139727288077485,-9.606521064397535e-8,-0.3836708102910438,-0.6094977044338062,-0.9173210264390201,0.9378756994493044,0.20096537482839544,-1.2615461040603138e-7,-0.3515625,-0.791015625,-0.87890625,0.615234375,0.87890625,0.615234375,0.0,0.0,0.0,0.0,0.0,0.0,-0.0,0.1,0.0,-0.0,4.0,3.2
0.2850608825683594,-0.1494755394921208,-0.24946226227113238,-0.35738203594488926,0.6068437230498049,0.1494755374866656,-1.0276732048799975e-7,-0.4017791875994048,-0.638822247667926,-0.960616463084435,0.9918641164383468,0.21317171808581895,-1.340889007133776e-7,-0.3515625,-0.791015625,-0.87890625,0.615234375,0.87890625,0.615234375,0.0,0.0,0.0,0.0,0.0,0.0,-0.0,0.1,0.0,-0.8,4.0,3.2
0.29172778129577637,-0.1596363008576409,-0.26641972919349377,-0.3816754661335199,0.6480945810632517,0.1596362987158627,-1.0975304017966564e-7,-0.4203924943179041,-0.6690054879172884,-1.005119138728396,1.0477181302238123,0.22582460566929188,-1.4232434377415037e-7,-0.3515625,-0.791015625,-0.87890625,0.615234375,0.87890625,0.615234375,0.0,0.0,0.0,0.0,0.0,0.0,-0.0,-0.0,0.0,-0.8,3.2,3.2
0.29839491844177246,-0.17022376707638937,-0.2840893310803456,-0.4069891077207008,0.6910777837978236,0.1702237647925632,-1.1703212769963639e-7,-0.4395244230682076,-0.7000322676441508,-1.0508617911487705,1.105494685172975,0.23893812353367708,-1.5087064659234752e-7,-0.3515625,-0.791015625,-0.87890625,0.615234375,0.87890625,0.615234375,0.0,0.0,0.0,0.0,0.0,0.0,-0.0,-0.0,0.0,-1.6,3.2,3.2
0.30506181716918945,-0.18124112793730873,-0.3024763914245383,-0.43333058719348416,0.7358062812211493,0.18124112550566698,-1.246067760894201e-7,-0.45917459121576965,-0.7319091316608722,-1.0978435055021434,1.1652000114716972,0.2525142887334826,-1.5972940560262548e-7,-0.3515625,-0.791015625,-0.87890625,0.615234375,0.87890625,0.615234375,0.0,0.0,0.0,0.0,0.0,0.0,-0.0,-0.0,0.0,-1.6,3.1,3.2
0.31172895431518555,-0.19268989531853223,-0.32158343342512263,-0.460703519311095,0.782286211285687,0.1926898927332868,-1.3247802479443494e-7,-0.4793416625082796,-0.7646658150827399,-1.1460610869342067,1.2268345913450307,0.26655361326540994,-1.6890114747142547e-7,-0.3515625,-0.791015625,-0.87890625,0.615234375,0.87890625,0.615234375,0.0,0.0,0.0,0.0,0.0,0.0,-0.0,-0.0,0.0,-2.4,3.2,3.2
0.31839585304260254,-0.204582983884811,-0.34143201058507494,-0.4891387818291717,0.8305700052003572,0.20458298114000065,-1.406547528961413e-7,-0.5000370378566417,-0.7982825483228659,-1.195541793956717,1.2904484063467527,0.2810686011218263,-1.7839454771594674e-7,-0.3515625,-0.791015625,-0.87890625,0.615234375,0.87890625,0.615234375,0.0,0.0,0.0,0.0,0.0,0.0,-0.0,-0.0,0.0,-3.4,3.2,3.2
0.32506299018859863,-0.2169246202277287,-0.36202917673475227,-0.5186464801329189,0.880674822164458,0.2169246173173354,-1.491398662578885e-7,-0.5212626870879306,-0.8327699722883588,-1.2462903362419915,1.356054187396264,0.29606269810047064,-1.8821211242795228e-7,-0.3515625,-0.791015625,-0.87890625,0.615234375,0.87890625,0.615234375,0.0,0.0,0.0,0.0,0.0,0.0,-0.0,-0.0,0.0,-3.2,3.2,3.2
0.3317298889160156,-0.2297140336296945,-0.3833736456104997,-0.5492247715086548,0.9325975332036184,0.22971403054771058,-1.579328349964467e-7,-0.5430138728946637,-0.868152781673408,-1.298295387330873,1.423641221208606,0.31153380467495395,-1.9835263406553187e-7,-0.3515625,-0.791015625,-0.87890625,0.615234375,0.87890625,0.615234375,0.0,0.0,0.0,0.0,0.0,0.0,-0.0,-0.0,0.8,-5.0,3.2,3.2
0.3383967876434326,-0.24296529804956712,-0.40548890548088556,-0.5809073054758113,0.9863952760516834,0.24296529478979612,-1.6704333523036664e-7,-0.5653040133397318,-0.9044137043308683,-1.3515890285568737,1.493265675372372,0.3274958364916598,-2.0882571169086173e-7,-0.3515625,-0.791015625,-0.87890625,0.615234375,0.87890625,0.615234375,0.0,0.0,0.0,0.0,0.0,0.0,-0.0,-0.0,0.8,-5.0,2.4,3.2
0.3450639247894287,-0.2566817332376204,-0.4283804967334296,-0.6137020192468292,1.0420815282958398,0.2566817297938213,-1.7647364935208184e-7,-0.5881339459614676,-0.9415617883465344,-1.4061732623958199,1.5649362180099025,0.34395126786024866,-2.1963319564040367e-7,-0.3515625,-0.791015625,-0.87890625,0.615234375,0.87890625,0.615234375,0.0,0.0,0.0,0.0,0.0,0.0,-0.0,-0.0,1.8,-4.8,2.3,3.2
0.3517308235168457,-0.2708618799687935,-0.45204598404268614,-0.6476054239510555,1.0996503657456036,0.27086187633474496,-1.8622277411617844e-7,-0.6114983601382415,-0.9796212228734995,-1.4620353916480462,1.6386395520777879,0.36089734743819574,-2.3077342360947096e-7,-0.3515625,-0.791015625,-0.87890625,0.615234375,0.87890625,0.615234375,0.0,0.0,0.0,0.0,0.0,0.0,-0.0,-0.0,2.6,-6.6,2.4,3.2
0.3583979606628418,-0.2855202891284757,-0.47650965162799663,-0.6826523093946537,1.1591608623704894,0.28552028529776086,-1.9630071353740855e-7,-0.6354114113091354,-1.0185752269234856,-1.5192092606445773,1.7144342316754582,0.37834854464721923,-2.4225636109498795e-7,-0.3515625,-0.791015625,-0.87890625,0.615234375,0.87890625,0.615234375,0.0,0.0,0.0,0.0,0.0,0.0,-0.0,-0.0,2.6,-7.4,2.4,3.2
0.3650648593902588,-0.30065818564209645,-0.5017735437881797,-0.7188456042597713,1.22061799114675,0.3006581816082824,-2.0670830977566432e-7,-0.6598709295570814,-1.0584282029147623,-1.577689681316636,1.7923188212396188,0.3963049650528575,-2.5408228050530356e-7,-0.3515625,-0.791015625,-0.87890625,0.615234375,0.87890625,0.615234375,0.0,0.0,0.0,0.0,0.0,0.0,-0.0,-0.0,3.4,-7.2,2.4,3.2
0.3717319965362549,-0.31627560986281994,-0.5278377278693152,-0.7561854050270492,1.2840219159009512,0.316275605619473,-2.1744559057452532e-7,-0.6848745520697452,-1.0992094931993919,-1.6374710044009009,1.8722886725376349,0.41476579667253655,-2.662507719670042e-7,-0.3515625,-0.791015625,-0.87890625,0.615234375,0.87890625,0.615234375,0.0,0.0,0.0,0.0,0.0,0.0,-0.0,-0.0,3.4,-8.0,1.5,3.2
0.3783988952636719,-0.33238486529501277,-0.5547227373984507,-0.7947011282248022,1.3494225866411127,0.3323848608355342,-2.2852101483088316e-7,-0.7104327807093699,-1.140895729126612,-1.698578338867859,1.9543907285459385,0.4337428343942977,-2.7877004077218026e-7,-0.3515625,-0.791015625,-0.87890625,0.615234375,0.87890625,0.615234375,0.0,0.0,0.0,0.0,0.0,0.0,-0.0,-0.0,4.2,-8.8,1.5,3.2
0.38506579399108887,-0.3489882375372936,-0.5824323868498742,-0.8343982385055781,1.416829282485275,0.348988232855054,-2.39936153937934e-7,-0.7365455796289996,-1.183495031305755,-1.7610115990107913,2.0386297553610397,0.45323756987294284,-2.916412523816204e-7,-0.3515625,-0.791015625,-0.966796875,0.703125,0.87890625,0.615234375,0.0,0.0,0.0,0.0,0.0,0.0,0.8,-0.0,4.1,-8.0,1.6,3.2
0.39173293113708496,-0.3660847625745087,-0.6109650673623508,-0.875274430999299,1.4862380897058352,0.3660847576628917,-2.5169034511663996e-7,-0.7632093858212317,-1.2270350776160972,-1.8247622660122118,2.124996699895003,0.47324813143833544,-3.0486327883598623e-7,-0.3515625,-0.791015625,-0.966796875,0.87890625,0.87890625,0.615234375,0.0,0.0,0.0,8.7890625,0.0,0.0,0.8,-0.0,4.9,-8.0,1.6,3.2
0.39839982986450195,-0.3836865050987255,-0.6403409139050327,-0.917358551256406,1.5576979887759625,0.38368649995095283,-2.6379188307582423e-7,-0.7904343724746504,-1.2714914164354543,-1.8898546630146265,2.2135373609670834,0.49378604445523366,-3.1844414554066297e-7,-0.3515625,-0.791015625,-0.966796875,0.966796875,0.87890625,0.615234375,0.0,0.0,-4.39453125,8.7890625,0.0,0.0,0.9,0.8,4.9,-8.0,1.6,3.2
0.40506696701049805,-0.40179593990003093,-0.6705640566970568,-0.9606565162685536,1.6312190268969267,0.40179593450929096,-2.762424692814715e-7,-0.8182211246295725,-1.3168734051001558,-1.9562901887947195,2.30425804738588,0.5148531233260882,-3.323852154494677e-7,-0.3515625,-0.791015625,-0.966796875,1.0546875,0.87890625,0.615234375,0.0,0.0,-4.39453125,8.7890625,0.0,0.0,0.9,0.8,5.8,-7.2,1.6,3.2
0.41173386573791504,-0.42040966697164295,-0.7016288214094565,-1.005160196937496,1.7067874006545969,0.4204096613311698,-2.8903976616324887e-7,-0.8465627331607539,-1.3632034699323525,-2.024052324280175,2.3971382117429263,0.536444785066822,-3.4668354726493267e-7,-0.3515625,-0.791015625,-0.966796875,1.142578125,0.87890625,0.615234375,0.0,0.0,-4.39453125,17.578125,0.0,0.0,1.7,1.8,6.6,-8.0,0.7,3.2
0.41840100288391113,-0.439542160620955,-0.7335593644592581,-1.0509041999785702,1.7844618731256419,0.4395421547237887,-3.0219372508705735e-7,-0.8754730857600157,-1.4104627731703256,-2.0931742736433576,2.492235743197053,0.5585753609684133,-3.6134902259629964e-7,-0.3515625,-0.791015625,-0.966796875,1.23046875,0.87890625,0.615234375,0.0,0.0,0.0,17.578125,0.0,0.0,1.7,1.8,6.6,-8.0,0.7,3.2
0.4250679016113281,-0.4591927556533341,-0.7663545756918596,-1.0978869349736184,1.8642397437398603,0.4591927494925234,-3.1570388871873877e-7,-0.9049483180597995,-1.4586536144529731,-2.1636467975428317,2.589541878302075,0.5812431258750361,-3.7638064428326623e-7,-0.3515625,-0.791015625,-0.966796875,1.40625,0.87890625,0.615234375,0.0,0.0,0.0,17.578125,0.0,0.0,1.7,2.6,7.4,-6.4,0.8,3.2
0.4317348003387451,-0.47935952788411784,-0.8000112438028526,-1.1461038013770628,1.9461132006546706,0.47935952145273736,-3.295689341441723e-7,-0.9349841612231541,-1.5078028836483965,-2.2354596895886694,2.6890441438205555,0.6044453313582302,-3.91776666665848e-7,-0.3515625,-0.791015625,-0.966796875,1.494140625,0.87890625,0.615234375,0.0,0.0,0.0,17.578125,0.0,0.0,2.5,3.4,8.2,-7.2,-0.1,3.2
0.4384019374847412,-0.500056208548637,-0.8345522850836993,-1.1955876292884313,2.030137990208227,0.5000562018395772,-3.437983018528639e-7,-0.9655933458700455,-1.5578894748484617,-2.3086433875026398,2.7907966692557724,0.6281954375560481,-4.0754639582407885e-7,-0.3515625,-0.791015625,-0.966796875,1.58203125,0.87890625,0.615234375,0.0,0.0,0.0,17.578125,0.0,0.0,2.5,3.4,8.2,-8.0,-0.1,3.2
0.4450688362121582,-0.5212815249323037,-0.869975575479444,-1.2463353757661688,2.1163089454089152,0.521281517938472,-3.5839111682895186e-7,-0.9967714693628856,-1.6089149933290467,-2.383187364990005,2.8947883477619314,0.6524911329632042,-4.236884275915637e-7,-0.3515625,-0.791015625,-0.966796875,1.669921875,0.87890625,0.615234375,0.0,0.0,0.0,17.578125,0.0,0.0,2.5,4.2,9.0,-7.2,-0.0,3.2
0.4517359733581543,-0.5430339167988962,-0.9062785110854026,-1.2983433104313835,2.204619731979163,0.5430339095132212,-3.733463063798986e-7,-1.0285151104641195,-1.6609078270241655,-2.4590834421917256,3.0010090627799104,0.6773301851767665,-4.4020134346342235e-7,-0.3515625,-0.791015625,-0.966796875,1.845703125,0.87890625,0.615234375,0.0,0.0,0.0,13.18359375,0.0,0.0,3.3,4.1,9.8,-7.2,-0.0,3.2
0.4584028720855713,-0.5653246445282907,-0.9434798845404735,-1.351638355799285,2.295116065029751,0.5653246369435495,-3.886716122343603e-7,-1.0608333878549878,-1.7138406336353356,-2.5363534210218672,3.1095008598258067,0.7027232293650026,-4.57092571941293e-7,-0.3515625,-0.791015625,-1.0546875,1.93359375,0.87890625,0.615234375,0.0,0.0,0.0,13.18359375,0.0,0.0,3.3,4.1,9.0,-7.2,-0.0,3.2
0.4650709629058838,-0.5881583233428056,-0.9815873982674373,-1.4062315464348216,2.387816681530647,0.5881583154517139,-4.0437020744682303e-7,-1.0937307332004789,-1.7677297058969996,-2.615007897176967,3.220281826507394,0.7286747541599476,-4.7436521742066837e-7,-0.3515625,-0.791015625,-1.0546875,2.021484375,0.87890625,0.615234375,0.0,0.0,0.0,13.18359375,0.0,0.0,3.3,4.9,9.7,-6.4,-0.0,3.2
0.4717378616333008,-0.6115232524183392,-1.0205815245625585,-1.4620949067618285,2.4826740782469763,0.6115232442137692,-4.2043404747471806e-7,-1.1271893931624277,-1.8225799343231501,-2.6950044240857682,3.33329316007094,0.7551710908830254,-4.920102356167476e-7,-0.3515625,-0.791015625,-1.0546875,2.109375,0.87890625,0.615234375,0.0,0.0,0.0,17.578125,0.0,0.0,4.1,4.9,10.5,-5.6,-0.0,3.2
0.4784049987792969,-0.6354369937459151,-1.060491572930427,-1.5192704258584433,2.5797595536938878,0.6354369852205037,-4.368752065260802e-7,-1.1612275931412992,-1.8783786529672757,-2.776386576976339,3.448607518986073,0.7822300431705151,-5.100398249962235e-7,-0.3515625,-0.791015625,-1.0546875,2.197265625,0.87890625,0.615234375,0.0,0.0,-4.39453125,17.578125,0.0,0.0,4.1,5.7,11.3,-7.2,-0.0,3.2
0.48507189750671387,-0.6598970322092826,-1.1013133458508868,-1.5777520903169242,2.6790628969531634,0.6598970233557007,-4.536919554099082e-7,-1.1958398284271103,-1.9351261460655722,-2.8591411946019125,3.5662090003123352,0.8098480996987734,-5.284517486698758e-7,-0.3515625,-0.791015625,-1.0546875,2.28515625,0.87890625,0.615234375,0.0,0.0,-4.39453125,17.578125,0.0,0.0,4.1,6.5,12.2,-8.2,-0.0,3.2
0.49173879623413086,-0.6849002751306202,-1.1430416819014844,-1.6375325058338275,2.7805715523108043,0.6849002659415794,-4.708821678504651e-7,-1.231021032574171,-1.9928479792400644,-2.9432561635646577,3.68608108787907,0.8380214660352137,-5.472435199836535e-7,-0.3515625,-0.791015625,-1.142578125,2.4609375,0.87890625,0.615234375,0.0,0.0,-4.39453125,13.18359375,0.0,0.0,4.9,6.6,12.2,-8.0,-0.0,3.2
0.49840593338012695,-0.7104601052980015,-1.1856989158441456,-1.6986436694038767,2.884339851471966,0.7104600957660345,-4.884550447730373e-7,-1.2667833894144938,-2.05152145693022,-3.028760614267483,3.808276122630616,0.8667631885814148,-5.664241722289376e-7,-0.3515625,-0.791015625,-1.23046875,2.548828125,0.87890625,0.615234375,0.0,0.0,-4.39453125,13.18359375,0.0,0.0,4.9,7.4,12.2,-8.0,-0.0,3.2
0.505072832107544,-0.736573431155594,-1.2292798881289229,-1.7610781894061986,2.9903552432777234,0.7365734212732746,-5.064084606732772e-7,-1.3031208925325823,-2.111146185945789,-3.115640185932657,3.9327759949097874,0.8960692025853263,-5.859910838176753e-7,-0.3515625,-0.791015625,-1.318359375,2.63671875,0.87890625,0.615234375,0.0,0.0,-4.39453125,13.18359375,0.0,0.0,5.7,8.2,11.2,-7.2,-0.0,3.2
0.5117437839508057,-0.7632531483725838,-1.2738061205567723,-1.8248668981798128,3.09867008181843,0.763253138132313,-5.247512815728273e-7,-1.3400508134758018,-2.1717844226482392,-3.2039361732146916,4.059640602983678,0.9259536902002431,-6.05953765559229e-7,-0.3515625,-0.791015625,-1.40625,2.8125,0.87890625,0.615234375,0.0,0.0,-4.39453125,17.578125,0.0,0.0,5.7,9.1,11.2,-8.0,-0.0,3.2
0.518413782119751,-0.7904920360194962,-1.3192655619960598,-1.8899925311576473,3.209255051423166,0.7904920254137718,-5.43478542943203e-7,-1.3775566237038501,-2.233365854738528,-3.293609057919477,4.188823977625358,0.9564065613722708,-6.263058052696511e-7,-0.3515625,-0.791015625,-1.494140625,2.900390625,0.87890625,0.615234375,0.0,0.0,-13.18359375,17.578125,0.0,0.0,5.7,9.1,11.2,-8.0,-0.0,3.2
0.5250809192657471,-0.8182798440956577,-1.3656411060468687,-1.9564305815466732,3.3220685389384266,0.818279833117115,-5.625831977109648e-7,-1.4156230077073841,-2.295875779687164,-3.3846222220964832,4.320275025060811,0.9874159139863776,-6.470393162115751e-7,-0.439453125,-0.791015625,-1.494140625,3.076171875,0.87890625,0.615234375,-4.39453125,0.0,-13.18359375,17.578125,0.0,0.0,5.7,9.9,12.1,-6.4,-0.0,3.2
0.5317478179931641,-0.8466225115624407,-1.412942664342531,-2.0241952488481205,3.4371346554759206,0.8466225002036355,-5.82069329026766e-7,-1.4542578323454427,-2.3593599587829672,-3.4769944746699615,4.454020981378541,1.018988210505472,-6.681586408364087e-7,-0.52734375,-0.87890625,-1.669921875,3.251953125,0.87890625,0.615234375,-4.39453125,0.0,-13.18359375,21.97265625,0.0,0.0,4.9,9.7,11.3,-7.2,-0.0,3.2
0.5384149551391602,-0.8755342804621109,-1.4611940056688626,-2.093320584453127,3.554511221157801,0.8755342687154076,-6.019467285697461e-7,-1.4934743835473048,-2.4237974063728682,-3.5707575810543153,4.590118111126804,1.0511374315657989,-6.896734410209102e-7,-0.615234375,-0.87890625,-1.669921875,3.33984375,0.87890625,0.615234375,-4.39453125,0.0,-13.18359375,21.97265625,0.0,0.0,4.7,9.7,12.1,-8.0,-0.0,3.2
0.5450818538665771,-0.9050105780513726,-1.5103874984970451,-2.163795655360117,3.6741796714712684,0.9050105659091975,-6.222122524905679e-7,-1.5332653203522366,-2.4891867015390914,-3.665893989698959,4.728542542390489,1.0838580740175863,-7.115800982739685e-7,-0.703125,-0.966796875,-1.845703125,3.515625,0.87890625,0.615234375,-13.18359375,-8.7890625,-13.18359375,21.97265625,0.0,0.0,3.9,9.7,12.0,-6.4,-0.0,3.2
0.5517489910125732,-0.9350485710937098,-1.5605184143906183,-2.235613687565545,3.796128503987219,0.9350485585485264,-6.428639528844031e-7,-1.5736265529782891,-2.555553726617641,-3.762393922317729,4.869280147566919,1.1171468352794693,-7.33876422344551e-7,-0.703125,-1.0546875,-1.93359375,3.603515625,0.87890625,0.615234375,-13.18359375,-8.7890625,-13.18359375,21.97265625,0.0,0.0,4.7,9.6,12.0,-7.2,-0.0,3.2
0.5584158897399902,-0.9656581007077576,-1.611603177359332,-2.308798210263725,3.9203976718718496,0.9656580877518981,-6.639085957103926e-7,-1.6145654273986607,-2.622867776760507,-3.8602749424455456,5.012366520114853,1.151012809762454,-7.565688038205854e-7,-0.703125,-1.0546875,-1.93359375,3.69140625,0.87890625,0.615234375,-13.18359375,-8.7890625,-13.18359375,21.97265625,0.0,0.0,4.8,9.6,12.8,-8.0,-0.0,3.2
0.5650827884674072,-0.9968372969391996,-1.6636386666047218,-2.3833447525687643,4.046979583447998,0.996837283565021,-6.853448953388262e-7,-1.6560784958953894,-2.691133946035761,-3.9595288069111936,5.157790926612312,1.1854535717752457,-7.796556719767298e-7,-0.703125,-1.142578125,-2.109375,3.8671875,0.87890625,0.615234375,0.0,-8.7890625,-13.18359375,21.97265625,0.0,0.0,4.8,9.6,12.0,-6.4,-0.0,3.2
0.5717499256134033,-1.028582012645535,-1.7166179608903516,-2.459243399050785,4.175857402065309,1.0285819988454499,-7.07170000529133e-7,-1.6981600935336818,-2.7603752970875863,-4.060141971385367,5.305533439013065,1.2204644245948335,-8.031338927733577e-7,-0.703125,-1.23046875,-2.197265625,4.04296875,0.87890625,0.615234375,0.0,-8.7890625,-13.18359375,17.578125,0.0,0.0,5.6,9.6,12.0,-7.2,-0.0,3.2
0.5784168243408203,-1.0609017254563775,-1.770556877592981,-2.536516809835845,4.307069605190128,1.0609017112226713,-7.293904273347312e-7,-1.7408171389781537,-2.8305605390625606,-4.162130977748127,5.45562804833307,1.2560540767440695,-8.270095954087958e-7,-0.703125,-1.318359375,-2.197265625,4.130859375,0.87890625,0.615234375,0.0,-8.7890625,-13.18359375,17.578125,0.0,0.0,5.7,8.8,12.8,-8.0,-0.8,3.2
0.5850839614868164,-1.0937954043456735,-1.8254536960157466,-2.615162519837069,4.440612007042688,1.0937953896706454,-7.520054669052943e-7,-1.78404747814812,-2.9016969870501117,-4.265490675794007,5.608068261817693,1.2922210862223826,-8.512818592840349e-7,-0.703125,-1.40625,-2.373046875,4.21875,0.87890625,0.615234375,0.0,-13.18359375,-13.18359375,17.578125,0.0,0.0,6.5,8.8,12.0,-7.2,-0.9,3.2
0.5917508602142334,-1.127255070132003,-1.8812950995674882,-2.6951614515779,4.576452213585972,1.1272550550080598,-7.75009633399481e-7,-1.8278406097460687,-2.973799453982216,-4.37019595790274,5.762816763728473,1.3289566075135968,-8.759447554831514e-7,-0.703125,-1.494140625,-2.4609375,4.39453125,0.87890625,0.615234375,0.0,-13.18359375,-13.18359375,17.578125,0.0,0.0,6.5,8.7,12.0,-5.4,-0.8,3.2
0.5984179973602295,-1.1612946128447805,-1.938104269553805,-2.776546814819668,4.714646615833463,1.161294597264142,-7.984124764807958e-7,-1.8722092821997012,-3.04684643829328,-4.47627730437272,5.919928042249591,1.3662742087150428,-9.010076731008409e-7,-0.703125,-1.58203125,-2.548828125,4.482421875,0.87890625,0.615234375,0.0,-13.18359375,-13.18359375,17.578125,0.0,0.0,6.5,7.9,12.0,-6.2,-1.6,3.2
0.6050848960876465,-1.1959078562100176,-1.9958708982863171,-2.859303842668873,4.855170139227045,1.1959078401649865,-8.222097498415781e-7,-1.9171448027168867,-3.1208345704659197,-4.583713931550919,6.079372168388119,1.404166861352016,-9.26465930706353e-7,-0.703125,-1.669921875,-2.63671875,4.5703125,0.87890625,0.615234375,0.0,-13.18359375,-13.18359375,17.578125,0.0,0.0,6.5,7.1,11.9,-9.1,-1.7,3.2
0.6117517948150635,-1.2310900691508115,-2.0545870899905645,-2.943421223563091,4.998003576448042,1.2310900526337545,-8.463982007750782e-7,-1.9626411296344008,-3.1957856667608393,-4.692491394385584,6.241127233996714,1.4426293529750818,-9.523160275093395e-7,-0.703125,-1.845703125,-2.8125,4.658203125,0.87890625,0.615234375,0.0,-13.18359375,-17.578125,17.578125,0.0,0.0,7.3,6.1,11.1,-9.8,-2.5,3.2
0.6184189319610596,-1.2668537719017725,-2.114273739898374,-3.0289288922123827,5.14319775739016,1.266853754904888,-8.709864371844162e-7,-2.00870921197688,-3.271675520428821,-4.802635870970664,6.405241376194942,1.481673744855176,-9.785663414017223e-7,-0.703125,-1.93359375,-2.98828125,4.833984375,0.87890625,0.615234375,0.0,-13.18359375,-17.578125,17.578125,0.0,0.0,8.2,6.1,10.3,-10.6,-2.5,3.2
0.6250858306884766,-1.3031922848993873,-2.174919700372942,-3.1158108784050595,5.290725564230614,1.3031922674149627,-8.959698667406618e-7,-2.0553399399106267,-3.3485001223433204,-4.91412558054574,6.571682778423664,1.521292532130715,-1.00521185853255e-6,-0.703125,-2.021484375,-3.1640625,5.009765625,0.87890625,0.615234375,0.0,-17.578125,-17.578125,17.578125,0.0,0.0,8.2,6.1,9.5,-8.8,-2.4,3.2
0.6317529678344727,-1.340101967968773,-2.2365188962646867,-3.2040584788234074,5.440572218516112,1.3401019499891456,-9.213459867532743e-7,-2.1025288301168334,-3.4262834978865064,-5.026949803914828,6.740434826826425,1.561481743649262,-1.032249904429821e-6,-0.703125,-2.109375,-3.33984375,5.2734375,0.87890625,0.615234375,0.0,-17.578125,-26.3671875,21.97265625,0.0,0.0,9.0,6.5,9.5,-8.8,-4.1,3.2
0.6384198665618896,-1.3775911446763018,-2.299085218914657,-3.2936915943362006,5.592771512424452,1.3775911261936966,-9.471205198349023e-7,-2.15028147426398,-3.504992909051964,-5.141121910234329,6.911526481213963,1.6022488726403554,-1.0596857834287772e-6,-0.703125,-2.109375,-3.427734375,5.361328125,0.87890625,0.615234375,0.0,-17.578125,-26.3671875,21.97265625,0.0,0.0,8.9,7.3,9.5,-10.4,-4.1,3.2
0.6450867652893066,-1.4156566302362361,-2.3626133531799356,-3.3847026104185827,5.747310516300112,1.4156566112429214,-9.732912763838378e-7,-2.1985934467280455,-3.5846321121090248,-5.256631318251092,7.084942298657715,1.6435902880618234,-1.0875170764669393e-6,-0.703125,-2.197265625,-3.603515625,5.537109375,0.87890625,0.615234375,0.0,-8.7890625,-26.3671875,21.97265625,0.0,0.0,9.7,7.3,8.7,-8.8,-4.1,3.2
0.6517539024353027,-1.4542932987639043,-2.4270947443846818,-3.4770792715596768,5.904168419976099,1.4542932792522165,-9.998547322553638e-7,-2.2474585068316077,-3.6652218253987527,-5.37346310708903,7.2606591408727645,1.6855004478995805,-1.1157400445711723e-6,-0.615234375,-2.28515625,-3.603515625,5.712890625,0.87890625,0.615234375,0.0,-8.7890625,-13.18359375,26.3671875,0.0,0.0,11.3,7.2,9.5,-9.6,-4.9,3.2
0.6584317684173584,-1.4935741293451812,-2.4926511885627,-3.570996063928792,6.0636415053747115,1.4935741093064776,-1.0268610619805943e-6,-2.296963621297457,-3.746863673024275,-5.491825206049192,7.4389993162023735,1.728056858646616,-1.1444071605582095e-6,-0.615234375,-2.373046875,-3.69140625,5.80078125,0.87890625,0.615234375,0.0,-8.7890625,-13.18359375,26.3671875,0.0,0.0,11.5,7.2,9.5,-11.2,-4.8,3.2
0.6650989055633545,-1.533367803678149,-2.55906352637337,-3.6661390177469553,6.225196643881655,1.533367783105549,-1.0542199816905762e-6,-2.346943101577249,-3.8292963801740614,-5.611321469307709,7.619366044117785,1.771117141093498,-1.1734225292030104e-6,-0.703125,-2.4609375,-3.8671875,5.9765625,0.87890625,0.615234375,0.0,-13.18359375,-13.18359375,26.3671875,0.0,0.0,11.5,7.2,9.6,-9.8,-4.8,3.2
0.6717658042907715,-1.5737289070120286,-2.6264228560646283,-3.762638641240231,6.389055441760892,1.5737288858979193,-1.0819690197984515e-6,-2.3974662239321316,-3.912663595966811,-5.732117529926262,7.802007763790449,1.8147405268814043,-1.2028260308231006e-6,-0.87890625,-2.548828125,-3.955078125,6.240234375,0.87890625,0.615234375,0.0,-13.18359375,-13.18359375,21.97265625,0.0,0.0,10.7,7.2,9.6,-9.6,-5.7,3.2
0.6784329414367676,-1.6146709938621329,-2.6947517989969043,-3.860527341987112,6.555272927899188,1.6146709721987198,-1.1101174952953003e-6,-2.448545151450842,-3.9969442454293485,-5.854242468712519,7.986977139244448,1.8589401683051112,-1.2326267831064501e-6,-0.87890625,-2.63671875,-3.955078125,6.328125,0.87890625,0.615234375,0.0,-13.18359375,-17.578125,21.97265625,0.0,0.0,10.3,7.2,10.4,-11.2,-6.5,3.2
0.6850998401641846,-1.6561853815136989,-2.7640358644403094,-3.959784360428608,6.723813852041074,1.6561853592933031,-1.1386594386470178e-6,-2.500169062201872,-4.082132904189487,-5.977670411440318,8.174234733614458,1.9037066452547415,-1.2628184392495813e-6,-0.966796875,-2.724609375,-4.04296875,6.50390625,0.87890625,0.615234375,-13.18359375,-13.18359375,-17.578125,21.97265625,0.0,0.0,9.5,7.2,11.3,-9.6,-6.5,3.2
0.6917669773101807,-1.6982682967319445,-2.8342687551793397,-4.060400675113229,6.8946628955340765,1.6982682739469386,-1.1675922556818124e-6,-2.5523336054417998,-4.168251099916967,-6.102390955889019,8.363763910149894,1.9490359445576417,-1.2933982798569525e-6,-1.0546875,-2.900390625,-4.21875,6.767578125,0.87890625,0.615234375,-13.18359375,-13.18359375,-13.18359375,30.76171875,0.0,0.0,9.5,6.3,10.5,-9.6,-7.3,3.2
0.6984338760375977,-1.7409270961908148,-2.9054627488918787,-4.16239387516038,7.067849925147176,1.7409270728334723,-1.1969210042551141e-6,-2.6050432449282157,-4.255265532717833,-6.228414774485569,8.555589386592782,1.9949345367176674,-1.3243709159224638e-6,-1.142578125,-2.900390625,-4.306640625,6.943359375,0.966796875,0.615234375,-13.18359375,-13.18359375,-13.18359375,30.76171875,0.0,0.0,8.6,7.1,10.5,-10.4,-6.3,3.2
0.7051007747650146,-1.784157192777968,-2.9776101900683614,-4.265752993213441,7.243356318031838,1.7841571688406244,-1.2266425306385889e-6,-2.6582924295480272,-4.343179452764192,-6.355728595037704,8.749690528312872,2.0413974750913217,-1.3557330081259948e-6,-1.23046875,-2.98828125,-4.39453125,7.119140625,1.142578125,0.615234375,-13.18359375,-13.18359375,-13.18359375,30.76171875,0.0,0.0,8.6,7.1,11.2,-8.8,-4.7,3.2
0.7117679119110107,-1.8279531912160123,-3.0507020744388704,-4.370465129668735,7.421160170335225,1.8279531666910747,-1.2567531254748207e-6,-2.712074910992126,-4.432010744375077,-6.484317478422691,8.946043608192348,2.088419036920177,-1.3874806775535385e-6,-1.318359375,-3.076171875,-4.482421875,7.294921875,1.23046875,0.615234375,-13.18359375,-13.18359375,-13.18359375,26.3671875,13.18359375,0.0,8.6,7.3,11.2,-9.4,-4.6,3.2
0.7184388637542725,-1.8723491843143891,-3.1247953000711384,-4.476611797245268,7.601399892712896,1.872349159193808,-1.2872762282287962e-6,-2.766427881485818,-4.521780632186393,-6.61427034777301,9.144793024180698,2.136034365606849,-1.4196378998540035e-6,-1.40625,-3.1640625,-4.5703125,7.470703125,1.318359375,0.615234375,-13.18359375,-13.18359375,-13.18359375,26.3671875,13.18359375,0.0,7.9,6.5,11.2,-11.0,-4.8,3.2
0.7251088619232178,-1.9173073201339657,-3.1998266952221526,-4.584102495496497,7.783921813120941,1.9173072944101985,-1.3181858149612593e-6,-2.8213051169368155,-4.612425525190853,-6.74547668560689,9.34576932998268,2.1842028564185307,-1.4521772508176474e-6,-1.494140625,-3.1640625,-4.658203125,7.646484375,1.318359375,0.615234375,-8.7890625,-8.7890625,-13.18359375,26.3671875,13.18359375,0.0,7.9,7.3,12.1,-9.8,-4.8,3.2
0.731787919998169,-1.9628888617555906,-3.275898502886281,-4.693083698719393,7.96897464861497,1.9628888354202734,-1.349524005223577e-6,-2.8767815849514475,-4.704096659375654,-6.878115732460077,9.54924653137416,2.2329901625952653,-1.485143075771716e-6,-1.58203125,-3.251953125,-4.74609375,7.91015625,1.40625,0.615234375,-8.7890625,-8.7890625,-13.18359375,26.3671875,8.7890625,0.0,7.9,7.2,12.1,-9.6,-4.9,3.2
0.7384548187255859,-2.00895895468802,-3.3527856621165775,-4.803232982437014,8.156010914289995,2.0089589277345987,-1.3811980839483336e-6,-2.9326887018961116,-4.796474972596255,-7.011784420630598,9.754614566500692,2.282250550779354,-1.5184371391317232e-6,-1.669921875,-3.33984375,-4.833984375,8.0859375,1.40625,0.615234375,-8.7890625,-8.7890625,-13.18359375,26.3671875,8.7890625,0.0,7.1,7.2,12.9,-10.4,-4.7,3.2
0.745121955871582,-2.055594086454554,-3.4306158242375515,-4.914733221164438,8.345341135691294,2.0555940588754473,-1.413260637785138e-6,-2.989120275048809,-4.8897302087560695,-7.146707034547287,9.962215957058469,2.3320660647073392,-1.5521148450327737e-6,-1.7578125,-3.427734375,-4.921875,8.26171875,1.494140625,0.615234375,-17.578125,-13.18359375,-13.18359375,26.3671875,8.7890625,0.0,7.1,8.0,13.0,-11.4,-4.7,3.2
0.751788854598999,-2.102784018911735,-3.5093719026379966,-5.027559936458133,8.536923747803517,2.102783990699499,-1.445704627812615e-6,-3.046064298947594,-4.983867358972854,-7.282854870273378,10.172005627514277,2.3824258458609076,-1.586168836509241e-6,-1.93359375,-3.427734375,-5.09765625,8.525390625,1.494140625,0.615234375,-17.578125,-13.18359375,-13.18359375,30.76171875,8.7890625,0.0,6.3,9.0,13.0,-10.4,-5.7,3.2
0.7584559917449951,-2.1505419971198085,-3.589076002223531,-5.141744796018468,8.73081252318169,2.1505419682668223,-1.4785391602655102e-6,-3.1035323576156633,-5.078866719889838,-7.420255624124998,10.384034488789382,2.433342650837363,-1.6206079747643334e-6,-1.93359375,-3.515625,-5.185546875,8.701171875,1.494140625,0.615234375,-17.578125,-13.18359375,-17.578125,30.76171875,8.7890625,0.0,6.3,9.0,13.0,-11.2,-5.6,3.2
0.7651228904724121,-2.198856689520192,-3.669709211563906,-5.2572607071486,8.92696145774232,2.1988566600189867,-1.5117564444784305e-6,-3.1615114411567893,-5.174721195313784,-7.558878190656953,10.598253166524152,2.4848045510383923,-1.655424162598001e-6,-2.021484375,-3.603515625,-5.2734375,8.96484375,1.58203125,0.615234375,-13.18359375,-8.7890625,-17.578125,30.76171875,8.7890625,0.0,6.3,9.0,13.6,-8.8,-4.8,3.2
0.7718029022216797,-2.2478192445748864,-3.751423649872808,-5.374325597296948,9.125740597796788,2.2478192144167686,-1.5454191467795135e-6,-3.2201109423290575,-5.271636199311387,-7.698984117723395,10.815065650196697,2.53690859945179,-1.6906830637033938e-6,-2.109375,-3.69140625,-5.44921875,9.140625,1.58203125,0.615234375,-13.18359375,-8.7890625,-17.578125,35.15625,4.39453125,0.0,6.3,8.8,12.8,-8.6,-5.6,3.2
0.7784698009490967,-2.297247410436626,-3.833915153952192,-5.492503719340932,9.326410033725752,2.2972473796153503,-1.579401965503611e-6,-3.279108324377244,-5.369204605086358,-7.8400413407542615,11.033656903209657,2.5894594672328637,-1.7262527352604892e-6,-2.197265625,-3.779296875,-5.537109375,9.404296875,1.669921875,0.615234375,-13.18359375,-8.7890625,-17.578125,35.15625,4.39453125,0.0,5.6,8.8,13.6,-10.2,-5.6,3.2
0.7851369380950928,-2.3472297242298907,-3.9173314849102785,-5.612006757265172,9.529329210281372,2.347229692738021,-1.613765771633877e-6,-3.338610597299695,-5.467619332338399,-7.982305710648007,11.25442067381286,2.642551655986739,-1.7621970751880618e-6,-2.197265625,-3.8671875,-5.712890625,9.580078125,1.7578125,0.615234375,-8.7890625,-13.18359375,-17.578125,35.15625,4.39453125,0.0,6.4,8.8,12.9,-9.1,-4.8,3.2
0.7918119430541992,-2.3978173627540724,-4.001758052575298,-5.7329570700109524,9.734705896036239,2.397817330583489,-1.6485457502083632e-6,-3.398678813384635,-5.5670037338559055,-8.125923197716151,11.477583072110713,2.6962395316349173,-1.7985528869738497e-6,-2.197265625,-3.955078125,-5.80078125,9.755859375,1.7578125,0.615234375,-8.7890625,-13.18359375,-17.578125,30.76171875,8.7890625,0.0,7.2,8.8,13.7,-8.6,-5.6,3.2
0.7984788417816162,-2.448899000544979,-4.087009063992493,-5.855088488804567,9.942088129690257,2.448898967689053,-1.6836653628202095e-6,-3.459176447791998,-5.6670939756799505,-8.270567383833923,11.702645129154915,2.750403585633448,-1.8352394762052681e-6,-2.28515625,-4.04296875,-5.888671875,9.931640625,1.845703125,0.615234375,-8.7890625,-13.18359375,-17.578125,30.76171875,8.7890625,0.0,6.5,8.8,13.7,-11.0,-5.6,3.2
0.8051469326019287,-2.5005355676852155,-4.173186206409815,-5.97854669177533,10.151723276386242,2.500535534136502,-1.7191665000780583e-6,-3.5201769512431715,-5.7680281524595305,-8.41641388280704,11.929877437616371,2.805108785688519,-1.8723007822226394e-6,-2.28515625,-4.130859375,-6.064453125,10.1953125,1.93359375,0.615234375,-4.39453125,-13.18359375,-17.578125,30.76171875,8.7890625,0.0,7.3,8.8,13.6,-9.9,-4.8,3.2
0.811816930770874,-2.5527260400545004,-4.260287770655562,-6.103329230347426,10.363607178380615,2.5527260058055665,-1.7550484578794358e-6,-3.5816793934961795,-5.869825461133599,-8.563460470513931,12.159275841043971,2.860354100348946,-1.9097360947764217e-6,-2.373046875,-4.21875,-6.240234375,10.37109375,2.021484375,0.615234375,-4.39453125,-13.18359375,-21.97265625,26.3671875,8.7890625,0.0,7.3,8.8,12.8,-10.2,-4.8,3.2
0.818483829498291,-2.605440540025873,-4.3482638934515165,-6.229364669908955,10.577618537898225,2.60544050506969,-1.7912906947787263e-6,-3.6436443539172814,-5.972383850217165,-8.71161289590595,12.390701364592259,2.9161065798202994,-1.947523313719069e-6,-2.4609375,-4.306640625,-6.328125,10.546875,2.021484375,0.615234375,-4.39453125,-13.18359375,-21.97265625,26.3671875,8.7890625,0.0,6.4,8.8,13.6,-11.0,-5.6,3.2
0.8251519203186035,-2.6587029197473733,-4.4371543820519594,-6.356710038715219,10.793854190356875,2.6587028840765896,-1.8279096095884064e-6,-3.706101091295315,-6.075768423774013,-8.860941114010913,12.62426075368242,2.972391793697498,-1.985679707646812e-6,-2.4609375,-4.39453125,-6.50390625,10.72265625,2.109375,0.615234375,-8.7890625,-13.18359375,-21.97265625,26.3671875,8.7890625,0.0,7.2,8.8,13.6,-10.7,-4.8,3.2
0.8318197727203369,-2.712494891301702,-4.5269287154416356,-6.485321612066248,11.012239890111708,2.7124948549092123,-1.864892629012106e-6,-3.7690285215747616,-6.179963943492602,-9.011394714823869,12.859874319139495,3.029190496697052,-2.0241922139209913e-6,-2.4609375,-4.5703125,-6.591796875,10.986328125,2.197265625,0.615234375,-8.7890625,-13.18359375,-17.578125,30.76171875,8.7890625,0.0,8.0,8.0,13.6,-7.6,-3.9,3.2
0.8384897708892822,-2.7668450202954724,-4.6176345672457595,-6.615267687655994,11.232891608371975,2.766844983173788,-1.90225939245611e-6,-3.8324558310901065,-6.284982883772082,-9.163043480141056,13.097659494214843,3.0865315213918585,-2.0630806114535115e-6,-2.4609375,-4.5703125,-6.6796875,11.162109375,2.197265625,0.615234375,-8.7890625,-13.18359375,-17.578125,30.76171875,8.7890625,0.0,8.1,8.8,13.6,-6.8,-4.8,3.2
0.8451597690582275,-2.8217258969545846,-4.709226192827594,-6.746482731277949,11.4556980663999,2.821725859096585,-1.93999105517131e-6,-3.896352206417356,-6.3907910377215496,-9.315813737947384,13.337498318101687,3.1443862806436718,-2.1023254530295747e-6,-2.4609375,-4.658203125,-6.85546875,11.337890625,2.197265625,0.615234375,0.0,-13.18359375,-17.578125,30.76171875,4.39453125,0.0,8.1,8.8,12.7,-9.6,-4.8,3.2
0.8518269062042236,-2.877106605941019,-4.8016519970553375,-6.878892827250117,11.680533753500647,2.877106567339998,-1.9780663622656964e-6,-3.960682154715184,-6.497348129556531,-9.46962062817854,13.57925644968336,3.202722309520669,-2.141904692802892e-6,-2.4609375,-4.833984375,-7.03125,11.513671875,2.28515625,0.615234375,0.0,-13.18359375,-21.97265625,26.3671875,4.39453125,0.0,8.9,8.0,12.7,-14.2,-5.7,3.2
0.8584938049316406,-2.933017401452263,-4.894962471672148,-7.012570310529312,11.907521496257766,2.9330173621011078,-2.0165061140843937e-6,-4.025476814447135,-6.6046708444418085,-9.62453859998878,13.823058673830344,3.261570215758028,-2.1818393146497074e-6,-2.4609375,-4.921875,-7.119140625,11.689453125,2.28515625,0.615234375,0.0,-13.18359375,-21.97265625,26.3671875,4.39453125,0.0,9.7,8.8,13.5,-15.8,-5.6,3.2
0.8651618957519531,-2.9894598246413873,-4.989160188734516,-7.147518865868399,12.136667551474691,2.9894597845329662,-2.0553113701999057e-6,-4.09073929553346,-6.712781200841261,-9.780575088906586,14.068913948257123,3.320932000995195,-2.2221306089170503e-6,-2.548828125,-5.009765625,-7.20703125,11.953125,2.373046875,0.615234375,-4.39453125,-17.578125,-21.97265625,26.3671875,8.7890625,0.0,9.7,8.8,14.5,-13.0,-4.8,3.2
0.8718287944793701,-3.0464066430666388,-5.0841996995586625,-7.283673383045928,12.367861360350973,3.0464066021941845,-2.0944634077825377e-6,-4.156438517744468,-6.821645309222371,-9.937655785009403,14.316704258408244,3.380779123070836,-2.2627591838302964e-6,-2.63671875,-5.09765625,-7.3828125,12.3046875,2.373046875,0.615234375,-4.39453125,-17.578125,-17.578125,35.15625,8.7890625,0.0,9.7,8.8,13.7,-11.6,-6.4,3.2
0.8784959316253662,-3.103878404006863,-5.180115295846642,-7.421082988684033,12.601186341131744,3.1038783623633326,-2.1339763534833635e-6,-4.222594196679597,-6.931261937734605,-10.095827826451664,14.56651174841253,3.441131918800589,-2.3037390627154427e-6,-2.724609375,-5.185546875,-7.470703125,12.48046875,2.4609375,0.615234375,-4.39453125,-17.578125,-17.578125,35.15625,8.7890625,0.0,8.9,8.8,14.5,-13.2,-5.6,3.2
0.8851628303527832,-3.1618602460116128,-5.276882175071819,-7.55971215044454,12.836582159009374,3.1618602035901624,-2.1738399897681534e-6,-4.289190634422232,-7.041621666588352,-10.25505368098283,14.81827422191701,3.5019751898692064,-2.3450598528716264e-6,-2.724609375,-5.2734375,-7.646484375,12.744140625,2.548828125,0.615234375,-8.7890625,-13.18359375,-17.578125,35.15625,8.7890625,0.0,9.7,9.6,14.4,-12.2,-4.8,3.2
0.8918299674987793,-3.2203491685276893,-5.374495329560085,-7.699553694285363,13.074036632279219,3.2203491253215155,-2.2140522536986294e-6,-4.356224816123997,-7.152736420385095,-10.415326140382378,15.071979306930125,3.5633058955377455,-2.3867194686911343e-6,-2.8125,-5.44921875,-7.822265625,13.095703125,2.63671875,0.615234375,-8.7890625,-13.18359375,-21.97265625,39.55078125,8.7890625,0.0,9.7,8.9,14.4,-11.0,-5.6,3.2
0.8984968662261963,-3.2793490112699084,-5.472961167476602,-7.840616800605538,13.313565349490696,3.2793489672721567,-2.25461578515289e-6,-4.423697206257165,-7.264574060515253,-10.576646315160076,15.327636489357129,3.6251268210279393,-2.4287200169617143e-6,-2.900390625,-5.537109375,-7.91015625,13.271484375,2.63671875,0.615234375,-8.7890625,-13.18359375,-21.97265625,39.55078125,8.7890625,0.0,8.7,8.9,14.4,-12.6,-6.5,3.2
0.9051637649536133,-3.3388509801635067,-5.572265012240889,-7.982880443594729,13.555132608286831,3.3388509353674403,-2.2955245380346794e-6,-4.491599204087851,-7.377136545878518,-10.738993641765546,15.585210158109327,3.6874291766862597,-2.4710554501781547e-6,-2.98828125,-5.625,-8.0859375,13.53515625,2.724609375,0.615234375,-13.18359375,-17.578125,-21.97265625,39.55078125,8.7890625,0.0,8.7,8.9,14.6,-11.4,-5.7,3.2
0.9118309020996094,-3.3988499719244,-5.6723983468956085,-8.12633242177795,13.798717690254934,3.3988499263233507,-2.3367750037376224e-6,-4.559925437859413,-7.490431269887049,-10.902355276831024,15.844678922804032,3.7502077348946807,-2.5137221942353896e-6,-3.076171875,-5.712890625,-8.26171875,13.798828125,2.900390625,0.615234375,-13.18359375,-17.578125,-21.97265625,39.55078125,8.7890625,0.0,8.7,9.5,14.6,-8.4,-3.8,3.2
0.9184978008270264,-3.45934929410526,-5.773366691471501,-8.270980643204314,14.044334023462138,3.4593492476925154,-2.378369456268065e-6,-4.628675817713184,-7.6044261930182335,-11.066731005512839,16.10605005794025,3.8134647394441594,-2.556721985213719e-6,-3.1640625,-5.80078125,-8.349609375,14.0625,2.900390625,0.615234375,-13.18359375,-17.578125,-21.97265625,39.55078125,8.7890625,0.0,8.8,8.7,15.4,-8.8,-5.6,3.2
0.9251658916473389,-3.5203510535815186,-5.87517356216869,-8.416830145215945,14.29199016144258,3.520351006350337,-2.420309344143559e-6,-4.6978541910647245,-7.719143519455466,-11.232130026621792,16.369335165233316,3.877202819330625,-2.6000565340882303e-6,-3.251953125,-5.888671875,-8.525390625,14.23828125,2.98828125,0.615234375,-8.7890625,-13.18359375,-21.97265625,39.55078125,13.18359375,0.0,8.0,8.7,14.3,-11.2,-4.8,3.2
0.9318339824676514,-3.5818371024727034,-5.977788671681754,-8.563837537927826,14.54161242707565,3.581837054416587,-2.462582190345758e-6,-4.7674404289877295,-7.83456551422511,-11.398504213777544,16.634456624926813,3.9414031298399306,-2.6437130065894635e-6,-3.33984375,-6.064453125,-8.701171875,14.4140625,2.98828125,0.615234375,-8.7890625,-13.18359375,-21.97265625,30.76171875,13.18359375,0.0,8.0,8.8,14.3,-10.7,-4.8,3.2
0.9385018348693848,-3.6438124500463016,-6.081220380062137,-8.712014798030054,14.793221157083615,3.643812401158686,-2.505191438842813e-6,-4.837436406571985,-7.950664363255786,-11.565858050144413,16.90142911656806,4.006069703106957,-2.6876943528246183e-6,-3.33984375,-6.064453125,-8.876953125,14.677734375,3.076171875,0.615234375,-8.7890625,-13.18359375,-21.97265625,30.76171875,13.18359375,0.0,8.7,9.6,13.5,-10.4,-5.7,3.2
0.9451839923858643,-3.706402588083717,-6.185678122671583,-8.861661964635946,15.047325825458659,3.7064025383563535,-2.5482233676582845e-6,-4.907984965666103,-8.067692903846499,-11.734533057223839,17.17079511413489,4.071333801701638,-2.732089789923275e-6,-3.515625,-6.240234375,-8.96484375,14.94140625,3.076171875,0.615234375,-13.18359375,-13.18359375,-21.97265625,35.15625,4.39453125,0.0,7.9,8.8,15.2,-12.0,-5.7,3.2
0.9518539905548096,-3.7693523880075457,-6.290736111101466,-9.012169049176606,15.302890656204967,3.7693523374356097,-2.5915025709674568e-6,-4.978798983275941,-8.185189163054137,-11.903842750788618,17.441457336358162,4.136929514266317,-2.776718411679091e-6,-3.603515625,-6.328125,-9.140625,15.1171875,3.1640625,0.615234375,-13.18359375,-13.18359375,-17.578125,35.15625,4.39453125,0.0,7.9,8.8,14.4,-15.6,-5.6,3.2
0.9585239887237549,-3.832782602618794,-6.396595871748788,-9.163824760306412,15.560405883909276,3.832782551195839,-2.6351120686533323e-6,-5.0500107958037805,-8.303342508602936,-12.074103534800484,17.713928581008414,4.202981560877283,-2.8216652653314013e-6,-3.603515625,-6.416015625,-9.31640625,15.380859375,3.251953125,0.615234375,-13.18359375,-13.18359375,-17.578125,35.15625,4.39453125,0.0,8.0,9.6,14.4,-16.3,-5.6,3.2
0.9651918411254883,-3.8966605102133545,-6.503202794806761,-9.316550863490988,15.819738664356327,3.896660457933375,-2.6790293639123277e-6,-5.121585565136397,-8.422112122180199,-12.245232114588783,17.98807160566981,4.26945643527078,-2.8669074496100728e-6,-3.69140625,-6.50390625,-9.404296875,15.64453125,3.33984375,0.615234375,-13.18359375,-17.578125,-17.578125,35.15625,13.18359375,0.0,8.0,9.6,15.3,-17.1,-5.6,3.2
0.9718599319458008,-3.9610016935119994,-6.610582886542288,-9.470384615558396,16.080952260581128,3.961001640368779,-2.723265170165949e-6,-5.193541203615956,-8.541539983158225,-12.417271316888463,18.26395400693947,4.336370473849326,-2.912456060471756e-6,-3.69140625,-6.591796875,-9.580078125,16.083984375,3.427734375,0.615234375,-13.18359375,-17.578125,-26.3671875,39.55078125,13.18359375,0.0,8.8,10.5,15.3,-12.8,-4.8,3.2
0.9785268306732178,-4.025799083832926,-6.71872434991246,-9.625309115951511,16.344017975010846,4.025799029820344,-2.7678146275589268e-6,-5.265866023790908,-8.661578054765771,-12.59019319809589,18.541538571838462,4.403715129536501,-2.958305488448537e-6,-3.779296875,-6.6796875,-9.755859375,16.34765625,3.515625,0.615234375,-13.18359375,-17.578125,-26.3671875,39.55078125,13.18359375,0.0,8.9,10.5,15.3,-11.6,-4.8,3.2
0.9851958751678467,-4.091072957674899,-6.827661024709862,-9.781372843882622,16.60901812657233,4.091072902786563,-2.812691676575799e-6,-5.338584531103768,-8.782283673892785,-12.764056348432359,18.82091544466284,4.4715120382465035,-3.0044703635297843e-6,-3.779296875,-6.767578125,-9.931640625,16.611328125,3.603515625,0.615234375,-4.39453125,-13.18359375,-26.3671875,39.55078125,8.7890625,0.0,8.9,10.5,15.3,-12.4,-4.8,3.2
0.991865873336792,-4.156804872629194,-6.9373621320858705,-9.938531705277201,16.875877842413395,4.156804816858958,-2.8578836377043558e-6,-5.411676483603835,-8.903634712607944,-12.938812371286774,19.102006150035937,4.539742120049485,-3.0509376791136132e-6,-3.955078125,-6.943359375,-10.107421875,16.962890625,3.69140625,0.615234375,-4.39453125,-13.18359375,-21.97265625,48.33984375,8.7890625,0.0,8.8,10.5,15.3,-12.2,-4.7,3.2
0.998532772064209,-4.222961156410593,-7.047771475792762,-10.096705192850331,17.14446041913097,4.222961099752763,-2.9033673605981368e-6,-5.4851007194219115,-9.025535245092627,-13.11436285247935,19.384659901409776,4.608369246201445,-3.0976830357096726e-6,-3.955078125,-7.03125,-10.1953125,17.2265625,3.69140625,0.615234375,-4.39453125,-13.18359375,-21.97265625,48.33984375,8.7890625,0.0,8.8,10.5,16.1,-10.9,-5.6,3.2
1.0052008628845215,-4.289571736765791,-7.158939002754435,-10.255964861045518,17.414887357977292,4.289571679214275,-2.9491634211610437e-6,-5.558892501958633,-9.148060286546416,-13.290792103503168,19.669008170362506,4.677425080622757,-3.1447278911400643e-6,-4.04296875,-7.119140625,-10.37109375,17.40234375,3.779296875,0.615234375,-8.7890625,-17.578125,-21.97265625,48.33984375,8.7890625,0.0,8.8,11.3,16.0,-12.5,-4.8,3.2
1.011868953704834,-4.35661777880685,-7.2708332791070545,-10.416265677407138,17.687082192705386,4.3566177203558025,-2.9952588700438268e-6,-5.633031312966028,-9.271186249177159,-13.4680510671462,19.95497109700743,4.746890186955051,-3.1920589871780157e-6,-4.130859375,-7.294921875,-10.634765625,17.75390625,3.8671875,0.615234375,-8.7890625,-17.578125,-26.3671875,39.55078125,8.7890625,0.0,8.8,10.5,15.2,-13.1,-4.8,3.2
1.018535852432251,-4.424093207684257,-7.383444166431264,-10.577593117538125,17.9610202605222,4.424093148327918,-3.0416495306701103e-6,-5.70750674192709,-9.394869577637905,-13.646114852835874,20.242516022864702,4.816757102072158,-3.239671443290574e-6,-4.21875,-7.3828125,-10.72265625,17.9296875,3.8671875,0.615234375,-8.7890625,-17.578125,-26.3671875,39.55078125,8.7890625,0.0,8.0,10.5,16.0,-12.8,-5.6,3.2
1.0252039432525635,-4.49200963676843,-7.496791046477867,-10.739974947921068,18.236748709616442,4.492009576500882,-3.0883433874563683e-6,-5.782333642500985,-9.51915090525787,-13.825018974282134,20.53169602891475,4.887038467331082,-3.2875737644548023e-6,-4.21875,-7.470703125,-10.8984375,18.193359375,3.8671875,0.615234375,-13.18359375,-17.578125,-26.3671875,39.55078125,8.7890625,0.0,8.8,11.3,15.9,-13.6,-6.4,3.2
1.0318739414215088,-4.560367560382734,-7.610874744231508,-10.903412350436902,18.51426954685179,4.560367499198055,-3.135340780259461e-6,-5.8575128597549275,-9.644041411627907,-14.004765451961672,20.8225136830585,4.9577348706834945,-3.3357663367856935e-6,-4.306640625,-7.646484375,-11.07421875,18.544921875,4.04296875,0.615234375,-13.18359375,-17.578125,-26.3671875,39.55078125,8.7890625,0.0,8.8,10.4,15.9,-13.0,-4.9,3.2
1.0385417938232422,-4.629131055475518,-7.725635307102197,-11.067819436428659,18.793436931119512,4.629130993368265,-3.1826170112875323e-6,-5.933001190463101,-9.769444193585437,-14.18525099100193,21.114809401282056,5.028807989751991,-3.3842232417011388e-6,-4.39453125,-7.734375,-11.25,18.80859375,4.130859375,0.615234375,-13.18359375,-17.578125,-26.3671875,39.55078125,8.7890625,0.0,8.8,11.2,15.9,-12.6,-4.8,3.2
1.0452098846435547,-4.69831188810213,-7.8410923716592045,-11.233224337434315,19.07429863048158,4.698311825066705,-3.2301801699308934e-6,-6.0088137192010365,-9.895399957149062,-14.36651165721228,21.40863703571343,5.100270645153753,-3.4329531027273933e-6,-4.482421875,-7.822265625,-11.337890625,19.072265625,4.21875,0.615234375,-8.7890625,-17.578125,-26.3671875,39.55078125,17.578125,0.0,8.8,11.2,16.1,-13.4,-4.8,3.2
1.0518808364868164,-4.767930483526921,-7.957280025972523,-11.399675888350759,19.35693756782628,4.767930419557451,-3.278044298953295e-6,-6.084973122984797,-10.021955243332673,-14.548601669217382,21.704083792845573,5.172144011143193,-3.4819703440515325e-6,-4.5703125,-7.998046875,-11.513671875,19.3359375,4.306640625,0.615234375,-8.7890625,-17.578125,-21.97265625,39.55078125,17.578125,0.0,8.8,10.3,16.1,-13.8,-3.9,3.2
1.0585598945617676,-4.838047892089905,-8.074300157989729,-11.567320054831518,19.6416015965198,4.838047827179696,-3.3262513716426694e-6,-6.161542154953872,-10.149190315235435,-14.731671063905065,22.001401389340703,5.244489838881298,-3.531317303816329e-6,-4.5703125,-8.0859375,-11.77734375,19.6875,4.306640625,0.615234375,-8.7890625,-17.578125,-21.97265625,39.55078125,17.578125,0.0,9.6,11.1,15.3,-9.9,-3.9,3.2
1.0652508735656738,-4.908692966116255,-8.19220091984551,-11.736225820087817,19.928407851797036,4.908692900258229,-3.3748212245298515e-6,-6.2385539893386355,-10.277176487221613,-14.915799157757691,22.30071510650808,5.317338402118256,-3.5810145415116407e-6,-4.658203125,-8.173828125,-11.865234375,19.951171875,4.306640625,0.615234375,-8.7890625,-17.578125,-21.97265625,43.9453125,4.39453125,0.0,9.6,11.1,16.0,-9.9,-5.5,3.2
1.0719189643859863,-4.979490257440589,-8.310355719730797,-11.9054955226682,20.215832081842144,4.979490190632703,-3.42349572974944e-6,-6.315600003278258,-10.405241302113147,-15.10000897172951,22.60043534608541,5.390302733311452,-3.6307980333300616e-6,-4.74609375,-8.349609375,-12.12890625,20.21484375,4.306640625,0.615234375,-8.7890625,-17.578125,-26.3671875,43.9453125,4.39453125,0.0,8.8,10.4,15.2,-12.0,-6.7,3.2
1.0785858631134033,-5.05067343481431,-8.429154531386743,-12.075687842704534,20.504822939629015,5.050673367051387,-3.4724355390812866e-6,-6.392931327902405,-10.533779423951799,-15.284900936865714,22.901545549584668,5.463622648902159,-3.6808315822986443e-6,-4.833984375,-8.4375,-12.216796875,20.478515625,4.39453125,0.615234375,-8.7890625,-17.578125,-26.3671875,43.9453125,4.39453125,0.0,8.9,10.4,16.0,-15.7,-6.4,3.2
1.0870709419250488,-5.141825545249308,-8.581279834009262,-12.293624014191979,20.874884062995207,5.141825476263433,-3.5351043755883115e-6,-6.491766311737491,-10.69808137297994,-15.521206140148994,23.28678182663432,5.557451456339042,-3.7448709216645297e-6,-4.921875,-8.61328125,-12.392578125,20.830078125,4.5703125,0.615234375,-13.18359375,-17.578125,-26.3671875,39.55078125,8.7890625,0.0,9.7,10.4,15.9,-17.3,-5.5,3.2
1.0970489978790283,-5.249803154848999,-8.761485497470257,-12.551788380658332,21.31325367743603,5.24980308441443,-3.6093410677518776e-6,-6.6085723263193055,-10.892287461677016,-15.8004783972935,23.7426339431251,5.668514495172907,-3.820687936970296e-6,-5.009765625,-8.876953125,-12.744140625,21.26953125,4.74609375,0.615234375,-13.18359375,-17.578125,-26.3671875,39.55078125,8.7890625,0.0,9.6,10.4,15.9,-16.2,-4.7,3.2
1.1037158966064453,-5.32241338655194,-8.882665944292471,-12.725392654137439,21.608038118340787,5.322413315143187,-3.659262004498303e-6,-6.686956339939424,-11.022633664722719,-15.9878872433714,24.048879385863337,5.7431485102097,-3.871645766274956e-6,-5.09765625,-8.96484375,-12.83203125,21.708984375,4.833984375,0.615234375,-13.18359375,-21.97265625,-26.3671875,39.55078125,17.578125,0.0,9.6,10.4,16.9,-11.8,-3.9,3.2
1.1103827953338623,-5.395393856471258,-9.00446428795152,-12.899882132567154,21.904325659608347,5.395393784083355,-3.709437487169558e-6,-6.765608439401905,-11.153429851962624,-16.17593705762695,24.356447859882465,5.818121849109339,-3.922842576997658e-6,-5.185546875,-9.052734375,-13.0078125,21.97265625,4.921875,0.615234375,-13.18359375,-21.97265625,-26.3671875,48.33984375,17.578125,0.0,8.8,10.4,16.9,-11.5,-4.8,3.2
1.1170499324798584,-5.468740227936852,-9.126873290905149,-13.075246447374836,22.202098695140503,5.468740154564889,-3.7598645342211854e-6,-6.8445242202198004,-11.284672042231353,-16.364617309343764,24.66532150993009,5.893430126614341,-3.974275361255876e-6,-5.2734375,-9.228515625,-13.271484375,22.236328125,4.921875,0.615234375,-13.18359375,-21.97265625,-21.97265625,48.33984375,17.578125,0.0,8.8,10.5,16.1,-13.1,-4.8,3.2
1.1237168312072754,-5.542437381528792,-9.249867720097075,-13.251449449441399,22.501295842820063,5.542437307168064,-3.810532750759956e-6,-6.923688787359429,-11.416351944813332,-16.553892385889295,24.975439089811932,5.969058235147384,-4.025933726425739e-6,-5.361328125,-9.31640625,-13.359375,22.587890625,4.921875,0.615234375,-8.7890625,-17.578125,-21.97265625,48.33984375,4.39453125,0.0,8.8,10.5,16.8,-16.3,-6.4,3.2
1.1303839683532715,-5.616491353856134,-9.373457650126504,-13.42850557173455,22.80194161019072,5.616491278501852,-3.86144628707119e-6,-7.003106108581017,-11.548456892846005,-16.74377177380719,25.28682137311482,6.045011566319717,-4.077821496774945e-6,-5.44921875,-9.4921875,-13.53515625,22.8515625,5.09765625,0.615234375,-8.7890625,-17.578125,-26.3671875,43.9453125,4.39453125,0.0,8.8,10.3,16.8,-17.3,-5.8,3.2
1.1370508670806885,-5.690889783479211,-9.497622450777186,-13.606385259208096,23.103985812037585,5.690889707126755,-3.912596644426359e-6,-7.082763235664064,-11.680968551829984,-16.934224515113137,25.599416878189857,6.121277524520984,-4.1299300519500244e-6,-5.537109375,-9.580078125,-13.7109375,23.203125,5.185546875,0.615234375,-8.7890625,-17.578125,-26.3671875,43.9453125,4.39453125,0.0,8.8,10.3,16.8,-14.1,-4.6,3.2
1.143718957901001,-5.765638918963577,-9.622372550386123,-13.785103451597905,23.407453816409483,5.765638841608241,-3.963988118834971e-6,-7.162668210416665,-11.813915574512723,-17.125269837018227,25.913254250330137,6.197862925921529,-4.1822639753102775e-6,-5.625,-9.755859375,-13.974609375,23.642578125,5.2734375,0.615234375,-13.18359375,-21.97265625,-26.3671875,52.734375,17.578125,0.0,9.6,10.3,16.8,-11.4,-5.7,3.2
1.1503868103027344,-5.840723189018645,-9.747681961762432,-13.96462291940441,23.712282406675893,5.840723110655932,-4.015610004733991e-6,-7.242801868317637,-11.947248131414046,-17.31686191894459,26.228263478810973,6.27475101254649,-4.234811957327127e-6,-5.625,-9.84375,-14.150390625,23.90625,5.361328125,0.615234375,-13.18359375,-21.97265625,-30.76171875,52.734375,17.578125,0.0,9.6,11.3,16.8,-14.4,-5.7,3.2
1.1570539474487305,-5.916129955978095,-9.873529593690517,-14.144913447149323,24.018420276191556,5.916129876603678,-4.06745361348373e-6,-7.323151105413369,-12.080947561132866,-17.508969430564605,26.544392178645722,6.351928950261554,-4.287565206802727e-6,-5.712890625,-9.931640625,-14.326171875,24.169921875,5.44921875,0.615234375,-13.18359375,-21.97265625,-30.76171875,52.734375,17.578125,0.0,9.6,11.3,16.8,-13.6,-4.7,3.2
1.1637217998504639,-5.991865735233438,-9.999926319817744,-14.325990612524427,24.32589387627054,5.991865654842905,-4.119523424541696e-6,-7.403724238726498,-12.21504165470886,-17.701612257101605,26.86167010170366,6.429403826451225,-4.340528492878687e-6,-5.80078125,-10.107421875,-14.501953125,24.43359375,5.625,0.615234375,-13.18359375,-17.578125,-30.76171875,52.734375,13.18359375,0.0,9.6,10.5,16.9,-13.6,-3.9,3.2
1.17038893699646,-6.06791429406289,-10.12684504907949,-14.507815604610013,24.634637304990985,6.067914212652042,-4.17180827759813e-6,-7.484501530859418,-12.349481021143127,-17.894743208283753,27.180024702828778,6.50715824738324,-4.393690064133733e-6,-5.888671875,-10.1953125,-14.677734375,24.697265625,5.625,0.615234375,-13.18359375,-17.578125,-30.76171875,43.9453125,13.18359375,0.0,8.8,11.3,16.9,-15.2,-4.8,3.2
1.177055835723877,-6.144273693601695,-10.254282545671497,-14.690383787761785,24.9446426909118,6.144273611166362,-4.224306839646065e-6,-7.565481352323818,-12.484265977431537,-18.08835838815689,27.499448587938335,6.585190353062609,-4.447048626270891e-6,-5.9765625,-10.37109375,-14.853515625,25.048828125,5.625,0.615234375,-13.18359375,-17.578125,-26.3671875,43.9453125,13.18359375,0.0,8.7,10.4,16.9,-14.4,-4.8,3.2
1.1837239265441895,-6.220950851092045,-10.382250353896541,-14.873711700458916,25.255938116788304,6.220950767627965,-4.277023866423111e-6,-7.646672382808888,-12.619423645248297,-18.28247854904614,27.819973078755112,6.663507622490723,-4.500609219669425e-6,-6.064453125,-10.546875,-15.1171875,25.400390625,5.712890625,0.615234375,-8.7890625,-17.578125,-26.3671875,43.9453125,8.7890625,0.0,8.7,10.4,16.0,-11.2,-3.9,3.2
1.1903908252716064,-6.297917978494689,-10.510702097824758,-15.057732904098303,25.56841076819446,6.297917893997971,-4.329940253115565e-6,-7.728042755655691,-12.75488583803173,-18.47702750075016,28.141477518893193,6.742080892642159,-4.5543520380561065e-6,-6.15234375,-10.634765625,-15.205078125,25.6640625,5.712890625,0.615234375,-8.7890625,-17.578125,-26.3671875,43.9453125,8.7890625,0.0,8.7,10.4,16.8,-9.1,-5.5,3.2
1.1970579624176025,-6.375184131280626,-10.639652890285241,-15.242469049464233,25.882097408708812,6.375184045747258,-4.383062225534642e-6,-7.809602513998647,-12.890672158767662,-18.672029255464114,28.46400053190407,6.820919543416139,-4.6082834722066716e-6,-6.240234375,-10.72265625,-15.380859375,25.927734375,5.80078125,0.615234375,-8.7890625,-17.578125,-30.76171875,43.9453125,8.7890625,0.0,8.8,10.3,16.8,-11.5,-5.9,3.2
1.2037818431854248,-6.453398182938894,-10.770185647245727,-15.429471532386223,26.199632347631812,6.453398096356159,-4.436835896736906e-6,-7.892036460043483,-13.027934666226232,-18.86912111121907,28.790250345177558,6.90068560156169,-4.662856405648621e-6,-6.328125,-10.8984375,-15.64453125,26.19140625,5.888671875,0.615234375,-13.18359375,-21.97265625,-30.76171875,39.55078125,4.39453125,0.0,8.8,10.3,16.7,-17.1,-7.3,3.2
1.2104618549346924,-6.5313908233882945,-10.900348887285627,-15.615944641814226,26.516268396992206,6.531390735759161,-4.490457343456562e-6,-7.974108951510076,-13.16460071936597,-19.065348762880742,29.115343525057916,6.980185520994578,-4.717254442402592e-6,-6.328125,-10.986328125,-15.8203125,26.455078125,5.9765625,0.615234375,-13.18359375,-21.97265625,-26.3671875,39.55078125,4.39453125,0.0,9.6,11.3,16.7,-18.9,-6.5,3.2
1.2171299457550049,-6.609522401002398,-11.03074400191543,-15.802749937009608,26.833468506175265,6.609522312325004,-4.5441743121604946e-6,-8.056201959683186,-13.301311804336056,-19.261625468068967,29.44078708594203,7.059787475389778,-4.771729352030701e-6,-6.416015625,-11.162109375,-15.99609375,26.89453125,6.15234375,0.615234375,-13.18359375,-21.97265625,-26.3671875,39.55078125,4.39453125,0.0,9.6,11.3,16.7,-15.2,-4.5,3.2
1.2237968444824219,-6.687909359187427,-11.161565325510123,-15.990165823266832,27.151705414402375,6.687909269458346,-4.598066859939557e-6,-8.13843920945873,-13.438281475357808,-19.45824704143912,29.76706850747443,7.13961052206029,-4.826362534294838e-6,-6.50390625,-11.337890625,-16.259765625,27.24609375,6.328125,0.615234375,-8.7890625,-17.578125,-26.3671875,52.734375,21.97265625,0.0,9.6,10.5,16.1,-12.0,-3.0,3.2
1.230463981628418,-6.766568111650658,-11.292840251184078,-16.178231544224985,27.47104575836385,6.766568020866243,-4.652146271534531e-6,-8.220835162225075,-13.575521691209277,-19.655248058818337,30.09425103598615,7.2196704947562065,-4.8811649826016596e-6,-6.591796875,-11.42578125,-16.34765625,27.509765625,6.328125,0.615234375,-8.7890625,-17.578125,-26.3671875,52.734375,21.97265625,0.0,8.8,10.3,16.9,-10.7,-4.6,3.2
1.2371327877044678,-6.845506493582754,-11.424581855219845,-16.366965833092195,27.7915213475202,6.845506401739254,-4.706417933790331e-6,-8.303399265906396,-13.713053056603805,-19.852651109309754,30.422369468285027,7.299975747793306,-4.936142347155994e-6,-6.6796875,-11.6015625,-16.5234375,27.7734375,6.328125,0.615234375,-8.7890625,-17.578125,-26.3671875,52.734375,21.97265625,0.0,8.9,10.3,16.9,-13.8,-5.0,3.2
1.2438008785247803,-6.924688046388646,-11.55672929124994,-16.55628152077726,28.112984166553044,6.924687953482797,-4.760856780718657e-6,-8.386094342604396,-13.850820138476568,-20.050367304035433,30.75127394834698,7.380489481447579,-4.9912693821751445e-6,-6.767578125,-11.689453125,-16.787109375,28.125,6.416015625,0.615234375,-13.18359375,-21.97265625,-26.3671875,43.9453125,8.7890625,0.0,8.9,10.3,16.0,-13.0,-3.9,3.2
1.2504689693450928,-7.004120455876026,-11.689295386249137,-16.746196983327607,28.435465418454992,7.004120361904464,-4.815468096460749e-6,-8.468925659653273,-13.98882100643148,-20.248409236698834,31.08099132314014,7.461218629489204,-5.046550991814181e-6,-6.767578125,-11.865234375,-16.962890625,28.388671875,6.416015625,0.615234375,-13.18359375,-21.97265625,-30.76171875,43.9453125,8.7890625,0.0,9.7,10.3,16.0,-12.0,-5.5,3.2
1.2571358680725098,-7.08378032187501,-11.82224108727716,-16.936656273125415,28.758870102758006,7.0837802268346834,-4.870235792947841e-6,-8.551870202057705,-14.127021741600077,-20.44672188059851,31.411426935915195,7.542139836045184,-5.101971105591983e-6,-6.85546875,-12.041015625,-17.138671875,28.65234375,6.50390625,0.615234375,-13.18359375,-21.97265625,-30.76171875,43.9453125,8.7890625,0.0,9.6,9.5,16.0,-14.6,-6.8,3.2
1.2638039588928223,-7.1636879722995115,-11.955600319934202,-17.12770799231179,29.08328074712516,7.163687876187094,-4.925173846013376e-6,-8.634950101752777,-14.265464702369755,-20.645358151121467,31.742666819719872,7.623274045010663,-5.157544014001763e-6,-6.943359375,-12.12890625,-17.314453125,28.916015625,6.591796875,0.615234375,-13.18359375,-21.97265625,-30.76171875,39.55078125,8.7890625,0.0,9.6,10.3,16.0,-17.8,-6.0,3.2
1.2704718112945557,-7.243825098928726,-12.089342529320149,-17.319308367642982,29.40862302348302,7.24382500174114,-4.980269668401936e-6,-8.718143536411581,-14.404104305212856,-20.844265873124897,32.07462995099111,7.704601776640454,-5.2132565328907636e-6,-7.03125,-12.216796875,-17.490234375,29.267578125,6.6796875,0.615234375,-13.18359375,-21.97265625,-26.3671875,39.55078125,8.7890625,0.0,9.6,10.5,16.8,-20.5,-6.2,3.2
1.2771399021148682,-7.324188371670327,-12.223462157787441,-17.511449437179657,29.73488341225754,7.324188273404538,-5.035520970610722e-6,-8.801448445353383,-14.54294102904975,-21.043440119713882,32.40730503174495,7.786120081504055,-5.269106564166699e-6,-7.119140625,-12.392578125,-17.666015625,29.619140625,6.85546875,0.615234375,-13.18359375,-21.97265625,-26.3671875,39.55078125,8.7890625,0.0,9.6,10.5,16.8,-20.2,-5.7,3.2
1.283808946609497,-7.404778415847317,-12.357960248948253,-17.70413269601064,30.062064452147286,7.404778316500283,-5.090928182561379e-6,-8.884866407853327,-14.681982035880242,-21.242884666787592,32.74069630094585,7.867829877599803,-5.325094685347218e-6,-7.20703125,-12.568359375,-17.841796875,30.05859375,6.943359375,0.615234375,-8.7890625,-21.97265625,-26.3671875,57.12890625,17.578125,0.0,9.6,10.5,16.8,-16.2,-4.9,3.2
1.2904767990112305,-7.485567651153595,-12.492790773562087,-17.897292202203356,30.39005417208533,7.485567550722642,-5.1464723422607545e-6,-8.968366120580853,-14.821167389691704,-21.442524671010155,33.07468458792757,7.949702320618244,-5.38120128908314e-6,-7.294921875,-12.65625,-18.017578125,30.41015625,7.119140625,0.615234375,-8.7890625,-21.97265625,-26.3671875,57.12890625,17.578125,0.0,9.6,10.4,17.6,-13.8,-4.6,3.2
1.29715895652771,-7.566735428680939,-12.628253053706985,-18.09135676744531,30.719580705147067,7.566735327160991,-5.2022767570485735e-6,-9.05213405754563,-14.960811414411138,-21.6428059742996,33.4100133116203,8.031919505257907,-5.437551102224103e-6,-7.3828125,-12.83203125,-18.193359375,30.76171875,7.20703125,0.615234375,-8.7890625,-21.97265625,-26.3671875,57.12890625,17.578125,0.0,9.6,10.4,17.6,-15.2,-4.0,3.2
1.3038268089294434,-7.6479262801540235,-12.763753842351155,-18.285476500333637,31.049200914265676,7.647926177544768,-5.258097035619757e-6,-9.135804320786304,-15.100307593881913,-21.842853748849183,33.74521562559645,8.114121659990538,-5.4938974923903296e-6,-7.470703125,-13.0078125,-18.45703125,31.11328125,7.20703125,0.615234375,-13.18359375,-17.578125,-26.3671875,52.734375,13.18359375,0.0,9.6,9.6,16.9,-12.8,-3.9,3.2
1.3104958534240723,-7.729326382676466,-12.899603853619528,-18.48009653291179,31.379670644893135,7.729326278975098,-5.314061178329011e-6,-9.219566282092,-15.239965336547048,-22.043120764896607,34.08105558176141,8.196496483263402,-5.550369261863165e-6,-7.55859375,-13.18359375,-18.6328125,31.46484375,7.294921875,0.615234375,-13.18359375,-17.578125,-30.76171875,52.734375,13.18359375,0.0,9.6,9.5,16.9,-11.6,-4.7,3.2
1.3171629905700684,-7.8108887301231835,-13.035724638192944,-18.675104477930706,31.7107990606421,7.810888625327525,-5.37013686755743e-6,-9.303373262114247,-15.379709874830137,-22.243495416485157,34.41734228227453,8.278996930523306,-5.606934064753894e-6,-7.55859375,-13.271484375,-18.80859375,31.728515625,7.294921875,0.615234375,-13.18359375,-17.578125,-30.76171875,52.734375,13.18359375,0.0,9.6,9.5,16.9,-13.8,-5.8,3.2
1.3238298892974854,-7.892625998995783,-13.17213735209987,-18.870530643720222,32.042637625822096,7.892625893103487,-5.426332818644712e-6,-9.387239196495429,-15.519566835616347,-22.444011022432488,34.7541296100722,8.361636102179292,-5.663600832600825e-6,-7.646484375,-13.447265625,-19.072265625,31.9921875,7.3828125,0.615234375,-13.18359375,-21.97265625,-30.76171875,43.9453125,8.7890625,0.0,10.4,9.5,16.7,-16.2,-5.0,3.2
1.3304979801177979,-7.974553324120819,-13.308867254108966,-19.066411216235213,32.375247785098416,7.974553217129335,-5.482659437076437e-6,-9.471176774782268,-15.659552666502336,-22.644697922258096,35.09147469392109,8.444428391739038,-5.720379597526179e-6,-7.734375,-13.53515625,-19.248046875,32.34375,7.470703125,0.615234375,-13.18359375,-21.97265625,-26.3671875,43.9453125,8.7890625,0.0,10.4,9.6,16.7,-17.9,-5.5,3.2
1.3371658325195312,-8.056644191575769,-13.445870094685372,-19.262682803166527,32.70852189672908,8.056644083482905,-5.539098494018764e-6,-9.555160515152245,-15.799627241184226,-22.8454951913074,35.429271387694776,8.527347527899405,-5.7772522483204725e-6,-7.822265625,-13.623046875,-19.423828125,32.6953125,7.470703125,0.615234375,-13.18359375,-21.97265625,-26.3671875,43.9453125,8.7890625,0.0,10.4,10.4,16.7,-18.7,-6.6,3.2
1.3438339233398438,-8.138896920961205,-13.583143069381999,-19.459341386836268,33.04245313859556,8.138896811764788,-5.595648834164628e-6,-9.639189550862108,-15.939790713359745,-23.046400757278345,35.76751428979699,8.610392073517778,-5.834217751949047e-6,-7.998046875,-13.798828125,-19.599609375,33.046875,7.734375,0.615234375,-13.18359375,-21.97265625,-26.3671875,52.734375,13.18359375,0.0,9.6,10.4,17.6,-19.5,-4.6,3.2
1.3505017757415771,-8.221302730040895,-13.720671521375884,-19.656365969738932,33.37700585640319,8.221302619738871,-5.65230441955699e-6,-9.723252097841778,-16.080020200361094,-23.247386445561418,36.106162100823155,8.693552261628895,-5.891269569674879e-6,-8.0859375,-13.88671875,-19.775390625,33.486328125,7.822265625,0.615234375,-13.18359375,-21.97265625,-30.76171875,52.734375,13.18359375,0.0,9.6,10.5,17.6,-18.4,-4.6,3.2
1.3571698665618896,-8.303858706755939,-13.858450590682562,-19.853749589414022,33.7121682277182,8.303858595346295,-5.709063248099115e-6,-9.807346946421422,-16.22031534632141,-23.448449363949173,36.44520602734189,8.776825701435868,-5.948405962240064e-6,-8.0859375,-14.0625,-19.951171875,33.837890625,7.91015625,0.615234375,-13.18359375,-21.97265625,-30.76171875,52.734375,13.18359375,0.0,10.5,10.5,17.6,-14.7,-3.9,3.2
1.3638379573822021,-8.386554476105788,-13.996462962287701,-20.05146744020549,34.04789813191016,8.386554363586646,-5.765918186777732e-6,-9.891464364582193,-16.3606607269596,-23.649566244094697,36.78460494641543,8.860202183282187,-6.005619877975223e-6,-8.26171875,-14.150390625,-20.21484375,34.189453125,7.998046875,0.615234375,-13.18359375,-17.578125,-30.76171875,57.12890625,17.578125,0.0,9.7,10.5,17.6,-11.5,-3.1,3.2
1.3705048561096191,-8.469371849644544,-14.134678281185549,-20.24947603524019,34.384121727170125,8.469371736014272,-5.822856730684979e-6,-9.97558307604471,-16.50101912180988,-23.85068621640374,37.124279089813825,8.943662480037478,-6.062898282217406e-6,-8.349609375,-14.326171875,-20.390625,34.62890625,7.998046875,0.615234375,-13.18359375,-17.578125,-30.76171875,57.12890625,17.578125,0.0,9.7,10.4,17.6,-9.9,-5.5,3.2
1.3771729469299316,-8.552331838094586,-14.273131612526932,-20.447825609190403,34.72092431324038,8.552331723351273,-5.879893325098312e-6,-10.059726230967854,-16.641430072931794,-24.05186463074119,37.464317897440665,9.027228329349073,-6.120255991396145e-6,-8.4375,-14.501953125,-20.56640625,34.8046875,7.998046875,0.615234375,-13.18359375,-17.578125,-30.76171875,57.12890625,17.578125,0.0,9.5,9.6,17.6,-13.8,-6.8,3.2
1.3838398456573486,-8.635397472049714,-14.41176125744301,-20.646427771663294,35.05815580100149,8.635397356191943,-5.937002552836912e-6,-10.143857165445395,-16.78183245765543,-24.25301382713606,37.80457131842308,9.110862746520711,-6.177667573639462e-6,-8.525390625,-14.58984375,-20.830078125,35.068359375,8.0859375,0.615234375,-13.18359375,-21.97265625,-30.76171875,39.55078125,4.39453125,0.0,9.5,10.4,16.9,-15.4,-5.5,3.2
1.3905069828033447,-8.71858269945685,-14.550590493898891,-20.845315870895522,35.39587281660157,8.718582582483013,-5.994194003383686e-6,-10.22798724117018,-16.922245021844756,-24.454160970333398,38.14509138273791,9.194578888687941,-6.235142219709972e-6,-8.61328125,-14.765625,-21.005859375,35.419921875,8.26171875,0.615234375,-13.18359375,-21.97265625,-30.76171875,39.55078125,4.39453125,0.0,8.7,10.3,17.7,-17.2,-5.5,3.2
1.3971738815307617,-8.80187320593478,-14.689595432381074,-21.044455682540313,35.734017246235396,8.801873087843468,-6.051457835325077e-6,-10.312103819511362,-17.062646808898375,-24.655275842548825,38.485822814652664,9.278362923686108,-6.292670329372261e-6,-8.701171875,-14.853515625,-21.181640625,35.68359375,8.349609375,0.615234375,-13.18359375,-21.97265625,-30.76171875,39.55078125,4.39453125,0.0,8.8,10.3,17.7,-19.5,-5.7,3.2
1.4038419723510742,-8.885279689570297,-14.828793927107988,-21.243872784722683,36.07263252220527,8.885279570359954,-6.10880140380238e-6,-10.39621851418984,-17.203056539833735,-24.85638621110288,38.82681081798824,9.36222586062178,-6.350259416559769e-6,-8.7890625,-15.029296875,-21.4453125,36.123046875,8.4375,0.615234375,-13.18359375,-21.97265625,-30.76171875,52.734375,17.578125,0.0,8.8,10.3,16.8,-16.3,-4.6,3.2
1.4105088710784912,-8.968768001342225,-14.968128986199181,-21.443485530326626,36.41158000564613,8.96876788101175,-6.166201230703958e-6,-10.480294105911472,-17.3434133767013,-25.05740308814404,39.167910648423785,9.446132471899048,-6.407885450395716e-6,-8.876953125,-15.205078125,-21.62109375,36.474609375,8.525390625,0.615234375,-13.18359375,-21.97265625,-26.3671875,52.734375,17.578125,0.0,8.8,10.5,16.8,-14.1,-5.4,3.2
1.4171757698059082,-9.052344931222,-15.107611941553113,-21.643310153538852,36.75088726261701,9.052344809770206,-6.223661984266319e-6,-10.564339334821472,-17.48373125023006,-25.25834737054212,39.50915348714544,9.530090175932717,-6.46555341801867e-6,-8.876953125,-15.29296875,-21.796875,36.826171875,8.61328125,0.615234375,-13.18359375,-21.97265625,-26.3671875,52.734375,17.578125,0.0,9.5,10.5,17.6,-15.0,-4.8,3.2
1.4238429069519043,-9.136006396516194,-15.2472359794935,-21.843336893021192,37.09053771811917,9.136006273941947,-6.281180857558879e-6,-10.648350923136089,-17.624003315763815,-25.459211221422716,39.850524138448044,9.614095125114853,-6.523260630310226e-6,-8.96484375,-15.46875,-21.97265625,37.177734375,8.701171875,0.615234375,-13.18359375,-21.97265625,-26.3671875,57.12890625,13.18359375,0.0,9.5,10.5,17.6,-12.6,-3.9,3.2
1.4305098056793213,-9.21974160473448,-15.38698308825024,-22.043539944938573,37.430487556589,9.219741481036792,-6.338750430536079e-6,-10.73231527202858,-17.764209655890525,-25.659962127262844,40.19197346317286,9.698135596446754,-6.580999193433859e-6,-9.052734375,-15.556640625,-22.236328125,37.529296875,8.701171875,0.615234375,-13.18359375,-21.97265625,-30.76171875,57.12890625,13.18359375,0.0,9.5,10.4,16.8,-11.0,-5.5,3.2
1.4371769428253174,-9.303548708467392,-15.526850184650355,-22.24391489230775,37.77072927787733,9.303548583645295,-6.39636943306823e-6,-10.816232418700721,-17.90434887569176,-25.86060017700848,40.53349734706427,9.782210326652185,-6.63876813226882e-6,-9.140625,-15.732421875,-22.412109375,37.79296875,8.7890625,0.615234375,-13.18359375,-21.97265625,-30.76171875,57.12890625,13.18359375,0.0,9.7,10.4,16.8,-13.6,-4.9,3.2
1.4438438415527344,-9.387414755350674,-15.666815652273524,-22.44443076723708,38.11121029772207,9.387414629403379,-6.454028960154734e-6,-10.900090234628896,-18.044398650555156,-26.061096372493907,40.87504450651723,9.866306580071376,-6.696558648812271e-6,-9.228515625,-15.8203125,-22.67578125,38.056640625,8.876953125,0.615234375,-13.18359375,-17.578125,-30.76171875,43.9453125,8.7890625,0.0,8.9,10.4,16.7,-13.6,-3.9,3.2
1.4505109786987305,-9.471340457204416,-15.80688067908837,-22.645089271621842,38.451933505984364,9.471340330131122,-6.511729501185653e-6,-10.983886685977156,-18.184359867479202,-26.261445851007593,41.2166127644255,9.950424188616523,-6.7543707862326535e-6,-9.31640625,-15.99609375,-22.8515625,38.3203125,8.876953125,0.615234375,-13.18359375,-17.578125,-30.76171875,43.9453125,8.7890625,0.0,8.9,10.4,16.7,-13.6,-6.3,3.2
1.4571778774261475,-9.555312263102316,-15.947022649724216,-22.845858006464525,38.79284388834818,9.555312134902405,-6.56946173963742e-6,-11.067610153456947,-18.3242108538132,-26.461620831917237,41.55815042976947,10.034550168406696,-6.812195512385011e-6,-9.404296875,-16.171875,-23.02734375,38.671875,8.96484375,0.615234375,-13.18359375,-17.578125,-30.76171875,43.9453125,8.7890625,0.0,8.7,10.4,16.7,-15.2,-6.8,3.2
1.46384596824646,-9.63934136361813,-16.087260240319353,-23.046763727380434,39.13398687652406,9.639341234290832,-6.6272333692456345e-6,-11.15127261889427,-18.46396886604535,-26.66164996264826,41.89970448729942,10.118695983580277,-6.870040660958519e-6,-9.4921875,-16.259765625,-23.203125,38.84765625,9.052734375,0.615234375,-8.7890625,-21.97265625,-30.76171875,39.55078125,8.7890625,0.0,8.7,10.4,17.6,-18.4,-5.4,3.2
1.470512866973877,-9.723391956242482,-16.22753369945884,-23.247720833917914,39.47521711878314,9.72339182578751,-6.685019775093587e-6,-11.234835696422689,-18.603575568549097,-26.861441466183862,42.24112434211759,10.202824901303588,-6.927881138983175e-6,-9.580078125,-16.5234375,-23.466796875,39.287109375,9.228515625,0.615234375,-8.7890625,-21.97265625,-30.76171875,39.55078125,8.7890625,0.0,8.7,9.6,16.8,-15.6,-3.8,3.2
1.477179765701294,-9.807471807383665,-16.36785598863315,-23.448747894832877,39.81656614534196,9.807471675800628,-6.74282629673698e-6,-11.318309083565367,-18.74304405644517,-27.061018528395028,42.58244512360755,10.286945314481938,-6.98572260419316e-6,-9.66796875,-16.611328125,-23.642578125,39.55078125,9.31640625,0.615234375,-8.7890625,-21.97265625,-30.76171875,39.55078125,8.7890625,0.0,8.8,9.6,16.8,-14.0,-4.6,3.2
1.48384690284729,-9.891577220627763,-16.50822093883443,-23.649836072345337,40.15801894942688,9.891577087916316,-6.800650392819855e-6,-11.401689953815195,-18.88236619319788,-27.26037439136758,42.923653331096986,10.371053784116851,-7.0435626444688025e-6,-9.66796875,-16.69921875,-23.818359375,39.90234375,9.31640625,0.615234375,-13.18359375,-21.97265625,-30.76171875,52.734375,13.18359375,0.0,9.6,10.4,16.8,-15.6,-5.8,3.2
1.4905247688293457,-9.975834341501644,-16.648839076471315,-23.85128696861288,40.50008765911873,9.975834207659751,-6.858578790828405e-6,-11.485100333041618,-19.021753214275318,-27.459800807543502,43.2652551160822,10.455275485651327,-7.101487516774942e-6,-9.755859375,-16.875,-23.994140625,40.25390625,9.404296875,0.615234375,-13.18359375,-21.97265625,-30.76171875,52.734375,13.18359375,0.0,9.6,10.3,17.6,-19.4,-6.6,3.2
1.4971919059753418,-10.05996547795016,-16.789246956564593,-24.05243664790146,40.8416448947728,10.059965342979512,-6.916420572111154e-6,-11.5682673309569,-19.160744995473653,-27.658645321765533,43.60612828541059,10.539333474549245,-7.159306633129644e-6,-9.84375,-17.05078125,-24.169921875,40.60546875,9.4921875,0.615234375,-13.18359375,-21.97265625,-30.76171875,52.734375,13.18359375,0.0,10.6,9.5,17.6,-20.6,-6.5,3.2
1.5038738250732422,-10.144285956691851,-16.929970833221326,-24.254039026905694,41.18397082597739,10.144285820589909,-6.974392529877566e-6,-11.651503411469392,-19.299859822014803,-27.857655006016888,43.94755178039066,10.623543033243129,-7.2172368177153805e-6,-9.931640625,-17.138671875,-24.43359375,41.044921875,9.66796875,0.615234375,-8.7890625,-21.97265625,-30.76171875,52.734375,13.18359375,0.0,10.6,10.3,16.9,-18.2,-4.6,3.2
1.5105409622192383,-10.228415989728983,-17.070376871812634,-24.45518606804085,41.52552358198031,10.228415852498301,-7.032233552543678e-6,-11.734430782757897,-19.438475305334435,-28.05592659538422,44.287982447514274,10.70752394401076,-7.275016675597545e-6,-10.01953125,-17.314453125,-24.521484375,41.484375,9.755859375,0.615234375,-8.7890625,-21.97265625,-26.3671875,52.734375,13.18359375,0.0,10.6,9.6,17.7,-15.6,-5.4,3.2
1.5172078609466553,-10.31253250404267,-17.21076034877718,-24.656300787172523,41.86702145440499,10.312532365683428,-7.090065280826309e-6,-11.817226520718886,-19.57688182764632,-28.25388346177585,44.62814109310273,10.79145366389606,-7.332768145818679e-6,-10.107421875,-17.490234375,-24.78515625,41.8359375,9.84375,0.615234375,-8.7890625,-21.97265625,-26.3671875,52.734375,13.18359375,0.0,10.4,9.6,17.7,-15.7,-4.8,3.2
1.5238749980926514,-10.396635078267156,-17.35112056089049,-24.857382176854593,42.208462732582475,10.396634938779544,-7.147887425028366e-6,-11.899890936758013,-19.715075923447234,-28.451526349733555,44.968027304099735,10.875331994616683,-7.390491051101151e-6,-10.1953125,-17.666015625,-24.9609375,42.275390625,9.931640625,0.615234375,-13.18359375,-21.97265625,-26.3671875,61.5234375,17.578125,0.0,10.4,9.6,17.5,-12.5,-3.9,3.2
1.5305418968200684,-10.480710510005952,-17.491435474449226,-25.05839867139175,42.54979381716491,10.48071036939033,-7.205690908247258e-6,-11.982408215472208,-19.853041416030457,-28.648817446107657,45.30758246476409,10.959144854591656,-7.448175866143184e-6,-10.283203125,-17.75390625,-25.224609375,42.626953125,10.01953125,0.615234375,-13.18359375,-21.97265625,-30.76171875,61.5234375,17.578125,0.0,10.4,9.6,16.7,-10.9,-5.5,3.2
1.5372087955474854,-10.564755587849266,-17.631699729877134,-25.25934259260351,42.89100167040793,10.564755446106046,-7.26347352257673e-6,-12.064777502436632,-19.99077042721757,-28.84575470804827,45.64679778256543,11.042889765288766,-7.50582075333063e-6,-10.37109375,-17.9296875,-25.400390625,42.802734375,10.01953125,0.615234375,-13.18359375,-21.97265625,-30.76171875,61.5234375,17.578125,0.0,9.6,9.6,16.7,-14.4,-6.7,3.2
1.5438759326934814,-10.648766998473459,-17.771907797512203,-25.46020601864292,43.23207284081529,10.648766855603089,-7.321232990042779e-6,-12.146996278434646,-20.12825424086951,-29.042332112344013,45.98566117912857,11.126563648016912,-7.563423552472294e-6,-10.458984375,-18.017578125,-25.576171875,43.154296875,10.1953125,0.615234375,-13.18359375,-21.97265625,-30.76171875,43.9453125,8.7890625,0.0,9.6,9.6,17.7,-16.8,-4.7,3.2
1.5505428314208984,-10.732731069060554,-17.912036858556693,-25.660956259080873,43.57295181921279,10.73273092506367,-7.378959910318961e-6,-12.229048334971008,-20.265477474843916,-29.23851090599858,46.32411226105469,11.21015197329654,-7.620974426129737e-6,-10.546875,-18.193359375,-25.751953125,43.505859375,10.283203125,0.615234375,-13.18359375,-21.97265625,-30.76171875,43.9453125,8.7890625,0.0,9.6,9.6,17.7,-19.9,-5.5,3.2
1.5572099685668945,-10.816647975991026,-18.05208720737497,-25.8615937356266,43.91363932167333,10.816647830868263,-7.436654404670259e-6,-12.310936159567497,-20.402436890166808,-29.434297036443915,46.66215595107249,11.293655645614827,-7.678473864049863e-6,-10.634765625,-18.369140625,-26.015625,43.857421875,10.37109375,0.615234375,-13.18359375,-21.97265625,-30.76171875,43.9453125,8.7890625,0.0,9.4,9.6,17.7,-20.3,-5.7,3.2
1.5638768672943115,-10.900505525620654,-18.192038493787443,-26.062089294417106,44.254085844201256,10.900505379372806,-7.494308089730755e-6,-12.39264859667732,-20.53910882261669,-29.629663831810905,46.99974445196291,11.377062759047899,-7.735913626037925e-6,-10.72265625,-18.45703125,-26.19140625,44.296875,10.458984375,0.615234375,-17.578125,-21.97265625,-30.76171875,52.734375,17.578125,0.0,9.4,10.4,17.6,-16.3,-4.6,3.2
1.5705437660217285,-10.984298585441309,-18.331882152064274,-26.26243066410547,44.59427054973953,10.984298438069244,-7.551917436801975e-6,-12.47417783492654,-20.67549336968116,-29.82459261583498,47.33685188574269,11.460367301707137,-7.793289736183723e-6,-10.810546875,-18.6328125,-26.3671875,44.736328125,10.634765625,0.615234375,-17.578125,-21.97265625,-30.76171875,52.734375,17.578125,0.0,9.7,9.6,17.6,-13.9,-3.8,3.2
1.5772109031677246,-11.068024719957311,-18.471614117565426,-26.462612021649267,44.934183550615074,11.068024571461926,-7.609480771433597e-6,-12.555523838162218,-20.811582124855462,-30.019083302077853,47.6734727015262,11.543567587446825,-7.850600898864041e-6,-10.8984375,-18.80859375,-26.54296875,45.0,10.634765625,0.615234375,-17.578125,-21.97265625,-30.76171875,52.734375,17.578125,0.0,9.7,9.6,17.6,-16.0,-4.8,3.2
1.5838778018951416,-11.151671879434103,-18.61121428028459,-26.662604557260078,45.27377592707955,11.151671729816456,-7.66698980920038e-6,-12.636675652226973,-20.94735126325224,-30.213109700173657,48.00955979390523,11.6266518730006,-7.907838982354722e-6,-10.986328125,-18.984375,-26.806640625,45.3515625,10.72265625,0.615234375,-8.7890625,-21.97265625,-30.76171875,57.12890625,13.18359375,0.0,9.7,8.8,17.6,-16.0,-3.9,3.2
1.590545892715454,-11.235249394368283,-18.75069821204574,-26.86243057928267,45.61308555926576,11.235249243629308,-7.724450964998943e-6,-12.717639495620489,-21.082825796320627,-30.406686677973582,48.34514538860905,11.709628510708647,-7.965009906702926e-6,-11.07421875,-19.072265625,-27.0703125,45.703125,10.810546875,0.615234375,-8.7890625,-21.97265625,-30.76171875,57.12890625,13.18359375,0.0,9.6,9.6,16.8,-15.2,-4.7,3.2
1.5972139835357666,-11.318737283045728,-18.890032565027376,-27.062042313307273,45.95203132501936,11.31873713118663,-7.781850501014895e-6,-12.798398350997985,-21.217967914322557,-30.599773548597717,48.68015351378243,11.792478399928795,-8.022100376702222e-6,-11.162109375,-19.248046875,-27.158203125,46.0546875,10.810546875,0.615234375,-8.7890625,-21.97265625,-30.76171875,57.12890625,13.18359375,0.0,9.6,8.8,17.6,-16.0,-5.8,3.2
1.6038877964019775,-11.402201144770299,-19.029326819019975,-27.26159660113456,46.29087954567905,11.402200991791396,-7.839233518036666e-6,-12.879016297502625,-21.35287888640781,-30.79252351928469,49.01484849971906,11.875266828205897,-8.079155345793846e-6,-11.25,-19.423828125,-27.421875,46.40625,10.8984375,0.615234375,-13.18359375,-21.97265625,-30.76171875,48.33984375,8.7890625,0.0,9.6,8.8,17.6,-15.2,-4.7,3.2
1.61055588722229,-11.485488734787571,-19.168326890171517,-27.46072943979467,46.62901213500877,11.485488580691234,-7.896495344855024e-6,-12.959343414921458,-21.487324077230305,-30.984578144825875,49.34861450722085,11.957841855928889,-8.13607027062656e-6,-11.337890625,-19.599609375,-27.685546875,46.669921875,10.986328125,0.615234375,-13.18359375,-21.97265625,-30.76171875,48.33984375,8.7890625,0.0,9.6,8.7,16.8,-12.8,-3.9,3.2
1.617224931716919,-11.568679035272153,-19.307164593172367,-27.65962966828064,46.96674974638803,11.568678880059682,-7.953690283240527e-6,-13.039458506478422,-21.62142455930005,-31.17612583636004,49.68177284273574,12.040282619716002,-8.192899544269848e-6,-11.42578125,-19.6875,-27.7734375,46.93359375,11.07421875,0.615234375,-13.18359375,-21.97265625,-30.76171875,48.33984375,8.7890625,0.0,9.6,8.7,16.8,-11.6,-4.8,3.2
1.623891830444336,-11.651727580409112,-19.445765718270057,-27.858190972987433,47.303911856630414,11.651727424082413,-8.01078776208657e-6,-13.119319505271521,-21.75510400509444,-31.3670660158586,50.014146774723606,12.122545285766083,-8.249612907775582e-6,-11.513671875,-19.86328125,-28.037109375,47.28515625,11.07421875,0.615234375,-13.18359375,-26.3671875,-30.76171875,48.33984375,8.7890625,0.0,9.6,7.9,16.7,-13.2,-5.7,3.2
1.630558967590332,-11.734654544243105,-19.584163934269768,-28.05646158816914,47.640580368717565,11.734654386803804,-8.067801651438505e-6,-13.198943005904102,-21.888407640435044,-31.55743835946624,50.34581182277667,12.204648928972453,-8.306223676752594e-6,-11.6015625,-20.0390625,-28.212890625,47.4609375,11.162109375,0.615234375,-13.18359375,-26.3671875,-30.76171875,48.33984375,8.7890625,0.0,8.8,7.9,16.7,-17.9,-6.5,3.2
1.637225866317749,-11.817449960032318,-19.722342607507105,-28.25441768427818,47.97671481947586,11.817449801482185,-8.124725098968834e-6,-13.278321990933062,-22.021311865041916,-31.747226089132766,50.676732780385166,12.286584487735567,-8.362725455458993e-6,-11.689453125,-20.126953125,-28.388671875,47.8125,11.25,0.615234375,-13.18359375,-26.3671875,-30.76171875,48.33984375,8.7890625,0.0,8.7,7.9,16.7,-18.1,-5.6,3.2
1.643892765045166,-11.90011108549842,-19.86029716134725,-28.45205270478351,48.31230407574999,11.900110925839252,-8.181556219308234e-6,-13.357454557489858,-22.153807260692876,-31.936424655277445,51.00689997724637,12.368349470282322,-8.419116484452989e-6,-11.77734375,-20.302734375,-28.65234375,48.1640625,11.42578125,0.615234375,-13.18359375,-21.97265625,-30.76171875,43.9453125,13.18359375,0.0,8.7,7.9,16.8,-17.3,-5.6,3.2
1.650559902191162,-11.982630847972569,-19.998015792093277,-28.64934973959538,48.64731942378048,11.982630687206267,-8.238290149860272e-6,-13.436331083442536,-22.285896531044497,-32.125011052282645,51.336279852924335,12.449935956489622,-8.47539146955064e-6,-11.77734375,-20.478515625,-28.828125,48.603515625,11.513671875,0.615234375,-13.18359375,-21.97265625,-30.76171875,43.9453125,13.18359375,0.0,9.5,8.1,16.8,-17.3,-5.6,3.2
1.657226800918579,-12.064999765635363,-20.135482675376,-28.84628611857034,48.9817223690912,12.064999603763951,-8.294920371690972e-6,-13.514945087625584,-22.417555980445837,-32.31296978428775,51.66483927236959,12.531335387861663,-8.531544357730332e-6,-11.865234375,-20.56640625,-29.00390625,48.8671875,11.689453125,0.615234375,-13.18359375,-21.97265625,-30.76171875,43.9453125,13.18359375,0.0,9.7,8.1,16.8,-17.0,-3.9,3.2
1.6638939380645752,-12.147218158268075,-20.27269834488381,-29.042862606275495,49.3155142099364,12.14721799529357,-8.35144710465613e-6,-13.593297607910438,-22.54878072861989,-32.50030333274629,51.992580812503675,12.6125483043622,-8.587575479924227e-6,-11.953125,-20.7421875,-29.267578125,49.306640625,11.77734375,0.615234375,-8.7890625,-21.97265625,-30.76171875,57.12890625,17.578125,0.0,9.7,8.1,16.0,-13.0,-3.0,3.2
1.6705608367919922,-12.229269681838415,-20.4096355237841,-29.239040125658157,49.64862859249368,12.229269517763058,-8.40785911191787e-6,-13.67137023008402,-22.679560115755486,-32.68696767099692,52.31943402967735,12.693557640628526,-8.64347322999049e-6,-12.041015625,-20.91796875,-29.443359375,49.658203125,11.77734375,0.615234375,-8.7890625,-21.97265625,-26.3671875,57.12890625,17.578125,0.0,9.6,7.1,16.0,-11.4,-5.4,3.2
1.6772289276123047,-12.31116879224657,-20.546318337773798,-29.434853239423727,49.98112420510976,12.311168627072401,-8.464166332186779e-6,-13.749179299345695,-22.80990767677312,-32.873001878882675,52.64546123790997,12.774378488035808,-8.69924787076012e-6,-12.12890625,-21.005859375,-29.619140625,49.833984375,11.77734375,0.615234375,-8.7890625,-21.97265625,-26.3671875,57.12890625,17.578125,0.0,9.6,7.1,16.0,-14.4,-5.9,3.2
1.6838958263397217,-12.392880776615174,-20.682688853943304,-29.6302189523288,50.312860119765176,12.392880610344708,-8.520344899689197e-6,-13.826692581466991,-22.939762454572964,-33.058328887377876,52.97052557430219,12.854976818492567,-8.754875877051412e-6,-12.216796875,-21.181640625,-29.8828125,50.2734375,11.865234375,0.615234375,-13.18359375,-21.97265625,-26.3671875,43.9453125,8.7890625,0.0,9.6,7.1,16.0,-14.7,-4.7,3.2
1.6905629634857178,-12.474412300352991,-20.81875819630631,-29.825153200742378,50.643863396817,12.474412132988649,-8.576399397022393e-6,-13.903913587583322,-23.06915185599101,-33.242957091278896,53.29464830641104,12.93535829277197,-8.810361322417431e-6,-12.3046875,-21.26953125,-30.05859375,50.44921875,11.953125,0.615234375,-13.18359375,-21.97265625,-30.76171875,43.9453125,8.7890625,0.0,8.7,7.1,15.2,-15.5,-5.5,3.2
1.6972298622131348,-12.55575490489582,-20.954512248221608,-30.019635761028496,50.9740996960206,12.55575473644014,-8.632324008760106e-6,-13.980836964893456,-23.198052029570217,-33.42687369253861,53.617800664273446,13.015515412957313,-8.865698876496328e-6,-12.392578125,-21.4453125,-30.234375,50.80078125,12.041015625,0.615234375,-13.18359375,-21.97265625,-30.76171875,43.9453125,8.7890625,0.0,8.7,7.1,15.9,-19.5,-5.8,3.2
1.7038969993591309,-12.63690911710322,-21.089951888974042,-30.213667892859092,51.30357115633071,12.636908947558723,-8.688119097128451e-6,-14.057463964615087,-23.32645780769894,-33.61008168270149,53.93998607811907,13.095448928337095,-8.920889013749238e-6,-12.48046875,-21.62109375,-30.41015625,51.240234375,12.216796875,0.615234375,-13.18359375,-17.578125,-30.76171875,43.9453125,13.18359375,0.0,9.5,7.1,16.7,-20.3,-5.5,3.2
1.7105638980865479,-12.71785780699958,-21.225048530056878,-30.407208640064468,51.63220823313685,12.717857636369025,-8.743772884938337e-6,-14.133775582290408,-23.454360179637334,-33.79253562388624,54.26113125287183,13.175141045658354,-8.975919616848032e-6,-12.48046875,-21.708984375,-30.5859375,51.50390625,12.3046875,0.615234375,-13.18359375,-17.578125,-26.3671875,43.9453125,13.18359375,0.0,9.5,7.2,15.9,-20.3,-4.7,3.2
1.7172307968139648,-12.798601734042851,-21.359803438942365,-30.60025981843757,51.96001400970127,12.798601562328985,-8.799285894331777e-6,-14.209775234784992,-23.5817490072168,-33.97424368549889,54.58124413784141,13.254593367870356,-9.030791635211424e-6,-12.568359375,-21.884765625,-30.76171875,52.03125,12.392578125,0.615234375,-8.7890625,-17.578125,-26.3671875,43.9453125,13.18359375,0.0,9.7,7.2,16.9,-14.9,-3.9,3.2
1.723897933959961,-12.879138633465251,-21.49421283592115,-30.79281601313044,52.286979291475376,12.879138460670852,-8.854656568237174e-6,-14.285461550993775,-23.708614396779502,-34.15520258935547,54.90031710441967,13.33380389876286,-9.08550364690035e-6,-12.65625,-22.060546875,-31.025390625,52.3828125,12.48046875,0.615234375,-8.7890625,-21.97265625,-26.3671875,61.5234375,13.18359375,0.0,9.7,6.4,16.1,-11.3,-3.1,3.2
1.730564832687378,-12.959451009093584,-21.628247521333133,-30.9848353924292,52.613033047152506,12.959450835221666,-8.909872877697523e-6,-14.360815265634368,-23.834948180869993,-34.33536627396745,55.218275554453214,13.4127545103353,-9.140043298631279e-6,-12.744140625,-22.060546875,-31.201171875,52.646484375,12.48046875,0.615234375,-8.7890625,-21.97265625,-30.76171875,61.5234375,13.18359375,0.0,9.6,7.2,15.3,-10.5,-4.7,3.2
1.737231969833374,-13.039542943174208,-21.761914308108476,-31.176327716603126,52.93819184991641,13.039542768227728,-8.964937629336041e-6,-14.435842939276013,-23.960744527403683,-34.51475042504237,55.53514064206814,13.491450080709605,-9.194413800756292e-6,-12.83203125,-22.236328125,-31.46484375,52.998046875,12.48046875,0.615234375,-13.18359375,-21.97265625,-30.76171875,61.5234375,13.18359375,0.0,9.6,7.2,15.0,-13.6,-6.6,3.2
1.7439019680023193,-13.119440807037732,-21.89525720780797,-31.367356037037442,53.26256276261161,13.119440631019293,-9.019868953951879e-6,-14.5105699818537,-24.086038102074664,-34.69341579535844,55.85101794731303,13.5699167359806,-9.248633163596486e-6,-12.919921875,-22.412109375,-31.640625,53.26171875,12.65625,0.615234375,-13.18359375,-17.578125,-30.76171875,43.9453125,8.7890625,0.0,9.6,6.4,15.0,-16.5,-4.8,3.2
1.7505688667297363,-13.199061027926685,-22.028136744439667,-31.55772053908479,53.58580649492038,13.199060850840011,-9.074609393660088e-6,-14.584915395145995,-24.21071862711962,-34.87116872574319,56.165571755173715,13.648071475403206,-9.30264420391447e-6,-12.919921875,-22.5,-31.728515625,53.525390625,12.744140625,0.615234375,-13.18359375,-17.578125,-30.76171875,43.9453125,8.7890625,0.0,9.6,7.1,15.8,-17.3,-4.8,3.2
1.7572388648986816,-13.278476534227835,-22.16067462942476,-31.747595587697646,53.908219122935776,13.278476356075675,-9.129209088135162e-6,-14.65895008194091,-24.33488690598665,-35.048178738131895,56.47909531595364,13.725986774774842,-9.35649684392872e-6,-13.095703125,-22.67578125,-31.9921875,53.876953125,12.83203125,0.615234375,-13.18359375,-17.578125,-30.76171875,43.9453125,8.7890625,0.0,8.7,6.3,15.2,-15.2,-3.9,3.2
1.7639060020446777,-13.357611486061192,-22.292744292301663,-31.93679985681552,54.22949275042755,13.357611306847312,-9.183615895994788e-6,-14.732604118272311,-24.458417769590255,-35.224278650860846,56.79129060089315,13.80358846405918,-9.410139775263266e-6,-13.18359375,-22.763671875,-32.16796875,54.228515625,12.919921875,0.615234375,-13.18359375,-17.578125,-30.76171875,48.33984375,13.18359375,0.0,8.7,7.1,16.0,-14.1,-5.7,3.2
1.7705748081207275,-13.436507106028706,-22.424414530169688,-32.12543190582451,54.54979473372249,13.436506925756312,-9.237858158573997e-6,-14.805913055527235,-24.581397545657467,-35.39955346397167,57.10231495449747,13.880916046408382,-9.463600473360336e-6,-13.271484375,-22.939453125,-32.431640625,54.580078125,13.0078125,0.615234375,-13.18359375,-17.578125,-26.3671875,48.33984375,13.18359375,0.0,9.6,7.3,15.2,-16.5,-4.7,3.2
1.7772448062896729,-13.51515706928678,-22.55567478739013,-32.313476612615105,54.86909939509671,13.51515688795917,-9.291931527420663e-6,-14.878873822946344,-24.70380171943719,-35.57399583556597,57.41214857885093,13.957964212871246,-9.516875103320767e-6,-13.359375,-23.02734375,-32.607421875,54.84375,13.0078125,0.615234375,-13.18359375,-17.578125,-26.3671875,48.33984375,13.18359375,0.0,8.8,7.3,15.2,-17.9,-5.5,3.2
1.783911943435669,-13.593508934607149,-22.686437543907978,-32.50080859511482,55.187193832624494,13.593508752228322,-9.345799948177462e-6,-14.951438596890947,-24.82554226575222,-35.747491423796106,57.72058635098955,14.034681842209604,-9.569928270431655e-6,-13.359375,-23.203125,-32.783203125,55.283203125,13.095703125,0.615234375,-13.18359375,-21.97265625,-26.3671875,48.33984375,13.18359375,0.0,9.6,7.3,15.2,-14.2,-4.8,3.2
1.790578842163086,-13.671580663301487,-22.816732775660824,-32.68747079714012,55.50415096599081,13.671580479875201,-9.399475769593086e-6,-15.023621230402036,-24.946670308175122,-35.92007334998755,58.02769375059451,14.111085609878213,-9.622771673318775e-6,-13.447265625,-23.291015625,-32.958984375,55.634765625,13.18359375,0.615234375,-13.18359375,-21.97265625,-30.76171875,48.33984375,13.18359375,0.0,9.7,8.1,16.0,-14.2,-5.7,3.2
1.797245979309082,-13.749377937858814,-22.946569966250944,-32.87347680499084,55.81999386507589,13.749377753388751,-9.452962898488493e-6,-15.095429947037701,-25.067179042308624,-36.09176127589864,58.33349857162213,14.187182020235547,-9.675409636073803e-6,-13.53515625,-23.466796875,-33.134765625,55.8984375,13.271484375,0.615234375,-8.7890625,-21.97265625,-30.76171875,48.33984375,13.18359375,0.0,9.7,7.3,16.1,-15.2,-5.7,3.2
1.8039138317108154,-13.826901631517508,-23.075950573040668,-33.058828706498254,56.13472607506998,13.82690144600734,-9.506261935231936e-6,-15.166866302937681,-25.18706325122632,-36.26255892211395,58.63800557149413,14.262972155153134,-9.727842864285523e-6,-13.623046875,-23.5546875,-33.310546875,56.25,13.447265625,0.615234375,-8.7890625,-17.578125,-30.76171875,52.734375,13.18359375,0.0,9.7,7.3,16.1,-13.6,-3.9,3.2
1.8105838298797607,-13.904154753794504,-23.204879618663846,-33.24353369713592,56.4483598140689,13.904154567247865,-9.559374948924437e-6,-15.237930127121903,-25.306351767343415,-36.43246587983613,58.94122103541513,14.338457991479434,-9.780072902634367e-6,-13.7109375,-23.73046875,-33.57421875,56.6015625,13.53515625,0.615234375,-8.7890625,-17.578125,-26.3671875,52.734375,13.18359375,0.0,8.7,7.1,15.3,-12.8,-3.9,3.2
1.8172597885131836,-13.981181632776224,-23.33343108301549,-33.4276977612129,56.76107504610616,13.981181445196146,-9.612332415981594e-6,-15.308665018230041,-25.425095832679354,-36.60158638933528,59.24332411776126,14.413683739163412,-9.832130174737412e-6,-13.798828125,-23.818359375,-33.75,56.865234375,13.623046875,0.615234375,-13.18359375,-17.578125,-26.3671875,52.734375,13.18359375,0.0,8.7,7.1,15.1,-15.2,-3.9,3.2
1.823927879333496,-14.057818346603781,-23.461331394125963,-33.610928976894584,57.07220627800828,14.057818157995495,-9.66502163695931e-6,-15.37892128263471,-25.543036673660733,-36.76956254714768,59.54367339565667,14.488489565098845,-9.883904025816681e-6,-13.88671875,-23.994140625,-33.92578125,57.12890625,13.623046875,0.615234375,-13.18359375,-21.97265625,-26.3671875,43.9453125,13.18359375,0.0,8.7,6.3,15.1,-14.4,-4.0,3.2
1.8305959701538086,-14.134141852091137,-23.58870898652691,-33.793411340726166,57.382065940555954,14.13414166245885,-9.717495521153588e-6,-15.448766746351865,-25.66031852871161,-36.936556518934395,59.84256533788927,14.56294969158542,-9.935445990283184e-6,-13.88671875,-24.08203125,-34.1015625,57.48046875,13.623046875,0.615234375,-13.18359375,-21.97265625,-30.76171875,43.9453125,13.18359375,0.0,9.7,7.1,15.1,-13.6,-5.8,3.2
1.837263822555542,-14.210150984593437,-23.715561916522788,-33.975142068150696,57.69064930550117,14.210150793941363,-9.769753267848593e-6,-15.51820356854347,-25.77692114510499,-37.10257346704976,60.140001302580465,14.63706400897454,-9.986755801825661e-6,-13.974609375,-24.169921875,-34.27734375,57.744140625,13.7109375,0.615234375,-8.7890625,-21.97265625,-30.76171875,43.9453125,13.18359375,0.0,9.7,7.1,15.2,-15.2,-5.8,3.2
1.8439319133758545,-14.285846676023858,-23.841891739399298,-34.156123387285426,57.99796015624333,14.285846484356206,-9.82179551775264e-6,-15.58723333731532,-25.892840339296654,-37.2676171885062,60.43598623254914,14.710833648510686,-1.0037834201616036e-5,-14.0625,-24.345703125,-34.453125,58.095703125,13.798828125,0.615234375,-8.7890625,-17.578125,-30.76171875,43.9453125,4.39453125,0.0,8.9,7.1,15.2,-13.6,-4.7,3.2
1.8506019115447998,-14.36123333436532,-23.96770581171387,-34.33636583720529,58.3040163883978,14.361233141686231,-9.873625301439117e-6,-15.655857072658533,-26.0081092434868,-37.43169012200709,60.73053170662109,14.784261918852925,-1.0088683662012975e-5,-14.150390625,-24.521484375,-34.62890625,58.447265625,13.974609375,0.615234375,-8.7890625,-17.578125,-26.3671875,43.9453125,4.39453125,0.0,8.7,6.4,15.2,-13.6,-4.0,3.2
1.8572719097137451,-14.436291469255767,-24.09297160567082,-34.51582281827736,58.60873887461098,14.436291275569655,-9.925229218907666e-6,-15.724060289767392,-26.122678244685257,-37.59475763573659,61.02356755439032,14.857330873388829,-1.0139291562197145e-5,-14.23828125,-24.609375,-34.8046875,58.623046875,13.974609375,0.615234375,-13.18359375,-17.578125,-26.3671875,43.9453125,4.39453125,0.0,8.7,6.4,15.2,-15.2,-4.8,3.2
1.8639428615570068,-14.511027354251421,-24.217699591314467,-34.69450932998784,58.91215308438926,14.511027159562605,-9.976611583349358e-6,-15.791849407452453,-26.236551608411304,-37.75683507647044,61.31511952770023,14.930046835455643,-1.0189662240857072e-5,-14.326171875,-24.697265625,-35.068359375,58.88671875,14.0625,0.615234375,-13.18359375,-21.97265625,-26.3671875,43.9453125,13.18359375,0.0,8.7,7.2,14.4,-14.6,-3.9,3.2
1.8706128597259521,-14.585404708929515,-24.341829219632135,-34.87233862923887,59.214111725761676,14.585404513242809,-1.0027747451272792e-5,-15.859188518859359,-26.349701728228947,-37.9178365942779,61.605040427989394,15.002373516286927,-1.0239770742529977e-5,-14.4140625,-24.873046875,-35.15625,59.23828125,14.0625,0.615234375,-13.18359375,-21.97265625,-26.3671875,43.9453125,13.18359375,0.0,8.0,6.4,14.4,-11.4,-4.0,3.2
1.8772799968719482,-14.659405631942438,-24.465330614761264,-35.049267915582426,59.514542122486574,14.65940543526289,-1.007862451515573e-5,-15.926064992660589,-26.462080141742536,-38.07773198883614,61.893267053626474,15.074294649394034,-1.0289605585460282e-5,-14.4140625,-24.9609375,-35.33203125,59.501953125,14.150390625,0.615234375,-8.7890625,-21.97265625,-26.3671875,43.9453125,13.18359375,0.0,8.8,6.4,14.3,-10.8,-5.6,3.2
1.8839478492736816,-14.733065586858151,-24.58826296245171,-35.22538197909296,59.813588250251755,14.733065389190337,-1.0129267156886109e-5,-15.992511640567182,-26.573736293270215,-38.2365997098777,62.17993887086313,15.14584493148873,-1.0339190767797708e-5,-14.501953125,-25.13671875,-35.595703125,59.765625,14.23828125,0.615234375,-8.7890625,-17.578125,-26.3671875,43.9453125,8.7890625,0.0,8.8,5.6,13.5,-12.8,-5.0,3.2
1.8906159400939941,-14.806363969969581,-24.710591876827422,-35.40063155823371,60.11116646172371,14.806363771318352,-1.0179661211017364e-5,-16.05850685247378,-26.684667348246524,-38.39438808966166,62.4649699710432,15.217003349652165,-1.038851191138251e-5,-14.58984375,-25.224609375,-35.771484375,60.029296875,14.23828125,0.615234375,-8.7890625,-17.578125,-26.3671875,43.9453125,8.7890625,0.0,8.7,6.4,13.5,-17.3,-6.4,3.2
1.8972828388214111,-14.879288881505506,-24.832297498158407,-35.57498820176456,60.407228445978134,14.879288681875869,-1.0229798496226937e-5,-16.12404349879559,-26.79483290454732,-38.55108008201752,62.74832067641728,15.287759496228015,-1.0437561589337523e-5,-14.58984375,-25.3125,-35.859375,60.205078125,14.326171875,0.615234375,-8.7890625,-17.578125,-26.3671875,43.9453125,8.7890625,0.0,8.7,6.4,14.4,-18.1,-5.6,3.2
1.9039509296417236,-14.951862113315068,-24.953416195231217,-35.74850401195884,60.70186267399103,14.951861912711747,-1.0279693994832021e-5,-16.18914187451249,-26.904261566154084,-38.7067242103442,63.03007689979355,15.35813472754249,-1.048635456589182e-5,-14.677734375,-25.48828125,-36.123046875,60.556640625,14.501953125,0.615234375,-8.7890625,-17.578125,-26.3671875,39.55078125,8.7890625,0.0,8.7,5.6,13.6,-15.2,-3.9,3.2
1.910618782043457,-15.024052404184253,-25.073895795675725,-35.92110424617738,60.994942230873406,15.024052202612381,-1.0329326214144173e-5,-16.25377091123002,-27.012935586988434,-38.86124619301606,63.310111534431144,15.428097726560921,-1.0534869312964808e-5,-14.853515625,-25.576171875,-36.298828125,60.99609375,14.58984375,0.615234375,-8.7890625,-17.578125,-26.3671875,39.55078125,8.7890625,0.0,8.1,6.4,13.6,-14.2,-5.6,3.2
1.9172859191894531,-15.09585906466146,-25.19373514885446,-36.09278725600589,61.28646431757615,15.095858862126182,-1.0378694680152106e-5,-16.31793365539626,-27.12083051506803,-39.01465331380555,63.588428652786476,15.49764899616165,-1.058310596090458e-5,-14.853515625,-25.751953125,-36.38671875,61.259765625,14.677734375,0.615234375,-13.18359375,-17.578125,-26.3671875,39.55078125,8.7890625,0.0,8.9,5.6,14.3,-15.0,-4.8,3.2
1.9239537715911865,-15.16729333962531,-25.31295302153604,-36.263579926897535,61.576474586277754,15.167293136131631,-1.0427807123927064e-5,-16.381640879921928,-27.227959126145635,-39.16697132973472,63.86507310274201,15.566799644529942,-1.063107217242203e-5,-14.94140625,-25.83984375,-36.650390625,61.611328125,14.765625,0.615234375,-13.18359375,-17.578125,-26.3671875,48.33984375,17.578125,0.0,8.9,5.6,13.5,-12.8,-4.0,3.2
1.9306249618530273,-15.238367012949361,-25.431569080026804,-36.433510432991945,61.86502087737888,15.238366808502112,-1.0476671647109714e-5,-16.444899976171463,-27.334369343688902,-39.31821791286469,64.14008459928806,15.635560044158105,-1.0678775333343489e-5,-15.029296875,-26.015625,-36.826171875,61.875,14.765625,0.615234375,-13.18359375,-17.578125,-26.3671875,48.33984375,17.578125,0.0,8.0,4.7,13.5,-9.9,-4.7,3.2
1.9372918605804443,-15.309003956945052,-25.549456273536574,-36.60239676010526,62.15179412619841,15.309003751550097,-1.0525235910443788e-5,-16.50764694190559,-27.4399225938512,-39.46824003982687,64.41317549608527,15.703857746641813,-1.0726164957556394e-5,-15.029296875,-26.103515625,-37.001953125,62.138671875,14.853515625,0.615234375,-8.7890625,-17.578125,-26.3671875,48.33984375,17.578125,0.0,8.8,4.7,12.7,-9.1,-4.7,3.2
1.9439589977264404,-15.379248458448203,-25.666688513116537,-36.770344793920195,62.43697412929983,15.379248252110802,-1.05735303619843e-5,-16.569921961511177,-27.54468160137739,-39.617133787732186,64.68451849451066,15.771735826807289,-1.077327088486286e-5,-15.1171875,-26.19140625,-37.08984375,62.314453125,14.853515625,0.615234375,-8.7890625,-21.97265625,-26.3671875,43.9453125,8.7890625,0.0,8.0,4.7,13.5,-13.0,-4.9,3.2
1.9506278038024902,-15.449099115259333,-25.783263458612204,-36.93735118190895,62.72055519400624,15.449098907984776,-1.0621554037692023e-5,-16.631720726116107,-27.648675418423576,-39.76488885447039,64.9541023423869,15.839191909316014,-1.082009165533034e-5,-15.205078125,-26.3671875,-37.353515625,62.578125,14.94140625,0.615234375,-8.7890625,-21.97265625,-26.3671875,43.9453125,8.7890625,0.0,8.0,4.7,12.7,-17.4,-4.8,3.2
1.9572958946228027,-15.518536646336234,-25.899148931565307,-37.10336982490276,63.0024590427648,15.518536438130058,-1.066929368147803e-5,-16.693029979631113,-27.7518496201958,-39.91147354597178,65.22185963871136,15.906208591742086,-1.0866614962341433e-5,-15.205078125,-26.455078125,-37.44140625,62.75390625,15.029296875,0.615234375,-8.7890625,-21.97265625,-26.3671875,43.9453125,8.7890625,0.0,8.8,4.7,12.8,-18.2,-4.8,3.2
1.9639668464660645,-15.587594168092485,-26.014400200519987,-37.26847990114943,63.282820122240054,15.587593958959792,-1.0716772061516295e-5,-16.753879654619855,-27.854249946274763,-40.05695942819673,65.48791927936806,15.972818040402613,-1.0912863096653755e-5,-15.29296875,-26.54296875,-37.6171875,63.10546875,15.1171875,0.615234375,-8.7890625,-13.18359375,-26.3671875,30.76171875,8.7890625,0.0,8.8,4.7,12.8,-14.2,-4.0,3.2
1.9706339836120605,-15.65618592384207,-26.128874144688908,-37.4324763744327,63.561290275758346,15.656185713789107,-1.0763930218428812e-5,-16.814191163639947,-27.955781563208742,-40.201158605920014,65.7519450977609,16.038936529281784,-1.095877811243583e-5,-15.380859375,-26.630859375,-37.79296875,63.544921875,15.205078125,0.615234375,-8.7890625,-13.18359375,-21.97265625,30.76171875,8.7890625,0.0,8.7,5.6,12.8,-14.2,-4.9,3.2
1.9773008823394775,-15.724355696861117,-26.242643834723964,-37.59546392647116,63.838047255521715,15.724355485893549,-1.0810798254063578e-5,-16.874007087449726,-28.056482441634135,-40.34417288575267,66.01411316816137,16.10460757292746,-1.1004389982428617e-5,-15.46875,-26.71875,-37.880859375,63.720703125,15.205078125,0.615234375,-13.18359375,-13.18359375,-21.97265625,30.76171875,8.7890625,0.0,7.9,5.6,12.8,-15.0,-4.9,3.2
1.9839677810668945,-15.792102043482977,-26.355706861265404,-37.757439105592866,64.113085200504,15.792101831606482,-1.0857375175871892e-5,-16.93332690421012,-28.15634772937924,-40.48600102002627,66.27441922852091,16.16983000128115,-1.104969785157044e-5,-15.556640625,-26.89453125,-38.14453125,64.072265625,15.29296875,0.615234375,-13.18359375,-17.578125,-21.97265625,48.33984375,8.7890625,0.0,7.9,4.8,12.0,-12.8,-3.9,3.2
1.9906349182128906,-15.859410424852241,-26.468038960170922,-37.91836715075419,64.38634508557526,15.859410212072696,-1.090365098810984e-5,-16.992134853755502,-28.25538882071969,-40.6266053276587,66.53280161986547,16.234588802731338,-1.1094691479555495e-5,-15.64453125,-26.982421875,-38.3203125,64.423828125,15.380859375,0.615234375,-13.18359375,-17.578125,-26.3671875,48.33984375,8.7890625,0.0,8.0,5.6,12.0,-12.6,-4.8,3.2
1.9973018169403076,-15.926283206636517,-26.579644079543304,-38.078253718045175,64.65783651491915,15.926282992959766,-1.0949627317219602e-5,-17.050437033488336,-28.35358151965027,-40.76600038696901,66.7892768717471,16.298887547147785,-1.1139373103997994e-5,-15.64453125,-27.0703125,-38.408203125,64.599609375,15.380859375,0.615234375,-8.7890625,-17.578125,-26.3671875,48.33984375,8.7890625,0.0,8.0,5.6,12.8,-13.4,-5.6,3.2
2.0039689540863037,-15.992721438969339,-26.690523971968204,-38.237101318236874,64.9275637518884,15.99272122440121,-1.099530488518826e-5,-17.108235130810804,-28.450924728607045,-40.90419023237802,67.04385034809249,16.36272747285305,-1.1183743541413457e-5,-15.732421875,-27.24609375,-38.583984375,64.951171875,15.46875,0.615234375,-8.7890625,-17.578125,-26.3671875,43.9453125,8.7890625,0.0,8.0,4.8,12.8,-12.2,-4.8,3.2
2.0106358528137207,-16.05870319562942,-26.800642044403155,-38.39485752778474,65.19543777998034,16.05870298017604,-1.104066861731518e-5,-17.165507060962586,-28.547419955314886,-41.04112206128917,67.29643226026977,16.426086500016755,-1.1227787633073975e-5,-15.8203125,-27.333984375,-38.759765625,65.302734375,15.556640625,0.615234375,-8.7890625,-17.578125,-26.3671875,43.9453125,8.7890625,0.0,8.0,4.7,12.8,-11.7,-4.8,3.2
2.017302989959717,-16.124240962317103,-26.910019134445164,-38.551552198830635,65.46150928888578,16.124240745984427,-1.108572709776051e-5,-17.222267764223965,-28.643057078708804,-41.17683159451542,67.54707799260606,16.488977936447014,-1.1271514382216208e-5,-15.8203125,-27.421875,-38.84765625,65.478515625,15.64453125,0.615234375,-8.7890625,-17.578125,-26.3671875,43.9453125,8.7890625,0.0,8.0,4.7,12.8,-12.5,-4.8,3.2
2.02397084236145,-16.18933577546242,-27.01865697180988,-38.70718780938183,65.72578248632367,16.189335558256392,-1.1130481039089916e-5,-17.278518919345316,-28.73783503761051,-41.31132284579187,67.79579285815484,16.551403007410446,-1.1314924596207087e-5,-15.908203125,-27.59765625,-39.0234375,65.7421875,15.732421875,0.615234375,-8.7890625,-17.578125,-26.3671875,43.9453125,13.18359375,0.0,8.0,3.9,12.8,-12.2,-4.0,3.2
2.0306379795074463,-16.253956255739876,-27.126503187008925,-38.861689334405675,65.98812997789372,16.25395603766686,-1.1174908867411029e-5,-17.33423040834479,-28.831742568215567,-41.4445238058406,68.0424511889224,16.61333060876698,-1.1357996832967793e-5,-15.99609375,-27.685546875,-39.287109375,66.09375,15.8203125,0.615234375,-8.7890625,-17.578125,-21.97265625,43.9453125,13.18359375,0.0,8.0,4.1,11.2,-8.4,-3.1,3.2
2.0373048782348633,-16.31811550801669,-27.23357965097742,-39.01508810641411,66.24860496699257,16.31811528908288,-1.1219019592573185e-5,-17.389417744923534,-28.924769613925122,-41.57647156647021,68.28711081189947,16.674774655700183,-1.1400740515615779e-5,-15.99609375,-27.7734375,-39.375,66.181640625,15.8203125,0.615234375,-8.7890625,-17.578125,-21.97265625,43.9453125,13.18359375,0.0,8.0,4.1,11.0,-8.4,-4.7,3.2
2.0439717769622803,-16.381812445892198,-27.339884550602854,-39.16738152792475,66.5072030430295,16.381812226103786,-1.126281246765494e-5,-17.44408083844089,-29.016912330972687,-41.707165910967355,68.52976904682653,16.735734358040535,-1.1443155046132493e-5,-16.083984375,-27.94921875,-39.55078125,66.4453125,15.8203125,0.615234375,-8.7890625,-17.578125,-21.97265625,35.15625,8.7890625,0.0,8.0,3.3,11.0,-11.2,-4.9,3.2
2.0506389141082764,-16.44503173405946,-27.44539229253147,-39.31853293365286,66.76386194742503,16.445031513422858,-1.1306276949336578e-5,-17.498203541563008,-29.10818357138652,-41.8365682325669,68.77036171035627,16.79619402901878,-1.1485229697573295e-5,-16.171875,-28.037109375,-39.638671875,66.62109375,15.908203125,0.615234375,-8.7890625,-17.578125,-21.97265625,35.15625,8.7890625,0.0,7.1,3.9,11.8,-15.8,-4.8,3.2
2.0573179721832275,-16.507891844827405,-27.550300597208384,-39.468825579809554,67.01906265637952,16.507891623347433,-1.1349494489618751e-5,-17.55189120501612,-29.198723855188568,-41.964930415002804,69.00934693369807,16.856268231432388,-1.1527043957614656e-5,-16.259765625,-28.125,-39.814453125,66.796875,15.99609375,0.615234375,-8.7890625,-17.578125,-21.97265625,35.15625,8.7890625,0.0,7.1,3.1,11.2,-15.8,-4.8,3.2
2.0639848709106445,-16.57016294982678,-27.654225900171323,-39.61770996825752,67.27187210817775,16.570162727511345,-1.1392307077058518e-5,-17.604948422767794,-29.28820051066323,-42.09178526072601,69.24585247903798,16.915737585769847,-1.1568445077671604e-5,-16.259765625,-28.30078125,-39.990234375,67.1484375,16.083984375,0.615234375,-8.7890625,-17.578125,-21.97265625,30.76171875,8.7890625,0.0,7.9,3.1,11.2,-11.8,-4.0,3.2
2.0706517696380615,-16.63194185866417,-27.757329768614156,-39.76541756171247,67.52268333235675,16.631941635519873,-1.1434781270130261e-5,-17.657454990763277,-29.376789027614684,-42.21732355437903,69.48024081037074,16.974693629621633,-1.1609496954109388e-5,-16.34765625,-28.388671875,-40.166015625,67.5,16.171875,0.615234375,-8.7890625,-17.578125,-21.97265625,30.76171875,8.7890625,0.0,8.1,3.1,11.2,-11.8,-4.7,3.2
2.0773298740386963,-16.69334126648077,-27.859800281368813,-39.9122178037177,67.77195385085815,16.693341042512696,-1.1476994548920229e-5,-17.70951086077172,-29.464618755880608,-42.341784271294394,69.71294722255534,17.03324525259093,-1.1650275154365269e-5,-16.34765625,-28.4765625,-40.25390625,67.587890625,16.171875,0.615234375,-8.7890625,-17.578125,-21.97265625,30.76171875,8.7890625,0.0,8.1,3.1,11.2,-14.2,-4.7,3.2
2.0839967727661133,-16.754151823651558,-27.961288051296496,-40.05761015889823,68.0188337419737,16.75415159886761,-1.151880298151768e-5,-17.76093939133877,-29.551390033607245,-42.464745078274284,69.9431797350764,17.091193064994673,-1.1690640765138243e-5,-16.435546875,-28.564453125,-40.4296875,67.939453125,16.259765625,0.615234375,-8.7890625,-13.18359375,-21.97265625,39.55078125,13.18359375,0.0,8.1,3.1,11.2,-12.0,-4.0,3.2
2.090664863586426,-16.814469250991195,-28.061952828487776,-40.20182348677007,68.26371161494167,16.814469025397994,-1.156027237783152e-5,-17.811818744312294,-29.63727624167511,-42.586392852987245,70.17129532394794,17.14862732778222,-1.1730656838205108e-5,-16.5234375,-28.65234375,-40.60546875,68.203125,16.259765625,0.615234375,-8.7890625,-13.18359375,-26.3671875,39.55078125,13.18359375,0.0,8.0,3.2,10.4,-9.2,-4.8,3.2
2.097332000732422,-16.874285223956168,-28.161780719970835,-40.3448378841282,68.50655367361728,16.87428499756044,-1.1601397014577302e-5,-17.862146591239103,-29.72223225477079,-42.706722028319476,70.3972712314599,17.205541631936402,-1.177031862123638e-5,-16.5234375,-28.740234375,-40.693359375,68.37890625,16.259765625,0.615234375,-8.7890625,-13.18359375,-26.3671875,39.55078125,13.18359375,0.0,8.0,3.2,10.3,-9.2,-5.6,3.2
2.1039998531341553,-16.933611388874382,-28.260791162499782,-40.486681196253464,68.74740719999062,16.9336111616827,-1.16421848988304e-5,-17.91193356627864,-29.806275511197178,-42.82575802955167,70.6211528852747,17.261947302682334,-1.1809633958790257e-5,-16.611328125,-28.828125,-40.869140625,68.642578125,16.34765625,0.615234375,-8.7890625,-17.578125,-26.3671875,39.55078125,0.0,0.0,8.0,3.2,10.3,-12.3,-5.0,3.2
2.1106679439544678,-16.992424789020834,-28.358945843207024,-40.62729853576331,68.9861789938999,16.992424561040075,-1.1682620247398975e-5,-17.96115731298021,-29.889410142150005,-42.943447404501,70.84284763586535,17.317821456308643,-1.1848587097613183e-5,-16.69921875,-28.916015625,-41.044921875,68.818359375,16.435546875,0.615234375,-8.7890625,-17.578125,-17.578125,39.55078125,0.0,0.0,7.2,3.2,9.5,-14.7,-5.5,3.2
2.117335796356201,-17.05073300336335,-28.456257410760465,-40.76670802326102,69.22289982458715,17.050732774600295,-1.1722708270969791e-5,-18.009828990738843,-29.971612865318523,-43.05981683423737,71.06239301642348,17.37317285274547,-1.1887183849282101e-5,-16.69921875,-29.00390625,-41.1328125,68.994140625,16.5234375,0.615234375,-8.7890625,-17.578125,-17.578125,39.55078125,0.0,0.0,8.0,3.2,10.4,-14.7,-4.7,3.2
2.1240038871765137,-17.108536900180226,-28.55272731424447,-40.90491173471878,69.45757321710558,17.108536670641637,-1.1762449566500944e-5,-18.05795016541397,-30.052886396550264,-43.17487006258423,71.27979373023484,17.428002560618328,-1.1925424911036817e-5,-16.787109375,-29.091796875,-41.30859375,69.345703125,16.611328125,0.615234375,-8.7890625,-8.7890625,-17.578125,30.76171875,13.18359375,0.0,7.2,3.2,10.4,-11.0,-4.0,3.2
2.1306748390197754,-17.165840323046517,-28.648361968266624,-41.04191885976512,69.69021477567651,17.165840092739106,-1.1801846776524527e-5,-18.10552095585365,-30.13327286537514,-43.288607373696166,71.49505821321375,17.482313167267638,-1.196331228481652e-5,-16.875,-29.1796875,-41.396484375,69.609375,16.69921875,0.615234375,-8.7890625,-8.7890625,-21.97265625,30.76171875,13.18359375,0.0,7.1,3.1,10.4,-11.0,-4.0,3.2
2.1373419761657715,-17.222598293620216,-28.743086307709333,-41.17762185939067,69.92064189634604,17.222598062551306,-1.184086897756166e-5,-18.152508936758903,-30.21267465424878,-43.40095124171575,71.70802665850505,17.536063637206716,-1.200081704154047e-5,-16.875,-29.267578125,-41.484375,69.78515625,16.69921875,0.615234375,-8.7890625,-8.7890625,-21.97265625,30.76171875,13.18359375,0.0,7.1,3.1,10.4,-11.8,-4.8,3.2
2.144009828567505,-17.278846469952416,-28.836959842898647,-41.312105988660846,70.14899934436845,17.27884623812885,-1.1879540685211202e-5,-18.19894457293107,-30.29114419480755,-43.51197450513391,71.9188344865532,17.589288016260326,-1.2037962882603457e-5,-16.962890625,-29.443359375,-41.66015625,70.048828125,16.787109375,0.615234375,-8.7890625,-17.578125,-21.97265625,39.55078125,8.7890625,0.0,7.1,2.3,10.4,-10.4,-4.0,3.2
2.1506779193878174,-17.33456243384883,-28.929945159730032,-41.445317647769684,70.37519610591947,17.33456220127774,-1.1917846486531575e-5,-18.244806451234073,-30.368686740665595,-43.62162596714485,72.12739196780089,17.64196408613524,-1.2074734489192296e-5,-17.05078125,-29.53125,-41.8359375,70.3125,16.875,0.615234375,-8.7890625,-17.578125,-17.578125,39.55078125,8.7890625,0.0,7.2,2.5,10.4,-10.4,-3.9,3.2
2.1573448181152344,-17.389746922834046,-29.02204348907076,-41.57725860006947,70.59923517521585,17.38974668952257,-1.1955786888585177e-5,-18.290100130632187,-30.445268712281404,-43.72991891871226,72.33371110152473,17.694094152344334,-1.211113316483748e-5,-17.05078125,-29.53125,-41.923828125,70.400390625,16.875,0.615234375,-8.7890625,-17.578125,-17.578125,39.55078125,8.7890625,0.0,8.0,3.3,10.4,-12.8,-4.7,3.2
2.164015769958496,-17.44443989205076,-29.113321512735933,-41.70802437456979,70.82127876292853,17.44443965800549,-1.1993389361304336e-5,-18.334859214563913,-30.520948296361922,-43.836933702515005,72.53794262701066,17.745716189098204,-1.2147185378484492e-5,-17.138671875,-29.70703125,-42.01171875,70.6640625,16.962890625,0.615234375,-8.7890625,-13.18359375,-17.578125,30.76171875,8.7890625,0.0,7.2,2.5,10.4,-11.2,-4.1,3.2
2.170682907104492,-17.498558747926555,-29.203641388912153,-41.83741749776316,71.04099155405444,17.498558513155196,-1.2030597120012746e-5,-18.379013328177447,-30.595647707562375,-43.94250205886389,72.73977262751202,17.796751270867972,-1.2182836190474389e-5,-17.2265625,-29.794921875,-42.1875,70.927734375,16.962890625,0.615234375,-8.7890625,-13.18359375,-21.97265625,30.76171875,8.7890625,0.0,7.2,2.4,9.6,-11.0,-4.8,3.2
2.177349805831909,-17.552145929937737,-29.293073945560987,-41.96553943846848,71.25854584521073,17.552145694447418,-1.2067439342670066e-5,-18.422602195181923,-30.669390831560747,-44.0467189634325,72.93936890301606,17.847241077857372,-1.2218114400560682e-5,-17.2265625,-29.8828125,-42.275390625,71.103515625,17.05078125,0.615234375,-8.7890625,-13.18359375,-21.97265625,30.76171875,8.7890625,0.0,7.2,2.4,10.3,-12.6,-4.0,3.2
2.1840169429779053,-17.60520231130261,-29.381620640011278,-42.09239228446906,71.4739451815062,17.60520207510045,-1.2103916629630752e-5,-18.465627467767174,-30.74218238385336,-44.149588366452186,73.13673630823803,17.897186705703056,-1.2253020720341588e-5,-17.314453125,-29.970703125,-42.451171875,71.3671875,17.05078125,0.615234375,-8.7890625,-13.18359375,-21.97265625,30.76171875,8.7890625,0.0,7.2,2.4,9.5,-10.6,-3.9,3.2
2.1906847953796387,-17.657713635038284,-29.46925767854254,-42.21794194865211,71.68713168216244,17.6577133981316,-1.2140019178943694e-5,-18.50807485232353,-30.81403918949773,-44.25107609323899,73.33181637844933,17.946573775286396,-1.2287545279450383e-5,-17.40234375,-30.05859375,-42.626953125,71.54296875,17.138671875,0.615234375,-8.7890625,-13.18359375,-17.578125,30.76171875,8.7890625,0.0,6.4,2.2,8.7,-11.2,-4.9,3.2
2.19736385345459,-17.70977447910408,-29.556142903914708,-42.34241455807343,71.89848931663124,17.70977424149892,-1.217581201478268e-5,-18.55002551763669,-30.885054859154636,-44.351376210768585,73.52496927820812,17.995492770747674,-1.2321751038727118e-5,-17.40234375,-30.146484375,-42.71484375,71.806640625,17.138671875,0.615234375,-8.7890625,-13.18359375,-17.578125,30.76171875,4.39453125,0.0,7.2,2.2,9.6,-11.2,-4.9,3.2
2.2040319442749023,-17.761208879105087,-29.64198264616555,-42.46538939832101,72.10730370121549,17.76120864080985,-1.2211174158227498e-5,-18.591338584799352,-30.954994180413017,-44.45015189074864,73.71554369317009,18.043778608301892,-1.2355522514208716e-5,-17.490234375,-30.234375,-42.802734375,71.982421875,17.2265625,0.615234375,-8.7890625,-13.18359375,-17.578125,30.76171875,4.39453125,0.0,6.4,1.4,9.6,-12.0,-4.9,3.2
2.2106988430023193,-17.81207650453571,-29.726876488726006,-42.58700913357565,72.3138170832973,17.812076265557998,-1.2246146633208045e-5,-18.632059863637238,-31.023974238161415,-44.547512660188325,73.90375642970918,18.091486546797533,-1.2388898495560856e-5,-17.490234375,-30.322265625,-42.978515625,72.24609375,17.314453125,0.615234375,-8.7890625,-13.18359375,-17.578125,30.76171875,4.39453125,0.0,6.3,1.7,8.8,-9.6,-3.8,3.2
2.217369794845581,-17.86243047958871,-29.81091309146212,-42.70740077881409,72.51824513751502,17.86243023993542,-1.2280765963632937e-5,-18.672236863107948,-31.092031729277725,-44.64357210856218,74.08981337150556,18.138668034337456,-1.2421914664381245e-5,-17.578125,-30.41015625,-43.06640625,72.421875,17.40234375,0.615234375,-8.7890625,-13.18359375,-17.578125,35.15625,13.18359375,0.0,6.3,1.7,8.8,-10.4,-3.8,3.2
2.2240378856658936,-17.912215464809737,-29.894000097420225,-42.82643202257632,72.72036319566796,17.912215224488502,-1.2314994102558431e-5,-18.71182635079066,-31.15909782149845,-44.73822687119515,74.2735115854242,18.185271480180088,-1.245453486662237e-5,-17.578125,-30.498046875,-43.154296875,72.59765625,17.40234375,0.615234375,-8.7890625,-13.18359375,-17.578125,35.15625,13.18359375,0.0,6.3,0.9,8.8,-9.6,-4.0,3.2
2.230705976486206,-17.961436358826035,-29.97614568200238,-42.944114577021956,72.9201911452989,17.961436117844425,-1.2348834417885377e-5,-18.750829957419878,-31.22521401533852,-44.831480847020934,74.45486455735052,18.23130065687388,-1.2486761894675996e-5,-17.666015625,-30.5859375,-43.2421875,72.861328125,17.40234375,0.615234375,-8.7890625,-13.18359375,-21.97265625,35.15625,13.18359375,0.0,6.4,0.7,9.6,-9.6,-4.9,3.2
2.2373769283294678,-18.01012768652506,-30.05740746437864,-43.060530987928125,73.11786915122221,18.010127444890173,-1.238231064614074e-5,-18.789280090510395,-31.290391224137615,-44.923411519376636,74.63400895510472,18.276789499256786,-1.2518619191297862e-5,-17.666015625,-30.673828125,-43.330078125,72.94921875,17.490234375,0.615234375,-4.39453125,-13.18359375,-21.97265625,35.15625,4.39453125,0.0,6.4,0.7,9.5,-11.2,-4.1,3.2
2.2440478801727295,-18.05826521480534,-30.13774500151509,-43.17562331621551,73.31329883141785,18.05826497252461,-1.2415406126599202e-5,-18.827158506707995,-31.354603967819237,-45.013975270108446,74.81085709696706,18.321715617702655,-1.255009102599014e-5,-17.666015625,-30.673828125,-43.505859375,73.125,17.490234375,0.615234375,-4.39453125,-13.18359375,-21.97265625,26.3671875,4.39453125,0.0,7.2,1.5,8.7,-9.6,-3.9,3.2
2.250715970993042,-18.10581240492916,-30.217097313292836,-43.28930420117935,73.50633184520285,18.105812162010512,-1.2448095738172852e-5,-18.864434362773935,-31.417837675764876,-45.10309835591698,74.98527046080946,18.36604415013783,-1.258115311901097e-5,-17.75390625,-30.849609375,-43.681640625,73.388671875,17.578125,0.615234375,-4.39453125,-13.18359375,-13.18359375,26.3671875,4.39453125,0.0,6.4,0.7,7.9,-6.9,-3.1,3.2
2.2573869228363037,-18.152824006565332,-30.29555577236243,-43.40170454415754,73.69719046635491,18.15282376301595,-1.2480417122316462e-5,-18.901155765941873,-31.480129783067177,-45.19089579669893,75.15745961325091,18.409827836629784,-1.261184210014512e-5,-17.841796875,-30.849609375,-43.76953125,73.564453125,17.578125,0.615234375,-8.7890625,-13.18359375,-13.18359375,30.76171875,4.39453125,0.0,5.6,0.7,7.1,-7.7,-5.0,3.2
2.2640538215637207,-18.199248495638358,-30.373034389320686,-43.51270115590413,73.8856655164232,18.199248251466116,-1.2512334855232965e-5,-18.937283517910014,-31.541420450321368,-45.27727387298055,75.32723760003334,18.453018990226802,-1.2642124484415818e-5,-17.841796875,-30.9375,-43.857421875,73.65234375,17.578125,0.615234375,-8.7890625,-8.7890625,-13.18359375,30.76171875,4.39453125,0.0,6.4,0.7,7.1,-11.5,-5.0,3.2
2.270721912384033,-18.24510701829577,-30.449568455331754,-43.622344594880275,74.07184284495162,18.24510677350826,-1.2543863475307211e-5,-18.972832140174567,-31.60177090002853,-45.36226730430121,75.4946777409553,18.495636569968166,-1.267201369765733e-5,-17.9296875,-30.9375,-43.9453125,73.828125,17.666015625,0.615234375,-8.7890625,-8.7890625,-17.578125,30.76171875,4.39453125,0.0,5.5,1.6,7.9,-9.6,-4.7,3.2
2.27738881111145,-18.290397334679206,-30.525154232258032,-43.7306295057941,74.25571335851933,18.290397089284053,-1.2575001442593321e-5,-19.00780514150898,-31.66114310428336,-45.445884479810076,75.65978171861664,18.537680213763462,-1.2701509154172905e-5,-17.9296875,-31.025390625,-44.033203125,74.00390625,17.666015625,0.615234375,-4.39453125,-8.7890625,-17.578125,21.97265625,4.39453125,0.0,6.3,0.8,7.1,-10.4,-4.7,3.2
2.284060001373291,-18.33515351021779,-30.59984857247179,-43.83763733590083,74.43741535662274,18.33515326422216,-1.2605772177731782e-5,-19.042229806031983,-31.719590571519475,-45.52819063328343,75.8226753329249,18.57918181811775,-1.2730633175332962e-5,-17.9296875,-31.11328125,-44.208984375,74.1796875,17.75390625,0.615234375,-4.39453125,-8.7890625,-17.578125,21.97265625,4.39453125,0.0,6.3,0.8,7.1,-9.6,-4.1,3.2
2.290726900100708,-18.3793026590107,-30.67352983545733,-43.94319382182793,74.61665293565409,18.37930241242274,-1.2636125570258009e-5,-19.076048188040094,-31.77705086771951,-45.60904722196334,75.98308936012815,18.620073092811147,-1.2759337969389631e-5,-18.017578125,-31.201171875,-44.296875,74.35546875,17.75390625,0.615234375,-4.39453125,-8.7890625,-17.578125,21.97265625,4.39453125,0.0,6.4,0.9,6.3,-8.5,-3.9,3.2
2.297597885131836,-18.424214665386707,-30.748484244397822,-44.05057422889361,74.79898757884355,18.424214418196176,-1.2667003442107035e-5,-19.11030907952416,-31.83525791063487,-45.69096180941668,76.14599984822895,18.661622583229395,-1.2788514072502413e-5,-18.017578125,-31.2890625,-44.384765625,74.53125,17.841796875,0.615234375,-4.39453125,-8.7890625,-17.578125,21.97265625,8.7890625,0.0,6.4,0.9,7.2,-10.7,-4.9,3.2
2.304264783859253,-18.467212919217346,-30.820244759266988,-44.15337903259783,74.97355273196416,18.467212671449925,-1.2696565572117417e-5,-19.142970399409585,-31.890767341838128,-45.769051970769894,76.3016970762568,18.70135392507271,-1.2816422603646478e-5,-18.017578125,-31.2890625,-44.47265625,74.619140625,17.841796875,0.615234375,-4.39453125,-13.18359375,-17.578125,21.97265625,8.7890625,0.0,6.4,0.9,6.4,-11.5,-4.9,3.2
2.3109328746795654,-18.509642676652717,-30.891056500863012,-44.25482461458684,75.14580989228394,18.509642428316035,-1.2725736849875665e-5,-19.17506108421341,-31.945340380020724,-45.84577779700893,76.45506568070668,18.74051251457493,-1.2843937913503226e-5,-18.10546875,-31.376953125,-44.560546875,74.8828125,17.9296875,0.615234375,-4.39453125,-13.18359375,-13.18359375,21.97265625,8.7890625,0.0,6.5,0.8,6.4,-8.8,-3.9,3.2
2.317600965499878,-18.55150570138531,-30.960922412642212,-44.35491519168447,75.31576622007623,18.551505452486968,-1.2754518487954438e-5,-19.206586577324963,-31.998942659468973,-45.921152302768554,76.6061197137411,18.779101316238233,-1.2871061824844971e-5,-18.10546875,-31.46484375,-44.6484375,75.05859375,18.017578125,0.615234375,-4.39453125,-13.18359375,-13.18359375,26.3671875,4.39453125,0.0,6.5,0.8,7.2,-10.4,-4.0,3.2
2.324267864227295,-18.592786978662993,-31.02981743623017,-44.45361486502254,75.48336075815622,18.592786729210793,-1.2782900163421635e-5,-19.23753558244427,-32.05158939360747,-45.995148479652,76.75480468916811,18.81710642315535,-1.2897784571573857e-5,-18.10546875,-31.46484375,-44.736328125,75.146484375,18.017578125,0.615234375,-4.39453125,-8.7890625,-13.18359375,26.3671875,4.39453125,0.0,6.5,0.8,7.2,-11.2,-4.8,3.2
2.3309359550476074,-18.63349720176687,-31.09775941782503,-44.550949201236136,75.648636919316,18.63349695176848,-1.2810889228114554e-5,-19.26791702183518,-32.103304047489516,-46.0677876599577,76.90116054257211,18.85453791689974,-1.2924113192908177e-5,-18.10546875,-31.552734375,-44.82421875,75.41015625,18.10546875,0.615234375,-4.39453125,-8.7890625,-13.18359375,26.3671875,4.39453125,0.0,7.3,0.8,7.2,-8.8,-4.1,3.2
2.3376028537750244,-18.673631556616506,-31.16474032312634,-44.64690669030915,75.81157515925754,18.673631306079653,-1.2838482372259918e-5,-19.29773154685611,-32.154044352785796,-46.13907140102272,77.04517791084086,18.89139275494053,-1.2950045278542762e-5,-18.10546875,-31.640625,-44.912109375,75.5859375,18.10546875,0.615234375,0.0,-8.7890625,-13.18359375,26.3671875,8.7890625,0.0,8.1,0.8,7.1,-10.4,-4.8,3.2
2.3442699909210205,-18.71319131675707,-31.230762277575202,-44.741490377168965,75.9721806483444,18.713191065689454,-1.2865680471444618e-5,-19.326980197035567,-32.203846595731775,-46.209002188262495,77.18686119031082,18.927672062992816,-1.2975581624936378e-5,-18.10546875,-31.640625,-45.0,75.673828125,18.193359375,0.615234375,0.0,-8.7890625,-13.18359375,26.3671875,8.7890625,0.0,8.1,0.8,6.3,-10.4,-4.0,3.2
2.3509368896484375,-18.752169979330688,-31.295814428441872,-44.834684714090585,76.13042698614689,18.75216972774011,-1.2892479054828277e-5,-19.355659205056952,-32.2527122503441,-46.27757101437535,77.32618875542369,18.963370156400018,-1.300071817274526e-5,-18.193359375,-31.728515625,-45.087890625,75.9375,18.193359375,0.615234375,0.0,-8.7890625,-13.18359375,26.3671875,8.7890625,0.0,7.3,0.7,6.3,-7.8,-3.9,3.2
2.3576037883758545,-18.79057896650443,-31.359915838374626,-44.926517010407245,76.28636054460253,18.790578714398535,-1.2918885975371363e-5,-19.383781336892444,-32.30062007595791,-46.34480840160692,77.46320961365487,18.998498921452853,-1.302546301233262e-5,-18.193359375,-31.81640625,-45.17578125,76.11328125,18.28125,0.615234375,-4.39453125,-8.7890625,-13.18359375,30.76171875,4.39453125,0.0,8.1,0.7,6.5,-8.6,-4.0,3.2
2.3642709255218506,-18.828412431475282,-31.423056749544795,-45.01697328695974,76.439957586746,18.82841217886179,-1.294489721328388e-5,-19.411342473063545,-32.347597396487046,-46.41070450066935,77.597902837737,19.03305298420342,-1.3049812359007786e-5,-18.28125,-31.81640625,-45.263671875,76.201171875,18.28125,0.615234375,-4.39453125,-8.7890625,-13.18359375,30.76171875,4.39453125,0.0,7.3,0.7,6.5,-8.8,-4.0,3.2
2.3709378242492676,-18.86566434483737,-31.485227099374665,-45.10603912800249,76.59119363427715,18.865664091724078,-1.2970508623232825e-5,-19.43833939193777,-32.39364638233603,-46.47525160894065,77.7302488592413,19.06702715696818,-1.3073762490887671e-5,-18.28125,-31.904296875,-45.3515625,76.376953125,18.28125,0.615234375,-4.39453125,-8.7890625,-13.18359375,30.76171875,4.39453125,0.0,7.1,0.9,6.5,-6.9,-4.0,3.2
2.3776049613952637,-18.902347656381,-31.54644849998887,-45.19374549527307,76.7401212610084,18.902347402775547,-1.2995729108449166e-5,-19.464785961098155,-32.4387480589848,-46.53848288251498,77.86030210705003,19.10043471840164,-1.3097322480102545e-5,-18.369140625,-31.9921875,-45.439453125,76.552734375,18.369140625,0.615234375,-4.39453125,-8.7890625,-13.18359375,17.578125,8.7890625,0.0,7.1,0.9,6.3,-7.7,-4.0,3.2
2.384272813796997,-18.938457940220363,-31.606713564951516,-45.2800818068924,76.88672249864179,18.938457686130434,-1.3020555626050917e-5,-19.490679237011317,-32.48293156848812,-46.60039128367927,77.98804695810438,19.133271634373237,-1.3120489477608752e-5,-18.369140625,-31.9921875,-45.52734375,76.640625,18.369140625,0.615234375,-4.39453125,-8.7890625,-13.18359375,17.578125,8.7890625,0.0,7.1,0.9,5.5,-9.0,-4.0,3.2
2.3909409046173096,-18.973989560318536,-31.66601288818505,-45.3650345876233,77.03097446588427,18.973989305751893,-1.304498430115384e-5,-19.516016466235705,-32.52619960484343,-46.66097022921232,78.11346557791529,19.16553313431045,-1.3143260044001397e-5,-18.45703125,-32.080078125,-45.615234375,76.728515625,18.369140625,0.615234375,-4.39453125,-8.7890625,-13.18359375,17.578125,8.7890625,0.0,6.3,0.7,5.5,-8.0,-4.0,3.2
2.3976078033447266,-19.0089455698361,-31.7243515651609,-45.44861113728715,77.1728895580169,19.008945314800464,-1.3069017232864796e-5,-19.54080447250388,-32.56852152944093,-46.72023603402048,78.23657749423094,19.197223516855153,-1.3165636912142217e-5,-18.544921875,-32.16796875,-45.703125,76.904296875,18.45703125,0.615234375,-8.7890625,-8.7890625,-13.18359375,17.578125,4.39453125,0.0,5.5,-0.1,5.5,-6.4,-3.1,3.2
2.4042749404907227,-19.043326910925195,-31.781731168252765,-45.53081370848164,77.31247160000747,19.043326655428277,-1.309265506893159e-5,-19.5650443407181,-32.609933322095316,-46.7781912920036,78.35738639414232,19.22834368445109,-1.318762070475029e-5,-18.544921875,-32.16796875,-45.791015625,76.9921875,18.45703125,0.615234375,-8.7890625,-8.7890625,-13.18359375,17.578125,4.39453125,0.0,5.5,-0.1,5.5,-8.0,-3.9,3.2
2.4109418392181396,-19.077128648988655,-31.83814346202777,-45.61163050304643,77.4497005582817,19.07712839303823,-1.3115894416723352e-5,-19.58873407848952,-32.65043847299447,-46.834831239546304,78.47587740962786,19.25888958894771,-1.3209208475428486e-5,-18.6328125,-32.16796875,-45.791015625,77.080078125,18.45703125,0.615234375,-8.7890625,-8.7890625,-13.18359375,17.578125,4.39453125,0.0,4.6,0.7,5.5,-8.0,-4.1,3.2
2.4176089763641357,-19.110363975286454,-31.893610461603352,-45.691093060050456,77.58462998697526,19.110363718890127,-1.313874434548611e-5,-19.611887679291037,-32.69001925121587,-46.89018933373361,78.59210574132484,19.28887471443943,-1.3230409444109778e-5,-18.80859375,-32.255859375,-45.87890625,77.255859375,18.45703125,0.615234375,-13.18359375,-8.7890625,-13.18359375,21.97265625,0.0,0.0,3.8,-0.1,5.6,-8.8,-4.9,3.2
2.4242758750915527,-19.143024153014196,-31.948117585978498,-45.769180490611475,77.7172244162385,19.143023896179674,-1.316119884849808e-5,-19.63449957652257,-32.72869989753702,-46.944252265345284,78.70604137208643,19.31829125505935,-1.3251218071188009e-5,-18.80859375,-32.34375,-45.966796875,77.34375,18.45703125,0.615234375,-13.18359375,-4.39453125,-13.18359375,21.97265625,0.0,0.0,3.8,-0.1,5.6,-9.0,-4.9,3.2
2.4309539794921875,-19.175161741350223,-32.00175255205713,-45.846018458809574,77.84769722685314,19.175161484084533,-1.318329406120955e-5,-19.656607458905754,-32.76655176820117,-46.99711014459013,78.81786972371899,19.347186896187356,-1.3271668014913424e-5,-18.80859375,-32.34375,-46.0546875,77.51953125,18.544921875,0.615234375,-13.18359375,-4.39453125,-8.7890625,21.97265625,0.0,0.0,4.7,-0.0,5.6,-7.0,-3.9,3.2
2.4376208782196045,-19.206680016082895,-32.05435393516242,-45.92137570610036,77.97565573597021,19.20667975839433,-1.3204963483856806e-5,-19.678149716825015,-32.80342747508976,-47.048615668639044,78.92726355099987,19.375476298886202,-1.32916985556412e-5,-18.80859375,-32.431640625,-46.142578125,77.6953125,18.544921875,0.615234375,-4.39453125,-4.39453125,-8.7890625,17.578125,4.39453125,0.0,4.7,-0.0,5.6,-8.0,-4.9,3.2
2.444291830062866,-19.2376455855393,-32.106032899060835,-45.99541148676471,78.1013703613807,19.23764532743529,-1.3226252910951249e-5,-19.699172670443204,-32.83944127835106,-47.098879584669525,79.034455081604,19.403219412306427,-1.3311352102630488e-5,-18.80859375,-32.431640625,-46.23046875,77.783203125,18.6328125,0.615234375,-4.39453125,-8.7890625,-8.7890625,17.578125,4.39453125,0.0,4.7,-0.0,4.8,-8.0,-4.1,3.2
2.4509589672088623,-19.268020883998158,-32.15672674968317,-46.06803598467617,78.22468859303353,19.26802062548661,-1.324713651533392e-5,-19.719652797884116,-32.87455771209594,-47.147845654075354,79.13931767930099,19.43038316084592,-1.333060510469552e-5,-18.80859375,-32.51953125,-46.23046875,77.87109375,18.6328125,0.615234375,-4.39453125,-8.7890625,-13.18359375,17.578125,4.39453125,0.0,5.7,-0.0,4.8,-7.2,-3.9,3.2
2.4576258659362793,-19.297833649274843,-32.20648177913983,-46.13931551835727,78.34572304145489,19.29783339036331,-1.3267633367288646e-5,-19.73961390735545,-32.90877713723588,-47.19557080005458,79.24195679029192,19.456994042504725,-1.3349476004807772e-5,-18.80859375,-32.51953125,-46.318359375,78.046875,18.6328125,0.615234375,0.0,-8.7890625,-13.18359375,17.578125,4.39453125,0.0,5.7,-0.0,4.7,-8.0,-4.9,3.2
2.4642930030822754,-19.32707995957123,-32.25529144227541,-46.209240711155445,78.4644577848519,19.327079700267305,-1.3287740770503457e-5,-19.759054100132122,-32.942130915851266,-47.24205048293308,79.3423597765483,19.483048687880036,-1.336796238123098e-5,-18.80859375,-32.51953125,-46.40625,78.134765625,18.6328125,0.615234375,0.0,-4.39453125,-13.18359375,17.578125,4.39453125,0.0,5.7,-0.0,3.9,-8.0,-4.9,3.2
2.470972776412964,-19.3558120530732,-32.30324292028406,-46.27793645968784,78.58110490083486,19.355811793383793,-1.330749463974013e-5,-19.778009890604388,-32.97468622604595,-47.28737200520315,79.44070895583754,19.508594139727954,-1.3386097505656602e-5,-18.80859375,-32.51953125,-46.494140625,78.22265625,18.720703125,0.615234375,0.0,-4.39453125,-8.7890625,17.578125,4.39453125,0.0,5.7,0.8,3.9,-7.2,-3.9,3.2
2.477642774581909,-19.38394442978649,-32.350193520775655,-46.3451983414641,78.69531727485229,19.383944169719637,-1.3326836192101185e-5,-19.796429956303932,-33.00631434433838,-47.33141265964272,79.53672131677581,19.533556067468083,-1.340382827080148e-5,-18.80859375,-32.607421875,-46.494140625,78.3984375,18.720703125,0.615234375,0.0,-4.39453125,-8.7890625,17.578125,4.39453125,0.0,6.5,-0.0,4.7,-8.0,-4.9,3.2
2.4843108654022217,-19.411505531280643,-32.39619071036786,-46.4110943576172,78.80721037454535,19.411505270844017,-1.334578498171503e-5,-19.814334063444313,-33.03708517415733,-47.37421970541988,79.6304955820704,19.557959976840948,-1.3421172733378649e-5,-18.80859375,-32.607421875,-46.58203125,78.486328125,18.80859375,0.615234375,0.0,-4.39453125,-8.7890625,17.578125,4.39453125,0.0,6.5,-0.0,3.9,-7.2,-4.1,3.2
2.490978956222534,-19.43850422004011,-32.441249279811224,-46.47564569751859,78.91682018000199,19.438503959241253,-1.3364347101710895e-5,-19.8317306447671,-33.067015330257306,-47.4158133044311,79.72206664736424,19.58181453079858,-1.3438136881874981e-5,-18.80859375,-32.6953125,-46.669921875,78.57421875,18.80859375,0.615234375,0.0,-4.39453125,-8.7890625,17.578125,4.39453125,0.0,6.5,-0.0,3.9,-6.2,-3.9,3.2
2.4976468086242676,-19.46495051510565,-32.48538595005276,-46.53887631575777,79.02418736672014,19.464950253951972,-1.3382529440372826e-5,-19.84863138435724,-33.09608609119504,-47.45622139223074,79.81147844445323,19.605130321337366,-1.3454727897482735e-5,-18.720703125,-32.6953125,-46.669921875,78.662109375,18.896484375,0.615234375,0.0,-4.39453125,-8.7890625,17.578125,8.7890625,0.0,7.3,-0.0,4.0,-5.6,-3.1,3.2
2.5043139457702637,-19.49083687980355,-32.52858814300992,-46.60076819285272,79.12928133716422,19.490836618302563,-1.3400326816092074e-5,-19.865032461563775,-33.124326307903814,-47.49543483399972,79.89870679215166,19.627900908359816,-1.347094114918034e-5,-18.720703125,-32.6953125,-46.7578125,78.75,18.896484375,0.615234375,0.0,-4.39453125,-8.7890625,17.578125,8.7890625,0.0,7.3,0.8,4.0,-6.4,-3.9,3.2
2.510983943939209,-19.51617821660814,-32.5708807296748,-46.661356959225884,79.23216259269145,19.516177954767162,-1.341774947460758e-5,-19.880946113039347,-33.15175862697413,-47.53348288643011,79.98380685785861,19.650140252222982,-1.3486786400065153e-5,-18.720703125,-32.783203125,-46.7578125,78.837890625,18.896484375,0.615234375,0.0,-4.39453125,-8.7890625,17.578125,8.7890625,0.0,7.3,-0.0,4.0,-6.4,-4.1,3.2
2.517650842666626,-19.540963032946163,-32.61224452989699,-46.72061513720937,79.33278447552775,19.54096277077266,-1.3434789514553244e-5,-19.896370534349927,-33.1783419625946,-47.570361235288914,80.06675038150638,19.671840075142267,-1.3502257385200022e-5,-18.720703125,-32.87109375,-46.845703125,78.92578125,18.896484375,0.615234375,4.39453125,-4.39453125,-8.7890625,13.18359375,0.0,0.0,8.1,-0.0,4.0,-8.2,-4.9,3.2
2.524317979812622,-19.565198668514313,-32.652691793020786,-46.778560275331586,79.43117678351757,19.565198406015643,-1.3451451982112316e-5,-19.911311535263984,-33.204121307351606,-47.606083771189176,80.14756366652023,19.69300708379976,-1.3517358821643662e-5,-18.720703125,-32.87109375,-46.845703125,79.013671875,18.984375,0.615234375,4.39453125,-8.7890625,-4.39453125,13.18359375,0.0,0.0,8.1,-0.0,4.0,-7.4,-4.1,3.2
2.530984878540039,-19.588885247982873,-32.692222727110526,-46.835192671667514,79.52734002279978,19.588884985166413,-1.3467736962998024e-5,-19.925772327533775,-33.22910311644395,-47.64065817313022,80.2262527427174,19.713642355200534,-1.35320912759173e-5,-18.80859375,-32.87109375,-46.93359375,79.1015625,18.984375,0.615234375,4.39453125,-8.7890625,-4.39453125,13.18359375,0.0,0.0,7.3,-0.0,3.2,-6.4,-3.9,3.2
2.5376667976379395,-19.612086544744525,-32.73094376466257,-46.890664802434955,79.62153310184308,19.61208628161678,-1.3483688302649603e-5,-19.93979700210391,-33.25332659434928,-47.67418985843719,80.30303927820103,19.733803161767714,-1.3546495286340299e-5,-18.80859375,-32.87109375,-46.93359375,79.189453125,19.072265625,0.615234375,-4.39453125,-8.7890625,-4.39453125,13.18359375,8.7890625,0.0,7.3,-0.0,4.0,-8.0,-3.1,3.2
2.544334888458252,-19.634696826766337,-32.76867844769441,-46.94472387223124,79.71332676766923,19.63469656333524,-1.3499233308252221e-5,-19.9533228737192,-33.2767184853398,-47.706528952527265,80.37757497962208,19.75339788660153,-1.356050533522299e-5,-18.80859375,-32.87109375,-47.021484375,79.27734375,19.072265625,0.615234375,-4.39453125,0.0,-8.7890625,13.18359375,8.7890625,0.0,7.3,-0.0,3.2,-7.2,-3.9,3.2
2.551001787185669,-19.656763802536737,-32.805506397711326,-46.99748394759054,79.80291470813403,19.656763538809578,-1.351440478031316e-5,-19.96638255763181,-33.29933436351328,-47.7377534354182,80.45002465006483,19.772469183205864,-1.3574151647634018e-5,-18.896484375,-32.958984375,-47.109375,79.365234375,19.072265625,0.615234375,-4.39453125,0.0,-8.7890625,13.18359375,8.7890625,0.0,7.1,-0.0,2.4,-6.2,-4.1,3.2
2.557668924331665,-19.67830338926098,-32.84145417920703,-47.048983085061955,79.89036154421906,19.678303125244827,-1.3529213662218452e-5,-19.978991222596576,-33.32116506481232,-47.767899574184234,80.52045159200516,19.791032742744445,-1.3587445053283313e-5,-18.984375,-32.958984375,-47.197265625,79.453125,19.072265625,0.615234375,-4.39453125,0.0,-8.7890625,13.18359375,0.0,0.0,6.3,-0.0,2.3,-6.4,-4.0,3.2
2.564335823059082,-19.699309193382785,-32.87651112186704,-47.09920599825041,79.97564131923941,19.69930892908481,-1.3543655558274681e-5,-19.991146658644286,-33.34224114919976,-47.79696208499561,80.58883709128048,19.809083410274702,-1.3600381778651909e-5,-18.984375,-33.046875,-47.197265625,79.541015625,19.072265625,0.615234375,-4.39453125,-8.7890625,-8.7890625,13.18359375,0.0,0.0,6.3,-0.0,2.3,-6.4,-4.0,3.2
2.571002960205078,-19.719786202584288,-32.91068554971865,-47.14816461223742,80.05877428228465,19.71978593801158,-1.3557733897609643e-5,-20.00285561784684,-33.362573059677416,-47.82495711142484,80.65520444323087,19.82662669431233,-1.3612965514469094e-5,-19.16015625,-33.046875,-47.197265625,79.62890625,19.16015625,0.615234375,-4.39453125,-8.7890625,-8.7890625,13.18359375,0.0,0.0,4.6,-0.0,2.3,-5.6,-3.1,3.2
2.577669858932495,-19.73974421262576,-32.94399381107225,-47.1958823477697,80.1398002023742,19.739743947785282,-1.3571455414997727e-5,-20.014129663665717,-33.382146765639646,-47.85191230062688,80.7195968949893,19.843673003345987,-1.3625203308974247e-5,-19.16015625,-33.134765625,-47.28515625,79.716796875,19.16015625,0.615234375,-13.18359375,-8.7890625,-8.7890625,13.18359375,4.39453125,0.0,4.6,-0.0,2.3,-6.4,-4.1,3.2
2.584336996078491,-19.759180303144312,-32.97643103208473,-47.242352222532695,80.21870722336162,19.75918003804307,-1.3584818102633046e-5,-20.024968954461777,-33.400995608959036,-47.87782803122773,80.78200770228946,19.86022028213262,-1.3637093586054632e-5,-19.248046875,-33.134765625,-47.28515625,79.8046875,19.16015625,0.615234375,-13.18359375,-4.39453125,-4.39453125,13.18359375,4.39453125,0.0,3.8,-0.0,2.3,-6.4,-4.1,3.2
2.591005802154541,-19.778102339755865,-33.00801033981583,-47.28759304247847,80.29552727822849,19.77810207440075,-1.3597827368278463e-5,-20.035381980356433,-33.41913288435941,-47.9027246023137,80.84246963687158,19.87627652978528,-1.3648641817417544e-5,-19.3359375,-33.134765625,-47.28515625,79.892578125,19.16015625,0.615234375,-13.18359375,-4.39453125,-4.39453125,13.18359375,4.39453125,0.0,3.8,-0.0,3.1,-5.6,-4.0,3.2
2.5976738929748535,-19.796514921307548,-33.03873940935953,-47.331615803020426,80.37027903746446,19.796514655705398,-1.3610486373730208e-5,-20.045377477911945,-33.436541118981104,-47.92662290218809,80.90100941512279,19.891847758548536,-1.3659851886654806e-5,-19.3359375,-33.22265625,-47.28515625,79.892578125,19.16015625,0.615234375,-8.7890625,-4.39453125,-4.39453125,8.7890625,0.0,0.0,3.8,-0.0,3.3,-6.4,-4.0,3.2
2.604341983795166,-19.814416192298165,-33.068615144038404,-47.37441606782873,80.44295496806943,19.81441592645584,-1.3622793843295369e-5,-20.05495655082417,-33.45325400078999,-47.94952556968451,80.957624355336,19.906932931240675,-1.3670722925555339e-5,-19.423828125,-33.22265625,-47.28515625,79.98046875,19.16015625,0.615234375,-8.7890625,-4.39453125,0.0,8.7890625,0.0,0.0,3.1,-0.0,3.3,-5.6,-4.0,3.2
2.6120247840881348,-19.834419405620682,-33.101998845914196,-47.42224188017858,80.5241644053248,19.834419139509986,-1.3636546438812267e-5,-20.065490783378642,-33.471652158570805,-47.97471193455884,81.02051970512247,19.9237234779,-1.3682836342187268e-5,-19.423828125,-33.22265625,-47.28515625,79.98046875,19.16015625,0.615234375,-4.39453125,-4.39453125,0.0,8.7890625,0.0,0.0,3.1,-0.0,3.3,-5.6,-4.0,3.2
2.6186959743499756,-19.851243217658492,-33.130076391078006,-47.46246604139488,80.59246604696864,19.851242951322075,-1.3648113134536486e-5,-20.074201144746453,-33.486900290889636,-47.995537593994634,81.07309278298798,19.937786805595646,-1.3692994150468975e-5,-19.423828125,-33.22265625,-47.28515625,80.068359375,19.16015625,0.615234375,-4.39453125,0.0,0.0,8.7890625,0.0,0.0,3.1,-0.0,4.0,-5.6,-4.8,3.2
2.6253628730773926,-19.86756604711413,-33.157317837916096,-47.50149240010922,80.65873378971254,19.867565780558717,-1.36593353950591e-5,-20.082516957140456,-33.50146647210734,-48.01541992373233,81.12380457413411,19.951378172171104,-1.3702821943227688e-5,-19.423828125,-33.310546875,-47.28515625,80.15625,19.248046875,0.615234375,-4.39453125,0.0,0.0,8.7890625,0.0,0.0,3.1,-0.0,4.0,-5.6,-4.0,3.2
2.6320297718048096,-19.88340256697369,-33.183747674423735,-47.53935603805908,80.72302720323276,19.883402300205802,-1.3670223308341444e-5,-20.09045023834381,-33.515374093299556,-48.03438765716759,81.17270906456262,19.964511254496212,-1.371232929509389e-5,-19.423828125,-33.310546875,-47.28515625,80.15625,19.248046875,0.615234375,0.0,0.0,0.0,8.7890625,0.0,0.0,3.2,-0.0,4.0,-5.6,-4.0,3.2
2.6386969089508057,-19.898744682600917,-33.209352391325226,-47.576037601726235,80.78531342476656,19.898744415627192,-1.3680771309164753e-5,-20.097998076650807,-33.5286441348174,-48.05243383268436,81.21978207114128,19.977179429991914,-1.372151137639391e-5,-19.423828125,-33.3984375,-47.28515625,80.244140625,19.248046875,0.615234375,0.0,-8.7890625,0.0,0.0,4.39453125,0.0,3.2,-0.0,4.9,-6.4,-4.0,3.2
2.6453638076782227,-19.913609997588743,-33.234161367555295,-47.611579179655045,80.84566392172525,19.913609730415576,-1.3690991500339172e-5,-20.105178095805737,-33.54127710021579,-48.069600587007045,81.26509569619796,19.989400436520487,-1.3730380365534265e-5,-19.423828125,-33.3984375,-47.28515625,80.244140625,19.248046875,0.615234375,0.0,-8.7890625,0.0,0.0,4.39453125,0.0,3.2,-0.0,4.9,-6.4,-4.0,3.2
2.652031898498535,-19.928005709128758,-33.25818661462901,-47.64599797965756,80.90410791340828,19.928005441762448,-1.3700888830072935e-5,-20.111998516147974,-33.55328963927601,-48.08590757419833,81.30868065189948,20.00118171510954,-1.373894132960959e-5,-19.3359375,-33.3984375,-47.28515625,80.33203125,19.248046875,0.615234375,4.39453125,-8.7890625,0.0,0.0,4.39453125,0.0,4.8,-0.0,4.9,-5.6,-4.0,3.2
2.6587018966674805,-19.941925269412433,-33.28141720479769,-47.67927834653591,80.96061881689431,19.94192500185937,-1.3710458796621204e-5,-20.118457754976333,-33.56470338656757,-48.10135101016769,81.3505185391801,20.012518100260746,-1.3747190455777379e-5,-19.3359375,-33.486328125,-47.373046875,80.419921875,19.248046875,0.615234375,4.39453125,-4.39453125,0.0,8.7890625,0.0,0.0,4.8,-0.0,4.1,-5.6,-4.9,3.2
2.6653687953948975,-19.955377035857865,-33.30386708589812,-47.71144026209518,81.01523056179303,19.955376768124324,-1.3719707145870348e-5,-20.12456902599901,-33.57551257423949,-48.11596248765568,81.39065348853315,20.023419769740553,-1.3755134428264479e-5,-19.248046875,-33.486328125,-47.373046875,80.419921875,19.3359375,0.615234375,4.39453125,-4.39453125,-4.39453125,8.7890625,0.0,0.0,5.6,-0.0,4.1,-6.4,-4.1,3.2
2.6720359325408936,-19.968372451073126,-33.32555535469291,-47.74251108454118,81.06798960302882,19.968372183165233,-1.3728641744834427e-5,-20.13034275393083,-33.585737991104516,-48.12976693118054,81.42912941209633,20.033897698737714,-1.3762780869050725e-5,-19.248046875,-33.57421875,-47.373046875,80.5078125,19.3359375,0.615234375,4.39453125,-4.39453125,-4.39453125,8.7890625,0.0,0.0,5.9,-0.0,4.1,-5.6,-3.9,3.2
2.6787109375,-19.980918799309265,-33.346494167992155,-47.77250822983693,81.11892551334678,19.980918531233044,-1.3737267601576732e-5,-20.135784092994264,-33.59541119770169,-48.14277666400615,81.46596993750677,20.043958059984227,-1.377013419797524e-5,-19.248046875,-33.57421875,-47.4609375,80.595703125,19.3359375,0.615234375,4.39453125,-4.39453125,-4.39453125,8.7890625,4.39453125,0.0,5.9,-0.0,4.0,-4.8,-4.0,3.2
2.685377836227417,-19.99300468665973,-33.366664510312006,-47.80140445621742,81.1679920355419,19.99300441842136,-1.374557688256643e-5,-20.140897760357788,-33.60451287086317,-48.155002964441195,81.50116145971722,20.05359524415004,-1.3777189550441658e-5,-19.248046875,-33.57421875,-47.4609375,80.595703125,19.423828125,0.615234375,4.39453125,-4.39453125,-4.39453125,8.7890625,4.39453125,0.0,5.9,-0.0,4.0,-5.6,-3.2,3.2
2.692044973373413,-20.00465065140745,-33.386100658341086,-47.82924886879638,81.21527255133748,20.004650383012827,-1.3753583708269733e-5,-20.145698200148445,-33.61307147677732,-48.166480367042624,81.53477466811312,20.06282752913828,-1.3783959883214824e-5,-19.248046875,-33.57421875,-47.548828125,80.68359375,19.423828125,0.615234375,0.0,-4.39453125,-4.39453125,8.7890625,4.39453125,0.0,5.6,-0.0,3.2,-4.8,-3.1,3.2
2.6987128257751465,-20.015851937686833,-33.40479467493468,-47.856030096743964,81.26074775277729,20.015851669141924,-1.3761284808937193e-5,-20.150186246600065,-33.62110832584234,-48.177210866385494,81.56679962620956,20.071651749001635,-1.3790442721158999e-5,-19.248046875,-33.662109375,-47.63671875,80.68359375,19.423828125,0.615234375,0.0,-4.39453125,-4.39453125,8.7890625,4.39453125,0.0,5.6,-0.0,2.1,-5.6,-3.2,3.2
2.7053799629211426,-20.026624414108504,-33.4227730434861,-47.88178608042415,81.30448206355754,20.026624145419063,-1.3768691094545102e-5,-20.15437821293039,-33.62862696917725,-48.18723346584781,81.59730237005641,20.080084083939198,-1.3796649142117299e-5,-19.3359375,-33.75,-47.63671875,80.771484375,19.423828125,0.615234375,0.0,-4.39453125,-8.7890625,8.7890625,4.39453125,0.0,4.7,-0.0,2.1,-4.8,-3.2,3.2
2.7120468616485596,-20.036974037323557,-33.440045705151384,-47.90653106163263,81.346499666607,20.036973768495265,-1.3775806660406148e-5,-20.15828246143046,-33.635644839296376,-48.19656815888542,81.62631121948357,20.088131197164714,-1.3802583596050779e-5,-19.3359375,-33.75,-47.724609375,80.771484375,19.423828125,0.615234375,-4.39453125,-4.39453125,-8.7890625,8.7890625,4.39453125,0.0,4.7,-0.0,1.3,-4.8,-3.2,3.2
2.7187178134918213,-20.046902585255403,-33.45661562713701,-47.93026929121798,81.386807779974,20.046902316293902,-1.3782632728877013e-5,-20.161903023393858,-33.642187036488814,-48.205224583944265,81.65383593490805,20.09579524440612,-1.3808247477126605e-5,-19.3359375,-33.75,-47.724609375,80.771484375,19.423828125,0.615234375,-4.39453125,-4.39453125,-8.7890625,0.0,0.0,0.0,4.7,-0.0,1.5,-5.6,-4.1,3.2
2.7253849506378174,-20.056416503009025,-33.47249356578801,-47.9530161788235,81.42543256962196,20.05641623391988,-1.3789173731091856e-5,-20.165252614175195,-33.64825250351304,-48.213233142248086,81.67991617758568,20.103085090102795,-1.3813646466921972e-5,-19.3359375,-33.837890625,-47.724609375,80.859375,19.423828125,0.615234375,-4.39453125,-4.39453125,-4.39453125,0.0,0.0,0.0,4.8,-0.0,1.5,-4.8,-4.0,3.2
2.7320659160614014,-20.065545378163147,-33.487728900316164,-47.974842465582874,81.46249415578252,20.065545108951525,-1.3795450009082531e-5,-20.16834788870691,-33.65387390556022,-48.22063365418275,81.70464479812985,20.110025453312563,-1.3818798397333659e-5,-19.423828125,-33.837890625,-47.8125,80.859375,19.423828125,0.615234375,-4.39453125,-4.39453125,-4.39453125,0.0,0.0,0.0,4.0,-0.0,1.5,-4.8,-4.0,3.2
2.7387359142303467,-20.074252024118422,-33.5022595693753,-47.995659241814764,81.49784156757129,20.074251754789984,-1.3801435996343735e-5,-20.171180499702345,-33.6590512675957,-48.22740616216652,81.72792762162055,20.116589149507984,-1.3823682817176722e-5,-19.51171875,-33.837890625,-47.8125,80.859375,19.423828125,0.615234375,-4.39453125,-4.39453125,-4.39453125,0.0,0.0,0.0,3.2,-0.0,1.6,-5.6,-4.0,3.2
2.7454028129577637,-20.082565737141476,-33.51613446600153,-48.01553655215285,81.53159374254531,20.082565467701492,-1.3807151834624619e-5,-20.173771094511658,-33.66379995423915,-48.23360003208266,81.74986683931229,20.122802536895712,-1.382831836903283e-5,-19.51171875,-33.92578125,-47.8125,80.947265625,19.423828125,0.615234375,-4.39453125,-4.39453125,-4.39453125,0.0,0.0,0.0,3.0,-0.0,1.6,-4.8,-4.0,3.2
2.752072811126709,-20.090499845217572,-33.52937583349545,-48.03450626256352,81.56380478992028,20.090499575671142,-1.381260668717249e-5,-20.17613088130766,-33.6681432605492,-48.2392420616242,81.77051121858256,20.128677959870387,-1.3832713700010472e-5,-19.51171875,-33.92578125,-47.8125,80.947265625,19.423828125,0.615234375,-4.39453125,-4.39453125,-4.39453125,0.0,0.0,0.0,3.0,-0.0,1.6,-4.8,-4.0,3.2
2.758739948272705,-20.0980455088341,-33.54196891944458,-48.05254723859875,81.5944388228697,20.098045239186433,-1.3817794476651686e-5,-20.178262455123054,-33.672098201463754,-48.24433845527162,81.78984627488008,20.134210306847095,-1.3836864626748442e-5,-19.51171875,-33.92578125,-47.8125,80.947265625,19.423828125,0.615234375,-4.39453125,-4.39453125,-4.39453125,0.0,0.0,0.0,3.8,-0.0,1.6,-5.6,-4.0,3.2
2.7654078006744385,-20.10522439568462,-33.55394988543007,-48.069711285687475,81.62358380832033,20.105224125940637,-1.3822730100020037e-5,-20.180183137715698,-33.67567665524491,-48.24893062772803,81.80795183951822,20.139419828833145,-1.3840785326628922e-5,-19.599609375,-33.92578125,-47.8125,80.947265625,19.423828125,0.615234375,-4.39453125,-4.39453125,0.0,0.0,0.0,0.0,3.2,-0.0,1.6,-5.6,-4.0,3.2
2.7720749378204346,-20.1120410257805,-33.56532627497556,-48.08600921075419,81.65125809670286,20.112040755945063,-1.3827416664872669e-5,-20.18190186327253,-33.678897372814625,-48.253039939798875,81.82485442371734,20.14431246357222,-1.3844479626386586e-5,-19.599609375,-34.013671875,-47.8125,81.03515625,19.423828125,0.615234375,-4.39453125,-4.39453125,0.0,0.0,0.0,0.0,3.2,-0.8,1.6,-4.8,-4.0,3.2
2.7787418365478516,-20.11849530748968,-33.57609793515473,-48.10144079471519,81.67746131600762,20.118495037567648,-1.3831854108210761e-5,-20.183424781961175,-33.68178168893296,-48.256681095959784,81.84056423578646,20.14888991960097,-1.3847948364369569e-5,-19.599609375,-34.013671875,-47.8125,81.03515625,19.423828125,0.615234375,-4.39453125,-4.39453125,0.0,0.0,0.0,0.0,3.2,-0.8,1.6,-4.8,-4.0,3.2
2.7854089736938477,-20.124604933866728,-33.58629439420635,-48.1160483400093,81.70226529684416,20.124604663862726,-1.3836054594351071e-5,-20.184767705144417,-33.684341117056015,-48.25989189970048,81.85515011637173,20.153169390252447,-1.3851203457581442e-5,-19.599609375,-34.013671875,-47.8125,81.03515625,19.423828125,0.615234375,-4.39453125,-4.39453125,0.0,0.0,0.0,0.0,3.2,-0.9,1.6,-4.8,-4.0,3.2
2.7920758724212646,-20.130376032165977,-33.59592587800905,-48.12984649632858,81.72569491475957,20.130375762084544,-1.3840022335899296e-5,-20.185940463953756,-33.68659551939968,-48.26269585633699,81.86864360233513,20.15715815274287,-1.3854249699688948e-5,-19.599609375,-34.1015625,-47.8125,81.03515625,19.423828125,0.615234375,-4.39453125,-4.39453125,0.0,0.0,0.0,0.0,3.2,-1.7,1.6,-4.8,-4.0,3.2
2.7987427711486816,-20.13580920928328,-33.60499339942164,-48.14283671470431,81.74775263364157,20.135808939128953,-1.3843757750108063e-5,-20.186950358023495,-33.68856619747462,-48.265110418612245,81.88105860057512,20.160858765150685,-1.3857088486247897e-5,-19.599609375,-34.1015625,-47.8125,81.03515625,19.423828125,0.615234375,0.0,-4.39453125,0.0,0.0,0.0,0.0,3.2,-1.7,1.6,-4.8,-4.0,3.2
2.8054099082946777,-20.14092167881941,-33.61352568651428,-48.155060151246076,81.76850833760373,20.14092140859649,-1.3847272671660377e-5,-20.187812744759057,-33.690266314427035,-48.26717230464641,81.8924621098331,20.164287961769027,-1.3859731415677931e-5,-19.51171875,-34.1015625,-47.8125,81.123046875,19.423828125,0.615234375,0.0,-4.39453125,0.0,0.0,0.0,0.0,4.0,-1.7,1.6,-4.8,-4.0,3.2
2.8120768070220947,-20.145720157538783,-33.62153394900901,-48.16653286510946,81.78798929549782,20.145719887251484,-1.3850571718461508e-5,-20.18853808649807,-33.69171628902079,-48.268906528910286,81.90288813960099,20.167453623202515,-1.3862183694016379e-5,-19.51171875,-34.1015625,-47.8125,81.123046875,19.423828125,0.615234375,4.39453125,-4.39453125,0.0,0.0,0.0,0.0,4.0,-1.7,1.6,-4.8,-4.0,3.2
2.818743944168091,-20.150206441250162,-33.629021183961534,-48.17725914990527,81.80620279798339,20.150206170902674,-1.3853656125164665e-5,-20.189134983514172,-33.692937606086005,-48.27033365385387,81.91235555901281,20.17035951720132,-1.3864447543890261e-5,-19.51171875,-34.189453125,-47.8125,81.123046875,19.423828125,0.615234375,4.39453125,-4.39453125,0.0,0.0,0.0,0.0,4.0,-2.5,1.6,-4.8,-4.0,3.2
2.825410842895508,-20.154397026104526,-33.636014922077884,-48.18727844638775,81.82321581645729,20.154396755700812,-1.3856537233192263e-5,-20.18961832088535,-33.69394514574177,-48.27148926830655,81.92092908570241,20.173021777326312,-1.3866534131830966e-5,-19.51171875,-34.189453125,-47.8125,81.2109375,19.51171875,0.615234375,4.39453125,-4.39453125,0.0,0.0,0.0,0.0,4.1,-2.5,1.6,-4.0,-4.0,3.2
2.832077980041504,-20.158299824072245,-33.64252836777958,-48.19660967133818,81.83906047209186,20.15829955361617,-1.3859220482176757e-5,-20.189999268722175,-33.69476000448827,-48.27240007895809,81.92864645552204,20.17544927497544,-1.3868449379185532e-5,-19.51171875,-34.189453125,-47.8125,81.2109375,19.51171875,0.615234375,0.0,-4.39453125,0.0,0.0,0.0,0.0,4.1,-2.5,1.6,-4.0,-4.0,3.2
2.838744878768921,-20.161917118486006,-33.648565331759265,-48.20525828399141,81.85374603480581,20.1619168479814,-1.3861707441953463e-5,-20.190287685137836,-33.695403664503935,-48.273089655635175,81.93553015450229,20.177646558306613,-1.3870195994929495e-5,-19.423828125,-34.189453125,-47.8125,81.2109375,19.51171875,0.615234375,0.0,0.0,0.0,0.0,4.39453125,0.0,4.9,-2.5,1.6,-4.0,-4.0,3.2
2.845411777496338,-20.16526561799838,-33.65415369937051,-48.21326423317319,81.86734033871416,20.165265347448848,-1.3864009600043753e-5,-20.19049807891202,-33.69589305202193,-48.27359268747318,81.94164451862034,20.17962975109112,-1.3871785177040801e-5,-19.423828125,-34.189453125,-47.8125,81.2109375,19.51171875,0.615234375,0.0,0.0,0.0,0.0,4.39453125,0.0,4.9,-2.4,1.6,-4.0,-4.0,3.2
2.852078914642334,-20.168353587830307,-33.65930726458068,-48.22064728025381,81.87987693912277,20.168353317239344,-1.386613263894666e-5,-20.190642216787023,-33.69624966472259,-48.27393730765252,81.94702921543676,20.1814081662896,-1.3873223135109889e-5,-19.423828125,-34.189453125,-47.8125,81.2109375,19.51171875,0.615234375,4.39453125,0.0,0.0,0.0,4.39453125,0.0,4.9,-2.4,1.6,-4.0,-4.0,3.2
2.8587467670440674,-20.171184895961808,-33.66403248272721,-48.227416673211756,81.89137153933265,20.171184625332863,-1.3868079217973161e-5,-20.190731354997922,-33.69649519579155,-48.27415042877855,81.95171256306453,20.182987822196992,-1.38745136063868e-5,-19.3359375,-34.189453125,-47.8125,81.2109375,19.51171875,0.615234375,4.39453125,0.0,0.0,0.0,0.0,0.0,5.7,-2.4,1.6,-4.0,-4.0,3.2
2.8654139041900635,-20.173775230426834,-33.668355535835964,-48.23360992066907,81.90188782993138,20.173774959763133,-1.3869860122949607e-5,-20.190779508159405,-33.696648476286235,-48.27426555848436,81.95575617205043,20.184384085779616,-1.3875667226387922e-5,-19.3359375,-34.189453125,-47.8125,81.2109375,19.51171875,0.615234375,4.39453125,0.0,0.0,0.0,0.0,0.0,5.7,-2.4,1.6,-4.0,-4.0,3.2
2.8720808029174805,-20.17613353346188,-33.672291347757046,-48.23924840267691,81.9114621147858,20.176133262766538,-1.3871481501836305e-5,-20.190799093335517,-33.69673148110597,-48.27431238480884,81.9592023443243,20.18560692463794,-1.3876690658028292e-5,-19.3359375,-34.189453125,-47.8125,81.2109375,19.51171875,0.615234375,4.39453125,0.0,0.0,0.0,0.0,0.0,5.7,-2.4,1.6,-4.0,-4.0,3.2
2.8787519931793213,-20.178266098753472,-33.67585042213061,-48.244347166851185,81.92011994512777,20.178265828029517,-1.3872947681664302e-5,-20.190802780511213,-33.696766050079255,-48.2743212005011,81.96208623938276,20.18666421586796,-1.3877589004880808e-5,-19.3359375,-34.189453125,-47.8125,81.2109375,19.51171875,0.615234375,4.39453125,0.0,0.0,0.0,0.0,0.0,5.7,-2.4,1.6,-4.0,-4.0,3.2
2.8854188919067383,-20.180186181016666,-33.679054879975354,-48.248937903976035,81.92791513270907,20.18018591026695,-1.3874267775306214e-5,-20.190802817804652,-33.696773086267974,-48.274321289666226,81.96446520967775,20.18756994835103,-1.3878371789216013e-5,-19.3359375,-34.189453125,-47.8125,81.2109375,19.51171875,0.615234375,4.39453125,0.0,0.0,0.0,0.0,0.0,5.6,-2.4,1.6,-4.8,-4.0,3.2
2.8920857906341553,-20.18190445557773,-33.681922537524294,-48.253046137758176,81.93489101742843,20.18190418480496,-1.3875449122255042e-5,-20.19080281780465,-33.69677316511981,-48.27432128966622,81.96638554089095,20.18833525071353,-1.3879046562331297e-5,-19.3359375,-34.189453125,-47.8125,81.2109375,19.51171875,0.615234375,0.0,0.0,0.0,0.0,0.0,0.0,5.6,-2.4,1.6,-4.8,-4.0,3.2
2.8987529277801514,-20.18342715224187,-33.68446379180496,-48.256686763079244,81.94107289117098,20.183426881448668,-1.3876496005622189e-5,-20.190802817804652,-33.69677316511981,-48.27432128966623,81.96788609037138,20.18896867027364,-1.3879618770726664e-5,-19.3359375,-34.189453125,-47.8125,81.2109375,19.51171875,0.615234375,0.0,0.0,0.0,0.0,0.0,0.0,5.6,-2.4,1.6,-4.8,-4.0,3.2
2.9054198265075684,-20.18476976560524,-33.68670450201158,-48.25989682606961,81.94652365920173,20.184769494794022,-1.3877419078241784e-5,-20.190802817804652,-33.69677316511981,-48.27432128966622,81.9690259675506,20.189485073960974,-1.3880098758759928e-5,-19.3359375,-34.189453125,-47.8125,81.2109375,19.51171875,0.615234375,0.0,0.0,0.0,0.0,0.0,0.0,5.6,-2.4,1.6,-4.8,-4.0,3.2
2.9120869636535645,-20.18594223971553,-33.68866126393398,-48.26270010201731,81.95128369256028,20.185941968888585,-1.387822517683869e-5,-20.190802817804652,-33.69677316511981,-48.27432128966623,81.96985214017681,20.18989553380485,-1.388049392973465e-5,-19.3359375,-34.189453125,-47.8125,81.298828125,19.51171875,0.615234375,0.0,0.0,0.0,0.0,0.0,0.0,5.6,-2.4,1.6,-4.0,-4.0,3.2
2.9187538623809814,-20.186951903655952,-33.69034630920338,-48.265114114074905,81.95538274600219,20.186951632815465,-1.3878919340299172e-5,-20.190827137294434,-33.69677316511981,-48.27301471694037,81.97040878208763,20.190209852653457,-1.388081056765553e-5,-19.423828125,-34.189453125,-47.8125,81.298828125,19.51171875,0.615234375,0.0,0.0,0.0,0.0,0.0,0.0,4.8,-2.4,1.6,-4.0,-4.0,3.2
2.925421953201294,-20.18781418976418,-33.691785393109775,-48.267175759518516,81.9588834720342,20.18781391891212,-1.3879512178653442e-5,-20.190827137294434,-33.69726456613109,-48.27301471694037,81.97075339728131,20.190442577817166,-1.3881058836587513e-5,-19.423828125,-34.189453125,-47.8125,81.298828125,19.51171875,0.615234375,0.0,0.0,0.0,0.0,0.0,0.0,4.7,-2.4,1.6,-4.0,-4.0,3.2
2.932088851928711,-20.188539246009558,-33.692995451771274,-48.268909301193816,81.96182706958106,20.18853897514777,-1.3880010668826443e-5,-20.190827169371254,-33.69726456613109,-48.272175445679814,81.9709353963498,20.190605300151354,-1.3881246450430589e-5,-19.423828125,-34.189453125,-47.8125,81.298828125,19.51171875,0.615234375,-4.39453125,0.0,0.0,0.0,0.0,0.0,4.7,-2.4,1.6,-4.0,-4.0,3.2
2.9387588500976562,-20.18913617783819,-33.69399168142128,-48.27033650937089,81.96425050511122,20.189135906968392,-1.3880421070988233e-5,-20.1908271639139,-33.69735873646769,-48.271865639192974,81.97100467424602,20.190709280221803,-1.3881380734312873e-5,-19.423828125,-34.189453125,-47.8125,81.298828125,19.51171875,0.615234375,-4.39453125,0.0,0.0,0.0,0.0,0.0,4.7,-2.4,1.6,-4.0,-4.0,3.2
2.9454259872436523,-20.189619311396633,-33.694797991208674,-48.27149163652639,81.96621194019505,20.189619040520355,-1.388075323464128e-5,-20.19082713488905,-33.697393804259136,-48.270749149870326,81.97101669305442,20.190768477540793,-1.3881471383575516e-5,-19.423828125,-34.189453125,-47.8125,81.298828125,19.51171875,0.615234375,-4.39453125,0.0,0.0,0.0,0.0,0.0,4.8,-2.4,1.6,-4.0,-4.0,3.2
2.9520928859710693,-20.189999984555016,-33.69543330309716,-48.27240179044746,81.96775740453984,20.189999713673636,-1.388101495479029e-5,-20.1908270623169,-33.69753519898565,-48.26939571410623,81.97101676269202,20.19079527463872,-1.3881526708919137e-5,-19.423828125,-34.189453125,-47.8125,81.298828125,19.51171875,0.615234375,0.0,0.0,0.0,0.0,0.0,0.0,4.8,-2.4,1.6,-4.0,-4.0,3.2
2.958760976791382,-20.190288275855686,-33.69591443733694,-48.273091067986314,81.96892781520914,20.19028800497044,-1.3881213160627783e-5,-20.190827000087342,-33.697708810044745,-48.26809693010614,81.97101676269202,20.190802228269092,-1.3881554879198255e-5,-19.423828125,-34.189453125,-47.8125,81.298828125,19.51171875,0.615234375,0.0,0.0,0.0,0.0,0.0,0.0,4.8,-2.4,1.6,-4.0,-4.0,3.2
2.965427875518799,-20.190498511166176,-33.69626530261122,-48.27359372095245,81.9697813326406,20.190498240278103,-1.3881357701464394e-5,-20.190826845747196,-33.69786898545115,-48.266244012192985,81.97101676269202,20.190802546912497,-1.3881565377677697e-5,-19.423828125,-34.189453125,-47.8125,81.298828125,19.51171875,0.615234375,0.0,0.0,0.0,0.0,0.0,0.0,4.8,-2.4,1.6,-4.0,-4.0,3.2
2.972094774246216,-20.19064247162819,-33.69650556066719,-48.273937916953926,81.97036578614409,20.190642200738193,-1.3881456677062595e-5,-20.19082651400582,-33.698127114865486,-48.26325636931236,81.97101676269202,20.190802546912497,-1.388156691815596e-5,-19.423828125,-34.189453125,-47.8125,81.298828125,19.51171875,0.615234375,0.0,0.0,0.0,0.0,0.0,0.0,4.8,-2.4,1.6,-4.0,-4.0,3.2
2.978787899017334,-20.19073175655438,-33.69665456979436,-48.27415138886249,81.97072826683626,20.19073148566318,-1.3881518062173867e-5,-20.19082612238321,-33.69848119289627,-48.26015201452546,81.97101676269202,20.190802546912497,-1.3881566918155959e-5,-19.423828125,-34.189453125,-47.8125,81.298828125,19.51171875,0.615234375,0.0,0.0,0.0,0.0,0.0,0.0,4.8,-2.4,1.6,-4.0,-4.0,3.2
2.985454797744751,-20.190779712815484,-33.69673460481163,-48.27426604779791,81.97092296060443,20.190779441923638,-1.3881551033029638e-5,-20.19082543833937,-33.69888142282347,-48.25642107382272,81.97020188616818,20.190802546912497,-1.388156691815596e-5,-19.423828125,-34.189453125,-47.8125,81.298828125,19.51171875,0.615234375,0.0,0.0,0.0,0.0,0.0,0.0,4.8,-2.4,1.6,-4.0,-4.0,3.2
2.992121934890747,-20.19079913864348,-33.69676702490535,-48.274312493135945,81.97100182596144,20.190798867751376,-1.3881564388661594e-5,-20.190824409363604,-33.699352681327305,-48.25197105640906,81.97020188616817,20.190802546912494,-1.388156691815596e-5,-19.423828125,-34.189453125,-47.8125,81.298828125,19.51171875,0.615234375,0.0,0.0,0.0,0.0,0.0,0.0,4.8,-2.4,1.6,-4.0,-4.0,3.2
2.998788833618164,-20.190802781612092,-33.69677310471743,-48.2743212031332,81.97101661575675,20.190802510719937,-1.3881566893272877e-5,-20.190822885685876,-33.69991448566718,-48.24670550878059,81.96946969734563,20.190827135806952,-1.3881566918155962e-5,-19.423828125,-34.189453125,-47.8125,81.298828125,19.51171875,0.615234375,0.0,0.0,0.0,0.0,0.0,0.0,4.8,-2.4,1.6,-4.0,-4.0,3.2
3.0054569244384766,-20.190802817804652,-33.69677316511981,-48.274321289666226,81.97101676269202,20.190802546912497,-1.3881566918155959e-5,-20.190820696893336,-33.70057928115139,-48.240559291893184,81.9689506740087,20.190827135806952,-1.3881566918155959e-5,-19.423828125,-34.189453125,-47.8125,81.298828125,19.51171875,0.615234375,0.0,0.0,0.0,0.0,0.0,0.0,4.8,-2.4,1.6,-4.0,-4.0,3.2
3.0121238231658936,-20.190802817804652,-33.69677316511981,-48.27432128966623,81.97101676269202,20.190802546912497,-1.388156691815596e-5,-20.190817609123428,-33.70135644190028,-48.233444504641454,81.96801090220549,20.190827137825224,-1.3780260591170323e-5,-19.423828125,-34.189453125,-47.8125,81.298828125,19.51171875,0.615234375,0.0,0.0,0.0,0.0,0.0,0.0,4.8,-2.4,1.6,-4.0,-4.0,3.2
3.0187909603118896,-20.190802817804652,-33.69677316511981,-48.27432128966622,81.97101676269202,20.190802546912497,-1.388156691815596e-5,-20.190813300865962,-33.70225582468479,-48.22525042946401,81.96704398632977,20.19082716840622,-1.3780260591170323e-5,-19.423828125,-34.189453125,-47.8125,81.298828125,19.51171875,0.615234375,0.0,0.0,0.0,0.0,0.0,0.0,4.8,-2.4,1.6,-4.0,-4.0,3.2
3.0254578590393066,-20.190802817804652,-33.69677316511981,-48.274321289666226,81.97101676269202,20.190802546912497,-1.388156691815596e-5,-20.19080743258545,-33.703291325945145,-48.21591297675271,81.9655927132071,20.190827154044428,-1.3780008528088653e-5,-19.423828125,-34.189453125,-47.8125,81.298828125,19.51171875,0.615234375,0.0,0.0,0.0,0.0,0.0,0.0,4.8,-2.4,1.6,-4.0,-4.0,3.2
3.0321249961853027,-20.190802817804652,-33.69677316511981,-48.274321289666226,81.97101676269202,20.190802546912497,-1.388156691815596e-5,-20.19079954457569,-33.704473146779925,-48.2053334013959,81.96421852359374,20.190827121773765,-1.3780006895877166e-5,-19.423828125,-34.189453125,-47.8125,81.298828125,19.51171875,0.615234375,0.0,0.0,0.0,0.0,0.0,0.0,4.8,-2.4,1.6,-4.0,-4.0,3.2
3.0388028621673584,-20.190827137294434,-33.69726456613109,-48.27301471694037,81.97020188616818,20.190827135806952,-1.3780260591170323e-5,-20.190789007656353,-33.7058137044033,-48.19337113362716,81.96142078480665,20.190827028881646,-1.378000939306823e-5,-19.423828125,-34.189453125,-47.8125,81.298828125,19.51171875,0.615234375,0.0,0.0,0.0,0.0,0.0,0.0,4.8,-2.4,1.6,-4.0,-4.0,3.2
3.045644998550415,-20.190827137294434,-33.69726456613109,-48.27301471694037,81.97020188616818,20.190827135806952,-1.3780260591170323e-5,-20.19077484326734,-33.70736659334535,-48.179633729299844,81.95859441210278,20.190826863243956,-1.378002585381906e-5,-19.423828125,-34.189453125,-47.8125,81.298828125,19.51171875,0.615234375,0.0,0.0,0.0,0.0,0.0,0.0,4.8,-2.4,1.6,-4.0,-4.0,3.2
3.0523128509521484,-20.190827169371254,-33.69737164783945,-48.272175445679814,81.96946969734563,20.19082716840622,-1.3780008528088653e-5,-20.19075688060403,-33.709063974148144,-48.164681619660655,81.955260327365,20.190826673375884,-1.3780021639828303e-5,-19.423828125,-34.189453125,-47.8125,81.298828125,19.51171875,0.615234375,0.0,0.0,0.0,0.0,0.0,0.0,4.8,-2.4,1.6,-4.0,-4.0,3.2
3.058980941772461,-20.1908271623167,-33.69742266851654,-48.2717749685299,81.96912024087511,20.19082716136218,-1.3780007727536437e-5,-20.19073381638855,-33.71095441373241,-48.1480793840296,81.95128217813735,20.190826261429496,-1.3780037456312337e-5,-19.423828125,-34.189453125,-47.8125,81.298828125,19.51171875,0.615234375,0.0,0.0,0.0,0.0,0.0,0.0,4.8,-2.4,0.8,-3.2,-4.0,3.2
3.0656487941741943,-20.190827131748634,-33.697565478177616,-48.270653873248236,81.96814195525097,20.190827130775098,-1.3780008954554204e-5,-20.19070461148024,-33.71305630681333,-48.12975558713798,81.94660018145001,20.190825652616528,-1.3780017104300005e-5,-19.423828125,-34.189453125,-47.8125,81.298828125,19.51171875,0.615234375,0.0,0.0,0.0,0.0,0.0,0.0,4.8,-1.5,0.8,-3.2,-4.0,3.2
3.072319984436035,-20.1908270623169,-33.697725668447376,-48.269395714106224,81.96704398632974,20.19082706110003,-1.378002585381906e-5,-20.1906678275032,-33.71537764396242,-48.10957332571807,81.94112744561224,20.190824726524877,-1.3780019569218889e-5,-19.423828125,-34.189453125,-47.8125,81.298828125,19.51171875,0.615234375,0.0,0.0,0.0,0.0,0.0,0.0,4.8,-1.5,0.7,-3.2,-4.0,3.2
3.078986883163452,-20.190826991235745,-33.69790620614587,-48.267978808091286,81.96580761803922,20.190826990145986,-1.378001691369959e-5,-20.1906219346457,-33.71792787106665,-48.08745062358199,81.93479237728405,20.19082335212052,-1.378003208843702e-5,-19.423828125,-34.189453125,-47.8125,81.298828125,19.51171875,0.615234375,0.0,0.0,0.0,0.0,0.0,0.0,4.8,-1.5,0.7,-3.2,-4.0,3.2
3.0856549739837646,-20.190826845747196,-33.698127114865486,-48.26624401219299,81.96429373081699,20.19082684443929,-1.3780031950271869e-5,-20.19056528783254,-33.72072886724271,-48.06330047054692,81.92752690262235,20.190821367327395,-1.3780045643663362e-5,-19.423828125,-34.189453125,-47.8125,81.298828125,19.599609375,0.615234375,0.0,0.0,0.0,0.0,0.0,0.0,4.8,-1.6,0.7,-3.2,-3.1,3.2
3.0923218727111816,-20.190826507777306,-33.69852004330737,-48.263158662828985,81.96160130984876,20.190826506235904,-1.3780047857021408e-5,-20.190495709304784,-33.72378528984732,-48.036999638064884,81.91924013750035,20.190818543974384,-1.3780060090008956e-5,-19.423828125,-34.189453125,-47.8125,81.298828125,19.599609375,0.615234375,0.0,0.0,0.0,0.0,4.39453125,0.0,4.8,-1.6,-0.1,-3.2,-3.1,3.2
3.0989887714385986,-20.190826105639655,-33.69891627949754,-48.2600490535057,81.95888793680444,20.190826104527574,-1.3780017208606546e-5,-20.190410820124846,-33.72710987180294,-48.00843813041645,81.9098471913808,20.190814597933034,-1.3780075204658995e-5,-19.423828125,-34.189453125,-47.8125,81.298828125,19.599609375,0.615234375,0.0,0.0,0.0,0.0,4.39453125,0.0,4.8,-1.6,-0.1,-3.2,-3.2,3.2
3.105656862258911,-20.190825413662196,-33.69939386775594,-48.25629890780663,81.95561537932817,20.190825412360667,-1.3780029499045317e-5,-20.19030823344374,-33.73072436620265,-47.97754428131487,81.89928117572322,20.190809200085702,-1.3780090675014445e-5,-19.423828125,-34.189453125,-47.8125,81.298828125,19.599609375,0.615234375,0.0,0.0,0.0,0.0,4.39453125,0.0,4.8,-1.6,-0.1,-3.2,-3.2,3.2
3.1123239994049072,-20.190824369559063,-33.69996410678709,-48.25182105182159,81.95170776233556,20.190824368045693,-1.378004285857296e-5,-20.190184740513434,-33.73463206026287,-47.944191567252645,81.88744366474816,20.190801897086153,-1.3780106113609092e-5,-19.423828125,-34.189453125,-47.8125,81.298828125,19.599609375,0.615234375,0.0,0.0,0.0,0.0,0.0,0.0,4.8,-1.6,0.0,-3.2,-3.2,3.2
3.118990898132324,-20.190822829912385,-33.700637579972486,-48.246532256465045,81.94709244012301,20.190822828163938,-1.3780057148583922e-5,-20.190036926149876,-33.73884541051307,-47.908272034547736,81.87424587473629,20.19079214968416,-1.3780120983085675e-5,-19.423828125,-34.189453125,-47.8125,81.298828125,19.599609375,0.615234375,0.0,0.0,0.0,0.0,0.0,0.0,4.8,-1.6,0.0,-3.2,-3.2,3.2
3.1256589889526367,-20.190820620027917,-33.70142341412701,-48.24036069485686,81.9417067126259,20.19082061802068,-1.3780072150481428e-5,-20.189861433807227,-33.743387402477396,-47.869717158331454,81.8596200454142,20.190779358660293,-1.3780134667518331e-5,-19.423828125,-34.189453125,-47.8125,81.298828125,19.599609375,0.615234375,0.0,0.0,0.0,0.0,0.0,0.0,4.8,-1.6,0.0,-3.2,-3.2,3.2
3.1323258876800537,-20.19081749396799,-33.70233401092544,-48.23320875773779,81.93546537226057,20.190817491677294,-1.3780087578507609e-5,-20.189653744895136,-33.748259396350235,-47.828401333038755,81.84346266148593,20.19076271164664,-1.3780146334267244e-5,-19.423828125,-34.189453125,-47.8125,81.298828125,19.599609375,0.615234375,0.0,0.0,0.0,0.0,0.0,0.0,4.8,-1.6,0.0,-2.4,-3.2,3.2
3.138993978500366,-20.190813146685628,-33.70338123622709,-48.22498298089057,81.92828682067015,20.190813144086015,-1.3780103057513502e-5,-20.189409078286378,-33.753474905797745,-47.78420709873092,81.82567748268497,20.190741270341693,-1.3780155005812685e-5,-19.423828125,-34.189453125,-47.8125,81.298828125,19.599609375,0.615234375,0.0,0.0,0.0,0.0,0.0,0.0,4.8,-1.6,0.0,-2.4,-3.2,3.2
3.145664930343628,-20.190807225639684,-33.704574813658965,-48.215606668046156,81.92010408521404,20.19080722270544,-1.3780118103007866e-5,-20.18912285918372,-33.75905830380579,-47.73706754361638,81.80619578908946,20.19071402901718,-1.3780159561374073e-5,-19.423828125,-34.189453125,-47.8125,81.298828125,19.599609375,0.615234375,0.0,0.0,0.0,0.0,0.0,0.0,4.8,-1.6,0.0,-2.4,-3.2,3.2
3.1523349285125732,-20.190799247394498,-33.705928183007295,-48.20497381465275,81.91082460112847,20.190799244099153,-1.378013208331927e-5,-20.188788962675346,-33.765007832719476,-47.68686630401639,81.78491289301782,20.190679640829032,-1.3780158528283855e-5,-19.423828125,-34.189453125,-47.8125,81.298828125,19.599609375,0.615234375,0.0,0.0,0.0,0.0,0.0,0.0,4.8,-1.6,0.0,-2.4,-3.2,3.2
3.1590027809143066,-20.190788644719444,-33.70745317575549,-48.19299095490786,81.90036673409662,20.190788641036136,-1.3780144209005985e-5,-20.18840122560087,-33.771333502363426,-47.63351711882677,81.7617431838301,20.190636621394134,-1.3780150229368791e-5,-19.423828125,-34.189453125,-47.8125,81.298828125,19.599609375,0.615234375,0.0,0.0,0.0,0.0,0.0,0.0,4.8,-1.6,0.0,-2.4,-3.2,3.2
3.165670871734619,-20.19077478361588,-33.709159740258414,-48.179579336680646,81.88866168034517,20.19077477951763,-1.3780153591378284e-5,-20.187953675930366,-33.7780605716577,-47.57695612594006,81.73661907649898,20.190583405022473,-1.378013285304451e-5,-19.423828125,-34.189453125,-47.8125,81.298828125,19.599609375,0.615234375,0.0,0.0,0.0,0.0,0.0,0.0,4.8,-1.6,0.0,-1.6,-3.2,3.2
3.172337770462036,-20.190756802693,-33.71106264892867,-48.164622102444426,81.87560735476336,20.190756798152144,-1.3780159052451028e-5,-20.18743812945835,-33.78518691844402,-47.51705353268726,81.70942663926667,20.19051788544028,-1.3780104012159308e-5,-19.423828125,-34.189453125,-47.8125,81.298828125,19.599609375,0.615234375,0.0,0.0,0.0,0.0,0.0,0.0,4.8,-1.6,0.0,-1.6,-3.2,3.2
3.1790058612823486,-20.19073371943335,-33.71317515845578,-48.14801416791069,81.86111192975628,20.190733714421786,-1.378015921958917e-5,-20.186846327749386,-33.79272580784067,-47.45369664734646,81.68006644805644,20.19043777735616,-1.37800610534724e-5,-19.423828125,-34.189453125,-47.8125,81.298828125,19.599609375,0.615234375,0.0,0.0,0.0,0.0,0.0,0.0,4.8,-1.6,0.0,-1.6,-3.2,3.2
3.1856729984283447,-20.19070449519767,-33.71550593699066,-48.12968641204491,81.84511495244459,20.190704489687608,-1.3780152587929224e-5,-20.18617103254657,-33.80069801043222,-47.3868681129462,81.64849190794203,20.19034081306919,-1.378000124931855e-5,-19.423828125,-34.189453125,-47.8125,81.298828125,19.599609375,0.615234375,0.0,0.0,0.0,0.0,0.0,0.0,4.8,-1.6,0.0,-0.8,-3.2,3.2
3.192340850830078,-20.190667696195476,-33.7180716417296,-48.109506588713685,81.82750083389699,20.19066769015838,-1.3780137161201791e-5,-20.18540139902777,-33.80910310179701,-47.31640964474755,81.61457207304328,20.190223827314504,-1.3779920899049506e-5,-19.423828125,-34.189453125,-47.8125,81.298828125,19.599609375,0.615234375,0.0,0.0,0.0,0.0,0.0,0.0,4.8,-1.6,-0.8,-0.8,-3.2,3.2
3.199007987976074,-20.190621773319286,-33.7208844586622,-48.0873774327966,81.80818449498906,20.190621766726615,-1.3780110730596601e-5,-20.184527433596514,-33.817949120819826,-47.24225194196778,81.57822653564148,20.190083583904283,-1.3779816121083506e-5,-19.423828125,-34.189453125,-47.8125,81.298828125,19.599609375,0.615234375,0.0,0.0,0.0,0.0,0.0,0.0,4.8,-1.6,-0.8,-0.8,-3.2,3.2
3.2056758403778076,-20.190565095302865,-33.72395394626276,-48.06322222082347,81.78709877073177,20.190565088126306,-1.3780070950937054e-5,-20.183539778796884,-33.82726092113438,-47.16435105169775,81.53939689379341,20.189916821641425,-1.3779682930658284e-5,-19.423828125,-34.189453125,-47.8125,81.298828125,19.599609375,0.615234375,0.0,0.0,0.0,0.0,0.0,0.0,4.8,-0.7,-1.6,-0.8,-3.2,3.2
3.2123429775238037,-20.190495461345986,-33.727296222226165,-48.036912149000756,81.76413097503543,20.19049545355684,-1.3780014707363704e-5,-20.18242522033471,-33.83703219181534,-47.08258411613655,81.49796607620709,20.189719115307998,-1.3779516003633073e-5,-19.423828125,-34.189453125,-47.8125,81.298828125,19.599609375,0.615234375,0.0,0.0,0.0,0.0,0.0,0.0,4.8,-0.7,-2.6,-0.0,-3.2,3.2
3.2190098762512207,-20.190410524829993,-33.73092411602276,-48.00834407643454,81.73919079648624,20.190410516399588,-1.377993863634593e-5,-20.18117122615279,-33.84727234072236,-46.99686968651489,81.45384724404599,20.189485943779175,-1.377930980482396e-5,-19.423828125,-34.189453125,-47.8125,81.298828125,19.599609375,0.615234375,0.0,0.0,0.0,0.0,0.0,0.0,4.8,-0.7,-2.6,-0.0,-3.2,3.2
3.2256767749786377,-20.190307903383186,-33.73484609128834,-47.97744909872491,81.71221779432994,20.190307894283293,-1.3779839309653971e-5,-20.17976670337829,-33.85800416784961,-46.90718708841665,81.40699465679236,20.18921292357177,-1.3779058880217758e-5,-19.3359375,-34.189453125,-47.8125,81.298828125,19.599609375,0.615234375,0.0,0.0,0.0,0.0,0.0,0.0,5.6,-0.8,-3.4,-0.0,-3.2,3.2
3.232343912124634,-20.190184329974773,-33.73907952653729,-47.944087413241746,81.68308954446437,20.190184320176808,-1.3779712073932833e-5,-20.178195089031227,-33.86922180598969,-46.813397136491666,81.35728024344529,20.18889393866425,-1.3778755717322766e-5,-19.3359375,-34.189453125,-47.8125,81.298828125,19.599609375,0.615234375,4.39453125,0.0,0.0,0.0,0.0,0.0,5.6,-0.8,-4.3,-0.0,-3.2,3.2
3.239010810852051,-20.190036445261335,-33.74363648288774,-47.90816086593006,81.65171995396662,20.19003643473696,-1.3779552113618997e-5,-20.176441472135384,-33.88093203475978,-46.71543860365905,81.30462715345291,20.18852297473319,-1.3778392829812515e-5,-19.3359375,-34.189453125,-47.8125,81.298828125,19.599609375,0.615234375,4.39453125,0.0,0.0,0.0,0.0,0.0,5.6,-0.8,-5.1,-0.0,-3.2,3.2
3.245677947998047,-20.189860899870368,-33.74852480643301,-47.86960440322334,81.61805181537743,20.189860888591777,-1.377935460019602e-5,-20.174492693717536,-33.893157435634244,-46.6132977726019,81.24899464951612,20.18809427475135,-1.3777962933038195e-5,-19.3359375,-34.189453125,-47.8125,81.298828125,19.599609375,0.615234375,4.39453125,0.0,0.0,0.0,0.0,0.0,5.7,-0.8,-5.9,-0.0,-3.2,3.2
3.252344846725464,-20.189653093784184,-33.75376160086726,-47.82827900563567,81.58196321292414,20.189653081723453,-1.377911296185166e-5,-20.17232899024207,-33.90588882554742,-46.50685116273442,81.19026069211976,20.18759977296666,-1.3777455961101983e-5,-19.3359375,-34.189453125,-47.8125,81.298828125,19.599609375,0.615234375,0.0,0.0,0.0,0.0,0.0,0.0,5.7,-0.8,-6.6,-0.0,-3.2,3.2
3.25901198387146,-20.189408364058714,-33.759359095745126,-47.7840838538363,81.54336555685,20.189408351188185,-1.3778820502928007e-5,-20.169932476791686,-33.91913334303852,-46.39603269558644,81.12834575583587,20.187031602164748,-1.3776861966857491e-5,-19.3359375,-34.189453125,-47.8125,81.298828125,19.599609375,0.615234375,0.0,0.0,0.0,0.0,0.0,0.0,5.7,-0.8,-7.4,-0.0,-3.2,3.2
3.2656807899475098,-20.189122135296962,-33.76532514516392,-47.73695256942612,81.50220032287233,20.189122121589513,-1.3778470643976868e-5,-20.167287482159995,-33.93291481023756,-46.28082169186108,81.0632063531527,20.186382325540976,-1.3776171443221905e-5,-19.3359375,-34.189453125,-47.8125,81.298828125,19.599609375,0.615234375,0.0,0.0,0.0,0.0,0.0,0.0,4.7,0.1,-8.2,-0.0,-3.2,3.2
3.272347927093506,-20.1887882513222,-33.77167426829341,-47.6867648208355,81.45836169861681,20.188788236751073,-1.3778054548441563e-5,-20.16437171773611,-33.94721596330612,-46.16115076912415,80.9947500466873,20.185641806806405,-1.3775371500150335e-5,-19.3359375,-34.189453125,-47.8125,81.298828125,19.599609375,0.615234375,0.0,0.0,0.0,0.0,0.0,0.0,4.7,0.1,-9.2,-0.0,-3.2,3.2
3.279014825820923,-20.188400473369597,-33.778418731391824,-47.63341787984548,81.41175922214869,20.188400457908305,-1.3777563274376405e-5,-20.16116417845611,-33.96204445035646,-46.036948802243884,80.92289486141523,20.184800053184958,-1.3774449363781974e-5,-19.3359375,-34.189453125,-47.8125,81.298828125,19.599609375,0.615234375,0.0,0.0,0.0,0.0,0.0,0.0,4.7,0.1,-10.0,-0.0,-3.2,3.2
3.285681962966919,-20.18795288805922,-33.78556437150701,-47.576859828295,81.36234681237941,20.187952871682054,-1.3776988297710848e-5,-20.157647547003556,-33.97742073092414,-45.908223323208055,80.84761515635236,20.183847985249773,-1.3773393258843289e-5,-19.3359375,-34.189453125,-47.8125,81.298828125,19.599609375,0.615234375,0.0,0.0,0.0,0.0,0.0,0.0,4.8,-0.0,-11.6,0.8,-3.2,3.2
3.292348861694336,-20.187437198569796,-33.79312795567605,-47.51695048688434,81.31000105708084,20.187437181251187,-1.3776317727908875e-5,-20.153794572579052,-33.99333138665311,-45.774866087752386,80.76879383467546,20.182772500297887,-1.3772186388545934e-5,-19.3359375,-34.189453125,-47.8125,81.298828125,19.599609375,0.615234375,0.0,0.0,0.0,0.0,0.0,0.0,4.8,-0.0,-12.3,1.6,-3.2,3.2
3.2990169525146484,-20.186845276506062,-33.80112134103742,-47.45358839811992,81.25463235593165,20.1868452582208,-1.3775539920556663e-5,-20.149581015449826,-34.00978314123079,-45.6368112535165,80.68635146423335,20.181561172047836,-1.3770812698883774e-5,-19.3359375,-34.189453125,-47.8125,81.298828125,19.599609375,0.615234375,0.0,0.0,0.0,0.0,0.0,0.0,4.8,-0.0,-13.1,2.4,-3.2,3.2
3.3056838512420654,-20.186169874253032,-33.80954568897238,-47.38675698220162,81.19622529054331,20.18616985497716,-1.3774644405334666e-5,-20.144989367902422,-34.026787949254086,-45.4941368737434,80.60030627824922,20.180203537816382,-1.376925838360289e-5,-19.3359375,-34.189453125,-47.8125,81.298828125,19.599609375,0.615234375,0.0,0.0,0.0,0.0,0.0,0.0,4.8,-0.0,-14.7,3.4,-3.2,3.2
3.3123509883880615,-20.18540013697178,-33.81841958126887,-47.31629918514954,81.13464138876894,20.18540011668135,-1.377361564474242e-5,-20.13998713956285,-34.04433506583708,-45.34670429802389,80.5105214480291,20.178683095711833,-1.3767502140883147e-5,-19.3359375,-34.189453125,-47.8125,81.298828125,19.599609375,0.615234375,0.0,0.0,0.0,0.0,0.0,0.0,4.8,-0.0,-15.7,4.0,-3.2,3.2
3.3190178871154785,-20.18452605464168,-33.827751375893754,-47.242139089233376,81.06981309088675,20.184526033313503,-1.37724392681862e-5,-20.134548586199944,-34.06242472556916,-45.194500073959425,80.41694973777689,20.176985301925935,-1.3765524922622057e-5,-19.3359375,-34.189453125,-47.724609375,81.298828125,19.599609375,0.615234375,0.0,0.0,0.0,0.0,0.0,0.0,4.8,-0.0,-15.7,4.8,-3.2,3.2
3.3256847858428955,-20.183538388024232,-33.83754396646292,-47.16424447150908,81.00171106760718,20.183538365636053,-1.3771101984844817e-5,-20.1286527258119,-34.08107358775107,-45.03755983917041,80.31958620490245,20.175097219517244,-1.3763309594909307e-5,-19.3359375,-34.189453125,-47.724609375,81.298828125,19.599609375,0.615234375,0.0,0.0,4.39453125,0.0,0.0,0.0,4.8,-0.0,-17.3,4.8,-3.2,3.2
3.332352876663208,-20.182423445342742,-33.847815441322304,-47.08245923727726,80.93019731263361,20.18242342187245,-1.3769584204149019e-5,-20.12226264342083,-34.100268934019155,-44.87575509405318,80.21829788978856,20.172998829805064,-1.376083009337934e-5,-19.3359375,-34.189453125,-47.63671875,81.2109375,19.599609375,0.615234375,0.0,0.0,4.39453125,0.0,0.0,0.0,4.8,-0.0,-16.9,4.8,-3.2,3.2
3.339031934738159,-20.181166836404607,-33.858589874759886,-46.996579581656704,80.85509209543238,20.181166811829215,-1.3767865400987063e-5,-20.115338766899995,-34.120040248601164,-44.70882405300344,80.11288051779948,20.17066911997608,-1.3758059138074858e-5,-19.3359375,-34.189453125,-47.548828125,81.2109375,19.599609375,0.615234375,0.0,0.0,4.39453125,0.0,0.0,0.0,4.8,-0.0,-16.9,5.6,-3.2,3.2
3.345698833465576,-20.179761842455285,-33.8698307916803,-46.90688494840521,80.77663838469479,20.17976181675669,-1.3765935637361163e-5,-20.10788287795943,-34.140332481227816,-44.53739996594892,80.00370882164103,20.168101300870365,-1.3754986498996457e-5,-19.3359375,-34.189453125,-47.4609375,81.123046875,19.599609375,0.615234375,0.0,0.0,13.18359375,0.0,0.0,0.0,4.8,-0.0,-17.7,4.8,-3.2,3.2
3.3523659706115723,-20.178189539202556,-33.881573503111156,-46.81307864837457,80.69457480237857,20.178189512361065,-1.3763767959483722e-5,-20.099842247235276,-34.16116411610348,-44.36108523134936,79.89047854818327,20.16526774549571,-1.375157640007756e-5,-19.3359375,-34.189453125,-47.373046875,81.123046875,19.599609375,0.615234375,0.0,0.0,13.18359375,0.0,0.0,0.0,4.8,-0.0,-17.8,6.4,-2.4,3.2
3.359043836593628,-20.176432317145782,-33.89384341765667,-46.71494308406809,80.60870915966404,20.176432289140724,-1.3761337287021803e-5,-20.091172130826983,-34.18256748420267,-44.17959753971866,79.77297025583232,20.162143519681543,-1.374779628290897e-5,-19.3359375,-34.189453125,-47.28515625,81.03515625,19.599609375,0.615234375,0.0,0.0,13.18359375,0.0,0.0,0.0,4.8,-0.0,-17.8,7.4,-2.3,3.2
3.365710973739624,-20.174482627306087,-33.906600688912384,-46.61278330329874,80.51930665799215,20.174482598121614,-1.3758632499525348e-5,-20.081876484565008,-34.204484538242184,-43.993583782208546,79.65157820668504,20.158721568493114,-1.374363533640398e-5,-19.3359375,-34.189453125,-47.109375,80.947265625,19.599609375,0.615234375,0.0,0.0,13.18359375,0.0,0.0,0.0,4.8,-0.0,-17.8,6.4,-2.4,3.2
3.372377872467041,-20.17231760083464,-33.919879037091704,-46.50631102993836,80.42611274154274,20.172317570453615,-1.3755621046834034e-5,-20.071897465861507,-34.226929158797994,-43.80268126982799,79.52601422954243,20.15496963808338,-1.3739051462651413e-5,-19.3359375,-34.189453125,-47.109375,80.859375,19.599609375,0.615234375,0.0,0.0,13.18359375,-13.18359375,0.0,0.0,4.0,-0.0,-18.5,7.2,-2.4,3.2
3.379044771194458,-20.16992009992874,-33.93368247840326,-46.395477071926564,80.32908223453546,20.16992006833498,-1.3752278410408537e-5,-20.0612027984192,-34.24989847695383,-43.606908734188345,79.39625684896006,20.150865446683184,-1.3734014869764888e-5,-19.3359375,-34.189453125,-46.93359375,80.68359375,19.599609375,0.615234375,0.0,0.0,13.18359375,-13.18359375,0.0,0.0,4.0,-0.0,-18.5,7.2,-2.4,3.2
3.385711908340454,-20.16727464766527,-33.94800970495051,-46.28027573011859,80.22820812999339,20.167274614843627,-1.374858247379041e-5,-20.04976684753024,-34.273401399029346,-43.40633208912009,79.26232577537,20.146389565250296,-1.372849936441806e-5,-19.3359375,-34.189453125,-46.845703125,80.595703125,19.599609375,0.615234375,0.0,0.0,13.18359375,-13.18359375,0.0,0.0,3.9,-0.0,-19.3,8.0,-2.4,3.2
3.392378807067871,-20.164357425135815,-33.96287324925892,-46.1605840374243,80.12337999345097,20.164357391071892,-1.3744499229932576e-5,-20.03754176136963,-34.29741536042385,-43.200897734508565,79.12413159283908,20.1415106055872,-1.3722463224126575e-5,-19.3359375,-34.189453125,-46.7578125,80.5078125,19.599609375,0.615234375,0.0,0.0,13.18359375,-17.578125,0.0,0.0,3.9,-0.0,-20.1,8.8,-2.4,3.2
3.399045944213867,-20.1611485061881,-33.97827601356894,-46.036358611502706,80.01455734489046,20.161148470868405,-1.3740000270727692e-5,-20.024493110682464,-34.321936350845924,-42.990629944603626,78.98165767932156,20.13620343057611,-1.3715872732391072e-5,-19.3359375,-34.189453125,-46.58203125,80.244140625,19.599609375,0.615234375,0.0,0.0,13.18359375,-17.578125,0.0,0.0,3.9,-0.0,-20.1,6.6,-2.4,3.2
3.405712842941284,-20.157630652485967,-33.99421329146843,-45.9076185392118,79.90175456482956,20.157630615898242,-1.3735061035848167e-5,-20.010596072792627,-34.346967928620884,-42.7756293212871,78.83494934307356,20.130447269690226,-1.370869973469247e-5,-19.3359375,-34.189453125,-46.494140625,80.068359375,19.599609375,0.615234375,0.0,0.0,17.578125,-17.578125,0.0,0.0,4.0,-0.0,-20.9,6.2,-2.4,3.2
3.4123809337615967,-20.15377502742427,-34.010700717665316,-45.77421121976043,79.78483468730477,20.153774989556716,-1.372964047811772e-5,-19.99579508210693,-34.37249312624557,-42.555795028475785,78.6838837571753,20.12420482029585,-1.370089463920406e-5,-19.3359375,-34.189453125,-46.318359375,79.98046875,19.599609375,0.615234375,0.0,0.0,17.578125,-26.3671875,0.0,0.0,4.0,-0.0,-21.1,7.8,-2.4,3.2
3.41904878616333,-20.149560019590012,-34.027734854927274,-45.63614116813054,79.66379879015561,20.149559980432166,-1.3723707896482383e-5,-19.980058466882465,-34.398498701402275,-42.33122629502947,78.52849676130143,20.11745005501111,-1.3692422301114803e-5,-19.3359375,-34.189453125,-46.23046875,79.892578125,19.599609375,0.615234375,0.0,0.0,17.578125,-26.3671875,0.0,0.0,4.0,-0.0,-21.9,7.4,-2.4,3.2
3.4257168769836426,-20.14496582980798,-34.04531150169739,-45.49342071038372,79.53865499796908,20.14496578935041,-1.3717235213305631e-5,-19.96335927756068,-34.424988782742055,-42.102004827562254,78.36882296765947,20.110159649708287,-1.3683251162270778e-5,-19.3359375,-34.189453125,-46.0546875,79.716796875,19.599609375,0.615234375,0.0,0.0,21.97265625,-26.3671875,0.0,0.0,4.0,-0.0,-21.9,5.4,-2.4,3.2
3.432403802871704,-20.13994549443902,-34.063492710079316,-45.345513941701284,79.40892945822435,20.139945452669487,-1.3710155924970692e-5,-19.94559036939456,-34.452015268644274,-41.86743109726007,78.20431575419124,20.102270286187856,-1.367329836743104e-5,-19.3359375,-34.189453125,-45.966796875,79.62890625,19.599609375,0.615234375,0.0,0.0,21.97265625,-17.578125,0.0,0.0,3.2,-0.0,-22.4,5.4,-2.4,3.2
3.4390709400177,-20.1345035347873,-34.08217083314171,-45.193270166817996,79.27536382870778,20.134503491702233,-1.3702476330992968e-5,-19.92682036615342,-34.47941225661551,-41.62893309007683,78.03594642803624,20.09379868613246,-1.3662582552580786e-5,-19.3359375,-34.189453125,-45.791015625,79.453125,19.599609375,0.615234375,0.0,0.0,21.97265625,-17.578125,0.0,0.0,3.2,-0.0,-22.4,7.2,-2.4,3.2
3.4457387924194336,-20.12860340564031,-34.10139406107029,-45.03627286593253,79.13758977995465,20.128603361233225,-1.3694144946344125e-5,-19.90697000264843,-34.50726029795901,-41.38590371872781,77.8632692403233,20.084696736567196,-1.365104082814249e-5,-19.3359375,-34.189453125,-45.615234375,79.365234375,19.599609375,0.615234375,0.0,0.0,17.578125,-17.578125,0.0,0.0,2.3,-0.0,-22.4,8.0,-2.4,3.2
3.4524059295654297,-20.12220937505314,-34.121167440888904,-44.874444846206224,78.99553516629845,20.122209329318792,-1.368511131343476e-5,-19.88598368283344,-34.535528642546396,-41.13836836747683,77.68624636037872,20.074921208726618,-1.3638615415919341e-5,-19.3359375,-34.189453125,-45.439453125,79.27734375,19.599609375,0.615234375,0.0,0.0,17.578125,-17.578125,0.0,0.0,2.3,-0.0,-23.4,10.4,-2.4,3.2
3.459075927734375,-20.11529141287616,-34.141496762061244,-44.707708840949124,78.84912851063731,20.115291365809696,-1.3675333262269937e-5,-19.863816770330793,-34.564220595103166,-40.88628272367184,77.50481701354202,20.064436462508993,-1.3625258831819593e-5,-19.3359375,-34.189453125,-45.263671875,79.1015625,19.599609375,0.615234375,0.0,0.0,17.578125,-17.578125,0.0,0.0,2.3,-0.0,-23.4,9.1,-2.4,3.2
3.4657437801361084,-20.107831078933224,-34.162358291202196,-44.53623116684013,78.69851239634171,20.10783103053188,-1.3664785126323638e-5,-19.840460289125616,-34.59330935796831,-40.629951997995185,77.31917917185925,20.053224286041274,-1.3610946011144627e-5,-19.3359375,-34.189453125,-45.087890625,78.837890625,19.599609375,0.615234375,0.0,0.0,26.3671875,-17.578125,0.0,0.0,2.3,0.9,-23.4,6.1,-2.4,3.2
3.4724109172821045,-20.09978562286794,-34.183763395441176,-44.359877139256994,78.54356350609594,20.099785573129704,-1.3653406916394104e-5,-19.81584741961146,-34.62277492756321,-40.36931380737407,77.12923150699459,20.041233249126286,-1.3595608682048818e-5,-19.3359375,-34.189453125,-44.912109375,78.662109375,19.599609375,0.615234375,0.0,0.0,26.3671875,-26.3671875,0.0,0.0,2.3,0.9,-23.3,5.3,-1.6,3.2
3.4790778160095215,-20.091126431511594,-34.20570619196071,-44.178661926567216,78.38429112556842,20.091126380435448,-1.364115884950749e-5,-19.789945207656928,-34.65260479750434,-40.1044560328198,76.93501070380307,20.02843152714861,-1.3579204383044377e-5,-19.3359375,-34.189453125,-44.736328125,78.57421875,19.599609375,0.615234375,0.0,0.0,26.3671875,-26.3671875,0.0,0.0,2.3,0.9,-24.1,8.0,-1.5,3.2
3.4857449531555176,-20.081827756800866,-34.22817794141823,-43.992625863489984,78.22072685024233,20.08182770438679,-1.362800536198126e-5,-19.762727669842736,-34.68279207616624,-39.83548682223237,76.73657485111393,20.014791359252317,-1.3561696147714037e-5,-19.3359375,-34.189453125,-44.560546875,78.486328125,19.599609375,0.615234375,0.0,0.0,26.3671875,-26.3671875,0.0,0.0,2.4,1.7,-24.9,8.3,-1.6,3.2
3.4924118518829346,-20.07184448230631,-34.25118201095627,-43.801693633490125,78.05279873091173,20.07184442855547,-1.3613883670296091e-5,-19.73413239746706,-34.713307473890815,-39.56243383162362,76.53388653719513,20.000260369819785,-1.35430146430309e-5,-19.3359375,-34.189453125,-44.384765625,78.310546875,19.599609375,0.615234375,0.0,0.0,26.3671875,-17.578125,0.0,0.0,1.6,1.7,-24.9,8.0,-1.6,3.2
3.499079942703247,-20.061144479373255,-34.274714090039,-43.60586341827981,77.88050063888565,20.061144424287633,-1.3598749594166453e-5,-19.704123099824862,-34.74414042112653,-39.28535640963739,76.32696230744082,19.984803256874752,-1.3523113329311534e-5,-19.3359375,-34.189453125,-44.208984375,78.134765625,19.599609375,0.615234375,0.0,0.0,26.3671875,-17.578125,0.0,0.0,1.6,1.7,-24.9,9.6,-1.6,3.2
3.505746841430664,-20.04970532052754,-34.298753577222584,-43.40527103709511,77.70394779204884,20.04970526411066,-1.3582572854510133e-5,-19.67268853323617,-34.77526694290062,-39.00449173243015,76.11595845849486,19.968398444882748,-1.3501963686388e-5,-19.3359375,-34.189453125,-43.9453125,77.958984375,19.599609375,0.615234375,0.0,0.0,30.76171875,-17.578125,0.0,0.0,1.5,2.5,-24.9,9.0,-1.6,3.2
3.51241397857666,-20.037474737643063,-34.323308090499815,-43.199798915239924,77.52303023391386,20.03747467989932,-1.356528135543772e-5,-19.639756670347417,-34.80666543644509,-38.7198078210061,75.90079207386782,19.95098566710231,-1.3479486722798205e-5,-19.3359375,-34.189453125,-43.857421875,77.783203125,19.599609375,0.615234375,0.0,0.0,30.76171875,-26.3671875,0.0,0.0,0.7,2.5,-25.7,8.8,-0.7,3.2
3.5190818309783936,-20.024420652367358,-34.34836800734733,-42.98948552787346,77.33777681724865,20.02442059330216,-1.3546831748330638e-5,-19.6052973884525,-34.83831822620565,-38.43141541783187,75.68151964653998,19.93253124321832,-1.3455638655084583e-5,-19.3359375,-34.189453125,-43.59375,77.607421875,19.599609375,0.615234375,0.0,0.0,30.76171875,-26.3671875,0.0,0.0,0.7,2.5,-25.7,11.2,-0.7,3.2
3.525749921798706,-20.01051683291039,-34.373917594117856,-42.77442298122787,77.14826391474585,20.01051677253025,-1.3527189177915291e-5,-19.56929356152562,-34.87020593113124,-38.13948284324947,75.4582482275547,19.913009401530296,-1.343038633401184e-5,-19.3359375,-34.189453125,-43.330078125,77.34375,19.599609375,0.615234375,0.0,0.0,26.3671875,-26.3671875,0.0,0.0,0.7,3.3,-25.7,9.0,-0.8,3.2
3.532416820526123,-19.995712488296167,-34.39995125717279,-42.55459682588436,76.95447148355738,19.995712426609135,-1.3506284692936144e-5,-19.531687064936538,-34.90229242213355,-37.84412058610782,75.23100170695909,19.892364388277887,-1.3403657422901313e-5,-19.3359375,-34.27734375,-43.2421875,77.255859375,19.599609375,0.615234375,0.0,0.0,26.3671875,-26.3671875,0.0,0.0,-0.1,2.5,-26.5,8.6,-0.8,3.2
3.5390849113464355,-19.979970672977977,-34.42646462740959,-42.3299971731729,76.75638526606227,19.979970609992694,-1.3484069084638045e-5,-19.492440241505186,-34.934566237918034,-37.54536783118316,74.99978355530547,19.87055708795512,-1.3375402120978451e-5,-19.3359375,-34.27734375,-42.978515625,76.9921875,19.599609375,0.615234375,0.0,-4.39453125,26.3671875,-26.3671875,0.0,0.0,-0.1,2.5,-26.5,10.2,-0.8,3.2
3.545753002166748,-19.963266662593607,-34.45343721029756,-42.10075292041982,76.55411366515716,19.963266598319954,-1.3460510647725915e-5,-19.451543616887317,-34.96699994317449,-37.24343515354472,74.76473566280772,19.847564968600985,-1.334559252732918e-5,-19.3359375,-34.27734375,-42.71484375,76.728515625,19.599609375,0.615234375,0.0,-4.39453125,35.15625,-26.3671875,0.0,0.0,-0.1,3.2,-27.3,9.0,-0.8,3.2
3.552419900894165,-19.945546115340733,-34.480861262221374,-41.866859821651744,76.34764469147653,19.94554604979013,-1.3435536841200557e-5,-19.40893894333666,-34.999557515347234,-36.938444887252125,74.52589064084364,19.823329597166335,-1.331415413916646e-5,-19.3359375,-34.365234375,-42.5390625,76.552734375,19.599609375,0.615234375,0.0,-4.39453125,35.15625,-35.15625,0.0,0.0,-0.1,2.4,-27.3,7.7,0.1,3.2
3.5590898990631104,-19.926765506357032,-34.508738740416405,-41.62824857648359,76.13691100204878,19.92676543954113,-1.3409090430977205e-5,-19.36457777614747,-35.03223385410541,-36.63035646639313,74.2831895192934,19.797804276279642,-1.3281028627520866e-5,-19.3359375,-34.453125,-42.275390625,76.376953125,19.599609375,0.615234375,0.0,-4.39453125,35.15625,-35.15625,0.0,0.0,-0.1,1.6,-27.3,10.1,0.1,3.2
3.5657567977905273,-19.90691521304633,-34.53702602207746,-41.38524263557225,75.9221924247635,19.906915144978928,-1.3381162281915573e-5,-19.318489012390103,-35.0649720054871,-36.319623185929004,74.03696836829488,19.770987930143626,-1.3246217343126313e-5,-19.3359375,-34.541015625,-42.01171875,76.201171875,19.599609375,0.615234375,0.0,-4.39453125,30.76171875,-35.15625,0.0,0.0,-0.0,1.5,-27.3,10.7,-0.0,3.2
3.5724239349365234,-19.885925172251156,-34.565731201101734,-41.13769281357112,75.70334786845848,19.88592510294681,-1.3351659475410793e-5,-19.270585579336775,-35.09775723521251,-36.00617971868554,73.78711076130716,19.7428029682129,-1.320962266371384e-5,-19.3359375,-34.541015625,-41.8359375,76.025390625,19.599609375,0.615234375,0.0,-4.39453125,30.76171875,-26.3671875,0.0,0.0,-0.0,1.5,-27.2,9.6,-0.0,3.2
3.5791127681732178,-19.863691134917666,-34.59493047778059,-40.88487860889401,75.47973303226685,19.86369106438807,-1.332044120589404e-5,-19.220688754608545,-35.130665603733846,-35.68917355112101,73.53290315582615,19.713123277738518,-1.3171084834488118e-5,-19.3359375,-34.62890625,-41.572265625,75.849609375,19.599609375,0.615234375,0.0,-8.7890625,35.15625,-26.3671875,0.0,0.0,-0.0,0.7,-28.0,13.6,-0.0,3.2
3.585779905319214,-19.840331114789876,-34.62441477886234,-40.62855398919518,75.25289281010116,19.840331043055606,-1.3287679032794026e-5,-19.169114290908123,-35.16345177611332,-35.37083704787683,73.27611425608626,19.682118636306758,-1.3130828808276861e-5,-19.3359375,-34.62890625,-41.396484375,75.673828125,19.599609375,0.615234375,0.0,-8.7890625,35.15625,-26.3671875,0.0,0.0,-0.0,1.5,-28.8,16.5,-0.0,3.2
3.5924479961395264,-19.815706374793052,-34.65427383641837,-40.36785044958897,75.02204842971662,19.815706301871998,-1.3253185907096626e-5,-19.115629956807915,-35.19619521783574,-35.05020754029793,73.01590406552133,19.64962218075904,-1.308864334038019e-5,-19.3359375,-34.716796875,-41.1328125,75.41015625,19.599609375,0.615234375,0.0,-8.7890625,35.15625,-26.3671875,0.0,0.0,-0.0,0.7,-29.0,17.2,-0.0,3.2
3.5991158485412598,-19.789793812481438,-34.68448137129892,-40.10293357332222,74.78733919530225,19.789793738392717,-1.3216936645755306e-5,-19.06023798280895,-35.22885678280228,-34.72752483073446,72.75244284661436,19.615616279711745,-1.3044511546194134e-5,-19.3359375,-34.8046875,-40.869140625,74.970703125,19.599609375,0.615234375,0.0,-13.18359375,35.15625,-26.3671875,0.0,0.0,-0.0,0.7,-29.8,13.2,-0.0,3.2
3.6057839393615723,-19.76256539981799,-34.71501845450222,-39.83390457343931,74.54884739101253,19.762565324581562,-1.3178899668483175e-5,-19.002929019803517,-35.26140162016696,-34.40294645411844,72.48583533936872,19.580076697950883,-1.2998408570449305e-5,-19.3359375,-34.892578125,-40.60546875,74.619140625,19.599609375,0.615234375,0.0,-13.18359375,35.15625,-26.3671875,0.0,0.0,-0.0,-0.2,-29.8,9.8,-0.0,3.2
3.6124517917633057,-19.73395619237698,-34.74587061474065,-39.56078401119976,74.30657910708278,19.733956116014504,-1.3138994286936767e-5,-18.94364427692308,-35.29379450202718,-34.07662626926855,72.21613401112079,19.54293728883135,-1.295025675181837e-5,-19.3359375,-34.892578125,-40.4296875,74.267578125,19.599609375,0.615234375,0.0,-13.18359375,35.15625,-57.12890625,0.0,0.0,-0.0,-0.2,-30.5,11.2,-0.0,3.2
3.619119882583618,-19.70393919983961,-34.77701690086765,-39.283685457862724,74.06062696373232,19.703939122373605,-1.3097191993728916e-5,-18.882378296885115,-35.32600038488724,-33.74873227286829,71.94345327157329,19.504175842654057,-1.2900035648476694e-5,-19.3359375,-34.98046875,-40.078125,73.828125,19.599609375,0.615234375,0.0,-8.7890625,39.55078125,-57.12890625,0.0,0.0,-0.9,-0.2,-31.3,9.6,-0.0,3.2
3.6257879734039307,-19.67249102698239,-34.808433167905825,-39.00274962722779,73.81110752987487,19.672490948436394,-1.3053469838379848e-5,-18.81913250394846,-35.357975164934714,-33.41946383604776,71.66793365155048,19.46377477137556,-1.2847731453713939e-5,-19.3359375,-34.98046875,-39.814453125,73.564453125,19.599609375,0.615234375,0.0,-8.7890625,39.55078125,-57.12890625,0.0,0.0,-1.7,-0.0,-31.3,8.5,-0.0,3.2
3.632457971572876,-19.639533533293836,-34.84011237727496,-38.71791503396929,73.55795228192063,19.639533453692792,-1.3007732058333902e-5,-18.753827923928238,-35.38969402160876,-33.08887974245118,71.3895450629789,19.421652918463767,-1.2793250497003573e-5,-19.3359375,-35.068359375,-39.638671875,73.388671875,19.599609375,0.615234375,0.0,-8.7890625,39.55078125,-43.9453125,0.0,0.0,-1.7,-0.0,-31.4,10.6,-0.0,3.2
3.639126777648926,-19.605060061995353,-34.8720145056115,-38.42945966492938,73.30139918336977,19.605059981365663,-1.2959980772271668e-5,-18.68649964411389,-35.421100345346886,-32.75733204357543,71.1085588004795,19.377814500004874,-1.2736609188248459e-5,-19.3359375,-35.068359375,-39.287109375,73.125,19.599609375,0.615234375,0.0,-4.39453125,39.55078125,-43.9453125,0.0,0.0,-2.6,-0.0,-32.2,11.4,-0.0,3.2
3.6457948684692383,-19.569046681082874,-34.90411667242182,-38.13750576043569,73.04154759414861,19.569046599451834,-1.2910194725089799e-5,-18.61714785300828,-35.452147504780825,-32.42499148803274,70.82509337032903,19.33224157698142,-1.2677795999894646e-5,-19.3359375,-35.15625,-39.0234375,72.7734375,19.599609375,0.615234375,0.0,-4.39453125,39.55078125,-43.9453125,0.0,0.0,-3.4,-0.0,-32.2,9.6,-0.0,3.2
3.6524617671966553,-19.531427137996413,-34.936396206046865,-37.84211604363629,72.77843756601129,19.531427055393237,-1.285829835098347e-5,-18.545721697690027,-35.48279858633018,-32.09205871604979,70.53923659055475,19.28486976518316,-1.2616742856849699e-5,-19.3359375,-35.15625,-38.759765625,72.59765625,19.599609375,0.615234375,0.0,-4.39453125,39.55078125,-39.55078125,0.0,0.0,-3.4,-0.0,-32.2,11.4,-0.0,3.2
3.6591289043426514,-19.492176031226638,-34.968832491962786,-37.54338641201602,72.51214438201619,19.49217594768131,-1.2804270364787166e-5,-18.472217916360222,-35.513013704562226,-31.758666574574455,70.25107746274705,19.235679421539643,-1.255343821106652e-5,-19.3359375,-35.244140625,-38.49609375,72.421875,19.599609375,0.615234375,0.0,-8.7890625,39.55078125,-39.55078125,0.0,0.0,-4.2,-0.0,-32.2,12.2,-0.0,3.2
3.6657958030700684,-19.451276852993672,-35.00139605673295,-37.241489191399644,72.24281089461176,19.45127676853726,-1.2748102522713074e-5,-18.396650681307307,-35.54273518330329,-31.42503825159049,69.9607796804829,19.1846622982415,-1.2487886029523246e-5,-19.3359375,-35.244140625,-38.14453125,72.0703125,19.599609375,0.615234375,0.0,-8.7890625,43.9453125,-39.55078125,0.0,0.0,-5.0,-0.0,-32.2,10.4,0.8,3.2
3.6724629402160645,-19.408657396412885,-35.03406437835943,-36.93646469033803,71.97045489063821,19.4086573110784,-1.2689715349061531e-5,-18.3189622598293,-35.57192935458505,-31.09134973254754,69.66840624833966,19.131748092370938,-1.2420015110312263e-5,-19.3359375,-35.33203125,-37.880859375,71.89453125,19.599609375,0.615234375,0.0,-8.7890625,43.9453125,-39.55078125,0.0,0.0,-5.0,-0.0,-32.0,12.0,1.8,3.2
3.679130792617798,-19.36430060072909,-35.06681017969952,-36.6284590995774,71.69519528376054,19.364300514550543,-1.2629101947455005e-5,-18.239163941153528,-35.6005465780818,-30.7577852216546,69.3740909936592,19.07692773259197,-1.2349830677136875e-5,-19.3359375,-35.33203125,-37.529296875,71.455078125,19.599609375,0.615234375,0.0,-4.39453125,39.55078125,-39.55078125,0.0,0.0,-6.7,-0.0,-32.8,11.2,1.8,3.2
3.685797929763794,-19.31820034103522,-35.09959702612796,-36.317699462515,71.41722268276682,19.318200254047873,-1.2566271212946042e-5,-18.157286914959634,-35.62851816773059,-30.424620278449353,69.0780455232516,19.02020578343646,-1.2277356233161064e-5,-19.3359375,-35.33203125,-37.177734375,71.279296875,19.599609375,0.615234375,0.0,-4.39453125,39.55078125,-39.55078125,0.0,0.0,-6.7,-0.0,-32.8,11.2,2.4,3.2
3.692464828491211,-19.270285248194575,-35.13239746789673,-36.00424797786605,71.13657183690555,19.27028516043587,-1.2501149530676374e-5,-18.07327792184681,-35.65580957615067,-30.092054044568442,68.7803497813369,18.961514247323187,-1.2202528502557735e-5,-19.3359375,-35.419921875,-37.001953125,71.103515625,19.599609375,0.615234375,0.0,-4.39453125,39.55078125,-39.55078125,0.0,0.0,-7.5,-0.0,-32.8,13.8,3.4,3.2
3.699131965637207,-19.220542989944526,-35.16518202695789,-35.68826034904143,70.85336897158021,19.220542901452934,-1.243373941864395e-5,-17.98715389672606,-35.68236574255077,-29.760273214072708,68.48114191064306,18.900849579551917,-1.2125362896883577e-5,-19.3359375,-35.419921875,-36.73828125,70.83984375,19.599609375,0.615234375,0.0,-4.39453125,39.55078125,-39.55078125,0.0,0.0,-8.3,-0.0,-33.6,13.8,3.4,3.2
3.705798864364624,-19.16896555671764,-35.197916591822555,-35.369929269229765,70.56777266851279,19.168965467532885,-1.2364050221981688e-5,-17.898939854742988,-35.70811475303045,-29.429508976557102,68.18059598791244,18.83821371534055,-1.2045882778635343e-5,-19.3359375,-35.5078125,-36.298828125,70.48828125,19.599609375,0.615234375,0.0,-4.39453125,48.33984375,-39.55078125,0.0,0.0,-9.0,-0.0,-32.8,12.0,4.0,3.2
3.7124669551849365,-19.11547475342259,-35.230573028209264,-35.049292431956246,70.27979248725372,19.115474663586735,-1.2292004363155664e-5,-17.808573314928026,-35.733024467054136,-29.09993655265007,67.87876480101752,18.77353154530919,-1.196402126562802e-5,-19.3359375,-35.5078125,-36.03515625,70.224609375,19.599609375,0.615234375,0.0,-4.39453125,48.33984375,-39.55078125,0.0,0.0,-9.0,-0.0,-32.9,13.6,5.0,3.2
3.7191338539123535,-19.06008591361818,-35.263105575051604,-34.72665094380919,69.98968377325023,19.060085823174713,-1.2217644717252433e-5,-17.716114666854903,-35.75702320990515,-28.7718851616944,67.57591857692239,18.706832541395606,-1.1879838777413946e-5,-19.3359375,-35.595703125,-35.771484375,69.9609375,19.599609375,0.615234375,0.0,-8.7890625,48.33984375,-39.55078125,0.0,0.0,-9.8,-0.0,-32.9,13.6,5.0,3.2
3.7258009910583496,-19.002780529987678,-35.29548697103572,-34.40211464033774,69.69752910080149,19.002780438981276,-1.2140969596097424e-5,-17.621567808390115,-35.780038440814444,-28.445493842719028,67.27214845747572,18.638105484621587,-1.1793345221730052e-5,-19.3359375,-35.595703125,-35.419921875,69.609375,19.599609375,0.615234375,0.0,-8.7890625,43.9453125,-39.55078125,0.0,0.0,-10.7,-0.0,-33.7,10.4,4.8,3.2
3.7324678897857666,-18.943498390061038,-35.32767395476282,-34.07583618943647,69.40343787663345,18.943498298539208,-1.2061931097944424e-5,-17.524901025850774,-35.802030327932066,-28.12105423659333,66.96760998716438,18.56729770653412,-1.170450773343107e-5,-19.3359375,-35.68359375,-35.15625,69.345703125,19.599609375,0.615234375,0.0,-8.7890625,43.9453125,-39.55078125,0.0,0.0,-11.5,-0.0,-32.8,8.4,5.7,3.2
3.7391347885131836,-18.882239209014756,-35.359631274138074,-33.747997741741486,69.10755699927546,18.88223911702633,-1.1980553967452548e-5,-17.426143637081108,-35.82293096131408,-27.798765167076276,66.66245608766013,18.494418986080714,-1.1613364736198894e-5,-19.248046875,-35.68359375,-34.8046875,69.169921875,19.51171875,0.615234375,0.0,-4.39453125,48.33984375,-39.55078125,0.0,0.0,-10.7,-0.0,-32.8,11.6,5.7,3.2
3.7458019256591797,-18.81899853369714,-35.39132315182034,-33.418773831962525,68.8100252261008,18.81899844129242,-1.1896858554774281e-5,-17.325319124171457,-35.84265482366834,-27.47882585314833,66.35683374742919,18.419474428932343,-1.1519949941971e-5,-19.16015625,-35.68359375,-34.453125,68.90625,19.423828125,0.615234375,0.0,-4.39453125,48.33984375,-39.55078125,0.0,0.0,-11.2,-0.0,-33.6,17.2,6.4,3.2
3.7524688243865967,-18.753719756283253,-35.42270009150128,-33.08834083336753,68.5109694342818,18.753719663515724,-1.1810807412450335e-5,-17.222400644443077,-35.86116185022557,-27.161549020459198,66.05091434189606,18.34241603965956,-1.1424242047113236e-5,-19.072265625,-35.68359375,-34.27734375,68.73046875,19.423828125,0.615234375,8.7890625,-4.39453125,48.33984375,-39.55078125,-8.7890625,0.0,-11.2,-0.0,-33.6,19.0,6.5,3.2
3.7591359615325928,-18.686405576828026,-35.45372549269114,-32.75687486096183,68.21052913830869,18.68640548375265,-1.1722432099598341e-5,-17.117417163005705,-35.87837838456373,-26.847120023178313,65.74483974471009,18.263256196610385,-1.1326285549184639e-5,-18.984375,-35.771484375,-33.92578125,68.37890625,19.3359375,0.615234375,8.7890625,-4.39453125,43.9453125,-39.55078125,-8.7890625,0.0,-11.2,-0.0,-33.6,16.6,5.7,3.2
3.765824794769287,-18.61683301947837,-35.48445768320544,-32.42349868218448,67.90788543433204,18.616832926151115,-1.1631470815795563e-5,-17.010051732905836,-35.89425800126056,-26.53475108904247,65.43778381232171,18.181743555753467,-1.122580150066211e-5,-18.896484375,-35.771484375,-33.57421875,68.02734375,19.248046875,0.615234375,8.7890625,-4.39453125,43.9453125,-39.55078125,-8.7890625,0.0,-11.3,-0.0,-34.4,14.1,6.3,3.2
3.772491931915283,-18.545393114830286,-35.51464250941456,-32.09055102636312,67.60512289643044,18.545393021312382,-1.1538477869904619e-5,-16.90096784670149,-35.90865930518359,-26.226784425363405,65.13190364217436,18.09835513933598,-1.1123422341963794e-5,-18.896484375,-35.859375,-33.310546875,67.763671875,19.16015625,0.615234375,13.18359375,-4.39453125,43.9453125,-43.9453125,-13.18359375,0.0,-12.1,-0.0,-33.7,16.0,6.5,3.2
3.7791597843170166,-18.471872861922407,-35.54434305601872,-31.757121701379347,67.30139441804143,18.47187276827579,-1.1443204009781725e-5,-16.789851691415084,-35.92155387406301,-25.922365834240736,64.8263321156985,18.01284836611006,-1.1018879310393736e-5,-18.720703125,-35.859375,-32.87109375,67.236328125,19.072265625,0.615234375,13.18359375,-4.39453125,48.33984375,-43.9453125,-13.18359375,0.0,-12.1,-0.0,-33.7,13.4,5.5,3.2
3.7858269214630127,-18.39629417897768,-35.57350986762374,-31.423480764823147,66.99692060125537,18.39629408526632,-1.1345710004703743e-5,-16.676757429964706,-35.93283833334399,-25.62177160301494,64.52129324382054,17.925257411717027,-1.0912247668186933e-5,-18.6328125,-35.947265625,-32.607421875,66.97265625,18.984375,0.615234375,13.18359375,-4.39453125,48.33984375,-43.9453125,-13.18359375,0.0,-12.1,-0.0,-34.5,12.6,6.3,3.2
3.7924938201904297,-18.318596820574,-35.60208313138369,-31.089804463183505,66.69181787993732,18.31859672686597,-1.124596585531688e-5,-16.56164820735976,-35.94247360866339,-25.325313386476765,64.21694426640205,17.835530222779298,-1.0803513299157297e-5,-18.544921875,-35.947265625,-32.34375,66.62109375,18.896484375,0.615234375,13.18359375,-4.39453125,48.33984375,-52.734375,-13.18359375,0.0,-12.1,-0.0,-33.6,13.6,6.5,3.2
3.799172878265381,-18.238653927795735,-35.63007159285196,-30.75568073717728,66.38568294085815,18.23865383416115,-1.11438421110334e-5,-16.444349403079215,-35.95038281907133,-25.03263985862114,63.912879085012236,17.74352725643078,-1.0692541574066104e-5,-18.28125,-36.03515625,-31.904296875,66.181640625,18.720703125,0.615234375,13.18359375,-8.7890625,43.9453125,-52.734375,-13.18359375,0.0,-10.2,-0.0,-33.6,12.8,4.6,3.2
3.805851936340332,-18.156617055391358,-35.65737620738487,-30.421923037714485,66.07923018964956,18.156616961902664,-1.1039568692559041e-5,-16.325101011481806,-35.95643842162926,-24.74450303979156,63.609811040144216,17.649431155005576,-1.0579590215937273e-5,-18.193359375,-36.03515625,-31.640625,65.830078125,18.6328125,0.615234375,13.18359375,-8.7890625,43.9453125,-52.734375,-13.18359375,0.0,-10.2,-0.0,-33.6,11.2,5.4,3.2
3.812518835067749,-18.072587522408107,-35.68387788423455,-30.08936345361264,65.77317262394382,18.07258742914211,-1.0933326572590597e-5,-16.2040954734711,-35.96059418230089,-24.461774804771007,63.30848365064183,17.553374420240992,-1.0464872163509657e-5,-18.10546875,-36.03515625,-31.376953125,65.56640625,18.544921875,0.615234375,21.97265625,-8.7890625,43.9453125,-57.12890625,-13.18359375,0.0,-10.2,-0.0,-33.6,12.0,5.7,3.2
3.819196939468384,-17.98630475161396,-35.70962621616635,-29.75704423952633,65.46660209220458,17.986304658650134,-1.0824818974843268e-5,-16.080958262980623,-35.96276543989545,-24.183631139665103,63.0079901924868,17.455063028140213,-1.0348069782737765e-5,-17.841796875,-36.03515625,-30.9375,65.126953125,18.45703125,0.615234375,21.97265625,0.0,52.734375,-57.12890625,-13.18359375,0.0,-9.5,-0.0,-33.6,11.2,4.7,3.2
3.825863838195801,-17.89807216833957,-35.7344842721301,-29.42628974285331,65.16070600952939,17.898072075759075,-1.0714465284541232e-5,-15.956131431954377,-35.96283285899972,-23.911212961360846,62.70949473879954,17.354848991524687,-1.0229640125334998e-5,-17.75390625,-36.03515625,-30.673828125,64.86328125,18.369140625,0.615234375,21.97265625,0.0,52.734375,-43.9453125,-13.18359375,0.0,-9.5,-0.0,-33.6,10.4,5.5,3.2
3.832530975341797,-17.807694029538496,-35.75841655206775,-29.09678006775435,64.85512898078825,17.807693937428393,-1.0602077737490222e-5,-15.829375586955779,-35.96075996951669,-23.644417686254997,62.41268858786503,17.252524933031545,-1.01093970346505e-5,-17.666015625,-36.123046875,-30.41015625,64.6875,18.28125,0.615234375,21.97265625,0.0,52.734375,-43.9453125,-13.18359375,0.0,-9.5,-0.0,-33.5,12.8,6.6,3.2
3.839209794998169,-17.715050041997294,-35.781417243574666,-28.76815713994614,64.54950711976497,17.715049950447757,-1.0487541827023057e-5,-15.70051732703741,-35.95643027213492,-23.3829504226548,62.11720602669649,17.147957398223433,-9.987219523924827e-6,-17.578125,-36.123046875,-30.05859375,64.3359375,18.193359375,0.615234375,21.97265625,-4.39453125,43.9453125,-43.9453125,-13.18359375,0.0,-10.5,-0.0,-33.5,12.8,5.5,3.2
3.845876932144165,-17.620481618688828,-35.80335125713867,-28.441784148508358,64.24506852462586,17.620481527791103,-1.0371319692849094e-5,-15.570033406111683,-35.94974167272835,-23.127929350693147,61.8242334458508,17.041536501309068,-9.863604436726024e-6,-17.490234375,-36.2109375,-29.794921875,64.072265625,18.10546875,0.615234375,21.97265625,-4.39453125,43.9453125,-39.55078125,-13.18359375,0.0,-10.5,-0.0,-34.3,12.0,6.3,3.2
3.852543830871582,-17.52378617605017,-35.8241686765418,-28.117372293997008,63.94147448050036,17.523786085902568,-1.0253224044847526e-5,-15.437672845119486,-35.940647424354125,-22.879297246134183,61.53348238152104,16.933047510252173,-9.738366106462758e-6,-17.314453125,-36.2109375,-29.53125,63.80859375,17.9296875,0.615234375,17.578125,-4.39453125,43.9453125,-39.55078125,-17.578125,0.0,-9.7,-0.0,-33.7,13.6,5.7,3.2
3.8592119216918945,-17.424989540214753,-35.84382902942141,-27.795049117681767,63.63881205617669,17.424989450917906,-1.0133319737174687e-5,-15.303454595343455,-35.92903071625242,-22.637125642496528,61.24501659845298,16.82251910710355,-9.611571466824925e-6,-17.2265625,-36.298828125,-29.1796875,63.45703125,17.841796875,0.615234375,17.578125,-8.7890625,48.33984375,-39.55078125,-17.578125,0.0,-10.5,-0.8,-33.7,12.8,4.9,3.2
3.865879774093628,-17.324132463751898,-35.862268854861384,-27.47510148215018,63.33730465314316,17.3241323754097,-1.0011698352406219e-5,-15.16742828663536,-35.91477077089796,-22.401666172753824,60.95904715492864,16.709999975601683,-9.483319526400895e-6,-17.138671875,-36.298828125,-28.828125,63.193359375,17.75390625,0.615234375,13.18359375,-8.7890625,48.33984375,-43.9453125,-17.578125,0.0,-10.4,-0.9,-33.7,10.4,3.8,3.2
3.872546911239624,-17.221181264819077,-35.87938675220886,-27.1578517034532,63.03717318690333,17.221181177542178,-9.888386906392967e-6,-15.02956879159584,-35.897829168613825,-22.173343560071697,60.675823304366276,16.595464366829308,-9.353651010507275e-6,-17.05078125,-36.298828125,-28.4765625,62.9296875,17.666015625,0.615234375,13.18359375,-8.7890625,48.33984375,-43.9453125,-17.578125,0.0,-11.2,-0.9,-32.7,9.1,5.5,3.2
3.879213809967041,-17.11617988633455,-35.89513859486463,-26.843465392014775,62.7385391410913,17.116179800235898,-9.763470870957693e-6,-14.889909491370567,-35.878084453232965,-21.952241874389927,60.3954363918167,16.478958587133576,-9.222651666217732e-6,-16.962890625,-36.298828125,-28.212890625,62.666015625,17.578125,0.615234375,13.18359375,0.0,43.9453125,-43.9453125,-17.578125,0.0,-11.3,-1.7,-32.7,13.2,6.7,3.2
3.885880947113037,-17.009143771888155,-35.90946250369205,-26.532139281168686,62.44153736982375,17.00914368708446,-9.63701182691341e-6,-14.74845600000136,-35.85540664442814,-21.738534142270098,60.1180088146257,16.36050067737293,-9.090386117371594e-6,-16.787109375,-36.38671875,-27.861328125,62.40234375,17.490234375,0.615234375,17.578125,0.0,43.9453125,-39.55078125,-17.578125,0.0,-11.3,-2.6,-31.9,14.8,7.5,3.2
3.892547845840454,-16.900043292119356,-35.922246696599345,-26.224218517299043,62.146401237480816,16.90004320873474,-9.509046499303661e-6,-14.605178974183982,-35.8297598503924,-21.532656938839338,59.843797212104306,16.240067151320602,-8.956902765875801e-6,-16.69921875,-36.38671875,-27.59765625,62.2265625,17.314453125,0.615234375,17.578125,0.0,43.9453125,-39.55078125,-8.7890625,0.0,-12.1,-2.6,-32.6,17.3,6.5,3.2
3.89921498298645,-16.788923935179447,-35.93344565836292,-25.919860429230884,61.85324255746846,16.78892385334036,-9.379660750188655e-6,-14.460108080158122,-35.80101589765435,-21.334680176196805,59.57287937104101,16.117703417520946,-8.82228502169001e-6,-16.69921875,-36.38671875,-27.24609375,61.787109375,17.138671875,0.615234375,17.578125,-4.39453125,48.33984375,-39.55078125,-8.7890625,0.0,-13.0,-2.6,-31.8,14.4,5.4,3.2
3.905881881713867,-16.675818817192756,-35.94299176412066,-25.619306213539137,61.562234901348624,16.67581873702942,-9.24893714055512e-6,-14.31326853761891,-35.76904366292587,-21.14480225790555,59.30540904290009,15.99344444387672,-8.686616785460692e-6,-16.611328125,-36.38671875,-27.0703125,61.5234375,16.962890625,0.615234375,17.578125,-4.39453125,48.33984375,-39.55078125,-8.7890625,0.0,-13.8,-3.3,-32.6,15.2,4.6,3.2
3.912548780441284,-16.560689937433565,-35.95076392132462,-25.322889472607088,61.273590779077,16.560689859084242,-9.116907044052791e-6,-14.164616610809023,-35.733809969623664,-20.96345293864073,59.04161857685,15.867254759632223,-8.549938124282066e-6,-16.5234375,-36.38671875,-26.630859375,61.083984375,16.787109375,0.615234375,8.7890625,-4.39453125,48.33984375,-48.33984375,-30.76171875,0.0,-13.8,-3.3,-32.0,12.5,4.8,3.2
3.9192159175872803,-16.443587534880496,-35.95671551147956,-25.03076755526194,60.987420920772564,16.443587458485638,-8.983659729636093e-6,-14.014187312323044,-35.69518485103699,-20.79069229568521,58.781579782564286,15.739182168555331,-8.41233334413353e-6,-16.435546875,-36.38671875,-26.3671875,60.732421875,16.69921875,0.615234375,8.7890625,0.0,39.55078125,-48.33984375,-30.76171875,0.0,-14.6,-3.3,-32.0,12.8,4.7,3.2
3.925893783569336,-16.32434919691397,-35.96078115511226,-24.74270899376689,60.7034284798571,16.32434912262127,-8.849057286601962e-6,-13.861755314934165,-35.65296484747899,-20.626442211969092,58.52501698367644,15.609045490422384,-8.273656719651667e-6,-16.34765625,-36.38671875,-26.103515625,60.46875,16.69921875,0.615234375,8.7890625,0.0,39.55078125,-48.33984375,-30.76171875,0.0,-14.6,-4.1,-31.2,11.2,5.5,3.2
3.93257999420166,-16.202975366211874,-35.96281622469852,-24.45920712573292,60.42196216638018,16.202975294177463,-8.71318493235881e-6,-13.707328269638367,-35.60712811796344,-20.471253144772152,58.27228857812435,15.476849414059302,-8.13400278234125e-6,-16.259765625,-36.38671875,-25.751953125,60.1171875,16.5234375,0.615234375,13.18359375,0.0,39.55078125,-48.33984375,-13.18359375,0.0,-15.4,-4.1,-30.4,12.0,5.8,3.2
3.939246892929077,-16.080030425588074,-35.96277381066316,-24.181568921056478,60.14428203839944,16.080030355959835,-8.576700366233437e-6,-13.55159322908526,-35.55773979129831,-20.32576820010519,58.024486531097736,15.343197623584803,-7.994036197186702e-6,-16.171875,-36.38671875,-25.576171875,59.94140625,16.435546875,0.615234375,13.18359375,0.0,43.9453125,-48.33984375,-13.18359375,0.0,-16.2,-4.9,-31.2,12.8,5.8,3.2
3.945913791656494,-15.955190733923514,-35.96058713217237,-23.909187244242183,59.86971418086227,15.95519066685942,-8.439285140728083e-6,-13.394120932978037,-35.50455260390801,-20.189688277663297,57.78099204163225,15.207730335778063,-7.853423368985908e-6,-15.99609375,-36.38671875,-25.3125,59.58984375,16.34765625,0.615234375,13.18359375,0.0,43.9453125,-48.33984375,-13.18359375,0.0,-15.4,-4.9,-30.4,9.6,5.6,3.2
3.9525818824768066,-15.828399605202955,-35.95610852399635,-23.642405258305878,59.59845409174642,15.828399540870159,-8.300960840109277e-6,-13.234844055673411,-35.44754154650572,-20.063443766757462,57.54201495201612,15.07038527520131,-7.71218939637526e-6,-15.8203125,-36.38671875,-24.9609375,59.326171875,16.171875,0.615234375,17.578125,0.0,43.9453125,-43.9453125,-17.578125,0.0,-15.4,-5.7,-29.4,8.3,5.4,3.2
3.959251880645752,-15.699699816839116,-35.94929645831499,-23.381320400092797,59.33055767989809,15.699699755405822,-8.161800602769618e-6,-13.073790588089855,-35.386572085228266,-19.947002006700927,57.30756726044889,14.931195559154325,-7.570396703220134e-6,-15.732421875,-36.38671875,-24.78515625,59.150390625,16.083984375,0.615234375,17.578125,0.0,43.9453125,-43.9453125,-17.578125,0.0,-15.4,-5.7,-29.4,10.6,7.0,3.2
3.965918779373169,-15.569210007523708,-35.94007705202754,-23.126343291568407,59.06636168369277,15.569209949159223,-8.021978785213715e-6,-12.911095980616919,-35.32158195291835,-19.840584623268107,57.07793691812985,14.79027947968972,-7.428215577133058e-6,-15.64453125,-36.38671875,-24.43359375,58.974609375,15.908203125,0.615234375,17.578125,0.0,43.9453125,-30.76171875,-17.578125,0.0,-16.0,-6.6,-28.6,10.6,5.9,3.2
3.972585916519165,-15.436830754267802,-35.928288789504066,-22.877750649128902,58.80598130425696,15.436830699151349,-7.881475374225752e-6,-12.746642164953348,-35.252543634553234,-19.744568864775317,56.853268378253176,14.647525143683414,-7.285625965909763e-6,-15.46875,-36.38671875,-24.169921875,58.798828125,15.732421875,0.615234375,17.578125,0.0,43.9453125,-30.76171875,-17.578125,0.0,-16.0,-7.4,-27.8,10.4,5.3,3.2
3.9792838096618652,-15.301998375753737,-35.91382369574813,-22.63454843211283,58.54831452815931,15.301998324080204,-7.739724773869853e-6,-12.579712077687478,-35.178995754436144,-19.65850800010696,56.63258981357673,14.502312986605524,-7.142042134052453e-6,-15.29296875,-36.38671875,-23.994140625,58.7109375,15.64453125,0.615234375,17.578125,0.0,39.55078125,-30.76171875,-17.578125,0.0,-15.2,-7.4,-27.8,13.2,6.1,3.2
3.9859609603881836,-15.165763697880287,-35.896704679005715,-22.398830911729913,58.29547853066971,15.165763649820994,-7.597881625483822e-6,-12.411600345404773,-35.101407312588044,-19.583183758567206,56.41771882837211,14.355767729582192,-6.99862724219174e-6,-15.205078125,-36.38671875,-23.642578125,58.447265625,15.556640625,0.615234375,21.97265625,0.0,39.55078125,-26.3671875,-17.578125,0.0,-15.9,-8.2,-26.2,12.4,5.8,3.2
3.9926397800445557,-15.027634301273174,-35.876708685185164,-22.17021931333184,58.04687148496306,15.027634257019082,-7.455522217243821e-6,-12.241709568124936,-35.01955711925902,-19.51873188183086,56.20819537921774,14.207358980900949,-6.854955356207348e-6,-14.94140625,-36.38671875,-23.37890625,58.18359375,15.380859375,0.615234375,21.97265625,0.0,39.55078125,-26.3671875,-21.97265625,0.0,-15.1,-9.0,-25.4,11.0,6.2,3.2
3.9993069171905518,-14.887947289314866,-35.85386083513107,-21.94920218175404,57.80300705538277,14.887947249046434,-7.313006870652563e-6,-12.070437965224272,-34.93350999267716,-19.4650792278768,56.00441184863854,14.057441315427205,-6.711381101858098e-6,-14.853515625,-36.38671875,-23.203125,58.0078125,15.29296875,0.615234375,21.97265625,0.0,35.15625,-26.3671875,-21.97265625,0.0,-15.9,-9.0,-25.4,13.0,7.0,3.2
4.005973815917969,-14.74647619362854,-35.828038928484396,-21.73559719361651,57.56358071906717,14.746476157534369,-7.170151326078802e-6,-11.897507634695032,-34.84307830622832,-19.422178183984,55.806117066346395,13.905770622583278,-6.56771867208567e-6,-14.58984375,-36.38671875,-22.939453125,57.744140625,15.1171875,0.615234375,21.97265625,0.0,35.15625,-35.15625,-21.97265625,0.0,-14.4,-9.8,-24.6,11.4,5.9,3.2
4.012641906738281,-14.603143284203831,-35.799049181880044,-21.529814663395463,57.328809007394305,14.603143252480987,-7.026976109732449e-6,-11.722842460512348,-34.74828027410376,-19.390410970429425,55.613553338283765,13.75226911104685,-6.423998371783735e-6,-14.4140625,-36.38671875,-22.67578125,57.392578125,14.94140625,0.615234375,30.76171875,0.0,35.15625,-35.15625,-17.578125,0.0,-15.2,-10.6,-22.8,9.2,6.1,3.2
4.019308805465698,-14.458054824787204,-35.76688954424105,-21.33194722478749,57.09878250256118,14.458054797627117,-6.8836006229116865e-6,-11.54656109151561,-34.64906444809054,-19.369541675192053,55.42674911238983,13.597047105029448,-6.280335235125761e-6,-14.326171875,-36.38671875,-22.587890625,57.12890625,14.853515625,0.615234375,30.76171875,0.0,35.15625,-35.15625,-17.578125,0.0,-15.2,-11.4,-22.8,10.4,7.7,3.2
4.025975942611694,-14.311187343693641,-35.73146206401989,-21.142167387048694,56.8735757623483,14.311187321288687,-6.740053616933588e-6,-11.368637933020322,-34.54538481351151,-19.359586317551656,55.24576462300169,13.440080224715274,-6.136759990887484e-6,-14.150390625,-36.38671875,-22.32421875,56.77734375,14.677734375,0.615234375,30.76171875,0.0,35.15625,-48.33984375,-17.578125,0.0,-15.1,-12.3,-22.0,8.0,6.8,3.2
4.032643795013428,-14.162483815927853,-35.69256797060518,-20.960936930658853,56.65345179680564,14.162483798475519,-6.596383093964981e-6,-11.189022937764324,-34.437297756238074,-19.360883431442094,55.07086691475979,13.281313157574445,-5.993330705829542e-6,-13.88671875,-36.38671875,-22.060546875,56.513671875,14.4140625,0.615234375,26.3671875,0.0,35.15625,-48.33984375,-26.3671875,0.0,-14.3,-13.1,-20.5,6.8,5.3,3.2
4.039310932159424,-14.012031721914582,-35.65021413922897,-20.788288524709145,56.43845014990859,14.012031709603821,-6.4526848841044534e-6,-11.007811271189707,-34.32476644339369,-19.37312289842002,54.90202562575699,13.120835945449139,-5.8501380092921605e-6,-13.798828125,-36.38671875,-21.97265625,56.42578125,14.326171875,0.615234375,26.3671875,0.0,30.76171875,-48.33984375,-26.3671875,0.0,-15.1,-13.9,-19.7,9.9,6.9,3.2
4.045978784561157,-13.859806572316018,-35.60430326143433,-20.624394483550454,56.22864582762481,13.859806565333407,-6.3089891846191114e-6,-10.824976733000874,-34.207769011230525,-19.396274601929242,54.73928762130026,12.958623313844267,-5.707213967169012e-6,-13.53515625,-36.38671875,-21.708984375,56.162109375,14.0625,0.615234375,26.3671875,0.0,30.76171875,-26.3671875,-26.3671875,0.0,-14.4,-14.7,-18.0,7.5,5.0,3.2
4.052645921707153,-13.705795863524157,-35.554645941126715,-20.46977383722522,56.024368463905176,13.705795862055691,-6.165392287621765e-6,-10.640523330922004,-34.086421499459995,-19.43061240632266,54.58295449484008,12.794667557345477,-5.56466451276548e-6,-13.359375,-36.38671875,-21.62109375,56.07421875,13.974609375,0.615234375,26.3671875,0.0,30.76171875,-26.3671875,-26.3671875,0.0,-14.4,-15.5,-17.2,7.7,5.3,3.2
4.05931282043457,-13.550045176539115,-35.50125328452524,-20.324372564190142,55.82557514324272,13.550045180759792,-6.021945318452651e-6,-10.45449531582982,-33.960683223094144,-19.475768424246233,54.43291388116511,12.629013905817967,-5.42253492291881e-6,-13.271484375,-36.38671875,-21.533203125,55.8984375,13.88671875,0.615234375,26.3671875,0.0,21.97265625,-26.3671875,-26.3671875,0.0,-15.3,-16.3,-16.4,9.0,6.9,3.2
4.065981864929199,-13.392506396599932,-35.44402426415396,-20.18833529897865,55.63230947285844,13.392506406679193,-5.87865938475287e-6,-10.266838995011526,-33.830537695712806,-19.53167700868094,54.28917443299291,12.461612180736676,-5.280838148699203e-6,-13.095703125,-36.38671875,-21.357421875,55.72265625,13.7109375,0.615234375,26.3671875,0.0,21.97265625,-26.3671875,-26.3671875,0.0,-15.3,-17.1,-14.8,8.2,5.9,3.2
4.072649002075195,-13.233231064415259,-35.382795811148696,-20.06222801519997,55.444974357246636,13.233231080514443,-5.735694176076102e-6,-10.07763497445509,-33.69617899641737,-19.598523893734637,54.15207159913558,12.292522814659895,-5.139742308898048e-6,-12.83203125,-36.38671875,-21.26953125,55.546875,13.623046875,0.615234375,21.97265625,0.0,21.97265625,-26.3671875,-17.578125,0.0,-14.5,-18.7,-13.1,7.8,7.0,3.2
4.079315900802612,-13.072237073090688,-35.31758829124441,-19.9459286849604,55.26346813417456,13.07223709535726,-5.593071020932912e-6,-9.88689423374465,-33.557569182294124,-19.67590319789346,54.021433204883536,12.121761545245873,-4.999262323017013e-6,-12.744140625,-36.38671875,-21.181640625,55.458984375,13.53515625,0.615234375,21.97265625,0.0,17.578125,-26.3671875,-17.578125,0.0,-15.2,-19.5,-12.3,9.9,9.2,3.2
4.085982799530029,-12.909527517045298,-35.2483317037854,-19.839598944355476,55.087882439044215,12.909527545614834,-5.450848150937058e-6,-9.694624271822658,-33.41476037830862,-19.76368372757198,53.89728707733641,11.949332672375656,-4.859457104136568e-6,-12.568359375,-36.38671875,-21.09375,55.283203125,13.271484375,0.615234375,26.3671875,0.0,17.578125,-21.97265625,-17.578125,0.0,-15.2,-20.4,-10.7,8.3,6.8,3.2
4.092650890350342,-12.745030206132029,-35.17482347075049,-19.743689085393306,54.91846498607077,12.745030241131126,-5.309079629736733e-6,-9.500759213193428,-33.26786126294162,-19.862043961503954,53.779834506263384,11.775165417035824,-4.720389914116063e-6,-12.392578125,-36.38671875,-21.005859375,55.107421875,13.095703125,0.615234375,26.3671875,0.0,17.578125,-21.97265625,-21.97265625,0.0,-15.2,-22.0,-9.1,7.7,6.8,3.2
4.099318981170654,-12.578831363483301,-35.09713268144783,-19.658081453032572,54.755167209181934,12.578831405018725,-5.167843461876629e-6,-9.305391023422592,-33.116915449543484,-19.970516507812725,53.66892934512565,11.599348019867028,-4.582130736383199e-6,-12.3046875,-36.38671875,-21.005859375,54.931640625,13.0078125,0.615234375,26.3671875,0.0,8.7890625,-21.97265625,-21.97265625,0.0,-15.2,-22.8,-9.1,8.0,9.2,3.2
4.105986833572388,-12.410946511264553,-35.015212219375904,-19.58290695352536,54.59807289804167,12.410946559426678,-5.02720859025902e-6,-9.108542007590719,-32.96200802589863,-20.088923648457808,53.56457844383523,11.421897993828638,-4.444748221233207e-6,-12.12890625,-36.298828125,-20.91796875,54.84375,12.744140625,0.615234375,21.97265625,0.0,8.7890625,-21.97265625,-21.97265625,0.0,-16.0,-22.8,-7.5,7.2,6.8,3.2
4.1126549243927,-12.241322237041938,-34.92888121458402,-19.51859905360217,54.44743464958228,12.241322291906089,-4.887250847932296e-6,-8.910169091991843,-32.80327850999032,-20.217382734105286,53.46696743474689,11.242764639063957,-4.308326389073265e-6,-11.953125,-36.298828125,-20.91796875,54.66796875,12.568359375,0.615234375,21.97265625,0.0,8.7890625,-21.97265625,-26.3671875,0.0,-16.0,-24.4,-6.9,7.0,6.8,3.2
4.119323968887329,-12.069997970487467,-34.83821396051365,-19.46495456820933,54.30312357203706,12.069998032108835,-4.748002372299568e-6,-8.710308797157525,-32.64074813969979,-20.35543356155473,53.375884653190816,11.061986581438887,-4.1728892717673755e-6,-11.865234375,-36.2109375,-20.91796875,54.4921875,12.392578125,0.615234375,21.97265625,8.7890625,4.39453125,-21.97265625,-26.3671875,0.0,-17.0,-24.4,-6.1,7.2,8.3,3.2
4.125993967056274,-11.896983099441094,-34.74318005999325,-19.42206049332433,54.16519626414951,11.896983167855746,-4.609527520894963e-6,-8.508976637049384,-32.47451327519208,-20.502878316777775,53.29130736111538,10.879574979261106,-4.0385004394031885e-6,-11.689453125,-36.123046875,-20.91796875,54.228515625,12.216796875,0.615234375,21.97265625,8.7890625,4.39453125,-26.3671875,-26.3671875,0.0,-17.0,-24.9,-5.3,4.8,6.7,3.2
4.132660865783691,-11.7223432652329,-34.643683743680405,-19.390337644152304,54.03397777147451,11.722343340452944,-4.472002064557587e-6,-8.306268676132223,-32.30483651266875,-20.659690015373542,53.21344749083449,10.695604830654078,-3.905340260898724e-6,-11.513671875,-36.03515625,-20.91796875,54.140625,11.953125,0.615234375,21.97265625,8.7890625,4.39453125,-26.3671875,-26.3671875,0.0,-17.0,-25.7,-3.6,5.3,6.1,3.2
4.1393280029296875,-11.546051324604829,-34.53979318028194,-19.369495958783002,53.909246200916236,11.5460514066246,-4.3353970094618105e-6,-8.102143252264938,-32.13169084935123,-20.82545275050279,53.142027673275926,10.51004437871077,-3.773372355618274e-6,-11.42578125,-35.947265625,-20.91796875,54.052734375,11.865234375,0.615234375,21.97265625,13.18359375,0.0,-26.3671875,-26.3671875,0.0,-17.7,-25.7,-2.8,5.6,8.3,3.2
4.145995855331421,-11.368104744383919,-34.431495094037565,-19.359568560264066,53.79102139974794,11.368104833177842,-4.199766499967518e-6,-7.896602235324532,-31.955174202658846,-20.999962518542773,53.076993627764274,10.322892291953124,-3.642649801060049e-6,-11.25,-35.859375,-20.91796875,53.96484375,11.689453125,0.615234375,21.97265625,13.18359375,0.0,-17.578125,-26.3671875,0.0,-17.7,-26.6,-2.0,4.8,6.7,3.2
4.152662992477417,-11.188503246721517,-34.31868285344552,-19.360904472300053,53.67954576012025,11.188503342240203,-4.0652369462530964e-6,-7.68966543265831,-31.775487753288427,-21.183212895715045,53.01849183778413,10.134154205768892,-3.5133044109513294e-6,-11.07421875,-35.771484375,-20.91796875,53.876953125,11.42578125,0.615234375,21.97265625,13.18359375,0.0,-17.578125,-30.76171875,0.0,-18.5,-27.4,-0.4,4.8,6.1,3.2
4.159329891204834,-11.007293875920947,-34.20149255826584,-19.373171913688964,53.57462360041859,11.007293978096225,-3.931832085668651e-6,-7.481377179866979,-31.59268757374961,-21.374731847273278,52.966260633643984,9.943876501770486,-3.3853504138338474e-6,-10.986328125,-35.68359375,-20.91796875,53.7890625,11.337890625,0.615234375,21.97265625,8.7890625,0.0,-17.578125,-30.76171875,0.0,-18.5,-27.4,0.4,4.8,9.2,3.2
4.165996789932251,-10.82448143928504,-34.07994116253117,-19.396347901206248,53.476248891413206,10.82448154802933,-3.799609944524779e-6,-7.271747893497295,-31.40688531956868,-21.574299624207512,52.920224881515274,9.752065601014767,-3.2588441271462353e-6,-10.810546875,-35.595703125,-20.91796875,53.701171875,11.07421875,0.615234375,21.97265625,8.7890625,0.0,-8.7890625,-30.76171875,0.0,-19.3,-28.2,0.4,4.0,6.8,3.2
4.172663927078247,-10.640022844572922,-33.95392299675549,-19.430721204537996,53.38460473341952,10.640022959776136,-3.668667891717002e-6,-7.0607485431865635,-31.2182364845161,-21.781927553701244,52.88048725598067,9.558682298520749,-3.1338890510679447e-6,-10.546875,-35.419921875,-20.91796875,53.701171875,10.8984375,0.615234375,21.97265625,8.7890625,0.0,-8.7890625,-26.3671875,0.0,-18.5,-28.2,0.2,4.8,6.8,3.2
4.179330825805664,-10.453990965785607,-33.82361552503022,-19.475903673805266,53.29948044038577,10.453991087321842,-3.5390417920608334e-6,-6.848452791589093,-31.02683118415667,-21.997133623760348,52.84678036000201,9.363800011546068,-3.010510669385897e-6,-10.458984375,-35.33203125,-20.91796875,53.701171875,10.72265625,0.615234375,21.97265625,17.578125,0.0,-8.7890625,-26.3671875,0.0,-19.3,-29.0,0.2,4.8,8.3,3.2
4.18599796295166,-10.266384641751973,-33.68905571811665,-19.531821412449638,53.220839086505315,10.266384769478812,-3.410783976549878e-6,-6.634864401637363,-30.832775988389034,-22.219706398234013,52.819011304459686,9.167418969590722,-2.8887596389266025e-6,-10.283203125,-35.15625,-20.91796875,53.61328125,10.546875,0.615234375,26.3671875,17.578125,0.0,-8.7890625,-26.3671875,0.0,-20.1,-28.2,1.0,4.0,6.7,3.2
4.192664861679077,-10.077182882875613,-33.55018164089959,-19.598696694694844,53.148841010922766,10.077183016629201,-3.2840100152957295e-6,-6.419980097227864,-30.63624212140848,-22.449614712766696,52.79726180035445,8.969523288401668,-2.7687566853653185e-6,-10.01953125,-34.98046875,-20.91796875,53.525390625,10.283203125,0.615234375,26.3671875,17.578125,0.0,-8.7890625,-26.3671875,0.0,-19.3,-29.0,2.5,4.0,6.1,3.2
4.199331998825073,-9.886431974826431,-33.40717275093949,-19.676101569786628,53.083237720289375,9.886432114433383,-3.1587300854267285e-6,-6.203842751838387,-30.437296798855304,-22.686431425832268,52.78125325347,8.770158420479442,-2.650502576259759e-6,-9.84375,-34.892578125,-20.91796875,53.525390625,10.1953125,0.615234375,26.3671875,21.97265625,0.0,-8.7890625,-26.3671875,0.0,-19.2,-29.0,4.1,4.0,9.2,3.2
4.20599889755249,-9.694158668299774,-33.26010828732317,-19.76390480816793,53.023977224025764,9.694158813573448,-3.0350133168382676e-6,-5.986487923898297,-30.23607314368668,-22.929918793846394,52.77088459770526,8.569353833563197,-2.5340638313946714e-6,-9.66796875,-34.716796875,-20.91796875,53.525390625,9.931640625,0.615234375,30.76171875,21.97265625,0.0,0.0,-26.3671875,0.0,-19.2,-28.9,5.7,4.0,6.8,3.2
4.212665796279907,-9.500323998452025,-33.10894018826413,-19.86227628484427,52.97118133546165,9.500324149188401,-2.9129657032405308e-6,-5.767892422685392,-30.032713349244016,-23.180057356927286,52.766215230788575,8.36707500276157,-2.4195521510096353e-6,-9.404296875,-34.541015625,-20.91796875,53.4375,9.755859375,0.615234375,30.76171875,21.97265625,0.0,0.0,-30.76171875,0.0,-19.2,-29.7,7.8,4.0,6.9,3.2
4.219332933425903,-9.304980810349377,-32.95386722763977,-19.970753030116086,52.924585858602555,9.304980966340693,-2.792594969351527e-6,-5.548106138709236,-29.82729301745067,-23.436441691166774,52.766968534198966,8.16337413449496,-2.306965901931263e-6,-9.228515625,-34.365234375,-20.91796875,53.4375,9.580078125,0.615234375,30.76171875,26.3671875,0.0,0.0,-30.76171875,0.0,-19.2,-28.9,9.4,4.0,9.1,3.2
4.22599983215332,-9.108157207970553,-32.79498827552055,-20.089161486606343,52.88411610603457,9.108157369000693,-2.673968469352218e-6,-5.327166073952046,-29.6199416558428,-23.698843257909065,52.773035907242,7.958282101216681,-2.196369847363571e-6,-9.052734375,-34.189453125,-21.005859375,53.4375,9.404296875,0.615234375,30.76171875,26.3671875,0.0,0.0,-30.76171875,0.0,-19.2,-29.6,10.2,4.0,7.5,3.2
4.232666969299316,-8.909809314271737,-32.632274763298724,-20.217624298267957,52.84986615323862,8.909809480111683,-2.557192204102329e-6,-5.1050441312858155,-29.410783579808367,-23.96724563242362,52.78446303408916,7.751759455231138,-2.0878759661308257e-6,-8.7890625,-34.013671875,-21.09375,53.4375,9.140625,0.615234375,30.76171875,26.3671875,0.0,0.0,-30.76171875,0.0,-19.2,-29.6,11.8,4.0,6.8,3.2
4.239333868026733,-8.710011155917082,-32.46595121039255,-20.35564486870099,52.82156392298765,8.710011326339364,-2.4422794328590585e-6,-4.881813387369361,-29.199916243724076,-24.241246576100455,52.8009784635062,7.543880320447947,-1.9814875298986193e-6,-8.61328125,-33.837890625,-21.181640625,53.4375,8.96484375,0.615234375,30.76171875,26.3671875,-13.18359375,0.0,-30.76171875,0.0,-19.2,-29.6,12.6,3.2,9.2,3.2
4.246001958847046,-8.508734653281913,-32.296082689752886,-20.503059841197334,52.79911113163484,8.508734828056836,-2.329263411120976e-6,-4.657448109442576,-28.987402995226038,-24.52070977667044,52.8224770079325,7.33461714336172,-1.8772377862708056e-6,-8.4375,-33.662109375,-21.26953125,53.4375,8.701171875,0.615234375,30.76171875,26.3671875,-13.18359375,0.0,-30.76171875,0.0,-19.2,-29.6,14.2,3.2,6.8,3.2
4.252668857574463,-8.30602475775544,-32.12273543866797,-20.659883892048505,52.78258869256817,8.306024936643034,-2.2183026264393217e-6,-4.432019735607145,-28.773447647917877,-24.805495546996475,52.848984898594765,7.1240230015057096,-1.7752873490441786e-6,-8.173828125,-33.3984375,-21.4453125,53.4375,8.525390625,0.615234375,30.76171875,26.3671875,-13.18359375,0.0,-30.76171875,0.0,-19.2,-28.8,14.7,3.2,6.9,3.2
4.259335994720459,-8.101897806500629,-31.94608733795603,-20.825656255533406,52.7717137208619,8.101897989268625,-2.1093711421982665e-6,-4.205536440595094,-28.558085067061914,-25.095314313412214,52.88024750664597,6.912111884891697,-1.6756030117593459e-6,-7.998046875,-33.22265625,-21.533203125,53.4375,8.349609375,0.615234375,30.76171875,30.76171875,-17.578125,0.0,-30.76171875,0.0,-19.2,-28.8,15.5,3.2,9.1,3.2
4.266023874282837,-7.895734920213526,-31.76568905892796,-21.000718222581067,52.76637818108188,7.8957351066414025,-2.00220127364806e-6,-3.9773199451994063,-28.340748984530414,-25.390901486307072,52.91627767482731,6.698243812410969,-1.5779449113706457e-6,-7.734375,-33.046875,-21.708984375,53.4375,8.0859375,0.615234375,35.15625,30.76171875,-17.578125,0.0,-30.76171875,0.0,-19.2,-28.7,15.5,3.2,6.7,3.2
4.272690773010254,-7.688800067059736,-31.582694357417303,-21.183995449614482,52.766661480735635,7.6888002568998814,-1.8975804296349241e-6,-3.748790230732622,-28.12291180605134,-25.690364775125445,52.95687067918038,6.483736199260035,-1.4830458285267082e-6,-7.470703125,-32.783203125,-21.884765625,53.4375,7.822265625,0.615234375,35.15625,30.76171875,-17.578125,0.0,-30.76171875,0.0,-19.2,-28.7,16.4,1.6,6.1,3.2
4.279360771179199,-7.480409582643974,-31.396662708441458,-21.37563607414244,52.77227123495126,7.480409775672191,-1.7951154804674625e-6,-3.5191805578371715,-27.903867876661177,-25.994453458616277,53.001912946281045,6.267876883829635,-1.390537948954038e-6,-7.294921875,-32.6953125,-22.060546875,53.349609375,7.734375,0.615234375,35.15625,26.3671875,-21.97265625,0.0,-30.76171875,0.0,-19.3,-29.5,17.2,0.5,9.0,3.2
4.286027908325195,-7.270765489157606,-31.20787212201298,-21.575254501122917,52.78309985795759,7.270765685150831,-1.6949557219413417e-6,-3.2887198242314413,-27.683909508818182,-26.302735197629108,53.051266501586916,6.050877030566194,-1.300559995453681e-6,-7.03125,-32.431640625,-22.236328125,53.349609375,7.470703125,0.615234375,30.76171875,26.3671875,-21.97265625,0.0,-30.76171875,0.0,-19.3,-29.7,17.8,-0.0,6.2,3.2
4.292705774307251,-7.0594196879105535,-31.015976571104073,-21.78325699558101,52.7992075894144,7.059419886650597,-1.597021511120957e-6,-3.056936994794591,-27.462690036077685,-26.61579589093108,53.105052951125884,5.832279274734565,-1.2130577296911856e-6,-6.85546875,-32.255859375,-22.5,53.349609375,7.294921875,0.615234375,30.76171875,26.3671875,-21.97265625,0.0,-30.76171875,0.0,-19.3,-29.7,17.8,-0.0,7.0,3.2
4.299372911453247,-6.84710893717601,-30.82179158802164,-21.998513514461095,52.82027991586867,6.847109138448159,-1.5016149277273692e-6,-2.82463033644693,-27.24099327730559,-26.93234777757113,53.16287396664491,5.612842791917459,-1.1282908703646034e-6,-6.6796875,-32.080078125,-22.67578125,53.349609375,7.119140625,0.615234375,30.76171875,30.76171875,-30.76171875,0.0,-30.76171875,0.0,-19.2,-29.7,17.8,-0.0,9.1,3.2
4.306041955947876,-6.633449569251876,-30.62506527498736,-22.22120599780982,52.84624688103502,6.633449772852619,-1.4086088735880794e-6,-2.591385725500253,-27.01849009134662,-27.252839834391438,53.22474247277708,5.39217277554149,-1.0461503285399207e-6,-6.416015625,-31.81640625,-22.939453125,53.349609375,6.85546875,0.615234375,30.76171875,30.76171875,-30.76171875,0.0,-26.3671875,0.0,-19.2,-29.6,18.5,-0.0,7.0,3.2
4.312711954116821,-6.418457411720889,-30.42588014426206,-22.45126556436257,52.87712211584788,6.418457617448087,-1.3181384693460778e-6,-2.357240884386769,-26.795303453491368,-27.577176774843785,53.29065962777709,5.170291724546151,-9.667732739972048e-7,-6.240234375,-31.640625,-23.115234375,53.349609375,6.6796875,0.615234375,30.76171875,30.76171875,-30.76171875,0.0,-26.3671875,0.0,-20.0,-29.6,18.5,-0.0,7.8,3.2
4.319378852844238,-6.2023198836020415,-30.224543140211054,-22.688117290176308,52.91263764007583,6.202320091265397,-1.2302405437582523e-6,-2.1223901371372937,-26.571639012552932,-27.904910017688294,53.3603776462744,4.947390203591418,-8.901809839259002e-7,-6.15234375,-31.552734375,-23.291015625,53.349609375,6.50390625,0.615234375,30.76171875,26.3671875,-30.76171875,0.0,-26.3671875,0.0,-20.8,-30.4,19.3,-0.0,9.8,3.2
4.326056957244873,-5.984588093955336,-30.0207268986176,-22.93207671869419,52.952781634628714,5.984588303375474,-1.1447893660850652e-6,-1.886353628651254,-26.347097359875402,-28.23662077954819,53.433972786012205,4.723007699206488,-8.162703581188424e-7,-5.80078125,-31.2890625,-23.5546875,53.349609375,6.15234375,0.615234375,30.76171875,26.3671875,-30.76171875,0.0,-35.15625,0.0,-20.0,-30.5,20.1,-0.0,6.1,3.2
4.33272385597229,-5.765983098938747,-29.815179384199514,-23.182265674941828,52.99742388657806,5.765983309933889,-1.06219158595699e-6,-1.6499326886123076,-26.12251324078585,-28.57114397455502,53.511202303805405,4.4978932391877215,-7.454119983610042e-7,-5.625,-31.11328125,-23.818359375,53.349609375,5.888671875,0.615234375,30.76171875,26.3671875,-30.76171875,0.0,-35.15625,0.0,-20.0,-30.5,20.1,-0.0,5.3,3.2
4.339400768280029,-5.545864510226926,-29.607416665584076,-23.439078515421627,53.04647482346901,5.545864722633233,-9.82162054574756e-7,-1.4124251105133245,-25.897238552063047,-28.90932159084307,53.59212311755685,4.271384574798156,-6.773492810021957e-7,-5.44921875,-30.9375,-23.90625,53.349609375,5.80078125,0.615234375,30.76171875,30.76171875,-35.15625,0.0,-35.15625,0.0,-20.1,-30.5,20.9,-0.0,8.2,3.2
4.346067905426025,-5.324902350790546,-29.398157717126953,-23.70156242985242,53.099700606914936,5.324902564447349,-9.049968263808232e-7,-1.1745611336247868,-25.672014849657778,-29.250038185038974,53.676425412714245,4.044173447287844,-6.123405120688892e-7,-5.185546875,-30.673828125,-24.2578125,53.349609375,5.537109375,0.615234375,30.76171875,30.76171875,-35.15625,0.0,-30.76171875,0.0,-20.9,-30.4,21.0,-0.0,7.1,3.2
4.352734804153442,-5.102777912964542,-29.1871762492324,-23.970007965362115,53.15716549563594,5.102778127717717,-8.306976694315236e-7,-0.9360155104907143,-25.44659188352291,-29.593723001712817,53.76422402272904,3.8159375720303985,-5.504061539907225e-7,-5.009765625,-30.498046875,-24.43359375,53.349609375,5.361328125,0.615234375,30.76171875,30.76171875,-35.15625,0.0,-30.76171875,0.0,-20.9,-31.2,21.8,-0.8,7.1,3.2
4.3594019412994385,-4.879528942011471,-28.974610049998596,-24.24406975250304,53.218661908184,4.8795291577189435,-7.592332952668697e-7,-0.6968193581661841,-25.221017074483772,-29.940205052688615,53.85535536679015,3.5867130218637255,-4.915069546996968e-7,-4.833984375,-30.322265625,-24.609375,53.349609375,5.185546875,0.615234375,30.76171875,30.76171875,-30.76171875,0.0,-30.76171875,0.0,-20.8,-31.2,22.6,-1.8,9.0,3.2
4.3660688400268555,-4.655190521115965,-28.76057221134385,-24.52354797799833,53.28410312309248,4.655190737642756,-6.906659631973238e-7,-0.45701746027822926,-24.995372816930832,-30.2893579517406,53.94975038908384,3.35653808545456,-4.357015380434419e-7,-4.5703125,-29.970703125,-24.9609375,53.349609375,4.833984375,0.615234375,30.76171875,30.76171875,-30.76171875,0.0,-35.15625,0.0,-20.8,-30.4,22.6,-1.6,7.0,3.2
4.372735977172852,-4.429744429409428,-28.545117353692742,-24.808390536928208,53.35349165594428,4.429744646625171,-6.251100321628135e-7,-0.21660942348540974,-24.76970561155733,-30.64115948447079,54.04742049524759,3.1253999108580643,-3.8310616073297264e-7,-4.39453125,-29.794921875,-25.224609375,53.349609375,4.5703125,0.615234375,30.76171875,30.76171875,-30.76171875,0.0,-35.15625,0.0,-21.6,-30.4,22.6,-3.2,6.2,3.2
4.3794028759002686,-4.203259777537739,-28.32839818709571,-25.098243987737867,53.426626775020324,4.203259995322819,-5.625380433108265e-7,0.024340797212849208,-24.54409254748019,-30.99541024107753,54.14820318976132,2.8933665627688554,-3.3368342755437666e-7,-4.21875,-29.619140625,-25.48828125,53.349609375,4.482421875,0.615234375,30.76171875,35.15625,-39.55078125,0.0,-35.15625,0.0,-21.6,-30.4,22.6,-4.3,9.0,3.2
4.3860697746276855,-3.975749054623838,-28.1104987354256,-25.392951665646514,53.5034358393897,3.9757492728652672,-5.030030056630022e-7,0.2658128283904355,-24.31858470580147,-31.35203170333333,54.25204673649303,2.6604530973859846,-2.874835278452247e-7,-3.955078125,-29.35546875,-25.751953125,53.349609375,4.130859375,0.615234375,30.76171875,35.15625,-39.55078125,0.0,-35.15625,0.0,-21.6,-30.4,24.2,-4.0,6.1,3.2
4.392736911773682,-3.747204993564611,-27.89148075449322,-25.692454254611693,53.58392128886172,3.7472052121537587,-4.4662276699832287e-7,0.5077952652856385,-24.09322888051047,-31.710993461493963,54.358962576059014,2.4266579646515813,-2.446250260043546e-7,-3.779296875,-29.1796875,-26.015625,53.349609375,4.04296875,0.615234375,30.76171875,35.15625,-39.55078125,0.0,-35.15625,0.0,-21.6,-30.4,24.2,-5.6,6.1,3.2
4.399407863616943,-3.5175563850666007,-27.671347788477643,-25.996614379075584,53.66794929235859,3.517556603904375,-3.9333140046900266e-7,0.7503731047209525,-23.86796301336541,-32.072334831890174,54.46886831637242,2.1919055865235637,-2.050402023623667e-7,-3.515625,-28.916015625,-26.279296875,53.349609375,3.779296875,0.615234375,30.76171875,30.76171875,-39.55078125,0.0,-35.15625,0.0,-21.7,-30.4,24.2,-6.7,9.1,3.2
4.406218767166138,-3.2821048825847714,-27.445661303745645,-26.31163970858217,53.757289003089234,3.2821051015797216,-3.4220871656991314e-7,0.9984814451934811,-23.638251692433116,-32.44342212950697,54.58406099444088,1.9514017149615053,-1.680909482634193e-7,-3.33984375,-28.740234375,-26.54296875,53.349609375,3.603515625,0.615234375,35.15625,30.76171875,-39.55078125,0.0,-30.76171875,0.0,-21.7,-30.4,24.9,-6.7,8.3,3.2
4.412885904312134,-3.0506716359010255,-27.223900298080586,-26.624299475664277,53.84818861527078,3.0506718549599965,-2.954754799076182e-7,1.2417573660747934,-23.413711940187977,-32.808737348330325,54.69972562280154,1.715182581186186,-1.3540535917848611e-7,-3.076171875,-28.564453125,-26.89453125,53.4375,3.427734375,0.615234375,35.15625,30.76171875,-39.55078125,0.0,-30.76171875,0.0,-21.7,-30.4,24.1,-5.6,6.3,3.2
4.4195568561553955,-2.8182101520635614,-27.00128524941665,-26.941129667491467,53.94240461260722,2.8182103711052235,-2.5196571130448813e-7,1.485531702896334,-23.189423411947377,-33.17617461618886,54.818215883486545,1.478089641283306,-1.0611451755654387e-7,-2.8125,-28.30078125,-27.24609375,53.525390625,3.1640625,0.615234375,35.15625,30.76171875,-43.9453125,0.0,-30.76171875,0.0,-21.6,-30.4,24.1,-8.0,6.8,3.2
4.426223993301392,-2.5850038298541858,-26.77814547459543,-27.26165503182981,54.03979105868867,2.5850040488017494,-2.1180308695764926e-7,1.7294963138887325,-22.965684040909007,-33.545252685830434,54.93937280165001,1.2404154245904482,-8.032261480894874e-8,-2.63671875,-28.125,-27.421875,53.61328125,3.076171875,0.615234375,35.15625,30.76171875,-43.9453125,13.18359375,-26.3671875,0.0,-21.6,-30.4,24.8,-9.2,9.2,3.2
4.432890892028809,-2.350947495829936,-26.554437216048843,-27.585929838866647,54.14035846654629,2.350947714611051,-1.7503648069528117e-7,1.973750872471249,-22.742417395595325,-33.91610640618187,55.063235085243484,1.0020560611485134,-5.808244178479662e-8,-2.373046875,-27.861328125,-27.7734375,53.701171875,2.900390625,0.615234375,35.15625,30.76171875,-43.9453125,13.18359375,-26.3671875,0.0,-21.6,-30.4,24.8,-8.4,11.2,3.2
4.439558982849121,-2.116035144364398,-26.330200971559623,-27.91380682929143,54.244000074708865,2.116035362912844,-1.4163011526683054e-7,2.218308446779126,-22.51963412754673,-34.28870553001715,55.18972898915164,0.7630035735345154,-3.9353084296118915e-8,-2.109375,-27.59765625,-28.125,53.876953125,2.548828125,0.615234375,35.15625,35.15625,-43.9453125,13.18359375,-26.3671875,0.0,-21.6,-30.4,24.8,-8.8,9.4,3.2
4.446228981018066,-1.8802604880280893,-26.105482359879318,-28.24522154117674,54.350697040049205,1.8802607062813659,-1.1165488693938584e-7,2.4631643003235326,-22.297344768186314,-34.66303615440424,55.31885138699862,0.5232551791452582,-2.4203260001050673e-8,-1.845703125,-27.421875,-28.30078125,53.96484375,2.373046875,0.615234375,35.15625,35.15625,-43.9453125,13.18359375,-35.15625,0.0,-20.8,-30.4,25.7,-8.8,11.0,3.2
4.452895879745483,-1.6438221453374084,-25.88052078416417,-28.579819750854725,54.46033454135442,1.6438223632369613,-8.52021499152781e-8,2.7081018197885904,-22.075755288090548,-35.038760686700854,55.45048465403778,0.2830161913209931,-1.2708844146237674e-8,-1.58203125,-27.24609375,-28.65234375,54.140625,1.93359375,0.615234375,35.15625,35.15625,-43.9453125,13.18359375,-35.15625,0.0,-20.8,-31.2,25.7,-8.0,9.8,3.2
4.4595627784729,-1.406654447136725,-25.655289055917056,-28.91756047882613,54.57284441090304,1.4066546646289393,-6.22233389562341e-8,2.9531966952760977,-21.854820074830567,-35.41595474971305,55.58459628859628,0.04221777613208101,-4.81972000466066e-9,-1.40625,-26.982421875,-28.916015625,54.31640625,1.58203125,0.615234375,35.15625,35.15625,-48.33984375,13.18359375,-35.15625,0.0,-21.5,-30.4,26.5,-8.0,9.4,3.2
4.466232776641846,-1.168668017995163,-25.429747804679696,-29.258511173605804,54.68825472710712,1.1686682350293027,-4.278024628704099e-8,3.1985300972888506,-21.63446412674633,-35.79474498143241,55.72123638851554,-0.19922719034211986,-6.003232054317376e-10,-1.142578125,-26.806640625,-29.267578125,54.404296875,1.318359375,0.615234375,39.55078125,35.15625,-48.33984375,26.3671875,-52.734375,0.0,-20.7,-31.2,26.5,-7.2,7.0,3.2
4.472899913787842,-0.9300991395567207,-25.204164563300125,-29.602272010254215,54.806433197038174,0.9300993560854968,-2.6955979437866744e-8,3.443848339202794,-21.414919486842738,-36.17474147973141,55.860266334997306,-0.44107568591276114,-1.1521173978261012e-10,-0.791015625,-26.54296875,-29.619140625,54.580078125,0.966796875,0.615234375,39.55078125,35.15625,-48.33984375,26.3671875,-52.734375,0.0,-20.7,-31.2,26.5,-8.0,6.0,3.2
4.479566812515259,-0.6908974229757034,-24.97851738534441,-29.948803094540196,54.927317980249036,0.6908976389557538,-1.4702600683515729e-8,3.6892112632869987,-21.196156630756974,-36.55600555598699,56.001655039346005,-0.6833810030315732,-3.3139007009633558e-9,-0.615234375,-26.3671875,-29.8828125,54.66796875,0.87890625,0.615234375,39.55078125,26.3671875,-43.9453125,26.3671875,-52.734375,0.0,-20.7,-31.2,26.5,-9.0,9.0,3.2
4.486233949661255,-0.4510690771972407,-24.752851506252135,-30.29804693242627,55.05089681814881,0.4510692925876555,-6.086606051317066e-9,3.93460187595268,-20.978180924267807,-36.93851931527261,56.145402592788514,-0.926133374802792,-1.0258958453644058e-8,-0.3515625,-26.19140625,-30.146484375,54.84375,0.703125,0.615234375,39.55078125,26.3671875,-43.9453125,17.578125,-30.76171875,0.0,-20.7,-31.3,27.3,-7.0,8.2,3.2
4.492900848388672,-0.2106569579859343,-24.527244653452374,-30.64989222073988,55.17713613486825,0.2106571727482848,-1.1698939421121676e-9,4.17996664235774,-20.761039343170253,-37.322208227094755,56.29148529235346,-1.169286216424005,-2.1005580251828624e-8,-0.087890625,-25.927734375,-30.498046875,54.931640625,0.439453125,0.615234375,39.55078125,26.3671875,-43.9453125,17.578125,-30.76171875,0.0,-20.7,-31.3,27.3,-6.2,5.5,3.2
4.499567985534668,0.030313934133225084,-24.301737881927554,-31.004209927820433,55.305947953669715,-0.03031372003414217,9.281866428319405e-11,4.4252880821170715,-20.54477319806299,-37.70702193056339,56.43983621411526,-1.4128164479230134,-3.5501087651486523e-8,0.17578125,-25.6640625,-30.849609375,55.01953125,0.3515625,0.615234375,39.55078125,35.15625,-48.33984375,17.578125,-30.76171875,0.0,-20.0,-30.5,27.3,-7.2,5.3,3.2
4.506234884262085,0.2718010649334133,-24.076404966501123,-31.360900727581527,55.437306723166046,-0.27180085153078803,-2.3625918247909135e-9,4.670512500029125,-20.329413465546693,-38.09289155981516,56.59043798222825,-1.6566776475328133,-5.380282829569621e-8,0.439453125,-25.48828125,-31.201171875,55.1953125,0.17578125,0.615234375,35.15625,35.15625,-48.33984375,17.578125,-26.3671875,0.0,-20.0,-30.3,27.2,-7.2,8.5,3.2
4.512901782989502,0.5137854176541327,-23.851295382179472,-31.719899374385555,55.571196672689304,-0.5137852049792595,-8.593035470143387e-9,4.915611283505664,-20.114980377579915,-38.4797875688961,56.74328548514232,-1.9008474943973686,-7.596211253109128e-8,0.703125,-25.224609375,-31.552734375,55.283203125,0.087890625,0.615234375,35.15625,35.15625,-48.33984375,17.578125,-26.3671875,0.0,-19.2,-30.3,27.2,-6.4,9.3,3.2
4.519568920135498,0.7562343482772,-23.62644967857896,-32.08108142830176,55.70753391183659,-0.7562341363588134,-1.854809132887147e-8,5.16055985163367,-19.901522778791584,-38.86765432580772,56.898312692721,-2.1452953874035017,-1.0192059630209251e-7,0.87890625,-25.048828125,-31.81640625,55.37109375,-0.087890625,0.615234375,35.15625,35.15625,-48.33984375,17.578125,-26.3671875,0.0,-19.9,-30.3,27.2,-7.2,7.8,3.2
4.526235818862915,0.9991032612184308,-23.401938227098086,-32.44435447896698,55.846296401513165,-0.9991030500836899,-3.228728950767369e-8,5.405303021982293,-19.68906643396568,-39.25642602592739,57.055504552839956,-2.3899729813871535,-1.317304369453996e-7,1.142578125,-24.78515625,-32.16796875,55.458984375,-0.3515625,0.615234375,35.15625,35.15625,-48.33984375,17.578125,-21.97265625,0.0,-19.9,-29.6,27.2,-10.0,11.0,3.2
4.532902956008911,1.2423800498124824,-23.177798837150178,-32.809674225083654,55.987477649825,-1.242379839487119,-4.9864002738901856e-8,5.649819636532062,-19.477621055439833,-39.6460905641066,57.21486455563123,-2.634865041805204,-1.6543941509028066e-7,1.40625,-24.521484375,-32.51953125,55.634765625,-0.615234375,0.615234375,35.15625,35.15625,-48.33984375,17.578125,-21.97265625,0.0,-19.1,-29.6,27.2,-8.4,10.1,3.2
4.539569854736328,1.486006986501129,-22.95408835038792,-33.17689212206609,56.13098595365721,-1.486006777008788,-7.122021317066969e-8,5.89406069217323,-19.267257945616304,-40.03655789121699,57.37631468517055,-2.879915958225126,-2.0297994800541943e-7,1.58203125,-24.345703125,-32.87109375,55.72265625,-0.87890625,0.615234375,35.15625,30.76171875,-52.734375,17.578125,-21.97265625,0.0,-20.0,-29.6,27.2,-8.6,7.6,3.2
4.546236991882324,1.7299723276120567,-22.730842062599535,-33.545974423657846,56.27682286253351,-1.7299721189752877,-9.641348956073613e-8,6.138004579405031,-19.057967961289865,-40.427820681530896,57.53986493082267,-3.1251106001930653,-2.444039665473273e-7,1.845703125,-24.169921875,-33.22265625,55.8984375,-1.142578125,0.615234375,35.15625,30.76171875,-52.734375,21.97265625,-43.9453125,0.0,-20.0,-30.4,27.2,-9.8,10.0,3.2
4.552903890609741,1.97422737172566,-22.50812647080884,-33.916831176361825,56.42496491983789,-1.9742271639658293,-1.2548933223480106e-7,6.3815940586368605,-18.84978821281843,-40.81981395623387,57.705498035571786,-3.3703970874808804,-2.8974852533812455e-7,2.021484375,-23.90625,-33.57421875,56.07421875,-1.494140625,0.615234375,35.15625,30.76171875,-52.734375,21.97265625,-43.9453125,0.0,-20.0,-29.6,27.2,-8.2,8.2,3.2
4.559570789337158,2.218741638855171,-22.285967384837875,-34.289366479789024,56.5753420349198,-2.218741431992091,-1.583859721043086e-7,6.624808292938408,-18.642767139515076,-41.21249604318631,57.87315754856237,-3.6157474803647665,-3.389441712530915e-7,2.28515625,-23.73046875,-33.92578125,56.25,-1.669921875,0.615234375,35.15625,30.76171875,-48.33984375,21.97265625,-43.9453125,0.0,-20.1,-30.4,27.2,-8.6,7.7,3.2
4.566237926483154,2.4634928570688635,-22.064405517568975,-34.663539492593834,56.727954079270624,-2.4634926511215265,-1.951562327119088e-7,6.867615581428888,-18.43689910576413,-41.60584815934954,58.042850033706266,-3.861136178400897,-3.920369248925276e-7,2.4609375,-23.5546875,-34.189453125,56.337890625,-1.93359375,0.615234375,30.76171875,30.76171875,-48.33984375,21.97265625,-35.15625,0.0,-20.1,-30.3,28.1,-10.7,9.3,3.2
4.572904825210571,2.708430586759041,-21.843504241620582,-35.03926585273264,56.88278006331693,-2.708430381745538,-2.3583931434327146e-7,7.10995777501398,-18.23221846471999,-41.99980769988497,58.214559646987254,-4.106509789915479,-4.490570966905287e-7,2.63671875,-23.291015625,-34.541015625,56.513671875,-2.197265625,0.615234375,30.76171875,30.76171875,-48.33984375,21.97265625,-35.15625,0.0,-20.9,-29.5,28.1,-9.1,8.3,3.2
4.579571962356567,2.953534401842947,-21.62327523717679,-35.41647518176239,57.03976128875123,-2.953534197780212,-2.8036974628992783e-7,7.351824714657434,-18.028766341863836,-42.39435298447163,58.38824013979958,-4.351850678431199,-5.099322478930035e-7,2.8125,-23.115234375,-34.892578125,56.689453125,-2.373046875,0.615234375,30.76171875,30.76171875,-52.734375,21.97265625,-35.15625,0.0,-21.0,-29.5,28.1,-6.9,6.1,3.2
4.586238861083984,3.1987539486495375,-21.403780523306427,-35.79509129219182,57.19888358700358,-3.198753745553817,-3.287907973704178e-7,7.593157535011273,-17.82655512939938,-42.78942496551667,58.56388125833173,-4.597105283457542,-5.746966071207664e-7,3.076171875,-22.8515625,-35.15625,56.865234375,-2.548828125,0.615234375,30.76171875,30.76171875,-52.734375,21.97265625,-35.15625,0.0,-21.0,-28.8,28.0,-5.3,4.5,3.2
4.5929059982299805,3.4440722475871155,-21.185049214208576,-36.17508887510949,57.360150763336875,-3.4440720454741243,-3.8114191993516605e-7,7.833931874035735,-17.62558771373613,-43.18501959174691,58.741493361163506,-4.84225392671765,-6.433825894874658e-7,3.251953125,-22.67578125,-35.595703125,56.953125,-2.63671875,0.615234375,30.76171875,30.76171875,-52.734375,21.97265625,-35.15625,0.0,-21.0,-28.8,27.2,-4.5,3.7,3.2
4.5995728969573975,3.6894352026160466,-20.967118729092164,-36.55635399149068,57.52348629776081,-3.6894350015004767,-4.3734535536845416e-7,8.074105213015443,-17.42593409814269,-43.58106388194195,58.921008445871706,-5.087245547415829,-7.159033559827883e-7,3.427734375,-22.412109375,-36.03515625,57.041015625,-2.63671875,0.615234375,30.76171875,35.15625,-52.734375,21.97265625,-35.15625,0.0,-20.7,-28.0,26.4,-6.4,6.3,3.2
4.6062397956848145,3.9348170406960103,-20.750025406969563,-36.93885536554386,57.68889525343967,-3.93481684059216,-4.974439659481918e-7,8.313643540168586,-17.227581340466653,-43.97754285170432,59.102436391937594,-5.332051358047094,-7.922940020776359e-7,3.515625,-22.236328125,-36.298828125,57.041015625,-2.63671875,0.615234375,26.3671875,35.15625,-52.734375,13.18359375,-4.39453125,0.0,-21.5,-27.9,25.3,-10.9,11.1,3.2
4.6129069328308105,4.180190551810875,-20.53380389374395,-37.32255892391524,57.856378202860824,-4.180190352732657,-5.614699757847181e-7,8.552513076545436,-17.03053769093986,-44.374440256293184,59.285782809440875,-5.576641637130658,-8.725787039430422e-7,3.69140625,-22.060546875,-36.650390625,57.216796875,-2.8125,0.615234375,26.3671875,35.15625,-52.734375,13.18359375,-4.39453125,0.0,-21.5,-27.9,26.1,-13.3,17.8,3.2
4.6195738315582275,4.425503163103005,-20.31848627759753,-37.70735975118348,58.02586231861349,-4.425502965063522,-6.293392506896875e-7,8.790673742600708,-16.834872749609612,-44.77168763351798,59.4709820585425,-5.820967153617885,-9.566645419764974e-7,3.955078125,-21.884765625,-37.001953125,57.3046875,-3.1640625,0.615234375,26.3671875,30.76171875,-48.33984375,13.18359375,-4.39453125,0.0,-21.7,-27.9,26.1,-14.1,19.2,3.2
4.626240968704224,4.670736235612847,-20.1040994839871,-38.09324429871858,58.197360977494625,-4.670736038624988,-7.010919954817195e-7,9.028098992375742,-16.640563503176367,-45.16928569564755,59.65805207792689,-6.065006379906361,-1.0445840769966606e-6,4.130859375,-21.62109375,-37.265625,57.568359375,-3.603515625,0.615234375,26.3671875,30.76171875,-48.33984375,17.578125,-43.9453125,0.0,-22.5,-27.9,27.3,-13.6,16.0,3.2
4.632907867431641,4.915834900204452,-19.890698980589306,-38.48014111949544,58.370858199991545,-4.9158347042807495,-7.767464669565445e-7,9.264729009909125,-16.44763722333387,-45.56717714571849,59.846979443645466,-6.308702291531149,-1.1363453906431332e-6,4.306640625,-21.4453125,-37.6171875,57.919921875,-4.306640625,0.615234375,26.3671875,30.76171875,-48.33984375,17.578125,-43.9453125,0.0,-23.3,-27.9,27.3,-12.8,9.8,3.2
4.639574766159058,5.1607745660084,-19.678289057439017,-38.86799476733326,58.54630282988687,-5.160774371160844,-8.562203209166711e-7,9.500551699319738,-16.2561423320422,-45.96534025164148,60.03772068743131,-6.552033799562941,-1.2318594405411232e-6,4.5703125,-21.26953125,-37.96875,58.095703125,-4.74609375,0.615234375,26.3671875,30.76171875,-48.33984375,17.578125,-43.9453125,0.0,-23.5,-28.7,28.1,-13.6,10.8,3.2
4.646241903305054,5.405526257195649,-19.466902843932925,-39.25678133017941,58.72370408445674,-5.405526063436091,-9.3954588321009e-7,9.735531058389007,-16.06605999786126,-46.36376274064265,60.23028829644099,-6.794969252347574,-1.3311498936355857e-6,4.74609375,-21.09375,-38.3203125,58.359375,-5.09765625,0.615234375,30.76171875,30.76171875,-48.33984375,39.55078125,-74.70703125,0.0,-24.3,-29.7,28.3,-10.9,8.6,3.2
4.652908802032471,5.650033924191657,-19.25659357657748,-39.64643261242321,58.90304700442756,-5.650033731531693,-1.0267338472230804e-6,9.96960706643888,-15.877415443984416,-46.762388607478954,60.42466917579037,-7.0374507391327565,-1.4342169794222561e-6,5.009765625,-20.830078125,-38.671875,58.623046875,-5.44921875,0.615234375,30.76171875,30.76171875,-48.33984375,39.55078125,-74.70703125,0.0,-24.3,-28.9,29.1,-10.9,7.0,3.2
4.659575939178467,5.8942834839514076,-19.047353960127225,-40.036914549858864,59.084290230312426,-5.894283292402249,-1.1177005267796037e-6,10.202778359462494,-15.690250479636596,-47.16121411597306,60.62082913443221,-7.279467823386144,-1.540971230748408e-6,5.185546875,-20.654296875,-39.0234375,58.798828125,-5.625,0.615234375,30.76171875,30.76171875,-52.734375,39.55078125,-74.70703125,0.0,-24.8,-29.7,29.1,-12.0,9.5,3.2
4.666242837905884,6.1382182994943,-18.839238168945236,-40.42816416249859,59.267424956315715,-6.138218109066983,-1.2124623366599013e-6,10.434983173520232,-15.504563599498479,-47.560185173921425,60.818760395101,-7.520961641624106,-1.651418361493156e-6,5.44921875,-20.390625,-39.375,59.0625,-5.9765625,0.615234375,35.15625,30.76171875,-52.734375,39.55078125,-43.9453125,0.0,-24.8,-28.9,29.8,-9.4,7.1,3.2
4.67290997505188,6.381816196720159,-18.632267585468774,-40.82017203173026,59.45246314621761,-6.381816007425694,-1.3110357435751222e-6,10.666194681139682,-15.320351548000549,-47.959303944685814,61.01847828806748,-7.7619081159555225,-1.7655663475508648e-6,5.712890625,-20.21484375,-39.7265625,59.326171875,-6.15234375,0.615234375,35.15625,30.76171875,-52.734375,39.55078125,-43.9453125,0.0,-24.8,-29.7,30.6,-9.4,7.1,3.2
4.679576873779297,6.625030105831452,-18.42646092036878,-41.21285467458742,59.63934002756108,-6.625029917680387,-1.413318939044983e-6,10.896380812306798,-15.137682720930815,-48.358512964881214,61.219922185450216,-8.002264396349236,-1.883305802864196e-6,6.064453125,-19.951171875,-40.078125,59.501953125,-6.328125,0.615234375,35.15625,30.76171875,-52.734375,39.55078125,-43.9453125,0.0,-24.1,-29.7,31.4,-11.2,10.6,3.2
4.686243772506714,6.867828245578818,-18.221848644819765,-41.606193405775635,59.82806738614652,-6.8678280585817095,-1.5193316828291258e-6,11.125504202115945,-14.956532964882962,-48.75780169964982,61.42310592927458,-8.241996457374352,-2.004647147331837e-6,6.240234375,-19.775390625,-40.517578125,59.677734375,-6.50390625,0.615234375,39.55078125,30.76171875,-52.734375,30.76171875,-26.3671875,0.0,-24.9,-29.6,30.4,-9.6,8.8,3.2
4.69291090965271,7.110178723960367,-18.018458078825795,-42.00016751440348,60.01865183100422,-7.110178538127753,-1.6290804976126588e-6,11.353529476582917,-14.776904435188364,-49.15715901602475,61.62803837631863,-8.48107082499092,-2.1295876275948535e-6,6.591796875,-19.51171875,-40.869140625,59.94140625,-6.767578125,0.615234375,39.55078125,30.76171875,-52.734375,30.76171875,-26.3671875,0.0,-24.1,-28.8,31.2,-7.2,6.4,3.2
4.699577808380127,7.352036606674832,-17.816304178669572,-42.39469914160908,60.21103045939735,-7.352036422016849,-1.7424582682557439e-6,11.580427433181205,-14.598865101135189,-49.55653043253226,61.83466001745396,-8.719447055349953,-2.2580130528819342e-6,6.767578125,-19.3359375,-41.220703125,60.1171875,-6.943359375,0.615234375,39.55078125,35.15625,-57.12890625,30.76171875,-26.3671875,0.0,-23.9,-28.8,30.4,-7.8,5.2,3.2
4.706244945526123,7.593377472828364,-17.615409200171143,-42.78978581098728,60.40522305068739,-7.593377289355233,-1.8594825140556177e-6,11.806168201930115,-14.422382243252706,-49.95592029644265,62.04299267428561,-8.957098565965628,-2.3899318727847898e-6,7.119140625,-19.072265625,-41.572265625,60.205078125,-7.03125,0.615234375,39.55078125,35.15625,-57.12890625,26.3671875,-26.3671875,0.0,-23.1,-28.7,31.3,-10.6,10.1,3.2
4.71291184425354,7.834142734008086,-17.415820503410213,-43.18536667931362,60.60121612154564,-7.834142551729915,-1.980140081053943e-6,12.030692211880801,-14.247475673289976,-50.355275419901105,62.25302308213533,-9.193965846312288,-2.5253198708823102e-6,7.3828125,-18.896484375,-42.01171875,60.380859375,-7.20703125,0.615234375,39.55078125,35.15625,-57.12890625,26.3671875,-26.3671875,0.0,-23.1,-28.7,31.3,-9.0,9.3,3.2
4.719578981399536,8.074324167214536,-17.217521039415782,-43.58142549640999,60.79897637279823,-8.074323986141238,-2.104336160233639e-6,12.254005310063665,-14.074187899240776,-50.754601156307615,62.4647226993929,-9.430044859301393,-2.664077886902771e-6,7.734375,-18.6328125,-42.275390625,60.556640625,-7.3828125,0.615234375,39.55078125,30.76171875,-57.12890625,26.3671875,-26.3671875,0.0,-21.4,-27.9,32.1,-8.6,7.8,3.2
4.726245880126953,8.313861778818687,-17.02056063627049,-43.97790492261486,60.99849629267818,-8.313861598960106,-2.2320642223836155e-6,12.476045102691712,-13.902509043401725,-51.15384516683692,62.678083589023885,-9.665274238017194,-2.806187945671089e-6,7.998046875,-18.45703125,-42.71484375,60.732421875,-7.55859375,0.615234375,43.9453125,30.76171875,-57.12890625,26.3671875,-26.3671875,0.0,-21.4,-27.9,31.2,-11.5,11.6,3.2
4.73291277885437,8.552722217811054,-16.824963704080584,-44.37478844096121,61.19978377423263,-8.552722039177086,-2.3633164161533516e-6,12.696776393537611,-13.732438814576453,-51.55299775849714,62.89311492428814,-9.899619578783028,-2.9516326726590045e-6,8.26171875,-18.193359375,-43.154296875,60.99609375,-7.822265625,0.615234375,43.9453125,30.76171875,-57.12890625,26.3671875,-26.3671875,0.0,-21.4,-27.1,31.2,-9.1,10.8,3.2
4.739579916000366,8.790890818549421,-16.63071762704407,-44.772050308134354,61.402800458291885,-8.79089064114973,-2.497990386437027e-6,12.916199524385647,-13.564026119289395,-51.952052447465434,63.109782016810705,-10.133070699558328,-3.1003053832708404e-6,8.525390625,-18.017578125,-43.505859375,61.083984375,-8.0859375,0.615234375,43.9453125,30.76171875,-57.12890625,26.3671875,-26.3671875,0.0,-20.6,-27.1,31.2,-9.4,8.6,3.2
4.746246814727783,9.028306760432988,-16.43787096462178,-45.16963449548621,61.60753887547506,-9.028306584277187,-2.636071630384896e-6,13.134252175818855,-13.397258606800445,-52.35095721539203,63.32807658960107,-10.365565700048228,-3.25218000833e-6,8.876953125,-17.841796875,-43.857421875,61.34765625,-8.349609375,0.615234375,43.9453125,30.76171875,-57.12890625,26.3671875,-39.55078125,0.0,-19.8,-27.1,32.1,-11.5,11.4,3.2
4.752913951873779,9.26494459449901,-16.246440091190934,-45.567540406902936,61.814014803980484,-9.264944419596807,-2.7775502859198014e-6,13.350907078524955,-13.232129105329653,-52.74971713766443,63.54801577093539,-10.597078142961678,-3.407237621912793e-6,9.140625,-17.666015625,-44.296875,61.5234375,-8.61328125,0.615234375,43.9453125,30.76171875,-57.12890625,26.3671875,-39.55078125,0.0,-19.8,-27.9,31.3,-10.7,9.8,3.2
4.759580850601196,9.500766600544985,-16.056430321311606,-45.965703726849554,62.02216924268902,-9.50076642690574,-2.92230563903422e-6,13.566144016135336,-13.068704227626398,-53.148285174998946,63.76954229798565,-10.827575502500203,-3.5653523319133672e-6,9.404296875,-17.40234375,-44.736328125,61.69921875,-8.876953125,0.615234375,43.9453125,30.76171875,-57.12890625,26.3671875,-39.55078125,0.0,-19.1,-27.1,31.3,-11.2,8.4,3.2
4.766247987747192,9.73574500743786,-15.867861843856073,-46.36412646745502,62.232024392529866,-9.735744835071056,-3.0703357798926477e-6,13.77993165299205,-12.90694587969921,-53.546666533265885,63.99267913636368,-11.057028458091136,-3.7265125595714056e-6,9.580078125,-17.2265625,-45.087890625,61.962890625,-9.140625,0.615234375,39.55078125,30.76171875,-57.12890625,30.76171875,-39.55078125,0.0,-19.9,-27.2,31.2,-12.2,10.7,3.2
4.772914886474609,9.969820270731212,-15.680777015433762,-46.76275249823556,62.44356647943205,-9.969820099646245,-3.2216028984872374e-6,13.992212320469346,-12.746869316085359,-53.944809674325995,64.21741159029656,-11.285377495843424,-3.890669510470558e-6,9.755859375,-17.05078125,-45.439453125,62.138671875,-9.31640625,0.615234375,39.55078125,30.76171875,-57.12890625,30.76171875,-39.55078125,0.0,-19.9,-27.2,32.0,-10.6,9.9,3.2
4.779581785202026,10.202982468687999,-15.495158242973114,-47.16156388525916,62.656759976347736,-10.202982298894067,-3.3759987018974824e-6,14.20299172352473,-12.588523388263074,-54.342712361831495,64.4437069016275,-11.512617474758258,-4.05771187429226e-6,10.107421875,-16.875,-45.87890625,62.40234375,-9.66796875,0.615234375,39.55078125,26.3671875,-61.5234375,30.76171875,-39.55078125,0.0,-19.2,-26.4,31.2,-7.7,6.1,3.2
4.7862489223480225,10.435194538704241,-15.311031913028744,-47.56054936715532,62.87162000835114,-10.435194370210601,-3.533509155649917e-6,14.412230604327643,-12.431874273418623,-54.74036558137573,64.67158014642814,-11.738710189042797,-4.227615391859842e-6,10.283203125,-16.69921875,-46.23046875,62.578125,-9.84375,0.615234375,35.15625,26.3671875,-61.5234375,30.76171875,-35.15625,0.0,-19.2,-26.3,31.1,-6.1,4.4,3.2
4.7929158210754395,10.666396965261608,-15.128438858035604,-47.95965395950235,63.088132423255075,-10.666396798077425,-3.694088327026212e-6,14.619872201137941,-12.27693585602328,-55.13771815160834,64.90101595805137,-11.963596458385904,-4.400323313516805e-6,10.458984375,-16.5234375,-46.669921875,62.666015625,-9.84375,0.615234375,35.15625,26.3671875,-61.5234375,30.76171875,-35.15625,0.0,-19.2,-25.5,30.3,-5.3,4.4,3.2
4.7995829582214355,10.89659048922658,-14.947352923608182,-48.358877331108204,63.30627073547367,-10.89659032336086,-3.857631696817067e-6,14.825932170722826,-12.123751586453627,-55.53478386636357,65.13199072677408,-12.1872816728115,-4.575729219616705e-6,10.72265625,-16.34765625,-47.021484375,62.75390625,-9.84375,0.615234375,35.15625,30.76171875,-57.12890625,30.76171875,-35.15625,0.0,-18.3,-24.7,30.3,-7.0,6.4,3.2
4.8062498569488525,11.125712696768614,-14.767819251928044,-48.758166138454456,63.52602674346043,-11.125712532230285,-4.024100357592228e-6,15.030349153074113,-11.972302435079794,-55.9315110635625,65.36449453251855,-12.409703203167002,-4.753782741886746e-6,10.810546875,-16.171875,-47.373046875,62.841796875,-9.84375,0.615234375,30.76171875,30.76171875,-57.12890625,21.97265625,-4.39453125,0.0,-19.1,-24.6,29.5,-10.8,12.9,3.2
4.812916994094849,11.353737055007073,-14.589851509659017,-49.1575234873762,63.747417219635096,-11.353736891805124,-4.193464178321713e-6,15.23309667039489,-11.822579324061385,-56.32790559256228,65.59854450184105,-12.630834189087285,-4.93444481372284e-6,11.07421875,-15.99609375,-47.724609375,62.9296875,-10.01953125,0.615234375,30.76171875,30.76171875,-57.12890625,21.97265625,-4.39453125,0.0,-18.3,-24.6,30.3,-15.6,15.3,3.2
4.819588899612427,11.580804108600113,-14.413315261802563,-49.55719484729738,63.97055319894481,-11.580803946744204,-4.365723212387078e-6,15.434314244013803,-11.674537003437383,-56.72422347542338,65.83426184716167,-12.85081549247173,-5.117720876080555e-6,11.25,-15.8203125,-48.251953125,63.28125,-10.458984375,0.615234375,30.76171875,26.3671875,-57.12890625,21.97265625,-4.39453125,0.0,-19.1,-24.6,29.5,-19.2,13.9,3.2
4.826258897781372,11.806639075061755,-14.238420182634929,-49.95675607808427,64.19522021450862,-11.806638914560207,-4.5406730042939555e-6,15.633752409012125,-11.528292809759723,-57.12004439025645,66.07141837053993,-13.069378792717353,-5.303384614071846e-6,11.337890625,-15.64453125,-48.515625,63.544921875,-10.72265625,0.615234375,26.3671875,26.3671875,-57.12890625,21.97265625,-35.15625,0.0,-20.7,-23.9,29.5,-18.9,15.3,3.2
4.832925796508789,12.031160793592022,-14.065220222270577,-50.356111138050025,64.42137617445962,-12.03116063445286,-4.7182283238704216e-6,15.831338152921624,-11.383872003004745,-57.51527585543507,66.30996910059659,-13.286444943458536,-5.491339902186462e-6,11.6015625,-15.46875,-49.04296875,63.984375,-11.25,0.615234375,26.3671875,21.97265625,-52.734375,21.97265625,-35.15625,0.0,-20.7,-24.7,30.3,-13.8,11.6,3.2
4.839592933654785,12.25447154416271,-13.893611044951355,-50.75543677091341,64.64909348712958,-12.254471386394364,-4.898357822929767e-6,16.027177243848723,-11.241256068860752,-57.91010453204706,66.54999411804307,-13.502117825765792,-5.681559509329407e-6,11.77734375,-15.29296875,-49.39453125,64.3359375,-11.6015625,0.615234375,26.3671875,21.97265625,-52.734375,52.734375,-35.15625,0.0,-22.0,-24.7,31.1,-12.2,10.8,3.2
4.8462607860565186,12.476539768508479,-13.72361215733441,-51.154737684993165,64.87839636739557,-12.47653961211948,-5.081033712155203e-6,16.221236447856697,-11.100400793344058,-58.3045347984934,66.79151718013196,-13.716365005065896,-5.874005812089589e-6,11.865234375,-15.205078125,-49.658203125,64.599609375,-11.953125,0.615234375,21.97265625,21.97265625,-52.734375,52.734375,-61.5234375,0.0,-22.8,-25.8,31.5,-13.6,11.1,3.2
4.852927923202515,12.697276282920662,-13.555283145587627,-51.553904341001314,65.10923486180806,-12.697276127919167,-5.266158586791475e-6,16.413436080604193,-10.961337142334965,-58.698460045575516,67.03448477117146,-13.929099734286252,-6.068570390105167e-6,12.12890625,-15.029296875,-50.185546875,64.951171875,-12.392578125,0.615234375,21.97265625,21.97265625,-57.12890625,52.734375,-61.5234375,0.0,-22.8,-26.6,32.3,-11.8,7.6,3.2
4.859594821929932,12.916688839398574,-13.388593383413866,-51.952944508744,65.34158611388133,-12.916688685792575,-5.453625898921368e-6,16.603798529083644,-10.824109624350294,-59.09189847324345,67.27887613967408,-14.140334481205533,-6.265146940098797e-6,12.3046875,-14.853515625,-50.537109375,65.302734375,-12.65625,0.615234375,21.97265625,21.97265625,-57.12890625,48.33984375,-61.5234375,0.0,-23.3,-26.6,32.3,-11.0,7.6,3.2
4.866262912750244,13.134776632000943,-13.223538358888636,-52.351920192932624,65.57550761641811,-13.1347764797987,-5.643427824044193e-6,16.792317601817565,-10.688653195726904,-59.48491030132806,67.52474981523612,-14.350066562665537,-6.46371923595968e-6,12.48046875,-14.677734375,-50.80078125,65.478515625,-12.83203125,0.615234375,30.76171875,21.97265625,-57.12890625,48.33984375,-48.33984375,0.0,-23.3,-25.6,32.0,-12.8,9.8,3.2
4.872929811477661,13.351420747073288,-13.060199018429365,-52.75066548930421,65.81091441112264,-13.351420596282475,-5.835431446985529e-6,16.978889022192988,-10.55501640797582,-59.877333104120936,67.77201545194727,-14.558181033303793,-6.664142758699029e-6,12.744140625,-14.501953125,-51.328125,65.830078125,-13.095703125,0.615234375,30.76171875,26.3671875,-57.12890625,48.33984375,-48.33984375,0.0,-23.3,-26.4,32.8,-11.2,6.9,3.2
4.879597902297974,13.566692982902794,-12.898497157225322,-53.1493043740137,66.04785226958836,-13.566692833531313,-6.029585872707697e-6,17.163590281367835,-10.423206247036516,-60.269298444262745,68.02072413176798,-14.764751906775672,-6.866369938053785e-6,12.919921875,-14.326171875,-51.591796875,66.005859375,-13.18359375,0.615234375,30.76171875,26.3671875,-57.12890625,35.15625,-48.33984375,0.0,-23.4,-25.6,32.8,-10.4,6.9,3.2
4.886264801025391,13.780468491972487,-12.738521056621133,-53.54767084113662,66.28624346676631,-13.780468344027682,-6.2257659886958245e-6,17.34630890866509,-10.293232347311644,-60.660641657252754,68.270792203655,-14.96965754923665,-7.070262765423642e-6,13.18359375,-14.150390625,-51.943359375,66.181640625,-13.359375,0.615234375,30.76171875,26.3671875,-57.12890625,35.15625,-26.3671875,0.0,-23.4,-25.6,33.7,-12.8,9.9,3.2
4.892931938171387,13.992753311961534,-12.580256755594862,-53.945827685611235,66.52613683660098,-13.992753165450951,-6.423941847275624e-6,17.527048971907696,-10.165066012657324,-61.05142498005436,68.52226976742908,-15.172903320520078,-7.275785048147082e-6,13.447265625,-13.974609375,-52.55859375,66.533203125,-13.623046875,0.615234375,30.76171875,26.3671875,-61.5234375,35.15625,-26.3671875,0.0,-23.1,-25.6,32.9,-12.0,7.8,3.2
4.899598836898804,14.20352919258819,-12.423694410356724,-54.34372979207281,66.76747741983384,-14.203529047518987,-6.623980092226149e-6,17.705810709999867,-10.038771084752197,-61.44161288106615,68.77510198751924,-15.37447686518739,-7.482804056298099e-6,13.623046875,-13.798828125,-52.822265625,66.708984375,-13.7109375,0.615234375,30.76171875,26.3671875,-61.5234375,35.15625,-26.3671875,0.0,-23.1,-25.6,32.9,-12.0,7.8,3.2
4.9062659740448,14.412763281039274,-12.268852736896704,-54.74138217079143,67.01028894260808,-14.412763137418654,-6.825832203040494e-6,17.882560907123818,-9.91429969168415,-61.831208309403266,69.02931153245497,-15.574344962388805,-7.691262112562867e-6,13.88671875,-13.623046875,-53.173828125,66.97265625,-13.88671875,0.615234375,35.15625,26.3671875,-61.5234375,35.15625,-26.3671875,0.0,-22.3,-25.5,33.6,-12.8,10.8,3.2
4.912937879562378,14.620556543261468,-12.11564826157383,-55.13903235704271,67.25473546695542,-14.620556401097495,-7.029559732484521e-6,18.057382924781834,-9.79156817937256,-62.220453349858516,69.28506870832351,-15.772603389046534,-7.901217386085127e-6,14.23828125,-13.359375,-53.701171875,67.32421875,-14.150390625,0.615234375,35.15625,30.76171875,-57.12890625,35.15625,-26.3671875,0.0,-21.4,-24.7,33.6,-11.2,8.5,3.2
4.919604778289795,14.82660434934228,-11.964282705954274,-55.53608294436289,67.50042130674834,-14.826604208640592,-7.234745518839786e-6,18.230036484673313,-9.67081141481475,-62.60877133512852,69.54196214031964,-15.968966724327586,-8.112245655525957e-6,14.501953125,-13.18359375,-54.140625,67.5,-14.326171875,0.615234375,35.15625,30.76171875,-57.12890625,39.55078125,-26.3671875,0.0,-20.6,-23.9,32.8,-11.2,8.5,3.2
4.926271915435791,15.031022132142006,-11.814665054854006,-55.93282300929738,67.74754452380711,-15.031021992909315,-7.441479965094361e-6,18.40061344914981,-9.551891553061143,-62.99644279206857,69.80019675581964,-16.16354336557991,-8.324432959856953e-6,14.58984375,-13.095703125,-54.404296875,67.763671875,-14.501953125,0.615234375,39.55078125,30.76171875,-57.12890625,39.55078125,-30.76171875,0.0,-21.4,-23.9,32.8,-12.0,10.7,3.2
4.932950973510742,15.234125647225753,-11.666556063938515,-56.32992491734613,67.99653824053797,-15.23412550947122,-7.650045548267267e-6,18.56937459024593,-9.434603721430596,-63.38412341152858,70.0602234148312,-16.356632973690267,-8.538063563298847e-6,14.94140625,-12.83203125,-54.931640625,68.02734375,-14.765625,0.615234375,39.55078125,26.3671875,-65.91796875,39.55078125,-30.76171875,0.0,-20.6,-23.9,32.8,-11.2,9.1,3.2
4.939617872238159,15.435184943795539,-11.520465918840522,-56.725943800990194,68.24646777213967,-15.435184807522695,-7.859573195099936e-6,18.735729450498955,-9.319427025738246,-63.7704100830157,70.32106847201901,-16.547546868421083,-8.752253002504714e-6,15.205078125,-12.65625,-55.283203125,68.291015625,-14.94140625,0.615234375,39.55078125,26.3671875,-65.91796875,39.55078125,-30.76171875,0.0,-19.8,-23.1,32.8,-10.4,7.7,3.2
4.946285963058472,15.634557353606226,-11.376128374708623,-57.12164954936058,68.49783676430233,-15.63455721882147,-8.070403929805132e-6,18.899969233487475,-9.206082163843089,-64.15605136231147,70.58325542174546,-16.736622907762715,-8.96734345264506e-6,15.46875,-12.48046875,-55.634765625,68.466796875,-15.1171875,0.615234375,39.55078125,26.3671875,-65.91796875,39.55078125,-30.76171875,0.0,-19.0,-22.3,32.8,-12.0,10.5,3.2
4.952952861785889,15.83213666845638,-11.233610219924486,-57.51687950659915,68.75054934911972,-15.832136535165429,-8.282372314023642e-6,19.062006532188043,-9.0946090801928,-64.54088830822354,70.84668308225368,-16.923760425176656,-9.18316236625114e-6,15.908203125,-12.3046875,-56.25,68.818359375,-15.380859375,0.615234375,39.55078125,26.3671875,-61.5234375,39.55078125,-30.76171875,0.0,-17.3,-22.3,32.0,-11.2,7.8,3.2
4.959619998931885,16.027969243344387,-11.092856984320997,-57.91170661280235,69.00462399666048,-16.02796911155297,-8.495409555940713e-6,19.221895109107866,-8.98503917855015,-64.92499869426956,71.11137294895548,-17.109008531099338,-9.399645275163529e-6,16.083984375,-12.216796875,-56.513671875,68.994140625,-15.556640625,0.615234375,39.55078125,26.3671875,-61.5234375,35.15625,-30.76171875,0.0,-16.5,-22.3,32.8,-11.2,7.0,3.2
4.966286897659302,16.221992030063912,-10.953908674346568,-58.306078315047365,69.26004816020081,-16.221991899777553,-8.709418456690146e-6,19.379577202661576,-8.877335296183503,-65.30832776065628,71.37730936058692,-17.292305571369322,-9.616686152381765e-6,16.34765625,-12.041015625,-56.865234375,69.169921875,-15.64453125,0.615234375,43.9453125,26.3671875,-61.5234375,35.15625,-26.3671875,0.0,-15.7,-22.4,32.8,-12.8,11.5,3.2
4.972953796386719,16.414178345471978,-10.816774459214626,-58.69998782959733,69.51682422509674,-16.414178216696087,-8.924312364881151e-6,19.53503127132353,-8.771492549504751,-65.69086811753563,71.64449356685552,-17.47362644484678,-9.834193591553081e-6,16.5234375,-11.865234375,-57.392578125,69.43359375,-15.908203125,0.615234375,43.9453125,21.97265625,-61.5234375,35.15625,-26.3671875,0.0,-16.5,-21.6,32.8,-12.8,9.1,3.2
4.979621887207031,16.604568196674382,-10.6814057645749,-59.09349487333011,69.77496333398831,-16.604568069414352,-9.140018279745323e-6,19.688305174442263,-8.667548079832343,-66.07268389302509,71.91293923258048,-17.65301404766973,-1.0052099215887045e-5,16.69921875,-11.77734375,-57.744140625,69.697265625,-16.083984375,0.615234375,43.9453125,21.97265625,-61.5234375,35.15625,-26.3671875,0.0,-15.9,-22.4,32.8,-12.0,7.8,3.2
4.986288785934448,16.79304458533559,-10.547880616442216,-59.486434034015474,70.03437810018995,-16.793044459596153,-9.356370932885927e-6,19.839298162032527,-8.565493115113467,-66.45361051995606,72.18255281768134,-17.83035607021703,-1.027022892904914e-5,16.875,-11.6015625,-58.095703125,69.873046875,-16.259765625,0.615234375,30.76171875,21.97265625,-61.5234375,35.15625,-30.76171875,0.0,-15.9,-21.4,32.7,-13.6,10.6,3.2
4.992956876754761,16.979642516449594,-10.416164534742357,-59.87892512475352,70.29515385684898,-16.979642392235853,-9.573349722390104e-6,19.988038388109988,-8.46528982246157,-66.83376298453808,72.45342173142858,-18.00568557528124,-1.0488558626127298e-5,17.138671875,-11.42578125,-58.7109375,70.224609375,-16.5234375,0.615234375,30.76171875,21.97265625,-61.5234375,35.15625,-30.76171875,0.0,-15.9,-20.6,31.9,-13.0,7.7,3.2
4.999623775482178,17.16430383600485,-10.286279209501114,-60.270818453933146,70.55716260209672,-17.164303713321086,-9.790768398197856e-6,20.134495270571218,-8.367029652638946,-67.21300211743265,72.72541504827355,-18.178953184928098,-1.0706906682049163e-5,17.314453125,-11.337890625,-58.974609375,70.400390625,-16.611328125,0.615234375,30.76171875,21.97265625,-61.5234375,35.15625,-30.76171875,0.0,-15.1,-20.6,31.9,-13.0,8.5,3.2
5.006290912628174,17.347019837775143,-10.15822571254882,-60.662173040280436,70.82046442644717,-17.347019716625823,-1.00085795692651e-5,20.278655171435997,-8.270644047219944,-67.59138061420275,72.99859245287685,-18.350148631413898,-1.0925218520888873e-5,17.40234375,-11.25,-59.4140625,70.751953125,-16.787109375,0.615234375,26.3671875,21.97265625,-61.5234375,35.15625,-26.3671875,0.0,-15.9,-21.6,32.0,-13.6,10.7,3.2
5.012957811355591,17.52774648795733,-10.032025510997112,-61.05294035696743,71.0850322699844,-17.527746368346637,-1.0226666602552562e-5,20.420483440993614,-8.176138381726123,-67.96885007544671,73.272924568923,-18.519230804676575,-1.1143374162573385e-5,17.666015625,-11.07421875,-59.853515625,71.103515625,-17.05078125,0.615234375,26.3671875,17.578125,-61.5234375,35.15625,-26.3671875,0.0,-16.0,-20.8,32.0,-12.8,7.8,3.2
5.019624948501587,17.706507596717742,-9.907643435066714,-61.44314012268829,71.35085068166613,-17.70650747864969,-1.0444940000816426e-5,20.56001460574105,-8.083561317747424,-68.345435000616,73.54839733545867,-18.686227286667147,-1.1361289993222405e-5,17.75390625,-10.986328125,-60.205078125,71.279296875,-17.138671875,0.615234375,26.3671875,17.578125,-61.5234375,43.9453125,-26.3671875,0.0,-16.0,-20.8,32.0,-12.0,8.6,3.2
5.02629280090332,17.88326710450236,-9.785099964269584,-61.83277441869782,71.61794222210283,-17.883266987980956,-1.0663316007675535e-5,20.69721309951222,-7.9928588230657684,-68.72113244255736,73.82503131820859,-18.85110209642511,-1.1578875324868169e-5,17.841796875,-10.8984375,-60.556640625,71.54296875,-17.314453125,0.615234375,26.3671875,17.578125,-61.5234375,43.9453125,-26.3671875,0.0,-16.8,-20.7,31.9,-13.6,10.6,3.2
5.032960891723633,18.057982341508435,-9.664415730486578,-62.22179479597395,71.8862790739548,-18.057982226537366,-1.0881675470183414e-5,20.8320456450087,-7.904035913749796,-69.09589382094282,74.10279634877261,-19.013815524123274,-1.179600845376553e-5,18.017578125,-10.72265625,-60.99609375,71.806640625,-17.490234375,0.615234375,26.3671875,17.578125,-61.5234375,43.9453125,-26.3671875,0.0,-16.8,-19.9,31.1,-13.8,9.0,3.2
5.0396318435668945,18.230733924714812,-9.545517565973626,-62.6103466767468,72.15593349198025,-18.230733811298144,-1.1100003121679968e-5,20.964589921667283,-7.817114577708729,-69.46986415847869,74.38176903005956,-19.174447847710127,-1.2012680001094725e-5,18.10546875,-10.634765625,-61.435546875,72.158203125,-17.75390625,0.615234375,26.3671875,17.578125,-57.12890625,39.55078125,-26.3671875,0.0,-16.9,-20.7,31.9,-13.0,7.8,3.2
5.046298980712891,18.40130071459618,-9.428553295716119,-62.998014879247116,72.42663811848247,-18.40130060273625,-1.1317976011589967e-5,21.09466850453129,-7.732132307785884,-69.8426385524717,74.66166992222813,-19.332791064951724,-1.2228562521128314e-5,18.193359375,-10.546875,-61.875,72.333984375,-17.841796875,0.615234375,13.18359375,17.578125,-57.12890625,39.55078125,-26.3671875,0.0,-17.7,-20.8,31.3,-14.4,9.6,3.2
5.052969932556152,18.56985061523114,-9.313398924077793,-63.38522289050147,72.69869244550496,-18.569850504931885,-1.1535738170606177e-5,21.22240969150431,-7.6489899298675255,-70.21462229261178,74.94280742171658,-19.489001293886123,-1.2443796153117214e-5,18.369140625,-10.37109375,-62.2265625,72.685546875,-18.017578125,0.615234375,13.18359375,17.578125,-61.5234375,39.55078125,-26.3671875,0.0,-17.7,-20.0,31.3,-12.8,8.0,3.2
5.059636831283569,18.736200029991704,-9.200162965881855,-63.77150776353484,72.9717420400898,-18.736199921254993,-1.1752936321004913e-5,21.347690336159953,-7.567841593798799,-70.58537547642749,75.2248171110042,-19.64291376355141,-1.2658037941547664e-5,18.45703125,-10.283203125,-62.666015625,72.94921875,-18.193359375,0.615234375,13.18359375,17.578125,-61.5234375,43.9453125,-26.3671875,0.0,-18.5,-20.0,31.3,-10.4,6.2,3.2
5.066304922103882,18.900432482922092,-9.088784423115188,-64.15714658139261,73.24600298759226,-18.90043237575086,-1.1969632412203624e-5,21.47056529398094,-7.48857129688404,-70.9551584495627,75.50791931730868,-19.794603306325836,-1.287134218121491e-5,18.6328125,-10.1953125,-63.10546875,73.212890625,-18.28125,0.615234375,17.578125,17.578125,-61.5234375,43.9453125,-26.3671875,0.0,-17.7,-19.9,30.3,-10.0,7.0,3.2
5.072972774505615,19.062487256401123,-8.979295988155547,-64.54203662990733,73.52140526594057,-19.062487150797786,-1.2185673656807698e-5,21.5909893765732,-7.411194917077726,-71.32387057883687,75.7920405051378,-19.944014104038768,-1.3083556216833864e-5,18.80859375,-10.01953125,-63.45703125,73.4765625,-18.369140625,0.615234375,17.578125,17.578125,-61.5234375,43.9453125,-26.3671875,0.0,-17.7,-18.3,30.3,-12.2,8.6,3.2
5.079640865325928,19.2223927030317,-8.871662455728393,-64.92619988321326,73.7979356440522,-19.22239259899856,-1.2400983999176194e-5,21.708999600410273,-7.335763017357303,-71.69153743740542,76.07716879809843,-20.091177672378926,-1.3294611625432143e-5,18.984375,-9.931640625,-63.80859375,73.65234375,-18.45703125,0.615234375,17.578125,17.578125,-61.5234375,30.76171875,-26.3671875,0.0,-16.7,-19.1,31.1,-15.4,10.0,3.2
5.086308002471924,19.380072111671133,-8.765931933013626,-65.30953973274845,74.07554562020913,-19.380072009210057,-1.2615411640675682e-5,21.824530285659883,-7.262236945507171,-72.05806039783567,76.36325120704666,-20.236020656719173,-1.3504352575184537e-5,19.16015625,-9.84375,-64.248046875,73.916015625,-18.544921875,0.615234375,26.3671875,17.578125,-61.5234375,30.76171875,-8.7890625,0.0,-16.7,-19.1,30.4,-18.1,12.4,3.2
5.092976808547974,19.535564005120975,-8.662070453089756,-65.69218715845855,74.35433220755756,-19.53556390423426,-1.2828934389414702e-5,21.937609949408753,-7.19058650423643,-72.42356238547121,76.65038647916387,-20.378578739087807,-1.371275536117135e-5,19.3359375,-9.755859375,-64.599609375,74.267578125,-18.80859375,0.615234375,26.3671875,17.578125,-57.12890625,30.76171875,-8.7890625,0.0,-16.7,-19.1,30.4,-14.4,10.0,3.2
5.099644899368286,19.688830957527614,-8.560087806914424,-66.0740004213255,74.6341634578234,-19.688830858216786,-1.3041389636699701e-5,22.048227284274596,-7.120893964523577,-72.78791223946789,76.93844041524443,-20.51882297333004,-1.3919667672243832e-5,19.51171875,-9.580078125,-64.951171875,74.53125,-19.072265625,0.615234375,26.3671875,13.18359375,-57.12890625,48.33984375,-8.7890625,0.0,-16.0,-18.3,31.2,-14.4,8.5,3.2
5.106312990188599,19.839841357715436,-8.46000197308732,-66.45499164344922,74.91506947155216,-19.839841259982045,-1.3252683016842914e-5,22.156349636619396,-7.053098628976695,-73.15111492826627,77.22744095263008,-20.6567214476878,-1.4124990455701947e-5,19.6875,-9.4921875,-65.390625,74.8828125,-19.16015625,0.615234375,26.3671875,13.18359375,-57.12890625,48.33984375,-30.76171875,0.0,-15.2,-18.3,30.4,-14.2,9.6,3.2
5.112979888916016,19.98854777193874,-8.36183644041094,-66.83507345781673,75.19698637029711,-19.988547675783874,-1.3462671385626074e-5,22.261943794386458,-6.98721066802747,-73.51308487829955,77.51732125126767,-20.792231303252294,-1.4328583092342082e-5,19.775390625,-9.404296875,-65.7421875,75.146484375,-19.3359375,0.615234375,26.3671875,13.18359375,-57.12890625,48.33984375,-30.76171875,0.0,-16.0,-18.3,31.2,-13.6,8.0,3.2
5.119647979736328,20.135023570664494,-8.265528237874765,-67.21437766063794,75.47998297950217,-20.13502347608961,-1.3671349518962755e-5,22.365078059871347,-6.923262719774817,-73.87395168569283,77.80815376440803,-20.92542486060844,-1.4530447171649842e-5,20.0390625,-9.31640625,-66.26953125,75.498046875,-19.599609375,0.615234375,26.3671875,17.578125,-57.12890625,43.9453125,-30.76171875,0.0,-15.0,-18.4,30.4,-12.8,7.7,3.2
5.126314878463745,20.27916833388321,-8.171140861520385,-67.59273880974241,75.76395735259518,-20.279168240889053,-1.387852230280871e-5,22.465670995930186,-6.861223939140034,-74.2335509056448,78.09983059976065,-21.056207547513363,-1.473038664857204e-5,20.21484375,-9.228515625,-66.533203125,75.673828125,-19.6875,0.615234375,26.3671875,17.578125,-57.12890625,43.9453125,-26.3671875,0.0,-14.2,-17.6,30.3,-14.4,9.0,3.2
5.132981777191162,20.42098910183679,-8.078662193066338,-67.97020536205841,76.04894582821058,-20.420989010424215,-1.4084122672255588e-5,22.563728204254684,-6.80108129130128,-74.59192612740699,78.39238796956951,-21.18458619636646,-1.492833547068066e-5,20.390625,-9.140625,-66.97265625,76.025390625,-19.775390625,0.615234375,26.3671875,17.578125,-61.5234375,43.9453125,-26.3671875,0.0,-13.4,-17.6,30.3,-13.6,8.2,3.2
5.139650821685791,20.560552365367617,-7.988035177189243,-68.34689495295679,76.33500898661373,-20.560552275537827,-1.428814199805368e-5,22.659311718132486,-6.742872466868153,-74.94919279479748,78.68588964452809,-21.310626406844868,-1.5124292017928862e-5,20.654296875,-9.052734375,-67.412109375,76.376953125,-19.86328125,0.615234375,30.76171875,13.18359375,-61.5234375,43.9453125,-26.3671875,0.0,-11.7,-17.5,30.3,-12.8,8.7,3.2
5.146317958831787,20.697725365452747,-7.899344020693875,-68.72254780637337,76.62197125796223,-20.69772527720582,-1.4490332893331795e-5,22.752318944228993,-6.686578579495533,-75.30509705141296,78.98015229578363,-21.434204736548086,-1.5318011188518412e-5,20.830078125,-8.96484375,-67.67578125,76.640625,-19.951171875,0.615234375,30.76171875,13.18359375,-61.5234375,43.9453125,-13.18359375,0.0,-10.9,-16.7,30.4,-14.4,9.8,3.2
5.1529929637908936,20.832688472346515,-7.8124656265253245,-69.09769404416427,76.91023966777101,-20.83268838568469,-1.4690886659250378e-5,22.84287132311274,-6.632117850361553,-75.66013792364656,79.27559194619221,-21.555483631646442,-1.5509674367822408e-5,21.005859375,-8.876953125,-68.115234375,76.904296875,-20.126953125,0.615234375,30.76171875,13.18359375,-57.12890625,43.9453125,-13.18359375,0.0,-10.9,-16.7,30.4,-13.8,8.2,3.2
5.1596598625183105,20.965142533319632,-7.727579243920472,-69.47143321412219,77.1990930117548,-20.96514244824122,-1.488925608352917e-5,22.93078511464444,-6.579677728827305,-76.013467073004,79.5714710985157,-21.674199969564263,-1.5698765849204127e-5,21.181640625,-8.7890625,-68.466796875,77.255859375,-20.21484375,0.615234375,30.76171875,13.18359375,-57.12890625,43.9453125,-13.18359375,0.0,-10.2,-16.7,30.4,-13.0,8.6,3.2
5.166327953338623,21.095227475071773,-7.644593251596728,-69.84425586401781,77.48893021695858,-21.095227391577126,-1.508559450190934e-5,23.016141740094096,-6.529125523241371,-76.36554084077673,79.86819531999079,-21.790475698804837,-1.5885424690132885e-5,21.26953125,-8.701171875,-68.818359375,77.51953125,-20.390625,0.615234375,26.3671875,13.18359375,-57.12890625,43.9453125,-21.97265625,0.0,-10.2,-15.9,30.4,-14.4,9.8,3.2
5.17299485206604,21.222882388690756,-7.563539713253589,-70.21600996544166,77.77963131837136,-21.222882306779532,-1.5279733005479692e-5,23.098902230346553,-6.480478481583654,-76.71621304469068,80.16564076367685,-21.904256926639043,-1.6069489596514912e-5,21.4453125,-8.61328125,-69.2578125,77.783203125,-20.478515625,0.615234375,26.3671875,13.18359375,-57.12890625,43.9453125,-21.97265625,0.0,-9.4,-15.9,30.4,-13.6,8.7,3.2
5.179661989212036,21.348159364500873,-7.484372897490677,-70.58677295291635,78.07122801927633,-21.348159284172915,-1.5471652516837785e-5,23.179117513452884,-6.43378249409488,-77.06556038134775,80.46384144626708,-22.015595828284567,-1.6250949830698857e-5,21.533203125,-8.61328125,-69.609375,78.046875,-20.654296875,0.615234375,26.3671875,13.18359375,-57.12890625,39.55078125,-21.97265625,0.0,-10.3,-16.7,30.4,-12.8,8.7,3.2
5.1863298416137695,21.47101900258925,-7.40711694441095,-70.95653801040876,78.36373764354586,-21.471018923844408,-1.566123846638e-5,23.256748223088206,-6.388977649803591,-77.4135679775495,80.7628116923566,-22.12445306528132,-1.6429688971374958e-5,21.62109375,-8.525390625,-70.048828125,78.310546875,-20.830078125,0.615234375,17.578125,13.18359375,-57.12890625,39.55078125,-21.97265625,0.0,-10.3,-15.9,30.4,-14.2,8.0,3.2
5.192996978759766,21.59142210067411,-7.331790148657156,-71.32520707700365,78.65708042469652,-21.591422023511726,-1.584835476565222e-5,23.331770537149993,-6.346072674296236,-77.76014078368951,81.06246893922844,-22.23079443588128,-1.6605578112629384e-5,21.708984375,-8.4375,-70.400390625,78.57421875,-20.91796875,0.615234375,17.578125,13.18359375,-57.12890625,39.55078125,-21.97265625,0.0,-10.3,-15.9,29.6,-18.0,7.9,3.2
5.199667930603027,21.709474533914054,-7.258314418631513,-71.69302797890516,78.95142609772657,-21.70947445833445,-1.6033072892188908e-5,23.40426725795961,-6.30509647837386,-78.1055150136468,81.36298798891929,-22.3347190783819,-1.6778691727717502e-5,21.884765625,-8.349609375,-70.751953125,78.92578125,-21.09375,0.615234375,17.578125,8.7890625,-57.12890625,43.9453125,-21.97265625,0.0,-9.6,-15.9,30.4,-17.2,7.9,3.2
5.206335783004761,21.82500547796825,-7.186795962883256,-72.0595848484488,79.24646500276353,-21.825005403969975,-1.6215071401175215e-5,23.474117950082142,-6.266034103522664,-78.44929124785357,81.66404919465674,-22.436071848065023,-1.6948720058034605e-5,21.97265625,-8.349609375,-71.103515625,79.365234375,-21.181640625,0.615234375,17.578125,8.7890625,-57.12890625,43.9453125,-17.578125,0.0,-9.6,-16.0,30.4,-15.2,8.0,3.2
5.213002920150757,21.93804788984935,-7.117207963213637,-72.4249913218546,79.54228395792279,-21.938047817431382,-1.6394327000405546e-5,23.54134481495992,-6.22886943280466,-78.79157366987235,81.96574030462226,-22.534882610411877,-1.711564156098862e-5,22.060546875,-8.26171875,-71.455078125,79.62890625,-21.181640625,0.615234375,17.578125,8.7890625,-52.734375,43.9453125,-17.578125,0.0,-9.6,-15.2,30.4,-13.3,8.0,3.2
5.219683885574341,22.048868111270142,-7.049375907018048,-72.79003977007866,79.83950082263665,-22.048868040434822,-1.6571175991858217e-5,23.606121161242502,-6.193583402608346,-79.13310674509933,82.26869245145703,-22.63138917329341,-1.7279775793695843e-5,22.060546875,-8.173828125,-71.89453125,79.98046875,-21.26953125,0.615234375,17.578125,8.7890625,-52.734375,52.734375,-17.578125,0.0,-9.5,-15.2,29.6,-12.5,8.0,3.2
5.226350784301758,22.15695393729696,-6.983614019639413,-73.1531695714979,80.13686919840765,-22.1569538680399,-1.6744747663128773e-5,23.66813007746156,-6.160264581531459,-79.47242080821545,82.57163152298864,-22.725140091169077,-1.7440305466528898e-5,22.1484375,-8.0859375,-72.333984375,80.244140625,-21.4453125,0.615234375,13.18359375,8.7890625,-52.734375,52.734375,-8.7890625,0.0,-9.5,-15.1,29.5,-14.2,8.1,3.2
5.233017921447754,22.262539076977994,-6.919772675996291,-73.51514647084466,80.43500520583726,-22.262539009298067,-1.6915340861850603e-5,23.727512138673077,-6.128836773196281,-79.81023036082907,82.8751849070471,-22.8163403729203,-1.759750934950247e-5,22.1484375,-8.0859375,-72.59765625,80.5078125,-21.4453125,0.615234375,13.18359375,8.7890625,-57.12890625,52.734375,-8.7890625,0.0,-10.3,-15.1,29.5,-13.8,7.9,3.2
5.239684820175171,22.36564221457101,-6.857829537154474,-73.87594275248095,80.73385879038021,-22.365642148466925,-1.7082902277433086e-5,23.784295996069165,-6.099355450281527,-80.1465126322602,83.17930297168564,-22.9050121707928,-1.7751346316886318e-5,22.1484375,-7.998046875,-73.037109375,80.771484375,-21.533203125,0.615234375,13.18359375,8.7890625,-57.12890625,39.55078125,-8.7890625,0.0,-11.3,-14.3,29.5,-13.8,7.9,3.2
5.246351957321167,22.466222005914258,-6.797810750518568,-74.23554679950196,81.03344448232627,-22.466221941384706,-1.7247312099461945e-5,23.838439997146608,-6.071761695850204,-80.4812468801144,83.48399678477216,-22.991114093348695,-1.790169679319365e-5,22.236328125,-7.998046875,-73.388671875,81.03515625,-21.62109375,0.615234375,0.0,8.7890625,-57.12890625,39.55078125,-13.18359375,0.0,-11.3,-14.3,29.5,-14.2,9.0,3.2
5.253018856048584,22.564266572328847,-6.739717611971466,-74.5939158785385,81.3337208440937,-22.564266509372324,-1.740848114432988e-5,23.889940611704805,-6.046057989573322,-80.81439087450173,83.78922338340536,-23.07463709203398,-1.80484800029375e-5,22.236328125,-7.91015625,-73.740234375,81.298828125,-21.62109375,0.615234375,0.0,8.7890625,-57.12890625,39.55078125,-13.18359375,0.0,-11.3,-13.5,28.7,-12.0,8.7,3.2
5.25968599319458,22.65981036541022,-6.683518893203136,-74.95107428494364,81.63468094282308,-22.659810304025253,-1.7566387635026533e-5,23.938835137046276,-6.022295219021547,-81.1459702981138,84.09497702578471,-23.155616847145453,-1.8191684614450795e-5,22.32421875,-7.91015625,-74.091796875,81.650390625,-21.708984375,0.615234375,0.0,8.7890625,-57.12890625,43.9453125,-13.18359375,0.0,-11.3,-14.3,28.7,-11.2,9.5,3.2
5.266352891921997,22.75279823142289,-6.629249043781918,-75.3069578386909,81.93629504778607,-22.752798171607818,-1.7720889077967328e-5,23.985074708704964,-6.000418212936451,-81.47591524242355,84.40122369821842,-23.234000213493402,-1.833117126678167e-5,22.412109375,-7.822265625,-74.53125,81.826171875,-21.796875,0.615234375,8.7890625,8.7890625,-57.12890625,43.9453125,-8.7890625,0.0,-11.3,-13.5,28.8,-14.2,9.8,3.2
5.273019790649414,22.843230158607472,-6.57690259367177,-75.66156226404817,82.23855341317163,-22.843230100360586,-1.787191928284179e-5,24.02866239119501,-5.98042644210716,-81.8042192155637,84.70795266293999,-23.309788352817833,-1.8466881199051813e-5,22.5,-7.734375,-74.8828125,82.08984375,-21.884765625,0.615234375,8.7890625,8.7890625,-52.734375,43.9453125,-8.7890625,0.0,-10.5,-12.7,28.8,-16.6,8.6,3.2
5.27968692779541,22.93113779989172,-6.526450551172022,-76.01489931678924,82.54143880314179,-22.931137743211334,-1.8019458173728017e-5,24.06963387368336,-5.96237148965322,-82.13089620038966,85.01514769614538,-23.38301449517517,-1.8598805428044484e-5,22.67578125,-7.734375,-75.234375,82.353515625,-21.97265625,0.615234375,8.7890625,8.7890625,-52.734375,35.15625,-8.7890625,0.0,-9.4,-13.5,28.8,-19.0,8.6,3.2
5.286353826522827,23.016466952608145,-6.477926794413173,-76.36690384599362,82.84491994464005,-23.01646689749237,-1.816336521097748e-5,24.10794121925244,-5.946197724419874,-82.45587522437178,85.32277317005763,-23.453626436466802,-1.8726807459747973e-5,22.67578125,-7.734375,-75.5859375,82.705078125,-22.060546875,0.615234375,17.578125,8.7890625,-52.734375,35.15625,-17.578125,0.0,-9.4,-13.6,27.9,-18.6,9.7,3.2
5.293020963668823,23.09922137791081,-6.431324029236506,-76.71758387915793,83.14899757097979,-23.099221324357778,-1.8303584692032513e-5,24.143589301739304,-5.931904178252754,-82.77916105646977,85.63082893644035,-23.521628480920604,-1.885083889515133e-5,22.763671875,-7.646484375,-75.9375,83.056640625,-22.236328125,0.615234375,17.578125,8.7890625,-57.12890625,35.15625,-17.578125,0.0,-9.6,-12.8,27.9,-15.0,7.8,3.2
5.299688816070557,23.17943607189753,-6.386611945313888,-77.06696384230075,83.4536657979586,-23.179436019905502,-1.844010876165055e-5,24.176615023644302,-5.919541851021457,-83.10077929292684,85.93931024380676,-23.587056510162213,-1.8970902456653074e-5,22.939453125,-7.55859375,-76.376953125,83.408203125,-22.32421875,0.615234375,13.18359375,4.39453125,-57.12890625,52.734375,-17.578125,0.0,-8.8,-12.8,27.9,-14.2,7.8,3.2
5.306356906890869,23.257057028280073,-6.34382440003947,-77.41497718797493,83.75889193525803,-23.25705697784706,-1.8572798355234424e-5,24.20697060846839,-5.90905502209973,-83.42065737951427,86.24817992047915,-23.64985849740798,-1.9086863962318872e-5,23.02734375,-7.55859375,-76.728515625,83.759765625,-22.412109375,0.615234375,13.18359375,4.39453125,-57.12890625,52.734375,-13.18359375,0.0,-8.0,-12.7,28.0,-15.7,8.1,3.2
5.313023805618286,23.332067244081497,-6.302965684406574,-77.76153250728598,84.06458886486465,-23.332067195205145,-1.8701566644906015e-5,24.234653450079463,-5.900445730617775,-83.7387087497925,86.55734893277605,-23.710022132546094,-1.9198649119880587e-5,23.115234375,-7.55859375,-76.9921875,84.0234375,-22.5,0.615234375,13.18359375,4.39453125,-48.33984375,52.734375,-13.18359375,0.0,-6.9,-12.7,28.0,-15.4,7.0,3.2
5.319690942764282,23.404513713531998,-6.263999284950048,-78.10670443138608,84.37079470462861,-23.40451366621028,-1.8826432912007402e-5,24.259705297187082,-5.893762400325768,-84.05500520852186,86.86685706586903,-23.767593029391374,-1.9306285490034548e-5,23.291015625,-7.55859375,-77.34375,84.462890625,-22.5,0.615234375,17.578125,4.39453125,-48.33984375,48.33984375,-13.18359375,0.0,-6.1,-12.7,28.8,-12.5,7.8,3.2
5.326357841491699,23.474343867097012,-6.226958106707203,-78.4504256580733,84.67747505712671,-23.47434382132771,-1.8947262053433346e-5,24.282079821590234,-5.8889486750205355,-84.36947345774038,87.17666538995704,-23.822520595085535,-1.940964375538337e-5,23.37890625,-7.55859375,-77.783203125,84.814453125,-22.5,0.615234375,17.578125,4.39453125,-48.33984375,48.33984375,-8.7890625,0.0,-5.3,-12.8,28.0,-14.1,9.0,3.2
5.333024978637695,23.54156297189904,-6.1918345322731785,-78.7927037309669,84.98462984856072,-23.541562927680005,-1.9064010404304902e-5,24.301782918381562,-5.886004161295705,-84.68211771928543,87.48677287580902,-23.874810451563892,-1.9508688298467277e-5,23.466796875,-7.470703125,-78.046875,84.990234375,-22.587890625,0.615234375,17.578125,4.39453125,-57.12890625,48.33984375,-8.7890625,0.0,-4.5,-12.0,28.0,-14.7,7.9,3.2
5.339692831039429,23.606206478875798,-6.158599018698165,-79.13356323765049,85.29225412368176,-23.60620643620499,-1.9176684519839148e-5,24.31885116757801,-5.884979036932203,-84.99296364218792,87.79717564040197,-23.924498639729606,-1.960343625078992e-5,23.642578125,-7.470703125,-78.3984375,85.341796875,-22.587890625,0.615234375,17.578125,4.39453125,-57.12890625,48.33984375,-8.7890625,0.0,-2.9,-11.9,28.0,-10.7,7.9,3.2
5.346360921859741,23.66822199225048,-6.127284429050453,-79.47293539721987,85.60031196439729,-23.668221951125666,-1.9285151929938386e-5,24.33323841471112,-5.885816854948026,-85.30193629679535,88.10783309152605,-23.971534727872505,-1.9693761692381337e-5,23.642578125,-7.3828125,-78.75,85.517578125,-22.67578125,0.615234375,17.578125,4.39453125,-57.12890625,48.33984375,-4.39453125,0.0,-3.7,-11.1,27.1,-11.5,8.0,3.2
5.353027820587158,23.727598390258677,-6.097891453005711,-79.81073081471453,85.90871466534148,-23.727598350677283,-1.938934544929167e-5,24.344947600966726,-5.888516932867185,-85.60895175873532,88.41865482775822,-24.015912156122113,-1.9779611051818995e-5,23.73046875,-7.3828125,-79.1015625,85.78125,-22.67578125,0.615234375,17.578125,4.39453125,-52.734375,48.33984375,-4.39453125,0.0,-3.0,-11.1,27.1,-14.6,8.9,3.2
5.359694957733154,23.784380733861347,-6.070385999317698,-80.14702303248845,86.21750167778582,-23.78438069582113,-1.9489295386705414e-5,24.354017786587125,-5.893128388783271,-85.91408034925877,88.72968175117211,-24.05767430839566,-1.9861022558282623e-5,23.73046875,-7.3828125,-79.541015625,86.044921875,-22.67578125,0.615234375,4.39453125,4.39453125,-52.734375,35.15625,-4.39453125,0.0,-3.0,-11.1,27.1,-19.0,9.7,3.2
5.366361856460571,23.838518058851875,-6.044799950469272,-80.48174249488183,86.52663532830454,-23.838518022350428,-1.9584874485338886e-5,24.36040429234957,-5.89959413856992,-86.21724641674069,89.04087145251634,-24.096772186962816,-1.993787638664001e-5,23.73046875,-7.3828125,-79.892578125,86.396484375,-22.67578125,0.615234375,4.39453125,4.39453125,-52.734375,35.15625,-4.39453125,0.0,-3.0,-11.1,26.3,-19.8,10.5,3.2
5.373028993606567,23.890016950990145,-6.021125361399257,-80.81489625982296,86.83611472976466,-23.890016916025164,-1.9676052250702394e-5,24.36411395781072,-5.907914235292554,-86.51845371712096,89.35222200113,-24.133212573142423,-2.0010150635259366e-5,23.73046875,-7.3828125,-80.15625,86.66015625,-22.67578125,0.615234375,4.39453125,0.0,-52.734375,35.15625,-4.39453125,0.0,-3.2,-11.1,27.1,-16.8,10.5,3.2
5.379695892333984,23.93890615880066,-5.999336480588492,-81.14646165734048,87.14589146077279,-23.938906125369726,-1.9762837383496672e-5,24.365182885824115,-5.918136199603762,-86.8176852510243,89.66368573956808,-24.16702671581442,-2.007786708700047e-5,23.73046875,-7.3828125,-80.5078125,87.099609375,-22.67578125,0.615234375,0.0,0.0,-52.734375,48.33984375,0.0,0.0,-3.2,-11.2,26.3,-12.1,10.5,3.2
5.386363983154297,23.98514901427383,-5.979458765770251,-81.47646253189163,87.45601482333541,-23.985148982374817,-1.984513141280152e-5,24.363567063028682,-5.930205817656209,-87.11494942610268,89.9753075707724,-24.198175600152258,-2.0140929993077933e-5,23.818359375,-7.3828125,-80.859375,87.36328125,-22.67578125,0.615234375,0.0,0.0,-52.734375,48.33984375,0.0,0.0,-2.4,-11.2,26.4,-11.3,11.2,3.2
5.39303183555603,24.028738788965455,-5.961490273499993,-81.8048108877029,87.76639487817988,-24.028738758595896,-1.9922886063378776e-5,24.35927355691699,-5.944120284134807,-87.41016424907788,90.2869959859207,-24.226656940460902,-2.019930530308429e-5,23.818359375,-7.3828125,-81.2109375,87.626953125,-22.763671875,0.615234375,0.0,0.0,-48.33984375,48.33984375,0.0,0.0,-2.3,-11.2,25.6,-14.4,10.5,3.2
5.399698972702026,24.069705970143495,-5.94540436404907,-82.13148516585903,88.07698342677165,-24.069705941300857,-1.9996120065376576e-5,24.35233997918178,-5.959925213401888,-87.70331410483972,90.59870363331004,-24.252503630097173,-2.02530247758639e-5,23.818359375,-7.3828125,-81.5625,87.890625,-22.8515625,0.615234375,4.39453125,0.0,-48.33984375,43.9453125,-8.7890625,0.0,-2.3,-11.2,25.6,-18.2,10.5,3.2
5.40636682510376,24.10801282804221,-5.931227260672939,-82.4565068752871,88.38782820110717,-24.108012800724214,-2.0064737082129828e-5,24.342721320476695,-5.977567263661156,-87.99440479322354,90.91047359507509,-24.27567559151754,-2.0301995408050112e-5,23.818359375,-7.3828125,-81.826171875,88.154296875,-22.939453125,0.615234375,4.39453125,0.0,-48.33984375,43.9453125,-8.7890625,0.0,-2.3,-11.2,26.4,-19.8,9.5,3.2
5.413033962249756,24.143656258742737,-5.918954627943873,-82.77978970792427,88.69883855766123,-24.1436562329468,-2.0128701207621177e-5,24.33042819165883,-5.997041802710126,-88.28335653655435,91.22221382895174,-24.296174122939277,-2.0346195833922535e-5,23.818359375,-7.3828125,-82.177734375,88.505859375,-23.115234375,0.615234375,4.39453125,0.0,-52.734375,43.9453125,-8.7890625,0.0,-2.4,-10.4,26.4,-16.8,7.7,3.2
5.419700860977173,24.17667275417995,-5.908557738271499,-83.10135901093247,89.01001111614586,-24.176672729903636,-2.0188048961100403e-5,24.31549714729777,-6.018395669280375,-88.5701958936994,91.53392193423542,-24.314035867867428,-2.038567258191321e-5,23.73046875,-7.3828125,-82.529296875,88.9453125,-23.203125,0.615234375,-4.39453125,0.0,-52.734375,48.33984375,-17.578125,0.0,-3.2,-10.3,26.4,-14.9,6.9,3.2
5.426381826400757,24.207078135683506,-5.900049984006157,-83.42184889326259,89.32199337791488,-24.20707811292758,-2.0242785060235712e-5,24.29784420568584,-6.041623495306657,-88.85547254912781,91.84624085483435,-24.329245010619047,-2.0420395595886718e-5,23.73046875,-7.3828125,-82.79296875,89.208984375,-23.291015625,0.615234375,-4.39453125,0.0,-52.734375,48.33984375,-17.578125,0.0,-3.2,-10.3,26.4,-15.7,7.1,3.2
5.433051824569702,24.23476429940898,-5.893455521366182,-83.74004175131748,89.6335918950972,-24.234764278168527,-2.029269068876738e-5,24.277544704819945,-6.066639559028898,-89.13810021217049,92.15797464044428,-24.34175149957091,-2.0450231506731736e-5,23.642578125,-7.3828125,-83.232421875,89.560546875,-23.291015625,0.615234375,-4.39453125,0.0,-48.33984375,48.33984375,-17.578125,0.0,-4.2,-10.3,25.6,-15.2,7.2,3.2
5.439730882644653,24.259848971027463,-5.888726488400058,-84.0568956768848,89.94571689803156,-24.259848951302146,-2.0337955738535377e-5,24.25457562353038,-6.093560717242603,-89.41893401715052,92.47003486228499,-24.351628643965444,-2.047532111852311e-5,23.642578125,-7.3828125,-83.583984375,89.912109375,-23.291015625,0.615234375,-4.39453125,0.0,-48.33984375,48.33984375,-4.39453125,0.0,-4.2,-10.4,25.6,-14.2,7.2,3.2
5.44639778137207,24.28220436666703,-5.885908584138925,-84.37135086551626,90.25735428072505,-24.282204348451685,-2.0378330855965533e-5,24.22896510273919,-6.122244212945837,-89.69701968383865,92.78140223598967,-24.358797906318465,-2.0495487983837616e-5,23.642578125,-7.3828125,-83.84765625,90.17578125,-23.291015625,0.615234375,-4.39453125,0.0,-48.33984375,48.33984375,-4.39453125,0.0,-4.2,-10.4,25.5,-15.8,7.2,3.2
5.453064918518066,24.301893108760677,-5.884978185421329,-84.68398520686809,90.5690583099356,-24.301893092052964,-2.0413911112544713e-5,24.2006898816213,-6.15273958503815,-89.9728692317957,93.09263036391675,-24.3632947760573,-2.0510800451248e-5,23.642578125,-7.3828125,-84.19921875,90.52734375,-23.291015625,0.615234375,-4.39453125,0.0,-52.734375,48.33984375,-4.39453125,0.0,-3.1,-9.6,25.5,-18.0,7.2,3.2
5.4597327709198,24.318946997194622,-5.885910372364174,-84.99482110210923,90.88082646707846,-24.31894698199235,-2.044473851233457e-5,24.16978152067339,-6.185088379123428,-90.2465057093485,93.40371727929632,-24.36515104888871,-2.0521309769421203e-5,23.642578125,-7.3828125,-84.55078125,90.87890625,-23.291015625,0.615234375,0.0,0.0,-52.734375,48.33984375,0.0,0.0,-3.1,-9.5,25.5,-17.6,7.2,3.2
5.466400861740112,24.33331508859773,-5.888736792931597,-85.30378021850248,91.19261206714657,-24.33331507489858,-2.0470707700481752e-5,24.136195952648144,-6.219234165926898,-90.51784424545649,93.71461063886355,-24.364317832473876,-2.052692144486997e-5,23.642578125,-7.3828125,-84.814453125,91.23046875,-23.291015625,0.615234375,0.0,0.0,-52.734375,48.33984375,0.0,0.0,-3.1,-8.7,25.6,-16.8,7.2,3.2
5.473068952560425,24.345011762596314,-5.893443439218288,-85.61084012920013,91.50437867544241,-24.345011750397916,-2.0491833310642235e-5,24.099952551407455,-6.255176162677281,-90.78686464886823,94.02527333453608,-24.360811107505825,-2.052766139303988e-5,23.5546875,-7.3828125,-85.166015625,91.494140625,-23.291015625,0.615234375,0.0,0.0,-43.9453125,48.33984375,0.0,0.0,-3.2,-8.7,24.8,-15.0,7.2,3.2
5.479735851287842,24.3540668578563,-5.900003686955662,-85.91594713652822,91.81604597014895,-24.354066847156076,-2.050816045139258e-5,24.061092828727723,-6.2929448355168525,-91.05352365369941,94.33562591247258,-24.354664465683506,-2.0523588780148127e-5,23.5546875,-7.3828125,-85.517578125,91.93359375,-23.291015625,0.615234375,-4.39453125,0.0,-43.9453125,52.734375,0.0,0.0,-3.2,-8.7,24.8,-12.4,7.2,3.2
5.486402988433838,24.360433906645245,-5.908449569108884,-86.2191096464177,92.12765438995201,-24.360433897440906,-2.0519597562854618e-5,24.019563704701678,-6.332493584630007,-91.31781241777995,94.64570272134308,-24.34582919064175,-2.0514617692507258e-5,23.5546875,-7.3828125,-85.869140625,92.197265625,-23.291015625,0.615234375,-4.39453125,0.0,-43.9453125,52.734375,0.0,0.0,-3.2,-8.7,24.7,-14.0,7.2,3.2
5.493070840835571,24.364129020263768,-5.9187673118151904,-86.52033819312632,92.43920069531427,-24.364129012553164,-2.052616896960113e-5,23.975381141342304,-6.373825407876913,-91.57973981225365,94.95549969824664,-24.334321341408994,-2.0500781375987917e-5,23.5546875,-7.3828125,-86.1328125,92.548828125,-23.291015625,0.615234375,-4.39453125,0.0,-48.33984375,52.734375,0.0,0.0,-2.3,-7.9,24.7,-13.8,7.2,3.2
5.499737977981567,24.365182880612863,-5.930929349406099,-86.8195691296152,92.75059367366227,-24.365182874393565,-2.0527927792134893e-5,23.928589148305974,-6.416967397431284,-91.83925431956173,95.26492660935837,-24.320175858899518,-2.0482147379216464e-5,23.5546875,-7.3828125,-86.484375,92.8125,-23.291015625,0.615234375,0.0,0.0,-48.33984375,43.9453125,0.0,0.0,-2.3,-7.0,24.7,-13.4,7.2,3.2
5.506404876708984,24.36354742576865,-5.94496677731731,-87.11676508235703,93.0618270466913,-24.36354742103832,-2.0524785719362168e-5,23.87914017558537,-6.461867903084789,-92.09630679827849,95.57397104189569,-24.30334466633007,-2.0458636492546334e-5,23.5546875,-7.3828125,-86.8359375,93.076171875,-23.291015625,0.615234375,0.0,0.0,-48.33984375,43.9453125,0.0,0.0,-1.5,-7.0,23.9,-15.8,7.2,3.2
5.513071775436401,24.359239997966988,-5.960864522765621,-87.41192654689883,93.37288623724297,-24.359239994723364,-2.0516775770828976e-5,23.827053147819896,-6.508527604061099,-92.35089783721244,95.88261770570911,-24.2838455844695,-2.043029119024466e-5,23.5546875,-7.3828125,-87.099609375,93.33984375,-23.291015625,0.615234375,0.0,0.0,-48.33984375,43.9453125,0.0,0.0,-1.5,-7.0,23.9,-15.6,7.2,3.2
5.5197389125823975,24.35229204241419,-5.978597781482555,-87.70506527499053,93.68375819294029,-24.3522920406551,-2.050395867974209e-5,23.77236084066154,-6.5569828291542365,-92.603041616705,96.19085404993152,-24.26171048702347,-2.039718112489433e-5,23.5546875,-7.3828125,-87.451171875,93.69140625,-23.291015625,0.615234375,0.0,0.0,-48.33984375,39.55078125,0.0,0.0,-0.7,-6.3,24.0,-14.2,6.4,3.2
5.526408910751343,24.342650612390987,-5.998204938439,-87.99623422659799,93.99453425848981,-24.342650612114817,-2.0486243664364022e-5,23.71499580154025,-6.6071993594193605,-92.85276577163033,96.4987639999232,-24.236881601890264,-2.0359218645166116e-5,23.5546875,-7.3828125,-87.71484375,93.955078125,-23.291015625,0.615234375,0.0,0.0,-48.33984375,39.55078125,0.0,0.0,-0.7,-5.5,24.0,-15.8,6.3,3.2
5.533077001571655,24.330340395636057,-6.019656106563602,-88.28521515106551,94.30496629627946,-24.33034039684017,-2.0463683558281623e-5,23.655020189093477,-6.65914041193796,-93.09988343329175,96.806100806508,-24.209395495272588,-2.0316480972475545e-5,23.5546875,-7.3828125,-88.06640625,94.21875,-23.291015625,0.615234375,0.0,0.0,-48.33984375,39.55078125,0.0,0.0,0.2,-5.5,23.2,-15.5,6.4,3.2
5.539745807647705,24.315389293555512,-6.042933579419837,-88.57212392950734,94.61515248111695,-24.3153892962379,-2.0436338621180645e-5,23.59244619570447,-6.712858511023992,-93.34449826525679,97.11296209188686,-24.179275055087984,-2.026902962022397e-5,23.5546875,-7.3828125,-88.41796875,94.658203125,-23.291015625,0.615234375,0.0,0.0,-48.33984375,48.33984375,0.0,0.0,0.2,-4.6,22.2,-10.7,6.4,3.2
5.546424865722656,24.29772029663257,-6.0681054686010665,-88.85730204797063,94.92550241031074,-24.297720300793294,-2.0404081040367637e-5,23.527133455116022,-6.768380215415029,-93.58688128900471,97.41974561862592,-24.146422835394638,-2.0216719821858895e-5,23.5546875,-7.3828125,-88.59375,94.833984375,-23.291015625,0.615234375,0.0,0.0,-48.33984375,48.33984375,0.0,0.0,0.2,-4.6,22.2,-9.9,5.6,3.2
5.553092002868652,24.277414594412463,-6.095069008816583,-89.13979625603599,95.23496006852062,-24.27741460004672,-2.0367072801560038e-5,23.459324682093488,-6.825519736857689,-93.82622403089661,97.72540691324906,-24.11097144581605,-2.0159789590153136e-5,23.5546875,-7.3828125,-88.9453125,95.09765625,-23.291015625,0.615234375,0.0,0.0,-43.9453125,48.33984375,0.0,0.0,-0.0,-4.6,22.2,-12.6,5.5,3.2
5.559762954711914,24.254460244307676,-6.123859452046696,-89.42027833031356,95.54423248429427,-24.254460251414173,-2.0325307262491593e-5,23.38889883054136,-6.884437695361266,-94.0631014028296,98.0306449847531,-24.072874135705092,-2.00981938781708e-5,23.5546875,-7.3828125,-89.296875,95.361328125,-23.291015625,0.615234375,0.0,0.0,-43.9453125,39.55078125,0.0,0.0,-0.0,-3.9,21.5,-18.3,4.7,3.2
5.5664308071136475,24.228830487081275,-6.154477908913905,-89.69839072077085,95.85296321811752,-24.228830495657174,-2.0278755282704873e-5,23.315883399094126,-6.94501989430303,-94.29719202107349,98.33510071869226,-24.032121181424095,-2.0031936185949694e-5,23.5546875,-7.3828125,-89.47265625,95.625,-23.291015625,0.615234375,0.0,0.0,-43.9453125,39.55078125,0.0,0.0,-0.0,-3.9,22.3,-19.9,4.7,3.2
5.5730979442596436,24.200543420425824,-6.1869128058935985,-89.97423022025313,96.16123748940478,-24.200543430468823,-2.0227469439749526e-5,23.24028288987092,-7.007285234883241,-94.52858063266075,98.63885790533507,-23.98872628029646,-1.996107088898098e-5,23.5546875,-7.3828125,-89.736328125,95.9765625,-23.291015625,0.615234375,0.0,0.0,-39.55078125,39.55078125,0.0,0.0,-0.0,-3.1,22.3,-16.0,4.8,3.2
5.5797648429870605,24.169627793267644,-6.221141611535175,-90.24781754592796,96.46905348401468,-24.1696278047756,-2.017152278044801e-5,23.162125855735447,-7.071264179303855,-94.7572891388516,98.94191488422747,-23.942718065295622,-1.9885677932960508e-5,23.5546875,-7.3828125,-90.087890625,96.416015625,-23.291015625,0.615234375,0.0,0.0,-39.55078125,43.9453125,0.0,0.0,-0.0,-2.2,22.5,-14.1,3.9,3.2
5.586431980133057,24.136031937919935,-6.257196554977118,-90.51910418966618,96.77639492274702,-24.136031950890768,-2.0110848170426558e-5,23.081362727299407,-7.136908353626987,-94.9832571437322,99.24424806025354,-23.89404523917929,-1.9805701234712557e-5,23.5546875,-7.3828125,-90.3515625,96.6796875,-23.291015625,0.615234375,0.0,0.0,-39.55078125,43.9453125,0.0,0.0,-0.0,-2.2,21.7,-16.5,3.1,3.2
5.59309983253479,24.099778745478403,-6.295058931314863,-90.78810524584279,97.08325819519106,-24.099778759910166,-2.0045512482227203e-5,22.998016537983688,-7.204220470182849,-95.20650011593995,99.54585336944878,-23.84273065383521,-1.972121476466216e-5,23.5546875,-7.3828125,-90.615234375,96.943359375,-23.291015625,0.615234375,0.0,0.0,-43.9453125,43.9453125,0.0,0.0,-0.0,-1.4,21.7,-16.2,3.1,3.2
5.599768877029419,24.060895140528796,-6.3347073543152925,-91.05483999270807,97.38964119350119,-24.060895156419665,-1.997559068567853e-5,22.912114170258327,-7.273230633465573,-95.42703846469117,99.84672868844302,-23.7888011473993,-1.963229997756873e-5,23.5546875,-7.3828125,-90.966796875,97.3828125,-23.291015625,0.615234375,0.0,0.0,-43.9453125,52.734375,0.0,0.0,0.8,-0.6,21.4,-15.0,2.3,3.2
5.6064369678497314,24.01934413164285,-6.376158398664718,-91.31915225954336,97.69540432150553,-24.019344148990484,-1.9901049650958212e-5,22.823639737034394,-7.3438636410792375,-95.64472240885613,100.14672899488056,-23.732226150151646,-1.953894265185113e-5,23.5546875,-7.3828125,-91.494140625,97.91015625,-23.291015625,0.615234375,0.0,0.0,-43.9453125,52.734375,0.0,0.0,1.8,0.2,20.6,-12.8,2.4,3.2
5.616023778915405,23.955003140995363,-6.438858250452532,-91.69499910570649,98.13395073608199,-23.955003160433762,-1.978597482991523e-5,22.691997759021067,-7.448288797998433,-95.95277542349899,100.57654444175029,-23.646321473660766,-1.9397134053849968e-5,23.5546875,-7.3828125,-91.58203125,97.998046875,-23.291015625,0.615234375,0.0,0.0,-43.9453125,43.9453125,0.0,0.0,1.8,0.2,19.8,-12.0,2.4,3.2
5.622690916061401,23.907001250073648,-6.484653205656451,-91.9534009127653,98.43814728714815,-23.907001270963477,-1.9700402426446724e-5,22.597312241034636,-7.522878557594739,-96.16349529903397,100.87435015681926,-23.58335079633602,-1.9293208613829227e-5,23.5546875,-7.3828125,-91.845703125,98.349609375,-23.291015625,0.615234375,0.0,0.0,-43.9453125,43.9453125,0.0,0.0,2.6,0.1,19.9,-10.8,0.6,3.2
5.629357814788818,23.85639205271879,-6.532196539497839,-92.20937420960948,98.74166369535632,-23.856392075057904,-1.961043288031518e-5,22.500123198945797,-7.599085008600614,-96.37135978150306,101.17121751855998,-23.51779699612035,-1.918508887103714e-5,23.5546875,-7.3828125,-92.109375,98.61328125,-23.291015625,0.615234375,0.0,0.0,-43.9453125,43.9453125,0.0,0.0,3.4,0.1,19.9,-14.7,-0.2,3.2
5.6360249519348145,23.803172539163057,-6.581486726233817,-92.46291102341246,99.04449046215002,-23.803172562949406,-1.9516098739529795e-5,22.4004289478992,-7.6768977953882676,-96.57635760163836,101.46713409931128,-23.449657291831464,-1.9072815092818794e-5,23.5546875,-7.3828125,-92.373046875,98.876953125,-23.291015625,0.615234375,0.0,0.0,-39.55078125,39.55078125,0.0,0.0,3.4,0.1,19.9,-15.5,-0.1,3.2
5.6426918506622314,23.74727742243209,-6.63256158450997,-92.71389984452864,99.34655389627667,-23.74727744766345,-1.941733318980046e-5,22.298175399891203,-7.756276837252665,-96.77836951990818,101.76201711871497,-23.378869528469536,-1.895633682952326e-5,23.5546875,-7.3828125,-92.63671875,99.052734375,-23.291015625,0.615234375,0.0,0.0,-39.55078125,39.55078125,0.0,0.0,5.0,-0.0,19.2,-18.8,-0.0,3.2
5.6493589878082275,23.688782720639455,-6.6853665240470255,-92.96240646007385,99.64786519492917,-23.688782747313756,-1.9314304319852865e-5,22.19343684120006,-7.837240537067646,-96.97747120315299,102.05588272961816,-23.305509245009087,-1.8835823268094977e-5,23.5546875,-7.3828125,-92.900390625,99.4921875,-23.291015625,0.615234375,0.0,0.0,-39.55078125,39.55078125,0.0,0.0,5.8,-0.0,20.0,-18.7,-0.0,3.2
5.6560258865356445,23.627693780987663,-6.739892135544458,-93.20838657814065,99.94837065695258,-23.627693809102713,-1.9207064794176976e-5,22.08622687365505,-7.9197661840820075,-97.17362242311003,102.34867531397013,-23.229584229506358,-1.8711337021224212e-5,23.5546875,-7.3828125,-93.076171875,99.755859375,-23.291015625,0.615234375,0.0,0.0,-35.15625,43.9453125,0.0,0.0,6.7,-0.0,20.0,-16.3,-0.0,3.2
5.6626927852630615,23.563940741089688,-6.796180016611616,-93.45175393448004,100.24802561544047,-23.56394077064325,-1.9095548529608822e-5,21.97648253579768,-8.00382171471429,-97.36672450318105,102.64034023199223,-23.1510263434762,-1.85828267880977e-5,23.5546875,-7.3828125,-93.427734375,100.1953125,-23.291015625,0.615234375,0.0,0.0,-35.15625,43.9453125,0.0,0.0,7.5,-0.0,19.1,-13.2,-0.0,3.2
5.669359922409058,23.497601398165834,-6.854173979039856,-93.69256690325501,100.54683225671192,-23.49760142915578,-1.8979928130079274e-5,21.864281433918013,-8.089421301705416,-97.556847699137,102.93088505433738,-23.069913404925835,-1.8450465803994675e-5,23.5546875,-7.3828125,-93.603515625,100.458984375,-23.291015625,0.615234375,0.0,0.0,-35.15625,43.9453125,0.0,0.0,9.1,0.8,19.1,-15.2,-0.0,3.2
5.676026821136475,23.42868225658545,-6.91386347795328,-93.93078155372152,100.84473610520824,-23.428682289009505,-1.8860263262547862e-5,21.749638606093548,-8.176540788395133,-97.74395265133569,103.220253471088,-22.98625444001819,-1.8314323270878732e-5,23.5546875,-7.3828125,-93.8671875,100.72265625,-23.291015625,0.615234375,0.0,0.0,-39.55078125,52.734375,0.0,0.0,10.0,1.6,19.1,-15.2,-0.0,3.2
5.682693958282471,23.357111922809125,-6.975290813833261,-94.16631795757345,101.14169953283692,-23.357111956665037,-1.8736494191861226e-5,21.632488662099483,-8.265151050491557,-97.92794573171523,103.50839742858656,-22.899979461161518,-1.8174353932686743e-5,23.5546875,-7.3828125,-94.130859375,101.162109375,-23.291015625,0.615234375,0.0,0.0,-39.55078125,52.734375,0.0,0.0,10.8,2.7,19.2,-13.6,-0.0,3.2
5.689360857009888,23.282975931296992,-7.038393255908566,-94.39921111987337,101.43769481428785,-23.28297596658243,-1.8608807458279285e-5,21.51292169230189,-8.355255135136556,-98.10887964547312,103.79529575231655,-22.811175564667266,-1.8030745557512505e-5,23.5546875,-7.3828125,-94.306640625,101.42578125,-23.291015625,0.615234375,0.0,0.0,-39.55078125,52.734375,0.0,0.0,12.4,3.5,20.0,-15.2,-0.8,3.2
5.696027994155884,23.20627135457968,-7.103168116901948,-94.629450826273,101.73270904795847,-23.206271391292372,-1.847725116090591e-5,21.390937093295282,-8.446840313443127,-98.28674184728361,104.08093250848349,-22.719840333420766,-1.7883553055942468e-5,23.5546875,-7.3828125,-94.5703125,101.689453125,-23.291015625,0.615234375,0.0,0.0,-35.15625,43.9453125,0.0,0.0,13.2,4.3,19.2,-14.4,-0.9,3.2
5.702694892883301,23.126938723955874,-7.169646932986118,-94.85692201376166,102.02665870680055,-23.126938762093335,-1.8341795061293524e-5,21.266488651361318,-8.539864293525554,-98.46141165757118,104.3652149591326,-22.62591802045314,-1.773276311139792e-5,23.466796875,-7.3828125,-94.833984375,101.953125,-23.291015625,0.615234375,0.0,0.0,-35.15625,43.9453125,0.0,0.0,13.2,5.1,18.4,-14.4,-2.6,3.2
5.709361791610718,23.045055888029573,-7.237773665823491,-95.08168685780991,102.31954992831149,-23.045055927589402,-1.8202612225293404e-5,21.139653722940018,-8.634337920625144,-98.63296368884942,104.64815508000669,-22.529486420591564,-1.7578547140349527e-5,23.37890625,-7.470703125,-95.009765625,102.216796875,-23.291015625,0.615234375,0.0,0.0,-35.15625,43.9453125,0.0,0.0,14.0,5.1,19.2,-15.2,-4.2,3.2
5.716028928756714,22.96062285926319,-7.307542757740682,-95.30372631555223,102.61135811199067,-22.960622900242974,-1.805976029007742e-5,21.010436619660858,-8.73024436025366,-98.80137883057525,104.92972559091001,-22.430546686466798,-1.7420969801895e-5,23.291015625,-7.470703125,-95.2734375,102.568359375,-23.291015625,0.615234375,0.0,-4.39453125,-35.15625,43.9453125,0.0,0.0,13.8,5.9,18.4,-13.6,-4.2,3.2
5.722695827484131,22.87358229226504,-7.378983437251684,-95.52292432165576,102.90199642082361,-22.87358233466214,-1.7913221411462267e-5,20.87879398686909,-8.827540649728038,-98.9665362269737,105.20983046905764,-22.3290454124363,-1.726003014337644e-5,23.203125,-7.470703125,-95.537109375,102.83203125,-23.291015625,0.615234375,-13.18359375,-4.39453125,-35.15625,43.9453125,0.0,0.0,13.8,6.6,18.3,-13.4,-5.8,3.2
5.729362964630127,22.784008664885103,-7.4520425015134215,-95.73935258891755,103.19148336511284,-22.784008708697005,-1.7763162067766446e-5,20.74479805058196,-8.92623949651676,-99.12851830589271,105.48849391197365,-22.22505646760569,-1.709589141181681e-5,23.02734375,-7.55859375,-95.80078125,103.18359375,-23.291015625,0.615234375,-13.18359375,-4.39453125,-35.15625,43.9453125,0.0,0.0,13.8,6.6,17.5,-14.4,-6.5,3.2
5.736029863357544,22.691912189777664,-7.526705727526107,-95.9529686760759,103.47976228068148,-22.69191223500167,-1.760966107913034e-5,20.60846842707852,-9.026312435210624,-99.28728886916014,105.7656578183944,-22.118592856971578,-1.6928640484489736e-5,22.939453125,-7.646484375,-95.9765625,103.359375,-23.291015625,0.615234375,-13.18359375,-4.39453125,-35.15625,43.9453125,0.0,0.0,13.6,6.6,17.5,-14.4,-6.5,3.2
5.74269700050354,22.59722458921774,-7.6030105999001165,-96.16368619691116,103.76678426568236,-22.597224635851113,-1.7452691046310776e-5,20.469745253836276,-9.127730208198033,-99.44274978206168,106.0412625776867,-22.009588414100833,-1.6758264782667957e-5,22.763671875,-7.646484375,-96.240234375,103.7109375,-23.291015625,0.615234375,-17.578125,-4.39453125,-35.15625,43.9453125,0.0,0.0,12.8,7.3,16.6,-13.6,-8.1,3.2
5.749363899230957,22.500033470604947,-7.680893404173329,-96.37154830726517,104.0525287618988,-22.50003351864487,-1.7292438577051056e-5,20.32872000545522,-9.230489415033107,-99.59496298528393,106.31529517912145,-21.898132145434005,-1.658494857678139e-5,22.587890625,-7.734375,-96.416015625,103.974609375,-23.291015625,0.615234375,-17.578125,-4.39453125,-35.15625,43.9453125,0.0,0.0,12.0,7.3,16.6,-14.4,-9.7,3.2
5.756030797958374,22.400340084732736,-7.760346879729387,-96.5765356752322,104.33696917685616,-22.400340134176354,-1.712897118257297e-5,20.18539890717268,-9.334571161910127,-99.74391004007471,106.58772654299217,-21.784226655875432,-1.6408765387434746e-5,22.412109375,-7.822265625,-96.6796875,104.23828125,-23.203125,0.615234375,-17.578125,-13.18359375,-35.15625,43.9453125,0.0,0.0,11.9,7.3,16.6,-14.4,-9.1,3.2
5.76269793510437,22.298080851006,-7.841403910457719,-96.77855244341897,104.62004253683796,-22.29808090185033,-1.69622779707022e-5,20.039729213279802,-9.43994256565392,-99.88948609652272,106.85848338432771,-21.667811243281484,-1.622971963716106e-5,22.236328125,-7.998046875,-96.85546875,104.58984375,-22.939453125,0.615234375,-30.76171875,-13.18359375,-35.15625,43.9453125,4.39453125,0.0,11.1,7.2,16.8,-13.6,-7.9,3.2
5.769364833831787,22.193344022861996,-7.924000547676186,-96.977644624398,104.90173090613834,-22.19334407510398,-1.6792543931154713e-5,19.891802746727834,-9.546597995294853,-100.03175625979455,107.12755568659645,-21.54897549104101,-1.6047992724885407e-5,21.97265625,-8.0859375,-97.03125,104.853515625,-22.8515625,0.615234375,-30.76171875,-13.18359375,-26.3671875,43.9453125,4.39453125,0.0,10.3,7.2,16.8,-15.2,-7.9,3.2
5.776031970977783,22.086127540943643,-8.008131734522136,-97.1737996509722,105.18201666073232,-22.086127594580198,-1.6619834580774265e-5,19.741621231491376,-9.654521544700488,-100.17070729103908,107.39492299678963,-21.4277183053969,-1.586365529524463e-5,21.884765625,-8.173828125,-97.294921875,105.1171875,-22.67578125,0.615234375,-30.76171875,-13.18359375,-26.3671875,39.55078125,4.39453125,0.0,10.1,7.2,16.0,-13.6,-6.3,3.2
5.7826988697052,21.97638116479736,-8.093819091855638,-97.36689926174803,105.46080315993521,-21.97638121982515,-1.6444168943238617e-5,19.58915069274861,-9.763668618458107,-100.30621897268284,107.66047983315337,-21.303994084625817,-1.5676742727732717e-5,21.708984375,-8.26171875,-97.470703125,105.380859375,-22.5,0.615234375,-26.3671875,-13.18359375,-26.3671875,39.55078125,30.76171875,0.0,10.1,7.2,15.9,-12.5,-6.9,3.2
5.789365768432617,21.864182083898697,-8.181007636263296,-97.55701322108564,105.73810518504723,-21.8641821403144,-1.626571078264442e-5,19.434466956964286,-9.874042982333041,-100.43837426900367,107.92424787789625,-21.177879766869893,-1.5487412821520074e-5,21.62109375,-8.349609375,-97.734375,105.64453125,-22.412109375,0.615234375,-26.3671875,-13.18359375,-26.3671875,39.55078125,30.76171875,0.0,10.1,7.2,15.1,-14.4,-7.7,3.2
5.796032905578613,21.749532508546846,-8.269688549088281,-97.74412158292998,106.01389397141041,-21.749532566347096,-1.6084535447475164e-5,19.27757790406622,-9.985624131185787,-100.56715508123565,108.18619613296696,-21.0493791478639,-1.5295745957286845e-5,21.533203125,-8.4375,-97.91015625,105.908203125,-22.32421875,0.615234375,-26.3671875,-13.18359375,-35.15625,39.55078125,30.76171875,0.0,11.3,7.2,15.1,-13.6,-7.5,3.2
5.80269980430603,21.63238478835479,-8.359880727283267,-97.92810561769267,106.28806968625283,-21.6323848475359,-1.5900673946155183e-5,19.118452910311177,-10.098367080009373,-100.69244176916632,108.44621613790245,-20.918449458901026,-1.5101789120058136e-5,21.4453125,-8.525390625,-98.0859375,106.259765625,-22.236328125,0.615234375,-13.18359375,-13.18359375,-35.15625,39.55078125,13.18359375,0.0,12.1,7.2,14.3,-12.0,-8.8,3.2
5.809366941452026,21.512811578031002,-8.45153288186724,-98.10904351065409,106.56065922620462,-21.51281163858939,-1.5714279088395927e-5,18.95716147327284,-10.212277832508756,-100.8143237091537,108.7043414734205,-20.78516254382345,-1.4905687806526166e-5,21.26953125,-8.701171875,-98.26171875,106.5234375,-22.1484375,0.615234375,-13.18359375,-13.18359375,-26.3671875,39.55078125,13.18359375,0.0,11.3,7.2,14.3,-14.4,-8.9,3.2
5.816033840179443,21.390828738961012,-8.544625376884376,-98.28689601124852,106.83160370485649,-21.39082880089286,-1.5525449935893903e-5,18.793729901425465,-10.327322795306337,-100.93277036661677,108.96051277878284,-20.649537428611282,-1.4707546531670516e-5,21.181640625,-8.7890625,-98.4375,106.69921875,-22.060546875,0.615234375,-13.18359375,-17.578125,-26.3671875,39.55078125,13.18359375,0.0,12.1,7.2,14.3,-13.6,-8.1,3.2
5.8227009773254395,21.266373893939434,-8.639187609885328,-98.46156952950537,107.1008389295933,-21.26637395724078,-1.5334202144363232e-5,18.62810766363267,-10.44347315500099,-101.04767983367171,109.21465539050726,-20.511514910490916,-1.4507395179134448e-5,21.09375,-8.876953125,-98.701171875,107.138671875,-21.884765625,0.615234375,-17.578125,-17.578125,-26.3671875,39.55078125,17.578125,0.0,12.9,8.0,13.4,-12.8,-9.5,3.2
5.8293678760528564,21.13953699050136,-8.735155384598388,-98.63311896548096,107.36835560459973,-21.139537055168145,-1.5140710725919258e-5,18.460387118422428,-10.560716560955084,-101.1591267781848,109.46676913986327,-20.37118599310146,-1.430540173095868e-5,21.09375,-8.96484375,-98.876953125,107.314453125,-21.796875,0.615234375,-17.578125,-17.578125,-30.76171875,39.55078125,17.578125,0.0,13.7,8.0,12.6,-14.6,-9.8,3.2
5.836034774780273,21.01032194515365,-8.832517892936396,-98.8015246742297,107.63412327690456,-21.01032201118171,-1.4945057980716577e-5,18.290578431427214,-10.679030850837371,-101.26709447314686,109.71682178967342,-20.228556390320996,-1.410165231930794e-5,21.09375,-9.052734375,-99.052734375,107.578125,-21.62109375,0.615234375,-17.578125,-13.18359375,-30.76171875,43.9453125,17.578125,0.0,15.5,8.0,12.6,-13.0,-8.2,3.2
5.8427019119262695,20.878672682667982,-8.931298847508666,-98.96668538653479,107.89806438973494,-20.878672750052957,-1.4747276824254257e-5,18.118639690982267,-10.798383327933117,-101.37147645399178,109.96472605078068,-20.083573960993174,-1.389619400885416e-5,21.005859375,-9.228515625,-99.140625,107.841796875,-21.4453125,0.615234375,-4.39453125,-13.18359375,-30.76171875,43.9453125,17.578125,0.0,16.3,7.2,12.8,-12.6,-8.6,3.2
5.8493688106536865,20.744679632793744,-9.031434146577979,-99.12865907686957,108.16017281622445,-20.744679701531137,-1.45475373391661e-5,17.94466324845782,-10.918759435467969,-101.47235058886525,110.21048535083426,-19.936330071955304,-1.3689188792203114e-5,20.91796875,-9.31640625,-99.31640625,108.10546875,-21.26953125,0.615234375,-4.39453125,-13.18359375,-21.97265625,43.9453125,17.578125,0.0,17.1,8.0,12.8,-14.4,-8.0,3.2
5.856037855148315,20.60830316233934,-9.132944978544348,-99.28747664189845,108.42050064131618,-20.60830323242499,-1.4345859288298564e-5,17.76860328207383,-11.0401756022331,-101.56973137902499,110.4541448215033,-19.786782770243104,-1.3480657503916892e-5,20.830078125,-9.404296875,-99.4921875,108.369140625,-21.09375,0.615234375,-4.39453125,-17.578125,-21.97265625,39.55078125,17.578125,0.0,17.1,8.0,12.0,-12.0,-6.4,3.2
5.862707853317261,20.469517402335892,-9.235831477453086,-99.44299999095671,108.6789099083552,-20.469517473765112,-1.4142328268451655e-5,17.590457574432417,-11.162573897994644,-101.66348960406549,110.69556046503362,-19.634913260626245,-1.3270701099168228e-5,20.654296875,-9.580078125,-99.66796875,108.6328125,-21.005859375,0.615234375,-17.578125,-17.578125,-21.97265625,39.55078125,26.3671875,0.0,17.9,7.2,11.8,-11.8,-8.7,3.2
5.869374990463257,20.32848367010119,-9.339977679474547,-99.59521377300604,108.93526930316224,-20.32848374286851,-1.3937211291402786e-5,17.410408379940783,-11.285876210832827,-101.75366091861247,110.93461959517012,-19.480890173380498,-1.3059580515047887e-5,20.56640625,-9.66796875,-99.755859375,108.80859375,-20.830078125,0.615234375,-17.578125,-17.578125,-21.97265625,39.55078125,26.3671875,0.0,17.9,7.2,11.8,-13.8,-8.7,3.2
5.876044988632202,20.18509063434987,-9.445457061234656,-99.74422246758985,109.18975678148583,-20.185090708450776,-1.3730426467146444e-5,17.228319170490668,-11.410160219207766,-101.84030260842084,111.17148457577437,-19.32459353015045,-1.2847211627130348e-5,20.390625,-9.755859375,-99.931640625,109.072265625,-20.7421875,0.615234375,-17.578125,-17.578125,-26.3671875,35.15625,26.3671875,0.0,17.7,8.0,11.0,-12.2,-8.2,3.2
5.882711887359619,20.03942180424837,-9.552189220930352,-99.88978701057113,109.44205287780647,-20.039421879676876,-1.3522220372653277e-5,17.044324889624846,-11.53527843607161,-101.92323073919484,111.40584346236705,-19.166123225053845,-1.2633859016355958e-5,20.21484375,-9.931640625,-100.1953125,109.3359375,-20.478515625,0.615234375,-21.97265625,-17.578125,-26.3671875,35.15625,21.97265625,0.0,17.7,7.2,10.3,-12.6,-8.7,3.2
5.889378786087036,19.89149104895755,-9.660167400327083,-100.03205087687705,109.69229430888461,-19.89149112570825,-1.3312639774582088e-5,16.85841949813533,-11.661278883020593,-102.00257524751073,111.63783388318318,-19.00548687691677,-1.2419556392136642e-5,20.0390625,-10.01953125,-100.1953125,109.51171875,-20.478515625,0.615234375,-21.97265625,-17.578125,-26.3671875,35.15625,21.97265625,0.0,17.7,7.2,11.1,-14.6,-9.5,3.2
5.896045923233032,19.741303858169285,-9.76937853171202,-100.17099346227155,109.94044740283739,-19.741303936236633,-1.3101773288909514e-5,16.67061559276114,-11.788137275773524,-102.07831985700531,111.86742111331678,-18.842692105054226,-1.2204394484863863e-5,19.86328125,-10.107421875,-100.37109375,109.6875,-20.21484375,0.615234375,-21.97265625,-17.578125,-21.97265625,35.15625,21.97265625,0.0,17.6,8.0,10.3,-13.8,-7.3,3.2
5.902712821960449,19.588829095671286,-9.87982590685479,-100.30649877275854,110.18639945738171,-19.58882917504932,-1.2889707300407726e-5,16.48090224125215,-11.91580869567633,-102.15035361305291,112.09448600267093,-18.677713765013202,-1.198847224858627e-5,19.599609375,-10.283203125,-100.546875,110.0390625,-20.0390625,0.615234375,-21.97265625,-17.578125,-21.97265625,35.15625,26.3671875,0.0,16.8,7.2,9.5,-12.8,-8.6,3.2
5.909379959106445,19.434135597870604,-9.991462674053626,-100.43865233885504,110.43018915162492,-19.434135678553417,-1.2676561778202162e-5,16.28934319831566,-12.044290859421602,-102.21877275462145,112.31907526495755,-18.510619421740174,-1.1771898217960516e-5,19.51171875,-10.37109375,-100.72265625,110.21484375,-19.951171875,0.615234375,-21.97265625,-17.578125,-21.97265625,35.15625,26.3671875,0.0,17.6,7.2,8.7,-14.4,-8.6,3.2
5.916046857833862,19.277246565187816,-10.104262781220044,-100.56741989588188,110.6717561689368,-19.27724664716922,-1.2462449821718766e-5,16.095972867694677,-12.173545393293226,-102.28355469232517,112.54112996225163,-18.341435810439812,-1.1554787263680141e-5,19.248046875,-10.458984375,-100.810546875,110.478515625,-19.6875,0.615234375,-21.97265625,-17.578125,-21.97265625,35.15625,26.3671875,0.0,16.7,8.0,8.7,-12.0,-6.5,3.2
5.922713994979858,19.118111714191414,-10.218242646866251,-100.6927045262257,110.91102001008093,-19.118111797464966,-1.2247436377565806e-5,15.900756491223916,-12.303546190505486,-102.34459957610873,112.76056092544832,-18.170117087590846,-1.1337215657696392e-5,18.896484375,-10.634765625,-100.986328125,110.7421875,-19.51171875,0.615234375,-35.15625,-17.578125,-21.97265625,35.15625,21.97265625,0.0,15.1,8.0,7.8,-11.8,-7.9,3.2
5.929380893707275,18.95682191595794,-10.333340194305965,-100.81457555031984,111.14798791918176,-18.956822000517057,-1.203166405366601e-5,15.703784469338633,-12.434270760665582,-102.40199637952637,112.97738655936573,-17.996754454792985,-1.1119314237716368e-5,18.720703125,-10.72265625,-101.07421875,111.005859375,-19.423828125,0.615234375,-35.15625,-17.578125,-17.578125,35.15625,21.97265625,0.0,15.0,8.0,7.8,-13.8,-9.0,3.2
5.936047792434692,18.79338493546776,-10.449540374782917,-100.93301349512704,111.38262537451705,-18.793385021305735,-1.1815224196447465e-5,15.505071906213182,-12.565694345369915,-102.4557309529793,113.1915720611086,-17.821357943258715,-1.0901175040893121e-5,18.544921875,-10.810546875,-101.162109375,111.26953125,-19.248046875,0.615234375,-35.15625,-21.97265625,-17.578125,35.15625,21.97265625,0.0,15.0,8.0,7.8,-10.9,-7.4,3.2
5.9427149295806885,18.627758679236855,-10.566852995585156,-101.04791639526456,111.61484021789087,-18.627758766346606,-1.1598197690861727e-5,15.30459416505656,-12.697786955236197,-102.50570177175561,113.40301780835607,-17.643890573107548,-1.0682889683993803e-5,18.28125,-10.986328125,-101.337890625,111.533203125,-19.16015625,0.615234375,-35.15625,-21.97265625,-17.578125,35.15625,21.97265625,0.0,14.2,8.1,7.0,-10.9,-9.5,3.2
5.949396848678589,18.459654157883076,-10.685484425387337,-101.15960431848137,111.8451588845482,-18.459654246260282,-1.1380228454457444e-5,15.101983874896476,-12.830824146416823,-102.55210137431548,113.61221401780874,-17.464037189980253,-1.0464088024627055e-5,18.193359375,-11.07421875,-101.42578125,111.708984375,-18.984375,0.615234375,-35.15625,-21.97265625,-17.578125,35.15625,21.97265625,0.0,15.2,8.1,6.2,-12.8,-9.8,3.2
5.956064939498901,18.289803939942843,-10.804907554768544,-101.26757256487765,112.07254956819797,-18.289804029577503,-1.1162349365421108e-5,14.89813043055182,-12.964206528190708,-102.594712520483,113.81821990036066,-17.282583534763056,-1.0245807006310292e-5,18.017578125,-11.162109375,-101.513671875,111.97265625,-18.720703125,0.615234375,-35.15625,-13.18359375,-17.578125,39.55078125,21.97265625,0.0,15.2,8.9,6.2,-12.8,-9.0,3.2
5.962732791900635,18.117838193089497,-10.92536394574465,-101.37195115319047,112.29738384814983,-18.117838283973832,-1.0944214490731019e-5,14.692611952705477,-13.098170238512655,-102.6335368272178,114.0213587261346,-17.09914131761321,-1.0027707834517164e-5,17.841796875,-11.337890625,-101.6015625,112.1484375,-18.544921875,0.615234375,-21.97265625,-13.18359375,-17.578125,39.55078125,26.3671875,0.0,15.2,8.0,6.4,-12.8,-8.8,3.2
5.969399929046631,17.943846933142982,-11.046793628255424,-101.47281405482677,112.5196757261121,-17.943847025269097,-1.0725949068195191e-5,14.485516589501312,-13.232689527215424,-102.66866731549662,114.22165630799793,-16.913800513220885,-9.809902595917209e-6,17.666015625,-11.42578125,-101.689453125,112.412109375,-18.369140625,0.615234375,-21.97265625,-13.18359375,-13.18359375,39.55078125,26.3671875,0.0,15.2,8.8,6.4,-12.0,-8.7,3.2
5.976069927215576,17.767750221291774,-11.169241980925573,-101.57018848884988,112.73949779948482,-17.767750314652197,-1.0507535905930222e-5,14.276755872813377,-13.36780659404259,-102.70010423770863,114.41917437158739,-16.726478041007677,-9.592374301684061e-6,17.490234375,-11.6015625,-101.77734375,112.67578125,-18.10546875,0.615234375,-21.97265625,-21.97265625,-13.18359375,35.15625,26.3671875,0.0,16.1,8.0,5.6,-9.2,-6.3,3.2
5.98273777961731,17.58965347261484,-11.292615703742992,-101.66390168423789,112.95658399772664,-17.58965356720076,-1.028924268201854e-5,14.066478632049108,-13.503387415748819,-102.72772956543965,114.61365861892673,-16.537293455983296,-9.375398270739336e-6,17.40234375,-11.689453125,-101.865234375,112.8515625,-17.9296875,0.615234375,-26.3671875,-21.97265625,-13.18359375,35.15625,30.76171875,0.0,16.9,8.1,4.6,-7.6,-4.4,3.2
5.989407777786255,17.409518602724965,-11.416944376875485,-101.75409651318432,113.1711067730366,-17.40951869852836,-1.0071029295039153e-5,13.854621192433948,-13.639501777252917,-102.75165754460566,114.80527741216079,-16.346200510408572,-9.15892167770175e-6,17.2265625,-11.865234375,-101.953125,113.02734375,-17.9296875,0.615234375,-26.3671875,-21.97265625,-13.18359375,35.15625,30.76171875,0.0,16.9,8.1,4.6,-8.6,-7.3,3.2
5.996078968048096,17.227385026967987,-11.542190047306601,-101.84073201241003,113.38298720931265,-17.227385123980408,-9.853027159525633e-6,13.641236958608387,-13.776100478745581,-102.77186532240822,114.99395634442195,-16.15324323592622,-8.943075172399313e-6,17.138671875,-11.953125,-102.041015625,113.115234375,-17.841796875,0.615234375,-26.3671875,-17.578125,-13.18359375,26.3671875,30.76171875,0.0,17.7,8.1,3.8,-11.6,-9.7,3.2
6.002746820449829,17.04335537878841,-11.668262545757655,-101.92365514856743,113.59198210440286,-17.04335547700015,-9.635493706283888e-6,13.426468350660432,-13.913058940010004,-102.78825143534635,115.179464082972,-15.958537296430162,-8.728121542183795e-6,17.05078125,-12.041015625,-102.12890625,113.291015625,-17.75390625,0.615234375,-17.578125,-17.578125,-13.18359375,26.3671875,13.18359375,0.0,18.5,7.8,3.0,-13.2,-11.7,3.2
6.009413957595825,16.857434259756694,-11.795162538195704,-102.00298533964838,113.79821154227126,-16.85743435915855,-9.418433894128011e-6,13.210301918140345,-14.050411891306226,-102.80092263696571,115.36192235382401,-15.76208176334887,-8.514052460917605e-6,16.962890625,-12.216796875,-102.12890625,113.466796875,-17.578125,0.615234375,-17.578125,-17.578125,-8.7890625,26.3671875,13.18359375,0.0,19.3,7.8,3.0,-11.2,-10.4,3.2
6.016083002090454,16.66956428785132,-11.922918607441257,-102.07872791157223,114.0017094314583,-16.66956438843429,-9.201862121738686e-6,12.992677559344774,-14.188183719873496,-102.80986710189752,115.54135753880884,-15.563818119806177,-8.300882138828359e-6,16.787109375,-12.392578125,-102.12890625,113.73046875,-17.314453125,0.615234375,-17.578125,-17.578125,-8.7890625,26.3671875,26.3671875,0.0,20.2,7.0,3.0,-8.4,-8.0,3.2
6.022754907608032,16.479698366714402,-12.051542497443076,-102.15079603589604,114.20240068734122,-16.479698468469206,-8.98586251063911e-6,12.773563294523441,-14.326364089003498,-102.81499571512617,115.71768760313968,-15.363703756135891,-8.08870156838166e-6,16.611328125,-12.48046875,-102.216796875,113.90625,-17.05078125,0.615234375,-17.578125,-17.578125,-8.7890625,26.3671875,26.3671875,0.0,20.2,8.1,3.2,-9.2,-8.5,3.2
6.029422998428345,16.288101322952674,-12.18085871980463,-102.21920394669935,114.40012405664422,-16.288101425868877,-8.770732099006032e-6,12.5532467692586,-14.464794712986523,-102.81640255402817,115.89078656427152,-15.162012286295749,-7.8777895449519e-6,16.5234375,-12.568359375,-102.216796875,113.994140625,-16.875,0.615234375,-17.578125,-17.578125,-4.39453125,26.3671875,26.3671875,0.0,21.0,8.1,3.2,-12.3,-11.6,3.2
6.036090850830078,16.09468907532971,-12.310913899879969,-102.28396638646687,114.59494090689698,-16.094689179397246,-8.556453951483307e-6,12.331637097161746,-14.603520341619948,-102.8140759186542,116.06070512688879,-14.958657094372025,-7.66812904110897e-6,16.259765625,-12.744140625,-102.3046875,114.169921875,-16.611328125,0.615234375,-17.578125,-21.97265625,-4.39453125,21.97265625,26.3671875,0.0,20.2,8.1,2.4,-12.0,-9.2,3.2
6.042757987976074,15.899462060859697,-12.441688391080945,-102.34498942212858,114.78673765849659,-15.89946216606797,-8.34316126015331e-6,12.108755182076756,-14.742501905152604,-102.80793503137522,116.22732928480018,-14.753645095095592,-7.4598575040446805e-6,15.99609375,-12.919921875,-102.3046875,114.43359375,-16.259765625,0.615234375,-26.3671875,-21.97265625,-4.39453125,21.97265625,35.15625,0.0,20.2,7.1,2.2,-9.6,-5.2,3.2
6.049424886703491,15.702479541668225,-12.57314674094512,-102.40236432980433,114.9755701353154,-15.702479648006761,-8.130909785359348e-6,11.884651200816911,-14.881728164019773,-102.79807856883316,116.3907240217303,-14.547033192827676,-7.253016490465084e-6,15.908203125,-13.0078125,-102.392578125,114.609375,-16.083984375,0.615234375,-26.3671875,-21.97265625,-8.7890625,21.97265625,35.15625,0.0,20.9,7.9,1.4,-10.1,-6.2,3.2
6.056092977523804,15.503717471246308,-12.705294539410877,-102.45607881678154,115.161431634508,-15.503717578704608,-7.919751993994128e-6,11.659304185612342,-15.021200797649293,-102.78448949085431,116.55087993057329,-14.338798277370273,-7.047657016563693e-6,15.64453125,-13.18359375,-102.392578125,114.78515625,-15.99609375,0.615234375,-30.76171875,-21.97265625,-8.7890625,30.76171875,30.76171875,0.0,20.1,7.1,1.4,-10.4,-8.6,3.2
6.062760829925537,15.303207688521631,-12.838091175474617,-102.50603219150494,115.34418085369165,-15.303207797088486,-7.709854763077433e-6,11.432770299763341,-15.160862127573532,-102.7670906993649,116.70765969283985,-14.128980095176397,-6.8439484701665e-6,15.380859375,-13.271484375,-102.48046875,114.9609375,-15.8203125,0.615234375,-30.76171875,-21.97265625,-8.7890625,30.76171875,30.76171875,0.0,20.1,8.0,0.7,-11.2,-10.7,3.2
6.06942892074585,15.101007798386433,-12.971503233504357,-102.5523161846401,115.52387610810307,-15.101007908050764,-7.50126410966727e-6,11.205097398148997,-15.300699997999004,-102.74598063001832,116.86113081306375,-13.917633697936713,-6.641922562620387e-6,15.205078125,-13.447265625,-102.48046875,115.13671875,-15.556640625,0.615234375,-30.76171875,-21.97265625,-4.39453125,30.76171875,30.76171875,0.0,19.9,8.0,0.7,-13.0,-11.5,3.2
6.076096773147583,14.897152117350105,-13.105497905723116,-102.59490443294695,115.70045822688056,-14.897152228100497,-7.294091192348935e-6,10.976330168175368,-15.44067725027137,-102.72114766088357,117.01123927009905,-13.704796991862555,-6.4416866835746955e-6,14.94140625,-13.53515625,-102.48046875,115.3125,-15.29296875,0.615234375,-35.15625,-17.578125,-4.39453125,26.3671875,35.15625,0.0,19.9,8.0,-0.1,-12.8,-10.7,3.2
6.08276891708374,14.691493818060795,-13.240152178582406,-102.6337364504723,115.8739437099918,-14.691493929886084,-7.088320320518593e-6,10.746323655102138,-15.58086267001023,-102.69249541724726,117.1579827132606,-13.490323033811325,-6.2432328097948215e-6,14.677734375,-13.7109375,-102.48046875,115.576171875,-14.94140625,0.615234375,-35.15625,-17.578125,-4.39453125,26.3671875,35.15625,0.0,19.9,8.2,-0.2,-10.4,-8.7,3.2
6.089435815811157,14.484398078518183,-13.375232458848544,-102.66884755539527,116.04413428378703,-14.484398191405756,-6.884295910984351e-6,10.515468919660174,-15.721032861930105,-102.66016646230123,117.30121227542932,-13.274587406914446,-6.046879907403194e-6,14.4140625,-13.798828125,-102.48046875,115.751953125,-14.677734375,0.615234375,-35.15625,-17.578125,0.0,26.3671875,35.15625,0.0,19.1,9.0,-0.2,-10.2,-7.8,3.2
6.096102952957153,14.275717199301965,-13.510825675059104,-102.70024790908253,116.21112703760677,-14.275717313239824,-6.681942987434519e-6,10.28360643544274,-15.861277081479345,-102.62412559463964,117.44100682683099,-13.057438027653145,-5.8525550845571145e-6,14.150390625,-13.974609375,-102.48046875,115.927734375,-14.326171875,0.615234375,-39.55078125,-17.578125,0.0,30.76171875,43.9453125,0.0,19.1,9.0,-0.2,-8.6,-5.4,3.2
6.102770805358887,14.065433096418126,-13.646924966837512,-102.72785656634639,116.3748341658565,-14.065433211393866,-6.481372015603245e-6,10.050734354169158,-16.001580472121855,-102.58429765181273,117.57727682351708,-12.838861980446463,-5.660370943527327e-6,13.88671875,-14.0625,-102.48046875,116.103515625,-14.23828125,0.615234375,-39.55078125,-17.578125,0.0,30.76171875,43.9453125,0.0,19.1,8.8,0.0,-9.4,-7.7,3.2
6.109437942504883,13.853660073899611,-13.78346232802582,-102.75175830266797,116.53527243827384,-13.853660189900712,-6.282666636648578e-6,9.816962275609548,-16.141889194206236,-102.54079185624005,117.71005600650778,-12.618972957431346,-5.470394419082433e-6,13.7109375,-14.150390625,-102.48046875,116.19140625,-14.0625,0.615234375,-39.55078125,-17.578125,0.0,30.76171875,43.9453125,0.0,19.2,9.6,0.0,-10.4,-9.2,3.2
6.116105794906616,13.640375044237151,-13.920443092187613,-102.77193684167695,116.69243091197474,-13.640375161251047,-6.085876287828708e-6,9.582270310534698,-16.282208862876438,-102.49358769213936,117.83933166178797,-12.397748943241954,-5.282672411567389e-6,13.359375,-14.326171875,-102.48046875,116.3671875,-13.88671875,0.615234375,-35.15625,-21.97265625,0.0,21.97265625,26.3671875,0.0,17.6,8.8,0.0,-8.6,-7.6,3.2
6.122772932052612,13.425624312361343,-14.05781948368136,-102.78830783205228,116.84617746021206,-13.425624430374768,-5.891168485020927e-6,9.34672673778334,-16.422486018101104,-102.442626455006,117.96497869574372,-12.17524362052008,-5.097370981161574e-6,13.18359375,-14.501953125,-102.48046875,116.54296875,-13.7109375,0.615234375,-35.15625,-21.97265625,0.0,21.97265625,26.3671875,0.0,18.4,8.9,0.0,-9.4,-8.5,3.2
6.129439830780029,13.209460626664319,-14.19556460226412,-102.80096541669765,116.99657932581562,-13.20946074566422,-5.69855909517894e-6,9.110372244394918,-16.562706372182845,-102.38800659246832,118.08707343023411,-11.951506474739887,-4.914491708353836e-6,13.0078125,-14.58984375,-102.48046875,116.71875,-13.447265625,0.615234375,-35.15625,-21.97265625,0.0,21.97265625,26.3671875,0.0,18.3,9.7,0.0,-8.8,-9.1,3.2
6.136107921600342,12.991861056177568,-14.333683890043057,-102.8098914715923,117.14362382679201,-12.991861176150833,-5.508096437930255e-6,8.873187143501202,-16.70287707273848,-102.32970584389544,118.20560166957372,-11.72651569001678,-4.73408009097465e-6,12.744140625,-14.765625,-102.48046875,116.89453125,-13.271484375,0.615234375,-30.76171875,-17.578125,0.0,26.3671875,30.76171875,0.0,18.3,8.9,0.0,-6.9,-7.5,3.2
6.142775774002075,12.772875781139515,-14.472127880062287,-102.81500554650626,117.28718104618008,-12.77287590207235,-5.319947214049987e-6,8.635242884283274,-16.842946289270756,-102.26766989199484,118.32044138579225,-11.500328663165371,-4.55630032068929e-6,12.568359375,-14.853515625,-102.48046875,116.982421875,-13.095703125,0.615234375,-30.76171875,-17.578125,0.0,26.3671875,30.76171875,0.0,18.3,8.8,0.0,-6.1,-5.2,3.2
6.149443864822388,12.552555524237079,-14.61087207463763,-102.81640180955388,117.42732065456727,-12.552555646115913,-5.134117727005889e-6,8.39657745268434,-16.982899254177973,-102.20199633318721,118.43167115110771,-11.27299263565622,-4.38114460488832e-6,12.392578125,-14.94140625,-102.48046875,117.0703125,-13.0078125,0.615234375,-30.76171875,-17.578125,0.0,26.3671875,30.76171875,0.0,18.4,8.8,0.0,-5.4,-4.6,3.2
6.1561119556427,12.330933051039349,-14.749887261031711,-102.81406090379336,117.56399408240557,-12.330933173850314,-4.950700985408533e-6,8.157231306118783,-17.122709709328838,-102.1326785185773,118.5392484131408,-11.044543227399235,-4.208700144816294e-6,12.12890625,-15.1171875,-102.48046875,117.158203125,-12.919921875,0.615234375,-30.76171875,-21.97265625,0.0,13.18359375,17.578125,0.0,17.6,8.0,0.0,-4.8,-3.8,3.2
6.162779808044434,12.108023574842413,-14.889147165187765,-102.8079084508181,117.69710067731513,-12.108023698571149,-4.7698277329594536e-6,7.917236550931367,-17.262352586388815,-102.0596565601691,118.64307615405674,-10.815001329795749,-4.0390958664129845e-6,11.953125,-15.29296875,-102.48046875,117.158203125,-12.919921875,0.615234375,-30.76171875,-21.97265625,0.0,13.18359375,17.578125,0.0,17.6,7.0,0.0,-4.8,-3.9,3.2
6.169447898864746,11.883875813508505,-15.028629739277081,-102.79803887870871,117.82671281969348,-11.8838759381409,-4.591494614780474e-6,7.676628448235966,-17.401812771468226,-101.98302739598199,118.74323543802495,-10.58441194221788,-3.872314585540543e-6,11.77734375,-15.380859375,-102.48046875,117.24609375,-12.919921875,0.615234375,-30.76171875,-21.97265625,0.0,13.18359375,17.578125,0.0,17.4,7.0,0.0,-6.4,-7.4,3.2
6.176115989685059,11.6585238629931,-15.16830577714638,-102.7844342655012,117.95278338155521,-11.65852398851476,-4.415791069147558e-6,7.435448219112506,-17.541065822964338,-101.90278576532837,118.83968553440559,-10.352811866068077,-3.7084394581055442e-6,11.6015625,-15.556640625,-102.48046875,117.24609375,-12.83203125,0.615234375,-30.76171875,-21.97265625,0.0,8.7890625,0.0,0.0,16.6,6.2,0.0,-10.9,-12.2,3.2
6.182783842086792,11.431986385369523,-15.308147827193404,-102.7670238304456,118.07521413063918,-11.431986511765574,-4.2428456868852555e-6,7.193730617209306,-17.68008839620754,-101.81887567088555,118.93233259156437,-10.12022524098846,-3.5475963143970595e-6,11.513671875,-15.64453125,-102.48046875,117.333984375,-12.65625,0.615234375,-30.76171875,-21.97265625,0.0,8.7890625,0.0,0.0,18.2,6.2,0.0,-10.9,-18.6,3.2
6.1894519329071045,11.204309986772964,-15.448136352555256,-102.7459021258739,118.1940800825486,-11.204310114028793,-4.072645668317546e-6,6.951508096039337,-17.818865146948824,-101.7313932306399,119.02126003189532,-9.88669471928205,-3.3897588493794693e-6,11.337890625,-15.732421875,-102.48046875,117.421875,-12.392578125,0.615234375,-30.76171875,-21.97265625,0.0,8.7890625,0.0,0.0,17.7,6.2,0.0,-11.4,-19.1,3.2
6.1961188316345215,10.97557106185804,-15.58821721614674,-102.72105755423374,118.30931550293433,-10.975571189958623,-3.905306173046334e-6,6.708865981394383,-17.95734881474938,-101.64035122613527,119.10641425534136,-9.65230022415026,-3.235033225047687e-6,11.162109375,-15.8203125,-102.48046875,117.59765625,-11.77734375,0.615234375,-17.578125,-17.578125,0.0,13.18359375,52.734375,0.0,18.5,6.2,-0.8,-9.4,-13.5,3.2
6.202785968780518,10.745734423703631,-15.728397081915105,-102.69241715984697,118.42085409994567,-10.745734552633689,-3.7409106993376883e-6,6.4657807542247365,-18.095552514498202,-101.54567509133284,119.18772652759253,-9.417010380522798,-3.0835024304809207e-6,10.986328125,-15.99609375,-102.48046875,117.7734375,-11.162109375,0.615234375,-17.578125,-17.578125,0.0,13.18359375,52.734375,0.0,19.3,7.2,-1.7,-7.8,-6.3,3.2
6.209454774856567,10.514811161727154,-15.868679056699035,-102.66006989681513,118.52878793451936,-10.514811291471807,-3.579414906797195e-6,6.222247049127198,-18.23348045901881,-101.44744500261328,119.26529260168674,-9.180831392522144,-2.9351109380538016e-6,10.8984375,-16.083984375,-102.48046875,117.861328125,-10.8984375,0.615234375,-17.578125,-17.578125,0.0,13.18359375,52.734375,0.0,20.3,7.2,-2.5,-8.8,-5.8,3.2
6.21612286567688,10.282912057481735,-16.00898917917099,-102.62401081143238,118.63303809203663,-10.282912188025591,-3.4209524499425233e-6,5.978385646606356,-18.37106765106227,-101.34568962976716,119.33905035959685,-8.94387811181118,-2.7899811105067026e-6,10.810546875,-16.171875,-102.48046875,118.037109375,-10.546875,0.615234375,-21.97265625,-13.18359375,0.0,21.97265625,65.91796875,0.0,22.7,8.0,-4.1,-8.0,-7.4,3.2
6.222790956497192,10.0500290805431,-16.149318397733136,-102.5841713707047,118.73352698788432,-10.050029211870442,-3.265622761031321e-6,5.734201071691538,-18.508313992118005,-101.24034612405157,119.40892356754233,-8.706146775953773,-2.6482098285668425e-6,10.634765625,-16.34765625,-102.48046875,118.125,-10.283203125,0.615234375,-21.97265625,-13.18359375,0.0,21.97265625,65.91796875,0.0,22.7,8.2,-5.2,-7.2,-5.7,3.2
6.229458808898926,9.816229384640781,-16.289637267871914,-102.5406506260891,118.83032422921221,-9.816229516736112,-3.1134113037055926e-6,5.489746179732107,-18.645189315063902,-101.13152017260188,119.47499280950643,-8.467700628428066,-2.5097683846964358e-6,10.458984375,-16.5234375,-102.48046875,118.212890625,-10.107421875,0.615234375,-21.97265625,-21.97265625,0.0,21.97265625,65.91796875,0.0,23.7,8.2,-6.0,-8.6,-7.0,3.2
6.236125946044922,9.581559349354448,-16.42991231319734,-102.4934378521415,118.92338561435132,-9.581559482202021,-2.9643994295391935e-6,5.245072723142273,-18.78167033464375,-101.0192155236149,119.53722231166473,-8.228588312089798,-2.3747301439478897e-6,10.283203125,-16.611328125,-102.48046875,118.388671875,-9.931640625,0.615234375,-26.3671875,-21.97265625,0.0,17.578125,26.3671875,0.0,24.5,9.0,-6.8,-7.2,-10.2,3.2
6.242793798446655,9.345988167625865,-16.570149035859878,-102.44246087234535,119.0126444688236,-9.345988301209687,-2.8186683012030756e-6,5.0001607840276945,-18.91777314193389,-100.90335883529258,119.59554394230214,-7.9887826584184936,-2.2431746091130396e-6,10.01953125,-16.69921875,-102.48046875,118.4765625,-9.755859375,0.615234375,-26.3671875,-21.97265625,0.0,17.578125,26.3671875,0.0,24.5,9.7,-7.5,-7.2,-10.2,3.2
6.249461889266968,9.109589066438906,-16.71031558595184,-102.38782055189704,119.09816980814479,-9.109589200743219,-2.676199808891963e-6,4.755068995496959,-19.05346283214711,-100.7840589350598,119.65003836262773,-7.748352904969764,-2.115069462329102e-6,9.84375,-16.787109375,-102.48046875,118.564453125,-9.4921875,0.615234375,-26.3671875,-21.97265625,0.0,17.578125,26.3671875,0.0,24.0,10.5,-8.3,-7.2,-9.4,3.2
6.25612998008728,8.87240089740851,-16.850383973254008,-102.32950517469989,119.1799219261321,-8.872401032417343,-2.537065965689712e-6,4.5098406715829285,-19.18872297334984,-100.66131604917133,119.70067337516019,-7.507339844884304,-1.9904790123036117e-6,9.580078125,-16.962890625,-102.48046875,118.65234375,-9.140625,0.615234375,-35.15625,-17.578125,0.0,13.18359375,39.55078125,0.0,24.8,10.5,-9.9,-6.4,-7.8,3.2
6.262797832489014,8.634454449824231,-16.990324299052247,-102.26745827972732,119.25781446316007,-8.634454585521201,-2.4013803428124194e-6,4.264518924721534,-19.323537284070884,-100.53508876605136,119.74736939179562,-7.265778709756306,-1.8695109333421677e-6,9.31640625,-17.138671875,-102.48046875,118.740234375,-8.876953125,0.615234375,-35.15625,-17.578125,0.0,13.18359375,39.55078125,0.0,24.8,9.7,-10.8,-5.6,-5.4,3.2
6.26946496963501,8.395821104313825,-17.13010740679003,-102.20178342441348,119.33192182032388,-8.39582124068282,-2.269113789421363e-6,4.019159459606556,-19.45787140116942,-100.40548743368237,119.79021203609368,-7.023736512478252,-1.752122309536576e-6,9.052734375,-17.2265625,-102.48046875,118.828125,-8.61328125,0.615234375,-35.15625,-17.578125,0.0,13.18359375,39.55078125,0.0,24.9,10.5,-11.6,-5.6,-6.0,3.2
6.276139974594116,8.156223820787176,-17.26989055445278,-102.13237742269897,119.40229806849572,-8.15622395781276,-2.1401642119755932e-6,3.7734811756975057,-19.591888005654425,-100.27233636590768,119.82922157288269,-6.7809337722573755,-1.6382230462022209e-6,8.7890625,-17.40234375,-102.48046875,118.828125,-8.525390625,0.615234375,-35.15625,-17.578125,0.0,13.18359375,30.76171875,0.0,24.1,10.5,-12.4,-6.4,-9.2,3.2
6.282806873321533,7.916261069653412,-17.409314292201024,-102.05935239693179,119.46869588242116,-7.916261207318215,-2.014942695636079e-6,3.528107904152791,-19.725256635443216,-100.13591277007983,119.86423185007104,-6.537980571038597,-1.5281821482277554e-6,8.525390625,-17.578125,-102.48046875,118.916015625,-8.349609375,0.615234375,-35.15625,-17.578125,0.0,13.18359375,30.76171875,0.0,24.1,9.7,-13.1,-5.6,-10.3,3.2
6.289474964141846,7.675650799282126,-17.54855677370313,-101.98270995368154,119.53129502123016,-7.675650937570037,-1.8932232042553824e-6,3.2827324962542486,-19.858139434184352,-99.99613071125069,119.89538737732911,-6.294585591004649,-1.4217824941390776e-6,8.173828125,-17.75390625,-102.48046875,118.916015625,-8.0859375,0.615234375,-35.15625,-17.578125,0.0,13.18359375,30.76171875,0.0,22.9,8.9,-14.7,-5.6,-6.9,3.2
6.296146869659424,7.434329691462663,-17.687650682461232,-101.90240344833421,119.59008152355656,-7.434329830357642,-1.775020574969042e-6,3.037293529014967,-19.990580910672847,-99.8529281721164,119.92266841926929,-6.050686108470442,-1.3190375001394293e-6,7.822265625,-17.9296875,-102.392578125,118.916015625,-7.822265625,0.615234375,-52.734375,-26.3671875,0.0,0.0,35.15625,0.0,21.3,8.9,-14.7,-5.6,-4.4,3.2
6.302814960479736,7.192601283446208,-17.826412225441278,-101.81847523922485,119.6449139558245,-7.192601422931202,-1.6605658323532644e-6,2.792108811995173,-20.122421351778762,-99.70643167128985,119.94597604078791,-5.806592171247136,-1.2201539246574137e-6,7.3828125,-18.10546875,-102.392578125,118.916015625,-7.734375,0.615234375,-52.734375,-26.3671875,0.0,0.0,35.15625,0.0,19.7,7.8,-15.5,-5.6,-3.6,3.2
6.30948281288147,6.950385398501978,-17.964902023757332,-101.73098086753555,119.69590847997972,-6.9503855385606235,-1.54974083265498e-6,2.547078748758172,-20.253707654377006,-99.55666326919791,119.96541738976764,-5.562217188513193,-1.1250104711955585e-6,7.119140625,-18.28125,-102.3046875,119.00390625,-7.646484375,0.615234375,-52.734375,-21.97265625,8.7890625,0.0,35.15625,0.0,19.7,7.0,-15.5,-6.4,-7.1,3.2
6.316149950027466,6.707732121648911,-18.103089092650855,-101.63991560250881,119.74302938067117,-6.707732262264672,-1.4426070374955183e-6,2.302255951694077,-20.384425636108062,-99.40363148483486,119.98096571484209,-5.3176126281149365,-1.033659740017823e-6,6.85546875,-18.369140625,-102.216796875,119.00390625,-7.646484375,0.615234375,-43.9453125,-21.97265625,8.7890625,0.0,13.18359375,0.0,18.9,7.0,-15.5,-6.4,-13.0,3.2
6.322816848754883,6.464653885643054,-18.24095900344471,-101.54522792236827,119.7862107074773,-6.464654026799146,-1.3392454947826374e-6,2.0576610038846983,-20.5145779518134,-99.24729221862377,119.99255955209081,-5.072793954844598,-9.461768390764024e-7,6.6796875,-18.45703125,-102.216796875,119.00390625,-7.470703125,0.615234375,-43.9453125,-21.97265625,8.7890625,0.0,13.18359375,0.0,19.7,7.9,-16.1,-6.4,-17.0,3.2
6.329483985900879,6.221179608331168,-18.378510132332377,-101.44700797228931,119.82554098182425,-6.2211797500112285,-1.23958798793227e-6,1.8133053137093877,-20.64415021439779,-99.08773058895437,120.00029241428132,-4.82778482299236,-8.624839693166876e-7,6.328125,-18.6328125,-102.041015625,119.091796875,-7.03125,0.615234375,-43.9453125,-21.97265625,8.7890625,0.0,13.18359375,0.0,19.1,7.9,-16.1,-5.6,-16.6,3.2
6.336150884628296,5.977360075302579,-18.515712336124857,-101.34525256907958,119.86098687749558,-5.977360217490096,-1.1436905333588335e-6,1.5692414643916681,-20.773130164509933,-98.92495627085924,120.00413995425897,-4.582637162762031,-7.826281855152622e-7,6.15234375,-18.80859375,-102.041015625,119.091796875,-6.6796875,0.615234375,-35.15625,-21.97265625,8.7890625,0.0,43.9453125,0.0,19.9,7.1,-16.9,-5.6,-14.1,3.2
6.342818975448608,5.733174376057047,-18.65257099405857,-101.23989572336826,119.89248778426183,-5.7331745187353444,-1.0516175503560136e-6,1.325456180646826,-20.901540114108972,-98.75890191302739,120.00404172250191,-4.3373327605242595,-7.066699766666324e-7,5.9765625,-18.896484375,-101.953125,119.091796875,-6.064453125,0.615234375,-35.15625,-21.97265625,8.7890625,0.0,43.9453125,0.0,20.7,8.0,-17.7,-5.6,-8.5,3.2
6.349486827850342,5.48871848384364,-18.789047729048352,-101.13105648401152,119.92012437420055,-5.4887186269963415,-9.633210768020474e-7,1.0820275924237661,-21.029329273225535,-98.5896980494425,120.00009178784552,-4.091962526950922,-6.345479087325886e-7,5.712890625,-19.072265625,-101.77734375,119.1796875,-5.625,0.615234375,-35.15625,-21.97265625,13.18359375,0.0,43.9453125,0.0,20.9,8.8,-17.7,-4.8,-8.0,3.2
6.356156826019287,5.243938831394916,-18.92517167977298,-101.01868505307134,119.9438759878285,-5.243938975005714,-8.788153389391325e-7,0.8389039105708822,-21.156541980543146,-98.41728157363075,119.99226490196568,-3.8464734927621276,-5.662741357037132e-7,5.537109375,-19.16015625,-101.689453125,119.1796875,-5.361328125,0.615234375,-30.76171875,-21.97265625,13.18359375,0.0,65.91796875,0.0,20.9,8.8,-18.5,-4.8,-8.0,3.2
6.3628249168396,4.999017347363813,-19.06083676383038,-100.902809651743,119.96366476459156,-4.999017491415892,-7.982292315138615e-7,0.5962725410847702,-21.28309715118348,-98.24172846121805,119.98050947168062,-3.6010506137949236,-5.019599843913629e-7,5.361328125,-19.3359375,-101.6015625,119.1796875,-5.009765625,0.615234375,-30.76171875,-21.97265625,13.18359375,0.0,65.91796875,0.0,22.5,8.9,-19.5,-4.8,-5.7,3.2
6.369491815567017,4.7539687334962855,-19.196051293548923,-100.78351679251054,119.9795855293076,-4.753968877973308,-7.214765499635592e-7,0.3541298360608742,-21.408986215593238,-98.06311609210378,119.96492287377002,-3.3557029111121444,-4.415116905819615e-7,5.185546875,-19.51171875,-101.513671875,119.1796875,-4.74609375,0.615234375,-30.76171875,-21.97265625,17.578125,0.0,65.91796875,0.0,23.5,8.9,-20.3,-4.8,-6.8,3.2
6.376159906387329,4.508739775741434,-19.330845020177506,-100.66075533922714,119.99161689685454,-4.508739920627142,-6.48569103474483e-7,0.11242416649678057,-21.5342551073888,-97.88137987702518,119.94547908723291,-3.110377697469821,-3.849389856251444e-7,5.09765625,-19.599609375,-101.337890625,119.1796875,-4.5703125,0.615234375,-26.3671875,-21.97265625,17.578125,0.0,39.55078125,0.0,25.1,8.8,-20.2,-4.8,-9.3,3.2
6.382830858230591,4.263303653764009,-19.465228670189376,-100.53445469699565,119.99969899868631,-4.263303799042035,-5.795627100987752e-7,-0.12886442332004208,-21.658932190602595,-97.6964456065401,119.92211754934509,-2.8650505633453784,-3.322938782428268e-7,4.921875,-19.775390625,-101.25,119.1796875,-4.39453125,0.615234375,-26.3671875,-21.97265625,17.578125,0.0,39.55078125,0.0,25.9,8.8,-21.0,-4.8,-7.7,3.2
6.389497995376587,4.017943976129284,-19.599063714624684,-100.40483814862802,120.00391658965471,-4.017944121783307,-5.144443905931911e-7,-0.36947503818394817,-21.78287081403831,-97.50859178232523,119.89495974128643,-2.619999339195237,-2.8353848009083767e-7,4.658203125,-19.951171875,-100.986328125,119.1796875,-4.130859375,0.615234375,-26.3671875,-21.97265625,17.578125,0.0,39.55078125,0.0,26.0,8.8,-20.2,-4.0,-8.5,3.2
6.396164894104004,3.7725639891750173,-19.732404631876012,-100.27183122570041,120.00424967934235,-3.7725641351888832,-4.5321049038491776e-7,-0.6095023858730318,-21.906140942984237,-97.31771979450309,119.86397533338565,-2.375127714251446,-2.3867003244543754e-7,4.5703125,-20.0390625,-100.8984375,119.1796875,-3.955078125,0.615234375,-26.3671875,-21.97265625,17.578125,0.0,30.76171875,0.0,26.8,8.8,-20.9,-4.0,-9.9,3.2
6.402834892272949,3.5270767421121962,-19.865296208958583,-100.13533203676678,120.00064116297196,-3.527076888469754,-3.9589582487365105e-7,-0.8490260266956056,-22.02880267003142,-97.12370931197583,119.82909872075224,-2.1303510064926012,-1.9772345265236982e-7,4.306640625,-20.21484375,-100.810546875,119.1796875,-3.69140625,0.615234375,-26.3671875,-21.97265625,17.578125,0.0,30.76171875,0.0,26.8,7.9,-21.7,-4.0,-7.5,3.2
6.409501791000366,3.281745419196743,-19.997613010850962,-99.99556252510838,119.993187549728,-3.281745565881975,-3.424672793554921e-7,-1.0878068383371824,-22.150720668994488,-96.92683156138425,119.79046005165038,-1.885926031181214,-1.6064267628814058e-7,3.955078125,-20.390625,-100.546875,119.1796875,-3.33984375,0.615234375,-26.3671875,-21.97265625,21.97265625,0.0,30.76171875,0.0,26.5,7.9,-21.7,-3.2,-7.7,3.2
6.416168928146362,3.036482281400421,-20.129404823735822,-99.85244772599421,119.98186366070891,-3.03648242839745,-2.929253834283488e-7,-1.325930168133345,-22.27196105160737,-96.72698978461993,119.74802489337243,-1.641765638304858,-1.2742860509839486e-7,3.779296875,-20.478515625,-100.458984375,119.1796875,-3.251953125,0.615234375,-39.55078125,-21.97265625,21.97265625,0.0,39.55078125,0.0,26.5,7.9,-21.7,-3.2,-10.1,3.2
6.422836780548096,2.7913067229215938,-20.260660292956466,-99.70594664564581,119.96661714752287,-2.7913068702144295,-2.473232087399146e-7,-1.5633726449349346,-22.392532321065275,-96.52414879318749,119.70174577036633,-1.3978908969946375,-9.81272855086743e-8,3.427734375,-20.654296875,-100.283203125,119.1796875,-2.900390625,0.615234375,-39.55078125,-21.97265625,21.97265625,0.0,39.55078125,0.0,25.7,8.0,-21.7,-3.2,-7.5,3.2
6.429503917694092,2.54630341839374,-20.391351455712364,-99.55618474086805,119.94754550444287,-2.5463035659667907,-2.0557936796282714e-7,-1.8000698067128171,-22.51238807130076,-96.31844121515489,119.6517307203157,-1.1543804281970362,-7.264689158788551e-8,3.1640625,-20.830078125,-100.107421875,119.1796875,-2.63671875,0.615234375,-39.55078125,-21.97265625,26.3671875,0.0,39.55078125,0.0,25.6,8.0,-22.5,-2.4,-8.5,3.2
6.436170816421509,2.3014901311285416,-20.52147201618678,-99.4031460470587,119.9246264710846,-2.3014902789662295,-1.67714446655284e-7,-2.036004508822495,-22.631543186849342,-96.10985361366487,119.5979614816287,-0.9112521128920001,-5.100144191548993e-8,2.98828125,-21.005859375,-100.01953125,119.1796875,-2.4609375,0.615234375,-35.15625,-21.97265625,26.3671875,0.0,39.55078125,0.0,26.4,7.2,-22.5,-1.6,-9.9,3.2
6.442837953567505,2.056887105268502,-20.65101157408153,-99.24679195273785,119.8978110357147,-2.0568872533551614,-1.3377497189794102e-7,-2.271153367498008,-22.75000732738362,-95.89835272470813,119.54039382306308,-0.668527582235745,-3.323041150610142e-8,2.724609375,-21.181640625,-99.755859375,119.1796875,-2.021484375,0.615234375,-35.15625,-21.97265625,26.3671875,0.0,39.55078125,0.0,25.6,6.3,-21.7,-1.6,-6.7,3.2
6.449504852294922,1.8125409085720237,-20.779963133822243,-99.08722684982376,119.86719659480784,-1.8125410568924458,-1.0366752922609089e-7,-2.505489063839664,-22.867752301294097,-95.684041227744,119.47913052578383,-0.42624743330849474,-1.92330776435661e-8,2.28515625,-21.26953125,-99.580078125,119.1796875,-1.7578125,0.615234375,-35.15625,-21.97265625,21.97265625,0.0,39.55078125,0.0,24.6,7.1,-22.5,-0.8,-6.7,3.2
6.456171989440918,1.5684694724087052,-20.90832121343218,-98.9244345535849,119.83276148169051,-1.5684696209477085,-7.740895348084555e-8,-2.738994593485775,-22.984794061470645,-95.46690519923487,119.41415375728161,-0.1844295941251054,-9.019825655163207e-9,2.109375,-21.357421875,-99.4921875,119.1796875,-1.669921875,0.615234375,-48.33984375,-21.97265625,21.97265625,0.0,35.15625,0.0,24.6,7.1,-22.5,-0.0,-9.2,3.2
6.462838888168335,1.3247287005197128,-21.03605788776131,-98.75840107491945,119.79446378228542,-1.3247288492620224,-5.504410482596246e-8,-2.9716130521045487,-23.10112648525953,-95.24694341947065,119.34543064738016,0.05686918861706791,-2.6261628073972248e-9,1.669921875,-21.533203125,-99.31640625,119.1796875,-1.318359375,0.615234375,-48.33984375,-21.97265625,21.97265625,0.0,35.15625,0.0,23.0,7.1,-23.3,-0.0,-6.8,3.2
6.469505786895752,1.081335892738336,-21.163182009797055,-98.58921306846295,119.75239900424147,-1.081336041669163,-3.647184880820194e-8,-3.203345310675161,-23.216734877879823,-95.02423422939877,119.27305809606202,0.29763741841093805,5.3833749379945383e-11,1.23046875,-21.708984375,-99.140625,119.1796875,-1.142578125,0.615234375,-48.33984375,-21.97265625,26.3671875,0.0,35.15625,0.0,21.4,6.3,-24.1,-0.0,-8.5,3.2
6.4761738777160645,0.838283031048328,-21.289702484585572,-98.41683570404899,119.70654122237767,-0.8382831801529484,-2.1703630788329145e-8,-3.434199297850517,-23.331648500866393,-94.79873909582415,119.19701059194291,0.5378829331370746,-9.86683736292406e-10,1.0546875,-21.796875,-98.96484375,119.1796875,-0.966796875,0.615234375,-48.33984375,-21.97265625,26.3671875,0.0,35.15625,0.0,22.2,6.3,-23.2,-0.0,-9.1,3.2
6.482851982116699,0.595288643673966,-21.415767326180475,-98.2410093160052,119.65677878401081,-0.5952887929377928,-1.076625600264482e-8,-3.66443795570214,-23.446021000952854,-94.57013757704163,119.11714356932661,0.7778822810977961,-5.7870162608080264e-9,0.791015625,-21.97265625,-98.7890625,119.1796875,-0.703125,0.615234375,-48.33984375,-21.97265625,26.3671875,0.0,35.15625,0.0,21.4,6.5,-24.0,-0.0,-6.7,3.2
6.489518880844116,0.35314763748208716,-21.540982375105425,-98.0623855795138,119.6033692077298,-0.35314778689052106,-3.5888017141892358e-9,-3.8933255896874477,-23.559470522827304,-94.33924182984161,119.03381194548034,1.016856056838163,-1.4221735077127741e-8,0.439453125,-22.060546875,-98.525390625,119.1796875,-0.439453125,0.615234375,-48.33984375,-17.578125,26.3671875,0.0,35.15625,0.0,21.4,6.5,-24.0,-0.0,-7.7,3.2
6.496185779571533,0.11148755076040086,-21.66554662689203,-97.88066715918501,119.54621415227811,-0.11148770029916305,-1.6100364642813913e-10,-4.1212159280863245,-23.672200312175477,-94.10567125431444,118.94687240608326,1.2551722352811274,-2.6299734468140623e-8,0.263671875,-22.236328125,-98.4375,119.1796875,-0.3515625,0.615234375,-39.55078125,-17.578125,26.3671875,0.0,35.15625,0.0,21.4,5.7,-24.1,-0.0,-10.9,3.2
6.502852916717529,-0.12966136242324405,-21.789448464237363,-97.69582884498843,119.48527679040163,0.12966121276844345,-5.09516034229571e-10,-4.348078342016033,-23.784218188067747,-93.86940636115848,118.85629342337575,1.4928001038699221,-4.2040259258448034e-8,-0.087890625,-22.32421875,-98.26171875,119.1796875,0.0,0.615234375,-39.55078125,-17.578125,26.3671875,0.0,35.15625,0.0,20.6,6.3,-24.9,-0.0,-7.7,3.2
6.509519815444946,-0.3702617139931891,-21.912686538026424,-97.5079727197035,119.42065785587063,0.370261564236167,-4.52921665975416e-9,-4.573894435192795,-23.89549850401302,-93.63054551653556,118.76217904918981,1.7297083242223148,-6.133328461007485e-8,-0.3515625,-22.5,-97.998046875,119.1796875,0.263671875,0.615234375,-39.55078125,-17.578125,26.3671875,0.0,35.15625,0.0,20.7,5.5,-24.9,0.8,-8.4,3.2
6.516186952590942,-0.6102953046409364,-22.03525773232681,-97.31708197506666,119.35233742452525,0.6102951547954412,-1.222585426851708e-8,-4.798647697006723,-24.006060950401853,-93.38907342644896,118.66451262033124,1.9658790192957067,-8.41785577779713e-8,-0.52734375,-22.587890625,-97.822265625,119.1796875,0.439453125,0.615234375,-39.55078125,-17.578125,26.3671875,0.0,35.15625,0.0,20.7,5.5,-24.9,1.6,-9.9,3.2
6.522853851318359,-0.8497059333670105,-22.157138298200685,-97.12315344336554,119.28028857988971,0.8497057834467883,-2.36193982793501e-8,-5.022283748010201,-24.115902295614582,-93.14499764790784,118.56327544493797,2.201256152275687,-1.1058714860509579e-7,-0.703125,-22.67578125,-97.646484375,119.1796875,0.703125,0.615234375,-39.55078125,-17.578125,26.3671875,0.0,35.15625,0.0,21.5,6.4,-24.9,1.6,-7.5,3.2
6.529521942138672,-1.0885277220337801,-22.27836335201291,-96.92623264602331,119.20459195959883,1.088527572052083,-3.8605285845511076e-8,-5.244850946179442,-24.225029128580086,-92.89834509882644,118.45854248518002,2.435878711810518,-1.4045467053580728e-7,-0.966796875,-22.8515625,-97.3828125,119.1796875,1.0546875,0.615234375,-39.55078125,-17.578125,30.76171875,0.0,35.15625,0.0,21.7,5.6,-24.9,3.4,-7.7,3.2
6.536189794540405,-1.3266740724666757,-22.398895766664634,-96.7263585254062,119.12524937920786,1.3266739224366952,-5.71818338253231e-8,-5.466269164306602,-24.333430558093745,-92.64917028880453,118.35032693460417,2.6696616906022648,-1.73769334156732e-7,-1.0546875,-22.939453125,-97.294921875,119.1796875,1.23046875,0.615234375,-26.3671875,-17.578125,30.76171875,0.0,39.55078125,0.0,22.5,5.6,-25.7,4.2,-9.0,3.2
6.542860984802246,-1.5642332123114255,-22.51878584905628,-96.52340699116681,119.04218705491427,1.5642330622463056,-7.937564893249299e-8,-5.686618647825814,-24.441169705430354,-92.39732960930692,118.23854549862206,2.9026909717374894,-2.1055792066189254e-7,-1.318359375,-23.02734375,-97.03125,119.1796875,1.494140625,0.615234375,-26.3671875,-17.578125,30.76171875,0.0,39.55078125,0.0,22.5,6.3,-25.6,4.0,-6.6,3.2
6.549529790878296,-1.8009871247352789,-22.637941200784464,-96.31763811402934,118.95557265981513,1.8009869746477167,-1.0505847210182562e-7,-5.905713461815537,-24.548137710602166,-92.14311673270046,118.12339045341717,3.134758105796209,-2.5067737139384984e-7,-1.494140625,-23.203125,-96.767578125,119.1796875,1.845703125,0.615234375,-26.3671875,-17.578125,30.76171875,0.0,39.55078125,0.0,23.4,5.5,-25.6,6.7,-6.9,3.2
6.556196928024292,-2.036926656424331,-22.756364975909687,-96.10902956934575,118.8653870233274,2.0369265063269224,-1.342271300588875e-7,-6.1235462191981656,-24.654360615096905,-91.88650834674053,118.00484431812953,3.365854384062497,-2.941194915894492e-7,-1.58203125,-23.203125,-96.6796875,119.1796875,1.93359375,0.615234375,-26.3671875,-17.578125,30.76171875,0.0,35.15625,0.0,24.2,6.3,-25.6,7.5,-9.1,3.2
6.562864780426025,-2.272097874784598,-22.874087273623346,-95.8974957624128,118.77157464973956,2.272097724689877,-1.6689761597923946e-7,-6.340158658270337,-24.759882463034213,-91.62740754529662,117.88284690762532,3.59602455946719,-3.408981223081984e-7,-1.845703125,-23.37890625,-96.416015625,119.091796875,2.197265625,0.615234375,-26.3671875,-17.578125,30.76171875,0.0,35.15625,0.0,24.2,5.6,-25.7,6.4,-6.7,3.2
6.5695319175720215,-2.5064389473361652,-22.991094492322606,-95.68316628976673,118.67425153419143,2.506438797256194,-2.0295270643854244e-7,-6.5555097958135935,-24.86466509454092,-91.3659454400816,117.75751967033152,3.8252134499224772,-3.908914261196904e-7,-2.109375,-23.5546875,-96.15234375,119.00390625,2.4609375,0.615234375,-26.3671875,-17.578125,30.76171875,0.0,35.15625,0.0,24.1,5.6,-26.5,8.0,-7.7,3.2
6.5761988162994385,-2.7399319809651925,-23.107385854774726,-95.46602439803067,118.57340014611107,2.7399318309119316,-2.4238676946068965e-7,-6.769584010427264,-24.968730887515676,-91.10210605338145,117.62884765764414,4.053403753948119,-4.440883658208476e-7,-2.28515625,-23.642578125,-95.9765625,118.916015625,2.63671875,0.615234375,-35.15625,-17.578125,30.76171875,0.0,35.15625,0.0,24.1,5.6,-25.7,8.0,-9.1,3.2
6.582865953445435,-2.9725555421466443,-23.22295837551784,-95.24604461344003,118.46899202632147,2.972555392131981,-2.852030731895555e-7,-6.982360971447446,-25.072093719208034,-90.83586606717847,117.49680560993968,4.280574218191214,-5.004861555098291e-7,-2.548828125,-23.73046875,-95.80078125,118.740234375,2.900390625,0.615234375,-35.15625,-17.578125,30.76171875,0.0,35.15625,0.0,24.1,5.6,-26.5,6.2,-6.7,3.2
6.589532852172852,-3.204284484261179,-23.337816591990475,-95.02332532516363,118.36113010150535,3.2042843342965366,-3.3128747026883294e-7,-7.1938333635074985,-25.174731459306443,-90.5673181458324,117.36149729362047,4.506705555516775,-5.599688206539824e-7,-2.8125,-23.90625,-95.537109375,118.564453125,3.1640625,0.615234375,-35.15625,-21.97265625,30.76171875,-21.97265625,35.15625,0.0,23.9,5.6,-27.3,7.2,-7.7,3.2
6.596199989318848,-3.435100982212461,-23.451960338939767,-94.79784934633693,118.24979701958421,3.4351008323091516,-3.8063122613137766e-7,-7.403985691411281,-25.276666770232744,-90.29644572879926,117.22290773693005,4.731780576076736,-6.225224187109672e-7,-2.98828125,-23.994140625,-95.361328125,118.4765625,3.33984375,0.615234375,-35.15625,-21.97265625,30.76171875,-21.97265625,35.15625,0.0,23.9,5.6,-27.3,8.0,-8.3,3.2
6.602867841720581,-3.6649835574822154,-23.565387325873672,-94.56959135374832,118.13496516690512,3.66498340765147,-4.332336643079541e-7,-7.612797754495122,-25.377913759839583,-90.02322544248375,117.08101231919052,4.955778064240157,-6.881403827037628e-7,-3.251953125,-24.08203125,-95.09765625,118.388671875,3.603515625,0.615234375,-35.15625,-21.97265625,30.76171875,-21.97265625,35.15625,0.0,23.1,5.6,-27.3,7.2,-5.9,3.2
6.6097588539123535,-3.9015492053657974,-23.6818611595383,-94.33088967749578,118.01273645221235,3.901549055621326,-4.908880539531759e-7,-7.827181023683153,-25.481798856694766,-89.73850687053692,116.9310177544197,5.186117463012548,-7.590406319060421e-7,-3.603515625,-24.2578125,-94.833984375,118.212890625,3.8671875,0.615234375,-35.15625,-13.18359375,35.15625,-17.578125,35.15625,0.0,22.4,4.8,-27.3,8.0,-6.8,3.2
6.616426944732666,-4.129436459844917,-23.79382514281116,-94.09716186787298,117.8909717852756,4.129436310194857,-5.498849306109579e-7,-8.033209215831887,-25.581617603377232,-89.4606956104154,116.78258905125196,5.407839789480319,-8.306475844936384e-7,-3.8671875,-24.345703125,-94.658203125,118.125,4.04296875,0.615234375,-39.55078125,-13.18359375,35.15625,-17.578125,30.76171875,0.0,22.4,4.7,-28.0,8.8,-9.2,3.2
6.623094797134399,-4.356289356860949,-23.90506041352145,-93.86078550016512,117.76582985101967,4.356289207315725,-6.119621995953798e-7,-8.237826829482882,-25.680739849469692,-89.18067097699296,116.63098494936918,5.62839373601103,-9.051281487670246e-7,-4.130859375,-24.43359375,-94.39453125,118.037109375,4.21875,0.615234375,-39.55078125,-13.18359375,35.15625,-17.578125,30.76171875,0.0,21.6,5.5,-27.2,8.8,-9.2,3.2
6.6297619342803955,-4.58207889715041,-24.015566635856885,-93.62183054724939,117.63738028660246,4.582078747720103,-6.7703467485432e-7,-8.44101805182406,-25.77914721026162,-88.8985007537343,116.47627680932054,5.847754613473999,-9.823947345157474e-7,-4.482421875,-24.521484375,-94.21875,117.7734375,4.482421875,0.615234375,-39.55078125,-17.578125,35.15625,-21.97265625,30.76171875,0.0,20.5,5.5,-28.0,8.0,-8.0,3.2
6.6364288330078125,-4.80677685759625,-24.125337782847016,-93.3802541097663,117.50557416576919,4.806776708290918,-7.451159330730718e-7,-8.642753614245844,-25.8768683374625,-88.61414657538887,116.31841968911581,6.065893670574758,-1.062454023382674e-6,-4.658203125,-24.609375,-94.04296875,117.685546875,4.74609375,0.615234375,-43.9453125,-17.578125,35.15625,-21.97265625,39.55078125,0.0,20.5,5.5,-29.0,8.8,-7.9,3.2
6.643106937408447,-5.030751595988967,-24.23456691997457,-93.1356820036246,117.37023036853495,5.030751446818588,-8.162544793121479e-7,-8.843372289972324,-25.97406985833441,-88.32715744124926,116.15718837385855,6.283171253990959,-1.1453727775213904e-6,-5.009765625,-24.697265625,-93.69140625,117.509765625,5.09765625,0.615234375,-43.9453125,-17.578125,35.15625,-21.97265625,39.55078125,0.0,19.7,5.7,-28.2,7.2,-4.7,3.2
6.649774789810181,-5.253272229947697,-24.342911217426764,-92.88895130452188,117.2318431434759,5.253272080921489,-8.901410396313678e-7,-9.042229375532498,-26.070429093820074,-88.03850134054872,115.99315982086824,6.4988817332243825,-1.2308027694666014e-6,-5.2734375,-24.873046875,-93.427734375,117.421875,5.2734375,0.615234375,-43.9453125,-17.578125,35.15625,-21.97265625,39.55078125,0.0,19.1,4.9,-28.2,8.0,-6.1,3.2
6.656441926956177,-5.47461424415846,-24.450513640046445,-92.63968864807191,117.0901820900024,5.474614095285786,-9.668801631942631e-7,-9.239567965056064,-26.166106880340873,-87.74775160442242,115.82607228055765,6.713291116430569,-1.318857843443899e-6,-5.44921875,-24.9609375,-93.251953125,117.24609375,5.44921875,0.615234375,-39.55078125,-17.578125,35.15625,-21.97265625,35.15625,0.0,19.1,4.9,-28.8,8.8,-7.5,3.2
6.663120985031128,-5.695182806417787,-24.55758436792373,-92.38746449246946,116.94502784488732,5.6951826577079965,-1.0465440397114762e-6,-9.43575770483071,-26.26128348898564,-87.45439594938247,115.65565822862311,6.926794766200697,-1.4096300612980943e-6,-5.712890625,-25.048828125,-92.98828125,117.158203125,5.625,0.615234375,-39.55078125,-17.578125,35.15625,-21.97265625,35.15625,0.0,19.1,4.7,-28.8,8.0,-5.9,3.2
6.669787883758545,-5.914173084628055,-24.66374600775332,-92.13323778614257,116.79696196622766,5.914172936089597,-1.128764876750095e-6,-9.630092327068684,-26.355607095232287,-87.15953616838749,115.48258952811578,7.138616926775601,-1.5027109130046895e-6,-5.888671875,-25.13671875,-92.724609375,117.0703125,5.80078125,0.615234375,-39.55078125,-13.18359375,35.15625,-17.578125,35.15625,0.0,19.1,5.5,-28.8,8.8,-7.0,3.2
6.676454782485962,-6.131941425865586,-24.76918077029773,-91.87652487680894,116.64568301115654,6.131941277507146,-1.2136870980256597e-6,-9.822884838286809,-26.44927252924689,-86.86262100251336,115.30652429532799,7.34910121447767,-1.598257567198955e-6,-6.15234375,-25.3125,-92.4609375,116.89453125,5.9765625,0.615234375,-35.15625,-13.18359375,35.15625,-17.578125,21.97265625,0.0,19.1,4.9,-28.9,10.6,-9.1,3.2
6.683121919631958,-6.348487482018377,-24.873901955738596,-91.61736764747525,116.4912461628573,6.348487333848327,-1.3012298751645639e-6,-10.014144783184474,-26.5422839549766,-86.56368505090416,115.12751574257432,7.558250686515829,-1.6961893359358415e-6,-6.416015625,-25.400390625,-92.197265625,116.71875,6.15234375,0.615234375,-35.15625,-13.18359375,35.15625,-17.578125,21.97265625,0.0,18.3,4.9,-28.9,10.4,-9.1,3.2
6.689788818359375,-6.563787201759015,-24.9779108157638,-91.35583156078866,116.3337181357486,6.5637870537854095,-1.3913078650144508e-6,-10.203859975462974,-26.634626933488246,-86.26279131342487,114.94563140113027,7.766045240313414,-1.7964197703801024e-6,-6.591796875,-25.48828125,-91.93359375,116.54296875,6.416015625,0.615234375,-35.15625,-17.578125,35.15625,-21.97265625,21.97265625,0.0,19.2,4.9,-28.9,8.6,-6.3,3.2
6.696455955505371,-6.777809808394512,-25.081202278481953,-91.09187280043453,116.17305004171322,6.777809660625356,-1.4839236491695303e-6,-10.391998871795314,-26.726328910436578,-85.95990049966916,114.76082614141457,7.972453716600878,-1.8989447486895666e-6,-6.767578125,-25.576171875,-91.669921875,116.279296875,6.6796875,0.615234375,-30.76171875,-17.578125,35.15625,-21.97265625,35.15625,0.0,19.2,4.7,-29.6,8.6,-7.0,3.2
6.703122854232788,-6.990534000811935,-25.183779187971396,-90.8255607632174,116.00931412171042,6.990533853254905,-1.5789861199030932e-6,-10.578552444602282,-26.817384531033426,-85.65507872731003,114.5731724912499,8.177458929691372,-2.0036727107237637e-6,-6.943359375,-25.6640625,-91.494140625,116.103515625,6.85546875,0.615234375,-30.76171875,-17.578125,35.15625,-21.97265625,35.15625,0.0,19.2,4.7,-30.4,9.6,-7.8,3.2
6.709789991378784,-7.201968193613355,-25.285658149638206,-90.5569224120893,115.84255394406404,7.201968046275848,-1.676422789250637e-6,-10.763536898389974,-26.907793155739746,-85.34834477221285,114.38271107590235,8.381072053123379,-2.1105319666811725e-6,-7.119140625,-25.83984375,-91.142578125,115.927734375,7.119140625,0.615234375,-30.76171875,-13.18359375,39.55078125,-30.76171875,35.15625,0.0,20.0,3.9,-29.6,7.8,-5.8,3.2
6.716457843780518,-7.412081017034414,-25.38683450615131,-90.28591412319088,115.67272122767667,7.4120808699237735,-1.7762320669328748e-6,-10.946920205968901,-26.997581853786276,-85.03965947816255,114.18939726594283,8.5832613891488,-2.21951432882061e-6,-7.294921875,-25.927734375,-90.87890625,115.751953125,7.3828125,0.615234375,-26.3671875,-13.18359375,39.55078125,-30.76171875,30.76171875,0.0,20.0,4.0,-29.6,7.8,-6.2,3.2
6.723136901855469,-7.621195555751958,-25.487476416876078,-90.01215336898369,115.49960160316792,7.621195408875598,-1.8784922874187705e-6,-11.128992723974271,-27.086891535085392,-84.72857590060455,113.9929785707078,8.78434076079467,-2.3307126532570275e-6,-7.470703125,-26.015625,-90.615234375,115.576171875,7.470703125,0.615234375,-26.3671875,-13.18359375,39.55078125,-30.76171875,30.76171875,0.0,20.0,4.0,-29.6,10.6,-7.8,3.2
6.729804992675781,-7.828612529736649,-25.587259520186123,-89.73659415387915,115.32382471593472,7.828612383100925,-1.9827846237991914e-6,-11.309154212128867,-27.175419603064384,-84.4161664035743,113.79416047918161,8.983640762778979,-2.4436789748566092e-6,-7.55859375,-26.103515625,-90.3515625,115.400390625,7.734375,0.615234375,-26.3671875,-17.578125,43.9453125,-26.3671875,30.76171875,0.0,21.8,4.0,-29.6,8.8,-5.7,3.2
6.736471891403198,-8.0345924691505,-25.686320370419736,-89.45881424720852,115.14510488865196,8.034592322762016,-2.089243403395974e-6,-11.487627252783708,-27.263317840327964,-84.10196080021291,113.592628205924,9.181410556549618,-2.558553852362499e-6,-7.734375,-26.19140625,-90.0,115.13671875,7.998046875,0.615234375,-21.97265625,-17.578125,43.9453125,-26.3671875,35.15625,0.0,21.8,3.9,-29.7,8.8,-6.3,3.2
6.743149995803833,-8.239515080785937,-25.78485382670517,-89.17834403442464,114.96316736448236,8.239514934651474,-2.1979841746059423e-6,-11.664749761336193,-27.35074958060165,-83.78541577760501,113.3880627433231,9.378017832674907,-2.6754694461956404e-6,-7.91015625,-26.279296875,-89.82421875,115.048828125,8.0859375,0.615234375,-21.97265625,-17.578125,43.9453125,-26.3671875,35.15625,0.0,21.8,3.9,-30.5,10.6,-7.1,3.2
6.749817848205566,-8.442717417429868,-25.882552858270927,-88.8961271515971,114.77864875120986,8.44271727155513,-2.3085803030270564e-6,-11.839956752135238,-27.437428919064807,-83.4675856029169,113.18117183884429,9.5728293623656,-2.7939735842582618e-6,-8.173828125,-26.3671875,-89.560546875,114.78515625,8.349609375,0.615234375,-21.97265625,-13.18359375,39.55078125,-30.76171875,35.15625,0.0,20.9,3.9,-30.5,8.6,-4.9,3.2
6.7564849853515625,-8.644445642160878,-25.97954759274295,-88.61174099803169,114.59125657482383,8.644445496551832,-2.421168374688312e-6,-12.013456296520829,-27.52350105587617,-83.14800292318671,112.97163566760345,9.766079831910929,-2.914207730541604e-6,-8.349609375,-26.455078125,-89.208984375,114.521484375,8.525390625,0.615234375,-26.3671875,-13.18359375,39.55078125,-30.76171875,26.3671875,0.0,21.7,4.0,-30.4,8.6,-7.0,3.2
6.7631518840789795,-8.844717802656913,-26.075858417156763,-88.32521894675656,114.40104459532856,8.84471765731925,-2.535667740216883e-6,-12.185274147806226,-27.6089735938927,-82.82669111350013,112.7595035388255,9.95779010396067,-3.0360941035075683e-6,-8.525390625,-26.54296875,-89.033203125,114.345703125,8.61328125,0.615234375,-26.3671875,-13.18359375,39.55078125,-30.76171875,26.3671875,0.0,20.9,4.0,-30.4,9.6,-7.8,3.2
6.7698187828063965,-9.04353758717652,-26.171498389676824,-88.03659140654369,114.20805627965143,9.043537442115694,-2.652006658444976e-6,-12.355421087751202,-27.69384554647624,-82.50367417387774,112.54481644280956,10.147966397308794,-3.159562207260156e-6,-8.7890625,-26.630859375,-88.76953125,113.994140625,8.876953125,0.615234375,-26.3671875,-13.18359375,39.55078125,-35.15625,26.3671875,0.0,20.7,4.0,-31.2,6.9,-5.9,3.2
6.776485919952393,-9.240864381101565,-26.266460353941596,-87.7458251034923,114.01225119766377,9.240864236322949,-2.770167539344597e-6,-12.523857007916956,-27.778139247252632,-82.17892455250399,112.3275381592164,10.336568171913605,-3.284587965258628e-6,-9.052734375,-26.806640625,-88.41796875,113.73046875,9.140625,0.615234375,-35.15625,-13.18359375,39.55078125,-35.15625,30.76171875,0.0,19.9,3.1,-31.2,6.9,-6.2,3.2
6.783163785934448,-9.43701029476889,-26.360905706324928,-87.45250970362852,113.8133804105991,9.437010150278025,-2.8902536197488335e-6,-12.69085722463465,-27.861987321539086,-81.85197197559495,112.10738345792221,10.523896868601248,-3.4112874318548922e-6,-9.140625,-26.89453125,-88.2421875,113.642578125,9.228515625,0.615234375,-35.15625,-13.18359375,39.55078125,-35.15625,30.76171875,0.0,19.9,3.1,-31.2,8.8,-7.8,3.2
6.789830923080444,-9.631343073989795,-26.454540853743744,-87.15762752179539,113.61213264260877,9.631342929791064,-3.0118038129730862e-6,-12.85589083273496,-27.94511706523764,-81.52390164950066,111.88510757083837,10.70935127666629,-3.5391796120831254e-6,-9.404296875,-26.982421875,-87.978515625,113.466796875,9.404296875,0.615234375,-35.15625,-17.578125,39.55078125,-30.76171875,30.76171875,0.0,19.9,3.1,-32.0,8.0,-6.6,3.2
6.796499967575073,-9.824185475684882,-26.547534234640747,-86.86060074600303,113.40809851891129,9.82418533178311,-3.1350195213152416e-6,-13.01922700020601,-28.02770600694759,-81.19407908122199,111.66026576801855,10.893237877038995,-3.668471820186292e-6,-9.755859375,-27.0703125,-87.626953125,113.291015625,9.66796875,0.615234375,-30.76171875,-17.578125,39.55078125,-30.76171875,26.3671875,0.0,18.3,3.2,-32.1,8.8,-7.0,3.2
6.80316686630249,-10.015429170096924,-26.639843897308804,-86.56166332588131,113.2014700378536,10.015429026496498,-3.2597389153473446e-6,-13.180784201351166,-28.10970537875054,-80.86275024719195,111.4330591949788,11.075456952822345,-3.799001873185596e-6,-9.931640625,-27.158203125,-87.36328125,113.203125,9.84375,0.615234375,-30.76171875,-17.578125,39.55078125,-30.76171875,26.3671875,0.0,18.3,3.2,-32.1,11.5,-7.3,3.2
6.809833765029907,-10.20513490215224,-26.731509511470144,-86.2607575845337,112.9922291920413,10.205134758857398,-3.385928235273729e-6,-13.340620851162118,-28.191139281915362,-80.52984192515225,111.20346121347733,11.256068907533693,-3.930739518089543e-6,-10.1953125,-27.24609375,-87.099609375,112.939453125,10.01953125,0.615234375,-30.76171875,-13.18359375,43.9453125,-26.3671875,26.3671875,0.0,17.3,3.2,-32.1,9.6,-5.7,3.2
6.816500902175903,-10.393261075119135,-26.822524629225995,-85.95785095843122,112.78033697018869,10.393260932134037,-3.5135616325114583e-6,-13.498695927428855,-28.272028927985318,-80.19532724371011,110.97143684988282,11.435032271579631,-4.063652748658289e-6,-10.458984375,-27.333984375,-86.748046875,112.763671875,10.283203125,0.615234375,-39.55078125,-13.18359375,43.9453125,-26.3671875,30.76171875,0.0,16.5,3.2,-32.1,9.6,-7.0,3.2
6.82316780090332,-10.57980502539493,-26.912897473080847,-85.6530174707628,112.56587561801672,10.579804882723458,-3.642545195242305e-6,-13.655017258378944,-28.352370100111195,-79.85927457827498,110.73706610914738,11.61234803908764,-4.197650985162303e-6,-10.72265625,-27.509765625,-86.484375,112.587890625,10.37109375,0.615234375,-39.55078125,-13.18359375,43.9453125,-26.3671875,30.76171875,0.0,14.9,2.4,-32.1,11.2,-7.4,3.2
6.829834938049316,-10.76477979001412,-27.002644264356423,-85.3462719231698,112.34887615845058,10.764779647659962,-3.772816154507495e-6,-13.809602423338005,-28.432166340423812,-79.52169160923593,110.50037656136666,11.788030980602711,-4.332673621543092e-6,-10.8984375,-27.509765625,-86.220703125,112.412109375,10.546875,0.615234375,-39.55078125,-13.18359375,43.9453125,-30.76171875,30.76171875,0.0,15.0,3.2,-32.1,12.0,-7.4,3.2
6.83650279045105,-10.948150078017285,-27.091762157021794,-85.03757136259605,112.12929279252377,10.94814993598405,-3.904349139383357e-6,-13.962415645975904,-28.51144119821379,-79.1825399383567,110.26132564293509,11.962045623333044,-4.468689516237846e-6,-11.162109375,-27.685546875,-85.869140625,112.1484375,10.810546875,0.615234375,-30.76171875,-13.18359375,43.9453125,-30.76171875,26.3671875,0.0,15.0,2.3,-32.1,10.6,-5.4,3.2
6.843173980712891,-11.129999193822348,-27.18030048050217,-84.72684397640799,111.90710303672992,11.129999052113533,-4.037114572719261e-6,-14.113535889442664,-28.590227006969357,-78.84172822919935,110.01987957477698,12.134474371982748,-4.605674660888049e-6,-11.25,-27.7734375,-85.60546875,112.060546875,10.986328125,0.615234375,-30.76171875,-13.18359375,43.9453125,-30.76171875,26.3671875,0.0,15.0,2.3,-32.9,11.0,-5.6,3.2
6.84984278678894,-11.310171773191597,-27.268193024244386,-84.4143916636385,111.68254258015455,11.310171631810219,-4.170928044718169e-6,-14.262840404578865,-28.668454360552595,-78.49957941435842,109.77628845974881,12.305172192314416,-4.743443093080634e-6,-11.42578125,-27.7734375,-85.341796875,111.884765625,11.07421875,0.615234375,-30.76171875,-13.18359375,43.9453125,-21.97265625,26.3671875,0.0,15.1,3.1,-32.9,12.2,-5.6,3.2
6.8565099239349365,-11.48863998681815,-27.35544096208212,-84.10016240172735,111.45556057416641,11.488639845767155,-4.305763976931269e-6,-14.410299907977844,-28.7461495921261,-78.15604463523455,109.53050373440918,12.474110799151154,-4.8819639936105966e-6,-11.6015625,-27.94921875,-84.90234375,111.62109375,11.25,0.615234375,-26.3671875,-13.18359375,43.9453125,-21.97265625,21.97265625,0.0,15.1,2.3,-32.8,13.0,-8.0,3.2
6.8631768226623535,-11.66545812015417,-27.442078492985253,-83.78414073856416,111.22617576544064,11.66545797943634,-4.4415706858809755e-6,-14.555969468122118,-28.8233312255234,-77.81109393540295,109.28253592812484,12.641345151530093,-5.0211911211159865e-6,-11.77734375,-27.94921875,-84.7265625,111.4453125,11.337890625,0.615234375,-26.3671875,-13.18359375,43.9453125,-21.97265625,21.97265625,0.0,15.1,2.3,-33.6,14.4,-8.3,3.2
6.86984395980835,-11.840640362702127,-27.528121493049,-83.46633829197738,110.99441564786207,11.840640222320093,-4.5782890134139074e-6,-14.69986686473441,-28.90000351576009,-77.4647322151416,109.03240904005636,12.806890860054033,-5.1610678479193056e-6,-11.953125,-28.125,-84.375,111.09375,11.6015625,0.615234375,-26.3671875,-13.18359375,43.9453125,-35.15625,21.97265625,0.0,14.4,1.5,-33.6,12.0,-5.9,3.2
6.876521825790405,-12.01440969543249,-27.613695545952936,-83.14623147438579,110.75988221666316,12.014409555389296,-4.716093081408051e-6,-14.842167274054535,-28.97630288034695,-77.11639847469348,108.77970109980791,12.970956147076926,-5.301766976186981e-6,-12.041015625,-28.212890625,-84.0234375,110.7421875,11.865234375,0.615234375,-26.3671875,-13.18359375,43.9453125,-35.15625,26.3671875,0.0,16.0,2.5,-33.7,11.2,-6.1,3.2
6.883188962936401,-12.186225290595647,-27.698541081566532,-82.82489952910905,110.52339514713246,12.186225150893039,-4.854462646393543e-6,-14.982437885394363,-29.05198561019553,-76.76725454196108,108.52528591264618,13.133033906836118,-5.442763888362689e-6,-12.12890625,-28.212890625,-83.84765625,110.56640625,11.865234375,0.615234375,-26.3671875,-13.18359375,43.9453125,-35.15625,26.3671875,0.0,16.0,2.5,-33.7,12.0,-7.7,3.2
6.889856815338135,-12.356388008479628,-27.782814592470125,-82.50182771453026,110.28459618909703,12.356387869119766,-4.993566395071152e-6,-15.120931078170155,-29.127182183698885,-76.416732636386,108.26877178226108,13.29341035771705,-5.584234818638932e-6,-12.3046875,-28.30078125,-83.49609375,110.21484375,12.12890625,0.615234375,-26.3671875,-13.18359375,43.9453125,-43.9453125,26.3671875,0.0,16.1,2.5,-34.5,10.4,-5.8,3.2
6.8965349197387695,-12.525087751742912,-27.866627029245493,-82.17653072827106,110.04311099001976,12.525087612728328,-5.133558102304047e-6,-15.257792864014245,-29.20201527981987,-76.06431581602997,108.00976393172922,13.452261814761577,-5.7263308167714095e-6,-12.392578125,-28.388671875,-83.056640625,109.775390625,12.3046875,0.615234375,-17.578125,-13.18359375,43.9453125,-43.9453125,30.76171875,0.0,16.9,2.4,-33.6,8.8,-7.0,3.2
6.903202772140503,-12.691827453500482,-27.94973697807456,-81.85005857247151,109.79974814016444,12.691827314832453,-5.27393323717841e-6,-15.39263043151254,-29.276256397926893,-75.7111289454674,107.74912017697693,13.609123863558338,-5.8685463359873396e-6,-12.48046875,-28.4765625,-82.880859375,109.6875,12.48046875,0.615234375,-17.578125,-13.18359375,43.9453125,-43.9453125,30.76171875,0.0,16.9,2.4,-33.6,11.0,-6.2,3.2
6.909881830215454,-12.85714592705368,-28.032421086353537,-81.52139184544549,109.55376488318198,12.857145788734448,-5.415078398639863e-6,-15.525884865329317,-29.35014454446612,-75.35606247590144,107.48604002298501,13.764505341621334,-6.011276437179425e-6,-12.568359375,-28.564453125,-82.44140625,109.248046875,12.65625,0.615234375,-17.578125,-13.18359375,48.33984375,-43.9453125,30.76171875,0.0,17.7,2.4,-33.6,8.8,-4.9,3.2
6.91654896736145,-13.020419845526936,-28.114384802891486,-81.19164896160449,109.30598508469254,13.02041970755741,-5.556454525093823e-6,-15.657045454815592,-29.423439573046785,-75.00033325042159,107.22141101014256,13.917817824462624,-6.153971147971212e-6,-12.744140625,-28.65234375,-82.177734375,109.072265625,12.83203125,0.615234375,-17.578125,-13.18359375,48.33984375,-43.9453125,21.97265625,0.0,17.7,2.4,-34.4,8.8,-6.2,3.2
6.923215866088867,-13.181965574507846,-28.195790070492528,-80.86030950965761,109.0560502750194,13.18196543688937,-5.698236379561773e-6,-15.786378749132737,-29.49627219178561,-74.64336539810995,106.95483954243318,14.069362648854355,-6.296814386911006e-6,-12.83203125,-28.740234375,-81.9140625,108.80859375,12.919921875,0.615234375,-17.578125,-13.18359375,48.33984375,-43.9453125,21.97265625,0.0,18.5,1.6,-34.4,10.4,-6.2,3.2
6.92988395690918,-13.341819168313407,-28.27666288774793,-80.52733105868154,108.80394402170981,13.341819031047246,-5.840391706335237e-6,-15.913918327128956,-29.568658810779898,-74.28510730196712,106.68630367145889,14.21917536138866,-6.439776606853044e-6,-13.095703125,-28.828125,-81.5625,108.544921875,13.095703125,0.615234375,-17.578125,-13.18359375,48.33984375,-39.55078125,21.97265625,0.0,16.9,1.6,-34.4,9.6,-5.0,3.2
6.936550855636597,-13.4998728292775,-28.35696656614463,-80.19281423512324,108.54973026311073,13.499872692364676,-5.982815516818048e-6,-16.03956953254218,-29.640588339445884,-73.92567557618369,106.41587756030059,14.367152259726863,-6.582747398657855e-6,-13.271484375,-28.916015625,-81.2109375,108.369140625,13.18359375,0.615234375,-21.97265625,-13.18359375,48.33984375,-39.55078125,21.97265625,0.0,16.9,1.6,-34.5,9.6,-7.0,3.2
6.943217992782593,-13.656187879054137,-28.436735002995455,-79.85673911977482,108.29342297712124,13.65618774249559,-6.1254709948945545e-6,-16.163392396766785,-29.712077430209828,-73.56503608426841,106.14356661399947,14.513354644104428,-6.725696475133807e-6,-13.359375,-28.916015625,-81.03515625,108.193359375,13.359375,0.615234375,-21.97265625,-13.18359375,48.33984375,-39.55078125,21.97265625,0.0,16.9,2.4,-35.3,12.0,-6.2,3.2
6.949886798858643,-13.810799631998794,-28.515993635070732,-79.51906116969319,108.03500305745133,13.810799495795402,-6.268327881185383e-6,-16.28541932340585,-29.783142264061325,-73.20313553436893,105.86934636932081,14.657817170004027,-6.868596236071231e-6,-13.53515625,-29.00390625,-80.595703125,107.9296875,13.53515625,0.615234375,-21.97265625,-8.7890625,43.9453125,-35.15625,21.97265625,0.0,16.8,2.4,-34.5,11.2,-5.0,3.2
6.956553936004639,-13.963580058765064,-28.594695401999594,-79.17993193772831,107.77457499707535,13.96357992291741,-6.41125678328106e-6,-16.405540151780365,-29.853761578674828,-72.84014455415267,105.59333349227157,14.800417393994792,-7.011312453180001e-6,-13.7109375,-29.1796875,-80.33203125,107.666015625,13.7109375,0.615234375,-21.97265625,-8.7890625,43.9453125,-35.15625,21.97265625,0.0,16.8,1.6,-35.3,10.4,-6.2,3.2
6.963220834732056,-14.114591368658271,-28.67287377936302,-78.83932968698153,107.51215053446678,14.114591233166863,-6.554225523453455e-6,-16.52381527061963,-29.92395181636115,-72.4760274466427,105.31553119493189,14.941217319308759,-7.15381953926441e-6,-13.88671875,-29.1796875,-79.98046875,107.490234375,13.798828125,0.615234375,-21.97265625,-8.7890625,43.9453125,-35.15625,21.97265625,0.0,16.0,1.6,-34.5,12.8,-6.2,3.2
6.969887971878052,-14.263847425241742,-28.75054273413112,-78.4972573777367,107.24774659684681,14.26384729010698,-6.6971853075633245e-6,-16.640259945004956,-29.993719185703018,-72.11078204248568,105.03595330396986,15.080231484162473,-7.296071518242349e-6,-14.0625,-29.267578125,-79.62890625,107.138671875,13.974609375,0.615234375,-21.97265625,-13.18359375,52.734375,-35.15625,21.97265625,0.0,15.8,1.6,-35.3,12.2,-5.0,3.2
6.976556777954102,-14.411329053952112,-28.827711738721998,-78.15362466412579,106.98128231083905,14.411328919174373,-6.840105390061147e-6,-16.75484945621397,-30.063092263231304,-71.74432010655889,104.75451994351678,15.217439008942886,-7.438032901796785e-6,-14.23828125,-29.443359375,-79.27734375,106.875,14.150390625,0.615234375,-26.3671875,-13.18359375,52.734375,-35.15625,21.97265625,0.0,15.0,0.7,-35.2,12.2,-6.2,3.2
6.983223915100098,-14.556992454467608,-28.904358247864117,-77.80865260983077,106.71295619505925,14.556992320046945,-6.982856105524739e-6,-16.867561139658573,-30.132037411084376,-71.37686559617566,104.47143202787954,15.352803032883063,-7.579581178018212e-6,-14.4140625,-29.443359375,-79.013671875,106.69921875,14.23828125,0.615234375,-26.3671875,-13.18359375,52.734375,-35.15625,21.97265625,0.0,14.2,1.5,-35.2,13.6,-6.6,3.2
6.989891767501831,-14.700893788144512,-28.980518004911378,-77.46224474729426,106.44270752510637,14.700893654080984,-7.125431491889509e-6,-16.978442798575063,-30.200580686497904,-71.00831064523719,104.18662151526438,15.486377331758609,-7.720713022248572e-6,-14.677734375,-29.53125,-78.662109375,106.34765625,14.4140625,0.615234375,-26.3671875,-13.18359375,48.33984375,-39.55078125,21.97265625,0.0,13.4,1.5,-36.0,12.0,-5.0,3.2
6.996558904647827,-14.842951707124389,-29.056168020178823,-77.11446000203784,106.17057223713675,14.842951573417883,-7.267736276569647e-6,-17.087421642409257,-30.26872064280642,-70.63872592096143,103.90013157005451,15.61808326876574,-7.861329238374428e-6,-14.853515625,-29.619140625,-78.310546875,105.99609375,14.58984375,0.615234375,-30.76171875,-13.18359375,48.33984375,-39.55078125,21.97265625,0.0,12.6,1.5,-36.1,10.4,-6.2,3.2
7.003225803375244,-14.98320828325398,-29.131329641721216,-76.76532175537406,105.89659506038724,14.983208149904264,-7.409727400917894e-6,-17.194541613590495,-30.33646329456631,-70.26812476232966,103.61200073889196,15.747963820708536,-8.001393554130016e-6,-15.029296875,-29.70703125,-78.046875,105.8203125,14.677734375,0.615234375,-30.76171875,-13.18359375,48.33984375,-39.55078125,21.97265625,0.0,12.6,0.7,-36.1,11.7,-6.6,3.2
7.00989294052124,-15.121677681570667,-29.206016264005296,-76.41483081355769,105.62079019554666,15.121677548577441,-7.551360084432357e-6,-17.299817594544198,-30.403814864729938,-69.89650335457694,103.32224024748207,15.876033590152586,-8.140864172766876e-6,-15.205078125,-29.70703125,-77.6953125,105.46875,14.853515625,0.615234375,-30.76171875,-8.7890625,48.33984375,-43.9453125,21.97265625,0.0,11.8,1.5,-36.1,12.3,-5.0,3.2
7.016559839248657,-15.258299729394324,-29.280216259911207,-76.06299797645013,105.34315681559573,15.25829959675714,-7.692556453721016e-6,-17.40319320477694,-30.47078328000935,-69.52388103236524,103.03085429263908,16.002233633376363,-8.279659495409895e-6,-15.29296875,-29.8828125,-77.255859375,105.205078125,14.94140625,0.615234375,-26.3671875,-8.7890625,48.33984375,-43.9453125,21.97265625,0.0,11.8,0.9,-36.0,11.5,-7.1,3.2
7.023226976394653,-15.393116797477933,-29.353950397846337,-75.7098446680224,105.06373711278081,15.393116665196274,-7.833278225183782e-6,-17.504712222304637,-30.537374360875436,-69.15026952072803,102.73787900758163,16.126607060218547,-8.417747972591026e-6,-15.380859375,-29.8828125,-77.080078125,105.029296875,15.029296875,0.615234375,-26.3671875,-8.7890625,48.33984375,-43.9453125,21.97265625,0.0,11.8,0.9,-36.8,12.8,-6.5,3.2
7.02989387512207,-15.52612393107891,-29.427221245059073,-75.35542127980138,104.7825840459203,15.526123799152128,-7.973462602082002e-6,-17.604374859761347,-30.603584726895914,-68.77571776837172,102.44336638151229,16.249150737812236,-8.555070260942437e-6,-15.556640625,-29.970703125,-76.640625,104.765625,15.205078125,0.615234375,-26.3671875,-13.18359375,52.734375,-35.15625,17.578125,0.0,11.9,0.9,-36.0,13.8,-4.9,3.2
7.036574840545654,-15.65755046438611,-29.50017857084378,-74.99895002010086,104.49906959171724,15.657550332814203,-8.113337785920327e-6,-17.70234011111737,-30.669567614393497,-68.39941296170628,102.14666432669739,16.370071957142095,-8.69184410054109e-6,-15.64453125,-30.05859375,-76.2890625,104.4140625,15.380859375,0.615234375,-17.578125,-13.18359375,52.734375,-35.15625,17.578125,0.0,11.9,0.7,-36.9,12.2,-5.4,3.2
7.043251991271973,-15.787074924864907,-29.57264137168695,-74.64142799251692,104.21400985156079,15.787074793646827,-8.252484751815548e-6,-17.798379361313188,-30.73514623163939,-68.02239787440851,101.8486195641432,16.489078668263353,-8.827665352818446e-6,-15.732421875,-30.05859375,-76.025390625,104.150390625,15.46875,0.615234375,-17.578125,-13.18359375,52.734375,-35.15625,17.578125,0.0,11.9,1.5,-36.9,13.4,-5.7,3.2
7.04991888999939,-15.914582870715824,-29.644548741996314,-74.28322802613441,103.92771674942311,15.914582739850097,-8.390720648428126e-6,-17.892413077281706,-30.800260503489486,-67.64506046840859,101.5495540692197,16.60606759820746,-8.962358392998542e-6,-15.908203125,-30.146484375,-75.5859375,103.88671875,15.556640625,0.615234375,-17.578125,-8.7890625,48.33984375,-43.9453125,17.578125,0.0,12.0,1.5,-36.1,13.9,-4.9,3.2
7.056585788726807,-16.040222508367073,-29.71600612817948,-73.9237886879235,103.63973429809977,16.040222377852658,-8.52818550119945e-6,-17.984539322680916,-30.86502279860496,-67.26681669112037,101.24899589996369,16.721171252459776,-9.096054818631699e-6,-15.99609375,-30.234375,-75.234375,103.53515625,15.64453125,0.615234375,-17.578125,-8.7890625,48.33984375,-43.9453125,17.578125,0.0,12.0,1.6,-36.8,12.3,-6.4,3.2
7.0632548332214355,-16.1640718587857,-29.787051928313204,-73.56304024865796,103.35003116616718,16.164071728621582,-8.664886522918034e-6,-18.07482837980277,-30.929454318416564,-66.8875824223947,100.94690438691333,16.834465485453755,-9.228768009887095e-6,-16.083984375,-30.322265625,-74.970703125,103.271484375,15.732421875,0.615234375,-17.578125,-8.7890625,48.33984375,-43.9453125,17.578125,0.0,12.0,0.8,-36.8,13.3,-6.5,3.2
7.069921970367432,-16.286059240580133,-29.85764990748524,-73.20122453820079,103.05881294888495,16.286059110765006,-8.80069165347442e-6,-18.1632311496558,-30.993517984058823,-66.50760858503807,100.64349100691429,16.945885891348567,-9.360371554714259e-6,-16.259765625,-30.41015625,-74.619140625,102.919921875,15.908203125,0.615234375,-17.578125,-8.7890625,52.734375,-43.9453125,17.578125,0.0,11.1,0.8,-37.6,13.0,-4.9,3.2
7.076599836349487,-16.40635999613989,-29.927927110015396,-72.83764108152967,102.76550621485653,16.406359866672997,-8.935779514839217e-6,-18.24986042207233,-31.05734544608985,-66.12616866235943,100.3381637058525,17.055588171803883,-9.491032505234393e-6,-16.259765625,-30.498046875,-74.1796875,102.65625,16.083984375,0.615234375,-17.578125,-8.7890625,52.734375,-43.9453125,17.578125,0.0,11.9,0.9,-37.6,12.2,-5.4,3.2
7.083266973495483,-16.524627839447792,-29.997673089835324,-72.47350389939459,102.47111454018116,16.52462771032718,-9.06968527500503e-6,-18.334480813793967,-31.120731840520836,-65.74452561775851,100.03195927856663,17.163261199509073,-9.620307853417181e-6,-16.34765625,-30.498046875,-73.916015625,102.48046875,16.171875,0.615234375,-17.578125,-8.7890625,52.734375,-43.9453125,17.578125,0.0,11.9,0.9,-37.6,14.4,-5.7,3.2
7.089934825897217,-16.641073382801906,-30.067015128039436,-72.10821229889625,102.1751645122375,16.641073254026164,-9.20259392659125e-6,-18.41724717886676,-31.18378908472173,-65.3620461499968,99.72438206473008,17.269098199897392,-9.748378387084756e-6,-16.34765625,-30.5859375,-73.4765625,102.12890625,16.259765625,0.615234375,-17.578125,-13.18359375,52.734375,-43.9453125,17.578125,0.0,13.8,0.9,-37.6,13.8,-4.9,3.2
7.096602916717529,-16.755635056588325,-30.13594236000531,-71.7417804616431,101.87765944826455,16.755634928155885,-9.334416003909406e-6,-18.49810142515858,-31.24652279678427,-64.97875376023715,99.4154404121369,17.37303874841169,-9.875151999112945e-6,-16.435546875,-30.673828125,-73.125,101.77734375,16.34765625,0.615234375,-4.39453125,-13.18359375,52.734375,-43.9453125,17.578125,0.0,13.8,0.7,-37.6,12.2,-6.4,3.2
7.103270769119263,-16.868347158966568,-30.204465058378464,-71.37427974875439,101.57868098192563,16.8683470308758,-9.465117717223673e-6,-18.577082635674262,-31.308928621737884,-64.59471256842389,99.10521130712337,17.475118884820578,-1.000060299829217e-5,-16.5234375,-30.673828125,-72.861328125,101.6015625,16.435546875,0.615234375,-4.39453125,-13.18359375,52.734375,-43.9453125,17.578125,0.0,13.8,1.5,-37.6,14.2,-6.5,3.2
7.109938859939575,-16.979220985435045,-30.272594399791828,-71.0057048768859,101.27823500648744,16.979220857684275,-9.594663368052548e-6,-18.654201382610676,-31.371013314826357,-64.20991460566698,98.79369840568117,17.575349826414246,-1.0124698593145173e-5,-16.611328125,-30.849609375,-72.421875,101.162109375,16.611328125,0.615234375,-4.39453125,-8.7890625,52.734375,-43.9453125,17.578125,0.0,13.7,0.7,-37.6,13.8,-4.9,3.2
7.116605997085571,-17.08818403453165,-30.34031264911092,-70.63611129724501,100.97635923832183,17.08818390711901,-9.722947846647471e-6,-18.729392195180715,-31.432775504101414,-63.824426427879885,98.48094553398097,17.673661341841335,-1.02473320810175e-5,-16.787109375,-30.849609375,-72.0703125,100.810546875,16.787109375,0.615234375,-17.578125,-8.7890625,52.734375,-43.9453125,17.578125,0.0,12.1,0.8,-37.7,12.2,-5.4,3.2
7.123272895812988,-17.19529214655055,-30.407641966857987,-70.2655036179064,100.67308044583663,17.195292019474195,-9.849966858939348e-6,-18.802709346595233,-31.494221893371495,-63.43824257162365,98.1669728295297,17.77010899338054,-1.0368506314079882e-5,-16.875,-30.849609375,-71.806640625,100.546875,16.875,0.615234375,-17.578125,-8.7890625,52.734375,-43.9453125,17.578125,0.0,12.1,1.6,-38.5,14.2,-4.8,3.2
7.129940986633301,-17.300571216523753,-30.474602721490033,-69.89382258162587,100.36835974016329,17.300571089781844,-9.975704477581165e-6,-18.874172947732703,-31.555367771627708,-63.051299290472095,97.85173780055607,17.86471698989312,-1.048820741478574e-5,-16.962890625,-31.025390625,-71.3671875,100.1953125,16.962890625,0.615234375,-17.578125,-8.7890625,52.734375,-48.33984375,17.578125,0.0,11.9,0.8,-37.7,13.8,-4.0,3.2
7.136607885360718,-17.40393066418159,-30.54116556307767,-69.5211916928608,100.06229127620355,17.40393053777204,-1.0100031579322882e-5,-18.943705418066912,-31.616200447201503,-62.663734044366635,97.53534251861245,17.957398908249885,-1.0606306169163293e-5,-17.138671875,-31.025390625,-71.015625,99.84375,17.05078125,0.615234375,-17.578125,-8.7890625,52.734375,-48.33984375,17.578125,0.0,11.1,1.6,-38.4,11.7,-5.6,3.2
7.143274784088135,-17.505433949410595,-30.607356806331527,-69.1475872550408,99.75487767187596,17.505433823331366,-1.0222958149386188e-5,-19.011365922638348,-31.676730721054334,-62.27551231783322,97.21778237571637,18.048217050382327,-1.0722819135110798e-5,-17.2265625,-31.11328125,-70.751953125,99.580078125,17.138671875,0.615234375,-17.578125,-8.7890625,52.734375,-48.33984375,17.578125,0.0,11.1,0.8,-38.4,12.5,-4.8,3.2
7.149941921234131,-17.605088044221258,-30.67318454203558,-68.77301592786434,99.44613367765747,17.60508791847027,-1.0344447843758195e-5,-19.077161491239387,-31.736962745818452,-61.88663933907895,96.89907050438003,18.13717853559334,-1.0837713146512853e-5,-17.314453125,-31.201171875,-70.3125,99.31640625,17.2265625,0.615234375,-13.18359375,-13.18359375,52.734375,-43.9453125,13.18359375,0.0,11.0,0.8,-38.4,13.8,-4.0,3.2
7.156614780426025,-17.70291950011905,-30.73869720177209,-68.39716023438561,99.1357902480863,17.702919374694357,-1.0464512599369474e-5,-19.141091632767758,-31.7969543618683,-61.49679507994628,96.57893406743068,18.224301428304923,-1.0950992548643578e-5,-17.490234375,-31.2890625,-69.873046875,98.96484375,17.314453125,0.615234375,-13.18359375,-13.18359375,52.734375,-43.9453125,13.18359375,0.0,10.2,0.9,-37.7,11.8,-5.6,3.2
7.1632819175720215,-17.798805913541425,-30.80379628391534,-68.02070623323188,98.82443494069217,17.798805788440525,-1.058293974516791e-5,-19.20309356035353,-31.856602265899866,-61.106681725733395,96.25797216285966,18.30948233578788,-1.106246387679346e-5,-17.578125,-31.2890625,-69.609375,98.701171875,17.314453125,0.615234375,-13.18359375,-13.18359375,52.734375,-43.9453125,13.18359375,0.0,10.2,0.9,-38.5,13.4,-5.7,3.2
7.1699488162994385,-17.892832050515015,-30.868541260429865,-67.64336518249799,98.51183848521383,17.892831925735635,-1.0699790212742999e-5,-19.263225268730693,-31.915957849650137,-60.71599828139824,95.935946217725,18.3927976881704,-1.1172186061306704e-5,-17.666015625,-31.376953125,-69.169921875,98.349609375,17.490234375,0.615234375,-17.578125,-8.7890625,52.734375,-48.33984375,8.7890625,0.0,10.3,0.9,-38.5,14.0,-4.1,3.2
7.176615953445435,-17.984951441410267,-30.93293163610855,-67.2651031019525,98.1979664064115,17.98495131695001,-1.0814984579170179e-5,-19.32143859876518,-31.9750334602325,-60.32471898354366,95.6128252998149,18.474200538588143,-1.128007753446406e-5,-17.841796875,-31.46484375,-68.818359375,98.0859375,17.578125,0.615234375,-17.578125,-8.7890625,52.734375,-48.33984375,8.7890625,0.0,9.5,0.8,-38.4,12.5,-5.5,3.2
7.183282852172852,-18.07520407769581,-30.996976253783366,-66.88598745786238,97.8828950132534,18.07520395355229,-1.0928514011609685e-5,-19.37777719340026,-32.0338242764965,-59.93290450862119,95.28868117313547,18.553732195317224,-1.1386137520988811e-5,-17.9296875,-31.46484375,-68.5546875,97.822265625,17.578125,0.615234375,-17.578125,-8.7890625,52.734375,-48.33984375,8.7890625,0.0,8.7,0.8,-38.4,14.1,-5.7,3.2
7.189949989318848,-18.163599739410298,-31.06068483735503,-66.50601040925483,97.5666261886492,18.16359961558109,-1.1040350310081788e-5,-19.432249316319773,-32.092336196180895,-59.54054587194405,94.96351401926735,18.631402068521165,-1.149034078118985e-5,-18.10546875,-31.552734375,-68.115234375,97.470703125,17.75390625,0.615234375,-21.97265625,-8.7890625,57.12890625,-43.9453125,17.578125,0.0,7.7,0.8,-38.4,14.7,-4.1,3.2
7.196616888046265,-18.250078966671403,-31.124047839235878,-66.12519350019954,97.24917192933361,18.25007884315395,-1.1150396371171169e-5,-19.484798581729034,-32.15057264585237,-59.14767505344973,94.63734072064284,18.707151727168025,-1.1592589492908346e-5,-18.193359375,-31.640625,-67.763671875,97.119140625,17.841796875,0.615234375,-21.97265625,-8.7890625,57.12890625,-43.9453125,17.578125,0.0,7.7,0.7,-39.2,12.5,-5.5,3.2
7.203283786773682,-18.334692033132807,-31.187080461356466,-65.74356224774002,96.9305729541062,18.33469190992458,-1.1258661227121181e-5,-19.53547504947119,-32.2085348969688,-58.75430965949549,94.31019658172299,18.781031523338967,-1.1692899789471566e-5,-18.28125,-31.640625,-67.32421875,96.767578125,17.9296875,0.615234375,-21.97265625,-8.7890625,52.734375,-48.33984375,17.578125,0.0,7.1,0.7,-38.4,14.9,-5.7,3.2
7.209950923919678,-18.41744532327252,-31.249789813897944,-65.36112203309865,96.61084175436511,18.417445200370935,-1.1365114728450261e-5,-19.58428464290952,-32.266226417648525,-58.360454775763934,93.98209283929245,18.8530477958473,-1.1791244810126616e-5,-18.369140625,-31.728515625,-66.97265625,96.50390625,18.017578125,0.615234375,-13.18359375,-8.7890625,52.734375,-48.33984375,13.18359375,0.0,7.1,0.7,-38.4,17.3,-4.9,3.2
7.216637849807739,-18.498519566352243,-31.312353373266056,-64.97674351661891,96.28902646613193,18.498519443755534,-1.1469970026611625e-5,-19.63130909439642,-32.32382236668897,-57.96495910264854,93.65205819168537,18.923350009388002,-1.1887812297258272e-5,-18.45703125,-31.81640625,-66.62109375,96.15234375,18.10546875,0.615234375,-13.18359375,-8.7890625,52.734375,-48.33984375,13.18359375,0.0,6.3,-0.1,-39.2,14.1,-3.9,3.2
7.223305940628052,-18.57749468923698,-31.37442228358687,-64.59268500193589,95.96703653891211,18.5774945669416,-1.1572632584428018e-5,-19.67632580235408,-32.38098861697624,-57.57013784361391,93.32204452268797,18.991580693755935,-1.1982062853655623e-5,-18.544921875,-31.81640625,-66.181640625,95.80078125,18.10546875,0.615234375,-13.18359375,-8.7890625,57.12890625,-48.33984375,13.18359375,0.0,6.3,0.7,-38.4,12.5,-4.8,3.2
7.229972839355469,-18.654590829345967,-31.436166662147954,-64.20795235310612,95.64404795317105,18.654590707349172,-1.1673350245958245e-5,-19.7194656833543,-32.437879206517366,-57.17496755094577,92.99120502414453,19.05793185355024,-1.2074226312814156e-5,-18.544921875,-31.904296875,-65.830078125,95.44921875,18.193359375,0.615234375,-8.7890625,-8.7890625,57.12890625,-48.33984375,8.7890625,0.0,6.3,0.7,-38.4,14.4,-4.8,3.2
7.236639976501465,-18.729770117445202,-31.49759471426706,-63.822459745212086,95.31998308947513,18.72976999574419,-1.1772052202386541e-5,-19.76068405649504,-32.49451276175611,-56.77937089040327,92.65946487585731,19.122363518941995,-1.216422932842096e-5,-18.6328125,-31.9921875,-65.478515625,95.09765625,18.28125,0.615234375,-8.7890625,-8.7890625,57.12890625,-48.33984375,8.7890625,0.0,6.3,0.1,-39.2,16.3,-4.9,3.2
7.243306875228882,-18.803078623211007,-31.55871447911502,-63.43627265171443,94.99491546029444,18.80307850180299,-1.1868750991081072e-5,-19.8000300424427,-32.55088358341084,-56.383406520641756,92.3268929606678,19.184922841782765,-1.2252092401340721e-5,-18.720703125,-31.9921875,-65.21484375,94.833984375,18.28125,0.615234375,-8.7890625,-8.7890625,57.12890625,-48.33984375,8.7890625,0.0,6.3,0.9,-39.2,17.1,-5.6,3.2
7.249986886978149,-18.874660095743494,-31.619651562813825,-63.048633993588936,94.6682135921554,18.874659974626237,-1.1963604019004825e-5,-19.837579847486452,-32.607105050102035,-55.986299843161035,91.99284264236206,19.245732272550093,-1.2337958417640111e-5,-18.720703125,-31.9921875,-64.775390625,94.482421875,18.45703125,0.615234375,-8.7890625,-4.39453125,57.12890625,-52.734375,8.7890625,0.0,6.4,1.7,-39.2,14.4,-4.0,3.2
7.256653785705566,-18.94417698789328,-31.68016138177118,-62.66106320301941,94.34115233504566,18.944176867063277,-1.205614344479782e-5,-19.873129925110497,-32.662962333019046,-55.58961915180674,91.65862237879185,19.304496731897004,-1.2421394344063704e-5,-18.80859375,-32.080078125,-64.3359375,94.04296875,18.544921875,0.615234375,-8.7890625,-4.39453125,57.12890625,-52.734375,8.7890625,0.0,6.4,1.6,-39.2,11.6,-3.9,3.2
7.2633209228515625,-19.011828195397698,-31.740378253082714,-62.27282353998398,94.01312926524855,19.011828074852097,-1.2146588329716533e-5,-19.906811617675814,-32.71856583582867,-55.1926008090547,91.32360963900663,19.36139383638523,-1.2502608703921206e-5,-18.80859375,-32.16796875,-63.896484375,93.69140625,18.6328125,0.615234375,-8.7890625,-4.39453125,57.12890625,-52.734375,8.7890625,0.0,6.4,0.8,-39.2,14.0,-4.0,3.2
7.2699878215789795,-19.07760968776642,-31.800301393139158,-61.88396051243363,93.68418910713982,19.077609567502314,-1.2234902559868525e-5,-19.938623686958337,-32.77391271290555,-54.79529279218284,90.98784928293087,19.416420511831667,-1.2581569499684316e-5,-18.80859375,-32.16796875,-63.6328125,93.427734375,18.6328125,0.615234375,-4.39453125,-8.7890625,57.12890625,-52.734375,13.18359375,0.0,7.2,1.6,-40.0,16.5,-4.0,3.2
7.276654958724976,-19.141470313455876,-31.859929848154657,-61.49444573641507,93.35430252320184,19.14147019347027,-1.2320997264986351e-5,-19.968512864341342,-32.829012101751935,-54.397678357571074,90.65131628417235,19.46952498744156,-1.2658187184677187e-5,-18.80859375,-32.255859375,-63.193359375,93.251953125,18.6328125,0.615234375,-4.39453125,-8.7890625,57.12890625,-52.734375,13.18359375,0.0,7.2,1.7,-39.4,17.8,-4.8,3.2
7.283321857452393,-19.2034598214631,-31.919271014169095,-61.10434309550639,93.02354079287137,19.203459701753022,-1.2404899238761592e-5,-19.996531653339453,-32.883857507337396,-53.999814589093646,90.31407727150733,19.52075797231369,-1.2732496232652259e-5,-18.80859375,-32.34375,-62.75390625,92.98828125,18.720703125,0.615234375,-4.39453125,-8.7890625,57.12890625,-35.15625,13.18359375,0.0,7.3,1.7,-39.4,19.4,-4.9,3.2
7.289988994598389,-19.26358348209023,-31.978332347186573,-60.71364253189221,92.69190131433184,19.26358336265273,-1.2486587185297696e-5,-20.02268315663478,-32.93845353805938,-53.60169321525885,89.97612894303877,19.570124114567285,-1.280447822242397e-5,-18.80859375,-32.431640625,-62.490234375,92.724609375,18.720703125,0.615234375,0.0,-13.18359375,57.12890625,-35.15625,4.39453125,0.0,8.1,0.9,-40.2,19.5,-4.9,3.2
7.296655893325806,-19.321781120772776,-32.03710433723183,-60.32237316277835,92.35940369507279,19.32178100160477,-1.2565959906129178e-5,-20.046909867170886,-32.992800930515244,-53.20335689758457,89.63749627971013,19.617564132935048,-1.2874032951815348e-5,-18.80859375,-32.51953125,-61.962890625,92.373046875,18.80859375,0.615234375,0.0,-13.18359375,57.12890625,-35.15625,4.39453125,0.0,8.1,0.8,-39.2,17.3,-4.8,3.2
7.303322792053223,-19.37810954039842,-32.095600201957915,-59.93055575307173,92.0260819174413,19.37810942149689,-1.2643058588231649e-5,-20.069267579982164,-33.046898621409824,-52.80481902897964,89.29820803595385,19.663134585320307,-1.2941208058160663e-5,-18.896484375,-32.51953125,-61.69921875,92.021484375,18.896484375,0.615234375,0.0,-13.18359375,57.12890625,-35.15625,4.39453125,0.0,8.1,0.8,-40.0,17.3,-3.8,3.2
7.309989929199219,-19.43257148781179,-32.15382489687362,-59.53819427027422,91.69194490445194,19.432571369173733,-1.271786097329963e-5,-20.089758000886754,-33.10074872344816,-52.4060862521477,88.95827283351552,19.706837945006356,-1.3005984513068383e-5,-18.984375,-32.607421875,-61.259765625,91.494140625,18.984375,0.615234375,-8.7890625,-4.39453125,57.12890625,-52.734375,8.7890625,0.0,7.3,0.8,-40.0,14.4,-3.0,3.2
7.316656827926636,-19.485107185286964,-32.21176887864388,-59.14531979559521,91.35701419423653,19.48510706690924,-1.2790266435106665e-5,-20.1083239494458,-33.154351468540455,-52.00720399084086,88.61771769288032,19.74861530241502,-1.3068263072117863e-5,-18.984375,-32.607421875,-60.8203125,90.966796875,18.984375,0.615234375,-8.7890625,-4.39453125,57.12890625,-52.734375,8.7890625,0.0,7.3,0.7,-40.0,10.5,-4.0,3.2
7.323323965072632,-19.535775258200125,-32.26944683128489,-58.75193768876356,91.02130983031712,19.5357751400797,-1.2860323473075335e-5,-20.125021730754078,-33.20770713387686,-51.608170368498996,88.27655738605492,19.7885246091816,-1.312809806459278e-5,-19.072265625,-32.6953125,-60.556640625,90.52734375,18.984375,0.615234375,-8.7890625,-4.39453125,57.12890625,-52.734375,8.7890625,0.0,6.5,0.7,-40.0,10.5,-4.9,3.2
7.329990863800049,-19.584572893744603,-32.32685715245285,-58.35809433294115,90.68487659353735,19.58457277587841,-1.2928004623649087e-5,-20.139851059385453,-33.26081155116852,-51.20903568618838,87.93483713939388,19.826563901163127,-1.3185466361698716e-5,-19.072265625,-32.783203125,-60.1171875,90.087890625,19.072265625,0.615234375,-4.39453125,-8.7890625,57.12890625,-74.70703125,8.7890625,0.0,7.0,-0.1,-40.0,11.2,-3.9,3.2
7.336658000946045,-19.63144768161035,-32.38399842095773,-57.96376653000421,90.34768986481043,19.63144756399525,-1.2993219794815074e-5,-20.15275719843854,-33.31367201624343,-50.80979124942955,87.59253719523171,19.862680073156078,-1.3240278170074454e-5,-19.16015625,-32.783203125,-59.677734375,89.82421875,19.072265625,0.615234375,-4.39453125,-8.7890625,57.12890625,-74.70703125,8.7890625,0.0,6.2,0.8,-39.9,10.4,-4.7,3.2
7.343324899673462,-19.676451360365068,-32.440876531010865,-57.56901471235309,90.00981597055095,19.676451242997988,-1.3056012542950933e-5,-20.163794346667054,-33.36628057572791,-50.41049134244451,87.24971950763656,19.896925691727127,-1.329258408504772e-5,-19.16015625,-32.87109375,-59.4140625,89.736328125,19.16015625,0.615234375,-4.39453125,-8.7890625,57.12890625,-74.70703125,8.7890625,0.0,6.4,-0.0,-39.9,13.6,-4.0,3.2
7.349991798400879,-19.7195864106731,-32.49749567230559,-57.173843355041,89.67126357550775,19.71958629355098,-1.3116365272604796e-5,-20.172963803904086,-33.41863816919066,-50.01114445924805,86.90639277711749,19.92930290394267,-1.3342369748685363e-5,-19.248046875,-32.87109375,-58.974609375,89.384765625,19.16015625,0.615234375,-8.7890625,-8.7890625,57.12890625,-39.55078125,4.39453125,0.0,5.6,0.8,-39.9,14.0,-4.0,3.2
7.356658935546875,-19.760798342972535,-32.55385211841643,-56.77824534349122,89.33202183891396,19.76079822609223,-1.3174185652645942e-5,-20.180209910627084,-33.47074953717851,-49.61175937193065,86.56255144250862,19.95975688740715,-1.338954389500504e-5,-19.248046875,-32.958984375,-58.53515625,89.033203125,19.248046875,0.615234375,-8.7890625,-8.7890625,57.12890625,-39.55078125,4.39453125,0.0,5.6,0.8,-40.0,11.7,-4.0,3.2
7.363325834274292,-19.800139498378833,-32.609951262500324,-56.38228001229085,88.99215548831154,19.800139381737274,-1.322952252281612e-5,-20.185587407274404,-33.52260607555276,-49.21238951050306,86.21825595525831,19.98834078042736,-1.343416208895128e-5,-19.3359375,-32.958984375,-58.271484375,88.76953125,19.248046875,0.615234375,-8.7890625,-8.7890625,57.12890625,-39.55078125,4.39453125,0.0,4.6,0.8,-40.0,13.3,-4.0,3.2
7.369992971420288,-19.83761342448048,-32.66579885101206,-55.98593802367388,88.65166093238567,19.837613308074644,-1.328236235138826e-5,-20.18909739421153,-33.5742098652307,-48.81303026068768,85.87350280941575,20.015057388153924,-1.3476213691786706e-5,-19.3359375,-33.046875,-57.83203125,88.505859375,19.248046875,0.615234375,-4.39453125,-8.7890625,57.12890625,-43.9453125,4.39453125,0.0,5.4,0.8,-40.0,15.5,-4.0,3.2
7.376659870147705,-19.873161435211316,-32.721384870252336,-55.58925696266647,88.31056574271555,19.87316131903807,-1.3332607814699519e-5,-20.190683608278263,-33.62555944463448,-48.41373673714001,85.528325559974,20.03984882477404,-1.3515603961832337e-5,-19.423828125,-33.134765625,-57.392578125,88.154296875,19.248046875,0.615234375,-4.39453125,-8.7890625,57.12890625,-43.9453125,4.39453125,0.0,4.6,0.8,-40.1,13.6,-4.8,3.2
7.383326768875122,-19.90684040367448,-32.77672019379,-55.1922525623297,87.96889652570765,19.90684028773081,-1.338031840596171e-5,-20.190401634215316,-33.67665098005635,-48.01451872080357,85.18274618486176,20.06277158177477,-1.355239766858447e-5,-19.423828125,-33.134765625,-57.041015625,87.978515625,19.3359375,0.615234375,-4.39453125,-8.7890625,61.5234375,-43.9453125,4.39453125,0.0,4.8,0.8,-40.1,16.0,-4.1,3.2
7.389993906021118,-19.9386520968603,-32.83180807743821,-54.79493009756166,87.6266618120756,19.93865198114321,-1.3425480688999614e-5,-20.18825196641334,-33.72748390730196,-47.615387258721206,84.83677368658162,20.083827048101373,-1.3586584685890778e-5,-19.599609375,-33.22265625,-56.6015625,87.5390625,19.3359375,0.615234375,-13.18359375,-8.7890625,61.5234375,-43.9453125,4.39453125,0.0,3.2,0.8,-40.1,16.2,-3.9,3.2
7.396660804748535,-19.968538175289943,-32.88663820782896,-54.39732958318811,87.28389130352738,19.968538059796373,-1.3467999021025744e-5,-20.184178645608046,-33.77805612344476,-47.21640128114077,84.490443985269,20.102957665474328,-1.3618072278350442e-5,-19.599609375,-33.22265625,-56.162109375,87.099609375,19.3359375,0.615234375,-13.18359375,-8.7890625,61.5234375,-43.9453125,4.39453125,0.0,3.2,1.7,-39.2,13.4,-4.7,3.2
7.403327941894531,-19.996556446580147,-32.941222823139924,-53.999451380408836,86.9405975992107,19.996556331307158,-1.350793830946531e-5,-20.178236948613424,-33.82836463775076,-46.81755558197063,84.14376508912454,20.120220456325846,-1.3646929980134796e-5,-19.6875,-33.310546875,-55.8984375,86.8359375,19.423828125,0.615234375,-13.18359375,-8.7890625,57.12890625,-43.9453125,4.39453125,0.0,2.1,0.9,-40.0,15.0,-4.0,3.2
7.410002946853638,-20.022736205767337,-32.99562475308787,-53.60085986341025,86.59640790291465,20.022736090712275,-1.3545327120964117e-5,-20.170417223540053,-33.87846331884621,-46.418420992835294,83.79636146505906,20.135632398530678,-1.36731772708667e-5,-19.6875,-33.3984375,-55.458984375,86.484375,19.423828125,0.615234375,-4.39453125,-8.7890625,57.12890625,-52.734375,4.39453125,0.0,2.1,0.9,-40.0,16.2,-4.0,3.2
7.416669845581055,-20.04695842787324,-33.04970696454221,-53.20252303488848,86.25215318470742,20.04695831303288,-1.3579984573623192e-5,-20.160681728124516,-33.92823309700643,-46.019987343366516,83.4490780633061,20.149100230993355,-1.369666244463788e-5,-19.6875,-33.486328125,-55.01953125,86.1328125,19.51171875,0.615234375,-4.39453125,-8.7890625,57.12890625,-52.734375,4.39453125,0.0,1.3,-0.1,-39.9,14.2,-3.2,3.2
7.423336982727051,-20.06931335591478,-33.10354544873467,-52.80397054738877,85.90743908799863,20.0693132412863,-1.3612025762560297e-5,-20.14907808560453,-33.97772894606928,-45.62177814920078,83.10151215437301,20.160700705632777,-1.371749178721585e-5,-19.6875,-33.486328125,-54.755859375,85.869140625,19.51171875,0.615234375,-4.39453125,-8.7890625,57.12890625,-52.734375,4.39453125,0.0,1.5,-0.1,-39.9,15.8,-3.1,3.2
7.430003881454468,-20.089799124449197,-33.15713653905037,-52.40525167089824,85.56231121617483,20.0897990100298,-1.3641437362867941e-5,-20.13560675612836,-34.02694337814448,-45.22385073091267,82.75371068448378,20.170432703450363,-1.3735656455639267e-5,-19.6875,-33.57421875,-54.228515625,85.517578125,19.51171875,0.615234375,0.0,-8.7890625,57.12890625,-48.33984375,4.39453125,0.0,1.5,-0.1,-39.9,17.1,-3.2,3.2
7.436670780181885,-20.108360664379553,-33.21047486043685,-52.00636905915226,85.21676684815378,20.108360550166427,-1.3668131559924154e-5,-20.120211351539794,-34.075878038555466,-44.826230048542456,82.40567742430886,20.178240751920555,-1.3751071108993698e-5,-19.775390625,-33.57421875,-53.876953125,85.078125,19.51171875,0.615234375,0.0,-8.7890625,57.12890625,-48.33984375,4.39453125,0.0,0.7,0.8,-40.1,15.2,-3.2,3.2
7.443337917327881,-20.125054892175722,-33.263569555422194,-51.60733519671536,84.87082761079749,20.125054778166206,-1.3692179610040423e-5,-20.102947458556002,-34.12452568482977,-44.42892392880666,82.05742983260328,20.18418134468832,-1.3763811368604509e-5,-19.775390625,-33.662109375,-53.4375,84.7265625,19.51171875,0.615234375,0.0,-8.7890625,57.12890625,-52.734375,4.39453125,0.0,0.7,0.8,-40.1,17.6,-4.1,3.2
7.450004816055298,-20.13988025853355,-33.31641643644512,-51.208200292094666,84.52453952506323,20.13988014472503,-1.3713571289987502e-5,-20.08381584815011,-34.172877847448575,-44.03199177943793,81.70901550578655,20.18825366964739,-1.3773871511609617e-5,-19.775390625,-33.75,-53.0859375,84.287109375,19.51171875,0.615234375,-4.39453125,-4.39453125,57.12890625,-52.734375,0.0,0.0,0.7,-0.0,-40.1,17.0,-4.0,3.2
7.456671953201294,-20.15278206866957,-33.36901136957512,-50.80895566641982,84.1778897783822,20.15278195505944,-1.3732221327697614e-5,-20.062759280876016,-34.22093696824251,-43.63544949609822,81.36042846702092,20.19040223297931,-1.3781168697834506e-5,-19.775390625,-33.75,-52.734375,83.84765625,19.51171875,0.615234375,-4.39453125,-4.39453125,57.12890625,-52.734375,0.0,0.0,0.7,0.7,-40.9,16.8,-4.0,3.2
7.463342905044556,-20.163821856219826,-33.42138900048449,-50.40941288008939,83.83072457657306,20.163821742805744,-1.3748211162841964e-5,-20.03982097181763,-34.26871816044255,-43.2391063342847,81.01151012934211,20.190682758102845,-1.3785782681119542e-5,-19.775390625,-33.837890625,-52.294921875,83.408203125,19.51171875,0.615234375,-4.39453125,-4.39453125,61.5234375,-65.91796875,0.0,0.0,-0.1,-0.1,-40.9,16.0,-4.0,3.2
7.470020771026611,-20.172998928219663,-33.47357192626309,-50.00940892485827,83.48290350848666,20.172998814999456,-1.376153456155595e-5,-20.014984337789123,-34.31623676763427,-42.84281298139936,80.66212151994671,20.189089515910055,-1.3787705610424846e-5,-19.775390625,-33.837890625,-51.943359375,83.056640625,19.51171875,0.615234375,0.0,-8.7890625,61.5234375,-65.91796875,0.0,0.0,-0.1,0.7,-40.9,16.0,-4.0,3.2
7.476688861846924,-20.180237850878473,-33.5254215023422,-49.609966664758275,83.13531079390418,20.18023773784951,-1.3772078350057372e-5,-19.988258837858854,-34.36337224192351,-42.44760902449117,80.31315790407078,20.185573951786225,-1.3786856411238275e-5,-19.775390625,-33.92578125,-51.50390625,82.705078125,19.51171875,0.615234375,0.0,-8.7890625,61.5234375,-65.91796875,0.0,0.0,-0.1,0.1,-40.8,14.2,-4.0,3.2
7.48335599899292,-20.185607888396525,-33.57701283911208,-49.210582574021274,82.78751801716113,20.18560777555661,-1.3779938433067431e-5,-19.95966872521803,-34.41017544672215,-42.05299197261096,79.96418495948235,20.180191060317433,-1.3783320018229288e-5,-19.775390625,-33.92578125,-51.15234375,82.265625,19.51171875,0.615234375,0.0,-8.7890625,57.12890625,-57.12890625,0.0,0.0,-0.0,0.9,-41.6,15.0,-4.0,3.2
7.490022897720337,-20.189108148823426,-33.62834962125695,-48.81123780079334,82.43951001109315,20.18910803617049,-1.3785110889092147e-5,-19.92920938002838,-34.45664448510162,-41.65895610982825,79.61518954111546,20.17293875662707,-1.3777095008160753e-5,-19.6875,-34.013671875,-50.80078125,82.001953125,19.51171875,0.615234375,4.39453125,-4.39453125,57.12890625,-57.12890625,0.0,0.0,-0.0,0.9,-41.6,16.0,-4.0,3.2
7.496689796447754,-20.190686145365856,-33.67942456982991,-48.41194455873887,82.09129171063772,20.190686032897908,-1.3787518424652313e-5,-19.896827002467248,-34.50277773425829,-41.265542578895364,79.26618420556629,20.163764127521436,-1.376810758302192e-5,-19.6875,-34.013671875,-50.361328125,81.650390625,19.51171875,0.615234375,4.39453125,-4.39453125,57.12890625,-57.12890625,0.0,0.0,-0.0,0.8,-40.9,16.2,-4.0,3.2
7.50335693359375,-20.190396509908403,-33.73024473855462,-48.01271262670565,81.74287994813926,20.19039639762365,-1.3787238734905365e-5,-19.86257496452049,-34.54856279336401,-40.87275886934242,78.9171823629492,20.152721382610217,-1.3756438791177486e-5,-19.599609375,-34.1015625,-49.921875,81.298828125,19.51171875,0.615234375,4.39453125,-4.39453125,57.12890625,-48.33984375,0.0,0.0,-0.0,0.8,-40.9,16.2,-3.2,3.2
7.510023832321167,-20.188237238680724,-33.78080379777273,-47.6135960328296,81.39432242208379,20.188237126577494,-1.378426898447708e-5,-19.82645363612235,-34.593987930545296,-40.48067316032503,78.56823433421353,20.139809249564742,-1.3742090326633163e-5,-19.599609375,-34.1015625,-49.482421875,81.03515625,19.51171875,0.615234375,4.39453125,-8.7890625,57.12890625,-48.33984375,0.0,0.0,-0.0,0.8,-40.9,15.2,-3.1,3.2
7.516690969467163,-20.184155597449397,-33.83109523265304,-47.21459641031949,81.0456142510682,20.184155485526148,-1.3778534277114449e-5,-19.78840778529173,-34.63905188417542,-40.089319435215444,78.21934345952533,20.124974183139884,-1.372499070709245e-5,-19.599609375,-34.189453125,-49.130859375,80.595703125,19.51171875,0.615234375,4.39453125,-8.7890625,57.12890625,-48.33984375,0.0,0.0,-0.0,0.8,-41.6,15.0,-3.1,3.2
7.52335786819458,-20.17820646158998,-33.881120049032106,-46.81576566174967,80.69680834327372,20.178206349845368,-1.3770115421633726e-5,-19.748494714420406,-34.68373529209596,-39.698747294744685,77.87055946163568,20.108271797792593,-1.3705224954626045e-5,-19.599609375,-34.27734375,-48.69140625,80.244140625,19.51171875,0.615234375,4.39453125,-8.7890625,61.5234375,-52.734375,0.0,0.0,-0.0,-0.0,-40.8,15.8,-3.2,3.2
7.530025959014893,-20.170385966385386,-33.930885343469484,-46.4170454381626,80.34785344631682,20.17038585481828,-1.3759009632123691e-5,-19.706703256917855,-34.72803756513462,-39.30891704893208,77.52183415842369,20.089695889187787,-1.368279158816564e-5,-19.51171875,-34.27734375,-48.33984375,79.892578125,19.51171875,0.615234375,4.39453125,-8.7890625,61.5234375,-52.734375,0.0,0.0,-0.0,0.8,-41.6,16.0,-3.2,3.2
7.536693811416626,-20.160643072264072,-33.98036909975678,-46.01855552398242,79.99884732862377,20.160642960873485,-1.3745147412834135e-5,-19.662989637810824,-34.771943262791766,-38.91998202953359,77.17327421573589,20.06919768735649,-1.365762807520011e-5,-19.51171875,-34.365234375,-47.900390625,79.541015625,19.51171875,0.615234375,4.39453125,-8.7890625,61.5234375,-52.734375,0.0,0.0,-0.0,-0.1,-40.7,16.0,-3.2,3.2
7.5433619022369385,-20.149031545179735,-34.029578791213154,-45.62029021284391,79.6497917569219,20.14903143396493,-1.3728610507365908e-5,-19.617405243202956,-34.81543691653449,-38.53193635029956,76.82487846033378,20.046830170089773,-1.3629818417166427e-5,-19.51171875,-34.365234375,-47.4609375,79.1015625,19.51171875,0.615234375,4.39453125,-8.7890625,61.5234375,-52.734375,0.0,0.0,-0.0,0.7,-40.7,14.4,-2.4,3.2
7.550031900405884,-20.135544912627235,-34.0785219786857,-45.222179175234054,79.30062396256895,20.135544801587724,-1.3709395095050537e-5,-19.56993513628384,-34.85851734877444,-38.14473188401064,76.47658794989066,20.02258414941858,-1.3599359734211643e-5,-19.51171875,-34.453125,-47.197265625,78.837890625,19.51171875,0.615234375,0.0,-8.7890625,61.5234375,-52.734375,0.0,0.0,-0.0,-0.1,-40.7,15.2,-2.3,3.2
7.556699991226196,-20.120139437191018,-34.12715813937071,-44.82448863379055,78.9515696455773,20.120139326326484,-1.3687445332743492e-5,-19.52055505507418,-34.901152517066464,-37.75866767184804,76.12863746214083,19.996422012648125,-1.3566207426732151e-5,-19.51171875,-34.541015625,-46.669921875,78.3984375,19.51171875,0.615234375,0.0,-8.7890625,61.5234375,-52.734375,0.0,0.0,-0.0,-0.0,-40.8,15.2,-2.3,3.2
7.563366889953613,-20.102868752040372,-34.175495872439136,-44.42719808663087,78.60261690300783,20.102868641350764,-1.3662845018653848e-5,-19.469315097375613,-34.94332581527903,-37.37372423590344,75.78101237327661,19.968396234254108,-1.3530446782380499e-5,-19.51171875,-34.541015625,-46.40625,78.134765625,19.51171875,0.615234375,0.0,-8.7890625,57.12890625,-57.12890625,0.0,0.0,-0.0,-0.0,-40.8,13.6,-2.4,3.2
7.570037841796875,-20.083714915410745,-34.223567227382674,-44.03002676817852,78.25351701884544,20.08371480489644,-1.3635576720243497e-5,-19.416170699990676,-34.98505636777975,-36.98965324241229,75.43346931957,19.938480400146265,-1.3492055375314515e-5,-19.51171875,-34.541015625,-45.966796875,77.783203125,19.51171875,0.615234375,0.0,-4.39453125,57.12890625,-57.12890625,0.0,0.0,-0.0,0.8,-40.8,12.5,-2.4,3.2
7.57670783996582,-20.062640463601735,-34.27132194128519,-43.63331627137872,77.90456132326942,20.062640353263305,-1.360559693340883e-5,-19.361110029870854,-35.02630334790451,-36.60683026444268,75.08630897472715,19.906645108768547,-1.3451003158188714e-5,-19.51171875,-34.62890625,-45.52734375,77.34375,19.51171875,0.615234375,0.0,-4.39453125,57.12890625,-57.12890625,0.0,0.0,-0.0,-0.0,-40.8,10.9,-1.6,3.2
7.583374977111816,-20.03970661526989,-34.31874901585615,-43.23720180089118,77.55587402238893,20.039706505108164,-1.3573002250692437e-5,-19.30420419867151,-35.06703052795664,-36.225387404689386,74.73965245192498,19.87295466770817,-1.3407392238928893e-5,-19.51171875,-34.62890625,-45.087890625,77.080078125,19.51171875,0.615234375,0.0,-4.39453125,61.5234375,-43.9453125,0.0,0.0,-0.0,0.8,-40.8,13.3,-0.7,3.2
7.590044975280762,-20.01488981416292,-34.36588200133124,-42.84137776646972,77.2071830762848,20.014889704179236,-1.3537770009620067e-5,-19.245400676295016,-35.107257072964046,-35.84505735792966,74.39323433240396,19.837376294947088,-1.3361194275473983e-5,-19.51171875,-34.716796875,-44.82421875,76.81640625,19.51171875,0.615234375,0.0,-4.39453125,61.5234375,-43.9453125,0.0,0.0,-0.0,-0.0,-40.8,16.4,-0.7,3.2
7.596712827682495,-19.988159140335373,-34.41266988610619,-42.44618963110818,76.8587829364676,19.988159030531342,-1.3499869512383853e-5,-19.18469427308489,-35.14694143219462,-35.466221994674065,74.04735858623798,19.7998871529235,-1.3312392101111588e-5,-19.51171875,-34.716796875,-44.296875,76.46484375,19.51171875,0.615234375,0.0,-4.39453125,61.5234375,-43.9453125,0.0,0.0,-0.0,-0.0,-39.9,13.6,-0.7,3.2
7.603380918502808,-19.959558712304418,-34.459131045830105,-42.051517959607764,76.51057254319747,19.9595586026821,-1.3459374825376833e-5,-19.12211720418046,-35.18606943981799,-35.08877045922078,73.7019229478244,19.76052754379042,-1.3261057939236654e-5,-19.51171875,-34.8046875,-44.033203125,76.201171875,19.51171875,0.615234375,0.0,-4.39453125,57.12890625,-48.33984375,0.0,0.0,-0.0,-0.0,-39.9,12.8,-0.0,3.2
7.610048770904541,-19.929086368496804,-34.505253537313045,-41.65742844875781,76.1626056500749,19.929086259058657,-1.3416296411488409e-5,-19.057670011044273,-35.22462012547011,-34.712796641730435,73.35698660541532,19.7192961018919,-1.3207206789016744e-5,-19.51171875,-34.8046875,-43.59375,75.849609375,19.51171875,0.615234375,0.0,-8.7890625,57.12890625,-48.33984375,0.0,0.0,-0.8,-0.0,-39.9,13.3,0.1,3.2
7.6167168617248535,-19.89669142801212,-34.55102312488286,-41.2639468479604,75.81489377103055,19.89669131876118,-1.3370579225442464e-5,-18.991299919007773,-35.26258267001924,-34.338380987646474,73.01257350712737,19.676141405821397,-1.3150788376757079e-5,-19.51171875,-34.892578125,-43.154296875,75.498046875,19.51171875,0.615234375,0.0,-8.7890625,57.12890625,-48.33984375,0.0,0.0,-1.6,-0.0,-40.0,15.2,0.1,3.2
7.62338399887085,-19.862432494636778,-34.59643229188251,-40.87116558591753,75.4675218178584,19.862432385576447,-1.332231936937707e-5,-18.9230719270704,-35.299917560441465,-33.96561705962615,72.66876629856701,19.631124034377542,-1.3091902430134597e-5,-19.51171875,-34.892578125,-42.71484375,75.234375,19.51171875,0.615234375,0.0,-8.7890625,61.5234375,-48.33984375,0.0,0.0,-1.8,-0.0,-40.0,18.1,-0.0,3.2
7.630050897598267,-19.826301972057347,-34.64147574214648,-40.47908335035778,75.12048318214362,19.826301863191606,-1.3271522298477255e-5,-18.852975171651174,-35.33660801794648,-33.59453903999876,72.32556515494416,19.584235288123626,-1.3030557022482568e-5,-19.51171875,-34.892578125,-42.36328125,74.970703125,19.51171875,0.615234375,0.0,-4.39453125,61.5234375,-48.33984375,0.0,0.0,-2.6,0.8,-40.0,18.9,-0.0,3.2
7.636717796325684,-19.788250622165354,-34.686135271124115,-40.08774637290752,74.7738058911545,19.788250513498873,-1.3218138886174355e-5,-18.780959673187954,-35.372639267874774,-33.22525361196231,71.98301166136804,19.535425603389385,-1.296670840221708e-5,-19.51171875,-34.98046875,-42.01171875,74.619140625,19.51171875,0.615234375,0.0,-4.39453125,61.5234375,-48.33984375,0.0,0.0,-3.4,-0.0,-40.0,18.6,-0.0,3.2
7.643387794494629,-19.74831176854169,-34.730431037652416,-39.69699570700196,74.4273511570162,19.74831166007973,-1.316223108054242e-5,-18.7070433688828,-35.407989976183934,-32.85761921595454,71.64096789795589,19.484723376505556,-1.2900415090677601e-5,-19.51171875,-34.98046875,-41.66015625,74.35546875,19.51171875,0.615234375,0.0,-4.39453125,57.12890625,-48.33984375,0.0,0.0,-3.4,0.8,-40.0,17.0,-0.0,3.2
7.650057792663574,-19.7064978363193,-34.77433000169549,-39.30705865883351,74.08131324582301,19.706497728067685,-1.3103835210780743e-5,-18.63125497009649,-35.44261904925796,-32.491891649577376,71.2996337462232,19.432146113790836,-1.2831722095966512e-5,-19.51171875,-34.98046875,-41.220703125,73.828125,19.51171875,0.615234375,0.0,-4.39453125,57.12890625,-48.33984375,0.0,0.0,-4.2,0.8,-40.0,14.1,-0.0,3.2
7.65672492980957,-19.66278090385518,-34.817791211539266,-38.918169143704205,73.73588512126514,19.662780795820517,-1.3042935848514175e-5,-18.553581757566356,-35.476493150951875,-32.128360380115055,70.95921470889128,19.377670605894473,-1.2760624295677804e-5,-19.51171875,-35.068359375,-40.869140625,73.388671875,19.51171875,0.615234375,0.0,-4.39453125,57.12890625,-48.33984375,0.0,0.0,-5.0,-0.0,-40.0,11.5,-0.0,3.2
7.663394927978516,-19.617175300386176,-34.86085052741611,-38.53001651716697,73.39079199905885,19.617175192575836,-1.2979569616919561e-5,-18.47400940417129,-35.50959803238475,-31.766745011747624,70.61943953175609,19.321302047509516,-1.2687150607548516e-5,-19.51171875,-35.068359375,-40.517578125,73.037109375,19.51171875,0.615234375,0.0,-4.39453125,57.12890625,-61.5234375,0.0,0.0,-5.0,-0.0,-40.0,12.3,-0.0,3.2
7.670061826705933,-19.569716606622148,-34.903455123201304,-38.14299754338587,73.04637781708422,19.56971649904412,-1.2913807448601103e-5,-18.392604471390005,-35.54187673458221,-31.40746249366662,70.28065596878855,19.26308574976232,-1.2611384793198212e-5,-19.51171875,-35.068359375,-39.990234375,72.685546875,19.51171875,0.615234375,0.0,-4.39453125,57.12890625,-61.5234375,0.0,0.0,-5.8,0.8,-39.2,13.6,-0.0,3.2
7.676728963851929,-19.52033610737807,-34.94560131038247,-37.75699267034237,72.70251933507916,19.520336000041546,-1.2845581221198252e-5,-18.30928205544973,-35.57332363635793,-31.05048073422615,69.94275963403663,19.202947749285975,-1.2533259756992297e-5,-19.599609375,-35.15625,-39.638671875,72.333984375,19.51171875,0.615234375,0.0,-4.39453125,57.12890625,-61.5234375,0.0,0.0,-7.4,-0.0,-39.1,12.0,-0.0,3.2
7.683398962020874,-19.469064555470872,-34.987302728903394,-37.37187475603083,72.3591030508443,19.46906444838581,-1.277495158963972e-5,-18.224060134842475,-35.60390091918619,-30.695695543971922,69.60563933405416,19.140914692561203,-1.2452833066259919e-5,-19.599609375,-35.15625,-39.287109375,72.0703125,19.51171875,0.615234375,0.0,-4.39453125,61.5234375,-48.33984375,0.0,0.0,-8.4,0.8,-39.1,13.6,0.8,3.2
7.690066814422607,-19.41593452829395,-35.02851115293024,-36.987988467117745,72.01642540506442,19.415934421471135,-1.270198758587162e-5,-18.13699754688297,-35.63355423395683,-30.34347906773477,69.26959667524217,19.077027384767007,-1.2370184939796372e-5,-19.51171875,-35.244140625,-38.935546875,71.806640625,19.51171875,0.615234375,-4.39453125,-4.39453125,61.5234375,-48.33984375,0.0,0.0,-8.4,-0.0,-39.1,14.6,0.9,3.2
7.6967339515686035,-19.360890527575496,-35.06920707109366,-36.60533412817324,71.67446721115225,19.360890421027115,-1.2626643650046619e-5,-18.048032519787593,-35.662264602066614,-29.993920517551224,68.9346316115512,19.011228206161775,-1.2285273918504232e-5,-19.51171875,-35.33203125,-38.408203125,71.455078125,19.51171875,0.615234375,-4.39453125,-4.39453125,61.5234375,-48.33984375,0.0,0.0,-9.2,0.1,-38.4,12.6,1.7,3.2
7.703405857086182,-19.30393674518691,-35.10941956307043,-36.22362328802483,71.33296909758388,19.303936638926174,-1.2548944980840504e-5,-17.95714201566658,-35.68999791535029,-29.646772907528096,68.60049113516081,18.943512655653766,-1.2198117842068752e-5,-19.51171875,-35.33203125,-38.232421875,71.19140625,19.51171875,0.615234375,-4.39453125,-4.39453125,57.12890625,-48.33984375,0.0,0.0,-9.8,0.1,-39.2,14.2,2.5,3.2
7.710073947906494,-19.245139902079778,-35.14907704596079,-35.843409084243305,70.99241261874069,19.245139796120768,-1.2469009433990668e-5,-17.864437352642778,-35.71668296143949,-29.30260214379339,68.26765870362559,18.873961490480205,-1.2108850564157789e-5,-19.51171875,-35.33203125,-37.705078125,70.83984375,19.51171875,0.615234375,4.39453125,-8.7890625,57.12890625,-48.33984375,0.0,0.0,-10.6,0.1,-38.4,15.5,2.5,3.2
7.7167439460754395,-19.184406259272254,-35.188181364751124,-35.46445746259205,70.65256556573975,19.184406153630967,-1.2386743800154558e-5,-17.76979692319367,-35.74231304503975,-28.96129661009658,67.9359283570332,18.802471984873506,-1.2017377205751447e-5,-19.51171875,-35.419921875,-37.353515625,70.48828125,19.51171875,0.615234375,4.39453125,-8.7890625,57.12890625,-48.33984375,0.0,0.0,-11.4,-0.1,-39.1,13.6,3.3,3.2
7.723411798477173,-19.12182353233299,-35.22670336325736,-35.087025458877235,70.31365581783119,19.121823427026165,-1.230228715618409e-5,-17.67332979935226,-35.766807477133554,-28.623105775000024,67.60552393376123,18.729138570500897,-1.1923842521100415e-5,-19.423828125,-35.5078125,-37.001953125,70.224609375,19.51171875,0.615234375,4.39453125,-8.7890625,57.12890625,-43.9453125,0.0,0.0,-11.4,-0.1,-39.1,16.0,4.1,3.2
7.730080842971802,-19.057354112592687,-35.26463940205137,-34.71099300682041,69.97555966944718,19.057354007638732,-1.22156180838047e-5,-17.574982524405733,-35.79013928346839,-28.287993283035288,67.27633881542184,18.653918494941376,-1.1828224341587707e-5,-19.3359375,-35.5078125,-36.650390625,69.9609375,19.51171875,0.615234375,8.7890625,-8.7890625,57.12890625,-43.9453125,0.0,0.0,-11.4,-0.1,-38.3,16.2,4.1,3.2
7.736750841140747,-18.990956582175183,-35.301951188002434,-34.336477357783096,69.63835607896834,18.990956477594537,-1.2126718923074872e-5,-17.47471637248659,-35.81227243205578,-27.95617766796513,66.94847364297314,18.576771029657692,-1.173051185322583e-5,-19.248046875,-35.595703125,-36.2109375,69.521484375,19.51171875,0.615234375,8.7890625,-8.7890625,57.12890625,-43.9453125,0.0,0.0,-11.4,-0.0,-38.3,11.6,4.1,3.2
7.743417978286743,-18.922719939831364,-35.33861053995282,-33.96372099297808,69.30225934607317,18.92271983564536,-1.2035729830112842e-5,-17.372640551808168,-35.83312042893278,-27.62789405711371,66.6221387837755,18.497791529803497,-1.1630849997043217e-5,-19.16015625,-35.595703125,-35.859375,69.2578125,19.51171875,0.615234375,8.7890625,-8.7890625,57.12890625,-48.33984375,0.0,0.0,-11.1,-0.0,-37.5,10.8,4.8,3.2
7.75008487701416,-18.852611652780883,-35.37460558983485,-33.59265353264269,68.96718722304801,18.85261154901281,-1.194263913148243e-5,-17.26871051827011,-35.85264834100211,-27.303160470569857,66.29727018461527,18.41694352463561,-1.15292274118328e-5,-19.072265625,-35.68359375,-35.419921875,68.90625,19.51171875,0.615234375,13.18359375,-4.39453125,57.12890625,-48.33984375,0.0,0.0,-10.3,-0.0,-37.5,12.5,6.7,3.2
7.756751775741577,-18.780587507492708,-35.409896134832785,-33.2233763932606,68.63320092372037,18.780587404168333,-1.1847429438728922e-5,-17.16288258718956,-35.870817289811455,-26.982192295814873,65.973953479306,18.334182788886856,-1.1425632935225905e-5,-18.984375,-35.68359375,-35.068359375,68.642578125,19.51171875,0.615234375,13.18359375,-4.39453125,57.12890625,-48.33984375,0.0,0.0,-11.1,-0.0,-38.4,17.4,7.5,3.2
7.763420820236206,-18.706673246109155,-35.444484235565135,-32.85580305851983,68.30021599227994,18.706673143255745,-1.1750156848175623e-5,-17.055172566899977,-35.887548398270006,-26.66493938300472,65.65211013808424,18.24953184947012,-1.132011954988957e-5,-18.896484375,-35.68359375,-34.716796875,68.37890625,19.423828125,0.615234375,13.18359375,-4.39453125,52.734375,-43.9453125,0.0,0.0,-11.2,-0.0,-37.6,18.2,7.3,3.2
7.7700889110565186,-18.630895669926623,-35.47832276142548,-32.49019138730869,67.96844315688116,18.630895567573415,-1.1650891185719754e-5,-16.945624489505075,-35.90278410334055,-26.351716674483157,65.33196233698933,18.163022844236796,-1.121276472556369e-5,-18.80859375,-35.68359375,-34.365234375,68.02734375,19.3359375,0.615234375,13.18359375,-4.39453125,52.734375,-43.9453125,-4.39453125,0.0,-11.2,-0.0,-37.6,16.3,6.3,3.2
7.7767558097839355,-18.55321735833229,-35.51136367679727,-32.126681709679545,67.63797471208983,18.553217256511456,-1.1549628113266566e-5,-16.834204162562813,-35.91647991669305,-26.042785110549154,65.01362834478107,18.074619183168146,-1.1103570995127137e-5,-18.6328125,-35.771484375,-34.013671875,67.5,19.248046875,0.615234375,13.18359375,-4.39453125,52.734375,-43.9453125,-4.39453125,0.0,-10.4,-0.0,-37.6,10.7,5.5,3.2
7.783422946929932,-18.473671644075562,-35.543603276318805,-31.765229942686325,67.30876286945106,18.473671542820966,-1.1446433344737127e-5,-16.72093870112476,-35.9285442632774,-25.73813298466193,64.69706576945909,17.984352165277837,-1.0992601542118155e-5,-18.544921875,-35.771484375,-33.662109375,67.236328125,19.16015625,0.615234375,13.18359375,-4.39453125,52.734375,-57.12890625,-4.39453125,0.0,-10.5,-0.0,-36.8,9.1,5.5,3.2
7.790090799331665,-18.392245398937764,-35.5750081923603,-31.405907489748063,66.98084566478911,18.39224529828596,-1.13413268184548e-5,-16.605814312664123,-35.93892294544439,-25.437923634089934,64.3823321015587,17.892208303021775,-1.0879879526652039e-5,-18.45703125,-35.859375,-33.310546875,66.97265625,18.984375,0.615234375,17.578125,-8.7890625,52.734375,-57.12890625,-17.578125,0.0,-10.5,-0.0,-37.6,11.6,5.6,3.2
7.796757936477661,-18.30891562390557,-35.60551800751616,-31.04893484641407,66.65438317631722,18.308915523896538,-1.1234327291288467e-5,-16.48881757616111,-35.94756388397512,-25.14249948060109,64.06961398307747,17.798167429439367,-1.076543212233658e-5,-18.369140625,-35.859375,-32.87109375,66.708984375,18.896484375,0.615234375,17.578125,-8.7890625,52.734375,-57.12890625,-17.578125,0.0,-11.3,-0.0,-36.7,17.3,6.4,3.2
7.803424835205078,-18.223726334174806,-35.63512200047966,-30.694323484051125,66.32937615390549,18.223726234850403,-1.1125513849761694e-5,-16.36999120556945,-35.95436181905481,-24.85189690540717,63.758916438619245,17.70227309020106,-1.0649336701215543e-5,-18.28125,-35.947265625,-32.607421875,66.533203125,18.720703125,0.615234375,17.578125,-8.7890625,57.12890625,-35.15625,-17.578125,0.0,-11.1,-0.0,-36.7,19.7,5.6,3.2
7.810091972351074,-18.136664461152346,-35.66378157464637,-30.342156382402095,66.00586898072643,18.136664362557628,-1.1014908991351438e-5,-16.249321707259504,-35.95925712185008,-24.566297487649408,63.450305302841656,17.604511923180517,-1.0531618983280438e-5,-18.017578125,-35.947265625,-32.16796875,66.26953125,18.6328125,0.615234375,17.578125,-4.39453125,57.12890625,-35.15625,-17.578125,0.0,-9.5,-0.0,-36.8,21.3,6.4,3.2
7.816758871078491,-18.047696269827107,-35.691433641195616,-29.992619244638476,65.68398427124279,18.04769617201134,-1.090252189084056e-5,-16.12678044254812,-35.96219455310978,-24.286027114091745,63.14393441129357,17.50485158328138,-1.041229550593441e-5,-17.841796875,-36.03515625,-31.81640625,65.91796875,18.544921875,0.615234375,17.578125,-4.39453125,57.12890625,-35.15625,-17.578125,0.0,-9.5,-0.0,-36.8,19.2,6.4,3.2
7.823425769805908,-17.956868276121497,-35.71806385274489,-29.645740444992143,65.36373605210473,17.95686817913608,-1.0788434061048952e-5,-16.002413918301677,-35.96305634402295,-24.01113551708299,62.83982206010606,17.40333852995309,-1.0291446095118905e-5,-17.75390625,-36.03515625,-31.552734375,65.56640625,18.369140625,0.615234375,17.578125,-4.39453125,52.734375,-43.9453125,-17.578125,0.0,-9.6,-0.0,-36.8,19.2,5.6,3.2
7.830092906951904,-17.864170318303128,-35.74362658827272,-29.301628882546783,65.04518760139621,17.864170222203207,-1.0672674230575593e-5,-15.876213009133005,-35.961777070989875,-23.74183324960218,62.53805449666241,17.299962762246885,-1.0169102956713927e-5,-17.666015625,-36.03515625,-31.11328125,64.951171875,18.28125,0.615234375,17.578125,-4.39453125,52.734375,-43.9453125,-21.97265625,0.0,-10.4,-0.0,-36.8,16.8,5.6,3.2
7.836759805679321,-17.76956952813163,-35.76805068308372,-28.96048884449747,64.72847204172396,17.769569432977345,-1.055525696097071e-5,-15.748150307590215,-35.95829745954459,-23.47847275053377,62.2387988414432,17.19469290067629,-1.0045288096568201e-5,-17.578125,-36.03515625,-30.673828125,64.423828125,18.193359375,0.615234375,17.578125,-4.39453125,52.734375,-43.9453125,-21.97265625,0.0,-10.4,-0.0,-36.0,14.1,5.6,3.2
7.843706846237183,-17.66902474124317,-35.79227500133284,-28.608201534567343,64.40040945731943,17.669024647140663,-1.0431233602501989e-5,-15.612781172016886,-35.95218548957851,-23.210402353029338,61.92965485598489,17.083039974512534,-9.914793225363864e-6,-17.490234375,-36.123046875,-30.322265625,63.80859375,18.017578125,0.615234375,17.578125,-4.39453125,57.12890625,-79.1015625,-21.97265625,0.0,-11.2,-0.0,-36.0,9.8,4.7,3.2
7.850388765335083,-17.57038579788067,-35.81432030002443,-28.272617552955694,64.08687117356115,17.570385704859305,-1.0310346746803875e-5,-15.48069218419244,-35.94386225031288,-22.959025841361353,61.63504736865563,16.97372650560779,-9.787876216871879e-6,-17.40234375,-36.123046875,-30.05859375,63.544921875,17.9296875,0.615234375,17.578125,-4.39453125,57.12890625,-79.1015625,-13.18359375,0.0,-11.2,-0.0,-36.0,10.6,4.9,3.2
7.857057809829712,-17.470056326313205,-35.83504808844502,-27.940989039449143,63.77597085408185,17.470056234443085,-1.0188181810257653e-5,-15.34702378188975,-35.93307869136444,-22.71465724851391,61.343779452136374,16.86275315315959,-9.659885200322128e-6,-17.2265625,-36.123046875,-29.70703125,63.28125,17.841796875,0.615234375,17.578125,-4.39453125,57.12890625,-79.1015625,-13.18359375,0.0,-10.4,-0.0,-35.1,9.6,4.9,3.2
7.863724946975708,-17.36790300738308,-35.854460349270155,-27.612850012182548,63.46724450021877,17.36790291673957,-1.006460599143773e-5,-15.211589579271237,-35.919668303198975,-22.477009660153353,61.05542962263738,16.74996956480692,-9.530677575054353e-6,-17.138671875,-36.2109375,-29.267578125,63.017578125,17.75390625,0.615234375,17.578125,-4.39453125,48.33984375,-48.33984375,-13.18359375,0.0,-10.5,-0.0,-34.3,6.9,3.9,3.2
7.8703978061676025,-17.2637757449465,-35.87249864640695,-27.288029213734912,63.16046241903803,17.26377565561256,-9.939496275159054e-6,-15.074204961306515,-35.90359074188914,-22.246164076523595,60.769828479077674,16.635214350784608,-9.4001304414458e-6,-17.05078125,-36.2109375,-29.00390625,62.841796875,17.666015625,0.615234375,13.18359375,-4.39453125,48.33984375,-48.33984375,-13.18359375,0.0,-10.5,-0.0,-34.3,6.1,4.8,3.2
7.87706995010376,-17.157784926370006,-35.889093086127176,-26.966970280329882,62.85599835257265,17.157784838432004,-9.81302600256822e-6,-14.935014923766648,-35.88475684317941,-22.022544125031366,60.48734908794956,16.518608801837942,-9.268424436691705e-6,-16.962890625,-36.298828125,-28.740234375,62.666015625,17.666015625,0.615234375,13.18359375,-4.39453125,48.33984375,-48.33984375,-13.18359375,0.0,-10.5,-0.9,-34.2,9.6,5.6,3.2
7.883739948272705,-17.049979286833093,-35.9041994426461,-26.649840979922924,62.55397584278405,17.049979200381067,-9.685285954791257e-6,-14.79407738154869,-35.863006821052565,-21.80633205284769,60.208122559213976,16.400204480263625,-9.135651693735692e-6,-16.787109375,-36.298828125,-28.30078125,62.490234375,17.578125,0.615234375,13.18359375,-4.39453125,52.734375,-30.76171875,-13.18359375,0.0,-10.3,-1.7,-33.4,14.2,7.3,3.2
7.890406847000122,-16.940344009292062,-35.91772669797988,-26.336908907109454,62.25457146631729,16.940343924422784,-9.556319260731672e-6,-14.651386161666341,-35.83832743294424,-21.597920370030906,59.932359688430736,16.279989054446332,-9.001862427005272e-6,-16.787109375,-36.298828125,-28.125,62.314453125,17.490234375,0.615234375,17.578125,-4.39453125,52.734375,-30.76171875,-8.7890625,0.0,-11.1,-1.7,-34.2,16.6,7.4,3.2
7.897075891494751,-16.82880765118676,-35.929630553886916,-26.02806162435087,61.9576284876639,16.828807568003178,-9.426081606457126e-6,-14.506846422351705,-35.81059364648688,-21.397327863071382,59.65993971310954,16.15788344399438,-8.867010012780544e-6,-16.611328125,-36.38671875,-27.7734375,62.138671875,17.314453125,0.615234375,17.578125,-4.39453125,52.734375,-30.76171875,-8.7890625,0.0,-11.1,-2.5,-34.4,15.7,5.8,3.2
7.903745889663696,-16.71541293022426,-35.939860573901846,-25.72347033013513,61.66326766866159,16.715412848833484,-9.294657751239262e-6,-14.360509112986351,-35.779636023246844,-21.20473187603568,59.39099169868713,16.033932882720734,-8.731180515308066e-6,-16.5234375,-36.38671875,-27.421875,61.787109375,17.138671875,0.615234375,17.578125,-4.39453125,43.9453125,-26.3671875,-8.7890625,0.0,-12.1,-3.3,-33.6,13.2,5.4,3.2
7.910415887832642,-16.600143223603038,-35.94831283243241,-25.423432456939423,61.37168251623463,16.600143144119837,-9.162093999968411e-6,-14.212366773704982,-35.74544490779607,-21.020546526564274,59.125744968399836,15.908123374637029,-8.594427704963786e-6,-16.435546875,-36.38671875,-27.158203125,61.5234375,17.05078125,0.615234375,13.18359375,-4.39453125,43.9453125,-26.3671875,-21.97265625,0.0,-12.1,-3.3,-33.6,14.0,7.3,3.2
7.917085886001587,-16.483014525391013,-35.95492712787011,-25.12809250206714,61.08295732599859,16.483014447935368,-9.028449094360643e-6,-14.062438193516812,-35.70791189005117,-20.844942611646623,58.86429913323256,15.780471659491734,-8.456811625341011e-6,-16.34765625,-36.38671875,-26.806640625,61.083984375,16.875,0.615234375,13.18359375,-4.39453125,43.9453125,-26.3671875,-21.97265625,0.0,-12.9,-3.4,-33.4,13.0,5.5,3.2
7.923752784729004,-16.364106208755516,-35.95964903506072,-24.837708968601962,60.797296175552745,16.36410613345098,-8.893848006890273e-6,-13.910820415173127,-35.666882388872175,-20.678120555691315,58.60685493917094,15.651062664129832,-8.318459233753915e-6,-16.34765625,-36.38671875,-26.455078125,60.556640625,16.69921875,0.615234375,13.18359375,-4.39453125,48.33984375,-57.12890625,-21.97265625,0.0,-14.7,-4.2,-32.6,9.0,5.5,3.2
7.930419921875,-16.24332762267872,-35.962368160184226,-24.5524133050661,60.51472011993435,16.243327549658417,-8.758256355017155e-6,-13.757411285953607,-35.622333753933994,-20.520381224794555,58.353485387688266,15.519801719603914,-8.179341128375177e-6,-16.259765625,-36.38671875,-26.19140625,60.380859375,16.611328125,0.615234375,13.18359375,0.0,48.33984375,-57.12890625,-21.97265625,0.0,-14.7,-4.2,-31.8,10.6,6.4,3.2
7.937087774276733,-16.120687011075148,-35.96301938570849,-24.27234007694632,60.235298607050325,16.120686940477583,-8.621724310452095e-6,-13.602219699956589,-35.5741567016505,-20.371863591514483,58.1042737148279,15.386697126380898,-8.039508388342546e-6,-16.171875,-36.38671875,-25.83984375,60.1171875,16.435546875,0.615234375,13.18359375,0.0,48.33984375,-57.12890625,-21.97265625,0.0,-15.5,-4.1,-31.2,11.4,4.8,3.2
7.943755865097046,-15.996216313031631,-35.96154465900839,-23.99764523654533,59.95912953643824,15.996216244999715,-8.48432356017883e-6,-13.445282604417647,-35.52218015592835,-20.23268373339475,57.859321986727274,15.251782309597347,-7.899033215650686e-6,-15.99609375,-36.38671875,-25.48828125,59.853515625,16.34765625,0.615234375,13.18359375,0.0,43.9453125,-48.33984375,-21.97265625,0.0,-14.5,-4.1,-31.2,8.5,3.9,3.2
7.950540781021118,-15.867655856432165,-35.95772914995522,-23.72399256263703,59.68166186571246,15.86765579116683,-8.343666470105339e-6,-13.283780663540938,-35.46540924949396,-20.101063096889757,57.6146893762218,15.11261699181031,-7.755487919293223e-6,-15.908203125,-36.38671875,-25.224609375,59.58984375,16.259765625,0.615234375,13.18359375,0.0,43.9453125,-48.33984375,-17.578125,0.0,-15.3,-4.9,-30.1,7.7,5.5,3.2
7.957208871841431,-15.739459130672458,-35.95164383508426,-23.460946005722448,59.412530504152585,15.73945906828363,-8.204662050331986e-6,-13.123304558789101,-35.40567606944341,-19.981611156329315,57.37888145858305,14.97402063839067,-7.613880941886291e-6,-15.8203125,-36.38671875,-24.873046875,59.326171875,16.171875,0.615234375,13.18359375,0.0,43.9453125,-48.33984375,-17.578125,0.0,-15.3,-5.7,-29.3,11.2,7.7,3.2
7.963876962661743,-15.609446688742251,-35.943174344817955,-23.203904149390244,59.147019674444316,15.60944662939064,-8.064955124187417e-6,-12.961109961246265,-35.3419095088853,-19.87207764191949,57.14774194667448,14.833631870557758,-7.471806231304769e-6,-15.732421875,-36.38671875,-24.78515625,59.23828125,16.083984375,0.615234375,13.18359375,0.0,43.9453125,-30.76171875,-17.578125,0.0,-16.1,-5.7,-30.1,14.2,7.7,3.2
7.9705469608306885,-15.477539317103481,-35.93216566874906,-22.95316472672515,58.88527209954684,15.477539260960441,-7.92454450370357e-6,-12.797115030847143,-35.27409772374325,-19.772856066186343,56.92145926515953,14.691370203439124,-7.329270705330413e-6,-15.556640625,-36.38671875,-24.345703125,58.974609375,15.8203125,0.615234375,17.578125,0.0,43.9453125,-30.76171875,-17.578125,0.0,-16.1,-6.5,-28.6,15.0,6.4,3.2
7.977216958999634,-15.343812725749405,-35.918574626130955,-22.708902906550183,58.62741976722731,15.34381267298757,-7.78353886143372e-6,-12.631406913129862,-35.20214969776326,-19.683944259473844,56.700141857459684,14.547314972149115,-7.186381960203106e-6,-15.380859375,-36.38671875,-24.08203125,58.798828125,15.64453125,0.615234375,17.578125,0.0,43.9453125,-30.76171875,-17.578125,0.0,-16.1,-7.5,-27.8,14.4,6.1,3.2
7.983886957168579,-15.20828099306295,-35.90232349677561,-22.471300953524892,58.37356722188572,15.208280943858801,-7.641996989162445e-6,-12.46400325209859,-35.12595652295434,-19.6054265863798,56.48389161507779,14.40148123648504,-7.0432001697198576e-6,-15.29296875,-36.38671875,-23.90625,58.623046875,15.46875,0.615234375,17.578125,0.0,39.55078125,-26.3671875,-17.578125,0.0,-17.0,-8.3,-27.8,15.2,5.3,3.2
7.990556001663208,-15.070922585198439,-35.883250418048355,-22.240790681547114,58.123984414835775,15.070922539736905,-7.4999842886042e-6,-12.294894256113587,-35.045558667018035,-19.53770737114303,56.27299982442633,14.253850807747089,-6.899799856042276e-6,-15.1171875,-36.38671875,-23.5546875,58.359375,15.29296875,0.615234375,21.97265625,0.0,39.55078125,-26.3671875,-26.3671875,0.0,-17.0,-9.1,-27.0,14.4,5.5,3.2
7.997223854064941,-14.931783972253271,-35.86131579555162,-22.017468095082037,57.87872775595348,14.931783930719288,-7.357573966816083e-6,-12.124129648056101,-34.96086801434429,-19.480686563812913,56.067495756385014,14.104471165942307,-6.756251968829279e-6,-14.94140625,-36.38671875,-23.37890625,58.0078125,15.205078125,0.615234375,21.97265625,0.0,39.55078125,-26.3671875,-26.3671875,0.0,-17.0,-9.0,-27.0,13.6,6.6,3.2
8.003890991210938,-14.790869658702118,-35.83643847184837,-21.80150340911058,57.637886302748356,14.790869621283003,-7.214815544857057e-6,-11.951715462607874,-34.87179398816945,-19.43439624332997,55.867457872671835,13.953347137164554,-6.612607170406267e-6,-14.765625,-36.38671875,-23.115234375,57.65625,15.029296875,0.615234375,21.97265625,0.0,39.55078125,-39.55078125,-26.3671875,0.0,-16.8,-9.8,-25.4,11.8,6.6,3.2
8.010558843612671,-14.64810890583949,-35.80843820925604,-21.5932732354832,57.40165642963065,14.648108872730692,-7.071729755008614e-6,-11.777582063901008,-34.77836951744622,-19.399179816958053,55.673105826185605,13.800407859497527,-6.468895069758457e-6,-14.58984375,-36.38671875,-22.8515625,57.3046875,14.853515625,0.615234375,21.97265625,0.0,39.55078125,-39.55078125,-21.97265625,0.0,-16.8,-10.6,-24.5,10.2,5.6,3.2
8.0172278881073,-14.503532317845199,-35.77727517988165,-21.39284473719964,57.170065471577736,14.503532289240217,-6.9283726757302946e-6,-11.601760033804958,-34.68051459734813,-19.37488000912002,55.48443246735956,13.645683890198848,-6.325169209923689e-6,-14.501953125,-36.38671875,-22.67578125,56.865234375,14.765625,0.615234375,21.97265625,0.0,39.55078125,-39.55078125,-21.97265625,0.0,-17.6,-11.4,-23.7,7.6,6.3,3.2
8.023894786834717,-14.357226588020913,-35.742885229299276,-21.20050502806687,56.94333638761109,14.357226564110567,-6.78487658637102e-6,-11.424355765498525,-34.578218168944375,-19.36149446923026,55.301613194982096,13.489268139808294,-6.181563153748229e-6,-14.326171875,-36.38671875,-22.412109375,56.6015625,14.58984375,0.615234375,21.97265625,0.0,35.15625,-57.12890625,-21.97265625,0.0,-16.8,-12.2,-22.1,7.8,6.3,3.2
8.030561923980713,-14.209100398352895,-35.70507510741941,-21.016622843155947,56.72164466303221,14.209100379333988,-6.641248045012995e-6,-11.245275315324646,-34.47152366197214,-19.359316208167765,55.12483772603944,13.33106793002608,-6.03809236650876e-6,-14.150390625,-36.38671875,-22.1484375,56.42578125,14.4140625,0.615234375,26.3671875,0.0,35.15625,-57.12890625,-21.97265625,0.0,-16.8,-13.0,-21.2,8.0,6.4,3.2
8.03722882270813,-14.059206815551265,-35.663819833703315,-20.841269744752893,56.50503687937069,14.05920680161458,-6.497561967941083e-6,-11.06457609322252,-34.360392326657035,-19.368122576503065,54.95409773242413,13.171137718967605,-5.894828614500358e-6,-13.974609375,-36.38671875,-21.97265625,56.25,14.326171875,0.615234375,26.3671875,0.0,35.15625,-30.76171875,-21.97265625,0.0,-16.8,-13.9,-20.4,8.0,6.5,3.2
8.043895959854126,-13.90754936796352,-35.619039975450754,-20.67461328138719,56.29360115242215,13.907549359296405,-6.353869382450074e-6,-10.882263760178235,-34.24478289677628,-19.387846957119134,54.789444507710876,13.009481542541613,-5.751823785785454e-6,-13.798828125,-36.38671875,-21.884765625,56.162109375,14.150390625,0.615234375,26.3671875,0.0,30.76171875,-30.76171875,-21.97265625,0.0,-16.8,-14.7,-19.6,8.0,5.7,3.2
8.050562858581543,-13.754100226427585,-35.57055358323198,-20.517114292902754,56.08761637266709,13.754100223217378,-6.210244859587494e-6,-10.698321932348433,-34.12480822319152,-19.418732010393427,54.63113450217338,12.846074763399667,-5.609161229424599e-6,-13.53515625,-36.38671875,-21.708984375,55.986328125,13.974609375,0.615234375,26.3671875,0.0,30.76171875,-30.76171875,-21.97265625,0.0,-16.0,-15.5,-18.8,8.8,6.4,3.2
8.057230949401855,-13.598869099137664,-35.51833407799912,-20.368771710959862,55.88705489266976,13.598869101563345,-6.066720068635007e-6,-10.512755908003417,-34.000422064297,-19.46050597623649,54.47908540063227,12.680925637848631,-5.4668691184089375e-6,-13.359375,-36.38671875,-21.533203125,55.72265625,13.798828125,0.615234375,26.3671875,0.0,30.76171875,-26.3671875,-21.97265625,0.0,-16.0,-17.2,-16.4,7.2,6.3,3.2
8.063910961151123,-13.441616305967607,-35.46221925857494,-20.229533835945894,55.69170281255427,13.441616314209773,-5.923126601457851e-6,-10.32528221826274,-33.87140648073999,-19.513143600636933,54.333108938361484,12.513779945920867,-5.324782050325202e-6,-13.18359375,-36.38671875,-21.4453125,55.546875,13.7109375,0.615234375,26.3671875,0.0,21.97265625,-26.3671875,-21.97265625,0.0,-16.0,-18.0,-15.6,6.2,7.1,3.2
8.07057785987854,-13.282892504281298,-35.40223390630199,-20.1003750031243,55.50255924672885,13.282892518494267,-5.780073552524249e-6,-10.136574878534237,-33.738376084464484,-19.576638701246253,54.19398155890672,12.345228145032765,-5.183512052808289e-6,-13.0078125,-36.38671875,-21.26953125,55.37109375,13.53515625,0.615234375,30.76171875,0.0,21.97265625,-26.3671875,-21.97265625,0.0,-16.0,-18.8,-13.0,7.2,7.3,3.2
8.077244997024536,-13.122430763297192,-35.33827587927961,-19.98098918670063,55.31921602853255,13.12243078363284,-5.637333210126473e-6,-9.946308211993035,-33.601080448925515,-19.65074180394545,54.06131564599549,12.174984107604303,-5.042829284009784e-6,-12.744140625,-36.38671875,-21.181640625,55.283203125,13.271484375,0.615234375,30.76171875,0.0,21.97265625,-21.97265625,-21.97265625,0.0,-15.2,-19.5,-11.4,7.2,6.5,3.2
8.083911895751953,-12.960256832303825,-35.270292811941204,-19.87152377839985,55.141768184000085,12.960256858901435,-5.494978243501559e-6,-9.754514990351325,-33.45955677349405,-19.735284434206655,53.93513589404467,12.003075687534997,-4.902806067811512e-6,-12.568359375,-36.38671875,-21.09375,55.107421875,13.18359375,0.615234375,30.76171875,0.0,17.578125,-21.97265625,-26.3671875,0.0,-15.1,-21.1,-10.6,7.2,6.5,3.2
8.090579986572266,-12.796298236151014,-35.198092326103506,-19.772393454892597,54.9704380118514,12.796298269141285,-5.353055280441018e-6,-9.561127261620314,-33.31392077839001,-19.83042004552827,53.81562022879913,11.829431279623162,-4.763497478036255e-6,-12.392578125,-36.38671875,-21.005859375,55.01953125,13.0078125,0.615234375,26.3671875,0.0,17.578125,-21.97265625,-26.3671875,0.0,-15.1,-21.9,-9.1,7.2,6.2,3.2
8.097247838973999,-12.630636037688001,-35.121716986001445,-19.683555157082296,54.805225016900195,12.630636077182679,-5.2116509560037074e-6,-9.366234148954236,-33.16423154347752,-19.935746784202028,53.702672248571645,11.654134636422857,-4.624983912236079e-6,-12.216796875,-36.38671875,-21.005859375,54.931640625,12.83203125,0.615234375,26.3671875,0.0,17.578125,-21.97265625,-26.3671875,0.0,-15.1,-22.9,-8.3,7.2,6.5,3.2
8.103915929794312,-12.463273312285303,-35.04112237796932,-19.60510277107867,54.64617867155473,12.463273358380407,-5.070817623416867e-6,-9.169841747037907,-33.010530168692085,-20.051069311194052,53.59626918859113,11.47718962630305,-4.487316929708422e-6,-12.12890625,-36.298828125,-21.005859375,54.84375,12.744140625,0.615234375,26.3671875,0.0,8.7890625,-17.578125,-26.3671875,0.0,-15.9,-23.7,-7.5,7.2,5.7,3.2
8.11058497428894,-12.294155459207447,-34.95613565954359,-19.537439231612915,54.493529068242665,12.294155511984524,-4.930623362080255e-6,-8.97190403844359,-32.852961368642276,-20.176485677768127,53.49657672107114,11.298543827318207,-4.3505721927806275e-6,-11.865234375,-36.2109375,-20.91796875,54.755859375,12.568359375,0.615234375,26.3671875,4.39453125,8.7890625,-17.578125,-26.3671875,0.0,-15.1,-23.7,-6.1,8.0,6.2,3.2
8.117263793945312,-12.123102081788733,-34.86668862334844,-19.480375087738828,54.34701854933036,12.123102141318013,-4.79093627276824e-6,-8.772204513800451,-32.69135583162463,-20.31177178277614,53.403320600618244,11.118004933332664,-4.214616315009365e-6,-11.77734375,-36.2109375,-20.91796875,54.66796875,12.48046875,0.615234375,26.3671875,4.39453125,8.7890625,-17.578125,-26.3671875,0.0,-15.9,-24.2,-6.1,8.0,8.4,3.2
8.123933792114258,-11.95060457836779,-34.7730121781302,-19.43412524922965,54.207092931414685,11.950604644681553,-4.652207536476784e-6,-8.571319721483194,-32.526237552636644,-20.45632173814284,53.31671813172747,10.936092330121296,-4.0798884122263615e-6,-11.6015625,-36.123046875,-20.91796875,54.4921875,12.3046875,0.615234375,26.3671875,4.39453125,4.39453125,-17.578125,-26.3671875,0.0,-16.1,-25.0,-4.5,6.2,6.8,3.2
8.130602836608887,-11.77642701204403,-34.674858875540124,-19.398987923335934,54.07380297425755,11.77642708516298,-4.514360933455686e-6,-8.368992385176774,-32.35758993344502,-20.61033269440956,53.236802736608695,10.752562336521203,-3.946322956022935e-6,-11.42578125,-35.947265625,-20.91796875,54.228515625,12.12890625,0.615234375,26.3671875,13.18359375,4.39453125,-17.578125,-17.578125,0.0,-16.1,-24.2,-3.7,5.6,7.0,3.2
8.1372709274292,-11.600620376377181,-34.57231922707166,-19.374756173390516,53.94703225248596,11.600620456300838,-4.377441886554771e-6,-8.165274359581913,-32.18547733201523,-20.77336145697741,53.163374937966175,10.567466352013549,-3.813957408074539e-6,-11.25,-35.947265625,-20.91796875,54.052734375,12.041015625,0.615234375,26.3671875,13.18359375,4.39453125,-17.578125,-17.578125,0.0,-16.1,-25.7,-2.9,4.8,10.0,3.2
8.143938779830933,-11.42318105187792,-34.46538760579635,-19.361433383077863,53.826778522848656,11.423181138586123,-4.241497017079666e-6,-7.960164678174511,-32.00997460429768,-20.945181965125094,53.09635971683926,10.380801426517927,-3.6828366564536913e-6,-11.07421875,-35.859375,-20.91796875,53.96484375,11.77734375,0.615234375,26.3671875,13.18359375,0.0,-26.3671875,-17.578125,0.0,-16.0,-25.7,-2.1,4.0,7.6,3.2
8.151018857955933,-11.232939283872483,-34.34689795443418,-19.359589975718166,53.706446194165984,11.232939377738198,-4.098313802241074e-6,-7.740819669511339,-31.82011427114901,-21.137269090232095,53.032351362502865,10.180837304884253,-3.545078726707457e-6,-10.8984375,-35.771484375,-20.91796875,53.876953125,11.513671875,0.615234375,26.3671875,13.18359375,0.0,-26.3671875,-26.3671875,0.0,-16.8,-26.5,-1.2,4.8,6.8,3.2
8.157686948776245,-11.052107187406001,-34.2307999993632,-19.369079690140882,53.59983864641758,11.052107287948687,-3.9645941073822e-6,-7.532838225899297,-31.638005628329992,-21.326738383490344,52.9785226060542,9.990917785290439,-3.41674315206222e-6,-10.72265625,-35.595703125,-20.91796875,53.7890625,11.25,0.615234375,26.3671875,13.18359375,0.0,-13.18359375,-26.3671875,0.0,-16.8,-26.6,0.4,4.8,7.4,3.2
8.164353847503662,-10.869675679166015,-34.11028537648474,-19.389659536298623,53.499904567693875,10.869675786300322,-3.832084490757045e-6,-7.323526832705296,-31.452944330542138,-21.524408953119302,52.93101762696304,9.799470987905835,-3.2898864165058137e-6,-10.546875,-35.595703125,-20.91796875,53.7890625,11.07421875,0.615234375,26.3671875,13.18359375,0.0,-13.18359375,-26.3671875,0.0,-16.9,-28.2,0.4,4.8,6.6,3.2
8.171020984649658,-10.685620549360431,-33.985365030696144,-19.421275009133993,53.4066003979104,10.685620662982664,-3.700819409469576e-6,-7.112861936986471,-31.265003704329796,-21.730071622298503,52.88973345757651,9.606472679894416,-3.1645416607709595e-6,-10.37109375,-35.419921875,-20.91796875,53.701171875,10.8984375,0.615234375,21.97265625,13.18359375,0.0,-13.18359375,-35.15625,0.0,-16.9,-28.2,0.2,4.0,5.5,3.2
8.177687883377075,-10.499989298096981,-33.85614539173472,-19.463715019701116,53.319821477674815,10.49998941808587,-3.5708539228594377e-6,-6.900895991719505,-31.074238106432574,-21.943370365572466,52.854501728377606,9.411972013803455,-3.040757738874502e-6,-10.1953125,-35.244140625,-20.91796875,53.701171875,10.72265625,0.615234375,21.97265625,13.18359375,0.0,0.0,-35.15625,0.0,-17.7,-28.1,0.2,4.8,6.1,3.2
8.184355974197388,-10.312728405059898,-33.72257335190369,-19.51709231358996,53.23962744505267,10.31272853127572,-3.442245237250427e-6,-6.687581358173859,-30.880806019670153,-22.164242861141425,52.825322707783855,9.2159168613473,-2.9185953097765765e-6,-10.107421875,-35.15625,-20.91796875,53.61328125,10.634765625,0.615234375,21.97265625,13.18359375,0.0,0.0,-35.15625,0.0,-17.7,-28.1,1.0,4.8,8.5,3.2
8.191022872924805,-10.123920622702883,-33.58475899547599,-19.581274229559174,53.165995722749365,10.123920754987257,-3.3151005413318124e-6,-6.473016714084202,-30.68489006212548,-22.392361371941217,52.80209800354744,9.01839510600598,-2.798156585299963e-6,-9.931640625,-35.068359375,-20.91796875,53.61328125,10.458984375,0.615234375,26.3671875,17.578125,0.0,0.0,-21.97265625,0.0,-18.5,-28.9,1.8,4.8,7.6,3.2
8.197690963745117,-9.93353321005203,-33.442772979721795,-19.656025973921473,53.09876217447646,9.933533348236015,-3.1894160247834445e-6,-6.257163071405423,-30.48647127447961,-22.627479405741056,52.78463747674107,8.81937189834146,-2.6794344010676228e-6,-9.755859375,-34.892578125,-20.91796875,53.525390625,10.1953125,0.615234375,26.3671875,17.578125,0.0,-8.7890625,-21.97265625,0.0,-18.5,-29.0,4.2,4.0,6.9,3.2
8.20435881614685,-9.74159478550852,-33.296646356281855,-19.74138091273632,53.037991217799885,9.741594929405446,-3.0653055439303547e-6,-6.040066620568313,-30.285779785322,-22.86943339965933,52.77293592318843,8.618881196919224,-2.562543151366875e-6,-9.580078125,-34.716796875,-20.91796875,53.525390625,10.107421875,0.615234375,26.3671875,17.578125,0.0,-8.7890625,-21.97265625,0.0,-18.5,-29.0,5.8,4.0,9.3,3.2
8.211029767990112,-9.548025529307122,-33.146389449847845,-19.837223450890207,52.98357758259597,9.548025678721315,-2.9427669121527313e-6,-5.821641813717743,-30.082824771930586,-23.118106555730556,52.76687017991786,8.416840983203441,-2.447481712265502e-6,-9.404296875,-34.541015625,-20.91796875,53.4375,9.84375,0.615234375,26.3671875,26.3671875,0.0,-8.7890625,-30.76171875,0.0,-18.5,-29.0,7.8,3.2,7.6,3.2
8.217696905136108,-9.353061479581076,-32.99229636296496,-19.943155988226707,52.935417770370385,9.353061634303725,-2.821964546755531e-6,-5.602153253611227,-29.877875680775553,-23.372930830670562,52.76625975525759,8.213497057452136,-2.3344011158986723e-6,-9.140625,-34.365234375,-20.91796875,53.4375,9.580078125,0.615234375,26.3671875,26.3671875,0.0,0.0,-30.76171875,0.0,-18.4,-28.9,9.4,4.0,6.0,3.2
8.224363803863525,-9.156588884302172,-32.83431200107892,-20.059226685152648,52.893504847388044,9.156589044115428,-2.702920661717844e-6,-5.381486389800606,-29.670997644322593,-23.633923767773602,52.77107830765316,8.008734765696294,-2.2233295249435315e-6,-9.052734375,-34.189453125,-21.005859375,53.4375,9.404296875,0.615234375,26.3671875,26.3671875,0.0,0.0,-30.76171875,0.0,-19.2,-28.9,10.2,4.0,7.6,3.2
8.231030941009521,-8.958612721600954,-32.67253094057607,-20.185235402873857,52.85773325122561,8.958612886280894,-2.585682751876678e-6,-5.159651062998785,-29.462282455358082,-23.900872171038415,52.78119790342065,7.802560527953009,-2.114312303645361e-6,-8.876953125,-34.013671875,-21.09375,53.4375,9.228515625,0.615234375,26.3671875,26.3671875,0.0,0.0,-30.76171875,0.0,-19.2,-28.9,10.9,4.0,7.5,3.2
8.237697839736938,-8.759182401852234,-32.50711402626448,-20.32085136788052,52.827933053011535,8.759182571172465,-2.4702933534993456e-6,-4.93670115637112,-29.25180799602969,-24.173471044361982,52.7964344430175,7.595025331504343,-2.0073860430924968e-6,-8.61328125,-33.837890625,-21.181640625,53.4375,8.96484375,0.615234375,26.3671875,26.3671875,-13.18359375,0.0,-30.76171875,0.0,-19.3,-29.5,12.5,3.2,7.0,3.2
8.244364976882935,-8.558275016787151,-32.33809309331325,-20.466043866176584,52.80410537399304,8.558275190514214,-2.356834172923514e-6,-4.712625206054871,-29.039716685023546,-24.451629516252805,52.81676016770848,7.386109531381894,-1.9026351038011398e-6,-8.525390625,-33.662109375,-21.26953125,53.4375,8.7890625,0.615234375,26.3671875,26.3671875,-13.18359375,0.0,-30.76171875,0.0,-20.1,-28.7,13.3,3.2,8.6,3.2
8.251031875610352,-8.355925162089317,-32.165599008975,-20.6205661082925,52.786134291832546,8.355925339987987,-2.245367208801932e-6,-4.487466069942101,-28.82612452271988,-24.735111439771558,52.842045013106805,7.175850361073741,-1.8001182251471473e-6,-8.349609375,-33.486328125,-21.4453125,53.4375,8.525390625,0.615234375,26.3671875,26.3671875,-13.18359375,0.0,-30.76171875,0.0,-20.1,-29.5,13.2,3.2,6.6,3.2
8.257699966430664,-8.152124847564025,-31.989750316212277,-20.78411560136527,52.773835856681,8.152125029402516,-2.135899340586596e-6,-4.261213505140964,-28.61105042721794,-25.023715945335443,52.872117398865186,6.964239108283495,-1.6998390608865185e-6,-8.0859375,-33.22265625,-21.533203125,53.349609375,8.349609375,0.615234375,26.3671875,26.3671875,-17.578125,0.0,-30.76171875,0.0,-20.1,-28.9,14.8,2.4,7.0,3.2
8.264367818832397,-7.946910663320871,-31.810642473931253,-20.956588533682798,52.767201715588975,7.946910848863389,-2.0285461995960653e-6,-4.033922620558832,-28.39468169146142,-25.317277956638797,52.90693980946144,6.751318081590956,-1.6019133319506503e-6,-7.91015625,-33.134765625,-21.708984375,53.349609375,8.173828125,0.615234375,26.3671875,26.3671875,-17.578125,0.0,-30.76171875,0.0,-20.1,-29.7,14.8,1.4,8.6,3.2
8.27103877067566,-7.740200618221271,-31.62831067328991,-21.13782250400228,52.76610465879285,7.740200807236483,-1.9233069616619215e-6,-3.805507144682799,-28.17700326946825,-25.61574747561078,52.94640677768493,6.537003570547759,-1.5063424026501346e-6,-7.646484375,-32.87109375,-21.884765625,53.349609375,7.91015625,0.615234375,26.3671875,26.3671875,-17.578125,0.0,-30.76171875,0.0,-20.1,-29.7,16.2,1.6,6.6,3.2
8.277705907821655,-7.532245319232606,-31.44310224952912,-21.32728656833949,52.77036107663717,7.532245511491853,-1.8203171995058921e-6,-3.576242458995572,-27.95830732447933,-25.918575237516414,52.990307327166946,6.321554956866763,-1.4132466389145117e-6,-7.470703125,-32.6953125,-22.060546875,53.349609375,7.646484375,0.615234375,26.3671875,26.3671875,-26.3671875,0.0,-30.76171875,0.0,-20.9,-29.5,16.2,1.6,6.2,3.2
8.2843759059906,-7.3228316378923966,-31.254900681801693,-21.52507879565148,52.779952518027564,7.322831833170642,-1.7195673146492559e-6,-3.345908194570322,-27.738500385404073,-26.225967580576718,53.038653087556746,6.104755804157198,-1.322628210940691e-6,-7.294921875,-32.51953125,-22.1484375,53.349609375,7.55859375,0.615234375,26.3671875,26.3671875,-26.3671875,0.0,-30.76171875,0.0,-20.9,-29.5,17.0,0.8,8.6,3.2
8.291045904159546,-7.112072099041408,-31.063916006599424,-21.73085466999594,52.7947445031119,7.112072297118104,-1.6211501826411486e-6,-3.114632337886506,-27.51776303061988,-26.53761051750104,53.09130408848956,5.886723892950236,-1.2345728524652163e-6,-7.119140625,-32.34375,-22.32421875,53.349609375,7.3828125,0.615234375,30.76171875,30.76171875,-26.3671875,0.0,-30.76171875,0.0,-20.9,-29.5,17.9,0.8,7.4,3.2
8.297716856002808,-6.899972551706813,-30.870274772590232,-21.944310562972806,52.81455995216419,6.899972752370387,-1.5250761034198933e-6,-2.8824200440248315,-27.296130208196583,-26.853334165980506,53.14811098910158,5.667464933773916,-1.1490872149225145e-6,-6.85546875,-32.080078125,-22.587890625,53.349609375,7.119140625,0.615234375,30.76171875,30.76171875,-26.3671875,0.0,-30.76171875,0.0,-20.8,-29.7,18.7,-0.0,7.0,3.2
8.304386854171753,-6.686589939528471,-30.67410622570906,-22.165285933208274,52.839367569536435,6.686590142569371,-1.4314692770470546e-6,-2.649348791895471,-27.073775063054534,-27.17296183579049,53.209029777487814,5.4470423490976305,-1.0662942078142669e-6,-6.6796875,-31.904296875,-22.763671875,53.349609375,6.943359375,0.615234375,30.76171875,30.76171875,-26.3671875,0.0,-30.76171875,0.0,-20.8,-29.7,18.7,-0.0,8.6,3.2
8.311054944992065,-6.471981515168349,-30.4755719406392,-22.393475583467325,52.869023732487165,6.471981720384805,-1.340385206747196e-6,-2.415484085650423,-26.850809656251947,-27.496274257481957,53.2739315258863,5.225516218169792,-9.862442214456198e-7,-6.50390625,-31.728515625,-22.939453125,53.349609375,6.767578125,0.615234375,35.15625,26.3671875,-26.3671875,0.0,-30.76171875,0.0,-21.6,-29.7,19.3,-0.0,8.3,3.2
8.317722797393799,-6.256130179743669,-30.2747701473846,-22.62861509393158,52.903362251295434,6.256130386944341,-1.2518214277315677e-6,-2.1808058417221754,-26.627244764586745,-27.823158988644135,53.342686617378526,5.002868516787678,-9.089322215600628e-7,-6.240234375,-31.46484375,-23.291015625,53.349609375,6.416015625,0.615234375,35.15625,26.3671875,-35.15625,0.0,-30.76171875,0.0,-20.8,-29.7,19.3,-0.0,7.0,3.2
8.324390888214111,-6.039018880158918,-30.07176368680241,-22.87061620169833,52.94235770398565,6.0390190891569295,-1.1658700087988552e-6,-1.9453108484692734,-26.40315937695457,-28.153561052271957,53.4152757394092,4.779086296586965,-8.344523912564526e-7,-5.9765625,-31.376953125,-23.466796875,53.349609375,6.328125,0.615234375,35.15625,26.3671875,-35.15625,0.0,-30.76171875,0.0,-20.8,-30.5,20.1,-0.0,9.4,3.2
8.331058979034424,-5.820682766638754,-29.866687507039504,-23.119209296116566,52.98587542794835,5.820682977256051,-1.0825742601376575e-6,-1.7090402573787125,-26.1786347475008,-28.487313392477724,53.491586797916824,4.554206766343991,-7.62843812703319e-7,-5.712890625,-31.11328125,-23.73046875,53.349609375,5.9765625,0.615234375,30.76171875,30.76171875,-35.15625,0.0,-30.76171875,0.0,-20.8,-30.4,20.2,-0.0,6.6,3.2
8.33772587776184,-5.60119737741074,-29.659716562938836,-23.374049043661874,53.0337450442528,5.601197589479114,-1.0019667632640296e-6,-1.472074453725952,-25.953776158641155,-28.82418444712489,53.57147378561386,4.3283074037011104,-6.941314668217279e-7,-5.537109375,-30.9375,-23.90625,53.349609375,5.712890625,0.615234375,30.76171875,30.76171875,-30.76171875,0.0,-30.76171875,0.0,-20.8,-30.4,21.0,-0.0,5.2,3.2
8.344395875930786,-5.380421515290533,-29.450795039027206,-23.635196424406253,53.08597171803025,5.380421728647731,-9.240966746889528e-7,-1.2342767290083283,-25.728520373495897,-29.164321589927084,53.654969678875005,4.101247677517059,-6.283730185263993e-7,-5.2734375,-30.76171875,-24.08203125,53.349609375,5.625,0.615234375,30.76171875,30.76171875,-30.76171875,0.0,-35.15625,0.0,-20.0,-30.4,21.8,-0.0,7.6,3.2
8.351062774658203,-5.158589187846767,-29.240238323664123,-23.90216033734077,53.142379735792204,5.158589402338324,-8.490727670889959e-7,-0.9959018197833907,-25.50314390532547,-29.507268228161493,53.7418958186917,3.8732691579380703,-5.656617154195723e-7,-4.921875,-30.498046875,-24.43359375,53.349609375,5.361328125,0.615234375,35.15625,30.76171875,-30.76171875,0.0,-35.15625,0.0,-20.0,-31.3,21.8,-0.8,7.6,3.2
8.3577299118042,-4.935626463523587,-29.028069494185942,-24.17479321366094,53.202844606375365,4.9356266790054075,-7.768707959529766e-7,-0.756868642202361,-25.27759767192838,-29.853041739427624,53.83217428161118,3.6442954784935884,-5.059736048834098e-7,-4.74609375,-30.234375,-24.609375,53.349609375,5.185546875,0.615234375,35.15625,30.76171875,-35.15625,0.0,-35.15625,0.0,-19.9,-30.5,22.6,-0.8,6.9,3.2
8.364396810531616,-4.711552203839501,-28.81438118554219,-24.45297287983981,53.267336791145354,4.71155242017269,-7.075967488092304e-7,-0.517213031968972,-25.05196719895104,-30.20155358383749,53.925783242152356,3.414350797107036,-4.494139451966967e-7,-4.5703125,-30.146484375,-24.873046875,53.349609375,5.009765625,0.615234375,35.15625,30.76171875,-35.15625,0.0,-30.76171875,0.0,-19.9,-31.3,22.6,-1.8,9.3,3.2
8.371064901351929,-4.486348096322635,-28.5992402663533,-24.736528330440162,53.33575215338094,4.486348313376949,-6.412691064655929e-7,-0.2769179256297164,-24.826265642275985,-30.552752712291316,54.02265136792101,3.183417199107364,-3.9599923900005706e-7,-4.306640625,-29.8828125,-25.13671875,53.349609375,4.74609375,0.615234375,35.15625,30.76171875,-35.15625,0.0,-30.76171875,0.0,-19.1,-30.5,22.5,-1.6,8.3,3.2
8.377731800079346,-4.2601313616529,-28.382840156164946,-25.025103337458717,53.40792788422346,4.260131579306744,-5.77922900003818e-7,-0.03610694713365301,-24.600635811493333,-30.90637759483368,54.122635970776095,2.95161457860715,-3.457538169274296e-7,-4.04296875,-29.619140625,-25.400390625,53.349609375,4.482421875,0.615234375,35.15625,30.76171875,-39.55078125,0.0,-30.76171875,0.0,-19.1,-30.3,23.3,-4.0,7.8,3.2
8.384399890899658,-4.032826443455982,-28.16517912069041,-25.318703691896417,53.483868040681244,4.0328266615930115,-5.176368964414504e-7,0.20528463144583314,-24.375055356750998,-31.262497128422552,54.22576204046622,2.718870360968819,-2.9876064851439695e-7,-3.8671875,-29.443359375,-25.6640625,53.349609375,4.306640625,0.615234375,35.15625,30.76171875,-39.55078125,0.0,-35.15625,0.0,-19.9,-30.3,23.3,-5.2,9.4,3.2
8.391069889068604,-3.8044393582199993,-27.94633716765334,-25.617150362188653,53.563473598919785,3.804439576731542,-4.604354802396214e-7,0.44724793734820806,-24.149556713644973,-31.62103752269965,54.331959176139335,2.4851915972576895,-2.5504043454878897e-7,-3.515625,-29.1796875,-26.015625,53.349609375,3.955078125,0.615234375,39.55078125,30.76171875,-39.55078125,0.0,-35.15625,0.0,-19.1,-30.4,23.3,-4.8,6.6,3.2
8.39773678779602,-3.5751787762093947,-27.72658431951376,-25.919986116036707,53.6465573483638,3.5751789949943906,-4.063680949329645e-7,0.689563700616232,-23.924369763096685,-31.981607821857633,54.44104918920935,2.2507913990014035,-2.146260568545035e-7,-3.251953125,-29.00390625,-26.279296875,53.349609375,3.779296875,0.615234375,39.55078125,30.76171875,-39.55078125,0.0,-35.15625,0.0,-19.2,-31.2,24.1,-6.4,6.8,3.2
8.404403924942017,-3.344938265315697,-27.50588422393957,-26.22726951612771,53.733141499778526,3.344938484277852,-3.555075740718193e-7,0.9323289587064134,-23.699429941486915,-32.34433543352024,54.553078873417334,2.0155657554331805,-1.7759588743704114e-7,-3.076171875,-28.828125,-26.455078125,53.349609375,3.603515625,0.615234375,39.55078125,30.76171875,-39.55078125,0.0,-30.76171875,0.0,-19.2,-31.2,24.9,-7.5,8.4,3.2
8.411072969436646,-3.1136920473338714,-27.284276408671417,-26.538883284674668,53.82314830324212,3.1136922663836293,-3.0786645750476126e-7,1.17556899833928,-23.474733081138307,-32.709209690654056,54.668001469975415,1.77948906766769,-1.4396029034829078e-7,-2.8125,-28.564453125,-26.89453125,53.525390625,3.33984375,0.615234375,35.15625,35.15625,-39.55078125,0.0,-30.76171875,0.0,-19.2,-31.3,25.0,-5.6,7.6,3.2
8.417740821838379,-2.8815845222311633,-27.06195828536722,-26.85447412754449,53.91642187578019,2.8815847412856543,-2.6347082354164955e-7,1.4191336684865712,-23.2504429008428,-33.075953514917295,54.78567614313608,1.5427083985387733,-1.1373216246886395e-7,-2.63671875,-28.388671875,-27.158203125,53.525390625,3.1640625,0.615234375,35.15625,35.15625,-48.33984375,8.7890625,-30.76171875,0.0,-19.2,-31.3,24.2,-7.2,6.9,3.2
8.424408912658691,-2.6485763064049763,-26.838952509069767,-27.174026321694132,54.01296914955819,2.6485765253853266,-2.2241232317874992e-7,1.6630485270465387,-23.026550487500987,-33.44459849402274,54.90612602552862,1.3051885088985018,-8.700427205931732e-8,-2.4609375,-28.212890625,-27.333984375,53.61328125,2.98828125,0.615234375,35.15625,35.15625,-48.33984375,8.7890625,-30.76171875,0.0,-20.0,-31.3,25.8,-8.0,9.3,3.2
8.431076765060425,-2.4147174675287735,-26.615361344582364,-27.497338091851013,54.11269061395364,2.4147176863618616,-1.8471222590191924e-7,1.9072600597482046,-22.80311985245592,-33.81502582431881,55.02927305650985,1.0669809579626195,-6.379067436274991e-8,-2.109375,-27.861328125,-27.7734375,53.7890625,2.63671875,0.615234375,35.15625,30.76171875,-48.33984375,8.7890625,-30.76171875,0.0,-19.2,-30.3,25.6,-6.4,7.7,3.2
8.43774700164795,-2.1799527869781543,-26.391180836659608,-27.82435068136697,54.215523557307364,2.179953005596418,-1.5035663775162544e-7,2.1518276961234815,-22.580121237998135,-34.187286023000645,55.155087836668336,0.8280291576799679,-4.40762700750117e-8,-1.93359375,-27.685546875,-28.037109375,53.876953125,2.4609375,0.615234375,35.15625,30.76171875,-43.9453125,13.18359375,-30.76171875,0.0,-20.1,-31.1,25.6,-7.2,7.5,3.2
8.444413900375366,-1.944496543775669,-26.166670667774575,-28.154708176817703,54.32137174790528,1.944496762115091,-1.1947590050359683e-7,2.396512357841717,-22.357776978547037,-34.5610172181963,55.28346462980532,0.5885562071264937,-2.7976199515641334e-8,-1.7578125,-27.509765625,-28.30078125,53.876953125,2.28515625,0.615234375,35.15625,30.76171875,-43.9453125,13.18359375,-39.55078125,0.0,-20.1,-31.1,25.6,-9.6,9.9,3.2
8.451080799102783,-1.7082659030041363,-25.94179651222186,-28.488410723321707,54.430201005496016,1.7082661210054115,-9.206418050112003e-8,2.641400090708527,-22.136019818735956,-34.93632168150043,55.41440208657421,0.3484780788676596,-1.5485301668149458e-8,-1.494140625,-27.24609375,-28.740234375,54.140625,1.93359375,0.615234375,30.76171875,35.15625,-43.9453125,13.18359375,-39.55078125,0.0,-20.1,-31.3,25.7,-7.2,8.5,3.2
8.457750797271729,-1.4711876434182176,-25.71652820226509,-28.825448256181097,54.54197109794559,1.4711878610264795,-6.810640058568293e-8,2.88656863989734,-21.91480363733516,-35.31328953164356,55.547891761280574,0.10772001198733368,-6.588310551772751e-9,-1.318359375,-27.0703125,-28.916015625,54.228515625,1.669921875,0.615234375,30.76171875,35.15625,-43.9453125,17.578125,-39.55078125,0.0,-20.0,-31.3,25.7,-8.0,6.8,3.2
8.464420795440674,-1.2333867736134752,-25.49103478933575,-29.16559895514484,54.656629256002205,1.2333869907767598,-4.771672013358471e-8,3.1318723309003604,-21.694255548540838,-35.69170814799425,55.68387973459501,-0.13358584321532146,-1.389131500854846e-9,-1.142578125,-26.89453125,-29.1796875,54.31640625,1.494140625,0.615234375,30.76171875,35.15625,-43.9453125,17.578125,-39.55078125,0.0,-20.8,-31.3,26.5,-8.8,9.2,3.2
8.471089839935303,-0.9949327842047628,-25.265418210229445,-29.50866616603375,54.77408076205943,0.9949330008751207,-3.090314814420081e-8,3.3772397604528357,-21.474448466490433,-36.07144740971777,55.82228751387917,-0.37536882749761713,1.1345462201361516e-10,-0.87890625,-26.54296875,-29.619140625,54.580078125,1.142578125,0.615234375,35.15625,30.76171875,-43.9453125,17.578125,-39.55078125,0.0,-21.6,-30.3,26.5,-7.0,7.5,3.2
8.477757930755615,-0.7558630297444057,-25.039744359945644,-29.85449949472913,54.89424111689291,0.7558632458776569,-1.765525222890754e-8,3.6226352379577316,-21.255437116502208,-36.452430591879214,55.9630500794814,-0.6175916712259021,-2.0626618966477515e-9,-0.703125,-26.3671875,-29.8828125,54.66796875,0.966796875,0.615234375,35.15625,30.76171875,-48.33984375,21.97265625,-39.55078125,0.0,-21.8,-31.1,27.3,-8.0,6.8,3.2
8.484425783157349,-0.5161700055108779,-24.814051064250986,-30.203074902919894,55.01712410801491,0.5161702210650038,-8.069961276883898e-9,3.8680506345578367,-21.03721531148618,-36.83466301677486,56.10619170744031,-0.8602569128124692,-8.011943212191563e-9,-0.52734375,-26.19140625,-30.146484375,54.755859375,0.791015625,0.615234375,35.15625,30.76171875,-48.33984375,21.97265625,-35.15625,0.0,-21.8,-31.1,27.3,-8.8,8.4,3.2
8.491093873977661,-0.27587263594515254,-24.588384119889632,-30.554284048610462,55.14266719013686,0.2758728508812779,-2.145467460333524e-9,4.113467451142027,-20.819806204490053,-37.21810337575705,56.25166847958164,-1.1033454134092306,-1.7726302194969236e-8,-0.263671875,-25.927734375,-30.5859375,54.931640625,0.52734375,0.615234375,26.3671875,35.15625,-48.33984375,21.97265625,-35.15625,0.0,-22.6,-31.3,27.3,-8.0,8.4,3.2
8.497760772705078,-0.03505950381372649,-24.362849784309184,-30.907918582610698,55.2707682712232,0.035059718096101436,1.3087844492025689e-10,4.358798075201403,-20.60330999920769,-37.60260125561139,56.39939105467296,-1.346768187815044,-3.118217545499616e-8,-0.087890625,-25.751953125,-30.849609375,55.01953125,0.3515625,0.615234375,26.3671875,35.15625,-48.33984375,21.97265625,-35.15625,0.0,-22.5,-31.3,27.3,-8.8,6.9,3.2
8.504427909851074,0.20630020704629368,-24.13745937697867,-31.26399930695672,55.401459472923875,-0.2062999934518163,-1.3364815519282904e-9,4.604058181805657,-20.387691747505265,-37.98820624025557,56.54940302725126,-1.5905513195898755,-4.847358612980231e-8,0.087890625,-25.576171875,-31.11328125,55.1953125,0.17578125,0.615234375,26.3671875,35.15625,-48.33984375,21.97265625,-30.76171875,0.0,-22.5,-31.3,27.3,-8.8,9.3,3.2
8.511096000671387,0.4481960859141453,-23.912243566169842,-31.622445412768702,55.53469065462504,-0.448195873039265,-6.541473412222912e-9,4.849238462850149,-20.17296480662842,-38.374897994545435,56.70167140720059,-1.8346844190850602,-6.958856587708549e-8,0.3515625,-25.224609375,-31.552734375,55.37109375,-0.17578125,0.615234375,30.76171875,30.76171875,-48.33984375,21.97265625,-30.76171875,0.0,-23.3,-30.3,28.1,-8.0,8.3,3.2
8.51776385307312,0.6905481418876375,-23.687293361286578,-31.983075087326263,55.67037101274833,-0.690547929761575,-1.546562347025263e-8,5.094260848535204,-19.95922044407859,-38.76254663029195,56.85611678252623,-2.079087416148102,-9.449809566381415e-8,0.439453125,-25.048828125,-31.81640625,55.458984375,-0.3515625,0.615234375,30.76171875,30.76171875,-48.33984375,21.97265625,-30.76171875,0.0,-24.2,-30.3,28.1,-8.8,6.9,3.2
8.524431943893433,0.9333502121567517,-23.462650445837205,-32.34586490466991,55.808518804854586,-0.9333500008074511,-2.8203683373145106e-8,5.339103379651533,-19.746449714223115,-39.15114933333931,57.01276496369229,-2.3237489913564726,-1.2329242002833792e-7,0.615234375,-24.873046875,-32.080078125,55.634765625,-0.52734375,0.615234375,30.76171875,30.76171875,-48.33984375,21.97265625,-35.15625,0.0,-25.0,-31.1,28.1,-8.8,10.1,3.2
8.53109884262085,1.1765133925756976,-23.23841118948281,-32.71062898862617,55.94904452413759,-1.1765131820289403,-4.473826089905471e-8,5.5836786219782955,-19.534732171498412,-39.54056636789783,57.17153583712053,-2.5685799635694,-1.5594286321704718e-7,0.966796875,-24.609375,-32.607421875,55.810546875,-0.966796875,0.615234375,30.76171875,35.15625,-48.33984375,21.97265625,-35.15625,0.0,-24.2,-31.3,28.0,-7.2,8.4,3.2
8.537768840789795,1.420157735857992,-23.01447571257412,-33.07749777167688,56.09197872390119,-1.42015752613825,-6.505853153586996e-8,5.828110535307805,-19.323983683057836,-39.93099404208934,57.332484490721015,-2.8137019223185904,-1.9244117205215744e-7,1.23046875,-24.345703125,-32.87109375,55.986328125,-1.142578125,0.615234375,30.76171875,35.15625,-48.33984375,21.97265625,-35.15625,0.0,-24.0,-30.5,28.0,-7.2,7.7,3.2
8.544436931610107,1.6640742189106965,-22.791068328595813,-33.44615199193751,56.23722645501603,-1.6640740100408369,-8.924139317031812e-8,6.072173629075914,-19.11436423991031,-40.32211078299648,57.49550764339603,-3.0588994190312366,-2.3284572164303095e-7,1.494140625,-24.169921875,-33.22265625,56.07421875,-1.40625,0.615234375,35.15625,30.76171875,-48.33984375,21.97265625,-39.55078125,0.0,-24.0,-31.3,28.8,-8.8,10.6,3.2
8.551117897033691,1.9087673736616044,-22.567737235908375,-33.817316089324166,56.385060357642004,-1.908767165664877,-1.1732865556574858e-7,6.316374027205164,-18.905444602415493,-40.71473428960248,57.660928459344255,-3.3046797420839242,-2.7722637443825726e-7,1.669921875,-23.994140625,-33.486328125,56.162109375,-1.58203125,0.615234375,35.15625,30.76171875,-48.33984375,21.97265625,-39.55078125,0.0,-24.0,-31.3,28.9,-9.8,11.4,3.2
8.557787895202637,2.1533276881762475,-22.34531822588031,-34.18957230548168,56.5348984614854,-2.1533274810713734,-1.4919343501105028e-7,6.5598076691077605,-18.69802046719147,-41.10741439226397,57.82811327618636,-3.550130171500749,-3.253902018563049e-7,1.93359375,-23.73046875,-33.92578125,56.42578125,-1.93359375,0.615234375,35.15625,30.76171875,-57.12890625,21.97265625,-39.55078125,0.0,-24.0,-31.2,28.9,-7.0,8.0,3.2
8.56445598602295,2.398057746860578,-22.123562816487038,-34.563382324592176,56.68695396985338,-2.398057540666734,-1.849585803334717e-7,6.802761592037522,-18.4918046265688,-41.500655644963125,57.997303685009285,-3.7955497099973607,-3.7747496066450454e-7,2.109375,-23.5546875,-34.189453125,56.513671875,-2.197265625,0.615234375,35.15625,30.76171875,-57.12890625,21.97265625,-39.55078125,0.0,-24.0,-31.2,28.9,-7.8,6.4,3.2
8.571123838424683,2.6429815703795905,-21.90245098371603,-34.93874929503063,56.84121000722696,-2.6429813651149487,-2.2459766082900157e-7,7.045264384904969,-18.28677647025417,-41.89450878396596,58.16849759238374,-4.040963617274547,-4.334501796328226e-7,2.4609375,-23.291015625,-34.62890625,56.689453125,-2.4609375,0.615234375,39.55078125,35.15625,-57.12890625,21.97265625,-39.55078125,0.0,-24.0,-31.2,28.8,-8.2,6.9,3.2
8.577790975570679,2.888045822816357,-21.682032287027337,-35.315563761881506,56.997606677984415,-2.888045618497949,-2.6807702781830394e-7,7.287267107865901,-18.08299813333926,-42.28890162859547,58.34164333394226,-4.2863193579419425,-4.932731230838046e-7,2.724609375,-23.02734375,-35.068359375,56.865234375,-2.63671875,0.615234375,39.55078125,35.15625,-48.33984375,21.97265625,-39.55078125,0.0,-24.0,-30.4,28.8,-8.0,7.9,3.2
8.584458827972412,3.1332714224342504,-21.462313336578166,-35.693870538448294,57.15619540570513,-3.13327121907883,-3.154914017512785e-7,7.528774789464975,-17.880420222587944,-42.68389289872516,58.51679939064069,-4.531632705374205,-5.570341389059259e-7,2.98828125,-22.763671875,-35.33203125,57.041015625,-2.8125,0.615234375,35.15625,35.15625,-48.33984375,21.97265625,-30.76171875,0.0,-24.0,-30.4,29.6,-10.4,12.5,3.2
8.591254949569702,3.38331538245109,-21.23914328873547,-36.08086478213332,57.32002052132262,-3.3833151800933403,-3.678187365051737e-7,7.774360379702912,-17.675237425905323,-43.08701011493308,58.697331044980714,-4.781557827471376,-6.260155173966835e-7,3.251953125,-22.67578125,-35.68359375,57.12890625,-3.076171875,0.615234375,35.15625,35.15625,-48.33984375,21.97265625,-30.76171875,0.0,-23.2,-31.2,28.9,-10.8,11.7,3.2
8.597922801971436,3.62870316119035,-21.020975621852,-36.461862947862095,57.48285192329233,-3.628702959826461,-4.230457959736122e-7,8.01472286520646,-17.475233371788672,-43.48299591410374,58.87638580969318,-5.0266258141416476,-6.975673473654752e-7,3.515625,-22.412109375,-35.947265625,57.3046875,-3.33984375,0.615234375,35.15625,35.15625,-52.734375,26.3671875,-30.76171875,0.0,-23.0,-30.3,29.7,-9.2,8.8,3.2
8.604705810546875,3.8783573271249114,-20.799904654539848,-36.850745125805304,57.650664053283606,-3.8783571267871046,-4.832902554793484e-7,8.25858308498159,-17.273097127410082,-43.88628238219304,59.06053253149383,-5.275741337559053,-7.743941791718826e-7,3.8671875,-22.1484375,-36.38671875,57.48046875,-3.69140625,0.615234375,43.9453125,35.15625,-52.734375,26.3671875,-39.55078125,0.0,-22.2,-30.3,29.7,-9.3,6.8,3.2
8.611373901367188,4.123773151128827,-20.583442552665993,-37.23422944109569,57.81768717099748,-4.123772951813585,-5.464037978973293e-7,8.497649147536968,-17.07573069675739,-44.283144568534546,59.24345755475974,-5.520422544819407,-8.53777453713217e-7,4.04296875,-21.97265625,-36.73828125,57.744140625,-3.8671875,0.615234375,43.9453125,30.76171875,-52.734375,26.3671875,-39.55078125,0.0,-22.2,-30.3,29.6,-9.6,9.2,3.2
8.6180419921875,4.369145278329338,-20.367870641781497,-37.618840277932236,57.986727001659126,-4.369145080049938,-6.133727647951708e-7,8.736021980433652,-16.8797147226651,-44.680379466971615,59.42824993385734,-5.764855864222287,-9.369765161010675e-7,4.482421875,-21.62109375,-37.265625,57.919921875,-4.21875,0.615234375,43.9453125,30.76171875,-57.12890625,26.3671875,-39.55078125,0.0,-21.5,-29.5,29.6,-8.6,7.5,3.2
8.624708890914917,4.614391903446772,-20.15328464336401,-38.004482933171055,58.15778456334945,-4.6143917062162,-6.842797208777932e-7,8.973603637652776,-16.685086070757972,-45.07789287532741,59.61490925761129,-6.008953682649874,-1.0240613615484295e-6,4.74609375,-21.4453125,-37.529296875,58.095703125,-4.39453125,0.615234375,43.9453125,35.15625,-57.12890625,26.3671875,-35.15625,0.0,-20.7,-29.5,30.4,-8.6,7.7,3.2
8.63137698173523,4.859567105142622,-19.939613564637373,-38.39121274494832,58.33084420164335,-4.8595669089734805,-7.590325353810382e-7,9.210463785618938,-16.491818096836255,-45.475786048281435,59.80343438799511,-6.252774948691137,-1.114938592299914e-6,4.921875,-21.26953125,-37.79296875,58.18359375,-4.5703125,0.615234375,43.9453125,35.15625,-57.12890625,26.3671875,-35.15625,0.0,-20.7,-29.5,30.4,-10.7,9.3,3.2
8.638044834136963,5.104582798362894,-19.726935716226354,-38.77889960952591,58.50585412313518,-5.1045826032672394,-8.376136606081219e-7,9.44651481991385,-16.299966576504485,-45.873944467542096,59.99377436199259,-6.496230970332406,-1.2095787783331509e-6,5.361328125,-21.005859375,-38.3203125,58.447265625,-4.833984375,0.615234375,43.9453125,35.15625,-52.734375,21.97265625,-35.15625,0.0,-19.9,-29.5,30.4,-8.6,8.3,3.2
8.644714832305908,5.349485367106343,-19.5152323669811,-39.167657649249115,58.68290971924254,-5.349485173096616,-9.201406920064027e-7,9.681783000585686,-16.109463420065598,-46.272487254455406,60.18603086286039,-6.739361704351902,-1.3080947632200752e-6,5.537109375,-20.7421875,-38.671875,58.53515625,-5.009765625,0.615234375,39.55078125,35.15625,-52.734375,21.97265625,-35.15625,0.0,-20.7,-28.7,30.4,-9.4,8.5,3.2
8.651381969451904,5.594060085991604,-19.30466277728128,-39.55712140877779,58.86180479422238,-5.594059893078811,-1.006428698520143e-6,9.916079976023694,-15.920494140792316,-46.67107901586378,60.37999401226473,-6.981959332809563,-1.4102831638246828e-6,5.712890625,-20.654296875,-38.935546875,58.7109375,-5.185546875,0.615234375,39.55078125,35.15625,-52.734375,21.97265625,-35.15625,0.0,-20.7,-29.5,30.4,-11.4,10.9,3.2
8.65805196762085,5.838480778381916,-19.09507652959001,-39.947582181564165,59.042680224665595,-5.838480586577786,-1.0965446822169017e-6,10.149570114378399,-15.732908051733581,-47.070034455417165,60.575820999787034,-7.224195291607457,-1.5162160259095922e-6,5.9765625,-20.302734375,-39.462890625,58.974609375,-5.537109375,0.615234375,39.55078125,35.15625,-57.12890625,26.3671875,-35.15625,0.0,-20.7,-28.8,30.4,-9.6,9.2,3.2
8.664718866348267,6.082484982265267,-18.886716773403982,-40.33866637892045,59.22540557046006,-6.082484791580598,-1.1904860826732396e-6,10.381985349525573,-15.546870765309631,-47.46897329567419,60.77336849374065,-7.465803654613363,-1.6258654985039824e-6,6.240234375,-20.126953125,-39.814453125,59.150390625,-5.80078125,0.615234375,35.15625,30.76171875,-57.12890625,26.3671875,-35.15625,0.0,-20.7,-28.8,30.4,-9.6,7.7,3.2
8.671386957168579,6.32620172383323,-18.6794450024481,-40.7305602557673,59.41002858073722,-6.32620153427903,-1.2881860466627218e-6,10.613467005000013,-15.362304313872906,-47.86812038909258,60.972700443405515,-7.706917722852429,-1.7391690478529641e-6,6.416015625,-19.951171875,-40.078125,59.23828125,-5.9765625,0.615234375,35.15625,30.76171875,-57.12890625,26.3671875,-35.15625,0.0,-20.7,-28.8,30.5,-11.4,9.3,3.2
8.678056955337524,6.569620341208333,-18.47326816934709,-41.1232670890812,59.59655948509044,-6.569620152795589,-1.3896451155371968e-6,10.844002663261243,-15.179199137148572,-48.2674927965007,61.17383127065976,-7.94752592365593,-1.8561200653793231e-6,6.767578125,-19.6875,-40.60546875,59.501953125,-6.240234375,0.615234375,35.15625,30.76171875,-57.12890625,26.3671875,-35.15625,0.0,-20.1,-28.7,30.5,-8.5,9.1,3.2
8.684723854064941,6.812511414966497,-18.268395841671616,-41.51646758910623,59.78488856053369,-6.812511227705443,-1.4948547748237805e-6,11.07335850896288,-14.99768860825547,-48.66676654591244,61.37664039023264,-8.187395914870715,-1.9766866362037744e-6,6.943359375,-19.51171875,-40.95703125,59.677734375,-6.50390625,0.615234375,35.15625,30.76171875,-57.12890625,26.3671875,-35.15625,0.0,-20.9,-28.7,30.5,-8.5,7.7,3.2
8.691390991210938,7.054971520883136,-18.06471666719309,-41.91030034545275,59.97504304481106,-7.05497133478414,-1.6037362115659393e-6,11.301644690765535,-14.817723058633511,-49.06611346673962,61.58116803855369,-8.42662881423093,-2.1007925566119745e-6,7.119140625,-19.3359375,-41.220703125,59.853515625,-6.6796875,0.615234375,35.15625,30.76171875,-57.12890625,26.3671875,-35.15625,0.0,-20.9,-28.7,30.4,-10.4,9.3,3.2
8.698057889938354,7.2969464104701425,-17.862271823897267,-42.30470110933748,60.16699986695278,-7.296946225543396,-1.716263287276357e-6,11.528808649957611,-14.639322322475786,-49.465480472779234,61.7873922112449,-8.665170334510378,-2.228401772704456e-6,7.3828125,-19.072265625,-41.748046875,60.1171875,-7.03125,0.615234375,35.15625,30.76171875,-57.12890625,30.76171875,-35.15625,0.0,-20.8,-28.1,30.4,-8.8,8.3,3.2
8.704725980758667,7.538438451956413,-17.661072753768472,-42.699730657652935,60.360831245896456,-7.5384382682124995,-1.8325205875716274e-6,11.754836228567052,-14.462443231116879,-49.864928672956,61.995387836245925,-8.903017276797067,-2.359589686990053e-6,7.55859375,-18.896484375,-42.01171875,60.205078125,-7.20703125,0.615234375,30.76171875,30.76171875,-57.12890625,30.76171875,-39.55078125,0.0,-20.8,-28.1,30.4,-9.6,6.9,3.2
8.711406946182251,7.77984679695997,-17.46075889408031,-43.096031154921526,60.55681878492937,-7.779846614411184,-1.9525899928900015e-6,11.980117993211802,-14.286823011615791,-50.26513330191001,62.20546592884105,-9.140567912482808,-2.4944594135351483e-6,7.734375,-18.6328125,-42.5390625,60.46875,-7.470703125,0.615234375,30.76171875,30.76171875,-57.12890625,30.76171875,-39.55078125,0.0,-22.4,-27.9,30.5,-11.2,10.7,3.2
8.718321800231934,8.029083356405975,-17.254809228371347,-43.506707898839174,60.76154679492262,-8.029083175104699,-2.080638368292628e-6,12.211994845192,-14.10674428858546,-50.679307311188644,62.42467239887998,-9.385593809945227,-2.637648052217667e-6,7.822265625,-18.544921875,-42.71484375,60.556640625,-7.55859375,0.615234375,30.76171875,30.76171875,-52.734375,26.3671875,-39.55078125,0.0,-22.6,-27.9,31.3,-10.4,9.9,3.2
8.72498893737793,8.268746898083096,-17.0575997407588,-43.90312547901973,60.96075578458566,-8.268746717994807,-2.207735262234441e-6,12.434273454567936,-13.934736218936857,-51.07857947651868,62.63774041397023,-9.620986105109385,-2.7791604852715466e-6,8.0859375,-18.28125,-43.2421875,60.908203125,-7.91015625,0.615234375,26.3671875,30.76171875,-52.734375,26.3671875,-30.76171875,0.0,-22.6,-27.9,30.3,-7.2,6.0,3.2
8.731655836105347,8.507744262444923,-16.86173133097782,-44.299931662222754,61.161694453696214,-8.507744083579293,-2.3382932305118547e-6,12.655266317311757,-13.764388595675316,-51.477751987764435,62.85244204301992,-9.855509253052658,-2.9239491595796625e-6,8.26171875,-18.10546875,-43.59375,60.99609375,-8.0859375,0.615234375,26.3671875,30.76171875,-52.734375,26.3671875,-30.76171875,0.0,-23.4,-27.1,30.3,-7.7,6.0,3.2
8.73832392692566,8.746080626627878,-16.66720209821068,-44.69718471726026,61.364419170307514,-8.746080448994908,-2.4723508400600604e-6,12.874969334236441,-13.595630429210594,-51.8768864395395,63.0688365857328,-10.089165207492112,-3.0720444803595816e-6,8.4375,-17.9296875,-43.857421875,61.171875,-8.173828125,0.615234375,26.3671875,30.76171875,-57.12890625,30.76171875,-30.76171875,0.0,-23.3,-27.1,30.3,-9.8,9.6,3.2
8.745000839233398,8.983989722964015,-16.47381376818209,-45.095307795082306,61.569154811997656,-8.98398954657507,-2.610028636492115e-6,13.093597063552803,-13.42828283827155,-52.276416386110114,63.28716553598834,-10.322182554338145,-3.2235738597430724e-6,8.701171875,-17.666015625,-44.384765625,61.34765625,-8.349609375,0.615234375,30.76171875,26.3671875,-57.12890625,30.76171875,-26.3671875,0.0,-23.3,-27.1,30.4,-11.4,11.8,3.2
8.751670837402344,9.220886427622485,-16.2820198917131,-45.49332651425884,61.7753805459628,-9.220886252485785,-2.7509055569513756e-6,13.310623449765398,-13.262802655090512,-52.67538040768407,63.50687855809049,-10.553991703119461,-3.37807842116763e-6,8.96484375,-17.490234375,-44.736328125,61.611328125,-8.61328125,0.615234375,30.76171875,26.3671875,-57.12890625,30.76171875,-26.3671875,0.0,-22.5,-27.1,30.4,-10.6,11.0,3.2
8.75833797454834,9.456868478004434,-16.091741104187122,-45.89145622451049,61.98323235771073,-9.456868304129006,-2.8950644352199476e-6,13.526130540760976,-13.099046889104667,-53.07399708126283,63.7281195962624,-10.784685623235907,-3.5356381785809556e-6,9.052734375,-17.40234375,-45.0,61.69921875,-8.7890625,0.615234375,30.76171875,26.3671875,-57.12890625,26.3671875,-26.3671875,0.0,-24.0,-27.1,30.4,-13.0,11.9,3.2
8.765005826950073,9.692026926161713,-15.902892362865233,-46.28988002218087,62.19280830120785,-9.692026753557185,-3.04252989630064e-6,13.740203693524428,-12.936937978682778,-53.47245862361471,63.95099483651052,-11.014353792684204,-3.696276776558677e-6,9.404296875,-17.138671875,-45.52734375,62.138671875,-9.31640625,0.615234375,35.15625,30.76171875,-57.12890625,26.3671875,-35.15625,0.0,-23.2,-27.1,30.4,-11.0,8.7,3.2
8.77167296409607,9.926288700507856,-15.715510091031769,-46.688479959720844,62.404026851913656,-9.926288529183369,-3.193171312296538e-6,13.952788155497618,-12.776571123631692,-53.87066155658832,64.175421975641,-11.242928420231106,-3.859856116569218e-6,9.580078125,-16.962890625,-45.87890625,62.314453125,-9.580078125,0.615234375,35.15625,30.76171875,-57.12890625,26.3671875,-35.15625,0.0,-23.2,-27.3,30.4,-11.0,8.6,3.2
8.778340816497803,10.159655041331538,-15.529593546729409,-47.08731636755061,62.61694759833231,-10.15965487129658,-3.3470171686449503e-6,14.163876420458053,-12.617871744264717,-54.26866699821227,64.40146267723219,-11.470407690584853,-4.0263957469129945e-6,9.84375,-16.787109375,-46.142578125,62.490234375,-9.755859375,0.615234375,35.15625,30.76171875,-57.12890625,35.15625,-35.15625,0.0,-23.2,-27.3,31.2,-12.8,10.2,3.2
8.785007953643799,10.392040739725577,-15.345198461067021,-47.486275307764195,62.83151233336002,-10.392040570989272,-3.5039767488136435e-6,14.373393777867426,-12.460884081790441,-54.66636877163738,64.62905649280631,-11.696709086629989,-4.195794289084271e-6,10.107421875,-16.5234375,-46.669921875,62.841796875,-10.107421875,0.615234375,35.15625,26.3671875,-57.12890625,35.15625,-43.9453125,0.0,-23.2,-26.5,31.3,-10.2,8.1,3.2
8.791677951812744,10.623549391741083,-15.162220490027645,-47.88554147482857,63.047801407835834,-10.623549224313047,-3.6640335606197128e-6,14.58144536557579,-12.3055847605287,-55.063963735455445,64.85829243264345,-11.921937090494897,-4.368037742498037e-6,10.37109375,-16.34765625,-47.021484375,63.017578125,-10.283203125,0.615234375,35.15625,26.3671875,-57.12890625,35.15625,-43.9453125,0.0,-23.2,-26.4,31.3,-10.2,8.7,3.2
8.79834794998169,10.854030675570758,-14.980778348452139,-48.28491898252612,63.26573764984807,-10.854030509460111,-3.827109528869084e-6,14.787887095889172,-12.151999503690918,-55.4612565058254,65.08908663779594,-12.145942329193145,-4.543030780395977e-6,10.546875,-16.171875,-47.28515625,63.193359375,-10.458984375,0.615234375,35.15625,26.3671875,-57.12890625,35.15625,-43.9453125,0.0,-23.2,-26.4,31.3,-12.2,10.3,3.2
8.805017948150635,11.08345067706576,-14.800885629377774,-48.68438112502153,63.48530794648127,-11.083450512281534,-3.993139535105413e-6,14.992691632666368,-12.00013839118999,-55.85822716664612,65.32142631178222,-12.368692630455694,-4.720700809799012e-6,10.8984375,-15.99609375,-47.8125,63.45703125,-10.810546875,0.615234375,39.55078125,30.76171875,-57.12890625,35.15625,-39.55078125,0.0,-22.4,-26.4,31.2,-11.2,8.1,3.2
8.811684846878052,11.311684833144293,-14.62261712195867,-49.083715637535285,63.706374821626994,-11.31168466969467,-4.1619401145366356e-6,15.195760435620045,-11.850129196189197,-56.25467657597109,65.5551694968899,-12.590070986352558,-4.900855682082855e-6,11.162109375,-15.8203125,-48.076171875,63.6328125,-10.8984375,0.615234375,39.55078125,30.76171875,-57.12890625,35.15625,-39.55078125,0.0,-21.6,-26.3,32.0,-11.2,8.9,3.2
8.818355798721313,11.53892609341074,-14.445821062289015,-49.48332655053781,63.929190542618,-11.538925931305384,-4.333674011776223e-6,15.397256481742911,-11.701768523935236,-56.65100487904723,65.7905806721164,-12.810261536778917,-5.083658295617358e-6,11.42578125,-15.64453125,-48.515625,63.80859375,-11.07421875,0.615234375,39.55078125,30.76171875,-57.12890625,35.15625,-39.55078125,0.0,-20.5,-25.5,31.2,-12.8,11.1,3.2
8.825025796890259,11.764970833547515,-14.27064242859446,-49.882888813401614,64.15357503628277,-11.764970672794984,-4.508141968626042e-6,15.59700249560753,-11.555178695328099,-57.046895344106076,66.02747036045167,-13.029067871652455,-5.268893992514831e-6,11.77734375,-15.380859375,-48.955078125,64.16015625,-11.42578125,0.615234375,39.55078125,26.3671875,-57.12890625,35.15625,-26.3671875,0.0,-19.7,-25.5,32.1,-10.2,8.1,3.2
8.831695795059204,11.98983482631153,-14.097046704212726,-50.28243542631771,64.37952678619804,-11.98983466692034,-4.685262243634915e-6,15.795024830214528,-11.41039543245714,-57.442391019458775,66.26583997232771,-13.246509150165268,-5.456479794022671e-6,12.041015625,-15.29296875,-49.306640625,64.423828125,-11.6015625,0.615234375,39.55078125,26.3671875,-57.12890625,35.15625,-26.3671875,0.0,-19.7,-25.5,32.1,-9.4,7.8,3.2
8.83836579322815,12.213464932614388,-13.925073320188318,-50.68194209599836,64.60706092994712,-12.213464774593088,-4.865008633638388e-6,15.99126796438952,-11.267374848339767,-57.837466145441034,66.50570299160958,-13.462530986005088,-5.646377404011129e-6,12.216796875,-15.1171875,-49.658203125,64.599609375,-11.689453125,0.615234375,39.55078125,26.3671875,-61.5234375,35.15625,-26.3671875,0.0,-19.9,-25.5,32.1,-11.2,10.2,3.2
8.845033884048462,12.435767668057135,-13.754779129343783,-51.08127091716865,64.83609641471983,-12.435767511413754,-5.047248930148251e-6,16.18565479529875,-11.126166892149278,-58.231989901343574,66.74697484675127,-13.677044543216947,-5.838445736614555e-6,12.568359375,-14.94140625,-50.09765625,64.86328125,-12.041015625,0.615234375,39.55078125,26.3671875,-61.5234375,35.15625,-30.76171875,0.0,-19.1,-25.5,32.0,-10.4,9.1,3.2
8.851700782775879,12.656752610479277,-13.586134744572705,-51.480442842451254,65.06662480605252,-12.656752455221751,-5.231894151050127e-6,16.378206322181878,-10.986810556549434,-58.62599231414367,66.98964934954266,-13.890063061003817,-6.032594798796567e-6,12.744140625,-14.765625,-50.44921875,65.0390625,-12.216796875,0.615234375,39.55078125,26.3671875,-61.5234375,35.15625,-30.76171875,0.0,-19.1,-24.7,32.0,-10.4,8.3,3.2
8.858620882034302,12.884717441000824,-13.412844050378919,-51.89465803524794,65.30755018391365,-12.884717287190474,-5.426098546411903e-6,16.57610215744712,-10.844041611835344,-59.03445225800357,67.24308675322361,-14.109568462736302,-6.2363092879139945e-6,13.0078125,-14.58984375,-50.888671875,65.302734375,-12.392578125,0.615234375,39.55078125,26.3671875,-57.12890625,35.15625,-30.76171875,0.0,-19.0,-25.5,32.8,-12.8,11.0,3.2
8.865290880203247,13.10306445006225,-13.247503248523879,-52.293768573037354,65.54132076351036,-13.103064297654925,-5.6156305182026205e-6,16.764944939000486,-10.708277820344843,-59.427648625343636,67.48882583135928,-14.319582465018367,-6.434663177920029e-6,13.18359375,-14.4140625,-51.240234375,65.478515625,-12.65625,0.615234375,39.55078125,26.3671875,-57.12890625,35.15625,-35.15625,0.0,-18.2,-24.7,32.0,-13.6,9.7,3.2
8.87195897102356,13.319974073426065,-13.08386437776908,-52.6926121287468,65.77652628804415,-13.319973922429163,-5.807316664371741e-6,16.951857390945392,-10.5743789791258,-59.820225817789705,67.73590693671957,-14.527988815553627,-6.634826926536391e-6,13.447265625,-14.23828125,-51.6796875,65.7421875,-12.919921875,0.615234375,39.55078125,26.3671875,-57.12890625,35.15625,-35.15625,0.0,-18.2,-24.8,32.0,-11.4,8.9,3.2
8.878626823425293,13.535429816741335,-12.921943955528587,-53.09126190215738,66.01325647468651,-13.535429667162695,-6.001184906748679e-6,17.136808968830263,-10.442285755380892,-60.212249058089284,67.98441965984783,-14.73476622326692,-6.836814787669124e-6,13.623046875,-14.0625,-52.03125,66.005859375,-13.095703125,0.615234375,39.55078125,26.3671875,-57.12890625,35.15625,-35.15625,0.0,-18.4,-24.8,32.8,-8.4,7.1,3.2
8.8853178024292,13.750185749581702,-12.761149174240916,-53.49109696595475,66.25229759145083,-13.75018560143382,-6.197786716353438e-6,17.320464979738468,-10.311575189319527,-60.60508500472456,68.23519287024243,-14.940644202685302,-7.041208282337277e-6,13.798828125,-13.974609375,-52.3828125,66.26953125,-13.271484375,0.615234375,30.76171875,21.97265625,-57.12890625,35.15625,-35.15625,0.0,-18.4,-24.8,32.0,-8.4,6.8,3.2
8.891985893249512,13.962737611531026,-12.602592668960595,-53.889347265091125,66.49199221249354,-13.96273746481641,-6.395685415221596e-6,17.501543252513954,-10.183156339049521,-60.99601532402628,68.48648796626466,-15.144182004428556,-7.246512216929644e-6,14.0625,-13.7109375,-52.998046875,66.4453125,-13.447265625,0.615234375,30.76171875,21.97265625,-57.12890625,30.76171875,-35.15625,0.0,-18.4,-24.0,31.2,-12.0,10.1,3.2
8.898655891418457,14.173807574215735,-12.445737405959116,-54.287466696373706,66.73325720373614,-14.173807428942247,-6.595579636298087e-6,17.680644649287473,-10.05651869033371,-61.38646093972592,68.73926190800758,-15.346066399104423,-7.4534380647252005e-6,14.23828125,-13.53515625,-53.349609375,66.62109375,-13.53515625,0.615234375,30.76171875,21.97265625,-61.5234375,30.76171875,-35.15625,0.0,-18.4,-23.2,31.2,-15.0,10.9,3.2
8.905326843261719,14.383378143650702,-12.290566995958324,-54.68538442094143,66.97600533692146,-14.383377999825639,-6.797301481775035e-6,17.85777733817397,-9.931713452945832,-61.776364492757764,68.99342768154645,-15.546288154900097,-7.661821997343512e-6,14.4140625,-13.447265625,-53.61328125,66.884765625,-13.7109375,0.615234375,26.3671875,26.3671875,-61.5234375,30.76171875,-17.578125,0.0,-18.4,-24.0,32.0,-15.0,13.1,3.2
8.911993980407715,14.591272598287963,-12.137199202195948,-55.082796441937674,67.22005037773049,-14.591272455917426,-7.0006199387676e-6,18.03279584928824,-9.808834965962525,-62.165430537307174,69.24879022298984,-15.744679676414584,-7.871423718736362e-6,14.58984375,-13.18359375,-54.140625,67.1484375,-14.0625,0.615234375,26.3671875,26.3671875,-61.5234375,35.15625,-17.578125,0.0,-19.2,-23.0,32.0,-12.0,9.4,3.2
8.918660879135132,14.797527042148014,-11.985610855797544,-55.4798870330945,67.46555343119653,-14.797526901238907,-7.205603184408819e-6,18.20571332466354,-9.687791836529108,-62.55383143496297,69.50551311337014,-15.941269728395937,-8.082298800366777e-6,14.765625,-13.095703125,-54.4921875,67.5,-14.23828125,0.615234375,26.3671875,26.3671875,-57.12890625,35.15625,-17.578125,0.0,-19.2,-23.0,32.0,-10.8,9.4,3.2
8.925327777862549,15.002167337901636,-11.835753749677252,-55.8766593133049,67.712469409172,-15.002167198460551,-7.412120718688723e-6,18.376575618203994,-9.568611337319863,-62.94158209172454,69.76355360505643,-16.136090878876516,-8.294323583479875e-6,14.94140625,-13.0078125,-54.84375,67.67578125,-14.501953125,0.615234375,26.3671875,21.97265625,-57.12890625,35.15625,-39.55078125,0.0,-19.2,-23.8,31.2,-12.4,10.4,3.2
8.931994915008545,15.205173555740396,-11.687630190738904,-56.27310830111639,67.96079563701772,-15.205173417773816,-7.620091417634778e-6,18.54536932503965,-9.45129452289273,-63.328679205374016,70.02290855744585,-16.329125211257864,-8.507412866315871e-6,15.1171875,-12.744140625,-55.37109375,68.02734375,-14.765625,0.615234375,26.3671875,21.97265625,-57.12890625,39.55078125,-39.55078125,0.0,-19.2,-23.2,31.2,-12.3,7.7,3.2
8.938662767410278,15.40648165770562,-11.541290523942372,-56.669231949272756,68.21058041221735,-15.406481521220147,-7.829479466185546e-6,18.71202294335643,-9.335808987039735,-63.71511194217426,70.2836231721899,-16.520305846748776,-8.721515012386636e-6,15.205078125,-12.65625,-55.634765625,68.203125,-14.94140625,0.615234375,26.3671875,21.97265625,-61.5234375,39.55078125,-39.55078125,0.0,-20.2,-23.2,31.2,-11.7,6.9,3.2
8.945329904556274,15.606070778378527,-11.396721661164989,-57.06493653396319,68.46171692269486,-15.606070643380072,-8.040106615833855e-6,18.876543664038056,-9.222211009752312,-64.1008001407058,70.5455902240662,-16.709621015463945,-8.936458472988963e-6,15.29296875,-12.48046875,-55.986328125,68.466796875,-15.1171875,0.615234375,21.97265625,26.3671875,-61.5234375,39.55078125,-35.15625,0.0,-21.0,-22.4,32.0,-12.5,10.6,3.2
8.95199990272522,15.804021204478675,-11.253853660783083,-57.460415501042675,68.71432867298323,-15.804021070973775,-8.251994675241931e-6,19.039000599785187,-9.110444881644941,-64.48593330292458,70.8089380354531,-16.89714785972698,-9.152263558756692e-6,15.556640625,-12.3046875,-56.513671875,68.818359375,-15.380859375,0.615234375,21.97265625,26.3671875,-61.5234375,39.55078125,-35.15625,0.0,-21.0,-22.3,31.9,-12.3,7.9,3.2
8.958666801452637,16.000076237850354,-11.112875029992054,-57.85528378986652,68.96821910864477,-16.000076105844215,-8.464891985024856e-6,19.199164527440725,-9.00058537961322,-64.87012719750408,71.07345639827442,-17.082637148512095,-9.368659252593021e-6,15.732421875,-12.216796875,-56.865234375,68.994140625,-15.46875,0.615234375,21.97265625,26.3671875,-61.5234375,39.55078125,-35.15625,0.0,-20.0,-22.3,31.1,-11.8,8.7,3.2
8.96533489227295,16.19438964701774,-10.97364748773875,-58.24978939027553,69.22349793901179,-16.194389516516154,-8.678806648991344e-6,19.357186437375695,-8.892592550386063,-65.25363416437787,71.33926389625965,-17.266242735473497,-9.585664991568808e-6,15.908203125,-12.041015625,-57.216796875,69.2578125,-15.732421875,0.615234375,26.3671875,21.97265625,-61.5234375,39.55078125,-26.3671875,0.0,-20.0,-22.3,32.1,-13.8,9.7,3.2
8.972001791000366,16.3868666645183,-10.836227421916888,-58.643772923597425,69.48006217290947,-16.386866535526337,-8.893568130330998e-6,19.51299225295203,-8.786508047079742,-65.63629983733209,71.6062527257994,-17.44787611254442,-9.803106034368783e-6,16.171875,-11.865234375,-57.744140625,69.521484375,-15.908203125,0.615234375,26.3671875,21.97265625,-61.5234375,39.55078125,-26.3671875,0.0,-20.0,-21.5,31.3,-12.2,7.8,3.2
8.978668928146362,16.577468466581095,-10.700645309484848,-59.03728617753731,69.73799407486952,-16.577468339104122,-9.109148513529769e-6,19.666531915095423,-8.68228352297056,-66.01816499935785,71.87450320637558,-17.627494601889815,-1.0020939763602063e-5,16.34765625,-11.77734375,-58.0078125,69.78515625,-15.99609375,0.615234375,26.3671875,21.97265625,-57.12890625,39.55078125,-26.3671875,0.0,-19.1,-21.5,31.3,-10.9,8.6,3.2
8.98533582687378,16.76621168555901,-10.566862915922703,-59.43029667952992,69.9972229378053,-16.76621155960195,-9.325410233272434e-6,19.81784408638921,-8.579957712442724,-66.39920857846346,72.14394590689791,-17.805122238059585,-1.0239038309834232e-5,16.5234375,-11.6015625,-58.359375,69.9609375,-16.171875,0.615234375,30.76171875,21.97265625,-57.12890625,39.55078125,-26.3671875,0.0,-19.1,-21.5,31.3,-12.5,11.5,3.2
8.992002964019775,16.953085693681043,-10.434876671237062,-59.82281453145735,70.25775529353989,-16.953085569248707,-9.542272464918794e-6,19.96692313014417,-8.479525596091337,-66.77944052714129,72.41458697965601,-17.980750048669748,-1.0457318551477414e-5,16.787109375,-11.42578125,-58.88671875,70.3125,-16.5234375,0.615234375,30.76171875,21.97265625,-57.12890625,39.55078125,-26.3671875,0.0,-18.3,-20.8,31.1,-12.2,7.8,3.2
8.998669862747192,17.137995947111474,-10.304755974574997,-60.21477755187574,70.5195983594162,-17.137995824208534,-9.759634754703273e-6,20.113674460157316,-8.380968710119152,-67.15879064812249,72.68642857296231,-18.154282999537052,-1.067566514016139e-5,16.962890625,-11.337890625,-59.23828125,70.48828125,-16.611328125,0.615234375,30.76171875,21.97265625,-57.12890625,39.55078125,-26.3671875,0.0,-18.3,-20.8,30.3,-12.0,8.6,3.2
9.005338907241821,17.321041460212687,-10.17640598481767,-60.606323291352034,70.78279484520974,-17.32104133884402,-9.977459818842283e-6,20.258201885302803,-8.284283718701742,-67.53740198724094,72.95951898730104,-18.325822380643324,-1.0894051706611675e-5,17.138671875,-11.162109375,-59.501953125,70.751953125,-16.787109375,0.615234375,30.76171875,21.97265625,-57.12890625,39.55078125,-30.76171875,0.0,-18.3,-20.0,31.9,-12.8,10.6,3.2
9.012005805969238,17.50208134248921,-10.049914868937444,-60.99718197128765,71.04716313870134,-17.502081222658518,-1.0195509333948952e-5,20.400396853779178,-8.189534354559983,-67.9150134315893,73.23366907441306,-18.495237149960168,-1.1112237847071155e-5,17.490234375,-11.07421875,-60.029296875,71.103515625,-17.05078125,0.615234375,30.76171875,21.97265625,-57.12890625,35.15625,-30.76171875,0.0,-17.5,-20.7,31.2,-12.2,7.8,3.2
9.018675804138184,17.68117609540398,-9.925242872381432,-61.387625614856375,71.31293550876943,-17.681175977116094,-1.041385919623239e-5,20.540287172333464,-8.096620422126202,-68.29187740506956,73.50911430547293,-18.66257759971372,-1.1330285301465458e-5,17.666015625,-10.986328125,-60.380859375,71.279296875,-17.2265625,0.615234375,30.76171875,21.97265625,-61.5234375,35.15625,-30.76171875,0.0,-16.7,-20.7,31.2,-11.8,7.0,3.2
9.025343894958496,17.85822777298077,-9.802433964496213,-61.7773604213249,71.57986212355938,-17.858227656239052,-1.0632237876218046e-5,20.677821992547035,-8.005643517340715,-68.66771998830403,73.78559967949847,-18.827760735008354,-1.1547934319511451e-5,17.841796875,-10.810546875,-60.732421875,71.54296875,-17.314453125,0.615234375,35.15625,13.18359375,-61.5234375,35.15625,-26.3671875,0.0,-16.7,-19.9,31.2,-13.8,9.6,3.2
9.032010793685913,18.03323435502356,-9.68147918991464,-62.16641080540209,71.84795844237449,-18.033234239831344,-1.0850569241425001e-5,20.813002625820527,-7.916592730345421,-69.04256428230559,74.06314052097817,-18.99078574832817,-1.1765107833723162e-5,18.193359375,-10.72265625,-61.259765625,71.89453125,-17.578125,0.615234375,35.15625,13.18359375,-61.5234375,43.9453125,-26.3671875,0.0,-15.1,-20.7,31.2,-12.2,7.1,3.2
9.03867793083191,18.20615272663474,-9.562410459109753,-62.55482393348786,72.11730354192086,-18.206152612995602,-1.1068794330931505e-5,20.9457761093709,-7.82942255711344,-69.41644523719135,74.34181340381642,-19.151606204734872,-1.1981733451742852e-5,18.369140625,-10.634765625,-61.5234375,72.0703125,-17.666015625,0.615234375,35.15625,13.18359375,-57.12890625,43.9453125,-26.3671875,0.0,-14.0,-20.7,31.2,-11.8,7.1,3.2
9.045344829559326,18.377010219572778,-9.445185739505114,-62.94257305861984,72.38782864269649,-18.377010107489873,-1.1286798100432049e-5,21.07618945474554,-7.744170352026956,-69.78934652182237,74.621551046047,-19.31025617604785,-1.2197708614534525e-5,18.544921875,-10.458984375,-61.962890625,72.421875,-17.75390625,0.615234375,35.15625,21.97265625,-57.12890625,43.9453125,-21.97265625,0.0,-14.0,-19.9,30.3,-12.8,10.5,3.2
9.052011966705322,18.54579794432347,-9.329801555220566,-63.3296682311317,72.65954031908645,-18.54579783379989,-1.1504495734815459e-5,21.204238075592084,-7.660829552789886,-70.16127681394254,74.90235941540442,-19.466728282772113,-1.2412947940300553e-5,18.80859375,-10.37109375,-62.40234375,72.685546875,-17.9296875,0.615234375,35.15625,21.97265625,-57.12890625,39.55078125,-21.97265625,0.0,-13.2,-20.0,31.1,-12.8,8.8,3.2
9.05867886543274,18.71242250984728,-9.216323989039768,-63.716043976739854,72.9324391792137,-18.71242240088589,-1.1721756321783317e-5,21.32983063303434,-7.57937982875447,-70.5321622416638,75.18423379575847,-19.62092943933704,-1.2627308218155469e-5,18.896484375,-10.283203125,-62.666015625,72.94921875,-18.10546875,0.615234375,35.15625,21.97265625,-57.12890625,39.55078125,-21.97265625,0.0,-14.4,-20.0,31.1,-12.0,8.0,3.2
9.065347909927368,18.87698535848839,-9.104661870407027,-64.10184085914602,73.20657461656373,-18.876985251092336,-1.1938566597513358e-5,21.45306971020356,-7.4998238576760485,-70.9021468081822,75.46722898522975,-19.772962212766267,-1.2840788074961333e-5,19.072265625,-10.1953125,-63.10546875,73.212890625,-18.193359375,0.615234375,26.3671875,13.18359375,-57.12890625,39.55078125,-21.97265625,0.0,-13.6,-20.0,31.3,-13.6,10.4,3.2
9.072014808654785,19.039360461763057,-8.99489168321647,-64.48679289756187,73.48175713369169,-19.0393603559343,-1.2154686107425225e-5,21.573862845471485,-7.422211683327417,-71.27097410883914,75.7511484805514,-19.92271097195859,-1.3053149481219593e-5,19.248046875,-10.01953125,-63.6328125,73.564453125,-18.45703125,0.615234375,26.3671875,13.18359375,-57.12890625,39.55078125,-21.97265625,0.0,-13.6,-19.1,30.5,-12.8,7.9,3.2
9.078681945800781,19.19952566964872,-8.887030518939664,-64.8709989927704,73.75810272275976,-19.19952556538965,-1.2370068205708664e-5,21.692172763269546,-7.346488261277062,-71.63872773063991,76.03610667688042,-20.07014871200408,-1.3264333054473415e-5,19.423828125,-9.931640625,-63.896484375,73.740234375,-18.544921875,0.615234375,26.3671875,13.18359375,-61.5234375,39.55078125,-21.97265625,0.0,-12.6,-19.1,31.3,-12.0,7.9,3.2
9.085349798202515,19.357537465574215,-8.781019106182086,-65.25449068205057,74.03558364980867,-19.35753736288708,-1.25846465583497e-5,21.80806791862047,-7.272679535775432,-72.00544683503146,76.32207875268891,-20.21533631438191,-1.3474285841494143e-5,19.51171875,-9.84375,-64.248046875,74.00390625,-18.720703125,0.615234375,26.3671875,17.578125,-61.5234375,39.55078125,-21.97265625,0.0,-13.4,-19.1,31.2,-13.6,9.7,3.2
9.092018842697144,19.513387001410337,-8.6768550793088,-65.63727722861692,74.31420681234512,-19.513386900297334,-1.2798335130755942e-5,21.921543069474925,-7.200779151335328,-72.37113847761483,76.60907081811672,-20.358266246546965,-1.3682922239036409e-5,19.6875,-9.755859375,-64.6875,74.267578125,-18.896484375,0.615234375,26.3671875,17.578125,-61.5234375,39.55078125,-21.97265625,0.0,-12.6,-19.2,30.4,-13.6,7.9,3.2
9.098687887191772,19.666965092374216,-8.574613924922819,-66.01924964845082,74.59393871249799,-19.666964992837123,-1.3010963103182169e-5,22.032496611817766,-7.130773754978124,-72.73568677547746,76.89704298326687,-20.498831402660386,-1.3890061656240107e-5,19.775390625,-9.66796875,-65.126953125,74.53125,-18.984375,0.615234375,26.3671875,17.578125,-57.12890625,39.55078125,-21.97265625,0.0,-13.7,-18.4,29.6,-11.2,7.1,3.2
9.105355978012085,19.818298372961614,-8.47425737070933,-66.4003591838102,74.87469232024395,-19.818298275001744,-1.3222428316290553e-5,22.140975444687072,-7.06270427623239,-73.09905420350788,77.18590947299141,-20.63706534202405,-1.4095617157040377e-5,19.86328125,-9.580078125,-65.478515625,74.794921875,-19.072265625,0.615234375,17.578125,13.18359375,-57.12890625,39.55078125,-26.3671875,0.0,-13.7,-18.4,29.4,-10.1,7.8,3.2
9.112023830413818,19.96738501651689,-8.37577866845552,-66.78062880543959,75.1564838580683,-19.967384920135565,-1.3432652949478378e-5,22.24697963194877,-6.996559666260085,-73.46126074273111,77.47568601815782,-20.772967045744746,-1.4299511955426479e-5,20.0390625,-9.4921875,-65.830078125,74.970703125,-19.16015625,0.615234375,17.578125,13.18359375,-57.12890625,35.15625,-26.3671875,0.0,-12.9,-18.3,29.4,-13.3,10.0,3.2
9.118690967559814,20.11413510952945,-8.279239643165994,-67.15999004808839,75.43930668534173,-20.114135014727744,-1.3641482904665701e-5,22.35042288924971,-6.932317837275902,-73.82222930614644,77.76636051417108,-20.906447526923817,-1.450158307422206e-5,20.126953125,-9.31640625,-66.26953125,75.234375,-19.3359375,0.615234375,17.578125,13.18359375,-57.12890625,35.15625,-13.18359375,0.0,-13.6,-17.5,29.4,-13.1,8.4,3.2
9.125357866287231,20.258609811582865,-8.18458040101798,-67.5384771951769,75.72313519184038,-20.25860971836175,-1.3848871262690151e-5,22.451376495626885,-6.870005009054136,-74.18200138226781,78.0579104092408,-21.037571752208773,-1.4701797992801738e-5,20.126953125,-9.228515625,-66.62109375,75.498046875,-19.423828125,0.615234375,13.18359375,13.18359375,-57.12890625,35.15625,-13.18359375,0.0,-14.4,-16.7,28.7,-12.0,8.6,3.2
9.13202691078186,20.400842149221273,-8.091772152353883,-67.91620692513159,76.00805726643081,-20.40084205758213,-1.4054791649217156e-5,22.549863980122467,-6.809595783497356,-74.54068542986494,78.35042487553973,-21.166370055518744,-1.4900129821629756e-5,20.21484375,-9.140625,-66.97265625,75.76171875,-19.51171875,0.615234375,13.18359375,13.18359375,-57.12890625,39.55078125,-13.18359375,0.0,-14.4,-16.6,29.5,-14.4,10.7,3.2
9.138693809509277,20.540661403876044,-8.000929087445428,-68.29289339844203,76.29390125914847,-20.540661313819086,-1.4258965740445651e-5,22.645743590605225,-6.751102534505036,-74.89799769279925,78.64372236997752,-21.292680458527215,-1.5096296792591608e-5,20.390625,-9.052734375,-67.412109375,76.11328125,-19.6875,0.615234375,13.18359375,13.18359375,-57.12890625,39.55078125,-17.578125,0.0,-14.5,-16.6,29.5,-13.1,9.1,3.2
9.14536190032959,20.678190524688986,-7.911952386343948,-68.66873371838076,76.58076545375631,-20.67819043621505,-1.4461444251768618e-5,22.739128605188554,-6.694526856584963,-75.25413396434223,78.93790749027212,-21.416623613319548,-1.5290360886665093e-5,20.390625,-9.052734375,-67.67578125,76.2890625,-19.86328125,0.615234375,13.18359375,13.18359375,-57.12890625,39.55078125,-17.578125,0.0,-15.3,-17.4,29.7,-12.6,8.5,3.2
9.152031898498535,20.813425634116285,-7.82483808680673,-69.04374890733955,76.8686669103466,-20.813425547226224,-1.466214883544113e-5,22.830016133997194,-6.6398592366297695,-75.60911129585674,79.23299652193089,-21.538196161242585,-1.5482245469445177e-5,20.56640625,-8.96484375,-68.115234375,76.552734375,-20.0390625,0.615234375,13.18359375,13.18359375,-57.12890625,39.55078125,-17.578125,0.0,-14.5,-16.8,28.9,-15.0,8.9,3.2
9.158699989318848,20.94621116408565,-7.739689480330897,-69.41768050802307,77.15745046245134,-20.946211078779257,-1.4860813497223894e-5,22.918277091339792,-6.587104446061106,-75.96267238061964,79.5288251140157,-21.657250567546953,-1.567168241498817e-5,20.654296875,-8.876953125,-68.466796875,76.904296875,-20.21484375,0.615234375,13.18359375,13.18359375,-57.12890625,39.55078125,-26.3671875,0.0,-14.4,-16.8,29.7,-17.1,8.9,3.2
9.165366888046265,21.07661740592621,-7.656443034376716,-69.79057886012849,77.44710291744971,-21.076617322203294,-1.5057419505966587e-5,23.003988524432728,-6.536287099128681,-76.31487380068411,79.82538355415643,-21.773859857228185,-1.5858667794912077e-5,20.830078125,-8.7890625,-68.818359375,77.16796875,-20.390625,0.615234375,17.578125,13.18359375,-57.12890625,39.55078125,-26.3671875,0.0,-14.4,-16.8,29.6,-18.8,8.9,3.2
9.172041893005371,21.204805746380874,-7.574990210666562,-70.16294329589444,77.73801506994158,-21.204805664243334,-1.5252140080875845e-5,23.087254742998827,-6.487333302390808,-76.66618359467638,80.12307051667266,-21.888167995263863,-1.6043364262092104e-5,20.91796875,-8.701171875,-69.169921875,77.607421875,-20.478515625,0.615234375,17.578125,13.18359375,-57.12890625,52.734375,-26.3671875,0.0,-14.4,-16.8,29.6,-15.6,7.8,3.2
9.178709983825684,21.330410784465904,-7.495566588383162,-70.53389081095239,78.02953949318008,-21.330410703911888,-1.5444381628813447e-5,23.167812822113774,-6.440327361860403,-77.01575572808284,80.42121820422066,-21.999841145410418,-1.6225194818421027e-5,21.09375,-8.61328125,-69.609375,77.958984375,-20.654296875,0.615234375,17.578125,13.18359375,-52.734375,52.734375,-21.97265625,0.0,-13.5,-16.0,28.8,-11.5,6.2,3.2
9.185377836227417,21.453617849327475,-7.418036806001245,-70.9038049619378,78.3219243829859,-21.45361777035663,-1.5634308958120775e-5,23.245813782047733,-6.395251531897811,-77.36396093342552,80.72008434491009,-22.109054651335892,-1.64043301679853e-5,21.26953125,-8.525390625,-69.9609375,78.22265625,-20.7421875,0.615234375,21.97265625,13.18359375,-52.734375,52.734375,-21.97265625,0.0,-12.7,-16.0,28.7,-10.8,6.2,3.2
9.192047834396362,21.574453280286882,-7.342378982368477,-71.27279770740166,78.6152598168276,-21.57445320289926,-1.5821892712438965e-5,23.321272934107704,-6.3520824956990065,-77.7109010784141,81.0197596616432,-22.215831642188846,-1.6580740907761704e-5,21.357421875,-8.4375,-70.3125,78.486328125,-20.7421875,0.615234375,21.97265625,13.18359375,-52.734375,43.9453125,-21.97265625,0.0,-12.7,-15.8,28.7,-13.2,9.1,3.2
9.198717832565308,21.692802493634154,-7.268668666508852,-71.64070408992944,78.90945638580583,-21.69280241782917,-1.6006913808759106e-5,23.394091900976967,-6.310809457616506,-78.0564077851858,81.32014752216845,-22.3200624779699,-1.6754206833229247e-5,21.533203125,-8.4375,-70.6640625,78.75,-20.830078125,0.615234375,21.97265625,13.18359375,-57.12890625,43.9453125,-8.7890625,0.0,-11.8,-15.8,29.5,-16.4,9.9,3.2
9.20538592338562,21.80868985204123,-7.196873454789652,-72.00743099189835,79.20438856870001,-21.808689777817733,-1.6189299689756867e-5,23.464317822538824,-6.2714761389520595,-78.40040242935854,81.62112342992612,-22.42177915920039,-1.69246746747391e-5,21.62109375,-8.349609375,-71.015625,79.013671875,-21.005859375,0.615234375,17.578125,8.7890625,-57.12890625,43.9453125,-8.7890625,0.0,-11.8,-15.8,29.7,-18.8,9.8,3.2
9.212052822113037,21.92211296786423,-7.126989693166424,-72.37299797371932,79.50007227182432,-21.922112895221122,-1.6368977359312937e-5,23.5319484098323,-6.23406737559004,-78.7428999402798,81.92270235718793,-22.520979535370216,-1.709207493093304e-5,21.796875,-8.26171875,-71.3671875,79.365234375,-21.005859375,0.615234375,17.578125,8.7890625,-57.12890625,43.9453125,-8.7890625,0.0,-11.0,-15.2,29.7,-15.6,9.5,3.2
9.21872091293335,22.033039465018756,-7.059041380178417,-72.7374890353858,79.79661549354759,-22.033039393955377,-1.6545851706252503e-5,23.596936781687916,-6.198544801066825,-79.08396566263038,82.22498925752308,-22.61762667146989,-1.7256304824548678e-5,21.97265625,-8.173828125,-71.71875,79.8046875,-21.181640625,0.615234375,17.578125,8.7890625,-52.734375,43.9453125,-17.578125,0.0,-10.3,-15.2,29.7,-12.4,8.7,3.2
9.225387811660767,22.141488013388788,-6.9930004070446685,-73.10078647282486,80.09387242103061,-22.141487943903822,-1.6719849241218872e-5,23.659326929840784,-6.164953681773228,-79.42349812500964,82.52783904599467,-22.71174764200031,-1.741731124323547e-5,22.1484375,-8.173828125,-72.158203125,80.068359375,-21.357421875,0.615234375,26.3671875,8.7890625,-52.734375,43.9453125,-17.578125,0.0,-9.5,-15.2,29.6,-16.0,8.8,3.2
9.232055902481079,22.24748162175704,-6.928848398483831,-73.46299924216174,80.39193363517431,-22.24748155384963,-1.689094070904078e-5,23.719130030101223,-6.133271742783271,-79.76159521083318,82.83134257853588,-22.803361963905612,-1.7575065430281378e-5,22.32421875,-8.0859375,-72.421875,80.419921875,-21.4453125,0.615234375,26.3671875,8.7890625,-52.734375,48.33984375,-17.578125,0.0,-8.7,-14.3,30.4,-14.4,7.8,3.2
9.238723993301392,22.35092862772369,-6.866645608842019,-73.82401420500418,80.69074625151316,-22.35092856139258,-1.705893362343383e-5,23.776264639002083,-6.1034801527927405,-80.09813744599707,83.13544071660432,-22.89238110962369,-1.7729375058571063e-5,22.5,-7.998046875,-72.861328125,80.68359375,-21.62109375,0.615234375,26.3671875,8.7890625,-52.734375,48.33984375,-21.97265625,0.0,-6.9,-13.5,29.6,-12.0,6.2,3.2
9.245390892028809,22.4518710200919,-6.806350182378216,-74.18378091052153,80.99021796359358,-22.451870955335465,-1.7223799453014647e-5,23.830789229164605,-6.075616309850662,-80.43308670802168,83.44004310413615,-22.978852705349198,-1.7880230027644293e-5,22.587890625,-7.998046875,-73.212890625,80.947265625,-21.62109375,0.615234375,21.97265625,8.7890625,-52.734375,48.33984375,-21.97265625,0.0,-6.9,-14.3,28.7,-10.8,7.0,3.2
9.252058982849121,22.550329651890337,-6.747945812839842,-74.54240650318167,81.29043960967996,-22.55032958870744,-1.7385508805834654e-5,23.88271243760336,-6.049659237046843,-80.76653853905198,83.74524063361537,-23.062793972764045,-1.8027601646141936e-5,22.67578125,-7.91015625,-73.564453125,81.2109375,-21.708984375,0.615234375,21.97265625,8.7890625,-52.734375,43.9453125,-21.97265625,0.0,-6.1,-13.5,28.7,-13.2,8.2,3.2
9.258726835250854,22.646211816072366,-6.691492937774401,-74.89976439572126,81.59134503962981,-22.646211754461405,-1.7543864432961008e-5,23.931953621682844,-6.025589984523985,-81.0983609973185,84.05096072740476,-23.14411592958762,-1.817129468494979e-5,22.763671875,-7.91015625,-73.916015625,81.474609375,-21.708984375,0.615234375,21.97265625,8.7890625,-57.12890625,43.9453125,-4.39453125,0.0,-6.2,-14.3,28.7,-13.2,8.2,3.2
9.265395879745483,22.739598699098682,-6.636927365663856,-75.25594589811817,81.89296137219443,-22.739598639058354,-1.7698911192544586e-5,23.9785914306791,-6.003436375575761,-81.4286477227735,84.35723442644921,-23.22289943306749,-1.8311366656611493e-5,22.763671875,-7.822265625,-74.35546875,81.73828125,-21.708984375,0.615234375,13.18359375,8.7890625,-57.12890625,43.9453125,-4.39453125,0.0,-7.0,-13.5,28.8,-12.6,9.6,3.2
9.2720627784729,22.830429183884142,-6.584281394898511,-75.61075083166213,82.19512072675151,-22.830429125412277,-1.785048717725424e-5,24.022592307058876,-5.983197197289777,-81.757208685739,84.66388970200963,-23.29909213966583,-1.8447669424876932e-5,22.8515625,-7.822265625,-74.70703125,82.001953125,-21.708984375,0.615234375,13.18359375,8.7890625,-57.12890625,35.15625,-4.39453125,0.0,-7.0,-13.6,28.0,-14.2,10.7,3.2
9.278729915618896,22.918667058325696,-6.533581924432166,-75.96425602438224,82.49792683009841,-22.91866700142056,-1.79984866352166e-5,24.06390554448724,-5.964839678536082,-82.08410072544694,84.97102655572372,-23.37265327779719,-1.8580092125298907e-5,22.939453125,-7.734375,-75.05859375,82.265625,-21.708984375,0.615234375,13.18359375,8.7890625,-52.734375,35.15625,0.0,0.0,-6.4,-12.8,28.0,-13.9,10.7,3.2
9.285396814346313,23.004368138937046,-6.484780283805627,-76.31645211655321,82.80132165223793,-23.00436808359678,-1.8142921190935215e-5,24.102597155498202,-5.948397533025577,-82.4093242839655,85.27858962264996,-23.44364228231914,-1.87086631790835e-5,23.02734375,-7.734375,-75.41015625,82.529296875,-21.884765625,0.615234375,8.7890625,4.39453125,-52.734375,35.15625,0.0,0.0,-6.4,-13.6,27.9,-12.6,10.3,3.2
9.29206395149231,23.087524351587632,-6.4378782025502765,-76.66734164439254,83.10530945884669,-23.087524297810422,-1.8283720418500247e-5,24.13865963534559,-5.933857100997789,-82.73287699670618,85.58658156690453,-23.512051405161994,-1.883331779328273e-5,23.02734375,-7.734375,-75.76171875,82.79296875,-21.97265625,0.615234375,8.7890625,4.39453125,-52.734375,39.55078125,0.0,0.0,-6.4,-13.6,27.9,-15.0,10.5,3.2
9.298730850219727,23.16806060237574,-6.392925107912079,-77.01684736425962,83.40986243317599,-23.168060550159552,-1.8420713241577734e-5,24.172023549134366,-5.921194654587712,-83.05467266294605,85.89496876176607,-23.57780728963825,-1.8953887336774946e-5,23.115234375,-7.646484375,-76.201171875,83.056640625,-22.1484375,0.615234375,8.7890625,4.39453125,-57.12890625,39.55078125,-21.97265625,0.0,-6.4,-12.8,27.9,-15.6,8.9,3.2
9.305397987365723,23.246046044256378,-6.349865386383867,-77.36501140420546,83.71496709001991,-23.24604599359928,-1.8553942703070062e-5,24.20276092888215,-5.910441414038114,-83.37475942112577,86.20374104569383,-23.640980386406543,-1.907042918466328e-5,23.115234375,-7.646484375,-76.552734375,83.408203125,-22.32421875,0.615234375,8.7890625,4.39453125,-57.12890625,39.55078125,-21.97265625,0.0,-7.2,-13.6,28.0,-14.1,8.6,3.2
9.312068939208984,23.32150635481138,-6.30868292640804,-77.71199595374974,84.02076950741706,-23.32150630571222,-1.8683400214202802e-5,24.230875781897637,-5.901580412151185,-83.69328098339007,86.51304433796447,-23.701589702722405,-1.9182932814646442e-5,23.115234375,-7.646484375,-76.81640625,83.671875,-22.32421875,0.615234375,8.7890625,4.39453125,-57.12890625,43.9453125,-21.97265625,0.0,-7.2,-13.6,28.0,-15.7,8.8,3.2
9.318737983703613,23.394307715574758,-6.269459078025165,-78.0574493267039,84.3269993486098,-23.394307668030955,-1.880881400274108e-5,24.25627726268368,-5.894595022392945,-84.00989894033452,86.82259960682501,-23.759514857881936,-1.9291143310453218e-5,23.115234375,-7.646484375,-77.255859375,84.0234375,-22.5,0.615234375,8.7890625,4.39453125,-52.734375,43.9453125,-17.578125,0.0,-7.2,-13.6,28.0,-14.7,7.0,3.2
9.325405836105347,23.464524095478257,-6.232135958911558,-78.40142778630461,84.63365499478766,-23.4645240494874,-1.8930244101479776e-5,24.279040009917246,-5.889515697875255,-84.3246748029012,87.13240881869334,-23.814830398348356,-1.9395134256292888e-5,23.115234375,-7.646484375,-77.51953125,84.287109375,-22.5,0.615234375,0.0,0.0,-52.734375,43.9453125,-17.578125,0.0,-8.0,-13.6,27.9,-12.5,7.8,3.2
9.33207392692566,23.532157134997153,-6.196710814745875,-78.74398114443129,84.94078350348299,-23.53215709055713,-1.904764459036597e-5,24.299159056023065,-5.886326481648289,-84.63764895157264,87.44251765894502,-23.867536001992327,-1.9494863720608226e-5,23.115234375,-7.646484375,-77.958984375,84.638671875,-22.587890625,0.615234375,0.0,0.0,-52.734375,48.33984375,-17.578125,0.0,-8.0,-13.6,27.1,-14.1,8.1,3.2
9.338743925094604,23.5971562608448,-6.16321962255116,-79.085139987285,85.2484514376722,-23.59715621795378,-1.9160887574828958e-5,24.316574413315188,-5.885002888323913,-84.94883344587168,87.75298767090393,-23.917578090773745,-1.959020281294045e-5,23.115234375,-7.646484375,-78.310546875,84.90234375,-22.587890625,0.615234375,0.0,0.0,-48.33984375,48.33984375,-4.39453125,0.0,-8.1,-13.6,27.1,-15.4,8.1,3.2
9.345411777496338,23.659547045126615,-6.131630566587054,-79.424716273658,85.55643894047876,-23.659547003781874,-1.9269958270310116e-5,24.33134577008194,-5.885578151834446,-85.25806662647759,88.06360045306862,-23.96499328864987,-1.96811625038208e-5,23.203125,-7.55859375,-78.57421875,85.25390625,-22.67578125,0.615234375,0.0,4.39453125,-48.33984375,48.33984375,-4.39453125,0.0,-8.1,-12.8,27.2,-14.2,8.0,3.2
9.35207986831665,23.719338845356162,-6.101937510949452,-79.76280681065418,85.86483668311308,-23.719338805555477,-1.9374828817721768e-5,24.343468893342962,-5.888035909311904,-85.5654312337633,88.37444549280826,-24.009786772177467,-1.976771661689582e-5,23.203125,-7.55859375,-78.92578125,85.60546875,-22.67578125,0.615234375,0.0,4.39453125,-48.33984375,43.9453125,-4.39453125,0.0,-8.1,-12.7,27.2,-15.0,8.9,3.2
9.358747959136963,23.776464964563473,-6.074184195003584,-80.09934406478696,86.17362087113659,-23.776464926304484,-1.9475344683638896e-5,24.352881411347177,-5.892351891841025,-85.8708499444417,88.68549315731559,-24.05189315333869,-1.9849715884448115e-5,23.291015625,-7.55859375,-79.27734375,85.869140625,-22.67578125,0.615234375,0.0,4.39453125,-52.734375,43.9453125,-4.39453125,0.0,-7.1,-12.7,27.2,-14.7,8.9,3.2
9.365415811538696,23.830988686383954,-6.048319888007282,-80.4343361004403,86.48274883843278,-23.83098864966429,-1.9571565664050732e-5,24.359653050165743,-5.898558158544687,-86.17434015741513,88.99670388028301,-24.091378038166066,-1.9927235202707575e-5,23.37890625,-7.55859375,-79.62890625,86.220703125,-22.67578125,0.615234375,8.7890625,0.0,-52.734375,43.9453125,-4.39453125,0.0,-6.3,-12.7,27.2,-13.3,9.6,3.2
9.372083902359009,23.88290009005172,-6.024348745864933,-80.76778084558485,86.79222266880633,-23.882900054869104,-1.9663435059919505e-5,24.363773782537933,-5.90663840826514,-86.47589410633427,89.30807760232574,-24.1282315413794,-2.0000224976771382e-5,23.37890625,-7.55859375,-79.98046875,86.484375,-22.67578125,0.615234375,8.7890625,0.0,-52.734375,48.33984375,-4.39453125,0.0,-6.3,-12.8,26.4,-15.7,10.6,3.2
9.378773927688599,23.93229148817914,-6.002244112607974,-81.1006985039288,87.10303591037815,-23.932291454536195,-1.9751083198727558e-5,24.36518299998639,-5.916603316894323,-86.77641537502704,89.62060725903461,-24.162497694176324,-2.0068758893514177e-5,23.466796875,-7.55859375,-80.419921875,86.8359375,-22.67578125,0.615234375,8.7890625,0.0,-52.734375,48.33984375,0.0,0.0,-5.5,-12.8,26.4,-14.8,10.4,3.2
9.385440826416016,23.978897891305216,-5.982101998768218,-81.43086888901573,87.41306438603209,-23.97889785919426,-1.9833995762647398e-5,24.36394325619296,-5.928419875280645,-87.07391060297499,89.93216046557046,-24.1940150251571,-2.0132465463724794e-5,23.466796875,-7.55859375,-80.68359375,87.1875,-22.763671875,0.615234375,8.7890625,0.0,-52.734375,48.33984375,0.0,0.0,-5.5,-12.8,26.3,-13.2,10.4,3.2
9.392108917236328,24.022884953466956,-5.963848267793812,-81.7594751226428,87.72341708171587,-24.02288492288587,-1.9912432533037922e-5,24.36004902668449,-5.942100495244713,-87.36944161975076,90.24385003176678,-24.222895275500356,-2.0191543772706845e-5,23.5546875,-7.55859375,-80.947265625,87.36328125,-22.8515625,0.615234375,8.7890625,0.0,-52.734375,43.9453125,0.0,0.0,-4.7,-12.8,26.3,-15.6,9.6,3.2
9.398775815963745,24.06418028737136,-5.947526351822178,-82.08634513621826,88.03396536063593,-24.06418025831743,-1.998623385663895e-5,24.35344797323682,-5.957617940943027,-87.66283815675013,90.55554126529174,-24.24907231731023,-2.0245847995966863e-5,23.642578125,-7.55859375,-81.298828125,87.71484375,-22.939453125,0.615234375,8.7890625,0.0,-52.734375,43.9453125,-13.18359375,0.0,-3.8,-12.8,26.3,-15.5,8.8,3.2
9.405443906784058,24.102862200737093,-5.933081036744363,-82.4116162812234,88.34479136048397,-24.102862173208205,-2.0055503689702543e-5,24.344205208772507,-5.975011187924263,-87.95423367111295,90.86731978664598,-24.272620519241805,-2.029548835641041e-5,23.818359375,-7.55859375,-81.650390625,88.06640625,-23.02734375,0.615234375,8.7890625,0.0,-52.734375,43.9453125,-13.18359375,0.0,-2.2,-12.8,26.4,-14.2,8.6,3.2
9.412178993225098,24.13925222693211,-5.9204092508606525,-82.73844076963027,88.6589442229257,-24.139252200941147,-2.0120791135955328e-5,24.33217224515792,-5.994457778524707,-88.24643546610736,91.1822382025967,-24.293712900757917,-2.0340827263473932e-5,23.90625,-7.55859375,-82.001953125,88.41796875,-23.203125,0.615234375,8.7890625,0.0,-52.734375,48.33984375,-13.18359375,0.0,-1.2,-12.8,26.4,-15.2,7.1,3.2
9.418846845626831,24.17257950836249,-5.909792461275792,-83.06025548963058,88.9701422998512,-24.17257948389164,-2.0180686587808187e-5,24.31754643705359,-6.015546581969278,-88.53356198608212,91.49399463489956,-24.311884419053964,-2.038086094428282e-5,23.90625,-7.55859375,-82.353515625,88.681640625,-23.203125,0.615234375,13.18359375,0.0,-48.33984375,48.33984375,-13.18359375,0.0,-1.2,-12.0,25.6,-14.4,7.1,3.2
9.425514936447144,24.203279541149,-5.9010494813877985,-83.38036054993206,89.28150451526064,-24.203279518195924,-2.0235942763342364e-5,24.300281838132918,-6.038503283027493,-88.81857578847023,91.80571930947413,-24.32741868945243,-2.0416155223338552e-5,23.90625,-7.55859375,-82.79296875,89.033203125,-23.203125,0.615234375,13.18359375,0.0,-48.33984375,48.33984375,-13.18359375,0.0,-1.2,-12.0,24.6,-12.8,7.9,3.2
9.432184934616089,24.231334686048406,-5.894192688724139,-83.69879946451621,89.59308676056921,-24.231334664611136,-2.028650508275898e-5,24.28035197660739,-6.0633002424855045,-89.1015062441249,92.11746468871692,-24.340295252185065,-2.044665956752422e-5,23.90625,-7.55859375,-82.96875,89.208984375,-23.203125,0.615234375,13.18359375,0.0,-48.33984375,43.9453125,-13.18359375,0.0,-1.2,-11.9,25.4,-14.4,8.1,3.2
9.438852787017822,24.256690239209597,-5.889249489946236,-84.01533290837499,89.90467711717446,-24.25669021928521,-2.033225361493911e-5,24.25773457147281,-6.089905288838091,-89.3821282977071,92.42901420753037,-24.350469594792024,-2.0472275284635517e-5,23.90625,-7.55859375,-83.408203125,89.6484375,-23.203125,0.615234375,0.0,0.0,-52.734375,43.9453125,0.0,0.0,-1.6,-11.9,25.4,-18.6,8.0,3.2
9.445520877838135,24.27941252413849,-5.88617401079499,-84.33009189268559,90.21636072227221,-24.279412505724668,-2.0373287103191745e-5,24.232482126318278,-6.118365482706925,-89.66056745769136,92.74045562368715,-24.358003821333853,-2.049310573078869e-5,23.90625,-7.55859375,-83.671875,89.82421875,-23.203125,0.615234375,0.0,0.0,-52.734375,43.9453125,0.0,0.0,-0.8,-11.1,24.8,-21.2,8.0,3.2
9.452188968658447,24.299476445360046,-5.884980190005908,-84.6430280114365,90.52810310846372,-24.29947642845442,-2.0409542987391707e-5,24.204574507900475,-6.14864435001945,-89.93677140048901,93.05175089078615,-24.36287435789385,-2.0509098501161884e-5,23.90625,-7.55859375,-84.0234375,90.17578125,-23.203125,0.615234375,0.0,0.0,-52.734375,48.33984375,0.0,0.0,-0.8,-11.1,24.8,-21.2,8.0,3.2
9.458855867385864,24.316843001672346,-5.885689837309727,-84.95403947847834,90.83982429914741,-24.316842986272214,-2.0440935127468953e-5,24.173984683016073,-6.180719084303152,-90.21063792062371,93.36281556300548,-24.365045909616114,-2.052018068341345e-5,23.90625,-7.55859375,-84.375,90.791015625,-23.203125,0.615234375,0.0,0.0,-48.33984375,48.33984375,0.0,0.0,-0.7,-11.1,25.6,-15.2,8.0,3.2
9.465523958206177,24.331574580071997,-5.888260155582122,-85.26325527879317,91.15161048244646,-24.331574566175306,-2.0467562506073458e-5,24.1407610176992,-6.21463874841921,-90.48229002894753,93.67373815806614,-24.364576546862843,-2.052645519699585e-5,23.90625,-7.55859375,-84.638671875,91.0546875,-23.203125,0.615234375,0.0,0.0,-48.33984375,48.33984375,0.0,0.0,-0.7,-10.3,24.8,-13.8,8.0,3.2
9.472190856933594,24.343642024120886,-5.892703738053896,-85.57052672540945,91.4633255644837,-24.34364201172501,-2.048936099480281e-5,24.104894855582184,-6.2503548411775,-90.75158732754896,93.98437918529027,-24.361443538089116,-2.05278749572274e-5,23.90625,-7.55859375,-84.90234375,91.318359375,-23.203125,0.615234375,0.0,0.0,-48.33984375,57.12890625,0.0,0.0,-0.7,-10.3,25.6,-14.6,8.0,3.2
9.478858947753906,24.35301459498306,-5.899043421196384,-85.87591656530034,91.77505512856101,-24.353014584085898,-2.0506265219205714e-5,24.066341869990033,-6.2878629638729615,-91.01857205917258,94.29481914709298,-24.35561172643331,-2.052437737497707e-5,23.818359375,-7.55859375,-85.341796875,91.669921875,-23.203125,0.615234375,-4.39453125,0.0,-48.33984375,57.12890625,0.0,0.0,-0.9,-10.3,24.8,-16.0,8.0,3.2
9.485525846481323,24.35974547831275,-5.907233872101929,-86.17933431872606,92.08666336226096,-24.359745468911747,-2.0518364551502788e-5,24.025175343116448,-6.3271865313694615,-91.28317500335991,94.60492530238865,-24.347140776363666,-2.0516069688115797e-5,23.73046875,-7.55859375,-85.60546875,92.021484375,-23.203125,0.615234375,-4.39453125,0.0,-48.33984375,57.12890625,0.0,0.0,-1.7,-9.5,24.8,-14.4,8.0,3.2
9.49219298362732,24.363813045149136,-5.917289705152742,-86.48080628421701,92.39819117839689,-24.363813037242018,-2.052561445357966e-5,23.98136686223402,-6.368296430173333,-91.54540915871351,94.91473445061402,-24.33600680925319,-2.0502913037766846e-5,23.642578125,-7.55859375,-85.869140625,92.28515625,-23.203125,0.615234375,-4.39453125,0.0,-48.33984375,48.33984375,0.0,0.0,-2.5,-9.5,24.8,-15.2,8.0,3.2
9.498859882354736,24.365182989343054,-5.9292305824202565,-86.78026296119066,92.70958873830398,-24.365182982927465,-2.0527949290351467e-5,23.934889291102856,-6.41117225524351,-91.80520110909441,95.22419208579115,-24.322177662285615,-2.0484853737767204e-5,23.642578125,-7.55859375,-86.30859375,92.724609375,-23.203125,0.615234375,-8.7890625,0.0,-43.9453125,48.33984375,0.0,0.0,-1.7,-8.7,24.0,-14.4,8.0,3.2
9.505533933639526,24.363909720208138,-5.943029410220446,-87.07805302572834,93.02117762461899,-24.363909715283423,-2.0525467044730666e-5,23.885746864890322,-6.455900201945458,-92.06286268788996,95.53361997193666,-24.305691879093352,-2.0461977086946596e-5,23.5546875,-7.55859375,-86.66015625,93.076171875,-23.203125,0.615234375,-8.7890625,0.0,-43.9453125,48.33984375,0.0,0.0,-1.7,-8.7,23.9,-13.4,8.0,3.2
9.512200832366943,24.359971796226013,-5.958670104900638,-87.37349726120215,93.33226253696823,-24.359971792788315,-2.051813009977044e-5,23.834024436349615,-6.5023462870275175,-92.31779561443369,95.84232340483749,-24.286561672690638,-2.043429952684912e-5,23.5546875,-7.55859375,-86.8359375,93.251953125,-23.203125,0.615234375,-8.7890625,0.0,-43.9453125,48.33984375,0.0,0.0,-1.7,-8.7,24.7,-16.2,8.0,3.2
9.51886796951294,24.353337368417048,-5.976185654211344,-87.6668786431798,93.64315943853109,-24.353337366464142,-2.050588354291151e-5,23.779641085724926,-6.5505415944210945,-92.57023234526855,96.15061128407834,-24.2647394486926,-2.040175435152311e-5,23.5546875,-7.55859375,-87.1875,93.603515625,-23.203125,0.615234375,-4.39453125,0.0,-48.33984375,48.33984375,0.0,0.0,-1.5,-7.9,23.9,-15.4,8.0,3.2
9.525534868240356,24.34406329579589,-5.9955321867448985,-87.95819629130997,93.95382357780375,-24.344063295325512,-2.0488836219436842e-5,23.722659813816076,-6.600517849480386,-92.82018281966538,96.45844169951285,-24.240284081215645,-2.0364461070099408e-5,23.5546875,-7.55859375,-87.5390625,93.8671875,-23.203125,0.615234375,-4.39453125,0.0,-48.33984375,48.33984375,0.0,0.0,-0.7,-7.9,24.0,-14.4,7.2,3.2
9.532201766967773,24.33212578894202,-6.016723218323204,-88.24741892975744,94.26423719467303,-24.33212578995197,-2.046695223919579e-5,23.66305902836571,-6.6522374062699345,-93.06760942454223,96.76579266192451,-24.213172330721864,-2.032239361563113e-5,23.5546875,-7.55859375,-87.802734375,94.21875,-23.203125,0.615234375,-4.39453125,0.0,-48.33984375,43.9453125,0.0,0.0,-0.7,-7.9,24.0,-15.2,7.1,3.2
9.53886890411377,24.317493505649846,-6.039777325084657,-88.53450820862061,94.57438051524417,-24.317493508137964,-2.0440184431323486e-5,23.600809896365313,-6.705684268357105,-93.31246626748623,97.07263940535697,-24.183373473620993,-2.027551514326163e-5,23.5546875,-7.55859375,-88.154296875,94.5703125,-23.203125,0.615234375,0.0,0.0,-48.33984375,43.9453125,0.0,0.0,0.1,-7.1,24.0,-14.4,7.2,3.2
9.545536994934082,24.300220975395952,-6.064654665697626,-88.8195155948119,94.88426516534692,-24.300220979360283,-2.040864315582998e-5,23.535964497625372,-6.7608985692154855,-93.55480835242736,97.37899587234716,-24.150941302426943,-2.022394238318068e-5,23.5546875,-7.55859375,-88.41796875,94.833984375,-23.203125,0.615234375,0.0,0.0,-48.33984375,43.9453125,0.0,0.0,0.1,-6.3,23.9,-14.4,6.4,3.2
9.552204847335815,24.280287492740587,-6.09136362449839,-89.10234681844044,95.19380525934505,-24.2802874981789,-2.03723046565885e-5,23.468514804386764,-6.817830765738966,-93.79454425845752,97.68477249753711,-24.115858975191525,-2.0167665886874488e-5,23.5546875,-7.55859375,-88.681640625,95.09765625,-23.203125,0.615234375,0.0,0.0,-48.33984375,48.33984375,0.0,0.0,0.1,-6.2,23.9,-16.2,6.3,3.2
9.558873891830444,24.25765864693524,-6.119926938435796,-89.38301291412992,95.50303456867071,-24.25765865384564,-2.033112296825476e-5,23.398420721467097,-6.876474890515624,-94.03166999438429,97.98999725745182,-24.078090062951617,-2.0106646678624265e-5,23.5546875,-7.55859375,-89.033203125,95.44921875,-23.203125,0.615234375,0.0,0.0,-43.9453125,48.33984375,0.0,0.0,0.1,-5.4,23.1,-15.4,6.4,3.2
9.565542936325073,24.23239485251652,-6.150297070481557,-89.6614854209653,95.81187709565933,-24.232394860896875,-2.0285224492137753e-5,23.325753752730222,-6.936853892368081,-94.26617323337372,98.2945976143616,-24.037698546151766,-2.0041022482955385e-5,23.5546875,-7.55859375,-89.384765625,95.80078125,-23.203125,0.615234375,0.0,0.0,-43.9453125,48.33984375,0.0,0.0,0.1,-4.6,22.4,-14.2,5.6,3.2
9.572210788726807,24.204477741162023,-6.182480526406526,-89.93767060395153,96.12024561102,-24.204477751009943,-2.023459628640145e-5,23.25050845852526,-6.998915338813919,-94.49796363493643,98.5984827162089,-23.994669982251807,-1.997079469508675e-5,23.5546875,-7.55859375,-89.6484375,96.064453125,-23.203125,0.615234375,0.0,0.0,-43.9453125,43.9453125,0.0,0.0,0.1,-4.6,22.4,-15.2,4.6,3.2
9.578877925872803,24.17387895257019,-6.216493717807997,-90.21154017397143,96.42812823712396,-24.173878963883375,-2.017921015467354e-5,23.172657854074018,-7.062644184048413,-94.72700474709589,98.90163555332467,-23.948976227361968,-1.9895945042010076e-5,23.5546875,-7.55859375,-90.0,96.416015625,-23.203125,0.615234375,0.0,0.0,-43.9453125,43.9453125,0.0,0.0,-0.0,-3.8,22.4,-14.4,4.8,3.2
9.585593938827515,24.140400523337473,-6.252565458155936,-90.48513073308317,96.73779038863984,-24.140400536124538,-2.0118730857892333e-5,23.091655841583282,-7.128565182111656,-94.95500396570152,99.20628668080455,-23.900308039171314,-1.981600192022345e-5,23.642578125,-7.55859375,-90.263671875,96.6796875,-23.203125,0.615234375,0.0,0.0,-43.9453125,43.9453125,0.0,0.0,-0.0,-3.0,22.3,-13.6,4.0,3.2
9.592264890670776,24.104478161503348,-6.29020937628669,-90.75456161856611,97.04486503362835,-24.1044781757523,-2.005397300780674e-5,23.008607949201863,-7.195712954776193,-95.1787124621483,99.50813370601605,-23.849314960552913,-1.9732063714829047e-5,23.642578125,-7.55859375,-90.52734375,97.03125,-23.203125,0.615234375,0.0,0.0,-43.9453125,48.33984375,0.0,0.0,0.9,-2.2,22.3,-15.2,3.9,3.2
9.598932981491089,24.065898712759804,-6.329649858057768,-91.02152289362951,97.35126662023448,-24.065898728467893,-1.9984580306502084e-5,22.9230068416133,-7.2644768830896576,-95.39953291236964,99.80905683281131,-23.79568963256129,-1.9643661917928327e-5,23.642578125,-7.55859375,-90.791015625,97.294921875,-23.203125,0.615234375,4.39453125,0.0,-43.9453125,48.33984375,0.0,0.0,1.7,-2.2,21.5,-15.2,4.0,3.2
9.605600833892822,24.024699698876834,-6.370862536705813,-91.2861398718617,97.65709609546724,-24.024699716041916,-1.991064719060981e-5,22.83487421087041,-7.334916927344043,-95.61758075734241,100.10915739385162,-23.73946450614912,-1.9550889825609762e-5,23.642578125,-7.55859375,-91.0546875,97.55859375,-23.203125,0.615234375,4.39453125,0.0,-43.9453125,48.33984375,0.0,0.0,1.7,-1.4,21.5,-12.8,4.0,3.2
9.612268924713135,23.98084905348376,-6.41386581004099,-91.54837901199045,97.9623383157469,-23.980849072103787,-1.9832149852450587e-5,22.744180027160144,-7.4069875121760855,-95.83281406848641,100.40841456044517,-23.680607894149226,-1.9453733727730884e-5,23.642578125,-7.55859375,-91.494140625,97.998046875,-23.203125,0.615234375,4.39453125,0.0,-43.9453125,43.9453125,0.0,0.0,2.6,-1.4,20.7,-12.5,2.3,3.2
9.619178771972656,23.932601328302503,-6.460318633632028,-91.81756788891096,98.27797980388206,-23.932601348427994,-1.9746011460574352e-5,22.647492538421282,-7.483376285903832,-96.05283186129667,100.7175801628656,-23.616833434807305,-1.9348462003973813e-5,23.642578125,-7.55859375,-91.845703125,98.349609375,-23.203125,0.615234375,0.0,0.0,-43.9453125,43.9453125,0.0,0.0,3.4,-0.6,20.7,-13.8,2.3,3.2
9.627087831497192,23.873916194258005,-6.515812840902724,-92.12249180090538,98.63839766507115,-23.873916216103893,-1.964155711357284e-5,22.53349537580793,-7.572950684025745,-96.30090577147837,101.07024451582082,-23.540406829637412,-1.922236975879984e-5,23.642578125,-7.55859375,-92.021484375,98.4375,-23.203125,0.615234375,0.0,0.0,-43.9453125,43.9453125,0.0,0.0,4.2,-0.6,19.9,-13.8,1.5,3.2
9.633754968643188,23.82158466528288,-6.564509459117519,-92.3768641885447,98.94146644101006,-23.821584688576724,-1.9548703287377882e-5,22.434652229551954,-7.650227474048664,-96.506885010173,101.36649220533833,-23.473146469531393,-1.91115033852325e-5,23.642578125,-7.55859375,-92.28515625,98.701171875,-23.203125,0.615234375,0.0,0.0,-39.55078125,39.55078125,0.0,0.0,5.0,0.2,19.9,-15.4,1.5,3.2
9.640422821044922,23.766594074049294,-6.614983343732151,-92.62875742978608,99.24383332549111,-23.766594098789092,-1.945143020353412e-5,22.333256930583183,-7.72908606759133,-96.70994415508765,101.66177012989948,-23.40325173645352,-1.8996436874076258e-5,23.642578125,-7.55859375,-92.548828125,99.052734375,-23.203125,0.615234375,0.0,0.0,-39.55078125,39.55078125,0.0,0.0,5.8,0.2,19.9,-17.9,-0.2,3.2
9.647089958190918,23.7089813061261,-6.667202044269798,-92.87811293859274,99.54540728218981,-23.708981332309556,-1.9349842841864278e-5,22.229360287284717,-7.809503527843202,-96.91003942868387,101.95598866452033,-23.33076386254055,-1.8877286194200187e-5,23.642578125,-7.55859375,-92.724609375,99.31640625,-23.203125,0.615234375,0.0,0.0,-39.55078125,39.55078125,0.0,0.0,6.6,0.2,19.9,-16.3,-0.2,3.2
9.653756856918335,23.64877586575882,-6.7211420430059805,-93.1249528915945,99.8461869701676,-23.648775893383757,-1.924403241457592e-5,22.122992015826597,-7.891506461544484,-97.1071953107918,102.24914677655275,-23.25571232862263,-1.875414730070188e-5,23.642578125,-7.55859375,-92.98828125,99.580078125,-23.203125,0.615234375,0.0,0.0,-39.55078125,43.9453125,0.0,0.0,7.6,-0.0,19.9,-14.9,-0.0,3.2
9.660424947738647,23.5859187709615,-6.7768403890102435,-93.36925694338586,100.14618909286608,-23.585918800025976,-1.913394733717259e-5,22.014090603493067,-7.975058835255178,-97.30137366173801,102.54125213344767,-23.17803693391732,-1.8626978099312536e-5,23.642578125,-7.55859375,-93.251953125,99.931640625,-23.203125,0.615234375,0.0,0.0,-39.55078125,43.9453125,0.0,0.0,8.4,-0.0,19.9,-14.9,-0.0,3.2
9.66709280014038,23.520449100159937,-6.834262943526159,-93.61096860964649,100.44532302740957,-23.520449130661696,-1.9019700396991485e-5,21.902709148249905,-8.06013600496885,-97.49253347543998,102.83221577541838,-23.09778113421835,-1.8495901641275894e-5,23.642578125,-7.55859375,-93.515625,100.283203125,-23.203125,0.615234375,0.0,0.0,-39.55078125,43.9453125,0.0,0.0,10.0,-0.0,19.2,-15.2,-0.0,3.2
9.673760890960693,23.45239561144149,-6.893386499613602,-93.85010960874479,100.74358728538144,-23.45239564337837,-1.8901385145038313e-5,21.78887680055387,-8.146762928762035,-97.68069895396802,103.12203650241243,-23.01497371392145,-1.8361015634975522e-5,23.642578125,-7.55859375,-93.779296875,100.72265625,-23.203125,0.615234375,0.0,0.0,-35.15625,48.33984375,0.0,0.0,10.7,-0.0,20.0,-13.4,-0.0,3.2
9.68042778968811,23.381728447340436,-6.954222116060645,-94.08655455085619,101.0408675356549,-23.38172848070991,-1.8779008482969404e-5,21.672581457924057,-8.2348669002569,-97.86574913556741,103.41059438250213,-22.929590107954663,-1.822234377560948e-5,23.642578125,-7.55859375,-93.955078125,100.8984375,-23.203125,0.615234375,0.0,0.0,-35.15625,48.33984375,0.0,0.0,11.5,0.8,20.0,-15.0,-0.0,3.2
9.687094926834106,23.308460595000035,-7.016758727630325,-94.32035268469876,101.33720196180016,-23.308460629799864,-1.865264109857357e-5,21.553830525801,-8.324458415213396,-98.04772770675467,103.69792601398387,-22.841641370408784,-1.8079958974105397e-5,23.642578125,-7.55859375,-94.21875,101.25,-23.203125,0.615234375,0.0,0.0,-35.15625,48.33984375,0.0,0.0,12.3,1.6,19.2,-14.4,-0.0,3.2
9.69376277923584,23.23261984157638,-7.080973564266893,-94.55152503214853,101.63258881579007,-23.232619877804407,-1.852237811772647e-5,21.432652387120186,-8.415560690641865,-98.22665832704843,103.98402990772883,-22.75115537339614,-1.7933959992153102e-5,23.5546875,-7.55859375,-94.5703125,101.6015625,-23.203125,0.615234375,0.0,0.0,-39.55078125,43.9453125,0.0,0.0,13.1,2.6,18.4,-13.4,-1.6,3.2
9.70043396949768,23.1541297320255,-7.146916308008773,-94.78008373333782,101.92708991950737,-23.154129769680047,-1.838815441232519e-5,21.308961500091954,-8.508157252511868,-98.40252613311884,104.2689564183768,-22.65805225576621,-1.7784289107837545e-5,23.466796875,-7.55859375,-94.658203125,101.77734375,-23.203125,0.615234375,-8.7890625,0.0,-39.55078125,43.9453125,0.0,0.0,13.1,3.4,19.2,-15.0,-1.8,3.2
9.707100868225098,23.073109690692192,-7.214486186394918,-95.00576756299391,102.22034327577171,-23.073109729769932,-1.8250225969135706e-5,21.182933300445733,-8.602132936915439,-98.57513620207953,104.55235501820047,-22.56246941761906,-1.763122490429846e-5,23.37890625,-7.55859375,-94.921875,102.12890625,-23.203125,0.615234375,-8.7890625,0.0,-39.55078125,43.9453125,0.0,0.0,13.1,4.2,19.0,-14.6,-1.8,3.2
9.71377182006836,22.989492236342752,-7.2837397255906575,-95.22886449571284,102.51269338508476,-22.9894922768421,-1.8108528299722555e-5,21.054447927417872,-8.697618920627473,-98.74471688893186,104.83455896310211,-22.464322323053672,-1.7474687984751704e-5,23.291015625,-7.646484375,-95.2734375,102.48046875,-23.203125,0.615234375,-8.7890625,0.0,-35.15625,43.9453125,0.0,0.0,12.9,4.3,18.2,-13.4,-3.2,3.2
9.720438957214355,22.903331729307403,-7.3546173521569065,-95.44903256230432,102.80373870510128,-22.903331771225,-1.7963226070929728e-5,20.923621982339064,-8.794449509835404,-98.91098371384226,105.11517096986319,-22.36368499677843,-1.7314873902573194e-5,23.203125,-7.646484375,-95.44921875,102.744140625,-23.203125,0.615234375,-13.18359375,0.0,-35.15625,43.9453125,0.0,0.0,13.7,5.1,18.2,-15.4,-4.3,3.2
9.727109909057617,22.814561067463565,-7.427173372740485,-95.66652595544329,103.09378773488812,-22.814561110797648,-1.7814260802359136e-5,20.790341642615616,-8.892725726479886,-99.07413586586239,105.39448841450454,-22.260475066890237,-1.715171165776289e-5,23.02734375,-7.646484375,-95.625,103.0078125,-23.203125,0.615234375,-13.18359375,-4.39453125,-35.15625,43.9453125,0.0,0.0,12.9,5.9,18.3,-14.6,-4.3,3.2
9.733780860900879,22.7232625534078,-7.501339555202528,-95.88122348991946,103.38265105748727,-22.723262598155742,-1.7661824642762038e-5,20.65471894021175,-8.992403035068392,-99.2340899863678,105.6723289449572,-22.154784360675077,-1.698540515698456e-5,22.8515625,-7.646484375,-95.9765625,103.359375,-23.203125,0.615234375,-13.18359375,-4.39453125,-35.15625,43.9453125,0.0,0.0,12.0,6.6,17.5,-13.4,-6.4,3.2
9.740447998046875,22.629446572557086,-7.577093200295186,-96.09292359294322,103.67010440095777,-22.629446618715352,-1.750601351731186e-5,20.51679951619275,-9.093370811900197,-99.39067105065487,105.94846703067063,-22.04663420141915,-1.6816071385811907e-5,22.763671875,-7.734375,-96.15234375,103.623046875,-23.203125,0.615234375,-21.97265625,-4.39453125,-35.15625,43.9453125,0.0,0.0,12.0,6.6,16.7,-15.0,-7.6,3.2
9.747115850448608,22.533085359714,-7.654455885293885,-96.30177758566809,103.95632066364489,-22.533085407279962,-1.7346837444060413e-5,20.37652986332395,-9.195686057533138,-99.54400065417768,106.22306933801602,-21.935988354237963,-1.6643713970312318e-5,22.587890625,-7.822265625,-96.328125,103.88671875,-23.203125,0.615234375,-21.97265625,-4.39453125,-35.15625,43.9453125,0.0,0.0,12.0,6.6,16.7,-13.8,-7.6,3.2
9.753782987594604,22.434232670125652,-7.733383063687818,-96.50774584745083,104.24121567866189,-22.43423271909632,-1.7184441302727796e-5,20.23397747065139,-9.29933422848057,-99.69405841002191,106.49605542666103,-21.822904932059256,-1.64684833960688e-5,22.32421875,-7.91015625,-96.591796875,104.326171875,-23.203125,0.615234375,-21.97265625,-4.39453125,-30.76171875,48.33984375,0.0,0.0,11.0,6.5,17.5,-12.5,-8.8,3.2
9.760449886322021,22.3328394046423,-7.813899355106479,-96.71076143492658,104.52474712211746,-22.33283945501467,-1.7018829561503148e-5,20.089100816691598,-9.404270830929145,-99.84076910275178,106.76737442964514,-21.707336762625538,-1.6290396329133647e-5,22.236328125,-7.998046875,-96.767578125,104.501953125,-23.203125,0.615234375,-26.3671875,-4.39453125,-30.76171875,48.33984375,0.0,0.0,11.0,6.5,16.7,-14.1,-10.7,3.2
9.767116785049438,22.228937369231197,-7.89597786993256,-96.91083882183972,104.80690257831205,-22.228937421002236,-1.6850112727029208e-5,19.941934558217326,-9.510487526194993,-99.98415315946922,107.03701503632129,-21.58931647868426,-1.6109564998034094e-5,21.97265625,-8.0859375,-97.03125,104.677734375,-23.115234375,0.615234375,-26.3671875,-13.18359375,-30.76171875,48.33984375,0.0,0.0,9.4,6.5,15.9,-14.6,-9.9,3.2
9.773783922195435,22.12255621908515,-7.97959318399365,-97.1079909501177,105.08766956516438,-22.122556272251835,-1.6678397093926987e-5,19.792511240695543,-9.61799323006813,-100.12422918462786,107.30496573295137,-21.46887457353363,-1.592609732397302e-5,21.884765625,-8.173828125,-97.20703125,105.1171875,-22.8515625,0.615234375,-26.3671875,-13.18359375,-30.76171875,39.55078125,0.0,0.0,10.2,6.5,15.9,-10.1,-7.2,3.2
9.780451774597168,22.013646641591286,-8.06476912435468,-97.30214782553347,105.36700191535938,-22.013646696150523,-1.6503694484398172e-5,19.64078996954455,-9.726744700104321,-100.26091943305053,107.57117169665361,-21.34596391543671,-1.5740017303281063e-5,21.708984375,-8.26171875,-97.3828125,105.29296875,-22.587890625,0.615234375,-21.97265625,-13.18359375,-30.76171875,39.55078125,17.578125,0.0,9.4,6.5,15.1,-10.2,-6.1,3.2
9.787168979644775,21.901422983580783,-8.152113328445793,-97.49470079024661,105.64689860517365,-21.901423039539523,-1.6324817417768908e-5,19.485679947220646,-9.837536921465816,-100.39520032631117,107.83753455908138,-21.21969878986947,-1.555005999437147e-5,21.62109375,-8.349609375,-97.646484375,105.46875,-22.5,0.615234375,-21.97265625,-13.18359375,-30.76171875,39.55078125,17.578125,0.0,9.4,6.5,14.3,-12.6,-6.9,3.2
9.793835878372192,21.78758579669215,-8.240299957882318,-97.68280157581863,105.92318553507849,-21.78758585403654,-1.614453575931971e-5,19.329522408171155,-9.948725009143473,-100.52509649766507,108.1000828534952,-21.09198942831227,-1.5359160739052754e-5,21.533203125,-8.4375,-97.822265625,105.732421875,-22.412109375,0.615234375,-21.97265625,-13.18359375,-30.76171875,35.15625,17.578125,0.0,10.5,6.4,14.3,-12.3,-6.4,3.2
9.800505876541138,21.67120258707819,-8.33003937836402,-97.86789559932643,106.19801848393189,-21.67120264580529,-1.5961461168867835e-5,19.17105615102096,-10.061138139218059,-100.65158722832567,108.3608571187695,-20.961795126959743,-1.5165855853130531e-5,21.4453125,-8.525390625,-97.998046875,105.99609375,-22.32421875,0.615234375,-13.18359375,-13.18359375,-30.76171875,35.15625,26.3671875,0.0,10.5,6.4,14.3,-12.0,-7.9,3.2
9.807172775268555,21.552430185903482,-8.421209977806152,-98.04983517002239,106.47112814960153,-21.55243024600902,-1.577589565608114e-5,19.010480400404347,-10.174660034524203,-100.77458986809161,108.61960468623937,-20.829286631305145,-1.4970455522649937e-5,21.357421875,-8.61328125,-98.173828125,106.171875,-22.32421875,0.615234375,-13.18359375,-13.18359375,-30.76171875,35.15625,26.3671875,0.0,11.3,6.4,14.3,-14.4,-8.7,3.2
9.813859939575195,21.430872748993828,-8.514110270348011,-98.22924783268363,106.74344058936346,-21.43087281047825,-1.5587288847286914e-5,18.847258909764488,-10.289687788016147,-100.8945318229254,108.87720139690806,-20.69402178111441,-1.4772377677047827e-5,21.26953125,-8.701171875,-98.349609375,106.435546875,-22.236328125,0.615234375,-13.18359375,-13.18359375,-30.76171875,39.55078125,26.3671875,0.0,11.3,6.4,13.5,-13.0,-8.3,3.2
9.820526838302612,21.307219999838598,-8.60819615751216,-98.40494893358724,107.01322705400815,-21.30722006269379,-1.539681827766088e-5,18.682347836359206,-10.405476549521284,-101.01058568834779,109.13199915037495,-20.55677728517229,-1.4572871023426151e-5,21.181640625,-8.7890625,-98.525390625,106.787109375,-22.1484375,0.615234375,-13.18359375,-13.18359375,-30.76171875,39.55078125,4.39453125,0.0,12.1,7.2,13.5,-11.8,-9.5,3.2
9.827196836471558,21.181102479221046,-8.703750039651723,-98.57759901093449,107.28143048055246,-21.18110254344363,-1.5203962012414521e-5,18.515234654561233,-10.522415977889784,-101.12321599377319,109.38489413154554,-20.417136683582033,-1.4371377308874235e-5,21.181640625,-8.876953125,-98.701171875,106.962890625,-22.060546875,0.615234375,-13.18359375,-17.578125,-30.76171875,35.15625,4.39453125,0.0,13.7,7.2,13.5,-14.2,-9.8,3.2
9.833863973617554,21.052660060915528,-8.800661230738774,-98.74704233403952,107.54778445291183,-21.05266012650082,-1.500899954693639e-5,18.346101382770424,-10.640392242675762,-101.23232836142573,109.63563477958725,-20.27525362629405,-1.4168184793925752e-5,21.181640625,-9.052734375,-98.96484375,107.2265625,-21.796875,0.615234375,-13.18359375,-17.578125,-26.3671875,35.15625,21.97265625,0.0,15.6,6.3,11.9,-13.1,-8.2,3.2
9.84053087234497,20.92179930791071,-8.8989832830753,-98.91325028495515,107.81231390511391,-20.921799374854306,-1.4811900251178437e-5,18.174852962340164,-10.759405536780221,-101.33786850029713,109.88423185934084,-20.131033466980554,-1.3963272576864637e-5,21.181640625,-9.140625,-99.052734375,107.490234375,-21.708984375,0.615234375,-4.39453125,-17.578125,-26.3671875,35.15625,21.97265625,0.0,16.4,6.3,12.7,-11.7,-8.7,3.2
9.8471999168396,20.788527998283286,-8.99870964127491,-99.07631631397305,108.07510573212481,-20.7885280665812,-1.4612727386205896e-5,18.001485174214558,-10.879485343581438,-101.43992003788614,110.13077143182355,-19.984480101638784,-1.375669716596407e-5,21.09375,-9.228515625,-99.228515625,107.666015625,-21.533203125,0.615234375,-4.39453125,-13.18359375,-26.3671875,35.15625,21.97265625,0.0,17.2,6.3,11.9,-14.1,-8.8,3.2
9.853866815567017,20.652959611817206,-9.0997502736813,-99.2361347015264,108.33596418323569,-20.652959681464466,-1.441171681099141e-5,17.82614289608371,-11.00054294617122,-101.53842462277385,110.37506965811481,-19.835717298089357,-1.3548699537565108e-5,20.91796875,-9.31640625,-99.404296875,108.017578125,-21.26953125,0.615234375,-4.39453125,-13.18359375,-21.97265625,35.15625,21.97265625,0.0,17.1,7.3,11.9,-12.2,-6.4,3.2
9.860533952713013,20.515003943739845,-9.20215492660628,-99.39266537140064,108.59489892823397,-20.5150040147317,-1.4208851325287413e-5,17.648736915838022,-11.122576529776701,-101.63331917435106,110.61712242747502,-19.684654482994276,-1.333927258382649e-5,20.7421875,-9.404296875,-99.580078125,108.28125,-21.09375,0.615234375,-17.578125,-13.18359375,-21.97265625,35.15625,26.3671875,0.0,16.3,7.3,11.1,-11.7,-6.9,3.2
9.86720085144043,20.37472750510112,-9.305873485066323,-99.54593522734399,108.85188675618802,-20.374727577432637,-1.4004277662541292e-5,17.469338558694318,-11.245562501505995,-101.72464731645164,110.85691318023906,-19.531359898015147,-1.3128558408356983e-5,20.654296875,-9.4921875,-99.66796875,108.45703125,-21.09375,0.615234375,-17.578125,-17.578125,-21.97265625,39.55078125,26.3671875,0.0,17.1,7.3,11.9,-14.1,-10.9,3.2
9.873871803283691,20.232066479183715,-9.410947333726076,-99.69604027928246,109.10706506145867,-20.232066552850704,-1.3797970650089429e-5,17.28786473669329,-11.369567575262817,-101.8124734265651,111.09456974900918,-19.375763200958897,-1.2916527844880189e-5,20.478515625,-9.66796875,-99.84375,108.720703125,-20.830078125,0.615234375,-17.578125,-17.578125,-21.97265625,39.55078125,26.3671875,0.0,16.8,7.2,11.1,-15.7,-8.5,3.2
9.880538940429688,20.087147856850404,-9.517264732463381,-99.84270312071209,109.36004469801986,-20.087147931846786,-1.3590236211065719e-5,17.10450438805539,-11.494401621961277,-101.8965932635222,111.32971589716021,-19.218011299492627,-1.2703505914751202e-5,20.302734375,-9.755859375,-100.01953125,108.984375,-20.654296875,0.615234375,-21.97265625,-17.578125,-21.97265625,39.55078125,21.97265625,0.0,16.8,8.0,11.1,-15.2,-8.6,3.2
9.887205839157104,19.939954166883666,-9.624838083569122,-99.98604705436817,109.6109613708461,-19.939954243204028,-1.3381093715065252e-5,16.91922064184962,-11.620114789096784,-101.97710947275385,111.56248402477439,-19.05808044185367,-1.2489502590841795e-5,20.21484375,-9.84375,-100.107421875,109.248046875,-20.478515625,0.615234375,-21.97265625,-13.18359375,-21.97265625,39.55078125,21.97265625,0.0,17.6,8.0,11.1,-16.0,-8.8,3.2
9.8938729763031,19.790503591536282,-9.733648273921974,-100.12608275033531,109.85980663701072,-19.790503669175138,-1.3170635486946325e-5,16.732034646888195,-11.746700830598325,-102.05403703182098,111.7928664474801,-18.89598972233129,-1.22746088164966e-5,20.0390625,-9.931640625,-100.283203125,109.599609375,-20.302734375,0.615234375,-21.97265625,-13.18359375,-21.97265625,39.55078125,21.97265625,0.0,17.7,9.0,10.3,-13.6,-7.2,3.2
9.900539875030518,19.63876813984799,-9.843697097473505,-100.26269964085165,110.10647172265757,-19.63876821879947,-1.295894816037905e-5,16.542937917757015,-11.874107944535941,-102.12727067265789,112.02074838754416,-18.73171694203634,-1.205892321604749e-5,19.775390625,-10.107421875,-100.37109375,109.86328125,-20.126953125,0.615234375,-21.97265625,-13.18359375,-21.97265625,39.55078125,26.3671875,0.0,16.9,8.2,10.3,-13.4,-7.8,3.2
9.907206773757935,19.484801215266714,-9.95494494042098,-100.39594670146809,110.35096598977498,-19.48480129552489,-1.274614942284557e-5,16.351983644886054,-12.002323316256286,-102.19686986909969,112.24614493567114,-18.565315651900917,-1.1842556269242948e-5,19.599609375,-10.1953125,-100.546875,110.126953125,-20.0390625,0.615234375,-21.97265625,-17.578125,-21.97265625,43.9453125,26.3671875,0.0,16.9,9.0,9.5,-14.2,-9.9,3.2
9.91387391090393,19.328626751721906,-10.067368440009222,-100.52583007428755,110.59327221784199,-19.32862683328076,-1.2532338186904607e-5,16.159200089154087,-12.131334803668842,-102.26284762485592,112.46904060599573,-18.39681118231937,-1.1625605009638318e-5,19.3359375,-10.37109375,-100.72265625,110.390625,-19.775390625,0.615234375,-21.97265625,-17.578125,-21.97265625,43.9453125,26.3671875,0.0,15.9,7.9,9.5,-12.8,-7.5,3.2
9.920540809631348,19.170219664643433,-10.180966640461175,-100.6522394654515,110.83327915718958,-19.17021974749651,-1.2317609735017602e-5,15.964582229793816,-12.261091495647584,-102.32510005362475,112.68931866124916,-18.22618445081127,-1.1408175939773472e-5,19.072265625,-10.458984375,-100.810546875,110.7421875,-19.599609375,0.615234375,-39.55078125,-17.578125,-21.97265625,43.9453125,26.3671875,0.0,15.9,8.7,9.5,-11.7,-7.7,3.2
9.92720890045166,19.00960474255077,-10.29572073712622,-100.7752475546377,111.07104068296286,-19.0096048266918,-1.2102038186406183e-5,15.768147860614473,-12.391602886861172,-102.383698842271,112.9070354797623,-18.053458143344194,-1.1190334812626904e-5,18.896484375,-10.546875,-100.8984375,110.91796875,-19.51171875,0.615234375,-39.55078125,-17.578125,-21.97265625,39.55078125,26.3671875,0.0,15.1,8.7,9.5,-12.5,-9.9,3.2
9.933875799179077,18.84686985097149,-10.411561745878357,-100.89481314738265,111.30644661696336,-18.846869936393592,-1.1885806012697468e-5,15.570003170187377,-12.522804075291802,-102.43863529512254,113.12209088298142,-17.878726289763694,-1.0972262403260566e-5,18.6328125,-10.72265625,-101.07421875,111.181640625,-19.248046875,0.615234375,-39.55078125,-17.578125,-21.97265625,39.55078125,26.3671875,0.0,15.0,8.9,8.7,-11.2,-7.5,3.2
9.94054388999939,18.681922958930578,-10.528535725181946,-101.01087748018101,111.53948425384193,-18.681923045626963,-1.166892380727867e-5,15.370061526966364,-12.654701514974914,-102.48983041730929,113.33445849705159,-17.70189791865433,-1.0753978937329989e-5,18.45703125,-10.810546875,-101.162109375,111.4453125,-19.072265625,0.615234375,-30.76171875,-17.578125,-21.97265625,39.55078125,26.3671875,0.0,15.0,8.9,7.9,-11.0,-7.7,3.2
9.94722294807434,18.514576552279372,-10.64677364595037,-101.12365049649401,111.770494507221,-18.51457664024502,-1.1451187331762201e-5,15.168085376359414,-12.787470928135477,-102.53741134217262,113.54445536545308,-17.522768773487226,-1.0535270534008734e-5,18.28125,-10.986328125,-101.337890625,111.708984375,-18.896484375,0.615234375,-30.76171875,-21.97265625,-21.97265625,35.15625,26.3671875,0.0,15.0,8.9,7.0,-11.8,-9.1,3.2
9.953889846801758,18.345441941424923,-10.765837384932363,-101.23274663590625,111.99865369595824,-18.34544203065025,-1.1233454419233495e-5,14.964811188652149,-12.920632379322946,-102.58122804778094,113.75133388964915,-17.34199275356006,-1.0316995086310927e-5,18.10546875,-11.07421875,-101.42578125,111.97265625,-18.720703125,0.615234375,-30.76171875,-21.97265625,-17.578125,35.15625,26.3671875,0.0,15.2,8.8,7.0,-9.6,-7.5,3.2
9.960556983947754,18.17417765727129,-10.885948346685481,-101.33827405495451,112.22429137982111,-18.174177747748683,-1.101541646901391e-5,14.75985175632708,-13.054392985513756,-102.62127165453795,113.95537883725927,-17.159212062697325,-1.0098851609459022e-5,17.9296875,-11.25,-101.513671875,112.1484375,-18.6328125,0.615234375,-26.3671875,-21.97265625,-17.578125,35.15625,26.3671875,0.0,15.2,8.8,7.1,-10.2,-8.6,3.2
9.967223882675171,18.000858697228093,-11.007053752576358,-101.44028080561355,112.4474028324624,-18.000858788949778,-1.07971982106237e-5,14.553283529235925,-13.18872294764046,-102.65760791393011,114.15659504287626,-16.97450259280893,-9.88095488871143e-6,17.841796875,-11.337890625,-101.6015625,112.32421875,-18.45703125,0.615234375,-26.3671875,-17.578125,-17.578125,35.15625,26.3671875,0.0,16.0,8.8,6.3,-12.6,-9.8,3.2
9.973890781402588,17.82550981475243,-11.129129726005385,-101.53877388861146,112.66797117813601,-17.825509907710504,-1.0578893108583448e-5,14.345135454986819,-13.323605674750564,-102.69025133173103,114.35496833153229,-16.787890546312177,-9.66339474028198e-6,17.666015625,-11.513671875,-101.689453125,112.587890625,-18.28125,0.615234375,-26.3671875,-17.578125,-13.18359375,35.15625,26.3671875,0.0,16.1,8.8,6.3,-10.6,-8.2,3.2
9.980557918548584,17.648095127125263,-11.252180806946377,-101.63365304081348,112.88590069360274,-17.648095221311447,-1.0360595686654987e-5,14.135389818097412,-13.45900875643884,-102.71910416025125,114.5503967789981,-16.599345468242774,-9.446274626368108e-6,17.490234375,-11.6015625,-101.77734375,112.763671875,-18.017578125,0.615234375,-21.97265625,-17.578125,-13.18359375,35.15625,26.3671875,0.0,16.9,8.8,5.4,-10.2,-7.8,3.2
9.987224817276001,17.468690314773465,-11.376154567413277,-101.72496958728337,113.10119027624847,-17.46869041017934,-1.0142423645222146e-5,13.924122991247526,-13.594901368930621,-102.74423529252665,114.74288929585077,-16.408943733748274,-9.229701531275578e-6,17.40234375,-11.77734375,-101.865234375,112.939453125,-17.9296875,0.615234375,-21.97265625,-17.578125,-13.18359375,30.76171875,26.3671875,0.0,17.7,8.8,5.4,-11.8,-9.8,3.2
9.993891954421997,17.287314302917476,-11.501031371056307,-101.81273461878686,113.31383138058712,-17.287314399534537,-9.924460179024384e-6,13.711356760765575,-13.731270958478733,-102.76566112522893,114.93243960392297,-16.216705298401962,-9.013754439272898e-6,17.2265625,-11.865234375,-101.953125,113.115234375,-17.666015625,0.615234375,-21.97265625,-17.578125,-13.18359375,30.76171875,26.3671875,0.0,17.8,8.8,4.6,-10.4,-7.4,3.2
10.000558853149414,17.103953475201656,-11.626799891249952,-101.8968384295104,113.52370297418977,-17.103953573020835,-9.706829665982097e-6,13.497099478012766,-13.868072089374525,-102.78328261008056,115.11892358753416,-16.02262332468328,-8.798565634076801e-6,17.138671875,-12.041015625,-102.041015625,113.37890625,-17.490234375,0.615234375,-17.578125,-17.578125,-13.18359375,30.76171875,26.3671875,0.0,18.6,8.8,3.8,-10.2,-7.8,3.2
10.00722599029541,16.91865789353883,-11.753426194670135,-101.97734772132202,113.73083782579934,-16.91865799255114,-9.48961113526764e-6,13.281396647462959,-14.00529262971587,-102.7971742949749,115.30238111638201,-15.826746812411663,-8.58420301286176e-6,17.05078125,-12.12890625,-102.12890625,113.5546875,-17.314453125,0.615234375,-17.578125,-21.97265625,-13.18359375,26.3671875,26.3671875,0.0,19.4,8.8,3.0,-11.0,-9.8,3.2
10.013892889022827,16.731473437419236,-11.880872487942543,-102.05426269705224,113.93519834507423,-16.731473537615397,-9.272915899793256e-6,13.064301143997566,-14.14289973571627,-102.80735132611713,115.4827806168149,-15.62912415207358,-8.370772775502832e-6,16.962890625,-12.3046875,-102.12890625,113.73046875,-17.138671875,0.615234375,-17.578125,-21.97265625,-8.7890625,26.3671875,26.3671875,0.0,21.2,8.7,3.0,-10.7,-8.2,3.2
10.020559787750244,16.542369974354017,-12.009138402103876,-102.127483276512,114.13668408280361,-16.542370075724342,-9.056850907672723e-6,12.84580178067191,-14.280864342808938,-102.81371816248978,115.66001676629023,-15.429730986842621,-8.158389044052906e-6,16.787109375,-12.48046875,-102.12890625,113.90625,-16.962890625,0.615234375,-17.578125,-21.97265625,-8.7890625,26.3671875,26.3671875,0.0,21.2,7.9,4.0,-10.9,-8.6,3.2
10.02722692489624,16.351403861433454,-12.138186514975171,-102.19707507469579,114.33532323202157,-16.351403963968252,-8.841494989168808e-6,12.625950769332153,-14.419168843527297,-102.81635029621566,115.83412598398098,-15.228622807392224,-7.947118990559126e-6,16.5234375,-12.568359375,-102.216796875,114.08203125,-16.69921875,0.615234375,-17.578125,-21.97265625,-8.7890625,30.76171875,26.3671875,0.0,20.4,8.7,3.2,-11.7,-9.0,3.2
10.033894777297974,16.158594571785876,-12.267997333031932,-102.26304979162065,114.53110799931312,-16.158594675475374,-8.626925293166142e-6,12.404770059572668,-14.55779957477902,-102.8152648826747,116.00510341270359,-15.025820063112926,-7.737034571703246e-6,16.34765625,-12.744140625,-102.3046875,114.345703125,-16.435546875,0.615234375,-17.578125,-21.97265625,-8.7890625,30.76171875,35.15625,0.0,20.8,8.0,2.4,-9.8,-6.6,3.2
10.040562868118286,15.96393496088919,-12.398554478128395,-102.32529918028305,114.72391375956005,-15.963935065723023,-8.413277427030918e-6,12.182274969814122,-14.696714539655158,-102.81036633596119,116.17282282794864,-14.821322657745373,-7.528277366470061e-6,16.083984375,-12.83203125,-102.3046875,114.521484375,-16.259765625,0.615234375,-30.76171875,-21.97265625,-8.7890625,30.76171875,35.15625,0.0,20.0,8.0,2.2,-10.2,-6.9,3.2
10.047232866287231,15.767438879561546,-12.529849833601837,-102.38390326743524,114.91381242289627,-15.76743898552963,-8.200576377218163e-6,11.958468621785922,-14.835925596525387,-102.80172972540407,116.3373591804816,-14.615141297231453,-7.320861401696356e-6,15.908203125,-13.0078125,-102.392578125,114.697265625,-16.083984375,0.615234375,-30.76171875,-21.97265625,-8.7890625,26.3671875,35.15625,0.0,20.8,8.0,1.4,-11.0,-9.1,3.2
10.053900957107544,15.569252974743968,-12.661779434334894,-102.43883734998118,115.10067532170072,-15.569253081835397,-7.989032417519462e-6,11.733517308749736,-14.975328982888438,-102.78937909331331,116.49860345353156,-14.407429745791493,-7.1149878133416594e-6,15.732421875,-13.18359375,-102.392578125,114.873046875,-15.908203125,0.615234375,-30.76171875,-21.97265625,-4.39453125,26.3671875,26.3671875,0.0,20.8,7.2,1.4,-9.8,-7.5,3.2
10.060576915740967,15.36906647412535,-12.794528159530282,-102.49007366524206,115.28465957132548,-15.36906658233033,-7.77846230039688e-6,11.507092432639215,-15.115099137758916,-102.7731967725236,116.6566722194481,-14.197869950480584,-6.910487549231562e-6,15.46875,-13.359375,-102.48046875,115.048828125,-15.732421875,0.615234375,-30.76171875,-21.97265625,-4.39453125,26.3671875,26.3671875,0.0,20.8,7.2,0.7,-10.2,-8.5,3.2
10.067246913909912,15.167357813047076,-12.927780900766027,-102.5375758628004,115.46541371480495,-15.167357922353517,-7.569371023689766e-6,11.279721728558707,-15.25492329966502,-102.75329748164381,116.81127748789169,-13.986958710006808,-6.707840139656345e-6,15.205078125,-13.447265625,-102.48046875,115.224609375,-15.556640625,0.615234375,-30.76171875,-21.97265625,-4.39453125,26.3671875,26.3671875,0.0,20.0,8.0,0.7,-10.2,-10.0,3.2
10.073914766311646,14.964049057567792,-13.06158423003106,-102.58138661924633,115.64302700041551,-14.964049167964081,-7.3617215641175555e-6,11.051315350668984,-15.394856531306935,-102.7296956609797,116.96249944589385,-13.774614059064934,-6.507005074390726e-6,14.94140625,-13.53515625,-102.48046875,115.3125,-15.380859375,0.615234375,-30.76171875,-21.97265625,-4.39453125,26.3671875,26.3671875,0.0,19.1,8.0,0.7,-9.6,-8.4,3.2
10.080582857131958,14.759052822218113,-13.195974350382237,-102.62141896430424,115.8174486606471,-14.759052933692512,-7.155569067627278e-6,10.82179770918328,-15.534920796364752,-102.70228992319142,117.11027603325482,-13.560751940118703,-6.308044351343765e-6,14.677734375,-13.7109375,-102.48046875,115.576171875,-15.1171875,0.615234375,-43.9453125,-21.97265625,-4.39453125,26.3671875,26.3671875,0.0,19.1,8.0,-0.2,-9.4,-7.7,3.2
10.08725094795227,14.552441903647773,-13.3309070397456,-102.65774839187925,115.98870996759422,-14.552442016188532,-6.9509784051136e-6,10.591235783474286,-15.67508751709701,-102.67116903021056,117.25464976988778,-13.345443931749312,-6.111008894886443e-6,14.326171875,-13.798828125,-102.48046875,115.751953125,-14.853515625,0.615234375,-43.9453125,-17.578125,-4.39453125,26.3671875,26.3671875,0.0,17.5,8.0,-0.2,-9.4,-9.8,3.2
10.093918800354004,14.344258184478221,-13.466349387350599,-102.6903826426167,116.15678575129986,-14.344258298073386,-6.748037777349802e-6,10.359675748375293,-15.81532709135182,-102.63635326726246,117.39560215343282,-13.128733677831107,-5.915979798509786e-6,14.150390625,-13.974609375,-102.48046875,115.83984375,-14.765625,0.615234375,-43.9453125,-17.578125,0.0,26.3671875,30.76171875,0.0,17.3,8.0,-0.2,-8.8,-9.0,3.2
10.100586891174316,14.134474591814122,-13.602297556197353,-102.71922045133611,116.32157090952697,-14.13447470645128,-6.546866355731816e-6,10.127109915853241,-15.955623648286993,-102.59774706050575,117.53302496358282,-12.910600201762266,-5.723080409560022e-6,13.88671875,-14.0625,-102.48046875,116.015625,-14.4140625,0.615234375,-39.55078125,-17.578125,0.0,26.3671875,30.76171875,0.0,17.3,8.8,0.0,-8.6,-7.8,3.2
10.107254981994629,13.923163913007329,-13.738708799213681,-102.7443411323256,116.48310200974854,-13.923164028674087,-6.347518452217701e-6,9.893604064377776,-16.095948450992374,-102.55544230000007,117.66696623232082,-12.691114716478943,-5.5323507715893655e-6,13.623046875,-14.150390625,-102.48046875,116.19140625,-14.23828125,0.615234375,-39.55078125,-17.578125,0.0,21.97265625,30.76171875,0.0,17.3,8.8,0.0,-9.4,-9.8,3.2
10.113922834396362,13.710368713137663,-13.875550522804726,-102.76575386375295,116.64135563670375,-13.710368829821437,-6.150077565968997e-6,9.659204497985852,-16.23627208984109,-102.50946057160495,117.79740954872364,-12.47032140390024,-5.34386680493113e-6,13.447265625,-14.326171875,-102.48046875,116.3671875,-13.974609375,0.615234375,-39.55078125,-17.578125,0.0,21.97265625,39.55078125,0.0,17.6,8.9,0.0,-8.2,-7.4,3.2
10.120592832565308,13.496003318329723,-14.012856294555924,-102.783361733679,116.79626844575108,-13.49600343601773,-5.9546108131096915e-6,9.423839111345083,-16.37662098490123,-102.45969218531528,117.9242811399905,-12.248138568889855,-5.157701647588991e-6,13.271484375,-14.4140625,-102.48046875,116.455078125,-13.798828125,0.615234375,-30.76171875,-17.578125,0.0,21.97265625,39.55078125,0.0,18.4,8.9,0.0,-8.6,-7.8,3.2
10.12726092338562,13.280262981901718,-14.150506495171356,-102.79723795225736,116.94779402847502,-13.280263100580665,-5.761273250747097e-6,9.187706903161608,-16.516886088433658,-102.40626067739865,118.04756225712003,-12.024763978900616,-4.973990495871297e-6,13.0078125,-14.58984375,-102.48046875,116.630859375,-13.53515625,0.615234375,-30.76171875,-21.97265625,0.0,21.97265625,39.55078125,0.0,17.6,8.9,0.0,-9.8,-9.8,3.2
10.133927822113037,13.06316087049748,-14.288488433502957,-102.80739728843011,117.09593446271629,-13.063160990154024,-5.570114557873764e-6,8.950820919007514,-16.65705848257162,-102.34918337522495,118.16725836818907,-11.800211059903988,-4.792776246296279e-6,12.83203125,-14.677734375,-102.48046875,116.806640625,-13.359375,0.615234375,-30.76171875,-21.97265625,0.0,21.97265625,30.76171875,0.0,18.5,9.6,0.0,-8.2,-8.2,3.2
10.14059591293335,12.844613700142396,-14.426834016518633,-102.81374128600868,117.2406231989724,-12.844613820763009,-5.381205673208219e-6,8.71311170973067,-16.79716674357523,-102.28834980530189,118.28329315415203,-11.574400646551886,-4.614135140155454e-6,12.65625,-14.853515625,-102.48046875,116.982421875,-13.095703125,0.615234375,-26.3671875,-21.97265625,0.0,21.97265625,30.76171875,0.0,18.5,8.8,0.0,-7.8,-7.8,3.2
10.147262811660767,12.624764065256194,-14.565459516863061,-102.81635507884668,117.38186164425673,-12.624764186827111,-5.194639256242811e-6,8.47471848795356,-16.937137119658924,-102.22387763152527,118.39568893929584,-11.347475315540274,-4.438141784490714e-6,12.48046875,-14.94140625,-102.48046875,117.0703125,-12.919921875,0.615234375,-26.3671875,-17.578125,0.0,26.3671875,30.76171875,0.0,19.3,9.6,0.0,-8.6,-9.8,3.2
10.153929948806763,12.403600809890627,-14.704368006123257,-102.81525174362915,117.51966594679104,-12.403600932398156,-5.010441676024384e-6,8.23562791223294,-17.07697623333354,-102.15577509450245,118.50446224256548,-11.119423402493217,-4.264816885729632e-6,12.3046875,-15.1171875,-102.48046875,117.24609375,-12.65625,0.615234375,-26.3671875,-17.578125,0.0,26.3671875,35.15625,0.0,20.2,8.8,0.0,-7.2,-7.4,3.2
10.16059684753418,12.181137576393308,-14.843530326717122,-102.81033068221754,117.65390635094289,-12.181137699823125,-4.828766959972236e-6,7.995875534366537,-17.21665476132028,-102.08395906262942,118.60948659169063,-10.890265797378238,-4.094314445738891e-6,12.216796875,-15.205078125,-102.48046875,117.333984375,-12.392578125,0.615234375,-26.3671875,-17.578125,0.0,26.3671875,35.15625,0.0,21.0,9.6,0.0,-7.8,-6.9,3.2
10.167263984680176,11.957421801171769,-14.982924335307947,-102.8016813080483,117.784650126955,-11.95742192550977,-4.649616559516491e-6,7.755496268508532,-17.35615926492777,-102.00852175680731,118.71083776311559,-10.660046507830138,-3.926622386815556e-6,12.041015625,-15.380859375,-102.48046875,117.509765625,-12.3046875,0.615234375,-26.3671875,-17.578125,0.0,17.578125,35.15625,0.0,21.8,8.8,0.0,-7.8,-10.7,3.2
10.173930883407593,11.732505715637217,-15.122514111307154,-102.78931737490561,117.91187510821291,-11.732505840869118,-4.47306477081938e-6,7.51454480864643,-17.49545701255105,-101.92949098832916,118.80850243564447,-10.428819092666012,-3.761806037635672e-6,11.953125,-15.46875,-102.48046875,117.59765625,-12.041015625,0.615234375,-26.3671875,-17.578125,0.0,17.578125,30.76171875,0.0,22.6,9.7,0.0,-7.2,-8.3,3.2
10.18059778213501,11.506382690382383,-15.262283771724707,-102.77313965730346,118.03546618624563,-11.506382816493364,-4.299246794284384e-6,7.273034150049485,-17.63453592756185,-101.84677838792514,118.90236645429486,-10.196583375612368,-3.6000007801090277e-6,11.77734375,-15.64453125,-102.48046875,117.685546875,-11.77734375,0.615234375,-21.97265625,-17.578125,0.0,17.578125,30.76171875,0.0,23.4,9.7,-0.9,-8.0,-6.9,3.2
10.187265872955322,11.279073955039518,-15.402228563264032,-102.75323599884939,118.15550645140338,-11.279074082015104,-4.128136229956382e-6,7.030970658773499,-17.773397727284415,-101.76046656776447,118.99251798561983,-9.963356270832566,-3.441168266117369e-6,11.6015625,-15.8203125,-102.48046875,117.861328125,-11.513671875,0.615234375,-21.97265625,-21.97265625,0.0,17.578125,30.76171875,0.0,24.2,8.9,-1.7,-7.2,-9.8,3.2
10.19393277168274,11.050697474922623,-15.542273261075412,-102.72962817212725,118.27194245185666,-11.050697602747917,-3.959850055003284e-6,6.788478148061381,-17.91197081049051,-101.67060997732895,119.0789211926417,-9.729258516300732,-3.285412679247793e-6,11.42578125,-15.908203125,-102.48046875,117.94921875,-11.337890625,0.615234375,-21.97265625,-21.97265625,0.0,17.578125,35.15625,0.0,24.3,9.6,-2.5,-6.4,-8.2,3.2
10.200599908828735,10.821209278323554,-15.682425555342785,-102.70221453242041,118.3846802329304,-10.821209406983286,-3.79449351382063e-6,6.545529268260234,-18.05027015635609,-101.57710647761019,119.16147847033281,-9.494251475191682,-3.132840753432533e-6,11.162109375,-16.083984375,-102.48046875,118.037109375,-11.07421875,0.615234375,-26.3671875,-21.97265625,0.0,17.578125,35.15625,0.0,24.3,9.6,-3.4,-7.2,-8.6,3.2
10.207266807556152,10.590686278667423,-15.822648049290184,-102.67109091443334,118.49377823280082,-10.590686408146487,-3.6320717003229057e-6,6.3021885845373635,-18.18826323261947,-101.48006223892196,119.24026062586628,-9.258408839624229,-2.9834427234164003e-6,10.8984375,-16.259765625,-102.48046875,118.125,-10.810546875,0.615234375,-26.3671875,-21.97265625,0.0,13.18359375,35.15625,0.0,24.3,8.8,-4.2,-7.2,-9.9,3.2
10.213933944702148,10.35914897808211,-15.962926473542288,-102.63627104868863,118.59923591267567,-10.359149108365369,-3.472623090160929e-6,6.058475571202259,-18.32593887396031,-101.37949481901904,119.31527200582279,-9.021751181493503,-2.8372494021254528e-6,10.72265625,-16.34765625,-102.48046875,118.212890625,-10.546875,0.615234375,-26.3671875,-21.97265625,0.0,13.18359375,35.15625,0.0,24.1,9.6,-4.2,-6.4,-7.5,3.2
10.220600843429565,10.126622187368705,-16.1032271662192,-102.59766196122648,118.70092663682988,-10.12662231844041,-3.31630047939522e-6,5.814435139799237,-18.46327468083288,-101.2753301188103,119.38639164674919,-8.784310158429074,-2.694410601825102e-6,10.458984375,-16.5234375,-102.48046875,118.212890625,-10.283203125,0.615234375,-35.15625,-21.97265625,0.0,13.18359375,35.15625,0.0,24.1,8.8,-5.1,-8.0,-7.7,3.2
10.227267980575562,9.893148045188209,-16.243535305102828,-102.55535649385024,118.7989284249611,-9.89314817703292,-3.163075650744489e-6,5.57009434270563,-18.60025838646145,-101.1676608561535,119.45370528618542,-8.54612361765796,-2.5548854396465645e-6,10.1953125,-16.69921875,-102.48046875,118.388671875,-10.01953125,0.615234375,-35.15625,-21.97265625,0.0,13.18359375,35.15625,0.0,24.1,8.8,-5.9,-6.4,-9.1,3.2
10.233934879302979,9.65878047879705,-16.38381754480901,-102.50937502564585,118.89322831095463,-9.658780611399202,-3.0130036913560094e-6,5.32550705760426,-18.736860157018924,-101.0565201889339,119.51720928591371,-8.307246052280862,-2.4187192877792157e-6,9.931640625,-16.787109375,-102.48046875,118.388671875,-9.84375,0.615234375,-35.15625,-21.97265625,0.0,13.18359375,35.15625,0.0,23.9,8.7,-6.7,-6.4,-7.5,3.2
10.240612983703613,9.423126612207941,-16.524289805012884,-102.4595356319687,118.9838602883752,-9.42312674555269,-2.8659755817996516e-6,5.08028314914175,-18.873303249121193,-100.94162941556269,119.57688870453357,-8.067283702185424,-2.285824624483769e-6,9.580078125,-16.962890625,-102.48046875,118.564453125,-9.580078125,0.615234375,-39.55078125,-21.97265625,0.0,13.18359375,35.15625,0.0,23.1,8.7,-8.3,-6.4,-7.7,3.2
10.24727988243103,9.187034451928703,-16.664458398296848,-102.40610392624632,119.07059628638262,-9.187034585998997,-2.722456578988811e-6,4.835287360740539,-19.00910804345242,-100.82347589314831,119.63262891290375,-7.82709471139856,-2.1566059548341217e-6,9.31640625,-17.138671875,-102.48046875,118.564453125,-9.404296875,0.615234375,-39.55078125,-21.97265625,0.0,13.18359375,35.15625,0.0,22.3,8.7,-9.1,-7.2,-9.9,3.2
10.253946781158447,8.950146448570692,-16.80453684055871,-102.34901718415344,119.15358709517622,-8.950146583350683,-2.5822361236189108e-6,4.590144151442227,-19.14448526162959,-100.70189524184146,119.68453598252056,-7.586314180481221,-2.0308675053790753e-6,9.052734375,-17.2265625,-102.48046875,118.65234375,-9.228515625,0.615234375,-39.55078125,-21.97265625,0.0,13.18359375,35.15625,0.0,22.2,8.8,-9.9,-6.4,-8.3,3.2
10.26061487197876,8.71243467603652,-16.94452438678844,-102.28817105945578,119.23272762341786,-8.71243481150996,-2.4454301577791356e-6,4.344842516249244,-19.279450680948884,-100.57678655614345,119.73250404097385,-7.3449197956112755,-1.908724243117735e-6,8.61328125,-17.40234375,-102.48046875,118.740234375,-8.876953125,0.615234375,-43.9453125,-21.97265625,0.0,13.18359375,35.15625,0.0,20.6,8.8,-10.8,-6.4,-7.7,3.2
10.267281770706177,8.474039628902766,-17.08435149265329,-102.22368949485153,119.30807226994932,-8.474039765053476,-2.312047205921789e-6,4.0995089890232155,-19.413935060459885,-100.44829892622234,119.7766077938404,-7.103048600638567,-1.7901664890471494e-6,8.349609375,-17.578125,-102.48046875,118.828125,-8.701171875,0.615234375,-43.9453125,-21.97265625,0.0,8.7890625,35.15625,0.0,19.8,8.0,-12.4,-5.4,-10.0,3.2
10.273948907852173,8.23494731128991,-17.224027074681604,-102.15557758984528,119.37963505072547,-8.234947448101835,-2.1820915743176348e-6,3.8541260179912498,-19.547950017929605,-100.31643090576544,119.81686166282608,-6.860685684410984,-1.675192970916889e-6,8.0859375,-17.666015625,-102.48046875,118.916015625,-8.525390625,0.615234375,-43.9453125,-21.97265625,0.0,8.7890625,35.15625,0.0,19.8,8.8,-13.2,-4.6,-8.4,3.2
10.28061580657959,7.995192741066068,-17.363514572796923,-102.08374910470188,119.44729316607206,-7.995192878522577,-2.0557105228620626e-6,3.6087465621511408,-19.68147975954134,-100.1811159447625,119.85315049141943,-6.617872358959812,-1.563945457736462e-6,7.822265625,-17.841796875,-102.48046875,118.916015625,-8.173828125,0.615234375,-48.33984375,-21.97265625,0.0,8.7890625,35.15625,0.0,19.8,8.8,-14.0,-6.4,-8.4,3.2
10.287282943725586,7.754811928776004,-17.502807235692387,-102.00830248831832,119.51113831366155,-7.754812066860875,-1.9328447122294213e-6,3.3633887227244474,-19.814513619752873,-100.04244898933004,119.88557236971272,-6.374639342616879,-1.4563532993818944e-6,7.646484375,-17.9296875,-102.392578125,118.916015625,-7.998046875,0.615234375,-48.33984375,-21.97265625,0.0,8.7890625,35.15625,0.0,20.6,8.8,-14.0,-6.4,-10.7,3.2
10.293949842453003,7.5138590064908755,-17.64187519476094,-101.92926243562106,119.57116531998822,-7.513859145187832,-1.8135306151656634e-6,3.1181043793888095,-19.947025980890427,-99.90046598071518,119.91413139517074,-6.131040621080639,-1.3524431632459391e-6,7.3828125,-18.10546875,-102.392578125,119.00390625,-7.734375,0.615234375,-48.33984375,-21.97265625,4.39453125,8.7890625,35.15625,0.0,19.9,7.9,-15.6,-5.6,-8.3,3.2
10.300616979598999,7.27233788170836,-17.78070119527241,-101.84653446970752,119.62726245343524,-7.272338021000671,-1.6978947668836728e-6,2.872913806944179,-20.079022170080652,-99.7550832099795,119.93871954481651,-5.887085748104069,-1.2523375481774478e-6,7.119140625,-18.28125,-102.3046875,119.00390625,-7.470703125,0.615234375,-35.15625,-21.97265625,4.39453125,8.7890625,35.15625,0.0,19.9,7.9,-15.5,-5.6,-8.6,3.2
10.307284832000732,7.030281771543153,-17.919281149434266,-101.76021646001917,119.67952349572285,-7.0302819114145105,-1.5858700961139277e-6,2.6278318736111235,-20.2104921054014,-99.60639405382943,119.95943638901247,-5.642802462992526,-1.1559587389646753e-6,6.943359375,-18.369140625,-102.216796875,119.091796875,-7.20703125,0.615234375,-35.15625,-21.97265625,4.39453125,0.0,35.15625,0.0,20.7,8.7,-15.5,-5.6,-9.9,3.2
10.313952922821045,6.787744689400373,-18.05758645765305,-101.67033437657277,119.72794581744641,-6.787744829834439,-1.4774869404413653e-6,2.382909644650731,-20.34141144535305,-99.45443518304808,119.97628845744536,-5.398244398287649,-1.063327339333056e-6,6.6796875,-18.45703125,-102.216796875,119.091796875,-6.943359375,0.615234375,-35.15625,-21.97265625,8.7890625,0.0,43.9453125,0.0,20.0,8.9,-17.1,-5.6,-7.5,3.2
10.320714950561523,6.541333227590487,-18.1975260587942,-101.57545903339269,119.7730091588777,-6.541333368577982,-1.3714367306390431e-6,2.134750365191431,-20.473606487872495,-99.29692732844471,119.98931796699239,-5.14999997164778,-9.733524136274752e-7,6.50390625,-18.6328125,-102.12890625,119.091796875,-6.6796875,0.615234375,-30.76171875,-21.97265625,8.7890625,0.0,43.9453125,0.0,20.8,8.1,-16.9,-5.6,-6.8,3.2
10.327382802963257,6.2979517320580936,-18.335196477583803,-101.47834536328085,119.81356500317003,-6.297951873574805,-1.2705909703453847e-6,1.8902862905242577,-20.603377802643944,-99.13836580689666,119.99827506980674,-4.905018325216258,-8.884468297626483e-7,6.328125,-18.80859375,-102.041015625,119.1796875,-6.50390625,0.615234375,-30.76171875,-17.578125,8.7890625,8.7890625,43.9453125,0.0,20.8,8.1,-17.7,-4.8,-9.9,3.2
10.334054946899414,6.054049274200482,-18.472618332206114,-101.37763711106568,119.85027770009602,-6.054049416230307,-1.1734174132253108e-6,1.6459364311916196,-20.732644918662338,-98.97648769178436,120.00336446256576,-4.659720821549437,-8.073037435497253e-7,6.15234375,-18.984375,-101.865234375,119.1796875,-6.240234375,0.615234375,-30.76171875,-17.578125,13.18359375,8.7890625,35.15625,0.0,22.5,7.9,-17.7,-4.8,-6.9,3.2
10.340722799301147,5.80996789420867,-18.60958772644209,-101.27338902514917,119.88299810309846,-5.8099680367344355,-1.0801590100328647e-6,1.4020566558149015,-20.861238796813364,-98.81144095548336,120.00448460286863,-4.41445608318315,-7.30138784748515e-7,5.9765625,-19.072265625,-101.77734375,119.1796875,-5.9765625,0.615234375,-30.76171875,-17.578125,13.18359375,8.7890625,35.15625,0.0,22.5,7.9,-17.8,-4.8,-4.5,3.2
10.34739089012146,5.565587594904397,-18.746190328317113,-101.16564621717421,119.91185699134641,-5.565587737909752,-9.906647563209714e-7,1.158505881932539,-20.989226770693023,-98.6432262035952,120.00175149917484,-4.16909688759771,-6.568013746030652e-7,5.80078125,-19.16015625,-101.689453125,119.1796875,-5.888671875,0.615234375,-30.76171875,-21.97265625,13.18359375,0.0,35.15625,0.0,22.5,7.9,-17.8,-4.8,-6.1,3.2
10.354060888290405,5.320881930105112,-18.8824423165294,-101.05438557261732,119.93684742888836,-5.320882073573798,-9.049422744640672e-7,0.9152566822882838,-21.116634026787075,-98.47181203992126,119.99515692072448,-3.923616618597549,-5.872951176494175e-7,5.625,-19.423828125,-101.6015625,119.1796875,-5.712890625,0.615234375,-30.76171875,-21.97265625,13.18359375,0.0,21.97265625,0.0,23.5,7.1,-18.6,-4.8,-11.0,3.2
10.360727787017822,5.076065649166576,-19.018214661500785,-100.93962129425589,119.9578545897042,-5.0760657930816135,-8.231657750125871e-7,0.6725344997476461,-21.24336380163353,-98.29727194862888,119.98461698172943,-3.6782349359477777,-5.217748067281698e-7,5.44921875,-19.51171875,-101.513671875,119.1796875,-5.625,0.615234375,-21.97265625,-21.97265625,13.18359375,0.0,21.97265625,0.0,24.3,7.1,-19.2,-4.8,-14.2,3.2
10.367395877838135,4.831023461331596,-19.153589846635803,-100.8213925877602,119.97500016239013,-4.831023605676789,-7.451903978425052e-7,0.4302042930040193,-21.369478079488076,-98.11960266195872,119.970239004321,-3.432829746261918,-4.600964268956184e-7,5.361328125,-19.599609375,-101.337890625,119.1796875,-5.2734375,0.615234375,-21.97265625,-21.97265625,13.18359375,0.0,21.97265625,0.0,25.1,7.9,-18.4,-4.8,-12.5,3.2
10.374063968658447,4.585833990352201,-19.288526826693627,-100.69972595943784,119.98826960827385,-4.58583413511127,-6.710541466243159e-7,0.18834231690937545,-21.49494934264369,-97.93884765374044,119.95202055208159,-3.187479572262376,-4.02287086642831e-7,5.009765625,-19.775390625,-101.25,119.1796875,-4.833984375,0.615234375,-21.97265625,-21.97265625,17.578125,0.0,39.55078125,0.0,25.0,7.3,-19.2,-4.8,-7.3,3.2
10.380732774734497,4.340504334196421,-19.423013456459206,-100.5745410767529,119.99757044961262,-4.340504479352784,-6.008542376225798e-7,-0.05303303910214224,-21.619791121423308,-97.7549342495789,119.92987325722616,-2.942195558913797,-3.484380651722365e-7,4.74609375,-19.951171875,-101.07421875,119.1796875,-4.39453125,0.615234375,-30.76171875,-21.97265625,17.578125,0.0,39.55078125,0.0,24.2,7.3,-19.3,-4.8,-3.3,3.2
10.387399911880493,4.095161103026235,-19.55699925774683,-100.44599438973535,120.00300865866828,-4.09516124856368,-5.345178493608905e-7,-0.29381775873030735,-21.743939775357035,-97.5680350119397,119.90391950885058,-2.6970977759583743,-2.9846196983707664e-7,4.5703125,-20.0390625,-100.986328125,119.1796875,-4.306640625,0.615234375,-30.76171875,-21.97265625,17.578125,0.0,39.55078125,0.0,25.0,7.3,-19.3,-4.8,-4.4,3.2
10.39406681060791,3.8497864741139702,-19.690497555657434,-100.31406667417896,120.00457833623851,-3.8497866200163906,-4.7204713490104747e-7,-0.5340315057136579,-21.86741911055902,-97.37812385168567,119.87415292951748,-2.4521679630577538,-2.523565992436721e-7,4.306640625,-20.21484375,-100.810546875,119.1796875,-4.130859375,0.615234375,-30.76171875,-21.97265625,21.97265625,0.0,39.55078125,0.0,24.7,6.2,-19.3,-4.8,-9.3,3.2
10.400733947753906,3.6043984940312104,-19.82349181891425,-100.17868520905893,120.00219023006693,-3.6043986402822146,-4.1353553169559634e-7,-0.773646132237345,-21.990239489167003,-97.18513750835479,119.84048967964219,-2.207427876605748,-2.1020847758662898e-7,4.04296875,-20.390625,-100.72265625,119.1796875,-3.955078125,0.615234375,-39.55078125,-17.578125,21.97265625,0.0,39.55078125,0.0,24.7,6.2,-20.9,-4.8,-8.5,3.2
10.407400846481323,3.359050197980694,-19.955972498374443,-100.03996962367499,119.99595442045845,-3.359050344564385,-3.588844984932193e-7,-1.012630152823667,-22.11237385118718,-96.98919404017795,119.80304648399095,-1.9629239360069008,-1.7191006211384146e-7,3.779296875,-20.478515625,-100.546875,119.1796875,-3.779296875,0.615234375,-39.55078125,-17.578125,21.97265625,0.0,39.55078125,0.0,23.9,6.2,-20.1,-4.0,-7.0,3.2
10.414069890975952,3.113688509912562,-20.08797229889515,-99.89787676914165,119.98586046315761,-3.1136886568131943,-3.0808877042586073e-7,-1.2510372266902072,-22.233863888086198,-96.79023532472681,119.76180783083443,-1.7186028451125746,-1.3745422489653157e-7,3.515625,-20.654296875,-100.37109375,119.1796875,-3.603515625,0.615234375,-35.15625,-17.578125,17.578125,0.0,26.3671875,0.0,24.0,5.6,-20.1,-4.0,-10.8,3.2
10.42073678970337,2.868508908399833,-20.219380736875024,-99.75243787526207,119.9718291050618,-2.8685090556011774,-2.612723802929642e-7,-1.4886676499446785,-22.35463434263658,-96.58834245855272,119.71672228235045,-1.47466275542501,-1.0694609756043121e-7,3.1640625,-20.7421875,-100.283203125,119.1796875,-3.251953125,0.615234375,-35.15625,-21.97265625,17.578125,0.0,26.3671875,0.0,23.2,6.4,-20.8,-4.0,-7.6,3.2
10.427404880523682,2.623420694205607,-20.35026604776043,-99.60368988025199,119.95396551945424,-2.623420841692122,-2.183030276227852e-7,-1.7256296506477686,-22.47472831846973,-96.38351748871759,119.66788307688577,-1.2310069013977938,-8.025459964116209e-8,2.8125,-20.830078125,-100.107421875,119.1796875,-2.98828125,0.615234375,-35.15625,-21.97265625,21.97265625,0.0,26.3671875,0.0,21.4,6.4,-20.8,-2.4,-7.6,3.2
10.434071779251099,2.378545890860845,-20.480568129683157,-99.45169452444257,119.93227134521467,-2.378546038616943,-1.7920369536060585e-7,-1.9618076886231597,-22.594102672812205,-96.17584708602978,119.61530875036225,-0.9877560120382852,-5.738937639993901e-8,2.63671875,-21.005859375,-100.01953125,119.1796875,-2.8125,0.615234375,-43.9453125,-21.97265625,21.97265625,0.0,39.55078125,0.0,22.2,6.4,-20.8,-2.4,-11.6,3.2
10.440739870071411,2.133836308273974,-20.610308688413717,-99.29634028563362,119.90665676570961,-2.1338364562839174,-1.44044916519217e-7,-2.1972391542679848,-22.712804216609722,-95.96521272118088,119.55890627842936,-0.7448654864076387,-3.841815299742176e-8,2.28515625,-21.09375,-99.84375,119.1796875,-2.4609375,0.615234375,-43.9453125,-17.578125,21.97265625,0.0,39.55078125,0.0,21.4,6.4,-21.7,-2.4,-9.2,3.2
10.447406768798828,1.889408044156105,-20.73944592106192,-99.13779073029966,119.87724354490804,-1.8894081924046064,-1.1272652030131996e-7,-2.4318324120409978,-22.830773814577405,-95.75179037817412,119.4988112828024,-0.5024440784811033,-2.3228902117075456e-8,2.109375,-21.181640625,-99.755859375,119.1796875,-2.28515625,0.615234375,-43.9453125,-17.578125,21.97265625,0.0,39.55078125,0.0,21.4,6.4,-21.7,-1.6,-8.6,3.2
10.454075813293457,1.6451728625492708,-20.868032171184787,-98.97597488054134,119.84401304811132,-1.6451730110212357,-8.523644540357922e-8,-2.6656746451061695,-22.948071543989297,-95.5354861438185,119.43499535380182,-0.26040365408683747,-1.1810334873452108e-8,1.7578125,-21.357421875,-99.580078125,119.1796875,-1.845703125,0.615234375,-43.9453125,-17.578125,21.97265625,0.0,43.9453125,0.0,20.6,6.4,-22.5,-0.8,-8.0,3.2
10.46074390411377,1.4012852947392078,-20.99598342195572,-98.81091316287393,119.80690168554719,-1.4012854434192192,-6.166572202192671e-8,-2.898609341015327,-23.06464797390926,-95.31635834618743,119.36741697928431,-0.018900438298456126,-4.237168194498664e-9,1.494140625,-21.4453125,-99.31640625,119.1796875,-1.494140625,0.615234375,-43.9453125,-17.578125,21.97265625,0.0,43.9453125,0.0,20.6,6.4,-21.8,-0.8,-4.8,3.2
10.467410802841187,1.1577790507125818,-21.123302054319346,-98.64271966754544,119.76602592849304,-1.157779199585768,-4.189674271302856e-8,-3.13062443082467,-23.1804833246713,-95.09451474979176,119.2961957545206,0.22203873427757911,-3.8612076537054486e-10,1.318359375,-21.533203125,-99.228515625,119.1796875,-1.318359375,0.615234375,-43.9453125,-17.578125,21.97265625,0.0,43.9453125,0.0,20.6,6.4,-22.6,-0.0,-4.3,3.2
10.474077939987183,0.9146354832920892,-21.25000445182754,-98.47136858273389,119.72137634857846,-0.914635632343717,-2.59225288830131e-8,-3.361740574403446,-23.295605151267807,-94.86992197219901,119.22132099828065,0.4624330921690196,-2.465754649757606e-10,0.966796875,-21.708984375,-99.052734375,119.1796875,-1.23046875,0.615234375,-39.55078125,-17.578125,26.3671875,0.0,39.55078125,0.0,19.9,6.3,-22.6,-0.0,-9.3,3.2
10.4807448387146,0.671914281659372,-21.376058313929043,-98.29682126928212,119.67288200628379,-0.6719144308745127,-1.3814188427423768e-8,-3.5918932392903082,-23.410011445255805,-94.64255721193739,119.14273171683321,0.7022208063134023,-3.879581586221207e-9,0.791015625,-21.884765625,-98.876953125,119.1796875,-0.966796875,0.615234375,-39.55078125,-17.578125,26.3671875,0.0,39.55078125,0.0,20.7,5.5,-22.5,-0.0,-6.9,3.2
10.487411975860596,0.42961975216173953,-21.50148126368311,-98.11917041291304,119.62065321037156,-0.4296199015260245,-5.451003373819084e-9,-3.8210979666148503,-23.523695317339655,-94.41250065703404,119.06053740960668,0.941404041447921,-1.1161285585606668e-8,0.615234375,-21.97265625,-98.7890625,119.1796875,-0.791015625,0.615234375,-39.55078125,-17.578125,26.3671875,0.0,39.55078125,0.0,20.7,5.5,-23.3,-0.0,-6.9,3.2
10.494089841842651,0.18740510405933064,-21.62645898729697,-97.9381385194365,119.56459815155485,-0.18740525355869764,-8.230361771301649e-10,-4.049684302511031,-23.636837529115184,-94.17939706518474,118.97460446505927,1.1803254642224017,-2.209928694105541e-8,0.3515625,-22.060546875,-98.525390625,119.1796875,-0.615234375,0.615234375,-30.76171875,-17.578125,21.97265625,0.0,26.3671875,0.0,20.8,6.4,-23.3,-0.0,-10.0,3.2
10.500757932662964,-0.05394256898685812,-21.750585581955708,-97.75423428842312,119.50481962944642,0.05394241936703403,-6.156287793075313e-12,-4.2769023489849385,-23.749097817673285,-93.94392649172724,118.88513508395334,1.4182061197014448,-3.6712688036137866e-8,0.087890625,-22.236328125,-98.349609375,119.1796875,-0.3515625,0.615234375,-30.76171875,-17.578125,21.97265625,0.0,26.3671875,0.0,20.8,5.6,-23.2,-0.0,-7.6,3.2
10.507425785064697,-0.29475122383730945,-21.874050292762423,-97.56730449380525,119.44135366184624,0.294751074110904,-2.869173529225482e-9,-4.503081321101284,-23.8606236066743,-93.7058517994174,118.79212316061643,1.6553759946872408,-5.4889198927043725e-8,-0.087890625,-22.32421875,-98.173828125,119.1796875,-0.087890625,0.615234375,-30.76171875,-17.578125,21.97265625,0.0,26.3671875,0.0,20.8,5.6,-23.2,-0.0,-6.9,3.2
10.51409387588501,-0.5350051381127231,-21.99685273996635,-97.37734492748329,119.3741956609311,0.5350049882934872,-9.402947396847856e-9,-4.728209213954989,-23.971428349300446,-93.46516854101844,118.69556675183587,1.8918203863005,-7.661419087426151e-8,-0.263671875,-22.412109375,-97.998046875,119.1796875,0.087890625,0.615234375,-30.76171875,-17.578125,26.3671875,0.0,35.15625,0.0,21.7,6.4,-24.0,-0.0,-9.9,3.2
10.520761966705322,-0.7746517431994673,-22.118967734415264,-97.1843197777591,119.30328462601122,0.7746515933012661,-1.965948809125057e-8,-4.952230487814812,-24.081515730196134,-93.22185347963233,118.59541334507117,2.1274852870865635,-1.0193021374834066e-7,-0.439453125,-22.587890625,-97.822265625,119.1796875,0.439453125,0.615234375,-30.76171875,-17.578125,26.3671875,0.0,35.15625,0.0,22.5,5.6,-24.1,-0.0,-7.5,3.2
10.527431964874268,-1.0137443030187174,-22.240441709537215,-96.98827332255127,119.22871126820964,1.0137441530548594,-3.352009344760592e-8,-5.175213594744543,-24.19090296434193,-92.9759270056862,118.49174533886138,2.3624292495055452,-1.3072026533760722e-7,-0.615234375,-22.67578125,-97.646484375,119.1796875,0.615234375,0.615234375,-30.76171875,-17.578125,26.3671875,0.0,35.15625,0.0,21.7,5.6,-24.1,0.8,-6.9,3.2
10.534099817276001,-1.2521050625426153,-22.36119258856852,-96.78933394195421,119.15052189148008,1.2521049125263188,-5.096307256765228e-8,-5.39699553360769,-24.2995302831891,-92.72755090391695,118.38463118977542,2.596478414377114,-1.62947248069993e-7,-0.791015625,-22.763671875,-97.470703125,119.1796875,0.87890625,0.615234375,-26.3671875,-17.578125,26.3671875,0.0,39.55078125,0.0,23.4,6.4,-24.9,3.2,-9.1,3.2
10.54077696800232,-1.4900974722767153,-22.48140690933883,-96.58711637013707,119.06851776645385,1.4900973222212106,-7.20680571891288e-8,-5.617907962428257,-24.40759139637077,-92.4762659253736,118.27383001110033,2.829987325074354,-1.9870712368769134e-7,-0.966796875,-22.8515625,-97.20703125,119.1796875,1.142578125,0.615234375,-26.3671875,-17.578125,26.3671875,0.0,39.55078125,0.0,23.4,6.4,-24.0,3.5,-6.7,3.2
10.547443866729736,-1.7270131975958372,-22.600746147114464,-96.38231244661841,118.98305221049299,1.7270130475139298,-9.664770354147701e-8,-5.837312096843761,-24.51475635920805,-92.22289731594883,118.15977872290757,3.0622672201850847,-2.3776791699230212e-7,-1.142578125,-23.02734375,-97.119140625,119.1796875,1.318359375,0.615234375,-26.3671875,-17.578125,26.3671875,0.0,39.55078125,0.0,23.4,5.6,-24.8,4.8,-6.0,3.2
10.554111957550049,-1.9632280274941474,-22.71940884156169,-96.17458430760516,118.89398589806221,1.9632278773984395,-1.2472180093378443e-7,-6.055559486492637,-24.621218938714584,-91.9670259934239,118.04229286699086,3.293687629425904,-2.8016847337767803e-7,-1.40625,-23.115234375,-96.85546875,119.1796875,1.58203125,0.615234375,-26.3671875,-17.578125,30.76171875,0.0,35.15625,0.0,23.4,5.6,-24.8,5.6,-9.0,3.2
10.560779809951782,-2.198646792971925,-22.837351487158905,-95.96394199541233,118.80128536627218,2.198646642875067,-1.563187267434197e-7,-6.272557269526461,-24.726964746059895,-91.70868172577816,117.92135196595252,3.5241535392299994,-3.259254916249461e-7,-1.669921875,-23.203125,-96.6796875,119.1796875,1.845703125,0.615234375,-30.76171875,-17.578125,30.76171875,0.0,35.15625,0.0,23.4,6.4,-25.8,7.4,-11.4,3.2
10.567447900772095,-2.4332775248379037,-22.954596738128462,-95.75046594150982,118.70505370076529,2.4332773747520253,-1.9131717204621873e-7,-6.488330814195147,-24.831988462087143,-91.44793122338733,117.79705588899051,3.7536788211750256,-3.7491765338095136e-7,-1.845703125,-23.291015625,-96.50390625,119.091796875,2.109375,0.615234375,-30.76171875,-17.578125,30.76171875,0.0,35.15625,0.0,24.2,6.4,-25.8,8.2,-10.8,3.2
10.574118852615356,-2.667180210255885,-23.071183450997648,-95.53407846403174,118.6052520759551,2.667180060192986,-2.297138726485514e-7,-6.702937470322663,-24.936340111700957,-91.1846811872808,117.66935887188987,3.9823228162463082,-4.2714124724445807e-7,-2.109375,-23.466796875,-96.240234375,119.00390625,2.548828125,0.615234375,-35.15625,-17.578125,26.3671875,0.0,43.9453125,0.0,24.0,6.5,-26.6,7.2,-5.9,3.2
10.580786943435669,-2.900109819684297,-23.186994982522734,-95.31493444146236,118.50191872795133,2.9001096696563717,-2.7150163411433914e-7,-6.916148077487016,-25.039939325667238,-90.91913541284623,117.53832964448105,4.209844448329399,-4.825688618416627e-7,-2.373046875,-23.642578125,-95.9765625,118.916015625,2.8125,0.615234375,-35.15625,-17.578125,26.3671875,-13.18359375,43.9453125,0.0,23.2,5.7,-25.7,6.4,-3.5,3.2
10.587453842163086,-3.132119682172011,-23.30207626306609,-95.09307474512313,118.3951394582256,3.1321195321905444,-3.165644186688176e-7,-7.128029456377837,-25.142800339509808,-90.65131217543467,117.40404516031836,4.436301864213857,-5.41087736217832e-7,-2.63671875,-23.73046875,-95.888671875,118.828125,2.98828125,0.615234375,-35.15625,-17.578125,26.3671875,-13.18359375,43.9453125,0.0,22.4,5.7,-26.5,6.2,-3.6,3.2
10.594122886657715,-3.363294585969728,-23.416478798515485,-94.86839593736588,118.28486233467974,3.3632944360460795,-3.6490262382068623e-7,-7.338661393666522,-25.244984721948555,-90.38108753910232,117.26644345680258,4.661778564151852,-6.026994459665765e-7,-2.900390625,-23.818359375,-95.537109375,118.65234375,3.076171875,0.615234375,-39.55078125,-17.578125,35.15625,-13.18359375,35.15625,0.0,23.0,5.5,-26.5,8.3,-8.4,3.2
10.600790977478027,-3.5934825189169217,-23.53013379009976,-94.64097375752297,118.17109429840357,3.593482369062418,-4.1651300714479993e-7,-7.547901289926415,-25.34645425447232,-90.10856670771778,117.12555049843156,4.8861248343801424,-6.673863848833437e-7,-3.251953125,-23.994140625,-95.361328125,118.4765625,3.251953125,0.615234375,-39.55078125,-21.97265625,35.15625,-21.97265625,35.15625,0.0,21.4,5.5,-27.2,8.3,-11.6,3.2
10.607459783554077,-3.8227384211530753,-23.64308601625757,-94.41084250733049,118.05391442935708,3.8227382713785643,-4.712851425659008e-7,-7.755816293575339,-25.447222657762524,-89.8337618218255,116.98143629160784,5.109400034685401,-7.350418323733132e-7,-3.515625,-24.08203125,-95.09765625,118.30078125,3.603515625,0.615234375,-39.55078125,-21.97265625,35.15625,-21.97265625,35.15625,0.0,21.5,5.6,-27.2,8.0,-10.2,3.2
10.614126920700073,-4.050949906980718,-23.755290037764066,-94.17809318785538,117.93336828977283,4.050949757296862,-5.291726383483862e-7,-7.962306938792845,-25.54726507495816,-89.55678195774207,116.83415942312809,5.331495511191512,-8.056095994951553e-7,-3.779296875,-24.169921875,-94.921875,118.125,3.8671875,0.615234375,-43.9453125,-21.97265625,35.15625,-21.97265625,30.76171875,0.0,20.7,5.6,-28.0,7.2,-8.4,3.2
10.620794773101807,-4.278154689326175,-23.86677187984291,-93.94261782767927,117.80937393328719,4.278154539743632,-5.90206752767082e-7,-8.167403813582826,-25.64662717738307,-89.27751089421572,116.68363431364662,5.55244673074767,-8.791176406072229e-7,-4.04296875,-24.2578125,-94.74609375,117.94921875,4.21875,0.615234375,-43.9453125,-13.18359375,35.15625,-26.3671875,30.76171875,0.0,20.7,6.4,-28.9,6.4,-5.2,3.2
10.627461910247803,-4.504304213301893,-23.977524746280995,-93.7045557341409,117.68206387119653,4.504304063830823,-6.542521373760384e-7,-8.371079861707143,-25.745276580132234,-88.99608629596025,116.52999641459962,5.772212167711489,-9.554290289943104e-7,-4.306640625,-24.345703125,-94.482421875,117.861328125,4.39453125,0.615234375,-43.9453125,-13.18359375,35.15625,-26.3671875,30.76171875,0.0,19.8,6.4,-28.1,6.4,-5.2,3.2
10.63412880897522,-4.729384973968179,-24.087552310095752,-93.46389888930605,117.55143375861213,4.72938482461858,-7.212830465361906e-7,-8.5733253199685,-25.84323210337957,-88.71249887921101,116.37324260668443,5.990779501147883,-1.0345140278095786e-6,-4.658203125,-24.521484375,-94.21875,117.7734375,4.658203125,0.615234375,-39.55078125,-13.18359375,30.76171875,-26.3671875,43.9453125,0.0,19.0,5.6,-28.9,7.2,-5.7,3.2
10.640808820724487,-4.953800501333294,-24.197059515202852,-93.22013426726284,117.41717551201664,4.953800352115396,-7.914474713197936e-7,-8.774497929383438,-25.9406981244163,-88.42615817658401,116.21301880195256,6.208538922885223,-1.1165364943125283e-6,-4.833984375,-24.609375,-93.955078125,117.685546875,4.833984375,0.615234375,-39.55078125,-17.578125,30.76171875,-13.18359375,43.9453125,0.0,19.8,5.6,-29.0,8.0,-7.3,3.2
10.647479772567749,-5.176808313006463,-24.305700350873757,-92.97415631764066,117.27983757305105,5.176808163929592,-8.64392894783956e-7,-8.97394826316295,-26.037339519914525,-88.13808898510638,116.04995654464177,6.424775478266747,-1.2011061743930821e-6,-5.09765625,-24.697265625,-93.779296875,117.59765625,4.921875,0.615234375,-39.55078125,-17.578125,30.76171875,-13.18359375,43.9453125,0.0,19.1,6.5,-29.0,10.6,-9.8,3.2
10.654146909713745,-5.398556666576421,-24.413557972447414,-92.72578527485449,117.13932333090199,5.398556517649829,-9.40138005209017e-7,-9.171812033967722,-26.133247193003285,-87.84807930561233,115.88394148304928,6.639633992046502,-1.2882467082910926e-6,-5.2734375,-24.873046875,-93.515625,117.509765625,5.185546875,0.615234375,-35.15625,-17.578125,39.55078125,-13.18359375,26.3671875,0.0,19.9,5.7,-29.8,9.6,-7.2,3.2
10.660813808441162,-5.619123414197146,-24.520679639460994,-92.47487222424641,116.99553113013468,5.619123265430085,-1.0187158378916727e-6,-9.368156449223024,-26.228483056870676,-87.55596375307393,115.71486322271414,6.853189141652767,-1.3779904140392455e-6,-5.537109375,-24.9609375,-93.1640625,117.333984375,5.537109375,0.615234375,-35.15625,-17.578125,39.55078125,-17.578125,26.3671875,0.0,19.1,5.7,-28.8,8.0,-4.0,3.2
10.66748595237732,-5.838693835809102,-24.627170732323773,-92.22129108740546,116.8484402720594,5.838693687210521,-1.1000761923839887e-6,-9.563161690519257,-26.323114387974208,-87.26157175358132,115.54267701654703,7.065625534520649,-1.4702982482610273e-6,-5.712890625,-25.13671875,-92.900390625,117.158203125,5.625,0.615234375,-35.15625,-17.578125,35.15625,-17.578125,26.3671875,0.0,20.0,3.8,-28.8,7.7,-6.0,3.2
10.674152851104736,-6.0568931574373055,-24.73286019979537,-91.96544718479434,116.69828502726959,6.056893009015726,-1.184057436410661e-6,-9.756496602674073,-26.41700586247363,-86.96537465794418,115.36765940996113,7.276581176610728,-1.5649868733482012e-6,-5.888671875,-25.13671875,-92.724609375,116.982421875,5.712890625,0.615234375,-30.76171875,-17.578125,35.15625,-17.578125,30.76171875,0.0,20.0,4.6,-28.8,9.9,-10.1,3.2
10.680822849273682,-6.273953743788493,-24.83787060309509,-91.70700595190249,116.54485339158778,6.273953595552556,-1.2707518982165024e-6,-9.948364848636164,-26.51028529811834,-86.66699293459718,115.1895719583434,7.48627999675584,-1.6621554647368754e-6,-6.064453125,-25.224609375,-92.548828125,116.71875,5.9765625,0.615234375,-30.76171875,-13.18359375,35.15625,-17.578125,30.76171875,0.0,20.0,4.6,-29.7,8.3,-7.7,3.2
10.687492847442627,-6.4897815674471655,-24.942171170736213,-91.44616656908742,116.3883137742363,6.489781419405018,-1.3600052714479687e-6,-10.138698354932359,-26.60289895333318,-86.36663349055507,115.00859084525206,7.6946363206527675,-1.7616474692722444e-6,-6.328125,-25.3125,-92.28515625,116.54296875,6.15234375,0.615234375,-30.76171875,-13.18359375,35.15625,-30.76171875,30.76171875,0.0,19.2,4.6,-29.7,6.1,-5.3,3.2
10.694162845611572,-6.704347345264933,-25.04575869824025,-91.18293510077905,116.22866903525882,6.704347197424553,-1.451781606133621e-6,-10.327472716032723,-26.69486094889026,-86.06430419973987,114.82472157843642,7.9016224092865075,-1.863422664303661e-6,-6.50390625,-25.48828125,-91.93359375,116.3671875,6.328125,0.615234375,-26.3671875,-13.18359375,39.55078125,-30.76171875,26.3671875,0.0,19.2,3.9,-28.9,4.5,-3.7,3.2
10.700829982757568,-6.917519860589712,-25.14858048758066,-90.91741347542938,116.06596840554755,6.91751971295888,-1.5460215961969624e-6,-10.514570655928512,-26.786142180075775,-85.76012862850135,114.63802800837954,8.107111113283102,-1.967411426356436e-6,-6.6796875,-25.576171875,-91.669921875,116.19140625,6.416015625,0.615234375,-26.3671875,-17.578125,39.55078125,-26.3671875,26.3671875,0.0,19.2,3.9,-27.9,2.9,-2.9,3.2
10.707496881484985,-7.129393609516038,-25.250696135843224,-90.6495766611237,115.90024644992832,7.129393462102214,-1.6426479824293828e-6,-10.70009024814228,-26.876769519918255,-85.45405523550204,114.44853103367952,8.311198733334134,-2.0735437244129658e-6,-6.85546875,-25.751953125,-91.40625,116.103515625,6.50390625,0.615234375,-26.3671875,-17.578125,35.15625,-26.3671875,13.18359375,0.0,19.3,2.3,-27.9,5.3,-7.1,3.2
10.714163780212402,-7.33994772318812,-25.352106754018735,-90.37942153556043,115.73150115715384,7.339947575998602,-1.7416252038222323e-6,-10.884014527135157,-26.966760761483805,-85.14608113112907,114.2562301903237,8.51386567823261,-2.181780407659953e-6,-6.943359375,-25.751953125,-91.142578125,116.103515625,6.50390625,0.615234375,-26.3671875,-17.578125,35.15625,-26.3671875,13.18359375,0.0,20.1,3.1,-27.1,10.4,-12.7,3.2
10.720831871032715,-7.549180152771807,-25.452822429550444,-90.10688808138423,115.55968259729977,7.54918000581382,-1.8429483637213106e-6,-11.066339478359385,-27.0561417345817,-84.83614446140042,114.06107548859674,8.715109293910082,-2.292112287497169e-6,-7.03125,-25.83984375,-91.0546875,116.015625,6.6796875,0.615234375,-26.3671875,-13.18359375,35.15625,-26.3671875,13.18359375,0.0,20.9,2.3,-27.9,12.8,-13.5,3.2
10.727498769760132,-7.757028303789682,-25.552826150538202,-89.83214956843821,115.38494702855239,7.757028157069991,-1.9464709891028358e-6,-11.247025061412485,-27.144871549865396,-84.52442082680635,113.86322715554849,8.914874383001315,-2.4043934383513394e-6,-7.294921875,-25.927734375,-90.703125,115.83984375,7.119140625,0.615234375,-26.3671875,-13.18359375,39.55078125,-8.7890625,13.18359375,0.0,20.9,3.2,-28.7,10.7,-10.0,3.2
10.734165906906128,-7.963509213063299,-25.652137481474234,-89.55515398450227,115.20726200310816,7.963509066588547,-2.0521732985095864e-6,-11.426087288862831,-27.232984020538765,-84.21085167293077,113.66264993668084,9.113177811499098,-2.5186023471792708e-6,-7.470703125,-26.015625,-90.439453125,115.6640625,7.470703125,0.615234375,-26.3671875,-13.18359375,39.55078125,-8.7890625,35.15625,0.0,20.9,3.2,-27.9,10.4,-8.4,3.2
10.740832805633545,-8.168569461488921,-25.750742277500358,-89.27591137043282,115.02662341714773,8.168569315265616,-2.1600198738290382e-6,-11.603477707253813,-27.320482783718248,-83.89545417346261,113.45934519493603,9.309967645511499,-2.6346974771283014e-6,-7.646484375,-26.103515625,-90.17578125,115.3125,7.822265625,0.615234375,-26.3671875,-13.18359375,39.55078125,-30.76171875,35.15625,0.0,20.9,4.0,-28.9,10.4,-7.0,3.2
10.747500896453857,-8.372267261063335,-25.84868076334458,-88.99443511667681,114.84308488564082,8.372267115097676,-2.2699268871053115e-6,-11.779260756899117,-27.40737809470569,-83.57822302763314,113.25335710287177,9.505304621651941,-2.7526009083239855e-6,-7.91015625,-26.19140625,-89.912109375,115.048828125,8.173828125,0.615234375,-26.3671875,-13.18359375,35.15625,-30.76171875,48.33984375,0.0,20.8,4.1,-29.7,10.4,-7.8,3.2
10.754167795181274,-8.574502628004382,-25.945916386258567,-88.71083247730104,114.65671711027076,8.574502482302314,-2.381811014911092e-6,-11.953351083216429,-27.493653551011533,-83.25927962620439,113.04476638818588,9.699093273801079,-2.8722231158012744e-6,-8.0859375,-26.279296875,-89.736328125,114.873046875,8.4375,0.615234375,-30.76171875,-13.18359375,35.15625,-30.76171875,48.33984375,0.0,20.8,4.9,-30.5,11.4,-7.4,3.2
10.76083493232727,-8.775281320675909,-26.042463875448227,-88.42503451879372,114.46746588669515,8.775281175243302,-2.4956636510051e-6,-12.125751553908954,-27.579337741786453,-82.93855161453189,112.83351760990665,9.891338519904862,-2.993552038591754e-6,-8.26171875,-26.3671875,-89.47265625,114.697265625,8.701171875,0.615234375,-30.76171875,-13.18359375,35.15625,-35.15625,48.33984375,0.0,20.8,4.9,-31.4,10.6,-4.3,3.2
10.767501831054688,-8.974605679702044,-26.1383356682812,-88.13713342090261,114.27543583203655,8.974605534544411,-2.6113723835059035e-6,-12.296478040892623,-27.664416635281068,-82.61612270208536,112.61971211554314,10.082047403846556,-3.1164793397410525e-6,-8.525390625,-26.455078125,-89.12109375,114.521484375,8.96484375,0.615234375,-30.76171875,-13.18359375,39.55078125,-35.15625,39.55078125,0.0,20.8,4.9,-31.4,11.0,-5.9,3.2
10.774180889129639,-9.172815650859913,-26.233707037024736,-87.84659449322965,114.08026752687577,9.172815505983127,-2.7291112231804786e-6,-12.465821217444287,-27.749061556492975,-82.29139639294894,112.40295244909481,10.271545123231839,-3.2411886749873183e-6,-8.701171875,-26.54296875,-88.9453125,114.345703125,9.052734375,0.615234375,-30.76171875,-13.18359375,39.55078125,-35.15625,39.55078125,0.0,20.8,4.9,-32.2,13.1,-7.5,3.2
10.780848979949951,-9.369188150168098,-26.328242391552834,-87.55441699823487,113.88262464625655,9.369188005576927,-2.8484356625925373e-6,-12.633161177386675,-27.83298924047461,-81.96549420881875,112.18398032141317,10.45913977935179,-3.367206624036107e-6,-8.96484375,-26.630859375,-88.59375,114.169921875,9.228515625,0.615234375,-30.76171875,-13.18359375,39.55078125,-26.3671875,39.55078125,0.0,20.8,5.7,-32.1,12.3,-5.4,3.2
10.787515878677368,-9.564033415746932,-26.422101324855735,-87.26024737196512,113.68231321806758,9.564033271446233,-2.9694155029535978e-6,-12.798776899341043,-27.916316463156235,-81.63800129087868,111.96256492761496,10.64513279947123,-3.494618461533499e-6,-9.228515625,-26.806640625,-88.2421875,113.818359375,9.404296875,0.615234375,-30.76171875,-13.18359375,39.55078125,-26.3671875,21.97265625,0.0,19.9,4.8,-32.1,11.2,-7.0,3.2
10.794182777404785,-9.757360093583165,-26.51529978954811,-86.9640393426612,113.47930292312608,9.757359949577681,-3.0920243296747857e-6,-12.962676139575935,-27.99907351858991,-81.30886667101728,111.73867387841639,10.829532701069901,-3.6233960896965436e-6,-9.404296875,-26.89453125,-88.06640625,113.73046875,9.4921875,0.615234375,-35.15625,-13.18359375,39.55078125,-26.3671875,21.97265625,0.0,19.1,4.8,-32.1,13.0,-8.3,3.2
10.800850868225098,-9.94916746827662,-26.60785004129438,-86.66573513890155,113.27354824566785,9.949167324571016,-3.2162428991930126e-6,-13.124856241285968,-28.08128458173594,-80.97803018153242,111.51226087355192,11.012338245505877,-3.753517073062177e-6,-9.755859375,-26.982421875,-87.802734375,113.37890625,9.755859375,0.615234375,-35.15625,-17.578125,39.55078125,-39.55078125,21.97265625,0.0,18.3,4.8,-33.0,10.6,-5.3,3.2
10.807517766952515,-10.139406957534188,-26.699738035434862,-86.36550815334074,113.0652085338927,10.139406814132725,-3.3419303512125144e-6,-13.285289212188648,-28.16291292409767,-80.64566625531778,111.28348757803667,11.19350767331648,-3.884843696033309e-6,-10.107421875,-27.158203125,-87.36328125,112.939453125,10.01953125,0.615234375,-35.15625,-17.578125,48.33984375,-39.55078125,30.76171875,0.0,16.5,4.0,-32.2,8.4,-6.1,3.2
10.814185857772827,-10.328120583608504,-26.79099598674371,-86.06325687236401,112.85421448879715,10.328120440515391,-3.469082067247147e-6,-13.444010546256594,-28.24400286716059,-80.31166319705784,111.05227900109422,11.373081160151395,-4.017370729933585e-6,-10.1953125,-27.24609375,-87.1875,112.763671875,10.107421875,0.615234375,-39.55078125,-17.578125,48.33984375,-39.55078125,30.76171875,0.0,17.3,4.0,-33.0,10.4,-7.5,3.2
10.820852994918823,-10.51521360845309,-26.881590915846743,-85.75907528200776,112.64062711739547,10.515213465672298,-3.597612209084443e-6,-13.600938506398096,-28.32453770549681,-79.97612839842043,110.81870532817535,11.550968011300203,-4.15100672501149e-6,-10.458984375,-27.333984375,-86.923828125,112.5,10.283203125,0.615234375,-39.55078125,-17.578125,48.33984375,-43.9453125,30.76171875,0.0,16.5,4.0,-33.7,8.8,-5.3,3.2
10.82751989364624,-10.700728251201674,-26.971551633859722,-85.45299593285822,112.42450778125324,10.700728108736937,-3.727441666937581e-6,-13.75612142849111,-28.40451930082902,-79.63908050035056,110.5828205396785,11.727212854024884,-4.285678747063591e-6,-10.72265625,-27.509765625,-86.484375,112.236328125,10.546875,0.615234375,-39.55078125,-17.578125,43.9453125,-43.9453125,26.3671875,0.0,16.7,3.0,-32.9,8.6,-6.1,3.2
10.834186792373657,-10.884645878903815,-27.06088109904043,-85.1450139844396,112.20585459822172,10.884645736758713,-3.858523610772077e-6,-13.90954357562893,-28.48396551877257,-79.30051478776352,110.34462350617501,11.901798083588835,-4.421337817889611e-6,-10.8984375,-27.509765625,-86.30859375,112.060546875,10.634765625,0.615234375,-30.76171875,-17.578125,43.9453125,-43.9453125,26.3671875,0.0,15.9,3.0,-33.7,10.7,-7.5,3.2
10.840853929519653,-11.066939847491572,-27.14957943222285,-84.83511597012593,111.98465422260543,11.066939705669565,-3.99081483498857e-6,-14.061180503788393,-28.562888445345667,-78.96041973576624,110.10410266690823,12.074697819730915,-4.5579373573220046e-6,-11.07421875,-27.685546875,-85.95703125,111.884765625,10.810546875,0.615234375,-30.76171875,-13.18359375,43.9453125,-30.76171875,26.3671875,0.0,15.9,2.2,-33.6,9.9,-5.3,3.2
10.84752082824707,-11.247620582306022,-27.237659073947942,-84.5233868255464,111.7610040305607,11.247620440810293,-4.124217355786217e-6,-14.211053476382407,-28.64127592559077,-78.61887213711057,109.86135150465633,12.245926319637324,-4.695384915423797e-6,-11.337890625,-27.7734375,-85.517578125,111.533203125,11.07421875,0.615234375,-30.76171875,-13.18359375,43.9453125,-30.76171875,26.3671875,0.0,16.0,2.4,-33.6,9.4,-6.1,3.2
10.854188919067383,-11.426701765100159,-27.32513880845039,-84.20976539956443,111.53486165513375,11.426701623933809,-4.258706966869546e-6,-14.35917333448913,-28.719159406909057,-78.27580574234172,109.61632494543608,12.415496535018058,-4.833655014994304e-6,-11.42578125,-27.861328125,-85.341796875,111.4453125,11.162109375,0.615234375,-26.3671875,-13.18359375,43.9453125,-30.76171875,26.3671875,0.0,16.0,2.4,-34.4,11.4,-7.5,3.2
10.860856771469116,-11.60411230812198,-27.41199720493625,-83.89431704582458,111.30627101944401,11.604112167287905,-4.3942043621331025e-6,-14.505478823488506,-28.796531217366745,-77.93129518097234,109.36907330348495,12.583340495377083,-4.972664325710612e-6,-11.6015625,-27.94921875,-84.990234375,111.181640625,11.337890625,0.615234375,-26.3671875,-17.578125,43.9453125,-30.76171875,26.3671875,0.0,16.0,2.4,-33.7,9.8,-5.3,3.2
10.867523908615112,-11.779864948226447,-27.498246771563394,-83.57712560646988,111.07532847377168,11.779864807727277,-4.5306152906746936e-6,-14.649992937432618,-28.873379745443096,-77.58541615087688,109.11968887124189,12.749474578983177,-5.112324467350091e-6,-11.865234375,-28.037109375,-84.7265625,110.91796875,11.513671875,0.615234375,-26.3671875,-17.578125,43.9453125,-30.76171875,21.97265625,0.0,15.1,2.4,-34.5,10.4,-6.9,3.2
10.874191999435425,-11.953979295820675,-27.583909304639462,-83.25811768114079,110.84198241399221,11.953979155658985,-4.667919483071355e-6,-14.792731070722812,-28.949738762680283,-77.23808932578318,108.8681166906542,12.913917241292097,-5.252614168715276e-6,-11.953125,-28.125,-84.462890625,110.830078125,11.689453125,0.615234375,-26.3671875,-17.578125,43.9453125,-30.76171875,21.97265625,0.0,15.9,2.4,-34.5,12.2,-7.5,3.2
10.880860805511475,-12.126417213164686,-27.668979527946533,-82.93730347773251,110.60623777192855,12.126417073342893,-4.806059127801294e-6,-14.933659299437766,-29.025614298578,-76.88932878475069,108.61436452653844,13.076631746782493,-5.393472579183411e-6,-12.041015625,-28.212890625,-84.111328125,110.56640625,11.953125,0.615234375,-26.3671875,-13.18359375,43.9453125,-35.15625,21.97265625,0.0,16.7,2.4,-34.4,10.6,-4.5,3.2
10.887528896331787,-12.297168199081398,-27.753457508868348,-82.614810775635,110.36822239442427,12.297168059601644,-4.944924630408867e-6,-15.07278098005463,-29.100984162364718,-76.53925905086165,108.35855870756325,13.237612413299022,-5.534795834115466e-6,-12.216796875,-28.30078125,-83.671875,110.21484375,12.12890625,0.615234375,-26.3671875,-13.18359375,48.33984375,-35.15625,30.76171875,0.0,16.9,2.3,-34.4,9.4,-6.9,3.2
10.894195795059204,-12.46619675824657,-27.837337842349413,-82.29066930963666,110.12796061135334,12.466196619110821,-5.084450073746092e-6,-15.210064488889346,-29.175857455225103,-76.18791777371054,108.10072592979395,13.39682565892403,-5.67651634977701e-6,-12.3046875,-28.30078125,-83.49609375,110.0390625,12.216796875,0.615234375,-17.578125,-13.18359375,48.33984375,-35.15625,30.76171875,0.0,16.9,3.1,-34.4,11.4,-7.4,3.2
10.900863885879517,-12.63353328207617,-27.920649098640663,-81.96476375575597,109.88536566887028,12.633533143286385,-5.224629864387026e-6,-15.345527809360918,-29.25026869079529,-75.8351935217806,107.84077505216197,13.554299423672017,-5.818626878691856e-6,-12.392578125,-28.4765625,-83.14453125,109.775390625,12.392578125,0.615234375,-17.578125,-13.18359375,48.33984375,-35.15625,30.76171875,0.0,17.7,2.3,-34.4,10.6,-5.4,3.2
10.907531976699829,-12.799175035466101,-28.003394171692893,-81.63720882244755,109.64055516942187,12.799174897023976,-5.365363726964897e-6,-15.479174869969022,-29.324196599730076,-75.4812124234442,107.57882146365658,13.710035245622208,-5.961033210604045e-6,-12.568359375,-28.564453125,-82.705078125,109.599609375,12.568359375,0.615234375,-17.578125,-13.18359375,48.33984375,-35.15625,21.97265625,0.0,17.7,2.3,-34.4,11.2,-7.0,3.2
10.914199829101562,-12.963092571382262,-28.085570684994103,-81.30802224201773,109.39354446892202,12.963092433289349,-5.506589830796763e-6,-15.61097292789407,-29.39764948602037,-75.12601701189439,107.31488223979466,13.864005169305173,-6.1036720839383085e-6,-12.65625,-28.65234375,-82.529296875,109.423828125,12.65625,0.615234375,-17.578125,-13.18359375,48.33984375,-35.15625,21.97265625,0.0,17.7,1.5,-34.4,13.0,-7.4,3.2
10.920866966247559,-13.125245618748597,-28.167171940844703,-80.97722947816735,109.14435233353208,13.125245481006292,-5.648240528794696e-6,-15.740877490967243,-29.47062641184338,-74.76966617141628,107.0489790318153,14.016170675430493,-6.2464737457421425e-6,-12.83203125,-28.65234375,-82.177734375,109.072265625,12.919921875,0.615234375,-17.578125,-8.7890625,48.33984375,-35.15625,21.97265625,0.0,17.7,2.3,-35.2,11.4,-4.5,3.2
10.927534818649292,-13.285697654344292,-28.248232988263556,-80.64481445068981,108.8929977318509,13.285697516953881,-5.790275544456838e-6,-15.868941658646866,-29.5431320242124,-74.41216034407617,106.78112187325557,14.1665954167986,-6.389404770663982e-6,-13.0078125,-28.828125,-81.73828125,108.80859375,13.095703125,0.615234375,-17.578125,-8.7890625,48.33984375,-35.15625,26.3671875,0.0,17.6,1.7,-34.4,11.2,-6.1,3.2
10.934204816818237,-13.444458715313411,-28.32877155215296,-80.31071075142951,108.63943198059324,13.444458578276137,-5.932667781901667e-6,-15.995159856570437,-29.61518954616536,-74.05346893778645,106.51125973964709,14.315288328883344,-6.532436933973602e-6,-13.18359375,-28.828125,-81.474609375,108.544921875,13.18359375,0.615234375,-26.3671875,-8.7890625,48.33984375,-35.15625,26.3671875,0.0,16.8,2.5,-34.4,12.0,-6.7,3.2
10.940874814987183,-13.60144914009227,-28.408760977889767,-79.97502765995202,108.38373770501664,13.601449003409119,-6.075312503493799e-6,-16.119452667524193,-29.686777036640883,-73.69375821932513,106.23948215326847,14.462173971120565,-6.6754634860033294e-6,-13.359375,-28.916015625,-81.123046875,108.28125,13.359375,0.615234375,-26.3671875,-13.18359375,48.33984375,-39.55078125,26.3671875,0.0,16.8,2.5,-34.4,11.2,-4.5,3.2
10.947541952133179,-13.75663240047021,-28.488184434477507,-79.63796317603001,108.1260960740729,13.75663226414186,-6.218082382301069e-6,-16.24179194321002,-29.757850238575074,-73.33327116141929,105.96597173611899,14.60722229866566,-6.818363792113834e-6,-13.53515625,-29.00390625,-80.771484375,107.9296875,13.53515625,0.615234375,-26.3671875,-13.18359375,48.33984375,-39.55078125,21.97265625,0.0,16.7,2.3,-35.2,10.4,-6.1,3.2
10.95421290397644,-13.910140131040425,-28.567122011149735,-79.29918506746075,107.86625494428944,13.91013999506779,-6.36106178284665e-6,-16.36226539366527,-29.82848623932745,-72.97170926200538,105.69046229638796,14.75055579580653,-6.961221323934938e-6,-13.623046875,-29.091796875,-80.595703125,107.841796875,13.623046875,0.615234375,-26.3671875,-13.18359375,48.33984375,-39.55078125,21.97265625,0.0,16.7,1.5,-35.2,12.8,-6.7,3.2
10.960879802703857,-14.061765417480064,-28.64548074706005,-78.9590969590337,107.60452498042389,14.061765281863508,-6.504021716234226e-6,-16.48069312456029,-29.898600971902262,-72.60956755140965,105.41328868886276,14.891980521629089,-7.103805991698383e-6,-13.798828125,-29.1796875,-80.15625,107.490234375,13.798828125,0.615234375,-26.3671875,-13.18359375,48.33984375,-39.55078125,21.97265625,0.0,16.7,1.5,-35.3,11.2,-4.5,3.2
10.967549800872803,-14.211701500836005,-28.723361400942125,-78.61738515074791,107.34069324048926,14.211701365576134,-6.6470543577541556e-6,-16.59722655329951,-29.968253588220392,-72.24655424518966,105.13422504519116,15.031680615486362,-7.2462163703028745e-6,-14.0625,-29.267578125,-79.8046875,107.2265625,13.974609375,0.615234375,-26.3671875,-13.18359375,48.33984375,-39.55078125,21.97265625,0.0,15.1,1.6,-36.1,11.2,-6.1,3.2
10.974216938018799,-14.359791025313848,-28.800695061773922,-78.27436039478586,107.07500156627056,14.359790890410817,-6.789972515721581e-6,-16.71172632119359,-30.037386495147544,-71.88307112953709,104.85354175988617,15.169507556498218,-7.388265005958029e-6,-14.150390625,-29.35546875,-79.541015625,107.05078125,14.0625,0.615234375,-26.3671875,-13.18359375,48.33984375,-39.55078125,21.97265625,0.0,15.9,1.6,-36.1,12.8,-6.6,3.2
10.980884790420532,-14.50608973983344,-28.87752400701939,-77.92984443206666,106.80731397594371,14.506089605287489,-6.932791675048217e-6,-16.824218055703,-30.106034566553962,-71.51900760237636,104.57111503705092,15.305509071078193,-7.529965645439182e-6,-14.4140625,-29.443359375,-79.189453125,106.69921875,14.23828125,0.615234375,-26.3671875,-13.18359375,48.33984375,-39.55078125,21.97265625,0.0,14.3,1.6,-36.1,12.0,-4.6,3.2
10.987554788589478,-14.650658748235582,-28.953880482358763,-77.58381138714253,106.5376368395357,14.650658614046888,-7.075485983644514e-6,-16.93475024057957,-30.174194088222215,-71.15438806070219,104.28696513860658,15.439740542414874,-7.67129641191916e-6,-14.677734375,-29.53125,-78.75,106.435546875,14.326171875,0.615234375,-26.3671875,-13.18359375,52.734375,-39.55078125,17.578125,0.0,12.6,0.7,-35.3,9.6,-3.8,3.2
10.994221925735474,-14.793366616397483,-29.029707989541638,-77.23652663811764,106.26617903742698,14.793366482565848,-7.217888326152383e-6,-17.043205719343106,-30.241817858127437,-70.78957732273206,104.00134101738277,15.572071986572942,-7.81208589137861e-6,-14.765625,-29.53125,-78.57421875,106.259765625,14.4140625,0.615234375,-30.76171875,-13.18359375,52.734375,-39.55078125,17.578125,0.0,12.6,1.5,-35.3,8.3,-4.8,3.2
11.000892877578735,-14.934332593499985,-29.105083262312235,-76.88764812338013,105.99267524129381,14.934332460025452,-7.360079434307963e-6,-17.149658320340013,-30.30896988333143,-70.42430800942083,103.7139980024019,15.702604133892901,-7.952405532610632e-6,-14.94140625,-29.619140625,-78.22265625,105.99609375,14.501953125,0.615234375,-30.76171875,-8.7890625,52.734375,-39.55078125,17.578125,0.0,12.6,1.5,-36.0,10.7,-6.6,3.2
11.007560968399048,-15.07344643109656,-29.179946210493284,-76.53757254753043,105.7174620660271,15.073446297979272,-7.501865048621005e-6,-17.254029524854637,-30.375562999098868,-70.0590523904729,103.42531461442597,15.831229671576674,-8.09206143298088e-6,-15.1171875,-29.70703125,-77.87109375,105.732421875,14.58984375,0.615234375,-30.76171875,-8.7890625,48.33984375,-39.55078125,13.18359375,0.0,11.7,0.8,-36.0,10.7,-5.8,3.2
11.014228820800781,-15.210738911991646,-29.254326304713953,-76.18617327149938,105.4404423430787,15.210738779233791,-7.64323853540488e-6,-17.356328886480224,-30.44162745387623,-69.69377026702891,103.1352275661505,15.957966631620256,-8.231036926176253e-6,-15.205078125,-29.794921875,-77.607421875,105.556640625,14.765625,0.615234375,-21.97265625,-8.7890625,48.33984375,-39.55078125,13.18359375,0.0,11.7,0.8,-35.2,10.4,-5.5,3.2
11.020898818969727,-15.346232556231412,-29.328248974108625,-75.83334220556793,105.16153341178892,15.346232423837414,-7.78418395811348e-6,-17.45656170991669,-30.50718219508825,-69.32844097157972,102.84368941850119,16.08282609221958,-8.369306458570474e-6,-15.380859375,-29.8828125,-77.16796875,105.29296875,14.853515625,0.615234375,-21.97265625,-8.7890625,48.33984375,-30.76171875,13.18359375,0.0,11.7,0.8,-35.1,13.1,-6.5,3.2
11.027568817138672,-15.479908949370653,-29.401701992912727,-75.4792538054903,104.88089750225448,15.47990881734668,-7.924602522845279e-6,-17.554726585178887,-30.572184633067952,-68.9632905989988,102.55089220721268,16.205788897587524,-8.506772238700886e-6,-15.46875,-29.970703125,-76.904296875,105.029296875,15.029296875,0.615234375,-21.97265625,-8.7890625,52.734375,-30.76171875,21.97265625,0.0,11.9,0.8,-35.9,16.3,-7.3,3.2
11.034236907958984,-15.61169939679706,-29.474660764587725,-75.12403768373856,104.59863963069424,15.611699265151033,-8.064384427711055e-6,-17.65076589285017,-30.63662027901806,-68.59853785399139,102.25698273061354,16.32678414712596,-8.64331809427708e-6,-15.64453125,-29.970703125,-76.552734375,104.853515625,15.205078125,0.615234375,-17.578125,-8.7890625,52.734375,-30.76171875,21.97265625,0.0,11.1,1.6,-35.9,18.2,-6.5,3.2
11.04092288017273,-15.74195889912744,-29.54733625704329,-74.76667270623335,104.31394962954728,15.741958767870276,-8.203869676703522e-6,-17.744931760122014,-30.700673540500585,-68.23322175180331,101.96115601272015,16.446130334560642,-8.779267270854657e-6,-15.732421875,-30.05859375,-76.201171875,104.58984375,15.380859375,0.615234375,-17.578125,-13.18359375,52.734375,-35.15625,21.97265625,0.0,11.9,0.8,-36.1,15.8,-4.5,3.2
11.047590970993042,-15.870013431585146,-29.619348429258473,-74.40914576297796,104.02843435050144,15.870013300727067,-8.342258622533398e-6,-17.83675661092062,-30.763978748227977,-67.8694045180867,101.66509941850893,16.563211294904754,-8.913842058526515e-6,-15.8203125,-30.146484375,-75.849609375,104.23828125,15.556640625,0.615234375,-17.578125,-13.18359375,43.9453125,-35.15625,26.3671875,0.0,12.1,0.9,-36.9,14.2,-5.3,3.2
11.054257869720459,-15.996154371579701,-29.690872437634066,-74.05061083619478,103.74142293104094,15.996154241133517,-8.47982426843231e-6,-17.92645029555621,-30.826702071773717,-67.50629788188455,101.36815071242955,16.67828902500418,-9.047301903038525e-6,-15.99609375,-30.146484375,-75.5859375,103.974609375,15.64453125,0.615234375,-17.578125,-13.18359375,43.9453125,-35.15625,26.3671875,0.0,11.3,1.7,-36.9,16.0,-5.8,3.2
11.06092882156372,-16.12045112073265,-29.761958735218656,-73.690841669076,103.45273956714902,16.120450990713007,-8.616598881058875e-6,-18.01406527658972,-30.888886808886255,-67.14374332920102,101.07016097356903,16.79142329070369,-9.179672733073683e-6,-16.083984375,-30.234375,-75.234375,103.7109375,15.8203125,0.615234375,-17.578125,-8.7890625,43.9453125,-43.9453125,26.3671875,0.0,11.3,1.7,-37.8,16.0,-3.8,3.2
11.06759786605835,-16.242811117840425,-29.832549471456666,-73.33024476140136,103.16273290845194,16.242810988262615,-8.752407125019299e-6,-18.099560622333343,-30.95045333420793,-66.78217137099934,100.77150410029805,16.902533841360082,-9.31078843178961e-6,-16.083984375,-30.322265625,-74.8828125,103.359375,15.908203125,0.615234375,-17.578125,-8.7890625,52.734375,-43.9453125,17.578125,0.0,12.8,1.5,-37.8,14.4,-5.4,3.2
11.074265003204346,-16.363196810067222,-29.902635705106157,-72.9688815651569,102.8714554658595,16.36319668094791,-8.887169123023135e-6,-18.182913631911987,-31.011408202674897,-66.42171399917666,100.47226725526569,17.011583683841856,-9.44056673004522e-6,-16.171875,-30.41015625,-74.53125,103.095703125,15.99609375,0.615234375,-13.18359375,-8.7890625,52.734375,-43.9453125,17.578125,0.0,12.8,0.7,-37.8,16.0,-5.8,3.2
11.080931901931763,-16.48161075141532,-29.972227964614788,-72.60673460894525,102.57890029643205,16.481610622772493,-9.020841899046363e-6,-18.264135712307272,-31.071761142695046,-66.06241214797548,100.17247202273563,17.11857448461217,-9.5689635704894e-6,-16.259765625,-30.498046875,-74.091796875,102.65625,16.171875,0.615234375,-13.18359375,-8.7890625,52.734375,-48.33984375,17.578125,0.0,12.8,0.7,-36.8,14.4,-3.8,3.2
11.08761477470398,-16.59835361671065,-30.041497983486153,-72.24301534894737,102.28445058868611,16.598353488564214,-9.153697103303674e-6,-18.343459741042633,-31.131632267693675,-65.70349858034069,99.87149821097059,17.22378361597666,-9.696244724004914e-6,-16.259765625,-30.5859375,-73.740234375,102.216796875,16.259765625,0.615234375,-13.18359375,-8.7890625,57.12890625,-48.33984375,17.578125,0.0,13.7,0.8,-36.8,12.0,-6.2,3.2
11.094283819198608,-16.712862492652246,-30.110125050663093,-71.87942137031453,101.98948321898193,16.71286236502107,-9.285057513449366e-6,-18.42050969285974,-31.190761419796512,-65.34671517103108,99.57078528745221,17.326702434608393,-9.82175754436287e-6,-16.34765625,-30.5859375,-73.388671875,101.77734375,16.34765625,0.615234375,-8.7890625,-8.7890625,57.12890625,-48.33984375,17.578125,0.0,13.7,1.6,-37.6,13.4,-6.6,3.2
11.100951910018921,-16.82534008387006,-30.178235276059034,-71.51534044685886,101.69351207025758,16.825339956774876,-9.415105097682246e-6,-18.49543938617115,-31.24925896562214,-64.99150173124595,99.26985967855778,17.427515898975052,-9.945676858681696e-6,-16.5234375,-30.673828125,-73.037109375,101.42578125,16.5234375,0.615234375,-8.7890625,-13.18359375,57.12890625,-61.5234375,17.578125,0.0,12.9,0.8,-37.6,14.6,-4.7,3.2
11.107620000839233,-16.935822590319432,-30.245841234695604,-71.15082160374122,101.39659874258423,16.935822463781438,-9.543813462329975e-6,-18.56830539146759,-31.307108018077848,-64.63790454767717,98.9687892640681,17.5262650997337,-1.006798552548959e-5,-16.611328125,-30.673828125,-72.685546875,100.986328125,16.611328125,0.615234375,-8.7890625,-13.18359375,52.734375,-61.5234375,17.578125,0.0,12.9,1.7,-37.6,13.8,-4.7,3.2
11.114287853240967,-17.044265670771626,-30.312927557886425,-70.78596823600046,101.09883126250969,17.044265544812976,-9.671093381745163e-6,-18.639089168480716,-31.36431540102124,-64.28608179624064,98.66769214216839,17.622911102317154,-1.0188597109444439e-5,-16.69921875,-30.849609375,-72.333984375,100.72265625,16.787109375,0.615234375,-17.578125,-13.18359375,52.734375,-61.5234375,17.578125,0.0,12.9,0.9,-38.5,13.4,-4.8,3.2
11.120954990386963,-17.150639753137188,-30.37948062403202,-70.42090616090678,100.80032182584638,17.150639627780677,-9.796863012913617e-6,-18.707790362419907,-31.420871334605614,-63.93619181616356,98.36670242872759,17.717431476752353,-1.0307436222418606e-5,-16.875,-30.849609375,-71.982421875,100.458984375,16.787109375,0.615234375,-17.578125,-8.7890625,52.734375,-52.734375,17.578125,0.0,12.1,1.7,-37.7,12.8,-6.4,3.2
11.12762188911438,-17.254975173151326,-30.445507342309753,-70.05571504287573,100.50115700609828,17.254975048419944,-9.92109296795877e-6,-18.774463672865558,-31.47675430968836,-63.58829951020996,98.06590849299587,17.80986358271807,-1.0424485082257772e-5,-16.962890625,-30.9375,-71.630859375,100.01953125,16.962890625,0.615234375,-17.578125,-8.7890625,48.33984375,-52.734375,17.578125,0.0,11.8,0.7,-38.5,12.8,-4.8,3.2
11.134290933609009,-17.35726986780206,-30.51101702276063,-69.69036779893548,100.20131903036092,17.357269743719772,-1.004374362809324e-5,-18.839121357532107,-31.531994032656204,-63.24243044124498,97.7653188215045,17.90020782561456,-1.0539706518084153e-5,-17.05078125,-31.025390625,-71.19140625,99.66796875,17.05078125,0.615234375,-17.578125,-8.7890625,48.33984375,-52.734375,17.578125,0.0,11.8,0.7,-37.5,12.0,-4.8,3.2
11.140957832336426,-17.45743914093628,-30.57595791671018,-69.32520933608515,99.90110105732353,17.45743901752715,-1.0164667252190088e-5,-18.90173172735252,-31.586549544728264,-62.898939648351856,97.465244528407,17.988394978718006,-1.0652965895081747e-5,-17.138671875,-31.11328125,-70.927734375,99.4921875,17.138671875,0.615234375,-17.578125,-8.7890625,48.33984375,-48.33984375,17.578125,0.0,11.8,0.7,-38.3,11.8,-4.7,3.2
11.147636890411377,-17.555719506523218,-30.64046998203581,-68.95956496991732,99.59996835953308,17.555719383812693,-1.0284089113904913e-5,-18.962478095538692,-31.640510408157454,-62.55717681979823,97.16515023325539,18.074644499675824,-1.0764485285700966e-5,-17.314453125,-31.11328125,-70.576171875,99.140625,17.2265625,0.615234375,-17.578125,-8.7890625,57.12890625,-48.33984375,13.18359375,0.0,10.3,0.8,-38.3,10.2,-3.9,3.2
11.154303789138794,-17.65171616010907,-30.704303037028854,-68.59488171091463,99.29911776737664,17.65171603812069,-1.0401492835954764e-5,-19.02113251199799,-31.693691624230723,-62.218539151074815,96.86625232947851,18.158613541710043,-1.0873784416390245e-5,-17.40234375,-31.201171875,-70.224609375,98.96484375,17.314453125,0.615234375,-13.18359375,-8.7890625,57.12890625,-48.33984375,13.18359375,0.0,10.3,0.8,-37.5,9.3,-4.8,3.2
11.160971879959106,-17.745614038060328,-30.767576910152656,-68.2305462562622,98.99805580577969,17.74561391681928,-1.0517057009340724e-5,-19.077834630414348,-31.746196303070302,-61.88246939719457,96.56807099810433,18.240471887057808,-1.0981036809273164e-5,-17.578125,-31.2890625,-69.873046875,98.701171875,17.314453125,0.615234375,-13.18359375,-8.7890625,57.12890625,-39.55078125,13.18359375,0.0,9.5,-0.0,-38.4,11.4,-4.8,3.2
11.167639970779419,-17.837424936206624,-30.83028166815769,-67.8667328640636,98.69694679957918,17.83742481573772,-1.0630738474340567e-5,-19.132629184030797,-31.797988593255297,-61.54910124532802,96.27076304158047,18.320242575645494,-1.1086215537330444e-5,-17.666015625,-31.2890625,-69.521484375,98.4375,17.40234375,0.615234375,-13.18359375,-8.7890625,52.734375,-39.55078125,8.7890625,0.0,8.5,0.8,-37.6,9.0,-4.0,3.2
11.174306869506836,-17.927099988762873,-30.892390413253988,-67.50363245741005,98.39595477429314,17.92709986909121,-1.0742440772293953e-5,-19.185505385658097,-31.849072714041732,-61.21864657561193,95.97451086466037,18.397888118105456,-1.1189235117773455e-5,-17.75390625,-31.376953125,-69.169921875,98.26171875,17.40234375,0.615234375,-21.97265625,-8.7890625,52.734375,-39.55078125,8.7890625,0.0,7.7,-0.0,-36.8,6.8,-3.9,3.2
11.180973768234253,-18.01464840126466,-30.953904987213537,-67.14130343700447,98.0951399723825,18.01464828241559,-1.0852131414101777e-5,-19.236495564277803,-31.899453297463435,-60.89116737232122,95.67938258711078,18.473425112862408,-1.1290073847316163e-5,-17.9296875,-31.376953125,-68.73046875,97.998046875,17.490234375,0.615234375,-21.97265625,-8.7890625,52.734375,-35.15625,8.7890625,0.0,6.9,-0.0,-35.9,4.4,-3.1,3.2
11.187641859054565,-18.100118819085772,-31.01483798794105,-66.77978885002264,97.79455803875948,18.100118701084373,-1.095981759024321e-5,-19.285666254859823,-31.949113038587285,-60.566667974555834,95.38542332501474,18.546909165599637,-1.1388752798177509e-5,-18.017578125,-31.46484375,-68.37890625,97.91015625,17.490234375,0.615234375,-21.97265625,-8.7890625,52.734375,-35.15625,4.39453125,0.0,6.2,-0.1,-35.1,5.2,-6.3,3.2
11.194308996200562,-18.18345510262922,-31.075153558340332,-66.4193399705972,97.49442439070711,18.183454985500617,-1.1065394212412957e-5,-19.333004949526217,-31.998050515002976,-60.245404836606596,95.09286159474345,18.618297960627476,-1.1485180896671702e-5,-18.10546875,-31.46484375,-68.115234375,97.91015625,17.490234375,0.615234375,-17.578125,-8.7890625,52.734375,-35.15625,4.39453125,0.0,5.4,-0.1,-35.1,9.9,-7.6,3.2
11.200976848602295,-18.264676126016713,-31.134857521534634,-66.05999395181034,97.19478200437658,18.264676009786186,-1.1168843769159369e-5,-19.37855031712138,-32.04627402150786,-59.92741282575892,94.80174491669348,18.68761722507916,-1.1579351844731608e-5,-18.193359375,-31.552734375,-67.763671875,97.734375,17.666015625,0.615234375,-17.578125,-8.7890625,52.734375,-13.18359375,4.39453125,0.0,5.4,-0.1,-35.0,17.0,-5.6,3.2
11.207644939422607,-18.34381385637364,-31.19394768804234,-65.70188102722675,96.8957589237483,18.343813741065887,-1.1270157384871e-5,-19.42235862576507,-32.09375404642729,-59.61276556178866,94.51218482010168,18.754908547856626,-1.1671273137186035e-5,-18.193359375,-31.552734375,-67.412109375,97.55859375,17.841796875,0.615234375,-17.578125,-8.7890625,52.734375,-13.18359375,13.18359375,0.0,6.3,-0.0,-35.8,21.8,-5.6,3.2
11.214311838150024,-18.42082804206491,-31.252395052112583,-65.34521997214884,96.59754491855583,18.42082792770458,-1.1369250855252646e-5,-19.464428670556288,-32.14049657069888,-59.301679317266625,94.22437989717497,18.820144596648927,-1.176087507283181e-5,-18.28125,-31.640625,-67.060546875,97.294921875,18.017578125,0.615234375,-8.7890625,-8.7890625,52.734375,-13.18359375,13.18359375,0.0,6.3,-0.0,-36.1,24.1,-3.9,3.2
11.220979928970337,-18.495749836836936,-31.310211558504356,-64.99001249555499,96.3001536424309,18.495749723448846,-1.1466125666635392e-5,-19.50480612554866,-32.18651502986127,-58.99415018630364,93.93834566619401,18.883362111352763,-1.1848169935990477e-5,-18.28125,-31.640625,-66.796875,97.03125,18.10546875,0.615234375,-8.7890625,-4.39453125,52.734375,-30.76171875,13.18359375,0.0,7.1,0.8,-36.9,22.4,-3.9,3.2
11.227646827697754,-18.56859510430206,-31.367379307924047,-64.63648478934904,96.00379338794446,18.56859499191004,-1.156075710323808e-5,-19.543537585337834,-32.231767441864555,-58.69032582068907,93.65426636805881,18.944589254200164,-1.1933151930448029e-5,-18.369140625,-31.728515625,-66.357421875,96.591796875,18.193359375,0.615234375,-8.7890625,-4.39453125,48.33984375,-30.76171875,21.97265625,0.0,7.2,1.0,-36.1,21.6,-4.8,3.2
11.234314918518066,-18.63937138820088,-31.42390222645297,-64.28465828519965,95.70848951283266,18.639371276829163,-1.1653124589688623e-5,-19.580648775045734,-32.27628739804747,-58.39024313656431,93.37217862374102,19.003839929255513,-1.2015810370681149e-5,-18.45703125,-31.728515625,-66.005859375,96.064453125,18.193359375,0.615234375,-4.39453125,-4.39453125,48.33984375,-30.76171875,21.97265625,0.0,6.4,1.8,-36.0,19.0,-4.8,3.2
11.240981817245483,-18.70806266306603,-31.47975163312887,-63.93478790737575,95.41446826048788,18.708062552738202,-1.1743171759258254e-5,-19.616160215786113,-32.320056467748145,-58.09410748340975,93.09229775595259,19.061111674598344,-1.2096106800742231e-5,-18.544921875,-31.81640625,-65.654296875,95.537109375,18.28125,0.615234375,-4.39453125,-8.7890625,48.33984375,-65.91796875,21.97265625,0.0,6.4,1.0,-36.0,15.4,-3.9,3.2
11.247649908065796,-18.774740361989583,-31.534950960205006,-63.58684101362981,95.12172042064665,18.77474025272886,-1.1830951610172125e-5,-19.650146086226144,-32.36306532883379,-57.801837596248255,92.81459611772564,19.11647905774913,-1.217410552625181e-5,-18.544921875,-31.81640625,-65.302734375,95.09765625,18.369140625,0.615234375,-4.39453125,-8.7890625,52.734375,-65.91796875,8.7890625,0.0,6.4,1.5,-36.0,15.4,-4.9,3.2
11.254316806793213,-18.839367444547346,-31.589464025854976,-63.24109384064165,94.83048604833009,18.839367336376515,-1.1916387499333752e-5,-19.682609595731808,-32.40531734578434,-57.51367836054478,92.53931115203896,19.169919446789883,-1.2249747198992133e-5,-18.544921875,-31.81640625,-65.0390625,94.74609375,18.369140625,0.615234375,-8.7890625,-8.7890625,52.734375,-65.91796875,8.7890625,0.0,7.2,1.5,-36.0,15.2,-4.9,3.2
11.260984897613525,-18.901981838733377,-31.64330246750528,-62.89754993470249,94.54078032711888,18.90198173167523,-1.1999497482761517e-5,-19.71359861138356,-32.44682596823135,-57.229614449002156,92.26645345845756,19.221475592957454,-1.2323060588615812e-5,-18.544921875,-31.904296875,-64.6875,94.21875,18.45703125,0.615234375,-8.7890625,-4.39453125,52.734375,-70.3125,8.7890625,0.0,7.2,1.5,-36.8,9.9,-3.9,3.2
11.267652988433838,-18.96262254693147,-31.696460734387564,-62.55635551280078,94.25274392309396,18.962622441007817,-1.2080297373863658e-5,-19.743168434203827,-32.48755922143592,-56.94970883051582,91.99613434864374,19.271194625955978,-1.2394076949882684e-5,-18.544921875,-31.9921875,-64.3359375,93.8671875,18.45703125,0.615234375,-8.7890625,-4.39453125,52.734375,-70.3125,4.39453125,0.0,8.1,0.9,-36.0,6.7,-4.0,3.2
11.274319887161255,-19.021271280747957,-31.748913229641456,-62.21772523910582,93.96656590365403,19.021271175980235,-1.2158737562563302e-5,-19.77133239875579,-32.52753015398866,-56.67414463638361,91.72853829786136,19.3190701508339,-1.2462762244954965e-5,-18.6328125,-31.9921875,-64.072265625,93.603515625,18.544921875,0.615234375,-4.39453125,-4.39453125,52.734375,-70.3125,4.39453125,0.0,7.3,0.9,-36.0,5.0,-4.0,3.2
11.280986785888672,-19.07795922532585,-31.8006624351289,-61.88172114174869,93.68231077868072,19.077959121735212,-1.223483106311714e-5,-19.79813397122251,-32.566745291478114,-56.4029476122649,91.46371878449986,19.365139351751473,-1.2529141304236044e-5,-18.6328125,-32.080078125,-63.544921875,93.33984375,18.544921875,0.615234375,-4.39453125,-4.39453125,52.734375,-52.734375,4.39453125,0.0,7.3,0.9,-35.2,9.0,-4.0,3.2
11.287653923034668,-19.132742200570565,-31.851715229621142,-61.54840610003904,93.40004830604386,19.132742098177395,-1.2308621354316833e-5,-19.823634185773074,-32.605182484232515,-56.13610596597364,91.20171718701344,19.4094625472867,-1.2593269495521193e-5,-18.6328125,-32.16796875,-63.28125,93.251953125,18.544921875,0.615234375,-4.39453125,-4.39453125,48.33984375,-52.734375,4.39453125,0.0,8.0,-0.1,-35.2,13.0,-4.9,3.2
11.294321775436401,-19.18562106222841,-31.90205921174129,-61.21791169773516,93.11989766813454,19.185620961052923,-1.2380087263659698e-5,-19.847855287420856,-32.642865675143135,-55.87372796151129,90.9426492174123,19.452049237842758,-1.2655138426087555e-5,-18.720703125,-32.16796875,-62.9296875,92.98828125,18.544921875,0.615234375,-4.39453125,-4.39453125,48.33984375,-52.734375,4.39453125,0.0,7.2,0.7,-35.1,14.3,-5.7,3.2
11.300989866256714,-19.23661645160625,-31.95168431294224,-60.89038028328831,92.8419911447867,19.236616351668026,-1.2449231662081537e-5,-19.870834228749096,-32.67979214307741,-55.61589787174224,90.68662832698493,19.492927786702147,-1.2714764221897049e-5,-18.720703125,-32.255859375,-62.578125,92.724609375,18.6328125,0.615234375,-4.39453125,-13.18359375,48.33984375,-26.3671875,4.39453125,0.0,7.2,-0.1,-35.1,12.8,-4.8,3.2
11.30765676498413,-19.285774500645697,-32.000586041388324,-60.56594544546732,92.56645783275954,19.285774401963167,-1.2516089934753106e-5,-19.892624918583948,-32.71593147964967,-55.362653856818085,90.43374746749768,19.53214996835119,-1.2772194798955577e-5,-18.80859375,-32.34375,-62.314453125,92.373046875,18.720703125,0.615234375,-4.39453125,-13.18359375,52.734375,-26.3671875,8.7890625,0.0,7.1,-0.0,-35.9,12.8,-4.8,3.2
11.314342975616455,-19.333240682239783,-32.04889611507852,-60.24377753087168,92.29259979606309,19.333240584835,-1.2580841194278166e-5,-19.91331178299028,-32.75141447354309,-55.113355523838486,90.1833729543624,19.569840098493426,-1.282759350840154e-5,-18.80859375,-32.34375,-61.962890625,92.109375,18.80859375,0.615234375,-4.39453125,-13.18359375,52.734375,-26.3671875,8.7890625,0.0,7.1,-0.0,-36.0,12.8,-4.0,3.2
11.321010828018188,-19.378777931140263,-32.0963374273777,-59.925800852724365,92.02206424227603,19.37877783502746,-1.2643140253628312e-5,-19.93281834628112,-32.78604172640585,-54.869456404373565,89.93699860542259,19.605821854621567,-1.2880678984992053e-5,-18.896484375,-32.431640625,-61.611328125,91.845703125,18.896484375,0.615234375,-4.39453125,-8.7890625,52.734375,-43.9453125,8.7890625,0.0,6.3,-0.0,-35.2,13.0,-3.9,3.2
11.327678918838501,-19.42257825319813,-32.143051815428755,-59.611169347462905,91.75414694420051,19.422578158394163,-1.2703226133483448e-5,-19.951259310998513,-32.81989166355605,-54.63023005304677,89.69395205015266,19.640262014509837,-1.2931672775580252e-5,-18.896484375,-32.51953125,-61.259765625,91.494140625,18.896484375,0.615234375,-4.39453125,-8.7890625,48.33984375,-43.9453125,8.7890625,0.0,6.4,-0.1,-35.2,11.4,-4.0,3.2
11.334346771240234,-19.46464373253,-32.189020303508386,-59.3000605682903,91.48900647931775,19.464643639051243,-1.2761085020141364e-5,-19.968656032218774,-32.85298584463993,-54.39580676685308,89.45437858763009,19.673171161936665,-1.2980573598313993e-5,-18.984375,-32.51953125,-60.908203125,91.23046875,18.896484375,0.615234375,-8.7890625,-8.7890625,48.33984375,-43.9453125,8.7890625,0.0,6.4,-0.1,-34.4,11.0,-4.0,3.2
11.341014862060547,-19.505013308671494,-32.23424313283944,-58.992548620208765,91.22671719370311,19.505013216533733,-1.2816751846857718e-5,-19.985050521770024,-32.88532784282568,-54.16620000830681,89.21832993158515,19.704591721382087,-1.3027425111466619e-5,-18.984375,-32.51953125,-60.64453125,91.0546875,18.984375,0.615234375,-8.7890625,-4.39453125,48.33984375,-39.55078125,8.7890625,0.0,6.4,-0.1,-34.4,11.0,-4.0,3.2
11.347683906555176,-19.543749289064163,-32.2787322051684,-58.6886445440308,90.96730202966951,19.543749198282413,-1.2870293519481883e-5,-20.00049692588407,-32.916901260336076,-53.941347807465775,88.9857985667117,19.734585954416556,-1.307229999546521e-5,-19.072265625,-32.51953125,-60.29296875,90.791015625,18.984375,0.615234375,-8.7890625,-4.39453125,48.33984375,-39.55078125,4.39453125,0.0,5.5,-0.0,-34.4,11.8,-4.0,3.2
11.354351997375488,-19.580849788168518,-32.322459679609935,-58.38858739131364,90.7109721979052,19.580849698756946,-1.2921693368912511e-5,-20.01501407765091,-32.947721839814804,-53.72141842186916,88.75697339641582,19.763161304307452,-1.3115194744641695e-5,-19.16015625,-32.51953125,-59.94140625,90.52734375,18.984375,0.615234375,-4.39453125,-4.39453125,48.33984375,-39.55078125,4.39453125,0.0,4.7,0.8,-33.5,11.2,-4.8,3.2
11.361019849777222,-19.616358371364107,-32.365428671720565,-58.09242927165729,90.45778292339594,19.616358283336268,-1.2970996169619131e-5,-20.028643601901322,-32.97779514987445,-53.506402583457785,88.53188571608462,19.79036311123331,-1.3156160718784338e-5,-19.16015625,-32.51953125,-59.677734375,90.263671875,19.072265625,0.615234375,-4.39453125,0.0,48.33984375,-39.55078125,4.39453125,0.0,4.7,0.8,-33.5,11.2,-4.1,3.2
11.367686986923218,-19.650331613952606,-32.407644370628155,-57.80022146646289,90.20779067644598,19.650331527321054,-1.3018264858075398e-5,-20.04143408339537,-33.00710119852929,-53.296264128993776,88.31055578290874,19.816248007428268,-1.3195266057689333e-5,-19.248046875,-32.607421875,-59.326171875,90.0,19.072265625,0.615234375,-4.39453125,0.0,48.33984375,-39.55078125,4.39453125,0.0,4.6,1.0,-33.5,10.4,-3.9,3.2
11.374354839324951,-19.682789691743853,-32.44910143741577,-57.51204860790967,89.96107475024132,19.682789606520902,-1.3063515835002805e-5,-20.053411681584706,-33.03567164843538,-53.09105135801503,88.09305149959332,19.840840152450983,-1.3232534698303244e-5,-19.3359375,-32.6953125,-59.0625,89.736328125,19.072265625,0.615234375,-8.7890625,0.0,48.33984375,-39.55078125,4.39453125,0.0,3.8,0.2,-33.4,10.4,-3.9,3.2
11.381022930145264,-19.71377126099724,-32.48979614719647,-57.22800607964382,89.71772680338877,19.71377117719433,-1.3106790297175445e-5,-20.064613499573646,-33.063507331418684,-52.89078194769694,87.87943416800141,19.86418020031276,-1.3268014124441568e-5,-19.423828125,-32.6953125,-58.798828125,89.560546875,19.16015625,0.615234375,-8.7890625,-8.7890625,48.33984375,-35.15625,4.39453125,0.0,3.0,0.2,-33.4,10.4,-4.0,3.2
11.38768982887268,-19.743328632544483,-32.52972898523907,-56.948171924353396,89.47782536363599,19.743328550171814,-1.3148148727783903e-5,-20.07508318225414,-33.09058602096852,-52.695435384873505,87.6697414692586,19.88632025041842,-1.3301769025073338e-5,-19.423828125,-32.6953125,-58.447265625,89.384765625,19.16015625,0.615234375,-8.7890625,-8.7890625,43.9453125,-35.15625,4.39453125,0.0,3.1,0.7,-32.6,9.6,-4.0,3.2
11.39435887336731,-19.771492282775974,-32.56890616118618,-56.672548444466905,89.2413789429337,19.771492201843873,-1.3187624306448637e-5,-20.08484889113748,-33.11694710459527,-52.50499745098543,87.46397698394524,19.90729169161351,-1.3333836628114684e-5,-19.423828125,-32.783203125,-58.18359375,89.208984375,19.16015625,0.615234375,-8.7890625,-8.7890625,43.9453125,-35.15625,4.39453125,0.0,3.1,-0.1,-31.8,8.6,-4.0,3.2
11.401025772094727,-19.798286839092228,-32.60730311802893,-56.40137447058126,89.00860181477398,19.798286759609283,-1.3225241332041512e-5,-20.093940351085124,-33.142577574638665,-52.319578912531014,87.26230561904843,19.927123831958447,-1.3364249761550217e-5,-19.423828125,-32.87109375,-57.83203125,89.033203125,19.16015625,0.615234375,-8.7890625,-4.39453125,43.9453125,-30.76171875,4.39453125,0.0,3.1,-0.1,-31.1,10.6,-4.0,3.2
11.407692909240723,-19.823780225128075,-32.64494388429018,-56.13455618006762,88.77942418477514,19.82378014710248,-1.3261085239901538e-5,-20.102403204517294,-33.167472148402055,-52.13903785645008,87.06463431407693,19.945878995743275,-1.3393091834126943e-5,-19.423828125,-32.87109375,-57.568359375,88.76953125,19.16015625,0.615234375,-8.7890625,-4.39453125,48.33984375,-30.76171875,0.0,0.0,3.2,-0.1,-31.1,8.2,-4.8,3.2
11.41435980796814,-19.847989158252524,-32.68181305212702,-55.87224690218624,88.55398397428982,19.847989081691672,-1.3295171937918319e-5,-20.110259160468853,-33.19165551775492,-51.963458188550796,86.87107626206226,19.963577796241744,-1.342038553849976e-5,-19.423828125,-32.87109375,-57.216796875,88.505859375,19.16015625,0.615234375,0.0,-4.39453125,48.33984375,-30.76171875,0.0,0.0,3.2,-0.1,-30.2,6.9,-4.8,3.2
11.421026945114136,-19.870958666740243,-32.71791509697094,-55.614476782065175,88.33231580369551,19.870958591650837,-1.3327556834617691e-5,-20.117542217357126,-33.21513434355264,-51.79280275886288,86.68163798861474,19.980263609868047,-1.3446187693623623e-5,-19.423828125,-32.87109375,-56.953125,88.330078125,19.248046875,0.615234375,0.0,-4.39453125,48.33984375,-30.76171875,0.0,0.0,3.2,-0.1,-29.4,9.6,-4.0,3.2
11.427693843841553,-19.89274346015637,-32.753258381156336,-55.36125583809384,88.1144380534935,19.89274338654409,-1.3358309394006471e-5,-20.12429006998599,-33.23789377250594,-51.62699950861201,86.49630186874846,19.995987472557502,-1.3470567091154791e-5,-19.423828125,-32.958984375,-56.689453125,88.154296875,19.248046875,0.615234375,0.0,-4.39453125,39.55078125,-30.76171875,4.39453125,0.0,4.0,-0.0,-29.4,11.2,-4.8,3.2
11.434360980987549,-19.913365664129085,-32.78783373085041,-55.112691755545036,87.90044923503558,19.913365591998968,-1.3387454932695506e-5,-20.130524420536332,-33.25996234693794,-51.46609554150821,86.31514423627596,20.01077333912121,-1.3493553292166663e-5,-19.423828125,-32.958984375,-56.42578125,87.978515625,19.248046875,0.615234375,0.0,-4.39453125,39.55078125,-30.76171875,4.39453125,0.0,4.0,-0.0,-29.5,11.5,-4.8,3.2
11.441028833389282,-19.932869566995446,-32.821646426072235,-54.868804080357364,87.69037417409916,19.932869496351802,-1.3415049919459658e-5,-20.13627617134059,-33.28134736747828,-51.31004385601953,86.1381616197689,20.024662821297653,-1.3515202561789108e-5,-19.423828125,-32.958984375,-56.25,87.802734375,19.3359375,0.615234375,0.0,-4.39453125,39.55078125,-26.3671875,4.39453125,0.0,4.0,-0.0,-29.5,11.2,-4.1,3.2
11.447696924209595,-19.951307957677358,-32.85470582462918,-54.629589263660506,87.48421867940534,19.9513078885235,-1.3441163252920973e-5,-20.141579087109225,-33.30203562616937,-51.15876216056158,85.96532465602796,20.037704051502402,-1.3535581528235229e-5,-19.423828125,-33.046875,-55.8984375,87.451171875,19.3359375,0.615234375,0.0,-4.39453125,39.55078125,-26.3671875,4.39453125,0.0,4.1,-0.0,-28.7,7.5,-3.9,3.2
11.454364776611328,-19.9687013803617,-32.88699884286707,-54.39518148393637,87.28210384569928,19.968701312700055,-1.3465819517609011e-5,-20.146452554687666,-33.3220528889328,-51.012308664118905,85.79672585866311,20.049919150068455,-1.3554718372757211e-5,-19.423828125,-33.046875,-55.634765625,87.275390625,19.3359375,0.615234375,0.0,-4.39453125,39.55078125,-35.15625,4.39453125,0.0,4.1,-0.0,-27.8,8.3,-3.9,3.2
11.461031913757324,-19.985091219194782,-32.918527604804126,-54.16561893853259,87.08406999417751,19.985091153026794,-1.3489072794791524e-5,-20.150923932611562,-33.34140456696536,-50.87064385018513,85.63237241070522,20.061346473077723,-1.3572666138970595e-5,-19.423828125,-33.046875,-55.458984375,87.099609375,19.3359375,0.615234375,0.0,-4.39453125,39.55078125,-35.15625,4.39453125,0.0,4.1,-0.0,-27.8,9.6,-4.0,3.2
11.467698812484741,-20.000530605974724,-32.94930730029198,-53.9408496101381,86.89008029716216,20.000530541301075,-1.351099420665033e-5,-20.155023867264656,-33.3600824310779,-50.73365358771575,85.4721982312977,20.072032859974613,-1.358949140905668e-5,-19.423828125,-33.134765625,-55.1953125,86.923828125,19.423828125,0.615234375,0.0,-4.39453125,39.55078125,-35.15625,4.39453125,0.0,4.0,-0.0,-27.8,8.0,-3.1,3.2
11.474376916885376,-20.01506633669759,-32.97937920536065,-53.7206073978489,86.69990992958687,20.015066273520684,-1.3531646908096281e-5,-20.15877660924443,-33.37814435558389,-50.60115015196916,85.316009215478,20.082017660062274,-1.360525090000375e-5,-19.3359375,-33.134765625,-54.84375,86.748046875,19.423828125,0.615234375,0.0,-4.39453125,39.55078125,-26.3671875,4.39453125,0.0,4.8,-0.0,-26.3,8.8,-3.1,3.2
11.481043815612793,-20.028691069820034,-33.00864818734581,-53.50563843326306,86.51420989041748,20.028691008136395,-1.3551017127108631e-5,-20.162194248343667,-33.3955370013572,-50.4735160883404,85.16431196011065,20.091304487887328,-1.3619944436435718e-5,-19.3359375,-33.22265625,-54.66796875,86.66015625,19.423828125,0.615234375,0.0,-8.7890625,39.55078125,-26.3671875,4.39453125,0.0,4.8,-0.0,-26.3,9.8,-3.2,3.2
11.487721920013428,-20.041499362525954,-33.037226206343334,-53.295173443404465,86.33232286638246,20.041499302336284,-1.356923629259062e-5,-20.165314643458473,-33.412311281886886,-50.35021169558434,85.01653324407522,20.099966797588294,-1.363368244657871e-5,-19.3359375,-33.22265625,-54.404296875,86.484375,19.423828125,0.615234375,0.0,-8.7890625,35.15625,-26.3671875,0.0,0.0,4.9,-0.0,-25.5,7.8,-3.2,3.2
11.494388818740845,-20.053470340529216,-33.06500811306374,-53.09002056316881,86.1549518431759,20.053470281828297,-1.3586272331245379e-5,-20.16814334870196,-33.42843819429487,-50.23167888724465,84.87323287724732,20.10799708893482,-1.364644861603298e-5,-19.3359375,-33.22265625,-54.228515625,86.30859375,19.423828125,0.615234375,4.39453125,-8.7890625,35.15625,-21.97265625,0.0,0.0,4.9,-0.0,-25.4,7.8,-4.0,3.2
11.50105595588684,-20.06466715331562,-33.09205144072164,-52.889802078157025,85.98177663935209,20.064667096099946,-1.3602212776696728e-5,-20.170707854851955,-33.44395463657732,-50.11762416210505,84.73411953912532,20.11544595680273,-1.365831836366408e-5,-19.3359375,-33.22265625,-53.96484375,86.1328125,19.423828125,0.615234375,4.39453125,0.0,35.15625,-21.97265625,0.0,0.0,4.9,-0.0,-24.6,8.8,-4.1,3.2
11.507722854614258,-20.075133618267408,-33.11836802031923,-52.69447753035717,85.81276862772002,20.07513356253255,-1.361711799320622e-5,-20.173030306151635,-33.45885425488556,-50.00794188954709,84.59913380744244,20.12235067302204,-1.3669346354990338e-5,-19.248046875,-33.22265625,-53.7890625,85.869140625,19.423828125,0.615234375,4.39453125,0.0,35.15625,-21.97265625,0.0,0.0,5.6,-0.0,-24.6,6.1,-4.0,3.2
11.514389991760254,-20.08489257439426,-33.14395185474523,-52.50412258008074,85.64799747138574,20.08489252013498,-1.3631018888173278e-5,-20.17512507791498,-33.47316487103249,-49.902639433988575,84.46831823034051,20.12873242926104,-1.3679562744250469e-5,-19.248046875,-33.22265625,-53.525390625,85.693359375,19.423828125,0.615234375,4.39453125,0.0,35.15625,-30.76171875,0.0,0.0,5.6,-0.0,-23.9,6.1,-4.0,3.2
11.521056890487671,-20.09398130302791,-33.16881015930083,-52.31872477689447,85.48745793506282,20.093981250237988,-1.3643967051961809e-5,-20.177010787922857,-33.486894082124024,-49.80163679643907,84.34163679267876,20.13462294182836,-1.3689014238510941e-5,-19.248046875,-33.310546875,-53.349609375,85.60546875,19.423828125,0.615234375,4.39453125,-4.39453125,35.15625,-30.76171875,0.0,0.0,5.6,-0.0,-23.9,8.0,-4.0,3.2
11.527723789215088,-20.102441255743983,-33.1929584155602,-52.13821081548987,85.3310921948449,20.1024412044165,-1.3656020289926112e-5,-20.178706370228195,-33.50003874712213,-49.704810133417396,84.21900643545955,20.14005641760412,-1.3697751848080506e-5,-19.248046875,-33.310546875,-53.173828125,85.4296875,19.423828125,0.615234375,4.39453125,-4.39453125,30.76171875,-30.76171875,0.0,0.0,6.5,-0.0,-23.1,6.4,-4.0,3.2
11.534390926361084,-20.110294218199126,-33.21639084591013,-51.96265231096104,85.17896608812283,20.11029416832623,-1.3667208592989883e-5,-20.18022420773349,-33.51262590410466,-49.61215947821111,84.10046408717673,20.14505245388439,-1.3705804015584613e-5,-19.248046875,-33.3984375,-52.998046875,85.341796875,19.423828125,0.615234375,0.0,-4.39453125,30.76171875,-17.578125,0.0,0.0,6.5,-0.0,-23.0,7.2,-4.0,3.2
11.541057825088501,-20.117574696555526,-33.23911581183101,-51.792023494650145,85.03106220757579,20.117574648128446,-1.3677580255649768e-5,-20.18157997228083,-33.52466401949341,-49.52359616572924,83.98596306004237,20.149639618514335,-1.3713213446340839e-5,-19.248046875,-33.3984375,-52.822265625,85.25390625,19.423828125,0.615234375,0.0,-4.39453125,30.76171875,-17.578125,0.0,0.0,6.5,-0.0,-22.2,8.0,-4.0,3.2
11.547725915908813,-20.124321522122713,-33.26115333593737,-51.6262113174558,84.8872875265556,20.12432147513226,-1.3687189921096966e-5,-20.18278956695705,-33.53615344642331,-49.43897681972613,83.87539311848509,20.15384893633409,-1.3720027089648039e-5,-19.248046875,-33.3984375,-52.646484375,84.990234375,19.423828125,0.615234375,0.0,-4.39453125,26.3671875,-17.578125,0.0,0.0,6.5,-0.0,-22.2,5.4,-4.0,3.2
11.554393768310547,-20.130553647479594,-33.282493177424435,-51.465318470955985,84.74773449575673,20.130553601915253,-1.3696064005392072e-5,-20.18386317578111,-33.54711794150493,-49.35831248655272,83.76880914571717,20.15769729969795,-1.3726269770408876e-5,-19.248046875,-33.486328125,-52.3828125,84.90234375,19.423828125,0.615234375,0.0,-4.39453125,26.3671875,-21.97265625,0.0,0.0,6.5,-0.0,-21.5,7.0,-4.0,3.2
11.561071872711182,-20.136311829655806,-33.30317845719896,-51.309051904461626,84.61215318522756,20.136311785508504,-1.370426013280401e-5,-20.18481525301911,-33.55758346717218,-49.281382215734034,83.66598735058824,20.161215705257973,-1.3731989086178574e-5,-19.248046875,-33.486328125,-52.294921875,84.814453125,19.423828125,0.615234375,0.0,-4.39453125,26.3671875,-21.97265625,0.0,0.0,6.5,-0.0,-20.7,7.4,-4.0,3.2
11.567738771438599,-20.141611265578963,-33.32315883326663,-51.157824849004896,84.48090648394205,20.14161122283438,-1.371179969796764e-5,-20.185655501251357,-33.567516352633746,-49.208302971721714,83.56716336975313,20.16441926775112,-1.3737207048750702e-5,-19.3359375,-33.57421875,-52.119140625,84.7265625,19.51171875,0.615234375,0.0,-4.39453125,21.97265625,-21.97265625,4.39453125,0.0,5.5,-0.0,-20.7,6.4,-3.1,3.2
11.574405908584595,-20.146481123965017,-33.34246577349182,-51.01142271432211,84.35381126937978,20.14648108261023,-1.3718723978203063e-5,-20.186394280221876,-33.576960560179565,-49.13892344986122,83.47217984916296,20.167330238311937,-1.3741957848292462e-5,-19.3359375,-33.57421875,-51.943359375,84.638671875,19.51171875,0.615234375,-4.39453125,-4.39453125,21.97265625,-13.18359375,4.39453125,0.0,5.5,-0.0,-19.7,7.2,-3.1,3.2
11.581072807312012,-20.1509502039071,-33.36111052673887,-50.86978917329629,84.23082246316807,20.15095016392837,-1.3725073900744165e-5,-20.187042146435527,-33.585925790679894,-49.07313672401364,83.38096657195516,20.169971074755033,-1.3746275940350116e-5,-19.3359375,-33.57421875,-51.85546875,84.55078125,19.51171875,0.615234375,-4.39453125,-4.39453125,21.97265625,-13.18359375,4.39453125,0.0,5.5,-0.0,-19.7,7.2,-3.2,3.2
11.587739944458008,-20.155048270278716,-33.379110543976104,-50.73282001508778,84.11185330531148,20.155048231661755,-1.37308918405853e-5,-20.18760920555361,-33.59441411596414,-49.010808326009254,83.29341929928164,20.172364429615715,-1.3750196394271909e-5,-19.423828125,-33.57421875,-51.6796875,84.287109375,19.51171875,0.615234375,-4.39453125,-4.39453125,26.3671875,-13.18359375,0.0,0.0,4.8,-0.0,-18.9,4.5,-4.0,3.2
11.594406843185425,-20.158792537211085,-33.39646145738624,-50.600568729268694,83.99695291749299,20.15879249994046,-1.3736202274145264e-5,-20.188102441282172,-33.60245000378231,-48.95191507578253,83.20955465609052,20.174524359825416,-1.3753740591958561e-5,-19.423828125,-33.57421875,-51.591796875,84.19921875,19.51171875,0.615234375,-4.39453125,-4.39453125,26.3671875,-21.97265625,0.0,0.0,4.8,-0.0,-19.1,5.3,-4.0,3.2
11.601074934005737,-20.16220948632906,-33.41318026313861,-50.47293083792819,83.88603381786065,20.16220945038895,-1.3741043008164261e-5,-20.188530298239236,-33.61004599479766,-48.896329017386634,83.12927112486756,20.176470701341227,-1.375693942819953e-5,-19.423828125,-33.57421875,-51.416015625,84.111328125,19.51171875,0.615234375,-4.39453125,0.0,26.3671875,-21.97265625,0.0,0.0,4.8,-0.0,-18.3,5.6,-4.1,3.2
11.60774278640747,-20.165324028315897,-33.429279875083274,-50.34983209168153,83.77903467077572,20.165323993689594,-1.3745449673589995e-5,-20.18890048703095,-33.61720318014851,-48.843931237467146,83.05248352559657,20.178222015824346,-1.3759821886228564e-5,-19.51171875,-33.57421875,-51.328125,84.0234375,19.51171875,0.615234375,-4.39453125,0.0,17.578125,-21.97265625,0.0,0.0,3.8,-0.0,-18.3,4.8,-4.0,3.2
11.615729808807373,-20.168680366476657,-33.447750953665526,-50.208369540439364,83.65604318436513,20.168680333400786,-1.375019066543989e-5,-20.18927602012006,-33.62523135115941,-48.78529331354921,82.9650846335209,20.180081384129565,-1.3762886521784965e-5,-19.599609375,-33.662109375,-51.15234375,83.935546875,19.51171875,0.615234375,-4.39453125,0.0,17.578125,-13.18359375,0.0,0.0,3.0,-0.0,-17.4,5.6,-4.0,3.2
11.622397899627686,-20.17119508449524,-33.46250704137324,-50.09518136800796,83.5576110893597,20.171195052693527,-1.3753736115291906e-5,-20.189540126427385,-33.63149059468543,-48.7396542247366,82.89584727767827,20.18145310106693,-1.3765150084070695e-5,-19.6875,-33.75,-51.064453125,83.84765625,19.51171875,0.615234375,-4.39453125,-4.39453125,17.578125,-13.18359375,0.0,0.0,2.2,-0.0,-16.6,5.6,-4.0,3.2
11.629065990447998,-20.17346869225439,-33.476668755842084,-49.98640395759491,83.46299538413881,20.17346866170763,-1.3756935351266873e-5,-20.189765004942466,-33.63736291180533,-48.69692871494551,82.8299309557181,20.182675342127155,-1.3767168623232421e-5,-19.6875,-33.75,-50.9765625,83.84765625,19.51171875,0.615234375,-4.39453125,-4.39453125,17.578125,-13.18359375,0.0,0.0,2.2,-0.0,-16.6,6.4,-4.0,3.2
11.635733842849731,-20.175521950018023,-33.490253106864756,-49.881926053709364,83.37210182291756,20.17552192070652,-1.3759818181440536e-5,-20.189955906626672,-33.64285231396343,-48.65698495135867,82.76722727429902,20.183762764975974,-1.3768965454515781e-5,-19.775390625,-33.75,-50.888671875,83.759765625,19.51171875,0.615234375,-8.7890625,-4.39453125,17.578125,-8.7890625,0.0,0.0,1.4,-0.0,-15.8,5.6,-4.0,3.2
11.642400979995728,-20.177368122020592,-33.503259485288034,-49.78176672048574,83.28494886062148,20.177368093923498,-1.376240370473373e-5,-20.19011662480821,-33.64798194725503,-48.61977484296071,82.70772464124384,20.184725212700666,-1.377055608033321e-5,-19.775390625,-33.837890625,-50.712890625,83.759765625,19.51171875,0.615234375,-8.7890625,-4.39453125,17.578125,-8.7890625,0.0,0.0,1.5,-0.0,-15.0,6.4,-4.0,3.2
11.649068832397461,-20.179025346652505,-33.51570517766699,-49.68580962309531,83.20143744890117,20.179025319748696,-1.3764718006633616e-5,-20.190251361830455,-33.65276486552066,-48.58517189630939,82.65131502166844,20.18557521669707,-1.3771960553061466e-5,-19.775390625,-33.837890625,-50.625,83.759765625,19.51171875,0.615234375,-4.39453125,-4.39453125,17.578125,-8.7890625,0.0,0.0,1.5,-0.0,-14.2,7.4,-4.0,3.2
11.655736923217773,-20.18051091399279,-33.52760686681251,-49.593942210720165,83.12147171967722,20.18051088826067,-1.376678597212011e-5,-20.190363893867946,-33.65720606138255,-48.55304784086879,82.59789017649712,20.18632455321799,-1.3773197824743767e-5,-19.775390625,-33.837890625,-50.537109375,83.759765625,19.51171875,0.615234375,-4.39453125,-4.39453125,17.578125,0.0,0.0,0.0,1.5,-0.0,-14.3,8.2,-4.0,3.2
11.662405967712402,-20.181836438129913,-33.5389671065505,-49.50615682181464,83.04504656518114,20.18183641354699,-1.376862436774453e-5,-20.19045699832556,-33.661328370333,-48.52334263602576,82.54742082078778,20.18698143718305,-1.3774281016413631e-5,-19.775390625,-33.837890625,-50.537109375,83.671875,19.51171875,0.615234375,-4.39453125,-4.39453125,8.7890625,0.0,0.0,0.0,1.6,-0.0,-15.1,7.2,-4.0,3.2
11.66907286643982,-20.183016178060235,-33.54979589633196,-49.4223900911709,82.9721086195963,20.18301615460301,-1.3770253783296524e-5,-20.190533589378887,-33.665142036995285,-48.49595063883527,82.49982971181461,20.187555480956668,-1.377522569767159e-5,-19.775390625,-33.837890625,-50.361328125,83.583984375,19.51171875,0.615234375,0.0,-4.39453125,8.7890625,0.0,0.0,0.0,1.6,-0.0,-13.5,7.2,-4.0,3.2
11.675740957260132,-20.184065096826284,-33.560116557548554,-49.34247477567007,82.90251396113298,20.184065074471526,-1.3771695757054503e-5,-20.190596338715594,-33.66865553728403,-48.470729671127344,82.45497833199002,20.18805634782165,-1.3776047617654279e-5,-19.775390625,-33.837890625,-50.361328125,83.408203125,19.51171875,0.615234375,0.0,-4.39453125,8.7890625,-17.578125,0.0,0.0,1.6,-0.0,-14.2,5.6,-4.0,3.2
11.682419776916504,-20.184994040216257,-33.569945005902674,-49.26629741362908,82.83616504376525,20.184994018941254,-1.3772965890550301e-5,-20.190647240241674,-33.671894438131616,-48.44758666985731,82.41277747503236,20.18849113294754,-1.3776758294970711e-5,-19.775390625,-33.837890625,-50.2734375,83.232421875,19.51171875,0.615234375,0.0,0.0,8.7890625,-17.578125,0.0,0.0,1.6,-0.0,-13.4,4.5,-4.0,3.2
11.689087867736816,-20.185812230240316,-33.579265539064345,-49.19399101160604,82.77317917168187,20.185812210018526,-1.3774077716307662e-5,-20.190688138558006,-33.674860304264364,-48.4264775985971,82.37325827022872,20.188866218891746,-1.377736821648706e-5,-19.775390625,-33.837890625,-50.185546875,82.880859375,19.51171875,0.615234375,0.0,0.0,13.18359375,-17.578125,0.0,0.0,1.6,-0.0,-12.6,1.4,-4.0,3.2
11.695755958557129,-20.18653277302105,-33.588112018397894,-49.125303558685616,82.71333819527734,20.186532753827457,-1.377505005066772e-5,-20.190720863881378,-33.67756619695896,-48.40724081319732,82.33623729301311,20.18918953968486,-1.377789047862785e-5,-19.775390625,-33.837890625,-50.09765625,82.79296875,19.51171875,0.615234375,0.0,0.0,13.18359375,-30.76171875,0.0,0.0,1.6,-0.0,-12.8,1.4,-4.0,3.2
11.702422857284546,-20.18716348900551,-33.59648643675735,-49.06022764876018,82.65663670126511,20.187163470813957,-1.3775894251790388e-5,-20.190746697561107,-33.68003152480462,-48.38981304796083,82.30168155682583,20.189466163810835,-1.3778333445826666e-5,-19.6875,-33.837890625,-50.09765625,82.79296875,19.51171875,0.615234375,0.0,0.0,8.7890625,-30.76171875,0.0,0.0,2.4,-0.0,-12.8,1.4,-4.0,3.2
11.709089994430542,-20.18771432881688,-33.604407160833965,-48.99862955981436,82.60295933427935,20.187714311601184,-1.37766246838235e-5,-20.190766939137454,-33.68226872449078,-48.37407431251478,82.26947569711388,20.189702093832175,-1.3778707119351289e-5,-19.6875,-33.837890625,-50.09765625,82.79296875,19.51171875,0.615234375,4.39453125,0.0,8.7890625,-30.76171875,0.0,0.0,2.4,-0.0,-12.8,2.4,-4.0,3.2
11.715779781341553,-20.18819586280213,-33.6119162375308,-48.940190324182005,82.55202917351332,20.188195846539138,-1.3777256409106812e-5,-20.19078272483999,-33.68429245488543,-48.3598626799494,82.23941010242122,20.18990332058674,-1.3779021469103647e-5,-19.6875,-33.837890625,-50.009765625,82.705078125,19.51171875,0.615234375,4.39453125,0.0,8.7890625,0.0,0.0,0.0,2.4,-0.0,-11.8,1.6,-4.0,3.2
11.722447872161865,-20.18861118680633,-33.618967798478856,-48.88527324416666,82.50416365288723,20.188611171465624,-1.3777794394593828e-5,-20.190794752267568,-33.686107811021984,-48.34720535611805,82.21164143823665,20.190072356119195,-1.3779280867190967e-5,-19.599609375,-33.837890625,-49.921875,82.705078125,19.51171875,0.615234375,4.39453125,0.0,8.7890625,0.0,0.0,0.0,3.4,-0.0,-11.0,1.6,-4.0,3.2
11.729114770889282,-20.188969668597764,-33.6256032415426,-48.83356316904347,82.45908901950195,20.188969654151805,-1.3778251971938054e-5,-20.190803863315168,-33.68773274589552,-48.33594224275177,82.18596123008616,20.190214311387166,-1.3779493896254337e-5,-19.599609375,-33.837890625,-49.921875,82.705078125,19.51171875,0.615234375,4.39453125,0.0,8.7890625,0.0,0.0,0.0,3.4,-0.0,-11.8,1.6,-4.0,3.2
11.735781908035278,-20.189278289064788,-33.631841027469186,-48.784922491085275,82.41668612634827,20.18927827548619,-1.3778639229841881e-5,-20.190810694838635,-33.689176681479175,-48.325962812041496,82.16225556455078,20.190333077367246,-1.377966718407646e-5,-19.51171875,-33.837890625,-49.833984375,82.705078125,19.51171875,0.615234375,4.39453125,0.0,8.7890625,0.0,0.0,0.0,4.2,-0.0,-11.2,1.6,-4.0,3.2
11.742456912994385,-20.189542252425355,-33.63769275585399,-48.73926560030982,82.37688096301754,20.189542239686805,-1.3778963690274737e-5,-20.19081571841211,-33.69045765396341,-48.317188942944796,82.14045113899165,20.19043157937746,-1.3779805720172872e-5,-19.51171875,-33.837890625,-49.833984375,82.705078125,19.51171875,0.615234375,4.39453125,0.0,8.7890625,0.0,0.0,0.0,4.1,-0.0,-11.2,2.4,-4.0,3.2
11.749125957489014,-20.189766870291166,-33.643163667034976,-48.69655690746106,82.33964318056903,20.18976685836363,-1.3779233143186519e-5,-20.190819359509874,-33.6915838835353,-48.30953339891761,82.12048365183276,20.190512747766277,-1.3779914610368621e-5,-19.51171875,-33.837890625,-49.833984375,82.705078125,19.51171875,0.615234375,4.39453125,0.0,4.39453125,0.0,0.0,0.0,4.1,-0.0,-11.2,2.4,-4.0,3.2
11.75579285621643,-20.189957485133473,-33.6482742613483,-48.65664107036074,82.3048379371384,20.18995747398849,-1.3779455284792007e-5,-20.19082196335979,-33.69256549425246,-48.30289055920243,82.10223355756261,20.190579348190337,-1.3779998649805245e-5,-19.51171875,-33.837890625,-49.74609375,82.705078125,19.51171875,0.615234375,4.39453125,0.0,4.39453125,0.0,0.0,0.0,4.1,-0.0,-10.2,2.4,-4.0,3.2
11.762459993362427,-20.190117906887885,-33.65303254861664,-48.619459189917414,82.27241434344079,20.190117896496496,-1.377963567120774e-5,-20.19082377804668,-33.69341784647394,-48.29718979942446,82.08563967544511,20.19063339528949,-1.3780061368695477e-5,-19.51171875,-33.837890625,-49.74609375,82.705078125,19.51171875,0.615234375,4.39453125,0.0,4.39453125,0.0,0.0,0.0,4.0,-0.0,-10.2,3.2,-4.0,3.2
11.76912784576416,-20.190252452885147,-33.657456262495224,-48.58487656612135,82.2422554331036,20.190252443218625,-1.3779780526240254e-5,-20.190825021925804,-33.694151286957066,-48.29233430144152,82.07059370791808,20.190677026577184,-1.3780106521701148e-5,-19.51171875,-33.837890625,-49.658203125,82.705078125,19.51171875,0.615234375,0.0,0.0,4.39453125,0.0,0.0,0.0,4.0,-0.0,-9.4,3.2,-4.0,3.2
11.775795936584473,-20.190364817875192,-33.66156132063209,-48.552772102870904,82.2142560276578,20.1903648089049,-1.3779895188992767e-5,-20.190825857791364,-33.69477469430012,-48.28823555154976,82.05699665916747,20.190712027158384,-1.3780137273731468e-5,-19.51171875,-33.837890625,-49.658203125,82.705078125,19.599609375,0.615234375,0.0,0.0,4.39453125,0.0,0.0,0.0,4.0,-0.0,-9.5,3.2,-3.1,3.2
11.78246283531189,-20.190457706102492,-33.66535378934198,-48.52310099803594,82.18837739127643,20.190457697798976,-1.3779983643158643e-5,-20.190826400390744,-33.69530110563916,-48.284829488504194,82.04479383658928,20.190739721273623,-1.3780156038250324e-5,-19.51171875,-33.837890625,-49.658203125,82.705078125,19.599609375,0.615234375,0.0,0.0,4.39453125,0.0,4.39453125,0.0,4.0,-0.0,-9.5,3.2,-3.1,3.2
11.789129972457886,-20.19053418392449,-33.66885165129131,-48.49572528954518,82.16449954454188,20.19053417625875,-1.3780050294614256e-5,-20.19082669866632,-33.69574010707637,-48.28245927751752,82.03387989327487,20.19076149370022,-1.3780165282423765e-5,-19.51171875,-33.837890625,-49.658203125,82.705078125,19.599609375,0.615234375,0.0,0.0,4.39453125,0.0,4.39453125,0.0,4.0,-0.0,-9.5,4.0,-3.2,3.2
11.795796871185303,-20.190596822867693,-33.67207049775181,-48.47052527022573,82.14251837154225,20.19059681581096,-1.3780098855578878e-5,-20.190826900695544,-33.69606150372715,-48.27982878933496,82.02416069665719,20.190778473406088,-1.3780167055342578e-5,-19.51171875,-33.837890625,-49.658203125,82.705078125,19.599609375,0.615234375,0.0,0.0,4.39453125,0.0,4.39453125,0.0,4.0,-0.0,-10.4,4.0,-3.2,3.2
11.80246376991272,-20.190647535333863,-33.67501808609025,-48.44744203748136,82.12238272703988,20.19064752885684,-1.3780132133172666e-5,-20.19082701608762,-33.69636908587134,-48.278348452423145,82.01557660293952,20.190791501685293,-1.3780162933221165e-5,-19.51171875,-33.837890625,-49.658203125,82.705078125,19.599609375,0.615234375,0.0,0.0,4.39453125,0.0,4.39453125,0.0,4.0,-0.0,-10.4,4.0,-3.2,3.2
11.809130907058716,-20.19068837511632,-33.67771102505205,-48.426347357965106,82.10398098642474,20.190688369190163,-1.378015307901639e-5,-20.190827113239944,-33.696564537304305,-48.276768736156775,82.00803171627834,20.190801412156915,-1.3780154436852199e-5,-19.51171875,-33.837890625,-49.658203125,82.705078125,19.599609375,0.615234375,0.0,0.0,0.0,0.0,0.0,0.0,4.0,-0.0,-10.4,4.0,-3.2,3.2
11.815808773040771,-20.190721100073596,-33.680168285148206,-48.4070941529475,82.0871850414712,20.190721094670675,-1.37801641581716e-5,-20.190827133529694,-33.69678648775437,-48.27574969114562,82.00142806095921,20.190808883294387,-1.3780142781296203e-5,-19.599609375,-33.837890625,-49.658203125,82.6171875,19.599609375,0.615234375,0.0,0.0,0.0,0.0,0.0,0.0,3.2,-0.0,-10.5,3.2,-3.2,3.2
11.822527885437012,-20.190747050175425,-33.68240636828004,-48.3895542872457,82.07188325889243,20.19074704526973,-1.3780167193037259e-5,-20.190827169096057,-33.69691625168075,-48.274969339432516,81.99568729601256,20.190814419781347,-1.3780128845605106e-5,-19.599609375,-33.837890625,-49.658203125,82.6171875,19.599609375,0.615234375,0.0,0.0,0.0,0.0,0.0,0.0,3.1,-0.0,-10.5,3.2,-3.2,3.2
11.829195976257324,-20.1907672234002,-33.68441154058681,-48.3738365899489,82.05817073391142,20.190767218959603,-1.3780164078201657e-5,-20.190827171713607,-33.69701574280639,-48.27444629520022,81.99079600168412,20.190818423387235,-1.3780113708950337e-5,-19.599609375,-33.837890625,-49.658203125,82.6171875,19.599609375,0.615234375,-4.39453125,0.0,0.0,0.0,0.0,0.0,3.1,-0.0,-10.5,3.2,-3.2,3.2
11.835863828659058,-20.190782903366497,-33.68621574189534,-48.359691692205644,82.04583003749907,20.190782899363242,-1.3780156355471849e-5,-20.19082717347332,-33.69706385746964,-48.27409466616188,81.98662885532366,20.19082130186731,-1.378009792165191e-5,-19.599609375,-33.837890625,-49.658203125,82.6171875,19.599609375,0.615234375,-4.39453125,0.0,0.0,0.0,0.0,0.0,3.1,-0.0,-10.4,3.2,-3.2,3.2
11.842530965805054,-20.190794879696213,-33.68782693830215,-48.347057884082055,82.0348074258146,20.190794876102196,-1.3780145199378588e-5,-20.190827173473316,-33.697127141433285,-48.27409466616188,81.98313033595355,20.190823316983952,-1.3780082030619338e-5,-19.599609375,-33.837890625,-49.658203125,82.6171875,19.599609375,0.615234375,-4.39453125,0.0,0.0,0.0,0.0,0.0,3.2,-0.0,-10.4,3.2,-3.2,3.2
11.84919786453247,-20.1908039619321,-33.68926120649223,-48.33580981461086,82.02499362457252,20.190803958720124,-1.3780131730195572e-5,-20.19082717347332,-33.697127141433285,-48.27409466616188,81.98021879400385,20.1908247085819,-1.3780066453187276e-5,-19.599609375,-33.837890625,-49.658203125,82.6171875,19.599609375,0.615234375,0.0,0.0,0.0,0.0,0.0,0.0,3.2,-0.0,-10.4,3.2,-3.2,3.2
11.855865001678467,-20.190810770309998,-33.69053175253016,-48.32584446841999,82.01629882446281,20.190810767453513,-1.3780116809503007e-5,-20.190827182962753,-33.697127141433285,-48.27337479760917,81.97844338507919,20.190825650198242,-1.3780051503778373e-5,-19.599609375,-33.837890625,-49.658203125,82.6171875,19.599609375,0.615234375,0.0,0.0,0.0,0.0,0.0,0.0,3.2,-0.0,-10.4,3.2,-3.2,3.2
11.862531900405884,-20.19081576519275,-33.6916468002917,-48.31709777012554,82.00866717397543,20.190815762665032,-1.3780101098948795e-5,-20.190827183649645,-33.69720249413861,-48.27332268985642,81.97603350789649,20.190826265599327,-1.3780037435770467e-5,-19.599609375,-33.837890625,-49.5703125,82.6171875,19.599609375,0.615234375,0.0,0.0,4.39453125,0.0,0.0,0.0,3.2,-0.0,-9.6,3.2,-3.2,3.2
11.8691987991333,-20.190819393264412,-33.69262098882195,-48.30945527653067,82.00199886895687,20.190819391039796,-1.3780085192217562e-5,-20.190827183649645,-33.69722551950674,-48.27332268985642,81.97454460004089,20.190826660022168,-1.3780024399919494e-5,-19.599609375,-33.837890625,-49.5703125,82.6171875,19.599609375,0.615234375,0.0,0.0,4.39453125,0.0,0.0,0.0,3.2,-0.0,-9.6,3.2,-3.2,3.2
11.875865936279297,-20.190821988148123,-33.693466480668135,-48.30282186566786,81.99621094998564,20.190821986201694,-1.3780069516486841e-5,-20.190827183649645,-33.69722551950674,-48.27332268985642,81.97347782773916,20.190826792247023,-1.3780012490307891e-5,-19.599609375,-33.837890625,-49.5703125,82.6171875,19.599609375,0.615234375,0.0,0.0,4.39453125,0.0,0.0,0.0,3.2,-0.0,-9.5,3.2,-3.2,3.2
11.882532835006714,-20.190823793939828,-33.69419152910867,-48.29713300693602,81.99124713973805,20.190823792246753,-1.3780054431233679e-5,-20.19082716772724,-33.69722551950674,-48.27332265178827,81.97258854661915,20.19082699981219,-1.3780017289384133e-5,-19.599609375,-33.837890625,-49.5703125,82.6171875,19.599609375,0.615234375,0.0,0.0,0.0,0.0,0.0,0.0,3.2,-0.0,-9.5,3.2,-3.2,3.2
11.889211893081665,-20.190825034824922,-33.6948102829371,-48.29227787520793,81.98701076187979,20.190825033361914,-1.378004014526457e-5,-20.1908242382912,-33.697225508939226,-48.273315647934,81.97190768607669,20.190827093582396,-1.3780037682222706e-5,-19.599609375,-33.837890625,-49.5703125,82.6171875,19.599609375,0.615234375,0.0,0.0,0.0,0.0,0.0,0.0,3.2,-0.0,-9.5,3.2,-3.2,3.2
11.895878791809082,-20.190825866560107,-33.69533147530099,-48.28818808120983,81.98344216028401,20.190825865303978,-1.3780026885568265e-5,-20.190807263613863,-33.69722121625517,-48.27327506395647,81.97119066898563,20.190827131177098,-1.3780017576802459e-5,-19.599609375,-33.837890625,-49.5703125,82.6171875,19.599609375,0.615234375,0.0,0.0,0.0,0.0,0.0,0.0,3.2,-0.0,-9.6,3.2,-3.2,3.2
11.902546882629395,-20.190826405627146,-33.69576435829646,-48.284791122882815,81.98047808498758,20.190826404555494,-1.3780014756734714e-5,-20.190762616605728,-33.69719436027332,-48.27316831947239,81.97114441141518,20.190827168186313,-1.3780007955978717e-5,-19.599609375,-33.837890625,-49.5703125,82.529296875,19.599609375,0.615234375,0.0,0.0,0.0,0.0,0.0,0.0,3.2,-0.0,-9.6,2.4,-3.2,3.2
11.909213781356812,-20.19082669866632,-33.69606150372715,-48.28245927751752,81.97844338507919,20.19082669773001,-1.3780005709614148e-5,-20.190677947816493,-33.69712318845703,-48.27296588874742,81.97114441141518,20.190827168186313,-1.3780020111230918e-5,-19.599609375,-33.837890625,-49.5703125,82.529296875,19.599609375,0.615234375,0.0,0.0,0.0,0.0,0.0,0.0,3.2,-0.0,-9.6,2.4,-3.2,3.2
11.915880918502808,-20.1908269056953,-33.69640339110892,-48.27977455764585,81.97610055249469,20.19082690429709,-1.3780038366473368e-5,-20.190541085444472,-33.69698538079132,-48.27263867077916,81.97114441141518,20.190827172475185,-1.3780004589903612e-5,-19.599609375,-33.837890625,-49.5703125,82.529296875,19.599609375,0.615234375,0.0,0.0,0.0,0.0,0.0,0.0,3.2,-0.0,-9.6,2.4,-3.2,3.2
11.922548770904541,-20.190827018844836,-33.69659041292914,-48.27830715385525,81.97482017056545,20.19082701765206,-1.3780024162293748e-5,-20.190337969957948,-33.69676128996563,-48.27215305127803,81.97047081320254,20.19082717247518,-1.3780010711689287e-5,-19.51171875,-33.837890625,-49.5703125,82.529296875,19.599609375,0.615234375,0.0,0.0,0.0,0.0,0.0,0.0,4.1,-0.0,-9.6,2.4,-3.2,3.2
11.929215908050537,-20.190827113239944,-33.69678648775437,-48.276768736156775,81.97347782773916,20.190827112280544,-1.378000795597872e-5,-20.190057543505528,-33.69642943763545,-48.271482592534305,81.97047081320254,20.190827172475185,-1.3780010711689287e-5,-19.51171875,-33.837890625,-49.5703125,82.529296875,19.599609375,0.615234375,4.39453125,0.0,0.0,0.0,0.0,0.0,4.1,-0.0,-9.6,2.4,-3.2,3.2
11.935882806777954,-20.190827133529694,-33.69691625168075,-48.27574969114562,81.97258854661915,20.19082713239619,-1.3780020111230918e-5,-20.189688346385825,-33.695967735754394,-48.270599896073506,81.97047081320254,20.190827172475185,-1.3780010711689287e-5,-19.51171875,-33.837890625,-49.5703125,82.529296875,19.599609375,0.615234375,4.39453125,0.0,0.0,0.0,0.0,0.0,4.1,-0.0,-9.6,2.4,-3.2,3.2
11.942550897598267,-20.190827169096057,-33.69701574280639,-48.274969339432516,81.97190768607669,20.19082716818631,-1.378000458990361e-5,-20.189215847575227,-33.69535856047648,-48.26947022033772,81.97047081320254,20.190827182747785,-1.3780010711689287e-5,-19.51171875,-33.837890625,-49.5703125,82.529296875,19.599609375,0.615234375,4.39453125,0.0,0.0,0.0,0.0,0.0,4.0,-0.0,-9.6,2.4,-3.2,3.2
11.949217796325684,-20.190827171761363,-33.697083573225655,-48.27443675248494,81.97144292953755,20.1908271707978,-1.3780008317447663e-5,-20.188630355201457,-33.694580843606154,-48.268070393474055,81.97047066546395,20.190827182747785,-1.3780004032056492e-5,-19.51171875,-33.837890625,-49.5703125,82.529296875,19.599609375,0.615234375,0.0,0.0,0.0,0.0,0.0,0.0,4.0,-0.0,-9.6,2.4,-3.2,3.2
11.95588493347168,-20.19082717347332,-33.697127141433285,-48.27409466616188,81.97114441141518,20.190827172475185,-1.3780010711689287e-5,-20.1879209951407,-33.693612628757755,-48.26637441703858,81.97045584585635,20.190827182747785,-1.3780004032056492e-5,-19.51171875,-33.837890625,-49.5703125,82.529296875,19.599609375,0.615234375,0.0,0.0,0.0,0.0,0.0,0.0,4.0,-0.0,-9.6,2.4,-3.2,3.2
11.962551832199097,-20.19082717347332,-33.697127141433285,-48.27409466616188,81.97114441141518,20.190827172475185,-1.3780010711689287e-5,-20.18707302076508,-33.692438543440716,-48.26434703399504,81.97037687703474,20.190827182747785,-1.3780004032056492e-5,-19.51171875,-33.837890625,-49.5703125,82.529296875,19.599609375,0.615234375,0.0,0.0,0.0,0.0,0.0,0.0,4.0,-0.0,-9.6,2.4,-3.2,3.2
11.969218969345093,-20.19082717347332,-33.697127141433285,-48.27409466616188,81.97114441141518,20.190827172475185,-1.3780010711689287e-5,-20.186077723427786,-33.69103747315169,-48.261967423239206,81.97018204704567,20.190826014692874,-1.3780004032056492e-5,-19.51171875,-33.837890625,-49.5703125,82.529296875,19.599609375,0.615234375,0.0,0.0,0.0,0.0,0.0,0.0,4.0,-0.0,-9.6,2.4,-3.2,3.2
11.975886821746826,-20.19082718307378,-33.69721995237749,-48.27336637532129,81.97050893153705,20.19082718216647,-1.3780004410051079e-5,-20.184924893798385,-33.68938771965072,-48.259211175751155,81.96982104157696,20.19081464383346,-1.3780003993575873e-5,-19.51171875,-33.837890625,-49.5703125,82.529296875,19.599609375,0.615234375,0.0,0.0,0.0,0.0,0.0,0.0,4.0,-0.0,-9.6,2.4,-3.2,3.2
11.982553958892822,-20.190827183649645,-33.69722551950674,-48.27332268985642,81.97047081320254,20.190827182747785,-1.3780004032056492e-5,-20.183599632954035,-33.687476182586565,-48.25604267037961,81.96923737162916,20.190779528407198,-1.3780000743720081e-5,-19.51171875,-33.837890625,-49.5703125,82.529296875,19.599609375,0.615234375,0.0,0.0,0.0,0.0,0.0,0.0,4.0,-0.0,-9.6,2.4,-3.2,3.2
11.98922085762024,-20.190827183649645,-33.69722551950674,-48.27332268985642,81.97047081320254,20.190827182747785,-1.3780004032056492e-5,-20.182094425017237,-33.68528199581228,-48.25244393775773,81.96838458583878,20.190708199561456,-1.3779985955391181e-5,-19.51171875,-33.837890625,-49.5703125,82.529296875,19.599609375,0.615234375,0.0,0.0,0.0,0.0,0.0,0.0,4.0,-0.0,-9.6,2.4,-3.2,3.2
11.995887994766235,-20.190827183649645,-33.69722551950674,-48.27332268985642,81.97047081320254,20.190827182747785,-1.3780004032056492e-5,-20.180399697758116,-33.68278378600431,-48.24839209208017,81.9672152043434,20.19058841072358,-1.3779951030115699e-5,-19.51171875,-33.837890625,-49.5703125,82.529296875,19.599609375,0.615234375,0.0,0.0,0.0,0.0,0.0,0.0,4.0,-0.0,-9.6,2.4,-3.2,3.2
12.002554893493652,-20.19082716706808,-33.69722549183314,-48.273322650212314,81.9704707458849,20.19082716616622,-1.3780004020739766e-5,-20.17850011916049,-33.679970183069344,-48.243850476732554,81.96567109943423,20.19040615313524,-1.3779886547810327e-5,-19.51171875,-33.837890625,-49.5703125,82.529296875,19.599609375,0.615234375,0.0,0.0,0.0,0.0,0.0,0.0,4.0,-0.0,-9.6,2.4,-3.2,3.2
12.009223937988281,-20.1908242250234,-33.69722058174491,-48.27331561621262,81.97045880180823,20.19082422412154,-1.3780002012828589e-5,-20.176388610438018,-33.67681950760222,-48.238802167369336,81.9637101995018,20.190150146208506,-1.377978440108552e-5,-19.51171875,-33.837890625,-49.5703125,82.529296875,19.599609375,0.615234375,0.0,0.0,0.0,0.0,0.0,0.0,4.0,-0.0,-9.6,2.4,-3.2,3.2
12.015890836715698,-20.190807218254122,-33.69719219851253,-48.27327495550794,81.97038975793639,20.19080721735226,-1.3779990405906936e-5,-20.174057695819855,-33.67331293490282,-48.23322929051285,81.96128911935722,20.18980900902724,-1.3779636538751028e-5,-19.51171875,-33.837890625,-49.5703125,82.529296875,19.599609375,0.615234375,0.0,0.0,0.0,0.0,0.0,0.0,4.0,-0.0,-9.6,2.4,-3.2,3.2
12.02255892753601,-20.190762499015555,-33.697117564905234,-48.273168038331434,81.970208207324,20.1907624981137,-1.3779959885548252e-5,-20.171490487818787,-33.669439062658014,-48.22709147064443,81.95834691531216,20.189368152017853,-1.3779433178554768e-5,-19.51171875,-33.837890625,-49.5703125,82.529296875,19.599609375,0.615234375,0.0,0.0,0.0,0.0,0.0,0.0,4.0,-0.0,-9.6,2.4,-3.2,3.2
12.029225826263428,-20.19067775427182,-33.6969761312376,-48.272965426010344,81.96986416166013,20.190677753369968,-1.377990204824918e-5,-20.168682757716958,-33.66517898021883,-48.220378597516515,81.95484839194,20.188817826014937,-1.3779167206120902e-5,-19.51171875,-33.837890625,-49.5703125,82.529296875,19.599609375,0.615234375,0.0,0.0,0.0,0.0,0.0,0.0,4.0,-0.0,-9.6,2.4,-3.2,3.2
12.035892963409424,-20.190540797530645,-33.69674755901757,-48.2726379824192,81.96930814637393,20.190540796628802,-1.3779808576870896e-5,-20.16562570822463,-33.660511426830595,-48.213069638092534,81.95075092176894,20.18814706003174,-1.3778830924694074e-5,-19.51171875,-33.837890625,-49.5703125,82.529296875,19.599609375,0.615234375,0.0,0.0,0.0,0.0,0.0,0.0,3.2,-0.0,-9.6,3.2,-3.2,3.2
12.04255986213684,-20.190337562964054,-33.696408373259516,-48.272152078214994,81.96848305719072,20.19033756206222,-1.3779669871649874e-5,-20.162303527894487,-33.65542877082285,-48.205126789508256,81.94599352826447,20.18734108744157,-1.377841437269587e-5,-19.51171875,-33.837890625,-49.5703125,82.529296875,19.599609375,0.615234375,0.0,0.0,0.0,0.0,0.0,0.0,3.1,-0.0,-9.6,3.2,-3.2,3.2
12.049226999282837,-20.19005701086663,-33.69594014938683,-48.27148131907239,81.96734407525085,20.190057009964807,-1.3779478398115953e-5,-20.158711940950038,-33.64991063378382,-48.1965398290058,81.94054455656757,20.186391185015346,-1.3777911191562802e-5,-19.51171875,-33.837890625,-49.5703125,82.529296875,19.599609375,0.615234375,0.0,0.0,0.0,0.0,0.0,0.0,3.1,-0.0,-9.6,3.2,-3.2,3.2
12.055893898010254,-20.18968767184421,-33.69532374569923,-48.27059828334289,81.96584463724952,20.1896876709424,-1.3779226328541393e-5,-20.15484354541633,-33.643937372827224,-48.1872910595427,81.9343650049317,20.18528719931133,-1.3777314216974355e-5,-19.51171875,-33.837890625,-49.5703125,82.529296875,19.599609375,0.615234375,0.0,0.0,0.0,0.0,0.0,0.0,3.1,-0.0,-9.6,3.2,-3.2,3.2
12.062560796737671,-20.189215054414753,-33.69453497682116,-48.26946832400672,81.96392591084692,20.18921505351296,-1.3778903772658748e-5,-20.15068195528223,-33.63750254320189,-48.17734130455649,81.92739209629201,20.18401393437601,-1.3776613197845543e-5,-19.51171875,-33.837890625,-49.5703125,82.529296875,19.599609375,0.615234375,0.0,0.0,0.0,0.0,0.0,0.0,3.2,-0.0,-10.4,3.2,-3.2,3.2
12.069227933883667,-20.188629379301062,-33.6935575217517,-48.26806806023856,81.96154819425433,20.1886293783993,-1.3778504056225405e-5,-20.146224027382456,-33.63058616507827,-48.16668304919743,81.91959898625532,20.182563871022772,-1.3775802606449275e-5,-19.51171875,-33.837890625,-49.5703125,82.529296875,19.599609375,0.615234375,0.0,0.0,0.0,0.0,0.0,0.0,3.2,-0.0,-10.4,3.2,-3.2,3.2
12.075894832611084,-20.187919868508477,-33.69237339269305,-48.26637172342526,81.95866773110211,20.187919867606745,-1.3778019823385723e-5,-20.14146299913956,-33.623169098421585,-48.15530012512928,81.91094938776075,20.180927531338796,-1.3774875742393982e-5,-19.51171875,-33.837890625,-49.5703125,82.529296875,19.599609375,0.615234375,0.0,0.0,0.0,0.0,0.0,0.0,3.2,-0.0,-10.5,3.2,-3.2,3.2
12.082572937011719,-20.18707007967414,-33.6909551483718,-48.26434000227561,81.95521776888864,20.187070078772447,-1.3777439852418857e-5,-20.13637340579243,-33.61523281912936,-48.14313164982257,81.90136226189423,20.179086096143912,-1.3773820220701714e-5,-19.51171875,-33.837890625,-49.5703125,82.529296875,19.599609375,0.615234375,0.0,0.0,0.0,0.0,0.0,0.0,3.2,-0.0,-10.5,3.2,-3.2,3.2
12.089239835739136,-20.18607438260969,-33.68929339235632,-48.26195943583044,81.95117545024473,20.186074381708043,-1.377676030078692e-5,-20.13097048333738,-33.60678419349348,-48.13021405032213,81.89084815257979,20.177039511763397,-1.377263493470672e-5,-19.51171875,-33.837890625,-49.5703125,82.529296875,19.599609375,0.615234375,0.0,0.0,0.0,0.0,0.0,0.0,3.2,-0.0,-10.5,3.2,-3.2,3.2
12.095906972885132,-20.184921222334587,-33.687368840108086,-48.25920239781675,81.94649386440315,20.184921221432994,-1.3775973282350479e-5,-20.125239145653342,-33.59779130739582,-48.11651125791301,81.87935671661684,20.174775763007577,-1.377131180999094e-5,-19.51171875,-33.837890625,-49.5703125,82.529296875,19.599609375,0.615234375,0.0,0.0,0.0,0.0,0.0,0.0,3.2,-0.0,-10.4,3.2,-3.2,3.2
12.102574825286865,-20.183595173641553,-33.685155747922565,-48.25603200881391,81.94111038829786,20.183595172740016,-1.3775068269585497e-5,-20.119162079150122,-33.58825013367845,-48.10198187832646,81.86682144424569,20.172278732360077,-1.376983996500413e-5,-19.51171875,-33.837890625,-49.5703125,82.529296875,19.599609375,0.615234375,0.0,0.0,0.0,0.0,0.0,0.0,3.2,-0.0,-10.4,3.2,-3.2,3.2
12.109242916107178,-20.18208915611639,-33.68264229903214,-48.25243134058435,81.93499627695076,20.18208915521492,-1.377404043019188e-5,-20.112739048220753,-33.57814177554909,-48.0866253482606,81.85322667122976,20.169543631113676,-1.3768215727583683e-5,-19.51171875,-33.837890625,-49.5703125,82.529296875,19.599609375,0.615234375,0.0,0.0,0.0,0.0,0.0,0.0,3.2,-0.0,-10.4,4.0,-3.2,3.2
12.115911960601807,-20.18039333974086,-33.67981208775223,-48.248376890988304,81.92811162257527,20.180393338839473,-1.3772883055296842e-5,-20.105963129271593,-33.56744686097006,-48.07042511441292,81.83853818770899,20.166561633776485,-1.3766432899380366e-5,-19.51171875,-33.837890625,-49.5703125,82.529296875,19.599609375,0.615234375,0.0,0.0,0.0,0.0,0.0,0.0,3.2,-0.0,-11.2,4.0,-3.2,3.2
12.12257981300354,-20.17849258090414,-33.67663984034519,-48.243832453861174,81.92039494532716,20.17849258000283,-1.3771585809562637e-5,-20.09881943177298,-33.55616707401452,-48.053345575699005,81.82269396277623,20.163317456633138,-1.3764481060384343e-5,-19.51171875,-33.837890625,-49.5703125,82.529296875,19.599609375,0.615234375,0.0,0.0,0.0,0.0,0.0,0.0,3.2,-0.0,-11.2,4.0,-3.2,3.2
12.129246950149536,-20.176380973617196,-33.67311570008538,-48.23878390884468,81.91182226814514,20.176380972715982,-1.3770144662220654e-5,-20.091308130188096,-33.54428257490114,-48.03538714923485,81.8056819364909,20.15980729414634,-1.376235724713335e-5,-19.51171875,-33.837890625,-49.5703125,82.44140625,19.599609375,0.615234375,0.0,0.0,0.0,0.0,0.0,0.0,3.2,-0.0,-11.2,3.2,-2.4,3.2
12.135913848876953,-20.174049355324364,-33.66922437524147,-48.23320934960471,81.90235639299888,20.17404935442325,-1.376855335993352e-5,-20.083423065620547,-33.53177521150822,-48.016535109997555,81.78747073092096,20.156023006973406,-1.3760055725412044e-5,-19.51171875,-33.837890625,-49.5703125,82.44140625,19.599609375,0.615234375,0.0,0.0,0.0,0.0,0.0,0.0,3.2,-0.0,-11.3,3.2,-2.3,3.2
12.14258098602295,-20.171481552352695,-33.66493887296665,-48.227070107248366,81.89193165821072,20.171481551451702,-1.3766800864358117e-5,-20.07514645041767,-33.518643634413074,-47.99674693030416,81.76799130597858,20.151947817517424,-1.3757565147386197e-5,-19.51171875,-33.837890625,-49.5703125,82.44140625,19.599609375,0.615234375,0.0,0.0,0.0,0.0,0.0,0.0,3.2,-0.0,-11.3,3.2,-2.4,3.2
12.149247884750366,-20.168673086338877,-33.66025171915315,-48.22035547466222,81.88052988257658,20.168673085438005,-1.3764884119063715e-5,-20.066480391410032,-33.50486981701121,-47.97602764727925,81.74723810140753,20.14757946005996,-1.375488357720602e-5,-19.51171875,-33.837890625,-49.5703125,82.44140625,19.599609375,0.615234375,0.0,0.0,0.0,0.0,0.0,0.0,2.4,-0.8,-11.3,4.0,-2.4,3.2
12.155914783477783,-20.16561538803047,-33.65514861225555,-48.21304496401363,81.86811627675128,20.165615387129737,-1.3762797275635487e-5,-20.057419388740705,-33.490436398791516,-47.95436411156714,81.72518220702622,20.142910396070935,-1.3752005688480804e-5,-19.51171875,-33.837890625,-49.5703125,82.44140625,19.599609375,0.615234375,0.0,0.0,0.0,0.0,0.0,0.0,2.4,-0.8,-12.0,4.0,-2.4,3.2
12.16258192062378,-20.162292040231527,-33.64960215300244,-48.20509932418175,81.85462419040545,20.16229203933094,-1.3760529129528703e-5,-20.047945754046353,-33.47534375575315,-47.93171403287117,81.70175417536353,20.137923703132564,-1.3748920016149392e-5,-19.51171875,-33.837890625,-49.5703125,82.44140625,19.599609375,0.615234375,0.0,0.0,0.0,0.0,0.0,0.0,2.3,-0.9,-12.0,4.0,-2.4,3.2
12.169248819351196,-20.158699766333935,-33.64360687294016,-48.19651072127452,81.84004032120596,20.158699765433507,-1.3758077444496545e-5,-20.038062612741534,-33.45957430803142,-47.90808488360169,81.67695298925554,20.13261825903798,-1.3745625415243636e-5,-19.51171875,-33.837890625,-49.5703125,82.353515625,19.599609375,0.615234375,0.0,0.0,0.0,0.0,0.0,0.0,2.3,-0.9,-12.0,3.2,-2.4,3.2
12.175915956497192,-20.154830393401,-33.63714913194945,-48.18725961499244,81.8243314887654,20.154830392500745,-1.3755436642605051e-5,-20.027764534189423,-33.443110557205685,-47.88346367989814,81.6507507891165,20.126986826584485,-1.3742116782664634e-5,-19.51171875,-33.837890625,-49.5703125,82.353515625,19.599609375,0.615234375,0.0,0.0,0.0,0.0,0.0,0.0,2.3,-0.9,-12.1,4.0,-2.4,3.2
12.182583808898926,-20.15066702124929,-33.63020072468304,-48.17730559946206,81.80742908192776,20.150667020349225,-1.375259518967617e-5,-20.017033242546443,-33.42595344075174,-47.857806726884355,81.6230760224203,20.121011977471973,-1.3738382312880633e-5,-19.51171875,-33.837890625,-49.5703125,82.353515625,19.599609375,0.615234375,0.0,0.0,0.0,0.0,0.0,0.0,2.4,-0.8,-12.9,4.0,-2.4,3.2
12.189250946044922,-20.146208154630262,-33.62275915566479,-48.16664509976219,81.78932703030154,20.146208153730395,-1.3749552065220212e-5,-20.005874407290925,-33.408088253315036,-47.83112757945602,81.59393612177506,20.114694573974596,-1.3734422176261848e-5,-19.51171875,-33.837890625,-49.5703125,82.353515625,19.599609375,0.615234375,0.0,0.0,0.0,0.0,0.0,0.0,2.4,-1.6,-12.9,4.0,-2.4,3.2
12.195918798446655,-20.141445465828117,-33.6148105264588,-48.15525820553908,81.76999152512892,20.141445464928463,-1.3746301585668284e-5,-19.994281375978005,-33.38949539911542,-47.80341033258782,81.56330081384266,20.108026922124463,-1.3730231014622026e-5,-19.51171875,-33.837890625,-49.5703125,82.353515625,19.599609375,0.615234375,0.0,0.0,0.0,0.0,0.0,0.0,2.4,-1.6,-12.9,4.0,-2.4,3.2
12.202586889266968,-20.136362397651276,-33.60632720414971,-48.143105330962754,81.7493553477281,20.136362396751846,-1.3742832450930266e-5,-19.9822373151559,-33.370179563070636,-47.77461473995195,81.53110177990868,20.10099224815383,-1.3725797410728016e-5,-19.51171875,-33.837890625,-49.5703125,82.353515625,19.599609375,0.615234375,0.0,0.0,0.0,0.0,0.0,0.0,1.5,-1.7,-12.9,4.8,-2.4,3.2
12.20925498008728,-20.130957864927353,-33.5973073776528,-48.130183881544326,81.72741409252961,20.13095786402817,-1.3739143920388667e-5,-19.969746950200722,-33.350123236583144,-47.74475209923342,81.49734586201245,20.093591443418454,-1.3721121626427797e-5,-19.51171875,-33.837890625,-49.5703125,82.265625,19.599609375,0.615234375,0.0,0.0,0.0,0.0,0.0,0.0,1.5,-1.7,-12.9,4.0,-2.4,3.2
12.215932846069336,-20.125216418012826,-33.58772526248102,-48.11645691943966,81.70410503726146,20.125216417113894,-1.3735225449841997e-5,-19.956787224813336,-33.32928031988034,-47.713767286184066,81.461958263568,20.085807048024407,-1.3716192133187434e-5,-19.51171875,-33.837890625,-49.482421875,82.265625,19.599609375,0.615234375,0.0,0.0,0.0,0.0,0.0,0.0,1.5,-1.7,-12.8,4.0,-2.4,3.2
12.222599983215332,-20.11913842498351,-33.577581472929865,-48.10192532466438,81.67942967623338,20.119138424084856,-1.373107729049771e-5,-19.943380024138,-33.307719710666404,-47.68171262499157,81.42497587366512,20.077645387500453,-1.3711012120942699e-5,-19.51171875,-33.837890625,-49.482421875,82.177734375,19.599609375,0.615234375,0.0,0.0,4.39453125,0.0,0.0,0.0,1.6,-2.5,-12.8,4.0,-2.4,3.2
12.229266881942749,-20.112715377306625,-33.5668618087912,-48.086568754557646,81.65335346660905,20.112715376408257,-1.372669363538143e-5,-19.92951110604626,-33.285390996639116,-47.6485540648042,81.38635613336999,20.069096674154572,-1.3705575174828596e-5,-19.51171875,-33.837890625,-49.482421875,82.177734375,19.599609375,0.615234375,0.0,0.0,4.39453125,0.0,0.0,0.0,1.6,-2.5,-12.8,4.8,-1.6,3.2
12.235934972763062,-20.105939286406088,-33.555552937632065,-48.07036810959931,81.6258439764659,20.10593928550802,-1.3722069032383161e-5,-19.915173740160242,-33.26227556496714,-47.61427551427019,81.34606932816955,20.060153408963615,-1.3699876094843257e-5,-19.51171875,-33.837890625,-49.482421875,82.177734375,19.599609375,0.615234375,0.0,0.0,4.39453125,0.0,0.0,0.0,1.6,-2.5,-13.6,4.8,-1.5,3.2
12.242601871490479,-20.098795121830072,-33.543629774570114,-48.05328745417144,81.59684018536134,20.098795120932323,-1.3717193223394866e-5,-19.900355111048416,-33.238387076022434,-47.57884633356204,81.30405761145543,20.050801072896448,-1.369390486769027e-5,-19.51171875,-33.837890625,-49.39453125,82.08984375,19.599609375,0.615234375,0.0,0.0,4.39453125,0.0,0.0,0.0,1.6,-3.3,-12.8,4.0,-1.6,3.2
12.249269962310791,-20.091281606471977,-33.53109018819442,-48.035323734898455,81.56633690851372,20.09128160557456,-1.371206533680618e-5,-19.885056482289567,-33.2136990347111,-47.54226954371232,81.26032149241597,20.041039422000825,-1.368766115603465e-5,-19.51171875,-33.837890625,-49.39453125,82.08984375,19.599609375,0.615234375,0.0,0.0,4.39453125,0.0,0.0,0.0,0.8,-3.3,-13.6,4.8,-1.6,3.2
12.255936861038208,-20.083395358824347,-33.51792853498093,-48.01646886708926,81.53432041772086,20.08339535792729,-1.3706683064777718e-5,-19.86928005911502,-33.18820733365555,-47.504550417107474,81.21485728811847,20.030866807833583,-1.3681143520876251e-5,-19.51171875,-33.92578125,-49.306640625,82.08984375,19.599609375,0.615234375,0.0,0.0,4.39453125,0.0,0.0,0.0,0.8,-4.1,-12.8,4.8,-1.6,3.2
12.26260495185852,-20.075115920327878,-33.50411067087596,-47.99667393731269,81.50070765557635,20.075115919431184,-1.3701032444581384e-5,-19.85300222974241,-33.16190928045914,-47.46563250141996,81.16757603270187,20.020261742298654,-1.3674337480135974e-5,-19.51171875,-33.92578125,-49.21875,82.001953125,19.599609375,0.615234375,0.0,-4.39453125,4.39453125,0.0,0.0,0.0,0.7,-4.1,-12.8,4.8,-1.6,3.2
12.269271850585938,-20.066448581333745,-33.48964542514418,-47.97595159402678,81.4655200997826,20.066448580437438,-1.369511708682016e-5,-19.836236221347075,-33.134796608089104,-47.42554742089665,81.11851405146406,20.00923210309877,-1.3667247949789637e-5,-19.51171875,-33.92578125,-49.21875,82.001953125,19.599609375,0.615234375,0.0,-4.39453125,4.39453125,0.0,0.0,0.0,0.7,-4.9,-12.8,4.8,-1.6,3.2
12.275938987731934,-20.057385949411934,-33.474520460283074,-47.954284163009625,81.42872773864353,20.057385948516036,-1.3688931946246787e-5,-19.818975653491687,-33.10685146054094,-47.38427992084257,81.06764357310239,19.997770903505447,-1.365987009416096e-5,-19.51171875,-33.92578125,-49.130859375,81.9140625,19.599609375,0.615234375,0.0,-4.39453125,4.39453125,-8.7890625,0.0,0.0,0.7,-4.9,-12.8,4.0,-1.6,3.2
12.28260588645935,-20.047910880684345,-33.45870716423421,-47.93163065574936,81.39026097165456,20.047910879788866,-1.3682465322364437e-5,-19.801203790532227,-33.07808324536826,-47.341789988773975,81.01489519374644,19.98586100976631,-1.365219221022679e-5,-19.51171875,-33.92578125,-49.130859375,81.826171875,19.599609375,0.615234375,0.0,0.0,8.7890625,-8.7890625,0.0,0.0,-0.1,-4.9,-12.8,4.8,-1.6,3.2
12.289272785186768,-20.03802639460659,-33.44221057627985,-47.907998291323935,81.3501320571643,20.038026393711554,-1.3675719275916345e-5,-19.782928226829252,-33.04847366344331,-47.29809578169924,80.96029024154998,19.97350704404826,-1.3644217174396187e-5,-19.51171875,-33.92578125,-49.04296875,81.826171875,19.599609375,0.615234375,0.0,0.0,8.7890625,-8.7890625,0.0,0.0,-0.1,-5.7,-12.0,4.8,-0.8,3.2
12.295939922332764,-20.02772695266467,-33.42502145298712,-47.88337382795424,81.30831850998204,20.027726951770095,-1.3668690026931315e-5,-19.764145777207272,-33.01801001663962,-47.253189684328355,80.90381074644073,19.960704259731024,-1.3635941607862376e-5,-19.51171875,-33.92578125,-49.04296875,81.826171875,19.599609375,0.615234375,0.0,0.0,8.7890625,0.0,0.0,0.0,-0.1,-5.7,-12.7,4.8,-0.7,3.2
12.30260682106018,-20.016995383805504,-33.40711113694428,-47.85771621215698,81.26475061927857,20.01699538291141,-1.3661365856365914e-5,-19.744839854308943,-32.98670288458171,-47.207032038709386,80.84538752913681,19.94743555454678,-1.3627353818745905e-5,-19.51171875,-33.92578125,-48.955078125,81.826171875,19.599609375,0.615234375,0.0,0.0,8.7890625,0.0,0.0,0.0,-0.0,-5.7,-11.9,5.6,-0.8,3.2
12.309273958206177,-20.005835199099064,-33.38848548790714,-47.83103383838832,81.21944263925236,20.005835198205464,-1.3653749160484441e-5,-19.72501800661906,-32.954533066616655,-47.159640892168454,80.78504294951462,19.933705876042882,-1.3618456935671464e-5,-19.51171875,-33.92578125,-48.955078125,81.73828125,19.599609375,0.615234375,0.0,0.0,8.7890625,0.0,0.0,0.0,-0.0,-6.5,-11.9,5.6,-0.8,3.2
12.31594181060791,-19.994240801651603,-33.36913516501069,-47.803313325291725,81.17237184770336,19.994240800758526,-1.36458361194722e-5,-19.70467659387335,-32.921487110618166,-47.11100754136467,80.72275809640428,19.91951029817331,-1.360924747944297e-5,-19.51171875,-33.92578125,-48.8671875,81.73828125,19.599609375,0.615234375,0.0,0.0,8.7890625,0.0,0.0,0.0,-0.0,-6.5,-12.1,5.6,-0.8,3.2
12.322608947753906,-19.98219665200239,-33.34903423386862,-47.77451752028318,81.12347515772079,19.98219665110985,-1.363761612782851e-5,-19.68380207738154,-32.8875814566798,-47.06109961726437,80.65847290667479,19.904833777657174,-1.3599715085155203e-5,-19.51171875,-33.92578125,-48.8671875,81.650390625,19.599609375,0.615234375,0.0,0.0,4.39453125,0.0,0.0,0.0,-0.0,-7.3,-12.9,6.4,-0.8,3.2
12.32927680015564,-19.96970539557892,-33.32818710953364,-47.744652748194,81.07276330917851,19.969705394686937,-1.3629090991026772e-5,-19.662399653558797,-32.852792164112834,-47.00992954373826,80.5922036066484,19.88967994697779,-1.3589862066128892e-5,-19.51171875,-33.92578125,-48.8671875,81.5625,19.599609375,0.615234375,0.0,0.0,4.39453125,0.0,0.0,0.0,-0.0,-7.3,-12.9,5.6,-0.0,3.2
12.335943937301636,-19.956765418408708,-33.30659109838679,-47.71371515025135,81.020229749691,19.9567654175173,-1.362025960754959e-5,-19.64047214524144,-32.81711647737421,-46.95750406977622,80.52395177611382,19.874048602128806,-1.3579688029941443e-5,-19.51171875,-33.92578125,-48.779296875,81.474609375,19.599609375,0.615234375,0.0,0.0,4.39453125,-8.7890625,0.0,0.0,-0.0,-7.3,-12.9,4.6,0.1,3.2
12.342610836029053,-19.94335778297459,-33.284214594898486,-47.68165944961403,80.96579759695996,19.943357782083787,-1.3611109052762411e-5,-19.61800025959661,-32.78056220299955,-46.90377706902903,80.45363948004513,19.857920605820603,-1.3569179946025567e-5,-19.51171875,-33.92578125,-48.69140625,81.38671875,19.599609375,0.615234375,0.0,0.0,4.39453125,-8.7890625,0.0,0.0,-0.0,-8.2,-12.9,5.6,-0.0,3.2
12.349277973175049,-19.929487675471744,-33.26106625450352,-47.6484980457182,80.90948790583653,19.92948767458156,-1.360164286618294e-5,-19.59499277331978,-32.74311042464471,-46.84876952529534,80.3812950419641,19.84130243477857,-1.3558342012592703e-5,-19.51171875,-33.92578125,-48.69140625,81.298828125,19.599609375,0.615234375,0.0,0.0,4.39453125,-8.7890625,0.0,0.0,-0.0,-8.2,-12.9,5.6,-0.0,3.2
12.355945825576782,-19.915150120736502,-33.237137773965436,-47.61421904367324,80.85128047821267,19.915150119846956,-1.359185765232001e-5,-19.571446501361294,-32.70474872228091,-46.79247382358603,80.30690175557375,19.824189728710582,-1.3547171146416803e-5,-19.51171875,-33.92578125,-48.603515625,81.298828125,19.599609375,0.615234375,0.0,0.0,4.39453125,-13.18359375,0.0,0.0,-0.0,-8.2,-11.9,5.6,-0.0,3.2
12.362612962722778,-19.900330018625294,-33.21240395209072,-47.57878634123843,80.79111401071206,19.900330017736408,-1.3581743105501775e-5,-19.547348733578527,-32.66549633737493,-46.73485957580401,80.23040209722733,19.806568016595175,-1.3535657349878952e-5,-19.51171875,-33.92578125,-48.603515625,81.123046875,19.599609375,0.615234375,0.0,0.0,8.7890625,-13.18359375,0.0,0.0,-0.0,-8.9,-12.7,4.8,-0.0,3.2
12.369279861450195,-19.885033441313322,-33.18687492295933,-47.54221445609896,80.72901315507659,19.885033440425122,-1.3571303369916977e-5,-19.522708927150592,-32.62533468327185,-46.675949392685084,80.15182760605336,19.788444594805537,-1.3523805392428294e-5,-19.51171875,-33.92578125,-48.603515625,81.123046875,19.599609375,0.615234375,0.0,0.0,8.7890625,-13.18359375,0.0,0.0,-0.0,-8.9,-13.5,5.6,-0.0,3.2
12.37595796585083,-19.86922954777697,-33.16049921483521,-47.50442965186598,80.6648527032995,19.86922954688948,-1.3560517396926756e-5,-19.497482452987008,-32.58418371592603,-46.615636572583675,80.07102903641973,19.769784510321365,-1.3511592175338127e-5,-19.51171875,-33.92578125,-48.515625,81.03515625,19.599609375,0.615234375,0.0,0.0,8.7890625,-8.7890625,0.0,0.0,-0.0,-8.9,-12.8,4.8,-0.0,3.2
12.382624864578247,-19.85295280765778,-33.13333435539037,-47.46551434042449,80.59877259480571,19.852952806771007,-1.3549408711659374e-5,-19.471735917543672,-32.54219344552776,-46.55408036182039,79.98820265009857,19.750631882436082,-1.3499046039617201e-5,-19.51171875,-33.92578125,-48.515625,80.947265625,19.599609375,0.615234375,0.0,0.0,4.39453125,-8.7890625,0.0,0.0,-0.0,-9.7,-13.6,5.6,-0.0,3.2
12.389405965805054,-19.83589436132143,-33.10486487724666,-47.42473008344026,80.52951892506678,19.835894360435425,-1.3537766521017187e-5,-19.444984909427475,-32.4985346996642,-46.490122603412246,79.90178446505602,19.730624618020023,-1.3485929590073738e-5,-19.51171875,-33.92578125,-48.515625,80.947265625,19.599609375,0.615234375,0.0,0.0,4.39453125,-8.7890625,0.0,0.0,-0.0,-9.7,-14.4,6.4,-0.0,3.2
12.39607286453247,-19.818623701948525,-33.076041228841085,-47.38343845603978,80.4594037154632,19.818623701063288,-1.3525979497452961e-5,-19.418127535118877,-32.454675333282495,-46.42591053895305,79.81466866008236,19.71043223358475,-1.3472681509062738e-5,-19.51171875,-33.92578125,-48.427734375,80.859375,19.599609375,0.615234375,0.0,0.0,4.39453125,-8.7890625,0.0,0.0,-0.0,-10.5,-13.8,5.6,-0.0,3.2
12.402740001678467,-19.80084067165528,-33.04636246547189,-47.34092182450502,80.38720838872575,19.80084067077084,-1.3513842786712276e-5,-19.390701454678048,-32.40989531083695,-46.36033878108519,79.72534934007928,19.68970520616782,-1.3459072260847277e-5,-19.51171875,-33.92578125,-48.33984375,80.771484375,19.599609375,0.615234375,0.0,0.0,8.7890625,-8.7890625,0.0,0.0,-0.0,-11.4,-13.8,6.4,-0.0,3.2
12.409406900405884,-19.78255588540558,-33.01584630284874,-47.29720556766629,80.31297603935374,19.782555884521955,-1.3501363633384165e-5,-19.36272165489563,-32.36417741661624,-46.29344316103908,79.633878217945,19.668455671481688,-1.3445109863261008e-5,-19.51171875,-33.92578125,-48.251953125,80.68359375,19.599609375,0.615234375,0.0,0.0,8.7890625,-8.7890625,0.0,0.0,-0.0,-11.4,-13.0,6.4,-0.0,3.2
12.416074991226196,-19.763759696604225,-32.984476641408655,-47.252266621921564,80.23666750421911,19.763759695721443,-1.348853545377993e-5,-19.334178377895075,-32.31751457427933,-46.22520034915519,79.5402160828999,19.646673981874795,-1.3430787734415734e-5,-19.51171875,-33.92578125,-48.251953125,80.595703125,19.599609375,0.615234375,0.0,0.0,8.7890625,-13.18359375,0.0,0.0,-0.0,-12.2,-14.2,5.6,-0.0,3.2
12.422741889953613,-19.74444294469751,-32.95223819276144,-47.20608308572311,80.15824559341907,19.744442943815592,-1.347535199592852e-5,-19.305067012967072,-32.26993146322652,-46.15559932190013,79.44433356287708,19.62435230938525,-1.3416100285229846e-5,-19.51171875,-33.92578125,-48.1640625,80.5078125,19.599609375,0.615234375,0.0,0.0,4.39453125,-13.18359375,0.0,0.0,-0.0,-12.1,-13.4,6.4,-0.0,3.2
12.429419994354248,-19.724578601539356,-32.919085848624725,-47.15859033871608,80.07760057841999,19.72457860065832,-1.346179481343551e-5,-19.27534567929002,-32.221317223398295,-46.08453994833829,79.34609521337163,19.60145923487713,-1.3401026882739657e-5,-19.51171875,-33.92578125,-48.1640625,80.419921875,19.599609375,0.615234375,0.0,0.0,4.39453125,-13.18359375,0.0,0.0,-0.0,-12.1,-14.2,6.4,-0.0,3.2
12.436086893081665,-19.704227738167205,-32.885121532733635,-47.10993439284298,79.99498039466542,19.70422773728708,-1.3447905586571586e-5,-19.245110464776058,-32.171839160002804,-46.01225196065191,79.24581159973047,19.57806661744905,-1.3385614609871316e-5,-19.51171875,-33.92578125,-48.076171875,80.33203125,19.599609375,0.615234375,0.0,0.0,4.39453125,-13.18359375,0.0,0.0,-0.0,-12.9,-14.6,5.6,-0.0,3.2
12.442753791809082,-19.683342257471658,-32.85026497402607,-47.06000025493082,79.91018977810462,19.683342256592468,-1.3433651489620611e-5,-19.21429798828393,-32.121424762647635,-45.93858382377723,79.14325994436322,19.55412161333771,-1.33698282614587e-5,-19.51171875,-33.92578125,-47.98828125,80.244140625,19.599609375,0.615234375,0.0,0.0,8.7890625,-13.18359375,0.0,0.0,-0.0,-13.8,-14.6,6.4,-0.0,3.2
12.449420928955078,-19.661931771085502,-32.81453221371495,-47.00881090499162,79.8232677499257,19.661931770207268,-1.3419039082409855e-5,-19.182920723673266,-32.0700520068837,-45.86356536089315,79.03848514363281,19.529634880397136,-1.3353674932281273e-5,-19.51171875,-33.92578125,-47.98828125,80.15625,19.599609375,0.615234375,0.0,0.0,8.7890625,-13.18359375,0.0,0.0,-0.0,-13.8,-14.6,7.2,-0.0,3.2
12.45609998703003,-19.639951905203674,-32.77784919469984,-46.956260251729994,79.73403416190293,19.639951904326416,-1.3404038080334963e-5,-19.150918640427268,-32.017633678489176,-45.78705304779026,78.931279061542,19.504557225095652,-1.3337121924451508e-5,-19.51171875,-33.92578125,-47.900390625,80.068359375,19.599609375,0.615234375,0.0,0.0,8.7890625,-17.578125,0.0,0.0,-0.0,-14.6,-14.4,6.4,-0.0,3.2
12.462767839431763,-19.617464085758822,-32.74031843301372,-46.90249515559111,79.642738390279,19.61746408488257,-1.3388690405878458e-5,-19.11838921148116,-31.964359930838974,-45.70927992803893,78.82195548024731,19.478961164373803,-1.332021671387022e-5,-19.51171875,-33.92578125,-47.8125,79.892578125,19.599609375,0.615234375,0.0,0.0,13.18359375,-17.578125,0.0,0.0,-0.9,-15.4,-14.4,6.4,-0.0,3.2
12.469434976577759,-19.594445149291975,-32.701901270294876,-46.84746023612326,79.54928639632926,19.594445148416753,-1.3372980250249785e-5,-19.085296566932094,-31.910128996512196,-45.63016024193358,78.71039831322602,19.452819767883604,-1.330294161523307e-5,-19.51171875,-33.92578125,-47.724609375,79.892578125,19.599609375,0.615234375,0.0,0.0,13.18359375,-17.578125,0.0,0.0,-0.9,-15.4,-13.6,7.2,-0.0,3.2
12.47611379623413,-19.570845528739603,-32.662514982219854,-46.79103698570758,79.45347694830141,19.57084552786543,-1.3356873784506268e-5,-19.051574206783034,-31.85484489152511,-45.54953499768122,78.59637593722253,19.426078229375047,-1.3285260174514087e-5,-19.51171875,-33.92578125,-47.63671875,79.716796875,19.599609375,0.615234375,0.0,0.0,13.18359375,-13.18359375,0.0,0.0,-1.7,-16.2,-14.4,5.6,-0.0,3.2
12.482780933380127,-19.546734053450713,-32.622274440659695,-46.733389965277844,79.35558947873645,19.546734052577623,-1.3340417983875733e-5,-19.01732785205456,-31.798709798671144,-45.46765695882119,78.48023395498032,19.398816784456933,-1.326722508187606e-5,-19.51171875,-33.92578125,-47.63671875,79.62890625,19.599609375,0.615234375,0.0,0.0,8.7890625,-13.18359375,0.0,0.0,-1.7,-16.1,-14.4,6.4,-0.0,3.2
12.48944878578186,-19.52207825397165,-32.58112545613059,-46.674441545106475,79.25549216854743,19.52207825309966,-1.3323590688334807e-5,-18.982509034267167,-31.741601091979803,-45.3844102442888,78.36181244381223,19.370998146194985,-1.3248811772249843e-5,-19.51171875,-33.92578125,-47.548828125,79.541015625,19.599609375,0.615234375,0.0,0.0,8.7890625,-13.18359375,0.0,0.0,-1.7,-16.1,-14.4,7.2,-0.0,3.2
12.496115922927856,-19.49687810837819,-32.5390679920424,-46.61419167277585,79.15318492872667,19.496878107507325,-1.3306391882920458e-5,-18.94712176706186,-31.683539945995072,-45.29980445011423,78.24111866473413,19.342623564933668,-1.3230020869847809e-5,-19.51171875,-33.92578125,-47.4609375,79.453125,19.599609375,0.615234375,0.0,0.0,8.7890625,-13.18359375,0.0,0.0,-2.5,-16.9,-14.4,6.4,-0.0,3.2
12.502782821655273,-19.47111873123588,-32.49607720553766,-46.552604759383456,79.04860732757125,19.471118730366168,-1.3288811408497316e-5,-18.911152012006465,-31.62453106769874,-45.21380601245387,78.11809352490351,19.313678378345966,-1.3210842324895273e-5,-19.51171875,-33.92578125,-47.4609375,79.27734375,19.599609375,0.615234375,0.0,0.0,8.7890625,-13.18359375,0.0,0.0,-2.5,-17.8,-15.2,6.4,-0.0,3.2
12.50944995880127,-19.44480971784398,-32.452169110569635,-46.48970374589019,78.94179831995854,19.44480971697544,-1.3270855813745187e-5,-18.87461120604431,-31.564550198180896,-45.12644227537099,77.99277993818538,19.28417289371605,-1.3191283052291332e-5,-19.51171875,-33.92578125,-47.373046875,79.189453125,19.599609375,0.615234375,0.0,0.0,8.7890625,-17.578125,0.0,0.0,-3.3,-17.8,-15.2,7.2,-0.0,3.2
12.516116857528687,-19.417947929468635,-32.40733846878819,-46.42548112804125,78.83274516329567,19.417947928601297,-1.325252295651484e-5,-18.83749878628737,-31.503611241841405,-45.037711893082395,77.8651698851418,19.25410479138716,-1.3171341321877007e-5,-19.51171875,-33.92578125,-47.28515625,79.013671875,19.599609375,0.615234375,0.0,0.0,8.7890625,-17.578125,0.0,0.0,-3.3,-18.6,-15.3,5.6,-0.0,3.2
12.522783994674683,-19.390518526233002,-32.361560513368666,-46.35990142585568,78.72138761083392,19.390518525366893,-1.3233802708763425e-5,-18.799800825925363,-31.441718965843968,-44.94758156861613,77.73520457998953,19.223459475806944,-1.3151007125655467e-5,-19.51171875,-33.92578125,-47.197265625,78.92578125,19.599609375,0.615234375,0.0,0.0,13.18359375,-17.578125,0.0,0.0,-4.1,-19.4,-15.3,6.4,0.9,3.2
12.5294508934021,-19.362535393780885,-32.31485841858054,-46.292997837882425,78.60778203533842,19.362535392916023,-1.3214704547280869e-5,-18.761534325594845,-31.37885820936185,-44.856091948014424,77.60294664487468,19.192251939655087,-1.3130290504641711e-5,-19.51171875,-33.92578125,-47.109375,78.837890625,19.599609375,0.615234375,0.0,0.0,13.18359375,-17.578125,0.0,0.0,-4.1,-19.4,-15.3,8.0,0.9,3.2
12.536117792129517,-19.33399282679671,-32.26722266260962,-46.22475672354414,78.49190527443953,19.33399282593312,-1.3195224578255838e-5,-18.72269504592886,-31.315037012412134,-44.76323289556926,77.46837563332454,19.16047694995588,-1.3109187803053664e-5,-19.51171875,-33.92578125,-47.021484375,78.662109375,19.599609375,0.615234375,0.0,0.0,13.18359375,-17.578125,0.0,0.0,-5.0,-20.2,-15.2,6.6,0.8,3.2
12.542784929275513,-19.304877147411705,-32.218630417949896,-46.15514538105171,78.37370179889459,19.304877146549416,-1.3175353466702456e-5,-18.68327065862445,-31.250262628042577,-44.66897493610654,77.33143827457651,19.128121211292708,-1.3087689875368005e-5,-19.51171875,-33.92578125,-46.93359375,78.57421875,19.599609375,0.615234375,0.0,0.0,8.7890625,-17.578125,0.0,0.0,-5.0,-21.0,-15.2,7.2,1.7,3.2
12.54945182800293,-19.275202814457234,-32.169105815485,-46.08419837936187,78.25323030848851,19.275202813596273,-1.3155101080604458e-5,-18.643278552804002,-31.18452058039159,-44.57335964448139,77.19219917387471,19.095200229650242,-1.3065807123595313e-5,-19.51171875,-33.92578125,-46.93359375,78.3984375,19.599609375,0.615234375,0.0,0.0,8.7890625,-17.578125,0.0,0.0,-5.0,-21.8,-16.1,7.2,1.7,3.2
12.556119918823242,-19.244958876563633,-32.118630578065115,-46.01188953534721,78.13044634298603,19.24495887570402,-1.3134459945779801e-5,-18.60270738327161,-31.117807378836083,-44.4763598959853,77.05061319831903,19.06170293954837,-1.3043532017003628e-5,-19.51171875,-33.92578125,-46.7578125,78.22265625,19.599609375,0.615234375,0.0,0.0,8.7890625,-17.578125,0.0,0.0,-5.7,-22.6,-16.1,7.2,2.4,3.2
12.56545376777649,-19.201660502519292,-32.04636830463128,-45.908369438662845,77.95466413884063,19.201660501661614,-1.3104909310558887e-5,-18.544943856021263,-31.022820457620536,-44.338255727924356,76.84846639259865,19.013841374705997,-1.30116891498458e-5,-19.51171875,-33.837890625,-46.669921875,78.046875,19.599609375,0.615234375,0.0,0.0,13.18359375,-17.578125,0.0,0.0,-5.7,-22.6,-16.1,6.4,2.5,3.2
12.572121858596802,-19.170050650897014,-31.993613442779136,-45.832794894159974,77.82633485365356,19.17005065004075,-1.3083335955547439e-5,-18.50299611067911,-30.953807342897736,-44.237964787459404,76.70127482793353,18.978965956969216,-1.2988475120170823e-5,-19.51171875,-33.837890625,-46.58203125,77.87109375,19.599609375,0.615234375,0.0,0.0,13.18359375,-26.3671875,0.0,0.0,-6.5,-22.6,-16.0,6.4,3.3,3.2
12.578788995742798,-19.13786605843268,-31.939899374471803,-45.755846228137486,77.69567224269481,19.137866057577853,-1.306137034661549e-5,-18.460473826856006,-30.883857299197913,-44.13630020929072,76.551733285386,18.943512173891573,-1.296486677959942e-5,-19.51171875,-33.75,-46.494140625,77.783203125,19.599609375,0.615234375,0.0,4.39453125,13.18359375,-26.3671875,0.0,0.0,-6.5,-22.6,-16.0,7.2,3.3,3.2
12.585455894470215,-19.10511648075739,-31.885242381246357,-45.677546764886365,77.56271591175503,19.105116479904027,-1.3039019141867468e-5,-18.417387515858977,-30.812944762149094,-44.03328712442021,76.39988329576897,18.907490138516053,-1.2940870973520848e-5,-19.51171875,-33.75,-46.494140625,77.6953125,19.599609375,0.615234375,0.0,4.39453125,13.18359375,-26.3671875,0.0,0.0,-7.3,-23.3,-16.8,7.2,3.2,3.2
12.592122793197632,-19.071796777033665,-31.82963388336714,-45.59788421341406,77.42744499012572,19.071796776181785,-1.3016278832741763e-5,-18.373733468411494,-30.741079244744718,-43.92891666450873,76.24570663827453,18.8708951707606,-1.2916484425530356e-5,-19.51171875,-33.662109375,-46.40625,77.51953125,19.599609375,0.615234375,0.0,4.39453125,13.18359375,-17.578125,0.0,0.0,-7.3,-23.3,-16.9,6.4,3.2,3.2
12.607077836990356,-18.9949548279152,-31.701389484796877,-45.41416632151328,77.11548299420784,18.994954827066756,-1.2963835098809904e-5,-18.27372793665649,-30.57642804312991,-43.68981802524697,75.89130915322683,18.78669902466141,-1.2860343442510702e-5,-19.423828125,-33.57421875,-46.23046875,77.255859375,19.599609375,0.615234375,4.39453125,8.7890625,8.7890625,-17.578125,0.0,0.0,-7.4,-23.2,-16.9,6.4,4.1,3.2
12.613744974136353,-18.959771854097227,-31.642671305872973,-45.33004896302887,76.97264759166409,18.959771853250356,-1.293982312957944e-5,-18.2282304590955,-30.501474144242046,-43.58104019282341,75.72955157124477,18.748235650962588,-1.283468192616354e-5,-19.423828125,-33.486328125,-46.142578125,77.080078125,19.599609375,0.615234375,4.39453125,8.7890625,8.7890625,-17.578125,0.0,0.0,-8.2,-23.2,-16.8,6.2,4.8,3.2
12.62041187286377,-18.9240101053706,-31.58298718788949,-45.24454783816005,76.82746248589493,18.924010104525323,-1.2915416153225077e-5,-18.18216467324242,-30.42558687005613,-43.47090361816894,75.56544730184925,18.70919332594649,-1.2808625092001085e-5,-19.423828125,-33.3984375,-46.0546875,76.9921875,19.599609375,0.615234375,4.39453125,8.7890625,13.18359375,-17.578125,0.0,0.0,-8.0,-22.4,-16.8,7.8,5.6,3.2
12.627079963684082,-18.887665549589464,-31.52233040144762,-45.15765330663422,76.6799113072444,18.887665548745808,-1.2890611417854307e-5,-18.135526038777925,-30.34874858810889,-43.35939744604232,75.39897926548458,18.669567904340422,-1.2782170134435619e-5,-19.423828125,-33.310546875,-45.87890625,76.81640625,19.599609375,0.615234375,0.0,8.7890625,13.18359375,-21.97265625,0.0,0.0,-8.8,-22.4,-16.8,7.6,5.8,3.2
12.633746862411499,-18.8507576058939,-31.460733355875472,-45.06941179678277,76.53007289329757,18.850757605051896,-1.2865422176803719e-5,-18.08833923162133,-30.270967711644225,-43.24658067296732,75.23023625099246,18.62938054406966,-1.2755331185503339e-5,-19.423828125,-33.310546875,-45.791015625,76.728515625,19.51171875,0.615234375,0.0,8.7890625,13.18359375,-21.97265625,0.0,0.0,-9.6,-23.2,-16.8,7.8,5.6,3.2
12.640413999557495,-18.8132676638725,-31.39816499156243,-44.9797788138266,76.37787168973608,18.81326766303217,-1.2839835728684607e-5,-18.040585425413866,-30.19225518655925,-43.132408287866205,75.0591421222533,18.58861252618142,-1.2728095486832145e-5,-19.3359375,-33.22265625,-45.791015625,76.552734375,19.51171875,0.615234375,0.0,8.7890625,13.18359375,-21.97265625,-4.39453125,0.0,-9.0,-23.2,-17.6,8.6,5.6,3.2
12.647081851959229,-18.775197103344247,-31.33462761133991,-44.888757656711626,76.22331329833195,18.775197102505615,-1.2813853015207325e-5,-17.99226688699106,-30.112604422393435,-43.01688571041207,74.88570433032147,18.547265561001687,-1.2700464149505933e-5,-19.3359375,-33.134765625,-45.615234375,76.376953125,19.423828125,0.615234375,4.39453125,8.7890625,13.18359375,-21.97265625,-4.39453125,0.0,-9.0,-23.2,-16.8,8.3,4.8,3.2
12.653748989105225,-18.736560769875858,-31.270145991528647,-44.796383819022466,76.06645798893362,18.73656076903896,-1.2787484168298003e-5,-17.943402136743043,-30.03201424464405,-42.900057220156256,74.70999019462593,18.505355729836335,-1.26724479311905e-5,-19.248046875,-33.046875,-45.52734375,76.201171875,19.3359375,0.615234375,4.39453125,8.7890625,13.18359375,-21.97265625,-4.39453125,0.0,-9.0,-23.2,-17.6,7.7,4.7,3.2
12.660415887832642,-18.6973454645406,-31.204698103946875,-44.70262574405053,75.90725217670133,18.69734546370545,-1.2760720179843099e-5,-17.893979287476164,-29.950506668787746,-42.781894396552666,74.53194835985303,18.462870212981333,-1.2644038012183614e-5,-19.16015625,-32.958984375,-45.439453125,76.11328125,19.3359375,0.615234375,4.39453125,17.578125,17.578125,-21.97265625,-8.7890625,0.0,-7.8,-23.2,-17.6,9.3,4.7,3.2
12.667083978652954,-18.657547242675356,-31.138277365199006,-44.60747400068168,75.74567984714051,18.657547241841982,-1.2733558357656048e-5,-17.84399374288831,-29.868063621701715,-42.662386250513364,74.35156181972982,18.4198049029356,-1.2615231621334756e-5,-19.072265625,-32.783203125,-45.263671875,75.849609375,19.3359375,0.615234375,8.7890625,17.578125,17.578125,-26.3671875,-8.7890625,0.0,-7.8,-22.3,-16.8,8.4,4.8,3.2
12.673750877380371,-18.617187248014083,-31.070919062852273,-44.510979140499714,75.58182683932111,18.617187247182514,-1.2706013132088646e-5,-17.79347166781664,-29.784697142776366,-42.54159533834753,74.16892595546999,18.376182612249195,-1.2586044032810033e-5,-19.072265625,-32.6953125,-45.17578125,75.5859375,19.3359375,0.615234375,8.7890625,17.578125,17.578125,-26.3671875,-8.7890625,0.0,-8.6,-21.5,-16.8,6.8,5.6,3.2
12.680417776107788,-18.57624812937496,-31.002594238871332,-44.413099679359796,75.41562271112946,18.576248128545217,-1.2678072661161687e-5,-17.742395988109244,-29.700420239776456,-42.41948083824843,73.9839706442761,18.331986037291546,-1.2556463426098836e-5,-18.984375,-32.6953125,-45.17578125,75.498046875,19.248046875,0.615234375,8.7890625,13.18359375,13.18359375,-26.3671875,-4.39453125,0.0,-8.0,-22.3,-17.6,8.4,5.6,3.2
12.687084913253784,-18.534733370360073,-30.93330870716982,-44.313843946046404,75.24708160525034,18.534733369532187,-1.2649739322392971e-5,-17.690771275837328,-29.615229864939668,-42.2960536813714,73.79671225008994,18.28721905672392,-1.2526492380569502e-5,-18.896484375,-32.51953125,-45.0,75.322265625,19.16015625,0.615234375,8.7890625,13.18359375,13.18359375,-26.3671875,-4.39453125,0.0,-8.0,-21.6,-17.7,8.2,4.9,3.2
12.693751811981201,-18.4926530706668,-30.863079323509844,-44.21323608746276,75.07624452431034,18.49265306984079,-1.2621020008708139e-5,-17.638609637140917,-29.529115443687807,-42.171342811731414,73.6071957495506,18.24189247210645,-1.2496138146205223e-5,-18.80859375,-32.51953125,-44.912109375,75.146484375,19.072265625,0.615234375,8.7890625,13.18359375,13.18359375,-26.3671875,-4.39453125,0.0,-8.0,-22.4,-17.7,7.8,4.7,3.2
12.700418949127197,-18.449994242269227,-30.791884411689935,-44.11124505113341,74.90305873968235,18.449994241445122,-1.259190585593101e-5,-17.585899513419992,-29.4420985726151,-42.0453205944018,73.41537086164898,18.1959937125515,-1.246539206634203e-5,-18.80859375,-32.431640625,-44.82421875,74.970703125,19.072265625,0.615234375,8.7890625,8.7890625,17.578125,-26.3671875,-8.7890625,0.0,-8.0,-22.4,-17.7,9.4,4.7,3.2
12.70708680152893,-18.406759019903035,-30.71972753445019,-44.00787594089998,74.72753291793988,18.406759019080862,-1.2562398320993787e-5,-17.532643694360637,-29.35417323766823,-41.917993699115094,73.22124766695087,18.149525167370335,-1.2434255728949366e-5,-18.6328125,-32.34375,-44.6484375,74.70703125,18.984375,0.615234375,13.18359375,8.7890625,17.578125,-26.3671875,-8.7890625,0.0,-7.2,-22.4,-17.6,8.3,4.0,3.2
12.713761806488037,-18.3629120967569,-30.64654976693464,-43.90304434332656,74.54952372092642,18.362912095936686,-1.2532473307409583e-5,-17.478798442907284,-29.265237059423427,-41.78925755695103,73.02466740819807,18.102448858925527,-1.2402703695264932e-5,-18.544921875,-32.255859375,-44.560546875,74.53125,18.896484375,0.615234375,13.18359375,8.7890625,17.578125,-26.3671875,-8.7890625,0.0,-6.4,-22.4,-17.6,7.8,3.8,3.2
12.720428943634033,-18.318542250954142,-30.57249927426874,-43.79696251395653,74.36939156897049,18.31854225013591,-1.2502191405211992e-5,-17.424477250378565,-29.175518260534503,-41.65938350909825,72.82603619704312,18.054861502113205,-1.237080055130615e-5,-18.45703125,-32.16796875,-44.47265625,74.443359375,18.896484375,0.615234375,13.18359375,17.578125,17.578125,-26.3671875,-8.7890625,0.0,-5.3,-22.4,-17.6,10.2,4.6,3.2
12.72709584236145,-18.273605838266622,-30.497503216970244,-43.68952610580651,74.18695927577375,18.273605837450397,-1.2471522827724409e-5,-17.369626277151724,-29.084916124620445,-41.52824283287195,72.6251581320949,18.006716207985605,-1.2338514878748472e-5,-18.369140625,-32.080078125,-44.296875,74.1796875,18.80859375,0.615234375,17.578125,17.578125,17.578125,-26.3671875,-8.7890625,0.0,-5.3,-22.3,-17.6,8.3,4.2,3.2
12.733762979507446,-18.22810698528102,-30.42156848205377,-43.58074498494332,74.00224359440183,18.228106984466827,-1.2440470391294104e-5,-17.31425005169483,-28.99340976144351,-41.39584635517878,72.42205095196141,17.958017284928772,-1.2305849588852825e-5,-18.28125,-31.9921875,-44.208984375,74.00390625,18.80859375,0.615234375,17.578125,17.578125,17.578125,-26.3671875,-8.7890625,0.0,-5.3,-22.3,-17.6,7.7,4.7,3.2
12.740429878234863,-18.18203937034376,-30.34468451907558,-43.47060403721537,73.81521886028361,18.182039369531623,-1.2409029781466253e-5,-17.258345220560237,-28.9010331709554,-41.262186058414535,72.21669430212272,17.908759326378988,-1.227280082561554e-5,-18.28125,-31.904296875,-44.12109375,73.916015625,18.80859375,0.615234375,17.578125,8.7890625,17.578125,-26.3671875,-4.39453125,0.0,-5.6,-22.3,-18.4,9.3,5.5,3.2
12.74709677696228,-18.135407754486035,-30.26685927389845,-43.35911464555379,73.62590440219478,18.135407753675985,-1.2377204247589114e-5,-17.201917360588855,-28.80778396520227,-41.12727527599239,72.00910923750027,17.858947402752346,-1.2239371997198777e-5,-18.193359375,-31.81640625,-44.033203125,73.65234375,18.720703125,0.615234375,8.7890625,8.7890625,17.578125,-30.76171875,-4.39453125,0.0,-5.6,-22.5,-18.5,9.0,5.0,3.2
12.753763914108276,-18.088217977803648,-30.18810249327634,-43.24629077277575,73.4343239296841,18.088217976995704,-1.2344997775459942e-5,-17.14497298609545,-28.713645124363065,-40.991129582688735,71.79932095567402,17.80858762316059,-1.220556722820115e-5,-18.10546875,-31.728515625,-43.857421875,73.4765625,18.6328125,0.615234375,8.7890625,8.7890625,17.578125,-30.76171875,-4.39453125,0.0,-5.6,-22.5,-18.5,8.6,4.7,3.2
12.760430812835693,-18.040464173473758,-30.108404385849532,-43.132118392163655,73.24045362469667,18.04046417266795,-1.2312406361040586e-5,-17.087509235670204,-28.61865081116965,-40.853742137290084,71.58731102640871,17.757675049766146,-1.2171382980154394e-5,-18.10546875,-31.640625,-43.857421875,73.30078125,18.6328125,0.615234375,8.7890625,13.18359375,13.18359375,-30.76171875,-8.7890625,0.0,-5.6,-22.5,-19.3,9.4,4.7,3.2
12.76709794998169,-17.992149581191324,-30.027770358465922,-43.01660524935554,73.04430663970606,17.992149580387675,-1.2279432215385066e-5,-17.029529738983584,-28.522795496721937,-40.71512161780909,71.37309353166143,17.706213092853687,-1.2136821552914773e-5,-18.017578125,-31.552734375,-43.681640625,73.037109375,18.544921875,0.615234375,4.39453125,13.18359375,13.18359375,-26.3671875,-8.7890625,0.0,-5.6,-22.4,-19.3,9.1,4.0,3.2
12.773764848709106,-17.94328537777242,-29.946219064531256,-42.89977806648837,72.84592835021215,17.943285376970948,-1.2246082966539976e-5,-16.97104729944615,-28.426073192207397,-40.57529863533282,71.15671711384775,17.65421350799079,-1.2101890869504265e-5,-18.017578125,-31.46484375,-43.59375,72.861328125,18.544921875,0.615234375,4.39453125,13.18359375,13.18359375,-26.3671875,-8.7890625,0.0,-6.4,-22.4,-19.3,8.5,4.7,3.2
12.780431985855103,-17.893859167956347,-29.863729817132047,-42.78160720830184,72.64526843408863,17.893859167157085,-1.2212350154884477e-5,-16.912051185698527,-28.328504335162847,-40.43424753274637,70.93813433655387,17.6016643933691,-1.2066582716306837e-5,-18.017578125,-31.46484375,-43.41796875,72.59765625,18.45703125,0.615234375,4.39453125,13.18359375,17.578125,-26.3671875,-4.39453125,0.0,-6.5,-23.2,-18.5,9.8,4.9,3.2
12.78709888458252,-17.843881407946803,-29.78032006701714,-42.662117674053796,72.44236934130211,17.84388140714977,-1.2178240916655624e-5,-16.852553537426356,-28.230097563149343,-40.29199733426732,70.71739100022995,17.54857679753755,-1.2030904531087254e-5,-17.9296875,-31.2890625,-43.330078125,72.421875,18.369140625,0.615234375,4.39453125,13.18359375,17.578125,-30.76171875,-4.39453125,0.0,-6.5,-23.3,-19.2,9.0,4.1,3.2
12.793765783309937,-17.793358226179386,-29.696000042161582,-42.54132411593986,72.23725595199978,17.79335822538461,-1.214375943443923e-5,-16.792560990421048,-28.130837352345907,-40.14856390510506,70.49451315737686,17.494957062769988,-1.1994860607339621e-5,-17.9296875,-31.201171875,-43.2421875,72.333984375,18.369140625,0.615234375,4.39453125,13.18359375,17.578125,-30.76171875,-4.39453125,0.0,-7.3,-23.3,-19.2,8.6,4.7,3.2
12.800432920455933,-17.742279239087924,-29.610752413044004,-42.41920170836788,72.02988611110793,17.742279238295435,-1.2108898621572502e-5,-16.732065218624143,-28.030747357301436,-40.00392733886825,70.26946227791692,17.440795427860444,-1.1958444169463374e-5,-17.9296875,-31.11328125,-43.06640625,72.0703125,18.369140625,0.615234375,4.39453125,13.18359375,21.97265625,-30.76171875,-8.7890625,0.0,-7.3,-23.3,-19.2,10.7,5.8,3.2
12.80709981918335,-17.69065526758261,-29.524595239085528,-42.295776322555746,71.82030374922408,17.690655266792422,-1.2073665863200418e-5,-16.671078630913875,-27.92983678640335,-39.858117303374755,70.04228546878751,17.3861032759005,-1.1921662888969573e-5,-17.9296875,-31.025390625,-42.890625,71.806640625,18.28125,0.615234375,4.39453125,13.18359375,21.97265625,-35.15625,-8.7890625,0.0,-8.1,-23.2,-19.2,9.9,5.0,3.2
12.813766956329346,-17.63849066292995,-29.43753578227734,-42.171058361746994,71.60852653156627,17.638490662142097,-1.203806412901162e-5,-16.60960567567315,-27.82808716835212,-39.71114443405924,69.81300079401352,17.330885036972337,-1.1884519778266277e-5,-17.9296875,-30.9375,-42.802734375,71.630859375,18.193359375,0.615234375,4.39453125,13.18359375,21.97265625,-35.15625,-8.7890625,0.0,-8.9,-23.2,-19.2,9.4,4.7,3.2
12.820433855056763,-17.585780961876072,-29.34956659372836,-42.045037154952645,71.39453633827154,17.58578096109057,-1.2002090372887396e-5,-16.547644989012433,-27.72553289031707,-39.56300547006077,69.58159572214538,17.27513721280513,-1.1847012275294503e-5,-17.9296875,-30.849609375,-42.71484375,71.3671875,18.193359375,0.615234375,4.39453125,13.18359375,17.578125,-35.15625,-8.7890625,0.0,-9.0,-23.2,-20.0,10.6,5.7,3.2
12.827100992202759,-17.532529800988687,-29.26069374264226,-41.91772139667565,71.17834793303258,17.532529800205566,-1.1965747076742796e-5,-16.48520037551073,-27.62216904556568,-39.41370950757281,69.34808552590535,17.21886353704066,-1.1809142913600731e-5,-17.841796875,-30.673828125,-42.5390625,71.103515625,18.10546875,0.615234375,4.39453125,13.18359375,17.578125,-30.76171875,-8.7890625,0.0,-9.0,-22.3,-19.2,9.8,4.9,3.2
12.833767890930176,-17.47874916968902,-29.170937238611867,-41.78913975187334,70.96000999035361,17.478749168908305,-1.1929042423217947e-5,-16.42228516728251,-27.517992589881914,-39.26328842173638,69.1125216221811,17.162076486696254,-1.1770920124886803e-5,-17.75390625,-30.673828125,-42.451171875,71.015625,18.017578125,0.615234375,4.39453125,13.18359375,17.578125,-30.76171875,-8.7890625,0.0,-9.0,-23.1,-20.0,10.4,4.6,3.2
12.840434789657593,-17.424429347343924,-29.080280858509482,-41.65926897992972,70.73948304652819,17.424429346565628,-1.1891969778094114e-5,-16.35889178490243,-27.413026761695065,-39.11172409125104,68.87486833774744,17.104766992707223,-1.1732337600848798e-5,-17.75390625,-30.5859375,-42.36328125,70.751953125,17.9296875,0.615234375,4.39453125,13.18359375,17.578125,-30.76171875,-8.7890625,0.0,-8.8,-23.1,-20.0,11.4,4.9,3.2
12.847101926803589,-17.36957598528673,-28.988734034056385,-41.5281225923585,70.51679004476964,17.369575984510885,-1.1854532998340381e-5,-16.295026304466205,-27.3072705766249,-38.95903104317537,68.6351496078891,17.04694088772,-1.1693399292602588e-5,-17.666015625,-30.41015625,-42.1875,70.48828125,17.9296875,0.615234375,4.39453125,13.18359375,17.578125,-30.76171875,-8.7890625,0.0,-8.8,-23.2,-20.1,10.6,4.9,3.2
12.853768825531006,-17.314201314388797,-28.896317177810538,-41.39572983138905,70.29198063981839,17.314201313615424,-1.1816740431383776e-5,-16.23070220639125,-27.200721970858332,-38.805241507221105,68.39341765754884,16.988610860276363,-1.1654113781562704e-5,-17.578125,-30.234375,-42.01171875,70.3125,17.841796875,0.615234375,4.39453125,21.97265625,17.578125,-30.76171875,-8.7890625,0.0,-8.8,-22.4,-20.1,10.2,4.7,3.2
12.860435962677002,-17.258293921497142,-28.8030112419347,-41.262063409837346,70.06500849669696,17.25829392072627,-1.1778584287880524e-5,-16.165909944097013,-27.093400033533392,-38.65033265890664,68.14962942515902,16.92976605858702,-1.1614473558762646e-5,-17.578125,-30.234375,-41.923828125,70.13671875,17.841796875,0.615234375,4.39453125,21.97265625,21.97265625,-30.76171875,-8.7890625,0.0,-8.8,-23.2,-20.1,11.4,5.8,3.2
12.867102861404419,-17.201865633535007,-28.708835964822747,-41.12715160415172,69.83592163020221,17.201865632766655,-1.1740072639567768e-5,-16.100662642172793,-26.985315621518033,-38.494335877210595,67.903835571914,16.870418779936546,-1.1574486936144463e-5,-17.490234375,-30.05859375,-41.748046875,69.78515625,17.75390625,0.615234375,13.18359375,21.97265625,21.97265625,-35.15625,-8.7890625,0.0,-8.8,-22.4,-20.0,10.6,5.0,3.2
12.873769998550415,-17.144920833322875,-28.613798661127465,-40.991004893016694,69.60473783365462,17.144920832557066,-1.1701208477669376e-5,-16.034964579491785,-26.87645219487971,-38.33726139229465,67.6560539013455,16.81057341769277,-1.1534156913032144e-5,-17.40234375,-29.970703125,-41.572265625,69.609375,17.666015625,0.615234375,13.18359375,13.18359375,21.97265625,-35.15625,-8.7890625,0.0,-8.8,-22.4,-20.0,10.4,4.6,3.2
12.880436897277832,-17.087456518892733,-28.517894320752333,-40.85361609916461,69.37144491970156,17.087456518129493,-1.1661989753377193e-5,-15.968815920448074,-26.766844001084948,-38.17910959720108,67.4062779654395,16.75022796224128,-1.1493481938822957e-5,-17.314453125,-29.970703125,-41.484375,69.43359375,17.666015625,0.615234375,13.18359375,13.18359375,17.578125,-35.15625,-8.7890625,0.0,-8.0,-23.2,-20.0,11.2,5.8,3.2
12.887103796005249,-17.029478684152146,-28.421132947153517,-40.71499955315416,69.13606722233489,17.029478683391496,-1.1622420557463212e-5,-15.902222923414888,-26.656490708250075,-38.01989545478739,67.15453279125252,16.689388536717335,-1.1452466172162011e-5,-17.2265625,-29.794921875,-41.30859375,69.08203125,17.578125,0.615234375,8.7890625,13.18359375,17.578125,-35.15625,-8.7890625,0.0,-8.8,-23.3,-20.0,10.4,5.0,3.2
12.893770933151245,-16.970993744654688,-28.32352524748797,-40.57517059363813,68.89863078733975,16.97099374389665,-1.158250526846791e-5,-15.835192149793059,-26.54538033927585,-37.85963465240592,66.90084490615833,16.628061649485595,-1.141111404122681e-5,-17.138671875,-29.70703125,-41.220703125,68.90625,17.490234375,0.615234375,8.7890625,13.18359375,17.578125,-35.15625,-8.7890625,0.0,-8.0,-23.3,-20.8,9.6,4.7,3.2
12.900439977645874,-16.9119801159806,-28.225035198711492,-40.43407761541729,68.65904798655546,16.911980115225198,-1.1542229155276581e-5,-15.767702484015608,-26.43351092432163,-37.698276705816006,66.64512729162577,16.56622581143752,-1.136941085958104e-5,-17.05078125,-29.619140625,-41.044921875,68.73046875,17.490234375,0.615234375,8.7890625,13.18359375,21.97265625,-35.15625,-8.7890625,0.0,-7.9,-23.3,-20.0,12.2,5.7,3.2
12.907108783721924,-16.852464835786197,-28.12570792497842,-40.29178526158404,68.41742858712513,16.852464835033448,-1.1501610670774274e-5,-15.69978420869289,-26.320921994405982,-37.53589401632189,66.38749607790037,16.503909181064998,-1.1327375649343187e-5,-16.962890625,-29.53125,-40.869140625,68.466796875,17.40234375,0.615234375,13.18359375,13.18359375,21.97265625,-35.15625,-8.7890625,0.0,-7.9,-23.1,-20.0,12.2,4.9,3.2
12.91377878189087,-16.79244364164276,-28.025536312562288,-40.14828334129307,68.17375528449331,16.792443640892692,-1.1460646905903103e-5,-15.631431649775447,-26.207582277231815,-37.37247301809894,66.12793147163387,16.441107068941395,-1.1285005288168647e-5,-16.875,-29.35546875,-40.78125,68.203125,17.314453125,0.615234375,13.18359375,13.18359375,21.97265625,-35.15625,-8.7890625,0.0,-7.1,-22.3,-20.8,9.6,3.9,3.2
12.920445919036865,-16.731946712683854,-27.924570728546176,-40.00364400845073,67.92815059953371,16.73194671193649,-1.1419358457569705e-5,-15.562682651479733,-26.093586715579907,-37.20810419114861,65.86657033020593,16.377852151696555,-1.1242321632685439e-5,-16.787109375,-29.267578125,-40.60546875,67.939453125,17.314453125,0.615234375,13.18359375,17.578125,21.97265625,-35.15625,-8.7890625,0.0,-7.0,-22.3,-20.0,8.4,4.8,3.2
12.927112817764282,-16.670959263824564,-27.82278649754968,-39.85783191407552,67.68055450794117,16.670959263079922,-1.1377735235126079e-5,-15.493519497303538,-25.978894968432293,-37.0427451778983,65.60334724569876,16.31412871082418,-1.1199314122857506e-5,-16.69921875,-29.1796875,-40.4296875,67.67578125,17.2265625,0.615234375,17.578125,17.578125,21.97265625,-39.55078125,-8.7890625,0.0,-7.0,-22.4,-20.0,10.0,4.8,3.2
12.933781862258911,-16.609467812458504,-27.720161117947505,-39.71081482322224,67.43091227319681,16.609467811716613,-1.1335768036850641e-5,-15.423926136625639,-25.863459816758976,-36.87635760365387,65.33820276526612,16.24992244600392,-1.1155973145766382e-5,-16.5234375,-29.091796875,-40.341796875,67.5,17.2265625,0.615234375,17.578125,17.578125,21.97265625,-39.55078125,-8.7890625,0.0,-5.4,-22.4,-20.0,10.9,4.8,3.2
12.940448999404907,-16.547503602902776,-27.616746734547295,-39.56266743649567,67.17935074059334,16.54750360216365,-1.1293478186625357e-5,-15.35394140390482,-25.747376706260383,-36.70903431594176,65.07127795456275,16.18526707981866,-1.111232127563084e-5,-16.435546875,-29.00390625,-40.166015625,67.32421875,17.138671875,0.615234375,17.578125,17.578125,26.3671875,-39.55078125,-8.7890625,0.0,-5.5,-22.4,-20.0,10.1,4.8,3.2
12.947115898132324,-16.48506025060767,-27.512532691935604,-39.41337448936872,66.92584399021464,16.48506024987134,-1.1250861327069525e-5,-15.283557137979482,-25.630621225493194,-36.54075580261498,64.80254370608407,16.120155678304553,-1.1068353879822091e-5,-16.435546875,-28.916015625,-39.990234375,67.060546875,17.05078125,0.615234375,13.18359375,17.578125,26.3671875,-30.76171875,-8.7890625,0.0,-5.5,-23.2,-20.0,11.7,4.8,3.2
12.953782796859741,-16.4221440848284,-27.407529553242817,-39.26295111416739,66.67041771749291,16.422144084094874,-1.1207921777825996e-5,-15.212779641954715,-25.513184276625736,-36.37153713347841,64.53202586314836,16.054594604850248,-1.1024075297847604e-5,-16.34765625,-28.740234375,-39.90234375,66.796875,16.962890625,0.615234375,13.18359375,13.18359375,26.3671875,-30.76171875,-8.7890625,0.0,-6.3,-22.4,-20.8,15.6,5.6,3.2
12.960449934005737,-16.358747160093678,-27.301724057975193,-39.11137831442881,66.41303966550194,16.358747159362984,-1.1164654116203302e-5,-15.141603377853036,-25.39508648222766,-36.201365068035685,64.25969647671897,15.988576656506144,-1.097948047906538e-5,-16.34765625,-28.65234375,-39.7265625,66.62109375,16.962890625,0.615234375,13.18359375,13.18359375,17.578125,-30.76171875,-8.7890625,0.0,-6.5,-23.2,-20.8,16.4,5.7,3.2
12.967116832733154,-16.29488301590995,-27.195138802720663,-38.958688461137946,66.15376480176275,16.29488301518211,-1.1121067582756656e-5,-15.0700426280636,-25.27634098998219,-36.03027375339599,63.98561215231328,15.92211566861602,-1.0934578816558933e-5,-16.259765625,-28.564453125,-39.55078125,66.26953125,16.875,0.615234375,4.39453125,13.18359375,17.578125,-35.15625,-8.7890625,0.0,-6.5,-23.3,-20.8,14.0,4.9,3.2
12.97378396987915,-16.23055567788368,-27.087780505964197,-38.80489117893267,65.89260946938272,16.23055567715871,-1.1077164924915509e-5,-14.998101060389494,-25.156935150264765,-35.85827195874151,63.70978874260449,15.855215588967146,-1.0889373020916981e-5,-16.171875,-28.4765625,-39.462890625,65.91796875,16.787109375,0.615234375,4.39453125,13.18359375,17.578125,-35.15625,-8.7890625,0.0,-6.5,-24.1,-21.7,11.6,5.5,3.2
12.980450868606567,-16.16576448996537,-26.979648072800288,-38.64998489929434,65.62957100494026,16.165764489243298,-1.1032945694933738e-5,-14.925781271831852,-25.036901967469323,-35.68536589312314,63.43222952490222,15.787876790589628,-1.0843863161640028e-5,-16.171875,-28.388671875,-39.287109375,65.654296875,16.69921875,0.615234375,4.39453125,13.18359375,21.97265625,-35.15625,-8.7890625,0.0,-7.3,-24.1,-20.9,12.8,5.8,3.2
12.987120866775513,-16.100485837546557,-26.87070209192698,-38.493913163138615,65.36455353813955,16.100485836827396,-1.0988393776116519e-5,-14.85305603629658,-24.916185954234475,-35.5114904629212,63.15283186637113,15.720074480771121,-1.0798032527824691e-5,-16.083984375,-28.212890625,-39.111328125,65.302734375,16.69921875,0.615234375,8.7890625,13.18359375,21.97265625,-52.734375,-8.7890625,0.0,-7.3,-23.2,-20.9,12.0,5.8,3.2
12.993789911270142,-16.03476783311255,-26.761022860067776,-38.336791000400034,65.09775239545424,16.03476783239633,-1.0943542004673858e-5,-14.779978153464043,-24.794856916897302,-35.3367719044699,62.871800337022314,15.651858402088939,-1.075191478411138e-5,-16.083984375,-28.125,-38.935546875,64.86328125,16.5234375,0.615234375,8.7890625,13.18359375,21.97265625,-52.734375,-8.7890625,0.0,-7.3,-23.2,-20.9,7.6,3.8,3.2
13.000456809997559,-15.968617573866922,-26.65062222201076,-38.17863537945708,64.82919639002368,15.968617573153654,-1.0898395224364405e-5,-14.706558732009613,-24.672960980483932,-35.1612367769917,62.58917117337507,15.583236941750389,-1.0705515423939635e-5,-15.99609375,-28.037109375,-38.84765625,64.6875,16.435546875,0.615234375,8.7890625,17.578125,21.97265625,-52.734375,-13.18359375,0.0,-7.2,-23.2,-21.7,6.9,4.0,3.2
13.007131814956665,-15.901942161118846,-26.5393451356615,-38.019224193090544,64.55850837289033,15.901942160408556,-1.0852890032915314e-5,-14.632693794230757,-24.550315043104483,-34.98463648496641,62.304545980891746,15.514113478736384,-1.0658769160906799e-5,-15.99609375,-27.861328125,-38.671875,64.51171875,16.435546875,0.615234375,8.7890625,17.578125,21.97265625,-39.55078125,-13.18359375,0.0,-8.0,-23.2,-21.7,10.1,4.8,3.2
13.013799905776978,-15.834900118953719,-26.42745616778622,-37.85893644926573,64.28633191817804,15.834900118246424,-1.0807134621165722e-5,-14.558558138545798,-24.427192918569926,-34.8073889459155,62.018600076499105,15.444652120665006,-1.0611787018986684e-5,-15.99609375,-27.7734375,-38.49609375,64.248046875,16.34765625,0.615234375,8.7890625,17.578125,21.97265625,-39.55078125,-13.18359375,0.0,-8.8,-23.2,-21.6,13.1,4.8,3.2
13.020466804504395,-15.767429990532548,-26.314852750771223,-37.69762521364488,64.012417524171,15.767429989828269,-1.0761087045539897e-5,-14.48408687504471,-24.303513345105422,-34.629339017529176,61.7310769590645,15.374790167702507,-1.0564526420256465e-5,-15.908203125,-27.685546875,-38.3203125,64.072265625,16.34765625,0.615234375,8.7890625,17.578125,26.3671875,-39.55078125,-8.7890625,0.0,-8.9,-24.0,-21.6,15.7,5.7,3.2
13.02713394165039,-15.699527213032315,-26.20152726955076,-37.53527957718376,63.73674666677661,15.699527212331066,-1.0714744191964347e-5,-14.409273746233543,-24.179255276798788,-34.450471739052155,61.44195506317591,15.304522532733328,-1.0516983987945922e-5,-15.908203125,-27.59765625,-38.232421875,63.720703125,16.259765625,0.615234375,4.39453125,17.578125,26.3671875,-35.15625,-8.7890625,0.0,-8.9,-24.1,-22.4,13.3,4.9,3.2
13.033800840377808,-15.631205053136721,-26.087501865388724,-37.371931258587935,63.45937320591357,15.631205052438526,-1.0668115114795954e-5,-14.334132565001894,-24.054426571922477,-34.27082013508866,61.15128950488326,15.233862711123491,-1.0469168894864205e-5,-15.908203125,-27.509765625,-38.056640625,63.45703125,16.259765625,0.615234375,4.39453125,17.578125,26.3671875,-35.15625,-8.7890625,0.0,-9.7,-24.1,-22.4,10.2,4.7,3.2
13.040467977523804,-15.562454390865161,-25.972761317608875,-37.20755845331408,63.18026011639722,15.562454390170037,-1.0621193589754335e-5,-14.258656547202058,-23.929041045772358,-34.090367985731085,60.859047427714785,15.16280230096619,-1.0421075276386694e-5,-15.908203125,-27.333984375,-37.880859375,63.10546875,16.171875,0.615234375,4.39453125,17.578125,26.3671875,-35.15625,-8.7890625,0.0,-10.6,-23.3,-21.6,7.5,4.8,3.2
13.047135829925537,-15.493280081677245,-25.85731372966909,-37.042172770057846,62.89942711036251,15.49328008098521,-1.0573982930634033e-5,-14.182849830853229,-23.80309533148881,-33.909125184379754,60.56524739577664,15.091345965922853,-1.03727063521533e-5,-15.8203125,-27.24609375,-37.705078125,62.9296875,16.083984375,0.615234375,0.0,17.578125,26.3671875,-43.9453125,-8.7890625,0.0,-10.6,-24.0,-21.6,10.7,5.6,3.2
13.053802967071533,-15.423705397361642,-25.74119794072658,-36.87582984827148,62.616968666329655,15.423705396672714,-1.0526499020159356e-5,-14.10673710090891,-23.67661620980276,-33.727150749157836,60.26998684712289,15.019517506559367,-1.0324078275754108e-5,-15.732421875,-27.0703125,-37.529296875,62.75390625,16.083984375,0.615234375,0.0,17.578125,26.3671875,-43.9453125,-8.7890625,0.0,-9.8,-23.2,-21.7,12.3,5.7,3.2
13.06046986579895,-15.353721638476461,-25.624399431957883,-36.70850888885832,62.332849466411915,15.353721637790658,-1.0478735921062693e-5,-14.0303120150883,-23.549616991802235,-33.54442951659705,59.97323467882539,14.94730894982725,-1.027518547385628e-5,-15.732421875,-26.982421875,-37.353515625,62.490234375,15.908203125,0.615234375,0.0,17.578125,21.97265625,-43.9453125,-8.7890625,0.0,-10.5,-23.2,-21.7,10.4,4.7,3.2
13.067137002944946,-15.283333723337098,-25.506926411723242,-36.5402216507931,62.04708947792538,15.28333372265444,-1.0430696990036927e-5,-13.953578683565777,-23.422094644155273,-33.360971313524814,59.67500954118961,14.874724992819385,-1.0226031194159337e-5,-15.64453125,-26.89453125,-37.177734375,62.314453125,15.908203125,0.615234375,13.18359375,17.578125,21.97265625,-30.76171875,-8.7890625,0.0,-10.5,-23.9,-21.7,13.6,5.5,3.2
13.073803901672363,-15.212555101873614,-25.388801327113228,-36.37100029089671,61.75974330472999,15.212555101194118,-1.038239140650244e-5,-13.87655094561167,-23.29405881997506,-33.176809227617824,59.375367002968844,14.801779263477043,-1.0176624708995204e-5,-15.556640625,-26.71875,-37.001953125,61.962890625,15.732421875,0.615234375,13.18359375,17.578125,21.97265625,-30.76171875,-8.7890625,0.0,-10.5,-23.1,-21.5,16.3,4.8,3.2
13.08047080039978,-15.141379910543424,-25.270014392242643,-36.20083079029415,61.470787142087985,15.14137990986711,-1.033381516865981e-5,-13.79922556569489,-23.165526688428525,-32.99193552319321,59.07428800577284,14.728466718242345,-1.0126962428025487e-5,-15.46875,-26.630859375,-36.826171875,61.69921875,15.732421875,0.615234375,13.18359375,17.578125,26.3671875,-30.76171875,-13.18359375,0.0,-10.3,-23.9,-21.5,18.2,6.6,3.2
13.087137937545776,-15.069815512178963,-25.150577895217502,-36.029730752443754,61.180250881535514,15.069815511505844,-1.0284973301556289e-5,-13.721609263866249,-23.036500021831507,-32.80636626691225,58.77180145186887,14.654794556563875,-1.0077049296708817e-5,-15.380859375,-26.54296875,-36.73828125,61.34765625,15.556640625,0.615234375,13.18359375,17.578125,26.3671875,-43.9453125,-13.18359375,0.0,-10.3,-24.1,-22.3,15.8,5.0,3.2
13.09380578994751,-14.997865128611345,-25.030497213072078,-35.8577078802738,60.88814760302279,14.997865127941438,-1.0235868004054032e-5,-13.643704725590405,-22.906970759970175,-32.62010787932924,58.46791956350686,14.5807658570149,-1.002688744359405e-5,-15.29296875,-26.3671875,-36.474609375,60.99609375,15.46875,0.615234375,13.18359375,17.578125,26.3671875,-43.9453125,-13.18359375,0.0,-10.3,-24.1,-22.5,13.1,4.6,3.2
13.100472927093506,-14.925541275660459,-24.909793233925587,-35.68479209728403,60.594528118120756,14.92554127499378,-1.0186507818054118e-5,-13.56552861783286,-22.776987895126325,-32.433200208727555,58.1627009130532,14.506394487347794,-9.976486092486765e-6,-15.205078125,-26.279296875,-36.38671875,60.732421875,15.380859375,0.615234375,13.18359375,17.578125,26.3671875,-43.9453125,-13.18359375,0.0,-10.5,-24.1,-23.3,14.4,4.9,3.2
13.10714077949524,-14.852838394380457,-24.7884566802457,-35.51097011284578,60.299369858689765,14.852838393717029,-1.013688894964085e-5,-13.487073608392542,-22.646530233556284,-32.245625724883965,57.856119711702085,14.431674331683906,-9.925841169867062e-6,-15.1171875,-26.103515625,-36.2109375,60.29296875,15.380859375,0.615234375,8.7890625,17.578125,26.3671875,-52.734375,-13.18359375,0.0,-10.5,-24.0,-23.3,14.4,4.9,3.2
13.113807916641235,-14.779780473303504,-24.666527587389616,-35.336299280040386,60.00277021307637,14.779780472643338,-1.0087027770707607e-5,-13.408364743444972,-22.515627837349157,-32.0574443095508,57.54827565973164,14.356629795198035,-9.874969262143925e-6,-14.94140625,-25.927734375,-35.947265625,59.853515625,15.29296875,0.615234375,8.7890625,21.97265625,26.3671875,-52.734375,-13.18359375,0.0,-9.7,-24.0,-23.3,12.0,5.4,3.2
13.120474815368652,-14.70635988969265,-24.543993233486965,-35.1607613740157,59.70469823458728,14.706359889035765,-1.0036919078825348e-5,-13.32939686080032,-22.384292047196087,-31.868643620685177,57.23914223256862,14.281254018204214,-9.823865549491227e-6,-14.765625,-25.83984375,-35.771484375,59.58984375,15.205078125,0.615234375,8.7890625,21.97265625,26.3671875,-52.734375,-8.7890625,0.0,-8.7,-24.0,-22.5,12.6,5.9,3.2
13.127141952514648,-14.63258135705868,-24.420861485091905,-34.98436766408846,59.40517305907535,14.63258135640509,-9.98656609091019e-6,-13.25017367135382,-22.252520491655805,-31.679232530496286,56.92873687798014,14.20555142800253,-9.77253310693971e-6,-14.677734375,-25.751953125,-35.595703125,59.23828125,15.205078125,0.615234375,21.97265625,21.97265625,26.3671875,-52.734375,-8.7890625,0.0,-8.7,-24.0,-23.2,12.6,5.9,3.2
13.133810997009277,-14.55843460281535,-24.297115197901636,-34.807093590003355,59.10415298202182,14.55843460216507,-9.935961796041855e-6,-13.170683358994399,-22.120282791889693,-31.489182788386103,56.61701501479842,14.129511251447703,-9.720964671283628e-6,-14.501953125,-25.576171875,-35.419921875,58.88671875,15.029296875,0.615234375,21.97265625,17.578125,26.3671875,-52.734375,-8.7890625,0.0,-6.9,-24.0,-23.2,9.6,3.9,3.2
13.140490770339966,-14.483818463159308,-24.172585535866755,-34.6286972838627,58.801227299867385,14.483818462512364,-9.885037151104605e-6,-13.090820911322577,-21.98742297190271,-31.298243325024963,56.30355764638855,14.053030835077223,-9.66909043397371e-6,-14.4140625,-25.48828125,-35.244140625,58.623046875,15.029296875,0.615234375,17.578125,17.578125,26.3671875,-52.734375,-13.18359375,0.0,-6.9,-24.0,-23.2,8.3,5.5,3.2
13.147157907485962,-14.409004245253293,-24.047725293643197,-34.44982740151875,58.497497462080275,14.409004244609688,-9.83397732007228e-6,-13.010875188570944,-21.854412988715968,-31.107104763094796,55.98950181536456,13.976387800419065,-9.617098779552342e-6,-14.326171875,-25.400390625,-35.15625,58.447265625,14.94140625,0.615234375,17.578125,17.578125,26.3671875,-39.55078125,-13.18359375,0.0,-6.1,-24.0,-23.2,10.7,5.5,3.2
13.153825998306274,-14.333848532316559,-23.922295117609632,-34.27014105436805,58.19238122698542,14.333848531676312,-9.782684422664938e-6,-12.930691800581,-21.72098682398232,-30.91539797824652,55.67424348281045,13.899434881233043,-9.564889869755865e-6,-14.23828125,-25.224609375,-34.892578125,58.271484375,14.94140625,0.615234375,17.578125,17.578125,26.3671875,-39.55078125,-13.18359375,0.0,-6.1,-24.0,-22.4,14.8,5.7,3.2
13.160496950149536,-14.258327747604714,-23.79625565965686,-34.08958187385372,57.88578287800715,14.258327746967836,-9.731142368029553e-6,-12.850248803374852,-21.587125178675727,-30.723070505629842,55.35768963963092,13.822148958274862,-9.512447840071999e-6,-14.150390625,-25.13671875,-34.716796875,58.095703125,14.853515625,0.615234375,17.578125,17.578125,26.3671875,-39.55078125,-8.7890625,0.0,-6.3,-24.0,-22.4,17.2,5.6,3.2
13.167163848876953,-14.182530644115818,-23.66975504297787,-33.90836205544832,57.578062733470766,14.182530643482329,-9.679411729052018e-6,-12.76963909243129,-21.45297422937154,-30.53034444478446,55.040209381734606,13.74462035616023,-9.459834069419786e-6,-14.0625,-24.9609375,-34.541015625,57.744140625,14.765625,0.615234375,13.18359375,17.578125,26.3671875,-35.15625,-8.7890625,0.0,-6.3,-24.0,-23.2,17.2,5.6,3.2
13.17383098602295,-14.106416723377658,-23.54272567815994,-33.726384773212025,57.269056378178995,14.106416722747568,-9.627464865997451e-6,-12.688818733857433,-21.318452823741417,-30.33711475618086,54.721631567158745,13.666807392296747,-9.407020316971036e-6,-14.0625,-24.873046875,-34.365234375,57.392578125,14.677734375,0.615234375,13.18359375,17.578125,26.3671875,-35.15625,-8.7890625,0.0,-7.9,-24.8,-23.2,15.2,5.6,3.2
13.18351697921753,-13.99528017920046,-23.357245749153847,-33.46067350685807,56.8178656088313,13.995280178575335,-9.551615470975599e-6,-12.571038951647495,-21.122403238815625,-30.055520476697076,54.25688099902348,13.553261955178147,-9.329941275825353e-6,-13.974609375,-24.609375,-34.1015625,56.77734375,14.501953125,0.615234375,8.7890625,17.578125,26.3671875,-52.734375,-13.18359375,0.0,-8.2,-24.1,-24.0,16.0,5.7,3.2
13.190183877944946,-13.918413936066596,-23.22896080539401,-33.27689753151008,56.50580498436975,13.918413935444905,-9.49915515666161e-6,-12.489732642098422,-20.9870469677329,-29.861128950194285,53.935723048406146,13.47477827319585,-9.27665492218383e-6,-13.88671875,-24.521484375,-33.92578125,56.513671875,14.4140625,0.615234375,8.7890625,17.578125,26.3671875,-52.734375,-13.18359375,0.0,-8.2,-24.9,-23.2,16.0,5.5,3.2
13.196850776672363,-13.841246727720765,-23.100173569552283,-33.092401992240134,56.19252250505803,13.841246727102522,-9.446489437101136e-6,-12.408235998833721,-20.851368848015415,-29.666282363540176,53.61354041640699,13.396027573161119,-9.223180160358265e-6,-13.88671875,-24.43359375,-33.75,56.07421875,14.326171875,0.615234375,8.7890625,21.97265625,26.3671875,-52.734375,-13.18359375,0.0,-8.9,-24.9,-24.0,14.4,4.7,3.2
13.20351791381836,-13.763788004221869,-22.970899813184882,-32.90720948276065,55.87805653612854,13.763788003607084,-9.393624761849144e-6,-12.326556470482934,-20.715367144276303,-29.470998525321523,53.29036800953641,13.317018714431711,-9.169523145670387e-6,-13.798828125,-24.2578125,-33.57421875,55.72265625,14.23828125,0.615234375,8.7890625,21.97265625,26.3671875,-52.734375,-13.18359375,0.0,-8.9,-24.8,-23.2,11.8,4.7,3.2
13.210184812545776,-13.686046651989807,-22.841154367169842,-32.721341249205416,55.56244315455905,13.686046651378497,-9.340567195783558e-6,-12.2447046677185,-20.579067417352903,-29.27530280410839,52.96624521322961,13.237761163313147,-9.115690236605744e-6,-13.798828125,-24.08203125,-33.3984375,55.37109375,14.23828125,0.615234375,8.7890625,21.97265625,26.3671875,-57.12890625,-13.18359375,0.0,-9.7,-24.0,-24.1,12.8,5.7,3.2
13.216851949691772,-13.608019277155446,-22.710931567352226,-32.534789177328356,55.245668581961525,13.60801927654762,-9.287314422628282e-6,-12.162678889551604,-20.442472336221236,-29.07919113308465,52.6411613391748,13.158252061205268,-9.061679385934453e-6,-13.798828125,-23.994140625,-33.134765625,55.01953125,14.0625,0.615234375,8.7890625,17.578125,30.76171875,-57.12890625,-8.7890625,0.0,-10.6,-24.8,-23.3,15.4,4.7,3.2
13.22351884841919,-13.529723398315046,-22.580260651171564,-32.34759515153782,54.92780394011673,13.529723397710717,-9.233878398620915e-6,-12.08049501676376,-20.3055956389465,-28.88270148088246,52.315184813704725,13.078508472378985,-9.007502325513368e-6,-13.798828125,-23.818359375,-32.958984375,54.755859375,14.0625,0.615234375,0.0,17.578125,30.76171875,-57.12890625,-8.7890625,0.0,-11.4,-24.0,-23.3,17.0,5.5,3.2
13.230185985565186,-13.451156998250543,-22.449138252017292,-32.15975434895962,54.608841039547656,13.451156997649722,-9.180257747033655e-6,-11.998152152407219,-20.168442976500813,-28.685831703030598,51.98830951203243,12.998528738127874,-8.953157859090251e-6,-13.798828125,-23.73046875,-32.783203125,54.404296875,13.974609375,0.615234375,0.0,17.578125,30.76171875,-48.33984375,-8.7890625,0.0,-12.2,-24.8,-23.1,13.6,4.8,3.2
13.236861944198608,-13.372220924574775,-22.317398890767606,-31.971029710698822,54.28837734261759,13.37222092397748,-9.126384797518856e-6,-11.91554846749309,-20.03084958775389,-28.488338341269767,51.660126768262515,12.918212592394351,-8.898577740174456e-6,-13.7109375,-23.5546875,-32.607421875,54.052734375,13.88671875,0.615234375,0.0,21.97265625,26.3671875,-48.33984375,-13.18359375,0.0,-12.2,-24.0,-23.1,10.4,4.0,3.2
13.243528842926025,-13.293138305132954,-22.185414953816164,-31.78195470288708,53.96731870099657,13.293138304539191,-9.072411832228144e-6,-11.832914897602972,-19.893188696318052,-28.290773528890476,51.331559643843164,12.837786268434535,-8.843915850878429e-6,-13.623046875,-23.37890625,-32.431640625,53.7890625,13.88671875,0.615234375,8.7890625,21.97265625,26.3671875,-48.33984375,-13.18359375,0.0,-11.4,-23.1,-23.1,9.0,4.7,3.2
13.250195980072021,-13.213803029794057,-22.053009350002576,-31.592275631678724,53.64523433008529,13.21380302920384,-9.018266432234847e-6,-11.750141593721668,-19.75528404081133,-28.092874632920356,51.00216919833,12.75714218754554,-8.789099016594193e-6,-13.447265625,-23.291015625,-32.255859375,53.525390625,13.88671875,0.615234375,8.7890625,21.97265625,26.3671875,-48.33984375,-13.18359375,0.0,-10.6,-23.9,-23.2,12.0,6.7,3.2
13.256862878799438,-13.13422386249158,-21.920196705782743,-31.402013450360393,53.32215980959267,13.134223861904916,-8.963954578821337e-6,-11.66723938988228,-19.617157533600974,-27.894667555952267,50.671994949562745,12.676289802521687,-8.734133566952798e-6,-13.447265625,-23.115234375,-31.9921875,53.26171875,13.7109375,0.615234375,8.7890625,21.97265625,30.76171875,-48.33984375,-4.39453125,0.0,-11.1,-23.1,-23.2,12.3,4.6,3.2
13.263529777526855,-13.054409191527817,-21.78699102070764,-31.211188214139344,52.99812919424481,13.05440919094472,-8.909481996906093e-6,-11.584214539639184,-19.478809803010748,-27.696167249322556,50.34106722189152,12.595236862679677,-8.67902490797991e-6,-13.271484375,-23.02734375,-31.81640625,53.0859375,13.7109375,0.615234375,13.18359375,21.97265625,30.76171875,-48.33984375,-4.39453125,0.0,-10.3,-23.1,-22.4,11.5,5.4,3.2
13.270196914672852,-12.974360108512538,-21.653394116605565,-31.01980253289529,52.673146915745534,12.974360107933014,-8.854849431500043e-6,-11.501069417951207,-19.34025064048152,-27.497379391211357,50.00939284949166,12.513984878321121,-8.623773995933758e-6,-13.271484375,-22.8515625,-31.640625,52.822265625,13.623046875,0.615234375,13.18359375,21.97265625,30.76171875,-30.76171875,-4.39453125,0.0,-10.3,-23.1,-22.3,13.6,6.6,3.2
13.276863813400269,-12.89408576278344,-21.51942126314789,-30.82787828136012,52.34725011846302,12.894085762207503,-8.800063126919443e-6,-11.417815181696275,-19.201501870771494,-27.29833065608641,49.67701280639437,12.432543669094528,-8.568387414230328e-6,-13.095703125,-22.67578125,-31.46484375,52.55859375,13.447265625,0.615234375,13.18359375,21.97265625,26.3671875,-30.76171875,-13.18359375,0.0,-9.5,-23.1,-23.1,14.6,5.0,3.2
13.283530950546265,-12.813591319473105,-21.385081080617283,-30.63542780861244,52.02045977173874,12.813591318900762,-8.745126608307031e-6,-11.33445471075222,-19.06255997012409,-27.09902792931554,49.343944010583755,12.350917703592128,-8.512868339575344e-6,-13.0078125,-22.587890625,-31.2890625,52.294921875,13.359375,0.615234375,13.18359375,21.97265625,26.3671875,-30.76171875,-13.18359375,0.0,-9.5,-23.2,-23.1,13.0,4.6,3.2
13.290197849273682,-12.73288672844643,-21.250390174714838,-30.442474903327884,51.69281626991131,12.732886727877695,-8.690046666329536e-6,-11.250999525599726,-18.923449136624033,-26.899498754687645,49.01022989860455,12.269117466026069,-8.457223833535554e-6,-12.919921875,-22.412109375,-31.11328125,51.85546875,13.271484375,0.615234375,13.18359375,21.97265625,26.3671875,-43.9453125,-13.18359375,0.0,-9.5,-23.2,-23.3,13.4,5.7,3.2
13.296864986419678,-12.651969970636987,-21.115345175745198,-30.249014738213138,51.36431141599978,12.651969970071864,-8.634821922997674e-6,-11.16744915587454,-18.78417119089313,-26.699742007630405,48.67586512102886,12.187141431445294,-8.40145276675093e-6,-12.83203125,-22.32421875,-30.849609375,51.591796875,13.18359375,0.615234375,13.18359375,21.97265625,30.76171875,-43.9453125,-13.18359375,0.0,-9.5,-23.2,-22.5,14.6,4.9,3.2
13.303531885147095,-12.570857412880226,-20.97997339893127,-30.05508644398443,51.03501165588054,12.570857412318725,-8.579463548485721e-6,-11.083818025640207,-18.644743332063165,-26.49979217397581,48.340912839105265,12.10500540889349,-8.345566032562342e-6,-12.65625,-22.1484375,-30.673828125,51.328125,13.18359375,0.615234375,21.97265625,21.97265625,30.76171875,-43.9453125,-13.18359375,0.0,-8.7,-23.1,-22.5,15.4,5.5,3.2
13.310198783874512,-12.489550590482024,-20.844277406602373,-29.86069369133417,50.70492322256944,12.489550589924155,-8.523972590622032e-6,-11.000108911446969,-18.50517433332835,-26.299655892050495,48.00538161762876,12.022711340372197,-8.289564884093127e-6,-12.568359375,-22.060546875,-30.498046875,50.9765625,13.095703125,0.615234375,21.97265625,21.97265625,30.76171875,-48.33984375,-13.18359375,0.0,-8.7,-23.1,-22.3,17.1,5.7,3.2
13.316865921020508,-12.408050658104674,-20.70825912581752,-29.66583924089149,50.3740508037502,12.408050657550447,-8.468349837450154e-6,-10.91632459202637,-18.365470810773342,-26.09933980539627,47.66927917138426,11.940260907519153,-8.233450375084927e-6,-12.3046875,-21.884765625,-30.322265625,50.712890625,13.0078125,0.615234375,21.97265625,17.578125,26.3671875,-48.33984375,-13.18359375,0.0,-7.0,-23.1,-23.1,16.0,4.9,3.2
13.323532819747925,-12.326373687795583,-20.571945379816842,-29.470561518577394,50.042459648522346,12.326373687245002,-8.412606257954963e-6,-10.832479115279195,-18.22565082917105,-25.89887750049482,47.332667308524165,11.857669597176507,-8.177233183803782e-6,-12.216796875,-21.708984375,-30.146484375,50.44921875,12.919921875,0.615234375,21.97265625,17.578125,26.3671875,-48.33984375,-13.18359375,0.0,-7.0,-22.5,-23.1,14.4,5.5,3.2
13.330199956893921,-12.244518492268474,-20.43533418709395,-29.274857685763596,49.710144936755746,12.24451849172155,-8.356741041827427e-6,-10.748572447446064,-18.08571760759055,-25.6982688966324,46.995543345494156,11.774936593460033,-8.120912687030068e-6,-12.12890625,-21.62109375,-29.970703125,50.09765625,12.919921875,0.615234375,21.97265625,17.578125,26.3671875,-39.55078125,-13.18359375,0.0,-7.0,-23.3,-23.3,16.0,6.6,3.2
13.336866855621338,-12.162495312226486,-20.29844263874073,-29.078752226477533,49.3771482435305,12.162495311683227,-8.30076117822798e-6,-10.664616634829391,-17.945692604204652,-25.497542794760967,46.65795233474155,11.692072747037585,-8.064496182904794e-6,-12.041015625,-21.4453125,-29.70703125,49.658203125,12.83203125,0.615234375,21.97265625,21.97265625,26.3671875,-39.55078125,-8.7890625,0.0,-7.2,-22.5,-23.3,15.2,5.8,3.2
13.343533992767334,-12.080308176755363,-20.161277459048865,-28.882254773675534,49.04348592607913,12.080308176215773,-8.244669416960646e-6,-10.580613328193012,-17.80557470693254,-25.296703141616064,46.319906385645595,11.609081355265321,-8.007986054742018e-6,-11.953125,-21.26953125,-29.53125,49.21875,12.65625,0.615234375,8.7890625,21.97265625,26.3671875,-61.5234375,-8.7890625,0.0,-7.2,-22.3,-23.3,15.2,5.4,3.2
13.350202798843384,-11.997944259625534,-20.023817241844824,-28.685334661713576,48.709105912633284,11.997944259089623,-8.18845700427336e-6,-10.496550644938242,-17.66534648808705,-25.095721527637473,45.9813550291427,11.525949864492343,-7.951373684211481e-6,-11.953125,-21.181640625,-29.35546875,48.779296875,12.65625,0.615234375,8.7890625,21.97265625,26.3671875,-61.5234375,-8.7890625,0.0,-8.0,-23.1,-23.2,15.2,6.6,3.2
13.356872797012329,-11.915414060548347,-19.886079510488983,-28.488016993869962,48.37405082979137,11.915414060016122,-8.132131106096636e-6,-10.412440884884825,-17.525029217226987,-24.89462735990011,45.642344363462115,11.442689383575367,-7.89466654586666e-6,-11.865234375,-21.005859375,-29.091796875,48.251953125,12.48046875,0.615234375,8.7890625,21.97265625,30.76171875,-61.5234375,-13.18359375,0.0,-8.0,-23.1,-23.2,11.7,4.7,3.2
13.363539934158325,-11.832777327860525,-19.74816398121182,-28.290444619702697,48.03856324311286,11.832777327331993,-8.075732499973342e-6,-10.328342421626003,-17.384717899113955,-24.693560201150827,45.303115258487615,11.359359401492867,-7.83790529770893e-6,-11.77734375,-20.91796875,-29.00390625,48.076171875,12.392578125,0.615234375,13.18359375,21.97265625,30.76171875,-57.12890625,-13.18359375,0.0,-8.0,-23.3,-23.2,10.9,5.5,3.2
13.370208978652954,-11.749980053852806,-19.609980518530413,-28.09248841465669,47.70242389276676,11.74998005332797,-8.01922432627189e-6,-10.244201461759326,-17.24432432050946,-24.492391439210877,44.963448191573974,11.275905837492664,-7.781053034741013e-6,-11.689453125,-20.830078125,-28.828125,47.724609375,12.392578125,0.615234375,13.18359375,21.97265625,30.76171875,-57.12890625,-13.18359375,0.0,-8.0,-23.3,-24.0,11.8,6.5,3.2
13.376879930496216,-11.66702718826324,-19.471537383247455,-27.894160212833633,47.36565287363847,11.66702718774211,-7.962609963130765e-6,-10.160024558316014,-17.103859543351316,-24.291136741422044,44.62336629863413,11.192334172865818,-7.724113403779581e-6,-11.6015625,-20.654296875,-28.564453125,47.4609375,12.216796875,0.615234375,13.18359375,17.578125,26.3671875,-57.12890625,-13.18359375,0.0,-8.1,-23.3,-23.2,13.9,4.6,3.2
13.383546829223633,-11.58400205985296,-19.332973645844323,-27.695659241146757,47.02858848280319,11.584002059335539,-7.905946281457431e-6,-10.075893763998836,-16.963459624611787,-24.089992283828167,44.28320666298933,11.108727573189409,-7.667143208522512e-6,-11.6015625,-20.56640625,-28.388671875,47.197265625,12.12890625,0.615234375,8.7890625,17.578125,26.3671875,-43.9453125,-13.18359375,0.0,-8.9,-23.2,-23.2,15.5,4.6,3.2
13.390213966369629,-11.500856588297559,-19.194209063272048,-27.496870546553577,46.691035524353765,11.50085658778385,-7.84920046699132e-6,-9.991761466738158,-16.823045728473513,-23.88884423291559,43.942774367713035,11.025037982223814,-7.610109639192305e-6,-11.513671875,-20.390625,-28.212890625,46.845703125,12.12890625,0.615234375,8.7890625,17.578125,26.3671875,-43.9453125,-13.18359375,0.0,-8.9,-23.2,-23.2,17.1,6.6,3.2
13.396880865097046,-11.417602105441514,-19.05526254766907,-27.29782122184134,46.35304000317244,11.417602104931527,-7.79238025358411e-6,-9.907640468145427,-16.6826387894061,-23.68772319547002,43.60211829785958,10.941277238991976,-7.553020687164662e-6,-11.513671875,-20.21484375,-28.037109375,46.494140625,12.041015625,0.615234375,8.7890625,21.97265625,30.76171875,-43.9453125,-13.18359375,0.0,-9.6,-23.2,-24.0,14.2,5.5,3.2
13.403548955917358,-11.3342294714157,-18.916118845166473,-27.098489414916134,46.01456481333143,11.334229470909436,-7.735479403381735e-6,-9.823519141833007,-16.542220042696158,-23.486601374494477,43.26119672168966,10.857435398799371,-7.495869708953937e-6,-11.513671875,-20.0390625,-27.7734375,46.0546875,11.865234375,0.615234375,4.39453125,21.97265625,30.76171875,-48.33984375,-13.18359375,0.0,-10.4,-22.4,-23.2,11.8,5.5,3.2
13.410215854644775,-11.250773980504755,-18.776836859713956,-26.898959509264383,45.67575324213157,11.250773980002217,-7.678522004321762e-6,-9.739434296301738,-16.4018505742866,-23.285566773745447,42.92015619679921,10.773548343691902,-7.4386810946151135e-6,-11.513671875,-19.951171875,-27.685546875,45.791015625,11.865234375,0.615234375,4.39453125,21.97265625,30.76171875,-48.33984375,-13.18359375,0.0,-10.4,-23.2,-24.1,13.4,6.5,3.2
13.41688585281372,-11.167187525729666,-18.63733630377769,-26.69911648811632,45.33640998545366,11.167187525230862,-7.62147522395217e-6,-9.655338810139181,-16.261450753209605,-23.084506732799078,42.578802647022,10.689568155323903,-7.381422098936281e-6,-11.42578125,-19.775390625,-27.421875,45.439453125,11.689453125,0.615234375,4.39453125,21.97265625,26.3671875,-48.33984375,-13.18359375,0.0,-11.5,-23.2,-24.1,18.1,4.6,3.2
13.423555850982666,-11.083517269878808,-18.497695889096498,-26.499073110819623,44.99672651420342,11.083517269383744,-7.564371250325885e-6,-9.571277792883762,-16.12109804532256,-22.883529101981935,42.237324434212596,10.605541484935623,-7.324124661353532e-6,-11.337890625,-19.599609375,-27.24609375,45.17578125,11.6015625,0.615234375,4.39453125,21.97265625,26.3671875,-48.33984375,-13.18359375,0.0,-11.5,-23.1,-24.9,20.5,5.4,3.2
13.430226802825928,-10.999756915494054,-18.357905105607323,-26.298814321070466,44.656677262038116,10.99975691500273,-7.507205785501191e-6,-9.487246177924426,-15.98078260395176,-22.682621767765994,41.895698208111,10.521462417609778,-7.266784675781318e-6,-11.337890625,-19.599609375,-27.0703125,45.0,11.513671875,0.615234375,4.39453125,21.97265625,26.3671875,-48.33984375,-13.18359375,0.0,-12.3,-23.9,-24.8,22.1,5.7,3.2
13.436893939971924,-10.915972340139291,-18.218073898836764,-26.09849762251498,44.31652967787793,10.91597233965171,-7.450023790146997e-6,-9.40331115874403,-15.840615222258599,-22.481945379967698,41.55419472167384,10.43739744117938,-7.209447421560069e-6,-11.162109375,-19.3359375,-26.806640625,44.47265625,11.42578125,0.615234375,4.39453125,17.578125,30.76171875,-48.33984375,-13.18359375,0.0,-11.2,-23.1,-24.8,17.6,4.8,3.2
13.44356393814087,-10.832087638220388,-18.078075587104053,-25.897941535949457,43.97597560112937,10.832087637736553,-7.392773459580729e-6,-9.319394293847342,-15.70046857621944,-22.28131239641369,41.21250023150636,10.353269642932913,-7.152060575208375e-6,-11.07421875,-19.248046875,-26.630859375,44.12109375,11.337890625,0.615234375,13.18359375,17.578125,30.76171875,-48.33984375,-13.18359375,0.0,-11.2,-24.2,-24.8,16.0,5.6,3.2
13.450230836868286,-10.748183665345483,-17.93804511335319,-25.697339375339055,43.635343288391645,10.748183664865396,-7.3355099768117795e-6,-9.235577709678997,-15.560477354015772,-22.080919169453857,40.8709464084012,10.269160515930375,-7.094679654617801e-6,-10.986328125,-19.072265625,-26.455078125,43.76953125,11.337890625,0.615234375,13.18359375,17.578125,30.76171875,-48.33984375,-13.18359375,0.0,-11.2,-23.4,-24.8,16.3,6.4,3.2
13.456897974014282,-10.664224650162838,-17.797922777439368,-25.49660561659952,43.294487515572825,10.664224649686501,-7.2782089283098525e-6,-9.151826695445877,-15.420581771851829,-21.880682710644866,40.52938955492924,10.185034535992491,-7.037280365057712e-6,-10.8984375,-18.896484375,-26.103515625,43.154296875,11.25,0.615234375,13.18359375,21.97265625,30.76171875,-48.33984375,-13.18359375,0.0,-11.2,-23.4,-24.0,15.2,5.6,3.2
13.463584899902344,-10.579971785900325,-17.65731002582227,-25.295169307571904,42.95243877788903,10.579971785427752,-7.2207073312385895e-6,-9.067901190965188,-15.280386001805095,-21.680029071105718,40.18685483216139,10.100651844125167,-6.979699154481837e-6,-10.810546875,-18.80859375,-26.015625,42.890625,11.162109375,0.615234375,13.18359375,21.97265625,30.76171875,-65.91796875,-13.18359375,0.0,-11.2,-23.1,-24.8,13.6,5.6,3.2
13.470253944396973,-10.495905776946994,-17.517009124008837,-25.094179742333154,42.61114863308151,10.495905776478178,-7.1633332607362246e-6,-8.984281450507773,-15.140688524778918,-21.480106468746385,39.84529921320789,10.01649434544769,-6.922264784176045e-6,-10.72265625,-18.6328125,-25.751953125,42.5390625,11.07421875,0.615234375,13.18359375,21.97265625,30.76171875,-65.91796875,-13.18359375,0.0,-11.2,-23.1,-24.0,14.0,6.4,3.2
13.476930856704712,-10.411708621324975,-17.376489346622314,-24.89287662453909,42.269326060648304,10.411708620859917,-7.105869684162271e-6,-8.90065174453969,-15.000959934655166,-21.280160040304644,39.50343178901292,9.932243887191692,-6.864760092199155e-6,-10.546875,-18.45703125,-25.48828125,42.01171875,10.8984375,0.615234375,13.18359375,26.3671875,30.76171875,-65.91796875,-13.18359375,0.0,-10.4,-23.1,-24.0,14.6,4.8,3.2
13.483597993850708,-10.327609986170499,-17.23613399372335,-24.691809054812367,41.92790346039236,10.327609985709197,-7.0484733466582e-6,-8.817237881758755,-14.861584312906999,-21.08072966143972,39.16218088553514,9.848129556011514,-6.807341571314964e-6,-10.37109375,-18.28125,-25.3125,41.66015625,10.810546875,0.615234375,17.578125,26.3671875,30.76171875,-61.5234375,-13.18359375,0.0,-9.6,-23.2,-24.0,13.0,5.6,3.2
13.490267992019653,-10.243456836644645,-17.09568765975414,-24.490611149175354,41.58625954336482,10.243456836187104,-6.991039803731559e-6,-8.733889307241208,-14.722304795171542,-20.881455377289374,38.820927833304886,9.763998690380534,-6.749904939360676e-6,-10.283203125,-18.193359375,-25.224609375,41.30859375,10.810546875,0.615234375,17.578125,26.3671875,30.76171875,-61.5234375,-13.18359375,0.0,-9.6,-23.2,-24.8,12.4,6.4,3.2
13.496954917907715,-10.15907829345826,-16.954865157887472,-24.28887436017273,41.24370057593821,10.159078293004486,-6.933452432260764e-6,-8.650437993275716,-14.58283852581904,-20.681935458104938,38.478981971668844,9.67968085338589,-6.692333767271343e-6,-10.1953125,-18.017578125,-24.9609375,40.95703125,10.634765625,0.615234375,17.578125,21.97265625,35.15625,-61.5234375,-13.18359375,0.0,-9.4,-23.2,-24.0,13.9,4.7,3.2
13.503621816635132,-10.074947478953773,-16.81445609966953,-24.08772985431393,40.902147334354545,10.074947478503757,-6.876034132725675e-6,-8.567349565593418,-14.44397215899084,-20.483283147091722,38.13825646472441,9.595648104788642,-6.634950501986293e-6,-9.931640625,-17.841796875,-24.697265625,40.693359375,10.546875,0.615234375,26.3671875,21.97265625,35.15625,-52.734375,-13.18359375,0.0,-7.8,-23.2,-24.0,13.1,5.5,3.2
13.510288953781128,-9.990815248983298,-16.674044679127537,-23.886581964282424,40.56058834627955,9.99081524853704,-6.81861486715156e-6,-8.484378981032668,-14.305289047601178,-20.284912581793115,37.7977441967123,9.511651923118613,-6.577585376983105e-6,-9.84375,-17.75390625,-24.609375,40.4296875,10.546875,0.615234375,26.3671875,21.97265625,35.15625,-52.734375,-13.18359375,0.0,-7.8,-23.2,-24.8,14.2,6.6,3.2
13.516958951950073,-9.906655266660472,-16.533586941648288,-23.685367722424502,40.21891668954727,9.906655266217973,-6.761176660920688e-6,-8.401500779830158,-14.166744987532034,-20.086762891628695,37.45733956046297,9.427666187167013,-6.520220522237838e-6,-9.66796875,-17.578125,-24.2578125,39.990234375,10.37109375,0.615234375,26.3671875,21.97265625,26.3671875,-52.734375,-13.18359375,0.0,-7.0,-23.2,-24.0,14.7,4.7,3.2
13.52362585067749,-9.822549166954204,-16.393219130880073,-23.48428230604326,39.87746378479615,9.82254916651546,-6.70377522894709e-6,-8.318793269542521,-14.028480585344226,-19.889021298544144,37.1173689630382,9.343771708207644,-6.462911252738201e-6,-9.66796875,-17.40234375,-24.08203125,39.638671875,10.283203125,0.615234375,17.578125,21.97265625,26.3671875,-48.33984375,-13.18359375,0.0,-7.8,-23.2,-24.0,13.1,5.5,3.2
13.530292987823486,-9.738461659921695,-16.25288235011945,-23.283241342032984,39.53608636235232,9.738461659486708,-6.646386486256457e-6,-8.236223186351216,-13.890431760583878,-19.691608273601314,36.77769244484757,9.25993375320599,-6.405633758241096e-6,-9.4921875,-17.314453125,-23.90625,39.375,10.1953125,0.615234375,17.578125,21.97265625,26.3671875,-48.33984375,-13.18359375,0.0,-7.0,-23.2,-24.0,13.2,5.6,3.2
13.536959886550903,-9.654405575938917,-16.112598012460023,-23.082275505951134,39.194836510817666,9.654405575507687,-6.589019189430721e-6,-8.153803501118572,-13.752618506357773,-19.494554828240062,36.43836256345411,9.176165242684501,-6.348396843439546e-6,-9.4921875,-17.138671875,-23.642578125,38.935546875,10.107421875,0.615234375,17.578125,21.97265625,30.76171875,-48.33984375,-13.18359375,0.0,-7.9,-23.2,-24.0,14.8,4.7,3.2
13.54362678527832,-9.570383991369457,-15.97237125215987,-22.88139215293432,38.85372671957507,9.57038399094198,-6.531675438052149e-6,-8.071535160365455,-13.615053518046013,-19.29786322545371,36.0993879776446,9.092468591931967,-6.29120227641901e-6,-9.404296875,-17.05078125,-23.466796875,38.671875,10.107421875,0.615234375,8.7890625,21.97265625,30.76171875,-48.33984375,-13.18359375,0.0,-7.9,-23.2,-24.0,14.0,6.3,3.2
13.550293922424316,-9.486400984764265,-15.83220887606499,-22.680601034202944,38.51277354667531,9.486400984340538,-6.474358015684186e-6,-7.989423663167793,-13.477736213577419,-19.101546612730687,35.76078795416441,9.008848353477777,-6.2340530804739855e-6,-9.31640625,-16.875,-23.291015625,38.408203125,10.01953125,0.615234375,8.7890625,21.97265625,30.76171875,-48.33984375,-13.18359375,0.0,-7.9,-23.2,-24.0,15.8,6.6,3.2
13.556960821151733,-9.402469435402207,-15.692132378884867,-22.47993294223417,38.17202927925567,9.402469434982228,-6.4170757122844285e-6,-7.907481948773125,-13.340686398964781,-18.9056359259245,35.422615102868676,8.925317471440687,-6.176958080960829e-6,-9.228515625,-16.69921875,-23.02734375,37.96875,9.931640625,0.615234375,8.7890625,21.97265625,35.15625,-48.33984375,-13.18359375,0.0,-8.1,-23.2,-24.0,14.7,5.5,3.2
13.56362795829773,-9.318589076556444,-15.552141315469115,-22.279387239323025,37.8314928344618,9.318589076140213,-6.359828345814917e-6,-7.825707683796616,-13.20391273788524,-18.71012558625236,35.08486458159657,8.841875028504345,-6.119916769027991e-6,-9.228515625,-16.611328125,-22.8515625,37.705078125,9.84375,0.615234375,13.18359375,21.97265625,35.15625,-48.33984375,-13.18359375,0.0,-8.1,-23.2,-24.0,13.9,5.5,3.2
13.570294857025146,-9.234773237827111,-15.412257932085195,-22.07899579459913,37.491218327639686,9.234773237414624,-6.3026250135722584e-6,-7.744115353441523,-13.067428366478033,-18.51505022572239,34.747592849631566,8.758534770069456,-6.062938454035561e-6,-9.140625,-16.435546875,-22.67578125,37.44140625,9.755859375,0.615234375,13.18359375,21.97265625,35.15625,-48.33984375,-13.18359375,0.0,-8.1,-22.4,-24.0,14.8,5.5,3.2
13.576961994171143,-9.151022842619263,-15.272483769838285,-21.878760815789278,37.151209507617764,9.151022842210514,-6.245466345769631e-6,-7.662706177276304,-12.931233365486925,-18.320412760144883,34.41080425917831,8.675297726641116,-6.006023820836021e-6,-9.140625,-16.259765625,-22.412109375,37.001953125,9.66796875,0.615234375,13.18359375,21.97265625,30.76171875,-48.33984375,-13.18359375,0.0,-8.9,-22.4,-24.0,15.6,4.8,3.2
13.58362889289856,-9.067349264732167,-15.132837810886754,-21.6787094959885,36.81151254960584,9.067349264327158,-6.188360104892365e-6,-7.58148912867193,-12.79535675558823,-18.126234643540947,34.07454076169493,8.592174547084278,-5.949180269654461e-6,-9.052734375,-16.083984375,-22.236328125,36.73828125,9.580078125,0.615234375,8.7890625,21.97265625,30.76171875,-48.33984375,-13.18359375,0.0,-8.9,-22.3,-23.2,14.8,4.8,3.2
13.590299844741821,-8.983706293077283,-14.993242931819154,-21.4787313512246,36.471939846397404,8.98370629267601,-6.131274752411567e-6,-7.500420943494873,-12.659713708155039,-17.932412437677968,33.738619619642655,8.509119842195735,-5.8923766682450985e-6,-9.052734375,-15.908203125,-21.97265625,36.38671875,9.580078125,0.615234375,8.7890625,21.97265625,30.76171875,-48.33984375,-13.18359375,0.0,-9.7,-21.5,-23.1,15.7,6.5,3.2
13.59696888923645,-8.900175644492839,-14.853835512918554,-21.279021754538277,36.13282315100298,8.900175644095295,-6.074266059116127e-6,-7.419581153252126,-12.52443526000351,-17.739136290788423,33.403369673974865,8.426214869775684,-5.835668570949933e-6,-9.052734375,-15.8203125,-21.796875,36.03515625,9.4921875,0.615234375,8.7890625,21.97265625,30.76171875,-48.33984375,-8.7890625,0.0,-10.6,-22.3,-23.1,15.5,5.6,3.2
13.603636980056763,-8.816750355478638,-14.714603932539417,-21.079564057216285,35.79413419309049,8.816750355084821,-6.017329272498384e-6,-7.338960857760075,-12.389522061160989,-17.546384923831507,33.06875904434011,8.343452037873273,-5.779050908403464e-6,-9.052734375,-15.64453125,-21.62109375,35.68359375,9.404296875,0.615234375,0.0,21.97265625,30.76171875,-52.734375,-8.7890625,0.0,-11.4,-21.5,-23.1,13.9,5.6,3.2
13.610304832458496,-8.733429304830363,-14.575546319461989,-20.88035557862264,35.455868420808486,8.733429304440268,-5.960463627349473e-6,-7.258560457858154,-12.254960733583932,-17.35415929515584,32.73478601509228,8.260830718882076,-5.722523164209709e-6,-8.96484375,-15.556640625,-21.4453125,35.419921875,9.31640625,0.615234375,0.0,21.97265625,30.76171875,-52.734375,-8.7890625,0.0,-11.4,-22.3,-23.3,14.9,6.5,3.2
13.616972923278809,-8.650213441940569,-14.436664258162958,-20.68139858861646,35.11802968848913,8.65021344155419,-5.903669771618737e-6,-7.178381057759994,-12.120751284199763,-17.162462044775133,32.401454786945386,8.178351924809393,-5.6660860186063694e-6,-8.876953125,-15.380859375,-21.181640625,35.068359375,9.228515625,0.615234375,0.0,21.97265625,30.76171875,-52.734375,-13.18359375,0.0,-11.3,-21.5,-22.5,16.3,5.5,3.2
13.62364387512207,-8.567074814615763,-14.297911098182727,-20.482626257580314,34.78050451616255,8.567074814233099,-5.846928628260173e-6,-7.098393735317305,-11.986862219016292,-16.97122402405153,32.06864977554097,8.095987324862731,-5.60972019982309e-6,-8.7890625,-15.205078125,-21.005859375,34.8046875,9.052734375,0.615234375,13.18359375,21.97265625,30.76171875,-43.9453125,-13.18359375,0.0,-10.5,-21.6,-22.5,13.9,3.9,3.2
13.630310773849487,-8.484107685807569,-14.159444158481527,-20.284263954481993,34.44367559139543,8.48410768542861,-5.79030453063871e-6,-7.018690687608136,-11.853432251012377,-16.78066566275044,31.73675114316382,8.013830797036157,-5.55348986423891e-6,-8.701171875,-15.1171875,-20.830078125,34.541015625,9.052734375,0.615234375,13.18359375,21.97265625,30.76171875,-43.9453125,-13.18359375,0.0,-10.5,-21.6,-22.3,11.6,4.6,3.2
13.636977910995483,-8.401265390784214,-14.021185558545813,-20.086200110754532,34.10735346528613,8.401265390408957,-5.733765630619247e-6,-6.939227087419479,-11.720384716452283,-16.590679785544225,31.405572267130836,7.931836143772385,-5.49736339148136e-6,-8.61328125,-14.94140625,-20.56640625,34.27734375,8.96484375,0.615234375,13.18359375,21.97265625,30.76171875,-43.9453125,-8.7890625,0.0,-9.4,-21.6,-21.5,14.4,5.9,3.2
13.6436448097229,-8.31855822968911,-13.883152488669564,-19.888459352538387,33.77157995422962,8.318558229317546,-5.677318957929511e-6,-6.860010766697322,-11.587750970865311,-16.401285117473343,31.075150597453725,7.850012914764839,-5.441347435937161e-6,-8.4375,-14.765625,-20.390625,34.013671875,8.876953125,0.615234375,13.18359375,21.97265625,30.76171875,-39.55078125,-8.7890625,0.0,-8.6,-21.5,-22.3,19.9,6.7,3.2
13.650312900543213,-8.235976836924612,-13.745329318257125,-19.691019288055713,33.436317035888294,8.235976836556738,-5.62095812065836e-6,-6.781034304585954,-11.455501550650565,-16.212463916354224,30.745451625763675,7.76835235142471,-5.38543591025274e-6,-8.4375,-14.677734375,-20.21484375,33.837890625,8.7890625,0.615234375,13.18359375,21.97265625,30.76171875,-39.55078125,-8.7890625,0.0,-9.4,-21.5,-22.3,22.3,6.4,3.2
13.656993865966797,-8.153383814193461,-13.607486738159015,-19.49355141801916,33.10100690235198,8.153383813829276,-5.5645893460706275e-6,-6.702166748255151,-11.32341539092048,-16.023903093071052,30.415927678979244,7.686718741982822,-5.329535867650013e-6,-8.349609375,-14.501953125,-19.951171875,33.3984375,8.701171875,0.615234375,13.18359375,21.97265625,30.76171875,-39.55078125,-17.578125,0.0,-9.6,-20.7,-21.5,18.4,5.5,3.2
13.663661003112793,-8.071113248338374,-13.47018231838362,-19.296854495338554,32.767005875258306,8.071113247977863,-5.508440644539434e-6,-6.623725007810412,-11.192043394011304,-15.836360333460426,30.08790783666062,7.605441628241161,-5.273873088762074e-6,-8.26171875,-14.326171875,-19.775390625,32.87109375,8.525390625,0.615234375,13.18359375,21.97265625,30.76171875,-52.734375,-17.578125,0.0,-10.4,-20.8,-22.4,14.6,5.5,3.2
13.67032790184021,-7.989005684941074,-13.333149939497403,-19.100547287758406,32.43366660352942,7.989005684584231,-5.452403190284297e-6,-6.545558292685809,-11.061113645095046,-15.649475119274074,29.760758686305273,7.524363890741235,-5.21833989638935e-6,-8.173828125,-14.23828125,-19.6875,32.51953125,8.525390625,0.615234375,13.18359375,21.97265625,30.76171875,-52.734375,-17.578125,0.0,-10.4,-20.8,-23.2,15.4,5.6,3.2
13.676995992660522,-7.907050110287448,-13.196371220301572,-18.904603463094755,32.10094437382482,7.907050109934266,-5.39646946657381e-6,-6.467656029557738,-10.930607692359759,-15.463222171237511,29.434436235477545,7.443474637041376,-5.162928833612867e-6,-7.998046875,-14.0625,-19.423828125,32.16796875,8.4375,0.615234375,13.18359375,21.97265625,26.3671875,-52.734375,-13.18359375,0.0,-9.6,-20.8,-22.4,17.0,4.7,3.2
13.683665990829468,-7.825241615866544,-13.059837968798881,-18.70901128581389,31.768819258632348,7.825241615517015,-5.3406361234065004e-6,-6.390011633002985,-10.800535542814906,-15.277585744564416,29.108917448248118,7.362768418190995,-5.107636278160566e-6,-7.91015625,-13.88671875,-19.16015625,31.728515625,8.349609375,0.615234375,17.578125,21.97265625,26.3671875,-57.12890625,-13.18359375,0.0,-9.6,-20.8,-22.4,14.1,5.5,3.2
13.690335988998413,-7.743612648454526,-12.923604336625818,-18.51384833142483,31.437422984973136,7.743612648108643,-5.284925305328621e-6,-6.312657567807388,-10.670930689762933,-15.092643457822287,28.78433456893685,7.282277790863393,-5.052484436188671e-6,-7.734375,-13.7109375,-19.072265625,31.46484375,8.349609375,0.615234375,17.578125,21.97265625,26.3671875,-57.12890625,-13.18359375,0.0,-8.8,-20.0,-22.4,14.9,6.5,3.2
13.69700288772583,-7.662207425726533,-12.787744120311736,-18.319220317939067,31.10693506721854,7.6622074253842865,-5.229367190387664e-6,-6.235635450629525,-10.5418625542629,-14.908494810371439,28.46086294942053,7.202046276374713,-4.997503143494057e-6,-7.646484375,-13.623046875,-18.80859375,31.025390625,8.26171875,0.615234375,17.578125,21.97265625,30.76171875,-57.12890625,-8.7890625,0.0,-8.7,-20.8,-22.4,15.4,5.6,3.2
13.703669786453247,-7.58099144801766,-12.652199742077482,-18.125044761690067,30.777215444055113,7.580991447679041,-5.173938232964762e-6,-6.158910577322373,-10.413295129539993,-14.725056829658403,28.138361746402005,7.12203922232146,-4.94266877224418e-6,-7.470703125,-13.447265625,-18.544921875,30.673828125,8.173828125,0.615234375,17.578125,21.97265625,30.76171875,-52.734375,-8.7890625,0.0,-7.9,-19.9,-21.5,13.3,6.4,3.2
13.710347890853882,-7.499837949842001,-12.516759638269523,-17.93101858489149,30.44774947452891,7.499837949507007,-5.118551917094471e-6,-6.08236512562172,-10.285008517394589,-14.542047819835435,27.81633121515319,7.0421323828608,-4.887896053789948e-6,-7.3828125,-13.359375,-18.45703125,30.322265625,8.0859375,0.615234375,17.578125,21.97265625,30.76171875,-52.734375,-8.7890625,0.0,-7.1,-20.7,-22.3,14.1,6.5,3.2
13.717014789581299,-7.419025480093068,-12.381888689538737,-17.73780775731759,30.119668007997312,7.419025479761683,-5.063398349147413e-6,-6.006261523097361,-10.15744292958109,-14.360095206943285,27.495876177883865,6.962599942279308,-4.833372946007646e-6,-7.294921875,-13.18359375,-18.28125,29.970703125,7.998046875,0.615234375,17.578125,21.97265625,30.76171875,-52.734375,-13.18359375,0.0,-7.1,-19.9,-22.3,14.6,5.5,3.2
13.723681926727295,-7.338418020908264,-12.247359890594614,-17.545087080098956,29.79241884082179,7.33841802058048,-5.0083846985189775e-6,-5.930469428629734,-10.030402625758422,-14.178887364377097,27.176453165466526,6.883307326820825,-4.779007322447202e-6,-7.20703125,-13.0078125,-18.017578125,29.53125,7.822265625,0.615234375,13.18359375,21.97265625,30.76171875,-57.12890625,-13.18359375,0.0,-7.1,-20.0,-22.5,11.6,5.6,3.2
13.730348825454712,-7.258030875393748,-12.113198781362517,-17.352893140730238,29.46606410036369,7.258030875069556,-4.953521409400612e-6,-5.855004893344329,-9.903890893304457,-13.998462668036652,26.858125952308967,6.8042701365861245,-4.724809780241484e-6,-7.119140625,-12.919921875,-17.841796875,29.1796875,7.822265625,0.615234375,13.18359375,21.97265625,30.76171875,-57.12890625,-13.18359375,0.0,-7.1,-20.0,-22.5,12.4,6.4,3.2
13.737015962600708,-7.177864267408239,-11.979405735448617,-17.161226474424975,29.140604695441883,7.177864267087626,-4.898808634573277e-6,-5.779867731841911,-9.777908218885944,-13.818820674659415,26.540894752820748,6.725488477271378,-4.67078041343858e-6,-7.119140625,-12.744140625,-17.666015625,28.828125,7.734375,0.615234375,13.18359375,21.97265625,26.3671875,-57.12890625,-13.18359375,0.0,-8.0,-20.0,-22.5,12.8,5.6,3.2
13.743685960769653,-7.097889710426431,-11.845933210627004,-16.970018974056323,28.815924976812788,7.09788971010939,-4.844226932315747e-6,-5.705029372422172,-9.652430437701767,-13.639893073477527,26.22464343569609,6.6469337650059,-4.616899727026361e-6,-7.03125,-12.568359375,-17.40234375,28.388671875,7.55859375,0.615234375,13.18359375,21.97265625,26.3671875,-57.12890625,-13.18359375,0.0,-8.0,-19.1,-22.3,10.1,4.7,3.2
13.750355958938599,-7.018151477097241,-11.712855095174824,-16.779376489070064,28.492204682029637,7.018151476783763,-4.7898065181944716e-6,-5.63053300162662,-9.52750487661052,-13.461783117212386,25.90955038634027,6.568650064670918,-4.563197840451917e-6,-6.943359375,-12.48046875,-17.314453125,28.125,7.55859375,0.615234375,13.18359375,21.97265625,26.3671875,-57.12890625,-13.18359375,0.0,-8.0,-19.9,-22.3,11.7,5.5,3.2
13.757022857666016,-6.938692203626344,-11.580242546247987,-16.5894009564149,28.16961690503361,6.938692203316414,-4.7355764909224876e-6,-5.556417892223308,-9.4031987742286,-13.28458470132394,25.59578310997333,6.490679067628479,-4.5097033848323655e-6,-6.85546875,-12.3046875,-17.05078125,27.861328125,7.470703125,0.615234375,13.18359375,21.97265625,30.76171875,-57.12890625,-8.7890625,0.0,-8.0,-19.1,-21.5,13.2,4.9,3.2
13.763689994812012,-6.859474568393136,-11.44803327640009,-16.400003145539838,27.848010127970362,6.859474568086745,-4.6815113789290795e-6,-5.482647212715123,-9.279474762291668,-13.108209767074966,25.283190551971632,6.412983514210684,-4.456390913973108e-6,-6.767578125,-12.216796875,-16.787109375,27.685546875,7.470703125,0.615234375,8.7890625,21.97265625,30.76171875,-39.55078125,-8.7890625,0.0,-8.0,-19.3,-21.6,12.8,5.7,3.2
13.770357847213745,-6.780503006481098,-11.316234687507574,-16.211193660082557,27.52740235633702,6.780503006178234,-4.627614209106986e-6,-5.409226796427572,-9.156316466851637,-12.932672261095883,24.971793432093744,6.335568316259214,-4.403263696453584e-6,-6.767578125,-12.12890625,-16.69921875,27.421875,7.3828125,0.615234375,8.7890625,21.97265625,30.76171875,-39.55078125,-8.7890625,0.0,-8.0,-20.1,-22.4,14.4,6.5,3.2
13.777024984359741,-6.701800011007297,-11.18488431917353,-16.023026277805037,27.207884907412442,6.701800010707949,-4.573900332746232e-6,-5.336177024552181,-9.033759718516658,-12.758020911842754,24.66167952552211,6.258455366481689,-4.350336785913869e-6,-6.6796875,-11.953125,-16.435546875,27.158203125,7.294921875,0.615234375,8.7890625,17.578125,26.3671875,-39.55078125,-8.7890625,0.0,-8.1,-19.3,-21.6,14.6,5.6,3.2
13.783702850341797,-6.623233340963433,-11.053761469440628,-15.835184829745586,26.8889209107845,6.6232333406675945,-4.52027949690121e-6,-5.263373450819914,-8.911621209400689,-12.583958186438496,24.352324667752086,6.181514560190308,-4.297520982826714e-6,-6.591796875,-11.77734375,-16.259765625,26.89453125,7.20703125,0.615234375,8.7890625,17.578125,26.3671875,-35.15625,-8.7890625,0.0,-8.1,-19.1,-21.6,13.6,5.6,3.2
13.790369987487793,-6.545065899594264,-10.92330490735224,-15.648297879214407,26.571577697799007,6.5450658993019175,-4.466931129969767e-6,-5.191061443079392,-8.790284646654055,-12.411070723618922,24.04476734582825,6.105003938158681,-4.244993313752288e-6,-6.591796875,-11.689453125,-16.083984375,26.71875,7.119140625,0.615234375,8.7890625,17.578125,26.3671875,-35.15625,-8.7890625,0.0,-8.9,-19.1,-21.6,16.0,6.3,3.2
13.79703688621521,-6.467179130095506,-10.793316769030156,-15.462081974185576,26.25537395300629,6.467179129806638,-4.4137743183159156e-6,-5.119130335026647,-8.66956730319923,-12.239093936393436,23.738539317515094,6.028807151603058,-4.192673957048571e-6,-6.50390625,-11.6015625,-15.908203125,26.455078125,7.03125,0.615234375,8.7890625,17.578125,30.76171875,-35.15625,-17.578125,0.0,-8.7,-19.9,-21.6,17.2,5.6,3.2
13.803703784942627,-6.3895723353117475,-10.663795890965682,-15.276535447862198,25.940306846103425,6.389572335026346,-4.360808586139218e-6,-5.047577562571513,-8.54949028649919,-12.068021694396455,23.43363434633837,5.9529229134053665,-4.14056214039713e-6,-6.50390625,-11.42578125,-15.64453125,26.19140625,6.85546875,0.615234375,8.7890625,17.578125,30.76171875,-39.55078125,-17.578125,0.0,-8.7,-19.2,-20.7,16.0,4.8,3.2
13.810370922088623,-6.312253358199458,-10.53475536256176,-15.091677051609185,25.626408217828207,6.312253357917509,-4.308039286165978e-6,-4.976412082250248,-8.430040080983611,-11.897875411399738,23.13008651781993,5.877359464050817,-4.088663419044443e-6,-6.50390625,-11.337890625,-15.556640625,25.83984375,6.85546875,0.615234375,8.7890625,17.578125,30.76171875,-39.55078125,-17.578125,0.0,-9.5,-20.0,-21.5,16.8,5.5,3.2
13.81703782081604,-6.235232644625444,-10.406212617315612,-14.907531759970404,25.313720476181672,6.235232644346935,-4.255473547578445e-6,-4.905642783467481,-8.311234614941398,-11.728676340673115,22.827935566567785,5.802126793320826,-4.036984695125843e-6,-6.50390625,-11.162109375,-15.380859375,25.48828125,6.85546875,0.615234375,8.7890625,21.97265625,26.3671875,-39.55078125,-8.7890625,0.0,-10.7,-19.2,-21.5,16.0,5.7,3.2
13.823706865310669,-6.1584845447390375,-10.278124847233556,-14.724038247894288,25.002139488216912,6.158484544463958,-4.203093864652737e-6,-4.835244208330414,-8.19305753403354,-11.56036361610828,22.527077429453062,5.72719925151766,-3.98550845922682e-6,-6.50390625,-10.986328125,-15.1171875,25.048828125,6.767578125,0.615234375,0.0,21.97265625,26.3671875,-52.734375,-8.7890625,0.0,-11.5,-18.4,-20.8,12.3,5.7,3.2
13.830374002456665,-6.0820665573165575,-10.150588014170696,-14.541333986568032,24.691898686755806,6.082066557044891,-4.150939479632981e-6,-4.765270828210225,-8.07557046103114,-11.39306747080834,22.227740791815382,5.652633547801549,-3.9342735670001865e-6,-6.416015625,-10.8984375,-14.94140625,24.78515625,6.6796875,0.615234375,0.0,21.97265625,26.3671875,-52.734375,-8.7890625,0.0,-11.5,-19.2,-20.8,13.9,6.5,3.2
13.837040901184082,-6.005964064524509,-10.023577721878812,-14.359384026883966,24.3829387264985,6.005964064256242,-4.099000416018331e-6,-4.695708413775107,-7.958752973023454,-11.22675388451648,21.92986689997226,5.57841516170031,-3.883270089256239e-6,-6.328125,-10.72265625,-14.765625,24.521484375,6.591796875,0.615234375,0.0,21.97265625,30.76171875,-52.734375,-8.7890625,0.0,-11.3,-18.4,-20.8,16.3,5.5,3.2
13.843708992004395,-5.9301622748254985,-9.897069284208746,-14.178153004433721,24.07519955694417,5.930162274560616,-4.047266578757056e-6,-4.626541516986736,-7.842606210890759,-11.061385923226371,21.63339434886685,5.504529060376568,-3.832487807554358e-6,-6.15234375,-10.546875,-14.58984375,24.08203125,6.50390625,0.615234375,13.18359375,21.97265625,30.76171875,-48.33984375,-8.7890625,0.0,-10.5,-18.3,-20.8,13.4,6.5,3.2
13.850375890731812,-5.854699326717724,-9.77112635192444,-13.99773210280348,23.768836012296745,5.854699326456212,-3.9957639969292995e-6,-4.557806653526316,-7.727160615488742,-10.897050890605467,21.338475570483837,5.431012989666446,-3.7819525609740187e-6,-6.15234375,-10.458984375,-14.326171875,23.818359375,6.416015625,0.615234375,13.18359375,21.97265625,30.76171875,-48.33984375,-8.7890625,0.0,-10.5,-18.3,-20.0,15.0,5.7,3.2
13.857042789459229,-5.7795660580426915,-9.645733633957418,-13.818099416608701,23.463810896138327,5.779566057784535,-3.944486417468764e-6,-4.489494610199079,-7.612404498875013,-10.73372675924895,21.045073221930664,5.357857759639659,-3.7316580817208836e-6,-5.9765625,-10.37109375,-14.150390625,23.466796875,6.328125,0.615234375,13.18359375,17.578125,30.76171875,-48.33984375,-17.578125,0.0,-9.5,-18.3,-20.0,14.6,4.6,3.2
13.863709926605225,-5.70476096053677,-9.52088861311018,-13.639251339811048,23.160118085238864,5.7047609602819565,-3.893432811003115e-6,-4.4216020490607635,-7.4983600912433666,-10.57140554861897,20.753177831617656,5.285061281644756,-3.681603048577975e-6,-5.888671875,-10.1953125,-13.974609375,23.115234375,6.240234375,0.615234375,13.18359375,17.578125,30.76171875,-43.9453125,-17.578125,0.0,-9.5,-18.4,-19.9,12.5,5.7,3.2
13.870376825332642,-5.630300588747675,-9.396618917885641,-13.4612274519194,22.857824787546686,5.630300588496187,-3.842614475818063e-6,-4.354145695801205,-7.385023588639553,-10.410127247400254,20.462857243240755,5.2126402337259234,-3.6317988260874636e-6,-5.80078125,-10.01953125,-13.798828125,22.8515625,6.240234375,0.615234375,13.18359375,17.578125,30.76171875,-43.9453125,-17.578125,0.0,-8.7,-17.6,-19.9,14.1,6.5,3.2
13.877043962478638,-5.556183815589444,-9.272922667247952,-13.284025058235626,22.55692642733214,5.556183815341267,-3.7920306426905883e-6,-4.287123654819572,-7.27239581966788,-10.249887323487723,20.174105516300813,5.1405932538705414,-3.5822445273983507e-6,-5.80078125,-9.931640625,-13.623046875,22.587890625,6.15234375,0.615234375,13.18359375,21.97265625,26.3671875,-43.9453125,-4.39453125,0.0,-9.5,-17.6,-19.9,14.7,5.7,3.2
13.883710861206055,-5.482416774691017,-9.14981009783951,-13.107658823371844,22.25744790582623,5.482416774446135,-3.741685497750892e-6,-4.220539470773596,-7.160511387617438,-10.090694251640965,19.88694289967903,5.068925672935791,-3.532943936121547e-6,-5.712890625,-9.84375,-13.447265625,22.236328125,6.064453125,0.615234375,8.7890625,21.97265625,26.3671875,-48.33984375,-4.39453125,0.0,-9.5,-18.3,-20.0,12.5,5.5,3.2
13.89037799835205,-5.409005557985188,-9.027291376714455,-12.932143312250773,21.95941395498246,5.409005557743585,-3.6915831986720463e-6,-4.1544003300387775,-7.049349434896445,-9.932565213435577,19.601396337654954,4.997643974795774,-3.4839014096462414e-6,-5.537109375,-9.66796875,-13.271484375,21.97265625,5.9765625,0.615234375,8.7890625,21.97265625,26.3671875,-48.33984375,-4.39453125,0.0,-8.7,-17.5,-19.2,14.1,5.5,3.2
13.897044897079468,-5.335959382636057,-8.90538188674218,-12.757500561767332,21.662861994529806,5.335959382397717,-3.641730036061034e-6,-4.088713619783579,-6.938926641809992,-9.775517870513834,19.31750005959102,4.926756830227529,-3.435122965906859e-6,-5.44921875,-9.580078125,-13.095703125,21.708984375,5.888671875,0.615234375,8.7890625,17.578125,26.3671875,-48.33984375,-13.18359375,0.0,-8.7,-17.5,-19.2,14.7,4.8,3.2
13.903711795806885,-5.263276124227272,-8.784078082404895,-12.583725492751896,21.367783399789005,5.263276123992179,-3.5921245600284764e-6,-4.023475391738248,-6.829265788700651,-9.619542783138666,19.035242094706565,4.856261534461369,-3.3866068630740535e-6,-5.361328125,-9.404296875,-12.919921875,21.357421875,5.80078125,0.615234375,17.578125,17.578125,26.3671875,-43.9453125,-13.18359375,0.0,-8.7,-17.6,-19.1,12.4,5.6,3.2
13.910380840301514,-5.190944095892529,-8.663360459054969,-12.410790163611813,21.074130724564572,5.190944095660665,-3.5427587944244427e-6,-3.958676891750655,-6.720318188726519,-9.464619021409241,18.754580385295824,4.786147335066196,-3.3383455949604717e-6,-5.2734375,-9.228515625,-12.744140625,21.09375,5.80078125,0.615234375,17.578125,17.578125,26.3671875,-43.9453125,-13.18359375,0.0,-7.9,-16.8,-19.1,14.0,6.4,3.2
13.91704797744751,-5.119010978599245,-8.543308593239594,-12.238808572585272,20.782097543459113,5.119010978370595,-3.4936652809530115e-6,-3.8943598711858365,-6.612158683331787,-9.31084640674936,18.475698235654207,4.716460157455399,-3.290370828270636e-6,-5.09765625,-9.140625,-12.568359375,20.830078125,5.712890625,0.615234375,17.578125,21.97265625,26.3671875,-43.9453125,-13.18359375,0.0,-7.0,-16.8,-19.1,14.0,5.6,3.2
13.923714876174927,-5.047458781730066,-8.423892459745602,-12.067737706730355,20.491610818386498,5.047458781504613,-3.444831741227694e-6,-3.830506126770868,-6.504786653616264,-9.158181417788652,18.198522034335316,4.647181903770628,-3.2426702282113465e-6,-5.009765625,-9.052734375,-12.392578125,20.478515625,5.625,0.615234375,17.578125,21.97265625,26.3671875,-43.9453125,-13.18359375,0.0,-7.0,-16.7,-19.2,11.6,5.6,3.2
13.930381774902344,-4.976296616090147,-8.305127263935956,-11.897599348653243,20.20270753728096,4.976296615867872,-3.3962643932667323e-6,-3.767125451042983,-6.398183675216065,-9.006647467055274,17.923090272585938,4.578321955794696,-3.1952501522977932e-6,-4.921875,-8.876953125,-12.216796875,20.21484375,5.537109375,0.615234375,17.578125,21.97265625,26.3671875,-43.9453125,-13.18359375,0.0,-6.3,-16.7,-19.2,13.2,5.6,3.2
13.93704891204834,-4.905525372157449,-8.187014491962586,-11.72839562735686,19.91539131529393,4.905525371938335,-3.347963844810948e-6,-3.7042176160077336,-6.2923543342724875,-8.856244009447751,17.649404585535684,4.509880863497324,-3.1481110378862774e-6,-4.833984375,-8.7890625,-12.041015625,19.951171875,5.44921875,0.615234375,17.578125,17.578125,26.3671875,-43.9453125,-8.7890625,0.0,-6.3,-16.7,-18.4,13.9,4.8,3.2
13.943715810775757,-4.83514999444933,-8.069562395915161,-11.560138364460983,19.6296822261159,4.835149994233359,-3.299933470435761e-6,-3.641784929492147,-6.187333152775549,-8.706976562643883,17.37748028864205,4.441862749494118,-3.1012558471695577e-6,-4.74609375,-8.61328125,-11.865234375,19.599609375,5.44921875,0.615234375,13.18359375,17.578125,26.3671875,-43.9453125,-8.7890625,0.0,-6.3,-15.9,-19.1,11.7,6.4,3.2
13.950382947921753,-4.7651772658832305,-7.9527822960579115,-11.39284377693183,19.345607806951325,4.765177265670385,-3.252177899403205e-6,-3.579835060935144,-6.083097218878894,-8.558863463153429,17.10734677915346,4.374274728720364,-3.054689379347305e-6,-4.658203125,-8.525390625,-11.77734375,19.423828125,5.361328125,0.615234375,13.18359375,17.578125,26.3671875,-43.9453125,-8.7890625,0.0,-5.5,-15.9,-19.1,14.1,5.6,3.2
13.95704984664917,-4.695615346283406,-7.836687810626266,-11.226531373718979,19.063201184953925,4.695615346073668,-3.2047027006981517e-6,-3.518374158493156,-5.979662110549251,-8.411919410321635,16.839033647177207,4.307124353924381,-3.0084169000269252e-6,-4.658203125,-8.4375,-11.513671875,19.072265625,5.361328125,0.615234375,13.18359375,21.97265625,26.3671875,-43.9453125,-8.7890625,0.0,-6.4,-16.7,-18.3,13.1,5.6,3.2
13.963716983795166,-4.626458818156203,-7.72126989816275,-11.061188202385315,18.782440366249887,4.626458817949554,-3.157504176944375e-6,-3.4573953124408368,-5.87704748249452,-8.266127884003069,16.572516123853458,4.240405724721371,-2.9624344684160794e-6,-4.5703125,-8.349609375,-11.337890625,18.80859375,5.2734375,0.615234375,8.7890625,21.97265625,26.3671875,-39.55078125,-8.7890625,0.0,-6.4,-16.8,-18.5,11.6,5.6,3.2
13.970383882522583,-4.557724557554304,-7.606556723741926,-10.8968546111112,18.503393864029434,4.557724557350725,-3.1105938458509767e-6,-3.396915037845729,-5.775244433302353,-8.121528369315278,16.307862412188452,4.174135677815558,-2.916753586941007e-6,-4.5703125,-8.173828125,-11.162109375,18.45703125,5.185546875,0.615234375,8.7890625,21.97265625,26.3671875,-39.55078125,-8.7890625,0.0,-7.2,-16.0,-17.7,12.4,6.4,3.2
13.97705078125,-4.48941297169886,-7.492548966990379,-10.733531573503011,18.226063331523974,4.489412971498332,-3.0639719853416424e-6,-3.336932559460406,-5.674257154707375,-7.97811901275475,16.045072064260268,4.10831425874815,-2.8713743524390073e-6,-4.5703125,-8.0859375,-10.986328125,18.28125,5.09765625,0.615234375,8.7890625,13.18359375,21.97265625,-39.55078125,-8.7890625,0.0,-8.1,-16.0,-17.7,13.1,5.7,3.2
13.983717918395996,-4.421520872545009,-7.3792413072609815,-10.571211467410498,17.95043582594835,4.4215208723475135,-3.017636419612941e-6,-3.2774429234068734,-5.57410919170432,-7.835887970321787,15.784128884868244,4.042937714824936,-2.826294304894109e-6,-4.482421875,-7.91015625,-10.8984375,17.9296875,5.009765625,0.615234375,4.39453125,13.18359375,21.97265625,-43.9453125,-8.7890625,0.0,-7.3,-16.0,-18.3,10.9,5.5,3.2
13.990384817123413,-4.354065142199037,-7.266661919731383,-10.409934655487309,17.676579885069152,4.354065142004555,-2.971598670505488e-6,-3.21846253706378,-5.474790645529394,-7.6948744696655,15.52510089871473,3.978022853847905,-2.7815249333517453e-6,-4.482421875,-7.822265625,-10.72265625,17.75390625,5.009765625,0.615234375,4.39453125,13.18359375,21.97265625,-43.9453125,-8.7890625,0.0,-8.1,-16.0,-18.3,13.3,6.3,3.2
13.99705195426941,-4.287043573538394,-7.1548071208523325,-10.24969586082537,17.404486548437497,4.287043573346905,-2.9258572316838874e-6,-3.1599882921809974,-5.376302030672454,-7.555071079413214,15.26797753374857,3.9135671907787897,-2.7370645921645212e-6,-4.39453125,-7.734375,-10.546875,17.490234375,4.921875,0.615234375,4.39453125,17.578125,26.3671875,-43.9453125,-8.7890625,0.0,-8.0,-16.0,-17.5,13.1,5.6,3.2
14.003718852996826,-4.220459866159124,-7.043683085017832,-10.090503928619178,17.13417083562772,4.220459865970609,-2.880414628079286e-6,-3.102021214407689,-5.2786775093043925,-7.416480251742473,15.012768963421658,3.8495735872557226,-2.6929153855492533e-6,-4.39453125,-7.55859375,-10.37109375,17.2265625,4.833984375,0.615234375,8.7890625,17.578125,26.3671875,-35.15625,-8.7890625,0.0,-8.8,-15.2,-17.5,11.7,5.6,3.2
14.010385990142822,-4.1543213676509385,-6.933302074894746,-9.93237642588399,16.865662576293772,4.154321367465378,-2.8352758743359525e-6,-3.0445692938380033,-5.181892245641901,-7.279121089802919,14.759506459528795,3.786049651603781,-2.6490824626021404e-6,-4.306640625,-7.470703125,-10.283203125,16.962890625,4.74609375,0.615234375,8.7890625,17.578125,26.3671875,-35.15625,-8.7890625,0.0,-8.0,-16.0,-18.3,12.5,5.6,3.2
14.01705288887024,-4.088635144001379,-6.823675883173568,-9.775330246365353,16.598990456844607,4.0886351438187525,-2.7904457929079622e-6,-2.987637434828535,-5.085960505204751,-7.143005319195808,14.508214882769941,3.7230017921020293,-2.6055703167517125e-6,-4.306640625,-7.294921875,-10.107421875,16.69921875,4.74609375,0.615234375,8.7890625,17.578125,21.97265625,-35.15625,-13.18359375,0.0,-8.9,-15.2,-17.5,13.1,5.6,3.2
14.023719787597656,-4.023397406733564,-6.714798187123746,-9.619356332367637,16.33413909686857,4.023397406553851,-2.745921798204035e-6,-2.931220102624752,-4.990905902368004,-7.008119707130372,14.258875628399345,3.6604256601660508,-2.5623760803753477e-6,-4.306640625,-7.20703125,-9.931640625,16.435546875,4.658203125,0.615234375,4.39453125,17.578125,21.97265625,-39.55078125,-13.18359375,0.0,-9.7,-15.1,-17.6,11.8,5.6,3.2
14.030386924743652,-3.958618021985014,-6.606685452710643,-9.464478272386547,16.0711485507889,3.9586180218081948,-2.701710623747942e-6,-2.875327405660318,-4.89670645012451,-6.874488421397048,14.01152949340899,3.5983312627958797,-2.5195065616082647e-6,-4.306640625,-7.119140625,-9.755859375,16.171875,4.658203125,0.615234375,4.39453125,17.578125,21.97265625,-39.55078125,-13.18359375,0.0,-9.7,-15.1,-17.6,13.4,6.4,3.2
14.03705382347107,-3.894303674202476,-6.499348835857066,-9.310712047959235,15.810045956039943,3.8943036740285297,-2.657816831596616e-6,-2.819963821212084,-4.803375940936464,-6.742122166511712,13.766199701205498,3.5367246112123554,-2.4769659856134042e-6,-4.21875,-7.03125,-9.580078125,15.908203125,4.5703125,0.615234375,4.39453125,17.578125,26.3671875,-39.55078125,-4.39453125,0.0,-9.8,-15.1,-16.8,13.0,5.6,3.2
14.043720960617065,-3.8304480218414034,-6.3927777529224965,-9.158042497377696,15.550805567297477,3.8304480216703096,-2.6142360937198766e-6,-2.7651215994370535,-4.710934727061304,-6.611002413730183,13.522857876214083,3.4755989056831007,-2.434749793244337e-6,-4.130859375,-6.85546875,-9.4921875,15.64453125,4.482421875,0.615234375,4.39453125,17.578125,26.3671875,-39.55078125,-4.39453125,0.0,-9.8,-14.4,-17.6,11.8,5.6,3.2
14.050387859344482,-3.7670678626835916,-6.28700023835229,-9.006509781688013,15.293495579988555,3.767067862515329,-2.5709798744078575e-6,-2.710816712250235,-4.619370020573165,-6.481167349571525,13.281571073873115,3.4149707616411944,-2.3928693618590982e-6,-4.04296875,-6.767578125,-9.228515625,15.29296875,4.482421875,0.615234375,4.39453125,17.578125,26.3671875,-39.55078125,-4.39453125,0.0,-8.7,-14.4,-16.8,12.6,6.4,3.2
14.057054996490479,-3.7041604185105124,-6.182011655473792,-8.856107258574927,15.03810471513591,3.704160418345059,-2.52804627755882e-6,-2.657045428139769,-4.528682035375261,-6.352608052535171,13.0423263068851,3.3548371061201028,-2.351322647557109e-6,-3.955078125,-6.6796875,-9.140625,15.1171875,4.39453125,0.615234375,4.39453125,17.578125,21.97265625,-39.55078125,-8.7890625,0.0,-8.7,-14.4,-16.8,12.0,5.6,3.2
14.063722848892212,-3.6417192223454644,-6.077801211308074,-8.706819466440443,14.784606718187412,3.6417192221828003,-2.485430889536601e-6,-2.6037999060032853,-4.438891385994934,-6.2253057756890895,12.805094753389415,3.295191024876702,-2.3101050110807216e-6,-3.8671875,-6.50390625,-8.96484375,14.765625,4.306640625,0.615234375,13.18359375,17.578125,21.97265625,-39.55078125,-8.7890625,0.0,-8.7,-13.4,-16.6,11.0,6.4,3.2
14.070389986038208,-3.5797699662119093,-5.974411784232568,-8.558707831165124,14.533105893302567,3.5797699660520124,-2.443151244847523e-6,-2.5511035792838586,-4.349997185692847,-6.099316544977583,12.569977041856184,3.236057591786395,-2.2692336820460585e-6,-3.8671875,-6.416015625,-8.876953125,14.58984375,4.21875,0.615234375,13.18359375,17.578125,21.97265625,-39.55078125,-8.7890625,0.0,-8.7,-13.4,-16.6,11.8,5.6,3.2
14.077056884765625,-3.51830952686299,-5.8718381617439555,-8.411764885521308,14.283589560762369,3.518309526705838,-2.401205211912037e-6,-2.4989523375397713,-4.261999391009016,-5.97463053293407,12.336958718233674,3.177433377244713,-2.228706375184205e-6,-3.69140625,-6.328125,-8.701171875,14.4140625,4.130859375,0.615234375,13.18359375,17.578125,21.97265625,-39.55078125,-13.18359375,0.0,-7.2,-13.4,-16.6,12.2,5.7,3.2
14.083723783493042,-3.4573333207053776,-5.770072694112154,-8.265979670805923,14.036039112151235,3.4573333205509496,-2.3595896624811632e-6,-2.4473399009731556,-4.174921474365134,-5.851232725477842,12.106018032452843,3.119313251501455,-2.188519687109681e-6,-3.603515625,-6.240234375,-8.525390625,14.150390625,4.04296875,0.615234375,13.18359375,17.578125,21.97265625,-35.15625,-13.18359375,0.0,-7.2,-13.6,-16.0,11.0,5.5,3.2
14.090390920639038,-3.3968514990354706,-5.669132323214826,-8.12137645728795,13.790495759576894,3.396851498883744,-2.3183115246962808e-6,-2.396276361432762,-4.0887395624969605,-5.729147250747226,11.877196414070642,3.061707416781114,-2.148680575689133e-6,-3.603515625,-6.15234375,-8.4375,13.88671875,4.04296875,0.615234375,13.18359375,17.578125,21.97265625,-35.15625,-13.18359375,0.0,-8.0,-13.6,-16.8,11.8,6.3,3.2
14.097057819366455,-3.3368694941324293,-5.569026115185533,-7.977968232754493,13.54698155693919,3.3368694939833823,-2.277374506024551e-6,-2.3457648142026764,-4.003465979910248,-5.608381509114986,11.650511748200056,3.0046205872616367,-2.1091923887055674e-6,-3.515625,-6.064453125,-8.26171875,13.7109375,3.955078125,0.615234375,13.18359375,17.578125,21.97265625,-35.15625,-8.7890625,0.0,-7.1,-13.6,-16.0,12.2,5.6,3.2
14.103725910186768,-3.277371853688947,-5.469728281091539,-7.835718052992709,13.30543377115178,3.2773718535425576,-2.2367680604464834e-6,-2.295789833915039,-3.919109103918379,-5.488898620776567,11.425901223851472,2.948037291602441,-2.0700445688126866e-6,-3.427734375,-5.888671875,-7.998046875,13.271484375,3.8671875,0.615234375,8.7890625,17.578125,21.97265625,-35.15625,-8.7890625,0.0,-7.1,-12.7,-15.2,10.9,5.6,3.2
14.110392808914185,-3.2183921939364417,-5.3712949243168655,-7.694706289508534,13.065988876975753,3.218392193792686,-2.1965151306478964e-6,-2.2463811248197176,-3.8356775687981592,-5.370769604260634,11.203494684711824,2.8919900186898335,-2.0312594987366414e-6,-3.427734375,-5.80078125,-7.998046875,13.18359375,3.8671875,0.615234375,8.7890625,17.578125,21.97265625,-35.15625,-8.7890625,0.0,-7.1,-12.7,-16.0,11.7,5.6,3.2
14.11706280708313,-3.159893511759833,-5.273664288980864,-7.5548444732512205,12.828496649621563,3.159893511618691,-2.1565904624343803e-6,-2.197506170619614,-3.753124009717652,-5.2539167178437705,10.9831498825295,2.8364431374641446,-1.9928126108278515e-6,-3.33984375,-5.712890625,-7.822265625,12.919921875,3.8671875,0.615234375,8.7890625,13.18359375,21.97265625,-35.15625,-8.7890625,0.0,-7.1,-12.7,-15.2,11.4,5.6,3.2
14.123732805252075,-3.1019003293835,-5.176877301139589,-7.416191233282358,12.593056644112853,3.1019003292449483,-2.1170107919380277e-6,-2.1491830492935677,-3.671513430527715,-5.138383183336461,10.764954777108807,2.78141916904578,-1.9547196377668995e-6,-3.251953125,-5.625,-7.734375,12.65625,3.779296875,0.615234375,8.7890625,13.18359375,21.97265625,-35.15625,-8.7890625,0.0,-7.1,-12.8,-16.0,10.1,5.6,3.2
14.130399942398071,-3.044449702135375,-5.080995803813671,-7.27883516348601,12.359819297212269,3.0444497019993895,-2.0778014089879113e-6,-2.101444029898713,-3.590858136229685,-5.024246151347434,10.54905159690856,2.7269537690577907,-1.917005172799035e-6,-3.1640625,-5.537109375,-7.55859375,12.48046875,3.779296875,0.615234375,8.7890625,13.18359375,21.97265625,-35.15625,-8.7890625,0.0,-6.3,-12.8,-15.2,11.7,6.4,3.2
14.137067794799805,-2.987510711654303,-4.98596819619552,-7.142702342570515,12.128659086939086,2.9875107115208603,-2.0389412121631975e-6,-2.054261638629683,-3.511120260370637,-4.9114399360154835,10.33532093899504,2.6730170714176094,-1.8796486409481088e-6,-3.1640625,-5.44921875,-7.470703125,12.216796875,3.69140625,0.615234375,8.7890625,13.18359375,17.578125,-35.15625,-4.39453125,0.0,-7.1,-12.8,-16.0,11.5,5.6,3.2
14.143738985061646,-2.93105824523604,-4.891752566755185,-7.00773272972306,11.899474061046796,2.931058245105119,-2.0004130623361743e-6,-2.007612660601785,-3.432294606400042,-4.799909033937518,10.12366414151812,2.6195845256899983,-1.8426331832452393e-6,-3.076171875,-5.361328125,-7.294921875,11.953125,3.603515625,0.615234375,8.7890625,13.18359375,17.578125,-35.15625,-4.39453125,0.0,-7.1,-12.7,-15.1,10.2,6.4,3.2
14.150409936904907,-2.8751355571783446,-4.798421104205539,-6.874029739660354,11.672439822799177,2.875135557049921,-1.96224648006051e-6,-1.9615344050346426,-3.3544014613025595,-4.689742646015602,9.914246535444526,2.566697631171519,-1.8059874457846429e-6,-3.076171875,-5.2734375,-7.20703125,11.77734375,3.603515625,0.615234375,8.7890625,13.18359375,17.578125,-35.15625,-4.39453125,0.0,-7.3,-12.7,-15.9,11.8,6.4,3.2
14.157080888748169,-2.819740109122993,-4.7059695721857455,-6.741587303538141,11.447546067000875,2.8197401089970446,-1.924439732936327e-6,-1.9160228927762697,-3.277443953023267,-4.580931258677747,9.707055208952465,2.5143533988249294,-1.7697094698916552e-6,-2.98828125,-5.185546875,-7.03125,11.6015625,3.515625,0.615234375,8.7890625,13.18359375,21.97265625,-35.15625,-8.7890625,0.0,-6.5,-12.7,-15.1,11.4,5.6,3.2
14.163747787475586,-2.764901776865371,-4.614447831526444,-6.610476850025395,11.224914083036976,2.7649017767418713,-1.8870132108454826e-6,-1.8711000089490464,-3.2014920112197,-4.473527196059323,9.502197023794,2.462579212495581,-1.7338183952320245e-6,-2.900390625,-5.009765625,-6.943359375,11.25,3.427734375,0.615234375,8.7890625,13.18359375,21.97265625,-35.15625,-8.7890625,0.0,-6.5,-12.0,-15.2,9.3,5.6,3.2
14.170414924621582,-2.7105975313828248,-4.523817448231706,-6.480643320088052,11.004450377965762,2.7105975312617514,-1.8499511967486434e-6,-1.8267482427729917,-3.1264733085494667,-4.367488592439581,9.299588723314457,2.4113538220690365,-1.6982994006148822e-6,-2.900390625,-5.009765625,-6.767578125,11.162109375,3.33984375,0.615234375,8.7890625,13.18359375,21.97265625,-35.15625,-8.7890625,0.0,-6.3,-12.8,-14.4,11.7,5.6,3.2
14.177081823348999,-2.6568301176187408,-4.434083003440055,-6.352093276485356,10.786166095674481,2.656830117500069,-1.8132555640376509e-6,-1.782967804960347,-3.0523987862231663,-4.2628159516007536,9.099236873018137,2.360679181386641,-1.6631539624137668e-6,-2.8125,-4.833984375,-6.6796875,10.8984375,3.33984375,0.615234375,8.7890625,17.578125,17.578125,-35.15625,-13.18359375,0.0,-6.3,-12.0,-15.2,10.6,5.6,3.2
14.183751821517944,-2.6035694776025067,-4.345194332281815,-6.224754854993939,10.569939207185307,2.603569477486214,-1.776905798498181e-6,-1.7397317320961128,-2.979255480516014,-4.159444807950557,8.901024916668163,2.310526172537067,-1.6283620363747059e-6,-2.8125,-4.74609375,-6.50390625,10.634765625,3.251953125,0.615234375,8.7890625,17.578125,17.578125,-30.76171875,-13.18359375,0.0,-6.3,-12.0,-14.4,7.8,4.7,3.2
14.19042181968689,-2.5508534936943126,-4.257214658042631,-6.0987186268113565,10.355923506836234,2.550853493580374,-1.7409277543991757e-6,-1.6970723150371894,-2.907054768400899,-4.057452364217783,8.70509697879312,2.2609310253713835,-1.5939486532283858e-6,-2.724609375,-4.658203125,-6.416015625,10.458984375,3.251953125,0.615234375,8.7890625,17.578125,17.578125,-30.76171875,-4.39453125,0.0,-6.4,-11.2,-14.4,6.9,5.5,3.2
14.197091817855835,-2.4986804640675904,-4.170141140480596,-5.973980523118522,10.144112085572782,2.4986804639559823,-1.7053202702638542e-6,-1.6549860034939385,-2.835802221201161,-3.9568301321777604,8.511442791719336,2.2118914568399592,-1.5599123595227889e-6,-2.63671875,-4.5703125,-6.240234375,10.37109375,3.251953125,0.615234375,8.7890625,13.18359375,21.97265625,-30.76171875,-4.39453125,0.0,-5.6,-11.2,-13.6,10.1,6.6,3.2
14.203758955001831,-2.4470687609286825,-4.084004441656984,-5.850584469180964,9.934579530651334,2.4470687608193797,-1.6700958849087365e-6,-1.6134849167828893,-2.765550178075289,-3.8576070873485455,8.320125592409283,2.1634238761372355,-1.5262647084116855e-6,-2.548828125,-4.482421875,-6.15234375,10.1953125,3.1640625,0.615234375,8.7890625,13.18359375,21.97265625,-30.76171875,-4.39453125,0.0,-5.6,-11.2,-14.2,13.4,6.4,3.2
14.210425853729248,-2.3960105030084162,-3.9987914082273477,-5.728511622033677,9.72729384579265,2.396010502901394,-1.6352492194595467e-6,-1.5725640500424638,-2.69624695121668,-3.759771263836133,8.13111893651562,2.1155213754306113,-1.4930008138994442e-6,-2.548828125,-4.482421875,-5.9765625,9.931640625,3.1640625,0.615234375,8.7890625,13.18359375,21.97265625,-30.76171875,-4.39453125,0.0,-6.3,-12.0,-13.4,11.2,6.4,3.2
14.217092990875244,-2.3454997526132555,-3.914492130553198,-5.607747785517512,9.52223092522185,2.3454997525084895,-1.6007762215097072e-6,-1.532216325548894,-2.6278927530323255,-3.6633057398353754,7.944396626086732,2.0681776539858845,-1.4601164408887452e-6,-2.4609375,-4.306640625,-5.888671875,9.755859375,3.076171875,0.615234375,8.7890625,13.18359375,17.578125,-30.76171875,-4.39453125,0.0,-5.5,-11.2,-13.4,10.4,5.6,3.2
14.223759889602661,-2.295536287795905,-3.8311062382184065,-5.488292428988862,9.319389867880046,2.295536287693371,-1.5666767395827788e-6,-1.4924389074999858,-2.5605142466964503,-3.5682037353568656,7.7599529670360745,2.0213916587303222,-1.427611019880794e-6,-2.4609375,-4.21875,-5.80078125,9.4921875,2.98828125,0.615234375,8.7890625,13.18359375,17.578125,-26.3671875,-4.39453125,0.0,-6.3,-11.1,-14.4,9.4,5.5,3.2
14.230464935302734,-2.2458501277693372,-3.748183150204985,-5.369500067766302,9.117674609102735,2.245850127669022,-1.53276651494087e-6,-1.4530194396790488,-2.4937073957658433,-3.4739575376615344,7.576796502604578,1.9749114977408941,-1.395309373663789e-6,-2.373046875,-4.130859375,-5.625,9.31640625,2.900390625,0.615234375,8.7890625,13.18359375,17.578125,-26.3671875,-13.18359375,0.0,-5.6,-11.1,-13.6,11.4,5.5,3.2
14.237131834030151,-2.1970031733574915,-3.666660643782368,-5.252714124759014,8.919366346914623,2.1970031732593585,-1.499429038341893e-6,-1.4144010958614914,-2.4282389167255594,-3.3816267106034723,7.396993756226592,1.9292619845675483,-1.3635763839704329e-6,-2.373046875,-4.130859375,-5.537109375,9.140625,2.900390625,0.615234375,4.39453125,13.18359375,17.578125,-26.3671875,-13.18359375,0.0,-5.6,-11.9,-13.6,12.2,6.4,3.2
14.243798971176147,-2.148705881987595,-3.586055490537798,-5.137242345909209,8.723289599955057,2.14870588189162,-1.4664667003573689e-6,-1.3763511977102068,-2.3637418457435837,-3.290654954217951,7.219471937820215,1.884171311887106,-1.3322233384228294e-6,-2.373046875,-3.955078125,-5.44921875,8.876953125,2.8125,0.615234375,4.39453125,13.18359375,17.578125,-30.76171875,-13.18359375,0.0,-5.6,-11.2,-13.6,9.6,5.7,3.2
14.25046682357788,-2.100968440959472,-3.506384692436397,-5.023109087564811,8.529485726498027,2.1009684408656284,-1.433886453700595e-6,-1.3388793392869909,-2.3001890102875877,-3.2010652065073,7.044271763251266,1.8396495735387657,-1.3012571482926638e-6,-2.373046875,-3.8671875,-5.2734375,8.701171875,2.724609375,0.615234375,4.39453125,13.18359375,17.578125,-30.76171875,-8.7890625,0.0,-6.5,-10.4,-12.8,9.4,5.7,3.2
14.257133960723877,-2.053796150021006,-3.4276570944253315,-4.91032702064997,8.337976242394541,2.05379614992927,-1.4016919153876828e-6,-1.3019866913251779,-2.237600036490403,-3.1128602665241556,6.871407182558389,1.7957007577359012,-1.2706807710890763e-6,-2.373046875,-3.779296875,-5.185546875,8.525390625,2.724609375,0.615234375,0.0,13.18359375,17.578125,-30.76171875,-8.7890625,0.0,-7.3,-10.4,-12.8,11.0,5.5,3.2
14.263800859451294,-2.007182064623768,-3.3498611064883796,-4.798879541762349,8.148732954252655,2.007182064534114,-1.369878345845335e-6,-1.2656652104247725,-2.1759875348075046,-3.0260209036723653,6.700847967684586,1.7523175661229176,-1.2404892889612796e-6,-2.28515625,-3.69140625,-5.09765625,8.26171875,2.63671875,0.615234375,0.0,13.18359375,17.578125,-30.76171875,-8.7890625,0.0,-6.5,-10.3,-12.7,8.8,4.7,3.2
14.270468950271606,-1.961129714375748,-3.273002619320132,-4.688775089679812,7.9617701915312935,1.9611297142881507,-1.3384481539898328e-6,-1.2299191573283816,-2.1153152956028602,-2.9405573047660183,6.532610220950902,1.7095038529290931,-1.2106852794147816e-6,-2.28515625,-3.603515625,-4.921875,8.0859375,2.63671875,0.615234375,0.0,13.18359375,17.578125,-30.76171875,-4.39453125,0.0,-7.2,-9.5,-11.9,8.6,5.5,3.2
14.277137994766235,-1.9156356442812972,-3.197075866749322,-4.580005404011718,7.777073927681796,1.9156356441957318,-1.307398981826948e-6,-1.194742803695156,-2.0555915632234205,-2.8564557741776975,6.366675711688323,1.6672554326513112,-1.1812660165670017e-6,-2.197265625,-3.515625,-4.833984375,7.91015625,2.63671875,0.615234375,8.7890625,13.18359375,17.578125,-30.76171875,-4.39453125,0.0,-6.4,-9.5,-12.7,9.4,6.5,3.2
14.283804893493652,-1.8707171319500866,-3.122109684023967,-4.472611793002619,7.5947143061304985,1.8707171318665277,-1.276742621123742e-6,-1.160146804442814,-1.9968603085103092,-2.7737417862615046,6.203102504375724,1.6255874915117987,-1.1522422413272863e-6,-2.197265625,-3.515625,-4.833984375,7.822265625,2.548828125,0.615234375,8.7890625,13.18359375,17.578125,-30.76171875,-4.39453125,0.0,-6.4,-10.3,-13.6,9.8,5.6,3.2
14.290472984313965,-1.826364911220336,-3.048088606500624,-4.366572102611292,7.4146537082282595,1.826364911138758,-1.2464727478328873e-6,-1.1261254264047893,-1.9390683817532,-2.6924016338524397,6.041859866310126,1.5844919732120792,-1.1236082430108211e-6,-2.109375,-3.427734375,-4.658203125,7.646484375,2.548828125,0.615234375,8.7890625,13.18359375,17.578125,-30.76171875,-4.39453125,0.0,-6.4,-10.3,-12.8,8.6,6.4,3.2
14.297140836715698,-1.7825827142349877,-2.9750188628920275,-4.261895255847129,7.236907285682896,1.7825827141553652,-1.216591909098407e-6,-1.0926782964798416,-1.8822336230896524,-2.612434424919858,5.882955391903684,1.5439712984056686,-1.0953659088310547e-6,-2.109375,-3.33984375,-4.5703125,7.470703125,2.4609375,0.615234375,4.39453125,8.7890625,13.18359375,-21.97265625,-4.39453125,0.0,-6.4,-9.5,-12.0,8.6,5.7,3.2
14.30380892753601,-1.7393634856844822,-2.902888678328572,-4.1585643844940865,7.061446395435806,1.7393634856067903,-1.1870952897538256e-6,-1.0597972805190037,-1.8263675850507015,-2.5338207119000558,5.726358447233091,1.504018065852554,-1.0675102493926057e-6,-2.021484375,-3.251953125,-4.482421875,7.294921875,2.4609375,0.615234375,4.39453125,8.7890625,13.18359375,-21.97265625,-4.39453125,0.0,-5.6,-8.8,-11.9,7.2,5.5,3.2
14.310479879379272,-1.6967038911747812,-2.831692487915522,-4.056571516502386,6.888257500555253,1.6967038910989949,-1.1579806141141071e-6,-1.0274813192413792,-1.771425031107394,-2.4565579622069214,5.572060137144999,1.4646297645366708,-1.0400394088266252e-6,-2.021484375,-3.1640625,-4.306640625,7.119140625,2.373046875,0.615234375,4.39453125,8.7890625,13.18359375,-21.97265625,-8.7890625,0.0,-6.4,-8.8,-11.1,7.0,5.5,3.2
14.317157983779907,-1.6545712533179013,-2.761375755139725,-3.955838525003799,6.717207937785121,1.6545712532439971,-1.1292255802431255e-6,-0.9957025206406286,-1.7173779785282761,-2.3805794901217228,5.419936488344592,1.4257752195473934,-1.0129318394244216e-6,-1.93359375,-3.076171875,-4.21875,7.03125,2.373046875,0.615234375,8.7890625,13.18359375,17.578125,-21.97265625,-8.7890625,0.0,-5.6,-8.8,-11.1,10.2,5.6,3.2
14.32382583618164,-1.6130708572181442,-2.692114194243655,-3.8566171313254487,6.54872514229142,1.6130708571460934,-1.1009020439964434e-6,-0.9645373727417902,-1.6643805034889458,-2.3060681673555106,5.270362270364141,1.387550592515458,-9.8625481139449e-7,-1.93359375,-3.076171875,-4.130859375,6.85546875,2.28515625,0.615234375,8.7890625,13.18359375,17.578125,-21.97265625,-8.7890625,0.0,-5.6,-8.7,-10.2,10.1,4.7,3.2
14.330493927001953,-1.572149640527707,-2.623819247493434,-3.7587804711336026,6.382593692209942,1.572149640457484,-1.072973790940644e-6,-0.9339471206465058,-1.6123233567789552,-2.2329313365992385,5.123148710020931,1.3499074567013363,-9.599744461736964e-7,-1.845703125,-2.98828125,-4.04296875,6.6796875,2.28515625,0.615234375,8.7890625,13.18359375,17.578125,-21.97265625,-4.39453125,0.0,-5.5,-8.7,-11.0,9.6,5.5,3.2
14.337161779403687,-1.5318028953912428,-2.556483057773458,-3.662317288632832,6.2187944746477015,1.5318028953228222,-1.045437608019369e-6,-0.9039244894256443,-1.5612152887043136,-2.1611516045585013,4.97827188700116,1.3128402665383652,-9.340871080960359e-7,-1.845703125,-2.98828125,-3.955078125,6.591796875,2.28515625,0.615234375,4.39453125,8.7890625,13.18359375,-21.97265625,-4.39453125,0.0,-5.5,-9.5,-11.0,11.2,6.5,3.2
14.343829870223999,-1.4920237426967466,-2.4900941442767976,-3.5672111368697434,6.057299561870743,1.4920237426301028,-1.0182888003189177e-6,-0.8744615297599267,-1.511065201134803,-2.090709965570419,4.835701914855441,1.2763418032146614,-9.085879313559381e-7,-1.7578125,-2.900390625,-3.8671875,6.416015625,2.28515625,0.615234375,4.39453125,8.7890625,13.18359375,-21.97265625,-4.39453125,0.0,-4.7,-9.7,-11.3,9.6,6.5,3.2
14.35050082206726,-1.4528102542656778,-2.424649288994279,-3.4734574058506964,5.898101125883646,1.4528102542007852,-9.915260518799278e-7,-0.8455582342648427,-1.461830130393682,-2.021606401979704,4.69543503335506,1.2404108654403019,-8.834759722248805e-7,-1.7578125,-2.8125,-3.779296875,6.15234375,2.28515625,0.615234375,4.39453125,8.7890625,13.18359375,-21.97265625,0.0,0.0,-5.6,-9.7,-11.3,8.6,6.5,3.2
14.357168912887573,-1.4141878421095597,-2.360190902980953,-3.3811168519885584,5.7413023340569165,1.4141878420463925,-9.651667061038401e-7,-0.8172293866264404,-1.413557053423538,-1.9538762594232972,4.557554782663668,1.2050694571902139,-8.587668586597905e-7,-1.7578125,-2.724609375,-3.69140625,6.064453125,2.197265625,0.615234375,4.39453125,8.7890625,13.18359375,-26.3671875,0.0,0.0,-5.6,-8.9,-11.3,10.2,6.3,3.2
14.363837957382202,-1.3761300035006652,-2.296674754844762,-3.2901261111271154,5.586795590943876,1.3761300034391977,-9.391926751881277e-7,-0.7894525696699922,-1.3662292409844499,-1.8874659417062727,4.421961081699769,1.1702923788213915,-8.344431581951858e-7,-1.669921875,-2.724609375,-3.603515625,5.888671875,2.109375,0.615234375,4.39453125,8.7890625,13.18359375,-26.3671875,0.0,0.0,-4.8,-8.7,-11.1,8.8,5.7,3.2
14.370505809783936,-1.3386621847494713,-2.2341433128835635,-3.200546021683029,5.434684203161497,1.3386621846896776,-9.136213259428667e-7,-0.7622476141575782,-1.3198378943809632,-1.8224228612881794,4.2887474656813405,1.1361034038801072,-8.105214030640727e-7,-1.669921875,-2.63671875,-3.515625,5.712890625,2.109375,0.615234375,4.39453125,8.7890625,13.18359375,-26.3671875,-8.7890625,0.0,-5.6,-8.7,-10.3,8.6,6.5,3.2
14.37717580795288,-1.3017568526725056,-2.1725506259392238,-3.1123107558307037,5.284856391831598,1.3017568526143601,-8.884338672915047e-7,-0.7355903900814744,-1.2743643492332586,-1.7586893268402384,4.1578083062002795,1.102476061281781,-7.869833349351377e-7,-1.58203125,-2.548828125,-3.427734375,5.537109375,2.021484375,0.615234375,8.7890625,8.7890625,13.18359375,-26.3671875,-8.7890625,0.0,-4.8,-7.9,-10.3,8.6,5.5,3.2
14.383842945098877,-1.2654373320013022,-2.1119356215272695,-3.02547607960101,5.137406850411164,1.2654373319447791,-8.636462180912368e-7,-0.709494722578361,-1.2298526309974251,-1.6962983922476669,4.029220809797454,1.069430641578661,-7.638433460900334e-7,-1.494140625,-2.4609375,-3.427734375,5.361328125,1.93359375,0.615234375,8.7890625,8.7890625,13.18359375,-26.3671875,-8.7890625,0.0,-4.0,-8.0,-11.3,7.2,4.8,3.2
14.39051079750061,-1.2296969028427784,-2.052287084567179,-2.9400259267097746,4.992308297561258,1.2296969027878515,-8.392537920934196e-7,-0.683956894617652,-1.1862543705750006,-1.6352411706325145,3.902963814313501,1.0369615100019522,-7.410974034500463e-7,-1.494140625,-2.4609375,-3.251953125,5.2734375,1.93359375,0.615234375,8.7890625,8.7890625,13.18359375,-26.3671875,-8.7890625,0.0,-4.7,-8.8,-10.5,8.0,5.6,3.2
14.397178888320923,-1.1945287879320354,-1.9935937042284626,-2.855944093705181,4.849533219025554,1.1945287878786797,-8.152519638938152e-7,-0.6589677241519063,-1.1435767290266428,-1.5754957090586752,3.779005242792186,1.0050610918620524,-7.187404785950433e-7,-1.494140625,-2.373046875,-3.251953125,5.185546875,1.93359375,0.615234375,4.39453125,8.7890625,13.18359375,-17.578125,-8.7890625,0.0,-4.7,-8.0,-10.5,9.6,5.6,3.2
14.40384578704834,-1.1599359601028736,-1.9358604419844723,-2.7732376881992167,4.709093683877994,1.159935960051063,-7.916427624168144e-7,-0.6345261927796045,-1.1018376370785925,-1.5170595726766638,3.6573498186756184,0.9737310852991237,-6.96773959053042e-7,-1.494140625,-2.373046875,-3.076171875,5.009765625,1.93359375,0.615234375,4.39453125,8.7890625,13.18359375,-17.578125,-8.7890625,0.0,-4.7,-8.8,-9.5,8.2,5.6,3.2
14.41051697731018,-1.1259031459746562,-1.8790618075198737,-2.6918701937666096,4.570927685436522,1.1259031459243656,-7.684157637582933e-7,-0.6106226796426606,-1.0609791280237217,-1.459909759418129,3.5379466257337504,0.9429581682736622,-6.751884110251085e-7,-1.494140625,-2.28515625,-2.98828125,4.74609375,1.845703125,0.615234375,4.39453125,8.7890625,13.18359375,-17.578125,0.0,0.0,-5.7,-8.0,-9.5,7.0,5.6,3.2
14.417184829711914,-1.0924594202121938,-1.8232463246285717,-2.6119111236899872,4.435153260666216,1.092459420163397,-7.455908110378362e-7,-0.587273062881932,-1.021051552894111,-1.4040842316018198,3.420889129814139,0.912767140975241,-6.540015235930239e-7,-1.494140625,-2.28515625,-2.98828125,4.74609375,1.845703125,0.615234375,0.0,8.7890625,13.18359375,-21.97265625,0.0,0.0,-5.7,-8.8,-9.5,7.8,5.6,3.2
14.423852920532227,-1.0595818042813796,-1.7683756435768554,-2.533305539646032,4.301677121598132,1.0595818042340515,-7.231522216739541e-7,-0.5644579814822885,-0.9820405729715536,-1.3495366998646257,3.306090784922098,0.8831361975356238,-6.331982050139107e-7,-1.494140625,-2.197265625,-2.900390625,4.5703125,1.845703125,0.615234375,0.0,8.7890625,13.18359375,-21.97265625,0.0,0.0,-5.7,-8.0,-9.5,7.2,5.6,3.2
14.430521965026855,-1.0272795149468608,-1.7144651465674456,-2.4560754775746236,4.17053668633954,1.0272795149009755,-7.011062860010071e-7,-0.5421848477899844,-0.9439179011008907,-1.2962848860452494,3.1935863188638267,0.8540741129992128,-6.127845311341825e-7,-1.494140625,-2.109375,-2.8125,4.482421875,1.845703125,0.615234375,0.0,8.7890625,8.7890625,-21.97265625,-4.39453125,0.0,-6.5,-8.0,-9.5,8.0,6.5,3.2
14.437189817428589,-0.9955523273973546,-1.6615144584043993,-2.3802203999847777,4.0417310422043755,0.9955523273528866,-6.794528505879178e-7,-0.5204486844052841,-0.9066986769960846,-1.244316889906945,3.0833658456378634,0.8255790963620653,-5.927595576498589e-7,-1.494140625,-2.109375,-2.724609375,4.306640625,1.7578125,0.615234375,0.0,8.7890625,8.7890625,-17.578125,-4.39453125,0.0,-6.5,-8.0,-8.7,8.0,5.7,3.2
14.443856954574585,-0.9643929467059416,-1.609511404311748,-2.3057228657702944,3.9152305733384303,0.9643929466628651,-6.581869367321566e-7,-0.49924110108220776,-0.8703863425907872,-1.1936126515954053,2.975397764741597,0.7976435092982816,-5.731181333522839e-7,-1.494140625,-2.021484375,-2.63671875,4.21875,1.7578125,0.615234375,0.0,8.7890625,8.7890625,-17.578125,-4.39453125,0.0,-6.5,-7.1,-8.8,7.2,5.5,3.2
14.450523853302002,-0.9338112883765324,-1.5584725326442657,-2.2326065814547125,3.791075534582012,0.933811288334822,-6.373153116494808e-7,-0.478569663077982,-0.8349537136209617,-1.1441902585371642,2.8697186395253915,0.7702766519997022,-5.538667236680161e-7,-1.494140625,-1.93359375,-2.63671875,4.04296875,1.7578125,0.615234375,0.0,8.7890625,8.7890625,-17.578125,-4.39453125,0.0,-6.4,-7.1,-9.6,7.2,6.5,3.2
14.457191944122314,-0.9037898834167584,-1.508368688748204,-2.1608297812253685,3.66919500553567,0.9037898833763889,-6.168260529563702e-7,-0.45841756779975085,-0.8003956055197124,-1.0960095381835893,2.7662586498812534,0.7434612409343295,-5.349934977942503e-7,-1.494140625,-1.93359375,-2.548828125,3.955078125,1.669921875,0.615234375,0.0,8.7890625,8.7890625,-17.578125,-4.39453125,0.0,-7.2,-7.1,-9.6,7.2,5.7,3.2
14.463858842849731,-0.8743344554404998,-1.4592094249765173,-2.090406149408184,3.5496122228563394,0.874334455401446,-5.967230669525336e-7,-0.43878517986733334,-0.7667298544875427,-1.0490713622874828,2.665031103280363,0.71720127413977,-5.165014929781817e-7,-1.494140625,-1.93359375,-2.4609375,3.8671875,1.669921875,0.615234375,0.0,8.7890625,8.7890625,-17.578125,-4.39453125,0.0,-7.2,-7.9,-8.7,6.4,5.5,3.2
14.470525979995728,-0.8454504450550281,-1.4110038213618625,-2.021348693701557,3.432349274254222,0.8454504450172645,-5.770100667889706e-7,-0.41967678806487874,-0.7339244653128405,-1.0033859847061686,2.566056658764673,0.6915019717366593,-4.983943199032584e-7,-1.494140625,-1.845703125,-2.373046875,3.779296875,1.669921875,0.615234375,0.0,4.39453125,13.18359375,-17.578125,-4.39453125,0.0,-7.3,-7.1,-8.7,7.2,6.5,3.2
14.477192878723145,-0.8171285238811559,-1.363736309423842,-1.9536351113115225,3.317368288490712,0.8171285238446573,-5.576806859556985e-7,-0.40108099039738687,-0.7019833026870113,-0.9589261449327369,2.4692934152266712,0.6663532973009234,-4.806652530608231e-7,-1.494140625,-1.7578125,-2.373046875,3.69140625,1.669921875,0.615234375,0.0,4.39453125,13.18359375,-17.578125,-4.39453125,0.0,-7.3,-7.2,-8.7,8.0,6.5,3.2
14.483859777450562,-0.7893623889797478,-1.3173963699519482,-1.8872503328299763,3.204643676971358,0.7893623889444895,-5.387306227702798e-7,-0.3829900000464879,-0.6709096744969203,-0.9156732258202784,2.3747130883134235,0.6417484812803212,-4.633097563237124e-7,-1.494140625,-1.7578125,-2.28515625,3.515625,1.58203125,0.615234375,0.0,4.39453125,13.18359375,-17.578125,-4.39453125,0.0,-7.3,-7.2,-8.8,6.4,5.5,3.2
14.490526914596558,-0.7621625116593196,-1.2720014789040168,-1.8222193936281978,3.094217950985136,0.7621625116252762,-5.201670237786316e-7,-0.36541116267106194,-0.640677738642077,-0.8736447897677115,2.282353098468968,0.6176971379424621,-4.463345531570609e-7,-1.494140625,-1.669921875,-2.197265625,3.427734375,1.494140625,0.615234375,0.0,8.7890625,8.7890625,-17.578125,-4.39453125,0.0,-8.1,-6.4,-8.8,6.4,5.6,3.2
14.497193813323975,-0.7355191383935751,-1.227535358255764,-1.758518974447497,2.9860515132864602,0.7355191383607218,-5.019832323128289e-7,-0.3483327380653498,-0.6112904095899032,-0.8328127676555346,2.192169964789673,0.5941888305362857,-4.2973264021203995e-7,-1.494140625,-1.669921875,-2.197265625,3.427734375,1.494140625,0.615234375,0.0,8.7890625,8.7890625,-13.18359375,-4.39453125,0.0,-8.1,-7.2,-8.8,8.0,5.6,3.2
14.50386095046997,-0.709424818939343,-1.1839855740181293,-1.6961312628431697,2.880114117470125,0.7094248189076554,-4.841741636688126e-7,-0.33174612406609866,-0.5827491034090485,-0.7931565929661522,2.1041313712922696,0.5712157514450535,-4.134987534826611e-7,-1.494140625,-1.669921875,-2.109375,3.251953125,1.494140625,0.615234375,0.0,8.7890625,8.7890625,-13.18359375,-4.39453125,0.0,-8.1,-7.2,-8.7,6.4,5.6,3.2
14.510527849197388,-0.6838923884628837,-1.1413735472794182,-1.635086945825562,2.776457871585581,0.6838923884323365,-4.667485776978363e-7,-0.3156598022360283,-0.5550309042735491,-0.7546965438788765,2.0182820463965605,0.5487894805298726,-3.976410290107163e-7,-1.494140625,-1.58203125,-2.021484375,3.1640625,1.494140625,0.615234375,0.0,4.39453125,8.7890625,-13.18359375,-4.39453125,0.0,-8.0,-6.4,-7.9,6.4,6.5,3.2
14.5171959400177,-0.6589044835035864,-1.0996702995117733,-1.575344509893049,2.675012283669904,0.6589044834741552,-4.496946240405736e-7,-0.3000572042137452,-0.5281300163955529,-0.7173930078583357,1.9345528450433214,0.5268928829850619,-3.821477298769529e-7,-1.40625,-1.58203125,-2.021484375,3.076171875,1.40625,0.615234375,0.0,4.39453125,8.7890625,-17.578125,-4.39453125,0.0,-7.2,-7.2,-7.9,7.2,5.7,3.2
14.523953914642334,-0.6341331656546159,-1.0583285220610656,-1.5161199021491576,2.574445993429557,0.6341331656262912,-4.3278848855967625e-7,-0.28473216561179326,-0.501708033668983,-0.6807530759259973,1.8518428456192426,0.5052382511619705,-3.668153592379683e-7,-1.40625,-1.494140625,-1.93359375,2.98828125,1.40625,0.615234375,0.0,4.39453125,8.7890625,-17.578125,-4.39453125,0.0,-7.2,-6.4,-7.9,6.4,5.5,3.2
14.530622959136963,-0.6102478446256485,-1.0184654177910877,-1.459013583567229,2.47747666213567,0.6102478445983908,-4.164870355735069e-7,-0.2700998042712817,-0.4764378148974094,-0.6457692342893805,1.7723900553566008,0.484411314496085,-3.520585394501103e-7,-1.318359375,-1.494140625,-1.845703125,2.900390625,1.318359375,0.615234375,0.0,4.39453125,8.7890625,-17.578125,-4.39453125,0.0,-6.2,-6.4,-7.1,5.6,4.8,3.2
14.537292957305908,-0.5868985492191221,-0.979496906700445,-1.4031888240619435,2.3826834810430495,0.5868985491929073,-4.005514138220531e-7,-0.2559356600658483,-0.45196652316556196,-0.6119048315269101,1.695010378344564,0.4641033969063693,-3.3765926452324687e-7,-1.23046875,-1.40625,-1.845703125,2.8125,1.318359375,0.615234375,13.18359375,4.39453125,8.7890625,-13.18359375,-4.39453125,0.0,-6.2,-6.3,-7.1,5.6,4.8,3.2
14.543960809707642,-0.5640921493226808,-0.9414344542011847,-1.3486620485325904,2.290094340436699,0.5640921492974847,-3.8498631192349654e-7,-0.24224023197859157,-0.42829991378575305,-0.5791610606343911,1.6197198481898656,0.44431930567926897,-3.236211836571522e-7,-1.23046875,-1.40625,-1.7578125,2.8125,1.318359375,0.615234375,13.18359375,4.39453125,8.7890625,-13.18359375,-4.39453125,0.0,-6.2,-6.3,-6.3,7.2,4.7,3.2
14.550650835037231,-0.5417603123593331,-0.9041640175036644,-1.295269883754818,2.1994318245645577,0.5417603123351344,-3.6974509369112216e-7,-0.228973626584502,-0.40533313116130965,-0.5474425422516236,1.546296216213507,0.42500039164987236,-3.09902566996454e-7,-1.142578125,-1.318359375,-1.7578125,2.63671875,1.318359375,0.615234375,13.18359375,8.7890625,4.39453125,-13.18359375,-4.39453125,0.0,-5.5,-5.5,-7.1,5.6,4.8,3.2
14.557317972183228,-0.5200357263984725,-0.8679070446821724,-1.24332956754819,2.111234618811854,0.5200357263752442,-3.5491831718451923e-7,-0.21620714358831217,-0.3832233940513482,-0.516919743572593,1.4751610039469436,0.406258848829127,-2.9658361059578984e-7,-1.0546875,-1.318359375,-1.669921875,2.63671875,1.318359375,0.615234375,8.7890625,8.7890625,4.39453125,-8.7890625,-4.39453125,0.0,-4.7,-5.5,-7.1,6.4,5.6,3.2
14.563987970352173,-0.49882829969590936,-0.832513178260326,-1.192625703693452,2.0251369698282935,0.4988282996736283,-3.4044449583917507e-7,-0.2038834269739903,-0.3618738014192796,-0.487455534729121,1.4060109540052526,0.3880155172759487,-2.836083551100288e-7,-1.0546875,-1.318359375,-1.669921875,2.548828125,1.318359375,0.615234375,8.7890625,8.7890625,4.39453125,-8.7890625,-4.39453125,0.0,-4.7,-5.5,-7.3,6.4,5.7,3.2
14.57065486907959,-0.4781692799956766,-0.7980345687650987,-1.1432330009886802,1.9412657368191466,0.47816927997431835,-3.263449558758954e-7,-0.19202100826761706,-0.3412822527062444,-0.4590942218969918,1.3389498163811617,0.37029764686939026,-2.7099611898857494e-7,-0.966796875,-1.23046875,-1.58203125,2.4609375,1.318359375,0.615234375,8.7890625,4.39453125,8.7890625,-8.7890625,0.0,0.0,-3.9,-4.7,-7.3,5.6,5.6,3.2
14.577323913574219,-0.4580235869371277,-0.7644126692725205,-1.0950675874085145,1.8594785009695536,0.4580235869166692,-3.1259575535774223e-7,-0.1805917086318231,-0.3214339334572509,-0.43176843358632144,1.2738478619784337,0.3530723579672479,-2.58724067144744e-7,-0.966796875,-1.23046875,-1.58203125,2.373046875,1.318359375,0.615234375,4.39453125,4.39453125,8.7890625,-8.7890625,0.0,0.0,-4.7,-5.5,-7.3,5.6,6.4,3.2
14.583990812301636,-0.4384004580003632,-0.7316628965581076,-1.0481515484204644,1.779812764487131,0.43840045798078126,-2.992031987571314e-7,-0.16959685948395567,-0.30233252196081656,-0.4054813530217817,1.2107277725147896,0.33634630571423557,-2.4679720144644923e-7,-0.966796875,-1.23046875,-1.494140625,2.373046875,1.318359375,0.615234375,4.39453125,4.39453125,8.7890625,-8.7890625,0.0,0.0,-4.7,-5.6,-6.4,7.2,6.5,3.2
14.590658903121948,-0.4193016270356319,-0.6997881443092919,-1.0024890294075686,1.7022755664357039,0.41930162701690304,-2.8616846940663286e-7,-0.1590374880903013,-0.28394710945141355,-0.380235436247223,1.149596461158827,0.32012124856369867,-2.352167319423462e-7,-0.87890625,-1.23046875,-1.494140625,2.28515625,1.318359375,0.615234375,4.39453125,0.0,4.39453125,-8.7890625,0.0,0.0,-3.9,-6.4,-7.2,7.2,6.4,3.2
14.597327947616577,-0.40070910462921705,-0.6687583893217007,-0.9580370203056306,1.626793873615659,0.40070910461131864,-2.7347928974122667e-7,-0.14889541060892417,-0.2662792286762028,-0.355987208348937,1.090380008475323,0.30437902194196564,-2.2397028628695247e-7,-0.791015625,-1.142578125,-1.40625,2.197265625,1.318359375,0.615234375,4.39453125,0.0,4.39453125,-13.18359375,0.0,0.0,-3.1,-5.6,-6.4,7.2,6.4,3.2
14.603999853134155,-0.38261393868690574,-0.6385586911109837,-0.914774117963172,1.5533313424254849,0.3826139386698156,-2.6112955006103647e-7,-0.13916167258571915,-0.24931433038332684,-0.3327152605332871,1.0330424359154948,0.28911075145862036,-2.1305179828430738e-7,-0.791015625,-1.142578125,-1.40625,2.109375,1.318359375,0.615234375,4.39453125,0.0,4.39453125,-13.18359375,0.0,0.0,-3.1,-5.6,-6.3,6.4,6.4,3.2
14.610667943954468,-0.3650453315104336,-0.6092377864890762,-0.8727701408240902,1.482006528009074,0.3650453314941282,-2.491391805963595e-7,-0.12985177102293333,-0.233047896035252,-0.3104566438721978,0.9776772070729063,0.274341291090054,-2.0247901204895436e-7,-0.791015625,-1.142578125,-1.40625,1.93359375,1.142578125,0.615234375,4.39453125,4.39453125,4.39453125,-13.18359375,-4.39453125,0.0,-3.1,-5.6,-7.1,4.6,4.7,3.2
14.617335796356201,-0.34797400549634905,-0.5807468129701971,-0.8319550904090691,1.4127005695135568,0.34797400548080615,-2.374881997243557e-7,-0.12094135355304655,-0.21747023558424697,-0.2891531354070519,0.924174363154897,0.26004290086895165,-1.9223271738272827e-7,-0.791015625,-1.142578125,-1.318359375,1.93359375,1.142578125,0.615234375,4.39453125,4.39453125,4.39453125,-13.18359375,-4.39453125,0.0,-3.9,-5.6,-6.3,5.6,5.5,3.2
14.624002933502197,-0.33139695356699084,-0.5530807519301368,-0.792321777234043,1.345401258842186,0.33139695355218846,-2.2617455514959814e-7,-0.11242441163325667,-0.20257095636425765,-0.26879036958843694,0.8725162719463584,0.24621163629582882,-1.823103914710035e-7,-0.791015625,-1.142578125,-1.318359375,1.845703125,1.142578125,0.615234375,4.39453125,4.39453125,4.39453125,-13.18359375,-4.39453125,0.0,-3.9,-6.4,-6.4,5.6,5.6,3.2
14.63067078590393,-0.31532084700995,-0.5262507373298977,-0.7538861513745447,1.280135680005923,0.31532084699586566,-2.1520279994804878e-7,-0.10430376087093512,-0.18832561402423267,-0.24937507812288356,0.8227239739749179,0.23285316166026349,-1.7271609358235912e-7,-0.87890625,-1.142578125,-1.318359375,1.845703125,1.142578125,0.615234375,4.39453125,0.0,4.39453125,-13.18359375,-4.39453125,0.0,-5.0,-6.4,-6.4,6.4,5.6,3.2
14.637337923049927,-0.29972982355896294,-0.5002302960409308,-0.7166102884656642,1.2168394355721133,0.299729823545575,-2.045621083080119e-7,-0.09656240650524704,-0.17473572626334744,-0.23086662901615207,0.774730250568265,0.21995109556361742,-1.634387275238769e-7,-0.87890625,-1.142578125,-1.318359375,1.7578125,1.142578125,0.615234375,-4.39453125,0.0,4.39453125,-8.7890625,-4.39453125,0.0,-5.0,-6.5,-7.2,6.4,5.6,3.2
14.644004821777344,-0.28461819880434275,-0.4750099411396241,-0.6804805979129891,1.1554894480445217,0.28461819879162975,-1.9424860068618352e-7,-0.08919275705051045,-0.16178794500253457,-0.21324687213329824,0.7285087342464233,0.20749919119970772,-1.5447413337791944e-7,-0.87890625,-1.142578125,-1.23046875,1.669921875,1.142578125,0.615234375,-4.39453125,0.0,4.39453125,-8.7890625,-4.39453125,0.0,-5.0,-6.5,-6.4,5.6,5.6,3.2
14.65067195892334,-0.269994209600186,-0.4506034194193868,-0.645516772833207,1.0961191573016715,0.2699942095881262,-1.8426789863940362e-7,-0.08219777049394116,-0.14945997260321453,-0.1965228795902923,0.684084102290758,0.19550420265737942,-1.4582719829306538e-7,-0.87890625,-1.142578125,-1.142578125,1.669921875,1.142578125,0.615234375,-4.39453125,0.0,4.39453125,-8.7890625,0.0,0.0,-4.8,-6.5,-5.6,6.4,6.5,3.2
14.657338857650757,-0.2558396641211798,-0.4269803698635751,-0.6116753192255195,1.0386547083958542,0.25583966410975223,-1.7460758645909922e-7,-0.07555945713018461,-0.1377498950084944,-0.18065164062567446,0.6413822371335632,0.1839478669808872,-1.3748546283444715e-7,-0.87890625,-1.142578125,-1.142578125,1.58203125,1.142578125,0.615234375,0.0,0.0,4.39453125,-8.7890625,0.0,0.0,-4.8,-6.4,-5.6,5.6,6.5,3.2
14.664005994796753,-0.24214870241728362,-0.4041310125827246,-0.578942226804133,0.983072311174274,0.2421487024064676,-1.6526366479772238e-7,-0.06926995631423286,-0.12664384272862717,-0.16561436158381238,0.6003758982902879,0.1728237344685147,-1.294446336605798e-7,-0.87890625,-1.142578125,-1.142578125,1.494140625,1.142578125,0.615234375,0.0,0.0,4.39453125,-8.7890625,0.0,0.0,-4.8,-6.4,-6.3,4.8,6.4,3.2
14.67067289352417,-0.22893071262040307,-0.38207101578077524,-0.5473399412230473,0.9294100794588838,0.22893071261017744,-1.5624254094578855e-7,-0.0633320352113601,-0.11612107914929191,-0.15141765835324805,0.5610918482257268,0.1621392565845496,-1.2171015382041067e-7,-0.791015625,-1.142578125,-1.0546875,1.494140625,1.0546875,0.615234375,0.0,0.0,8.7890625,-8.7890625,0.0,0.0,-4.0,-7.2,-5.5,5.6,5.5,3.2
14.677339792251587,-0.2161660342753245,-0.3607675673897952,-0.5168214572015909,0.8775881959764433,0.21616603426566905,-1.4753079687194858e-7,-0.057727229186802106,-0.10617709749537696,-0.1380173846855779,0.5234519217148181,0.15187503736528876,-1.1426873147055045e-7,-0.791015625,-1.142578125,-1.0546875,1.40625,1.0546875,0.615234375,4.39453125,0.0,8.7890625,-8.7890625,0.0,0.0,-4.0,-7.3,-5.5,5.6,5.5,3.2
14.684006929397583,-0.20384899930532754,-0.34021120774486985,-0.48737322319509124,0.8275836495390928,0.20384899929622227,-1.3912456417995745e-7,-0.05244753328313746,-0.09679774833773601,-0.12539440189523898,0.48742901094668567,0.14202470574663445,-1.0711614690901637e-7,-0.791015625,-1.142578125,-1.0546875,1.40625,1.0546875,0.615234375,4.39453125,0.0,8.7890625,-8.7890625,0.0,0.0,-4.0,-7.3,-5.6,5.6,5.6,3.2
14.690674781799316,-0.19198629440977652,-0.32041309652828504,-0.45901122612638257,0.7794235867263204,0.19198629440120107,-1.3102840646413267e-7,-0.04749375381222909,-0.08796079457437228,-0.11355063775628405,0.45304043464722155,0.1325932824206466,-1.002561376123091e-7,-0.791015625,-1.142578125,-1.0546875,1.318359375,0.966796875,0.615234375,4.39453125,0.0,0.0,-8.7890625,-8.7890625,0.0,-3.9,-7.3,-5.6,4.8,4.7,3.2
14.701534986495972,-0.17359850339398109,-0.28972502540425604,-0.41504869991656296,0.7047730598771733,0.173598503386227,-1.1847895358468546e-7,-0.04008306862714823,-0.07471278926708211,-0.09583277042779537,0.4003673130217026,0.11808903205556222,-8.968229008991299e-8,-0.791015625,-1.142578125,-0.966796875,1.23046875,0.966796875,0.615234375,0.0,0.0,0.0,0.0,-8.7890625,0.0,-3.9,-7.2,-5.6,4.8,4.8,3.2
14.708202838897705,-0.16287636294164232,-0.2718304447816816,-0.3894136260647668,0.6612434465032736,0.16287636293436716,-1.1116121779696343e-7,-0.03592596041977014,-0.06725587189868432,-0.08589373107462217,0.37004393035281224,0.10970278418179905,-8.355354110713652e-8,-0.791015625,-1.142578125,-0.966796875,1.23046875,0.966796875,0.615234375,0.0,0.0,0.0,0.0,0.0,0.0,-4.9,-7.2,-5.6,4.8,4.8,3.2
14.714870929718018,-0.15258360129678625,-0.2546524704862001,-0.36480513431093364,0.6194570199085203,0.15258360128997084,-1.0413652803675542e-7,-0.03206060272455253,-0.06029125299106909,-0.07665222464025176,0.3412369370165186,0.1017076158979181,-7.769889407320768e-8,-0.791015625,-1.142578125,-0.966796875,1.23046875,0.966796875,0.615234375,0.0,0.0,4.39453125,0.0,0.0,0.0,-4.9,-7.2,-5.6,4.8,5.7,3.2
14.721537828445435,-0.142707179361595,-0.2381693410805139,-0.34119205007411013,0.5793608441246448,0.14270717935522073,-9.739598527189847e-8,-0.028472780258266613,-0.05381731841576329,-0.06807426445597613,0.3138905961362583,0.09408997657209711,-7.210918466308633e-8,-0.703125,-1.142578125,-0.966796875,1.142578125,0.966796875,0.615234375,0.0,0.0,4.39453125,0.0,0.0,0.0,-4.1,-7.2,-5.6,4.8,5.6,3.2
14.728208780288696,-0.13323708568626663,-0.22236434808216804,-0.31855043743812594,0.5409142747913978,0.13323708568031536,-9.093275680468373e-8,-0.025153353911269747,-0.04780527933571801,-0.06013800024370296,0.28796721971849565,0.08684042092846331,-6.677788144240706e-8,-0.703125,-1.0546875,-0.966796875,1.142578125,0.966796875,0.615234375,0.0,0.0,4.39453125,0.0,0.0,0.0,-3.9,-6.4,-5.6,4.8,5.6,3.2
14.734878778457642,-0.12417867098643007,-0.20724642150029965,-0.29689308918357527,0.5041390346779997,0.1241786709808834,-8.475049443611321e-8,-0.022098562777648,-0.04224223995931508,-0.05283444022597121,0.2634713466017362,0.07996130141111737,-6.170712251750992e-8,-0.615234375,-1.0546875,-0.966796875,1.142578125,0.966796875,0.615234375,8.7890625,4.39453125,0.0,0.0,0.0,0.0,-3.1,-6.4,-5.6,4.8,5.6,3.2
14.741548776626587,-0.11551542852851424,-0.19278801263080292,-0.2761805401182208,0.46896810995138205,0.11551542852335453,-7.883793251307147e-8,-0.019293066959319753,-0.0371225899456379,-0.04612690894400011,0.24033789111893708,0.07343643680836351,-5.6885803188920783e-8,-0.615234375,-1.0546875,-0.966796875,1.0546875,0.966796875,0.615234375,8.7890625,4.39453125,0.0,0.0,0.0,0.0,-3.1,-7.2,-5.6,4.8,5.6,3.2
14.748218774795532,-0.10724443823963731,-0.17898424805499433,-0.25640580877373437,0.43538964573572636,0.10724443823484703,-7.319307811987853e-8,-0.01672976038718205,-0.03242201908260389,-0.03999841682308116,0.2185477227249439,0.0672616613219402,-5.231130890264287e-8,-0.615234375,-0.966796875,-0.966796875,1.0546875,0.966796875,0.615234375,8.7890625,4.39453125,0.0,0.0,0.0,0.0,-3.1,-6.4,-5.6,4.8,5.6,3.2
14.754888772964478,-0.09936261959569702,-0.1658299865711565,-0.2375615300663238,0.4033911357573313,0.0993626195912588,-6.781382883476812e-8,-0.014401168930423591,-0.02812247776323369,-0.03443109430664797,0.19808070024306107,0.06143258726349456,-4.798088496097902e-8,-0.615234375,-0.966796875,-0.966796875,1.0546875,0.966796875,0.615234375,0.0,4.39453125,0.0,0.0,0.0,0.0,-3.1,-6.4,-5.6,4.8,5.6,3.2
14.761558771133423,-0.09185502279478834,-0.15330027789658507,-0.2196119612002656,0.37291188699507527,0.09185502279068546,-6.268998159232563e-8,-0.012292680462284652,-0.024217421448281224,-0.02939000593099511,0.17887636537921103,0.055934289907035785,-4.3884336047100245e-8,-0.615234375,-0.966796875,-0.966796875,1.0546875,0.966796875,0.615234375,0.0,4.39453125,0.0,0.0,0.0,0.0,-3.1,-6.3,-5.6,5.6,5.6,3.2
14.768225908279419,-0.08472120863851942,-0.14139438903668197,-0.2025560521162681,0.343950116396752,0.0847212086347352,-5.7821236644771784e-8,-0.010397267978717664,-0.020683762822063093,-0.024858351154428776,0.16092066379089986,0.05076419474185065,-4.002028615712999e-8,-0.615234375,-0.87890625,-0.966796875,0.966796875,0.966796875,0.615234375,0.0,4.39453125,0.0,0.0,0.0,0.0,-3.2,-5.5,-5.6,4.8,5.6,3.2
14.774906873703003,-0.07794018891882848,-0.13007729198720164,-0.18634362307027041,0.3164206162945078,0.07794018891534714,-5.319326978492639e-8,-0.008702248666839534,-0.017495058118244998,-0.020805807221305924,0.1441475959816923,0.04590480137728753,-3.637621373845012e-8,-0.615234375,-0.87890625,-0.966796875,0.966796875,0.966796875,0.615234375,0.0,4.39453125,0.0,0.0,0.0,0.0,-3.2,-5.5,-6.4,4.8,5.6,3.2
14.781574964523315,-0.07152426805779578,-0.1193695220576664,-0.1710040921406996,0.29037334002912624,0.07152426805460102,-4.8814478637331376e-8,-0.007199998747859868,-0.014655821119285605,-0.017214146788570358,0.1285644742348404,0.04136077907699129,-3.2956601883692504e-8,-0.615234375,-0.791015625,-0.966796875,0.966796875,0.966796875,0.615234375,0.0,4.39453125,0.0,0.0,0.0,0.0,-3.2,-4.7,-6.5,4.8,5.6,3.2
14.788242816925049,-0.06545645894781689,-0.10924272882980632,-0.15649684563107366,0.265739323550971,0.06545645894489314,-4.46732696991969e-8,-0.005878670158761447,-0.012134812230795839,-0.014055042865748747,0.11411487929307573,0.03711743928294253,-2.9751051167084742e-8,-0.615234375,-0.791015625,-0.966796875,0.966796875,0.966796875,0.615234375,0.0,4.39453125,0.0,0.0,0.0,0.0,-3.2,-4.7,-6.5,5.6,6.4,3.2
14.794911861419678,-0.059730304845707974,-0.0996861364037929,-0.14280644641024376,0.24249235385381498,0.059730304843040025,-4.076523631861628e-8,-0.004728513536694063,-0.009912893831133885,-0.01130518614834317,0.10076725453435342,0.033167426104459136,-2.6754711170436437e-8,-0.703125,-0.703125,-0.966796875,0.87890625,0.966796875,0.615234375,-4.39453125,4.39453125,0.0,0.0,0.0,0.0,-4.0,-3.9,-6.5,4.8,6.5,3.2
14.80157995223999,-0.05433315030032454,-0.09067862362458923,-0.1299026371404927,0.2205810524934153,0.05433315029789765,-3.7081741297805926e-8,-0.00373579787814504,-0.007980280800743408,-0.008931747809808096,0.08846739449915679,0.029497559698163908,-2.3958670365682722e-8,-0.703125,-0.703125,-0.966796875,0.87890625,0.966796875,0.615234375,-4.39453125,4.39453125,0.0,0.0,0.0,0.0,-4.0,-3.8,-6.4,4.8,6.4,3.2
14.808246850967407,-0.04926052935897072,-0.08221273709695887,-0.11777474038034451,0.19998728865017867,0.0492605293567704,-3.361973667614511e-8,-0.002891189973227252,-0.006312284327450474,-0.00691241350667876,0.07718862527736338,0.026101907879917216,-2.135914802131367e-8,-0.791015625,-0.703125,-0.966796875,0.87890625,0.966796875,0.615234375,-4.39453125,4.39453125,0.0,0.0,0.0,0.0,-5.0,-3.8,-6.4,4.8,6.4,3.2
14.81492280960083,-0.04449918020221014,-0.07426634367517769,-0.10639104905394325,0.1806572221533606,0.044499180200222505,-3.037017141656421e-8,-0.0021832929025021926,-0.0048875577185070245,-0.005219934866973125,0.06688334104963245,0.022968401147702162,-1.8947727105286077e-8,-0.791015625,-0.703125,-0.87890625,0.87890625,0.87890625,0.615234375,-4.39453125,4.39453125,0.0,0.0,0.0,0.0,-5.0,-4.0,-5.6,4.8,5.6,3.2
14.821590900421143,-0.04004678257860243,-0.06683557100496629,-0.09574601577853516,0.16258143327482205,0.04004678257681367,-2.7331461974520303e-8,-0.0015999746236738679,-0.0036971041312974535,-0.003825305947184537,0.057519724057270176,0.020090660815835378,-1.6720728968275745e-8,-0.87890625,-0.703125,-0.87890625,0.791015625,0.87890625,0.615234375,-4.39453125,4.39453125,0.0,0.0,0.0,0.0,-5.8,-4.0,-5.5,4.0,5.5,3.2
14.828260898590088,-0.03589134326916656,-0.059900403155276796,-0.08581096651691038,0.1457112320922781,0.03589134326756341,-2.4495423117956638e-8,-0.0011300974549213066,-0.0027143859865783587,-0.0027018981746611504,0.049053461201530826,0.01745756367679898,-1.467044021895631e-8,-0.87890625,-0.703125,-0.87890625,0.791015625,0.791015625,0.615234375,-4.39453125,4.39453125,0.0,0.0,-8.7890625,0.0,-5.7,-4.0,-5.5,4.0,4.7,3.2
14.834930896759033,-0.03202714381455753,-0.05345129637575066,-0.07657222926688995,0.13002340287511135,0.03202714381312697,-2.1858152065074595e-8,-0.0007625900752251257,-0.0019200862967257144,-0.0018232416357480893,0.04145139825588671,0.015061663033666853,-1.2792087337509077e-8,-0.87890625,-0.703125,-0.87890625,0.791015625,0.791015625,0.615234375,-4.39453125,0.0,4.39453125,0.0,-8.7890625,0.0,-5.7,-4.0,-5.5,4.0,4.7,3.2
14.841601848602295,-0.02843943971288675,-0.04746364301654803,-0.06799455207514403,0.11545808607667132,0.028439439711616447,-1.9409585865326036e-8,-0.0004836866936394117,-0.0012990876328836123,-0.0011564243322211678,0.03465534861960437,0.01288849927655225,-1.107574901821749e-8,-0.87890625,-0.703125,-0.87890625,0.791015625,0.791015625,0.615234375,-4.39453125,0.0,4.39453125,0.0,-8.7890625,0.0,-5.7,-4.0,-5.6,4.0,4.8,3.2
14.848268985748291,-0.02512487865526042,-0.04193184828416303,-0.060069920060087316,0.10200167203471698,0.02512487865413817,-1.714743660699475e-8,-0.0002825149888179343,-0.000827627915068324,-0.0006754521296172156,0.028637168513220394,0.010932170422790436,-9.51784589588016e-9,-0.87890625,-0.703125,-0.87890625,0.791015625,0.791015625,0.615234375,-4.39453125,0.0,0.0,0.0,0.0,0.0,-5.6,-4.0,-5.6,4.8,4.8,3.2
14.854939937591553,-0.02207174801429783,-0.03683636453734826,-0.05277033003809821,0.08960660996927661,0.022071748013311958,-1.5063710558518175e-8,-0.0001467657863502904,-0.00048492212012759975,-0.000350895587381153,0.02335050734468536,0.009181262685057121,-8.110562530153983e-9,-0.87890625,-0.703125,-0.87890625,0.791015625,0.791015625,0.615234375,0.0,0.0,0.0,0.0,0.0,0.0,-5.6,-4.0,-5.6,4.8,4.8,3.2
14.86160683631897,-0.019269548101749683,-0.03215966845427037,-0.04607067878609474,0.07823027337568256,0.019269548100888975,-1.3151241805142318e-8,-6.306634004593444e-5,-0.00025387583543518433,-0.00015078241996796217,0.018745031966321275,0.007623843147510471,-6.845982221587597e-9,-0.87890625,-0.703125,-0.87890625,0.791015625,0.791015625,0.615234375,0.0,0.0,0.0,0.0,0.0,0.0,-5.6,-4.0,-5.6,4.8,4.8,3.2
14.868273973464966,-0.01670975425874613,-0.027887532913385416,-0.03995058508815631,0.0678380539491474,0.016709754257999757,-1.1404212366626451e-8,-1.9344739228848554e-5,-0.0001106771866838562,-4.625044980334148e-5,0.014781255882364654,0.006250605657929195,-5.7179138046108835e-9,-0.87890625,-0.703125,-0.87890625,0.791015625,0.791015625,0.615234375,0.0,0.0,0.0,0.0,0.0,0.0,-5.6,-4.0,-5.6,4.8,4.8,3.2
14.8749418258667,-0.01438356278279175,-0.02400526508682181,-0.03438900057575589,0.0583942105270191,0.014383562782149285,-9.816613818710368e-9,-2.776032723859074e-6,-3.44929809884246e-5,-6.63708932068761e-6,0.01141650487611346,0.005051561683985945,-4.71975829066856e-9,-0.87890625,-0.703125,-0.87890625,0.791015625,0.791015625,0.615234375,0.0,0.0,0.0,0.0,0.0,0.0,-5.6,-4.0,-5.6,4.8,4.8,3.2
14.881608963012695,-0.012277497208100046,-0.020490373597545644,-0.029353704984923467,0.04984403151995219,0.012277497207551648,-8.379248630694272e-9,-1.1685138056360728e-8,-5.244953515068427e-6,-2.7937460656738742e-8,0.008595543897565486,0.004013113611539437,-3.842247804083179e-9,-0.87890625,-0.703125,-0.87890625,0.791015625,0.791015625,0.615234375,0.0,0.0,0.0,0.0,0.0,0.0,-5.6,-4.0,-5.6,4.8,4.8,3.2
14.888275861740112,-0.010384015573470315,-0.017330271384852193,-0.024826666586525575,0.0421568981670186,0.010384015573006493,-7.086969502033715e-9,0.0,-3.611416155020865e-8,0.0,0.006278421045421749,0.003126126281157005,-3.0794415069856523e-9,-0.87890625,-0.703125,-0.87890625,0.703125,0.791015625,0.615234375,0.0,0.0,0.0,0.0,0.0,0.0,-5.6,-4.0,-5.6,4.0,4.8,3.2
14.895120859146118,-0.008651136000532814,-0.014438203950650796,-0.020683604291642826,0.035121775080466947,0.008651136000146395,-5.904299407096538e-9,0.0,0.0,0.0,0.004375625964597288,0.0023617644396202735,-2.4081443107492282e-9,-0.87890625,-0.703125,-0.87890625,0.703125,0.791015625,0.615234375,0.0,0.0,0.0,0.0,0.0,0.0,-5.6,-4.0,-5.6,4.0,4.8,3.2
14.90178894996643,-0.007154268376089105,-0.011940025671230224,-0.01710481214006201,0.02904481038730909,0.007154268375769547,-4.8827047139879475e-9,0.0,0.0,0.0,0.00292866352459601,0.0017454568425689914,-1.853421250390253e-9,-0.87890625,-0.791015625,-0.87890625,0.703125,0.791015625,0.615234375,0.0,0.0,0.0,0.0,0.0,0.0,-5.6,-4.8,-5.6,4.0,4.8,3.2
14.908459901809692,-0.005839118085707451,-0.009745122236916112,-0.013960479628283447,0.02370557948249492,0.005839118085446637,-3.985129981690941e-9,0.0,0.0,0.0,0.001842273501386387,0.0012466944234589645,-1.3908225874704237e-9,-0.87890625,-0.791015625,-0.87890625,0.703125,0.791015625,0.615234375,0.0,-4.39453125,0.0,0.0,0.0,0.0,-5.6,-4.8,-5.6,4.0,4.8,3.2
14.915129899978638,-0.004693604430594729,-0.007833331718335161,-0.011221723567626702,0.01905503729427885,0.004693604430385079,-3.203330274197441e-9,0.0,0.0,0.0,0.0010634055113286547,0.0008526499184389408,-1.0117118039620965e-9,-0.87890625,-0.791015625,-0.87890625,0.703125,0.791015625,0.615234375,0.0,-4.39453125,0.0,0.0,0.0,0.0,-5.6,-4.8,-5.6,4.0,4.8,3.2
14.921796798706055,-0.003705578932937579,-0.0061843790671759855,-0.008859498719660457,0.015043863582486137,0.0037055789327720625,-2.5290143971086885e-9,0.0,0.0,0.0,0.0005399405363178834,0.0005506571612074456,-7.075273084975114e-10,-0.87890625,-0.791015625,-0.87890625,0.703125,0.791015625,0.615234375,0.0,-4.39453125,0.0,0.0,0.0,0.0,-5.6,-4.9,-5.6,4.0,4.8,3.2
14.92846393585205,-0.0028664832975357287,-0.004783981024966652,-0.006853343448904388,0.01163731348597046,0.0028664832974076918,-1.9563414137807983e-9,0.0,0.0,0.0,0.00022537837131371947,0.0003301901495617245,-4.714603200105915e-10,-0.87890625,-0.791015625,-0.87890625,0.703125,0.791015625,0.615234375,0.0,0.0,0.0,0.0,0.0,0.0,-5.6,-4.9,-5.6,4.0,4.8,3.2
14.935130834579468,-0.002163267206087616,-0.003610357428125495,-0.005172056347865559,0.008782405483682143,0.00216326720599099,-1.4764046342015483e-9,0.0,0.0,0.0,6.543524424068878e-5,0.00017795859851653064,-2.944790567827195e-10,-0.791015625,-0.791015625,-0.87890625,0.703125,0.791015625,0.615234375,0.0,0.0,0.0,0.0,0.0,0.0,-4.8,-4.9,-5.6,4.0,4.8,3.2
14.941799879074097,-0.0015832303794211984,-0.0026423123064464185,-0.003785272901551744,0.0064275791391060055,0.0015832303793504804,-1.0805362659814943e-9,0.0,0.0,0.0,7.432915284858008e-6,8.109344666524181e-5,-1.6783854391960585e-10,-0.703125,-0.791015625,-0.87890625,0.703125,0.791015625,0.615234375,0.0,0.0,0.0,0.0,0.0,0.0,-4.0,-4.8,-5.6,4.0,4.8,3.2
14.948466777801514,-0.0011175763849480538,-0.0018651649650771,-0.002671962122723141,0.004537122803868701,0.0011175763848981354,-7.62732846487154e-10,0.0,0.0,0.0,0.0,2.804967230636326e-5,-8.41456965951706e-11,-0.615234375,-0.791015625,-0.87890625,0.703125,0.791015625,0.615234375,0.0,0.0,0.0,0.0,0.0,0.0,-3.0,-4.8,-5.6,4.0,4.8,3.2
14.95513391494751,-0.0007528404476817836,-0.001256443538196532,-0.0017999316984074944,0.0030563723507905987,0.0007528404476481567,-5.13804823853432e-10,0.0,0.0,0.0,0.0,5.384239561642926e-6,-3.422849974679261e-11,-0.615234375,-0.791015625,-0.87890625,0.703125,0.791015625,0.615234375,13.18359375,0.0,0.0,0.0,0.0,0.0,-3.0,-4.8,-5.6,4.0,4.8,3.2
14.961802959442139,-0.0004763069110036461,-0.0007949263916035504,-0.0011387803483805356,0.0019337049141883497,0.00047630691098237104,-3.250739107628879e-10,0.0,0.0,0.0,0.0,1.0093411617174116e-7,-9.272800350673163e-12,-0.615234375,-0.791015625,-0.87890625,0.703125,0.791015625,0.615234375,13.18359375,0.0,0.0,0.0,0.0,0.0,-3.0,-4.8,-5.6,4.0,4.8,3.2
14.968469858169556,-0.0002777134615791048,-0.0004634863673248678,-0.0006639723783571064,0.0011274576811413548,0.00027771346156670024,-1.8953619807193508e-10,0.0,0.0,0.0,0.0,0.0,-9.17469381159651e-13,-0.615234375,-0.791015625,-0.87890625,0.703125,0.791015625,0.615234375,13.18359375,0.0,0.0,0.0,0.0,0.0,-3.1,-4.8,-5.6,4.0,4.8,3.2
14.975137948989868,-0.0001435840222978887,-0.00023963273700286633,-0.00034328845363534237,0.0005829206402470854,0.0001435840222914753,-9.799442034777253e-11,0.0,0.0,0.0,0.0,0.0,0.0,-0.615234375,-0.791015625,-0.87890625,0.703125,0.791015625,0.615234375,0.0,0.0,0.0,0.0,0.0,0.0,-3.1,-4.8,-5.6,4.0,4.8,3.2
14.981804847717285,-6.113322461626061e-5,-0.00010202752160134285,-0.0001461606229467409,0.00024818791021014264,6.113322461352998e-5,-4.172271269732166e-11,0.0,0.0,0.0,0.0,0.0,0.0,-0.615234375,-0.791015625,-0.87890625,0.703125,0.791015625,0.615234375,0.0,0.0,0.0,0.0,0.0,0.0,-3.1,-4.8,-5.6,4.0,4.8,3.2
14.988471984863281,-1.859905094485373e-5,-3.104065070920208e-5,-4.446761788506933e-5,7.550819729976121e-5,1.8599050944022966e-5,-1.2693635316736993e-11,0.0,0.0,0.0,0.0,0.0,0.0,-0.615234375,-0.791015625,-0.87890625,0.703125,0.791015625,0.615234375,0.0,0.0,0.0,0.0,0.0,0.0,-3.2,-4.8,-5.6,4.0,4.8,3.2
14.995138883590698,-2.558968118973355e-6,-4.270757459214028e-6,-6.1181195122252874e-6,1.0388867162316305e-5,2.5589681188590538e-6,-1.7464658914971142e-12,0.0,0.0,0.0,0.0,0.0,0.0,-0.615234375,-0.791015625,-0.87890625,0.703125,0.791015625,0.615234375,0.0,0.0,0.0,0.0,0.0,0.0,-3.2,-4.8,-5.6,4.0,4.8,3.2
15.001805782318115,-5.8036976027562185e-9,-9.686007670129859e-9,-1.3875794420105345e-8,2.3561779843305557e-8,5.803697602496986e-9,-3.96095591524751e-15,0.0,0.0,0.0,0.0,0.0,0.0,-0.615234375,-0.791015625,-0.87890625,0.703125,0.791015625,0.615234375,0.0,0.0,0.0,0.0,0.0,0.0,-3.2,-4.8,-5.6,4.0,4.8,3.2
15.008484840393066,0.0,0.0,0.0,0.0,0.0,0.0,0.0,0.0,0.0,0.0,0.0,0.0,-0.615234375,-0.791015625,-0.87890625,0.703125,0.791015625,0.615234375,0.0,0.0,0.0,0.0,0.0,0.0,-3.2,-4.8,-5.6,4.0,4.8,3.2
15.015151977539062,0.0,0.0,0.0,0.0,0.0,0.0,0.0,0.0,0.0,0.0,0.0,0.0,-0.615234375,-0.791015625,-0.87890625,0.703125,0.791015625,0.615234375,0.0,0.0,0.0,0.0,0.0,0.0,-3.2,-4.8,-5.6,4.0,4.8,3.2
15.021819829940796,0.0,0.0,0.0,0.0,0.0,0.0,0.0,0.0,0.0,0.0,0.0,0.0,-0.615234375,-0.791015625,-0.87890625,0.703125,0.791015625,0.615234375,0.0,0.0,0.0,0.0,0.0,0.0,-3.2,-4.8,-5.6,4.0,4.8,3.2
15.028486967086792,0.0,0.0,0.0,0.0,0.0,0.0,0.0,0.0,0.0,0.0,0.0,0.0,-0.615234375,-0.791015625,-0.87890625,0.703125,0.791015625,0.615234375,0.0,0.0,0.0,0.0,0.0,0.0,-3.2,-4.8,-5.6,4.0,4.8,3.2
15.035153865814209,0.0,0.0,0.0,0.0,0.0,0.0,0.0,0.0,0.0,0.0,0.0,0.0,-0.615234375,-0.791015625,-0.87890625,0.703125,0.791015625,0.615234375,0.0,0.0,0.0,0.0,0.0,0.0,-3.2,-4.8,-5.6,4.0,4.8,3.2
15.041821956634521,0.0,0.0,0.0,0.0,0.0,0.0,0.0,0.0,0.0,0.0,0.0,0.0,-0.615234375,-0.791015625,-0.87890625,0.703125,0.791015625,0.615234375,0.0,0.0,0.0,0.0,0.0,0.0,-3.2,-4.8,-5.6,4.0,4.8,3.2
15.048488855361938,0.0,0.0,0.0,0.0,0.0,0.0,0.0,0.0,0.0,0.0,0.0,0.0,-0.615234375,-0.791015625,-0.87890625,0.703125,0.791015625,0.615234375,0.0,0.0,0.0,0.0,0.0,0.0,-3.2,-4.8,-5.6,4.0,4.8,3.2
15.055155992507935,0.0,0.0,0.0,0.0,0.0,0.0,0.0,0.0,0.0,0.0,0.0,0.0,-0.615234375,-0.791015625,-0.87890625,0.703125,0.791015625,0.615234375,0.0,0.0,0.0,0.0,0.0,0.0,-3.2,-4.8,-5.6,4.0,4.8,3.2
15.062004804611206,0.0,0.0,0.0,0.0,0.0,0.0,0.0,0.0,0.0,0.0,0.0,0.0,-0.615234375,-0.791015625,-0.87890625,0.703125,0.791015625,0.615234375,0.0,0.0,0.0,0.0,0.0,0.0,-3.2,-4.8,-5.6,4.0,4.8,3.2
15.06869888305664,0.0,0.0,0.0,0.0,0.0,0.0,0.0,0.0,0.0,0.0,0.0,0.0,-0.615234375,-0.791015625,-0.87890625,0.703125,0.791015625,0.615234375,0.0,0.0,0.0,0.0,0.0,0.0,-3.2,-4.8,-5.6,4.0,4.8,3.2
15.075365781784058,0.0,0.0,0.0,0.0,0.0,0.0,0.0,0.0,0.0,0.0,0.0,0.0,-0.615234375,-0.791015625,-0.87890625,0.703125,0.791015625,0.615234375,0.0,0.0,0.0,0.0,0.0,0.0,-3.2,-4.8,-5.6,4.0,4.8,3.2
15.082043886184692,0.0,0.0,0.0,0.0,0.0,0.0,0.0,0.0,0.0,0.0,0.0,0.0,-0.615234375,-0.791015625,-0.87890625,0.703125,0.791015625,0.615234375,0.0,0.0,0.0,0.0,0.0,0.0,-3.2,-4.8,-5.6,4.0,4.8,3.2
15.088807821273804,0.0,0.0,0.0,0.0,0.0,0.0,0.0,0.0,0.0,0.0,0.0,0.0,-0.615234375,-0.791015625,-0.87890625,0.703125,0.791015625,0.615234375,0.0,0.0,0.0,0.0,0.0,0.0,-3.2,-4.8,-5.6,4.0,4.8,3.2
15.095736980438232,0.0,0.0,0.0,0.0,0.0,0.0,0.0,0.0,0.0,0.0,0.0,0.0,-0.615234375,-0.791015625,-0.87890625,0.703125,0.791015625,0.615234375,0.0,0.0,0.0,0.0,0.0,0.0,-3.2,-4.8,-5.6,4.0,4.8,3.2
15.102404832839966,0.0,0.0,0.0,0.0,0.0,0.0,0.0,0.0,0.0,0.0,0.0,0.0,-0.615234375,-0.791015625,-0.87890625,0.703125,0.791015625,0.615234375,0.0,0.0,0.0,0.0,0.0,0.0,-3.2,-4.8,-5.6,4.0,4.8,3.2
15.109072923660278,0.0,0.0,0.0,0.0,0.0,0.0,0.0,0.0,0.0,0.0,0.0,0.0,-0.615234375,-0.791015625,-0.87890625,0.703125,0.791015625,0.615234375,0.0,0.0,0.0,0.0,0.0,0.0,-3.2,-4.8,-5.6,4.0,4.8,3.2
15.115742921829224,0.0,0.0,0.0,0.0,0.0,0.0,0.0,0.0,0.0,0.0,0.0,0.0,-0.615234375,-0.791015625,-0.87890625,0.703125,0.791015625,0.615234375,0.0,0.0,0.0,0.0,0.0,0.0,-3.2,-4.8,-5.6,4.0,4.8,3.2
15.12240982055664,0.0,0.0,0.0,0.0,0.0,0.0,0.0,0.0,0.0,0.0,0.0,0.0,-0.615234375,-0.791015625,-0.87890625,0.703125,0.791015625,0.615234375,0.0,0.0,0.0,0.0,0.0,0.0,-3.2,-4.8,-5.6,4.0,4.8,3.2
15.12907886505127,0.0,0.0,0.0,0.0,0.0,0.0,0.0,0.0,0.0,0.0,0.0,0.0,-0.615234375,-0.791015625,-0.87890625,0.703125,0.791015625,0.615234375,0.0,0.0,0.0,0.0,0.0,0.0,-3.2,-4.8,-5.6,4.0,4.8,3.2
15.135746955871582,0.0,0.0,0.0,0.0,0.0,0.0,0.0,0.0,0.0,0.0,0.0,0.0,-0.615234375,-0.791015625,-0.87890625,0.703125,0.791015625,0.615234375,0.0,0.0,0.0,0.0,0.0,0.0,-3.2,-4.8,-5.6,4.0,4.8,3.2
15.142416954040527,0.0,0.0,0.0,0.0,0.0,0.0,0.0,0.0,0.0,0.0,0.0,0.0,-0.615234375,-0.791015625,-0.87890625,0.703125,0.791015625,0.615234375,0.0,0.0,0.0,0.0,0.0,0.0,-3.2,-4.8,-5.6,4.0,4.8,3.2
15.149083852767944,0.0,0.0,0.0,0.0,0.0,0.0,0.0,0.0,0.0,0.0,0.0,0.0,-0.615234375,-0.791015625,-0.87890625,0.703125,0.791015625,0.615234375,0.0,0.0,0.0,0.0,0.0,0.0,-3.2,-4.8,-5.6,4.0,4.8,3.2
15.155751943588257,0.0,0.0,0.0,0.0,0.0,0.0,0.0,0.0,0.0,0.0,0.0,0.0,-0.615234375,-0.791015625,-0.87890625,0.703125,0.791015625,0.615234375,0.0,0.0,0.0,0.0,0.0,0.0,-3.2,-4.8,-5.6,4.0,4.8,3.2
15.162418842315674,0.0,0.0,0.0,0.0,0.0,0.0,0.0,0.0,0.0,0.0,0.0,0.0,-0.615234375,-0.791015625,-0.87890625,0.703125,0.791015625,0.615234375,0.0,0.0,0.0,0.0,0.0,0.0,-3.2,-4.8,-5.6,4.0,4.8,3.2
15.169086933135986,0.0,0.0,0.0,0.0,0.0,0.0,0.0,0.0,0.0,0.0,0.0,0.0,-0.615234375,-0.791015625,-0.87890625,0.703125,0.791015625,0.615234375,0.0,0.0,0.0,0.0,0.0,0.0,-3.2,-4.8,-5.6,4.0,4.8,3.2
15.175753831863403,0.0,0.0,0.0,0.0,0.0,0.0,0.0,0.0,0.0,0.0,0.0,0.0,-0.615234375,-0.791015625,-0.87890625,0.703125,0.791015625,0.615234375,0.0,0.0,0.0,0.0,0.0,0.0,-3.2,-4.8,-5.6,4.0,4.8,3.2
15.182421922683716,0.0,0.0,0.0,0.0,0.0,0.0,0.0,0.0,0.0,0.0,0.0,0.0,-0.615234375,-0.791015625,-0.87890625,0.703125,0.791015625,0.615234375,0.0,0.0,0.0,0.0,0.0,0.0,-3.2,-4.8,-5.6,4.0,4.8,3.2
15.18908977508545,0.0,0.0,0.0,0.0,0.0,0.0,0.0,0.0,0.0,0.0,0.0,0.0,-0.615234375,-0.791015625,-0.87890625,0.703125,0.791015625,0.615234375,0.0,0.0,0.0,0.0,0.0,0.0,-3.2,-4.8,-5.6,4.0,4.8,3.2
15.195757865905762,0.0,0.0,0.0,0.0,0.0,0.0,0.0,0.0,0.0,0.0,0.0,0.0,-0.615234375,-0.791015625,-0.87890625,0.703125,0.791015625,0.615234375,0.0,0.0,0.0,0.0,0.0,0.0,-3.2,-4.8,-5.6,4.0,4.8,3.2
15.202425956726074,0.0,0.0,0.0,0.0,0.0,0.0,0.0,0.0,0.0,0.0,0.0,0.0,-0.615234375,-0.791015625,-0.87890625,0.703125,0.791015625,0.615234375,0.0,0.0,0.0,0.0,0.0,0.0,-3.2,-4.8,-5.6,4.0,4.8,3.2
15.209092855453491,0.0,0.0,0.0,0.0,0.0,0.0,0.0,0.0,0.0,0.0,0.0,0.0,-0.615234375,-0.791015625,-0.87890625,0.703125,0.791015625,0.615234375,0.0,0.0,0.0,0.0,0.0,0.0,-3.2,-4.8,-5.6,4.0,4.8,3.2
15.215762853622437,0.0,0.0,0.0,0.0,0.0,0.0,0.0,0.0,0.0,0.0,0.0,0.0,-0.615234375,-0.791015625,-0.87890625,0.703125,0.791015625,0.615234375,0.0,0.0,0.0,0.0,0.0,0.0,-3.2,-4.8,-5.6,4.0,4.8,3.2
15.222432851791382,0.0,0.0,0.0,0.0,0.0,0.0,0.0,0.0,0.0,0.0,0.0,0.0,-0.615234375,-0.791015625,-0.87890625,0.703125,0.791015625,0.615234375,0.0,0.0,0.0,0.0,0.0,0.0,-3.2,-4.8,-5.6,4.0,4.8,3.2
15.229135990142822,0.0,0.0,0.0,0.0,0.0,0.0,0.0,0.0,0.0,0.0,0.0,0.0,-0.615234375,-0.791015625,-0.87890625,0.703125,0.791015625,0.615234375,0.0,0.0,0.0,0.0,0.0,0.0,-3.2,-4.8,-5.6,4.0,4.8,3.2
15.235806941986084,0.0,0.0,0.0,0.0,0.0,0.0,0.0,0.0,0.0,0.0,0.0,0.0,-0.615234375,-0.791015625,-0.87890625,0.703125,0.791015625,0.615234375,0.0,0.0,0.0,0.0,0.0,0.0,-3.2,-4.8,-5.6,4.0,4.8,3.2
15.242474794387817,0.0,0.0,0.0,0.0,0.0,0.0,0.0,0.0,0.0,0.0,0.0,0.0,-0.615234375,-0.791015625,-0.87890625,0.703125,0.791015625,0.615234375,0.0,0.0,0.0,0.0,0.0,0.0,-3.2,-4.8,-5.6,4.0,4.8,3.2
15.249144792556763,0.0,0.0,0.0,0.0,0.0,0.0,0.0,0.0,0.0,0.0,0.0,0.0,-0.615234375,-0.791015625,-0.87890625,0.703125,0.791015625,0.615234375,0.0,0.0,0.0,0.0,0.0,0.0,-3.2,-4.8,-5.6,4.0,4.8,3.2
15.255813837051392,0.0,0.0,0.0,0.0,0.0,0.0,0.0,0.0,0.0,0.0,0.0,0.0,-0.615234375,-0.791015625,-0.87890625,0.703125,0.791015625,0.615234375,0.0,0.0,0.0,0.0,0.0,0.0,-3.2,-4.8,-5.6,4.0,4.8,3.2
15.262480974197388,0.0,0.0,0.0,0.0,0.0,0.0,0.0,0.0,0.0,0.0,0.0,0.0,-0.615234375,-0.791015625,-0.87890625,0.703125,0.791015625,0.615234375,0.0,0.0,0.0,0.0,0.0,0.0,-3.2,-4.8,-5.6,4.0,4.8,3.2
15.269147872924805,0.0,0.0,0.0,0.0,0.0,0.0,0.0,0.0,0.0,0.0,0.0,0.0,-0.615234375,-0.791015625,-0.87890625,0.703125,0.791015625,0.615234375,0.0,0.0,0.0,0.0,0.0,0.0,-3.2,-4.8,-5.6,4.0,4.8,3.2
15.275814771652222,0.0,0.0,0.0,0.0,0.0,0.0,0.0,0.0,0.0,0.0,0.0,0.0,-0.615234375,-0.791015625,-0.87890625,0.703125,0.791015625,0.615234375,0.0,0.0,0.0,0.0,0.0,0.0,-3.2,-4.8,-5.6,4.0,4.8,3.2
15.282482862472534,0.0,0.0,0.0,0.0,0.0,0.0,0.0,0.0,0.0,0.0,0.0,0.0,-0.615234375,-0.791015625,-0.87890625,0.703125,0.791015625,0.615234375,0.0,0.0,0.0,0.0,0.0,0.0,-3.2,-4.8,-5.6,4.0,4.8,3.2
15.28914999961853,0.0,0.0,0.0,0.0,0.0,0.0,0.0,0.0,0.0,0.0,0.0,0.0,-0.615234375,-0.791015625,-0.87890625,0.703125,0.791015625,0.615234375,0.0,0.0,0.0,0.0,0.0,0.0,-3.2,-4.8,-5.6,4.0,4.8,3.2
15.295816898345947,0.0,0.0,0.0,0.0,0.0,0.0,0.0,0.0,0.0,0.0,0.0,0.0,-0.615234375,-0.791015625,-0.87890625,0.703125,0.791015625,0.615234375,0.0,0.0,0.0,0.0,0.0,0.0,-3.2,-4.8,-5.6,4.0,4.8,3.2
15.302483797073364,0.0,0.0,0.0,0.0,0.0,0.0,0.0,0.0,0.0,0.0,0.0,0.0,-0.615234375,-0.791015625,-0.87890625,0.703125,0.791015625,0.615234375,0.0,0.0,0.0,0.0,0.0,0.0,-3.2,-4.8,-5.6,4.0,4.8,3.2
15.309159994125366,0.0,0.0,0.0,0.0,0.0,0.0,0.0,0.0,0.0,0.0,0.0,0.0,-0.615234375,-0.791015625,-0.87890625,0.703125,0.791015625,0.615234375,0.0,0.0,0.0,0.0,0.0,0.0,-3.2,-4.8,-5.6,4.0,4.8,3.2
15.3158278465271,0.0,0.0,0.0,0.0,0.0,0.0,0.0,0.0,0.0,0.0,0.0,0.0,-0.615234375,-0.791015625,-0.87890625,0.703125,0.791015625,0.615234375,0.0,0.0,0.0,0.0,0.0,0.0,-3.2,-4.8,-5.6,4.0,4.8,3.2
15.322494983673096,0.0,0.0,0.0,0.0,0.0,0.0,0.0,0.0,0.0,0.0,0.0,0.0,-0.615234375,-0.791015625,-0.87890625,0.703125,0.791015625,0.615234375,0.0,0.0,0.0,0.0,0.0,0.0,-3.2,-4.8,-5.6,4.0,4.8,3.2
15.329161882400513,0.0,0.0,0.0,0.0,0.0,0.0,0.0,0.0,0.0,0.0,0.0,0.0,-0.615234375,-0.791015625,-0.87890625,0.703125,0.791015625,0.615234375,0.0,0.0,0.0,0.0,0.0,0.0,-3.2,-4.8,-5.6,4.0,4.8,3.2
15.33583688735962,0.0,0.0,0.0,0.0,0.0,0.0,0.0,0.0,0.0,0.0,0.0,0.0,-0.615234375,-0.791015625,-0.87890625,0.703125,0.791015625,0.615234375,0.0,0.0,0.0,0.0,0.0,0.0,-3.2,-4.8,-5.6,4.0,4.8,3.2
15.342508792877197,0.0,0.0,0.0,0.0,0.0,0.0,0.0,0.0,0.0,0.0,0.0,0.0,-0.615234375,-0.791015625,-0.87890625,0.703125,0.791015625,0.615234375,0.0,0.0,0.0,0.0,0.0,0.0,-3.2,-4.8,-5.6,4.0,4.8,3.2
15.349175930023193,0.0,0.0,0.0,0.0,0.0,0.0,0.0,0.0,0.0,0.0,0.0,0.0,-0.615234375,-0.791015625,-0.87890625,0.703125,0.791015625,0.615234375,0.0,0.0,0.0,0.0,0.0,0.0,-3.2,-4.8,-5.6,4.0,4.8,3.2
15.355843782424927,0.0,0.0,0.0,0.0,0.0,0.0,0.0,0.0,0.0,0.0,0.0,0.0,-0.615234375,-0.791015625,-0.87890625,0.703125,0.791015625,0.615234375,0.0,0.0,0.0,0.0,0.0,0.0,-3.2,-4.8,-5.6,4.0,4.8,3.2
15.36251187324524,0.0,0.0,0.0,0.0,0.0,0.0,0.0,0.0,0.0,0.0,0.0,0.0,-0.615234375,-0.791015625,-0.87890625,0.703125,0.791015625,0.615234375,0.0,0.0,0.0,0.0,0.0,0.0,-3.2,-4.8,-5.6,4.0,4.8,3.2
15.369182825088501,0.0,0.0,0.0,0.0,0.0,0.0,0.0,0.0,0.0,0.0,0.0,0.0,-0.615234375,-0.791015625,-0.87890625,0.703125,0.791015625,0.615234375,0.0,0.0,0.0,0.0,0.0,0.0,-3.2,-4.8,-5.6,4.0,4.8,3.2
15.375852823257446,0.0,0.0,0.0,0.0,0.0,0.0,0.0,0.0,0.0,0.0,0.0,0.0,-0.615234375,-0.791015625,-0.87890625,0.703125,0.791015625,0.615234375,0.0,0.0,0.0,0.0,0.0,0.0,-3.2,-4.8,-5.6,4.0,4.8,3.2
15.382520914077759,0.0,0.0,0.0,0.0,0.0,0.0,0.0,0.0,0.0,0.0,0.0,0.0,-0.615234375,-0.791015625,-0.87890625,0.703125,0.791015625,0.615234375,0.0,0.0,0.0,0.0,0.0,0.0,-3.2,-4.8,-5.6,4.0,4.8,3.2
15.389190912246704,0.0,0.0,0.0,0.0,0.0,0.0,0.0,0.0,0.0,0.0,0.0,0.0,-0.615234375,-0.791015625,-0.87890625,0.703125,0.791015625,0.615234375,0.0,0.0,0.0,0.0,0.0,0.0,-3.2,-4.8,-5.6,4.0,4.8,3.2
15.395859003067017,0.0,0.0,0.0,0.0,0.0,0.0,0.0,0.0,0.0,0.0,0.0,0.0,-0.615234375,-0.791015625,-0.87890625,0.703125,0.791015625,0.615234375,0.0,0.0,0.0,0.0,0.0,0.0,-3.2,-4.8,-5.6,4.0,4.8,3.2
15.402525901794434,0.0,0.0,0.0,0.0,0.0,0.0,0.0,0.0,0.0,0.0,0.0,0.0,-0.615234375,-0.791015625,-0.87890625,0.703125,0.791015625,0.615234375,0.0,0.0,0.0,0.0,0.0,0.0,-3.2,-4.8,-5.6,4.0,4.8,3.2
15.409204959869385,0.0,0.0,0.0,0.0,0.0,0.0,0.0,0.0,0.0,0.0,0.0,0.0,-0.615234375,-0.791015625,-0.87890625,0.703125,0.791015625,0.615234375,0.0,0.0,0.0,0.0,0.0,0.0,-3.2,-4.8,-5.6,4.0,4.8,3.2
15.415872812271118,0.0,0.0,0.0,0.0,0.0,0.0,0.0,0.0,0.0,0.0,0.0,0.0,-0.615234375,-0.791015625,-0.87890625,0.703125,0.791015625,0.615234375,0.0,0.0,0.0,0.0,0.0,0.0,-3.2,-4.8,-5.6,4.0,4.8,3.2
15.42254090309143,0.0,0.0,0.0,0.0,0.0,0.0,0.0,0.0,0.0,0.0,0.0,0.0,-0.615234375,-0.791015625,-0.87890625,0.703125,0.791015625,0.615234375,0.0,0.0,0.0,0.0,0.0,0.0,-3.2,-4.8,-5.6,4.0,4.8,3.2
15.429207801818848,0.0,0.0,0.0,0.0,0.0,0.0,0.0,0.0,0.0,0.0,0.0,0.0,-0.615234375,-0.791015625,-0.87890625,0.703125,0.791015625,0.615234375,0.0,0.0,0.0,0.0,0.0,0.0,-3.2,-4.8,-5.6,4.0,4.8,3.2
15.435888767242432,0.0,0.0,0.0,0.0,0.0,0.0,0.0,0.0,0.0,0.0,0.0,0.0,-0.615234375,-0.791015625,-0.87890625,0.703125,0.791015625,0.615234375,0.0,0.0,0.0,0.0,0.0,0.0,-3.2,-4.8,-5.6,4.0,4.8,3.2
15.442556858062744,0.0,0.0,0.0,0.0,0.0,0.0,0.0,0.0,0.0,0.0,0.0,0.0,-0.615234375,-0.791015625,-0.87890625,0.703125,0.791015625,0.615234375,0.0,0.0,0.0,0.0,0.0,0.0,-3.2,-4.8,-5.6,4.0,4.8,3.2
15.44922685623169,0.0,0.0,0.0,0.0,0.0,0.0,0.0,0.0,0.0,0.0,0.0,0.0,-0.615234375,-0.791015625,-0.87890625,0.703125,0.791015625,0.615234375,0.0,0.0,0.0,0.0,0.0,0.0,-3.2,-4.8,-5.6,4.0,4.8,3.2
15.455894947052002,0.0,0.0,0.0,0.0,0.0,0.0,0.0,0.0,0.0,0.0,0.0,0.0,-0.615234375,-0.791015625,-0.87890625,0.703125,0.791015625,0.615234375,0.0,0.0,0.0,0.0,0.0,0.0,-3.2,-4.8,-5.6,4.0,4.8,3.2
15.462562799453735,0.0,0.0,0.0,0.0,0.0,0.0,0.0,0.0,0.0,0.0,0.0,0.0,-0.615234375,-0.791015625,-0.87890625,0.703125,0.791015625,0.615234375,0.0,0.0,0.0,0.0,0.0,0.0,-3.2,-4.8,-5.6,4.0,4.8,3.2
15.469229936599731,0.0,0.0,0.0,0.0,0.0,0.0,0.0,0.0,0.0,0.0,0.0,0.0,-0.615234375,-0.791015625,-0.87890625,0.703125,0.791015625,0.615234375,0.0,0.0,0.0,0.0,0.0,0.0,-3.2,-4.8,-5.6,4.0,4.8,3.2
15.475899934768677,0.0,0.0,0.0,0.0,0.0,0.0,0.0,0.0,0.0,0.0,0.0,0.0,-0.615234375,-0.791015625,-0.87890625,0.703125,0.791015625,0.615234375,0.0,0.0,0.0,0.0,0.0,0.0,-3.2,-4.8,-5.6,4.0,4.8,3.2
15.482573986053467,0.0,0.0,0.0,0.0,0.0,0.0,0.0,0.0,0.0,0.0,0.0,0.0,-0.615234375,-0.791015625,-0.87890625,0.703125,0.791015625,0.615234375,0.0,0.0,0.0,0.0,0.0,0.0,-3.2,-4.8,-5.6,4.0,4.8,3.2
15.489240884780884,0.0,0.0,0.0,0.0,0.0,0.0,0.0,0.0,0.0,0.0,0.0,0.0,-0.615234375,-0.791015625,-0.87890625,0.703125,0.791015625,0.615234375,0.0,0.0,0.0,0.0,0.0,0.0,-3.2,-4.8,-5.6,4.0,4.8,3.2
15.495908975601196,0.0,0.0,0.0,0.0,0.0,0.0,0.0,0.0,0.0,0.0,0.0,0.0,-0.615234375,-0.791015625,-0.87890625,0.703125,0.791015625,0.615234375,0.0,0.0,0.0,0.0,0.0,0.0,-3.2,-4.8,-5.6,4.0,4.8,3.2
15.502575874328613,0.0,0.0,0.0,0.0,0.0,0.0,0.0,0.0,0.0,0.0,0.0,0.0,-0.615234375,-0.791015625,-0.87890625,0.703125,0.791015625,0.615234375,0.0,0.0,0.0,0.0,0.0,0.0,-3.2,-4.8,-5.6,4.0,4.8,3.2
15.50924277305603,0.0,0.0,0.0,0.0,0.0,0.0,0.0,0.0,0.0,0.0,0.0,0.0,-0.615234375,-0.791015625,-0.87890625,0.703125,0.791015625,0.615234375,0.0,0.0,0.0,0.0,0.0,0.0,-3.2,-4.8,-5.6,4.0,4.8,3.2
15.515909910202026,0.0,0.0,0.0,0.0,0.0,0.0,0.0,0.0,0.0,0.0,0.0,0.0,-0.615234375,-0.791015625,-0.87890625,0.703125,0.791015625,0.615234375,0.0,0.0,0.0,0.0,0.0,0.0,-3.2,-4.8,-5.6,4.0,4.8,3.2
15.522576808929443,0.0,0.0,0.0,0.0,0.0,0.0,0.0,0.0,0.0,0.0,0.0,0.0,-0.615234375,-0.791015625,-0.87890625,0.703125,0.791015625,0.615234375,0.0,0.0,0.0,0.0,0.0,0.0,-3.2,-4.8,-5.6,4.0,4.8,3.2
15.52924394607544,0.0,0.0,0.0,0.0,0.0,0.0,0.0,0.0,0.0,0.0,0.0,0.0,-0.615234375,-0.791015625,-0.87890625,0.703125,0.791015625,0.615234375,0.0,0.0,0.0,0.0,0.0,0.0,-3.2,-4.8,-5.6,4.0,4.8,3.2
15.535910844802856,0.0,0.0,0.0,0.0,0.0,0.0,0.0,0.0,0.0,0.0,0.0,0.0,-0.615234375,-0.791015625,-0.87890625,0.703125,0.791015625,0.615234375,0.0,0.0,0.0,0.0,0.0,0.0,-3.2,-4.8,-5.6,4.0,4.8,3.2
15.542577981948853,0.0,0.0,0.0,0.0,0.0,0.0,0.0,0.0,0.0,0.0,0.0,0.0,-0.615234375,-0.791015625,-0.87890625,0.703125,0.791015625,0.615234375,0.0,0.0,0.0,0.0,0.0,0.0,-3.2,-4.8,-5.6,4.0,4.8,3.2
15.54924488067627,0.0,0.0,0.0,0.0,0.0,0.0,0.0,0.0,0.0,0.0,0.0,0.0,-0.615234375,-0.791015625,-0.87890625,0.703125,0.791015625,0.615234375,0.0,0.0,0.0,0.0,0.0,0.0,-3.2,-4.8,-5.6,4.0,4.8,3.2
15.555911779403687,0.0,0.0,0.0,0.0,0.0,0.0,0.0,0.0,0.0,0.0,0.0,0.0,-0.615234375,-0.791015625,-0.87890625,0.703125,0.791015625,0.615234375,0.0,0.0,0.0,0.0,0.0,0.0,-3.2,-4.8,-5.6,4.0,4.8,3.2
15.562578916549683,0.0,0.0,0.0,0.0,0.0,0.0,0.0,0.0,0.0,0.0,0.0,0.0,-0.615234375,-0.791015625,-0.87890625,0.703125,0.791015625,0.615234375,0.0,0.0,0.0,0.0,0.0,0.0,-3.2,-4.8,-5.6,4.0,4.8,3.2
15.5692458152771,0.0,0.0,0.0,0.0,0.0,0.0,0.0,0.0,0.0,0.0,0.0,0.0,-0.615234375,-0.791015625,-0.87890625,0.703125,0.791015625,0.615234375,0.0,0.0,0.0,0.0,0.0,0.0,-3.2,-4.8,-5.6,4.0,4.8,3.2
15.575912952423096,0.0,0.0,0.0,0.0,0.0,0.0,0.0,0.0,0.0,0.0,0.0,0.0,-0.615234375,-0.791015625,-0.87890625,0.703125,0.791015625,0.615234375,0.0,0.0,0.0,0.0,0.0,0.0,-3.2,-4.8,-5.6,4.0,4.8,3.2
15.582580804824829,0.0,0.0,0.0,0.0,0.0,0.0,0.0,0.0,0.0,0.0,0.0,0.0,-0.615234375,-0.791015625,-0.87890625,0.703125,0.791015625,0.615234375,0.0,0.0,0.0,0.0,0.0,0.0,-3.2,-4.8,-5.6,4.0,4.8,3.2
15.589247941970825,0.0,0.0,0.0,0.0,0.0,0.0,0.0,0.0,0.0,0.0,0.0,0.0,-0.615234375,-0.791015625,-0.87890625,0.703125,0.791015625,0.615234375,0.0,0.0,0.0,0.0,0.0,0.0,-3.2,-4.8,-5.6,4.0,4.8,3.2
15.595915794372559,0.0,0.0,0.0,0.0,0.0,0.0,0.0,0.0,0.0,0.0,0.0,0.0,-0.615234375,-0.791015625,-0.87890625,0.703125,0.791015625,0.615234375,0.0,0.0,0.0,0.0,0.0,0.0,-3.2,-4.8,-5.6,4.0,4.8,3.2
15.6025869846344,0.0,0.0,0.0,0.0,0.0,0.0,0.0,0.0,0.0,0.0,0.0,0.0,-0.615234375,-0.791015625,-0.87890625,0.703125,0.791015625,0.615234375,0.0,0.0,0.0,0.0,0.0,0.0,-3.2,-4.8,-5.6,4.0,4.8,3.2
15.609254837036133,0.0,0.0,0.0,0.0,0.0,0.0,0.0,0.0,0.0,0.0,0.0,0.0,-0.615234375,-0.791015625,-0.87890625,0.703125,0.791015625,0.615234375,0.0,0.0,0.0,0.0,0.0,0.0,-3.2,-4.8,-5.6,4.0,4.8,3.2
15.615922927856445,0.0,0.0,0.0,0.0,0.0,0.0,0.0,0.0,0.0,0.0,0.0,0.0,-0.615234375,-0.791015625,-0.87890625,0.703125,0.791015625,0.615234375,0.0,0.0,0.0,0.0,0.0,0.0,-3.2,-4.8,-5.6,4.0,4.8,3.2
15.622590780258179,0.0,0.0,0.0,0.0,0.0,0.0,0.0,0.0,0.0,0.0,0.0,0.0,-0.615234375,-0.791015625,-0.87890625,0.703125,0.791015625,0.615234375,0.0,0.0,0.0,0.0,0.0,0.0,-3.2,-4.8,-5.6,4.0,4.8,3.2
15.629257917404175,0.0,0.0,0.0,0.0,0.0,0.0,0.0,0.0,0.0,0.0,0.0,0.0,-0.615234375,-0.791015625,-0.87890625,0.703125,0.791015625,0.615234375,0.0,0.0,0.0,0.0,0.0,0.0,-3.2,-4.8,-5.6,4.0,4.8,3.2
15.635924816131592,0.0,0.0,0.0,0.0,0.0,0.0,0.0,0.0,0.0,0.0,0.0,0.0,-0.615234375,-0.791015625,-0.87890625,0.703125,0.791015625,0.615234375,0.0,0.0,0.0,0.0,0.0,0.0,-3.2,-4.8,-5.6,4.0,4.8,3.2
15.642591953277588,0.0,0.0,0.0,0.0,0.0,0.0,0.0,0.0,0.0,0.0,0.0,0.0,-0.615234375,-0.791015625,-0.87890625,0.703125,0.791015625,0.615234375,0.0,0.0,0.0,0.0,0.0,0.0,-3.2,-4.8,-5.6,4.0,4.8,3.2
15.649258852005005,0.0,0.0,0.0,0.0,0.0,0.0,0.0,0.0,0.0,0.0,0.0,0.0,-0.615234375,-0.791015625,-0.87890625,0.703125,0.791015625,0.615234375,0.0,0.0,0.0,0.0,0.0,0.0,-3.2,-4.8,-5.6,4.0,4.8,3.2
15.655925989151001,0.0,0.0,0.0,0.0,0.0,0.0,0.0,0.0,0.0,0.0,0.0,0.0,-0.615234375,-0.791015625,-0.87890625,0.703125,0.791015625,0.615234375,0.0,0.0,0.0,0.0,0.0,0.0,-3.2,-4.8,-5.6,4.0,4.8,3.2
15.662592887878418,0.0,0.0,0.0,0.0,0.0,0.0,0.0,0.0,0.0,0.0,0.0,0.0,-0.615234375,-0.791015625,-0.87890625,0.703125,0.791015625,0.615234375,0.0,0.0,0.0,0.0,0.0,0.0,-3.2,-4.8,-5.6,4.0,4.8,3.2
15.669259786605835,0.0,0.0,0.0,0.0,0.0,0.0,0.0,0.0,0.0,0.0,0.0,0.0,-0.615234375,-0.791015625,-0.87890625,0.703125,0.791015625,0.615234375,0.0,0.0,0.0,0.0,0.0,0.0,-3.2,-4.8,-5.6,4.0,4.8,3.2
15.675926923751831,0.0,0.0,0.0,0.0,0.0,0.0,0.0,0.0,0.0,0.0,0.0,0.0,-0.615234375,-0.791015625,-0.87890625,0.703125,0.791015625,0.615234375,0.0,0.0,0.0,0.0,0.0,0.0,-3.2,-4.8,-5.6,4.0,4.8,3.2
15.682593822479248,0.0,0.0,0.0,0.0,0.0,0.0,0.0,0.0,0.0,0.0,0.0,0.0,-0.615234375,-0.791015625,-0.87890625,0.703125,0.791015625,0.615234375,0.0,0.0,0.0,0.0,0.0,0.0,-3.2,-4.8,-5.6,4.0,4.8,3.2
15.689260959625244,0.0,0.0,0.0,0.0,0.0,0.0,0.0,0.0,0.0,0.0,0.0,0.0,-0.615234375,-0.791015625,-0.87890625,0.703125,0.791015625,0.615234375,0.0,0.0,0.0,0.0,0.0,0.0,-3.2,-4.8,-5.6,4.0,4.8,3.2
15.695929765701294,0.0,0.0,0.0,0.0,0.0,0.0,0.0,0.0,0.0,0.0,0.0,0.0,-0.615234375,-0.791015625,-0.87890625,0.703125,0.791015625,0.615234375,0.0,0.0,0.0,0.0,0.0,0.0,-3.2,-4.8,-5.6,4.0,4.8,3.2
15.702597856521606,0.0,0.0,0.0,0.0,0.0,0.0,0.0,0.0,0.0,0.0,0.0,0.0,-0.615234375,-0.791015625,-0.87890625,0.703125,0.791015625,0.615234375,0.0,0.0,0.0,0.0,0.0,0.0,-3.2,-4.8,-5.6,4.0,4.8,3.2
15.709267854690552,0.0,0.0,0.0,0.0,0.0,0.0,0.0,0.0,0.0,0.0,0.0,0.0,-0.615234375,-0.791015625,-0.87890625,0.703125,0.791015625,0.615234375,0.0,0.0,0.0,0.0,0.0,0.0,-3.2,-4.8,-5.6,4.0,4.8,3.2
15.715934991836548,0.0,0.0,0.0,0.0,0.0,0.0,0.0,0.0,0.0,0.0,0.0,0.0,-0.615234375,-0.791015625,-0.87890625,0.703125,0.791015625,0.615234375,0.0,0.0,0.0,0.0,0.0,0.0,-3.2,-4.8,-5.6,4.0,4.8,3.2
15.722604990005493,0.0,0.0,0.0,0.0,0.0,0.0,0.0,0.0,0.0,0.0,0.0,0.0,-0.615234375,-0.791015625,-0.87890625,0.703125,0.791015625,0.615234375,0.0,0.0,0.0,0.0,0.0,0.0,-3.2,-4.8,-5.6,4.0,4.8,3.2
15.72927188873291,0.0,0.0,0.0,0.0,0.0,0.0,0.0,0.0,0.0,0.0,0.0,0.0,-0.615234375,-0.791015625,-0.87890625,0.703125,0.791015625,0.615234375,0.0,0.0,0.0,0.0,0.0,0.0,-3.2,-4.8,-5.6,4.0,4.8,3.2
15.735938787460327,0.0,0.0,0.0,0.0,0.0,0.0,0.0,0.0,0.0,0.0,0.0,0.0,-0.615234375,-0.791015625,-0.87890625,0.703125,0.791015625,0.615234375,0.0,0.0,0.0,0.0,0.0,0.0,-3.2,-4.8,-5.6,4.0,4.8,3.2
15.742605924606323,0.0,0.0,0.0,0.0,0.0,0.0,0.0,0.0,0.0,0.0,0.0,0.0,-0.615234375,-0.791015625,-0.87890625,0.703125,0.791015625,0.615234375,0.0,0.0,0.0,0.0,0.0,0.0,-3.2,-4.8,-5.6,4.0,4.8,3.2
15.74927282333374,0.0,0.0,0.0,0.0,0.0,0.0,0.0,0.0,0.0,0.0,0.0,0.0,-0.615234375,-0.791015625,-0.87890625,0.703125,0.791015625,0.615234375,0.0,0.0,0.0,0.0,0.0,0.0,-3.2,-4.8,-5.6,4.0,4.8,3.2
15.755950927734375,0.0,0.0,0.0,0.0,0.0,0.0,0.0,0.0,0.0,0.0,0.0,0.0,-0.615234375,-0.791015625,-0.87890625,0.703125,0.791015625,0.615234375,0.0,0.0,0.0,0.0,0.0,0.0,-3.2,-4.8,-5.6,4.0,4.8,3.2
15.762617826461792,0.0,0.0,0.0,0.0,0.0,0.0,0.0,0.0,0.0,0.0,0.0,0.0,-0.615234375,-0.791015625,-0.87890625,0.703125,0.791015625,0.615234375,0.0,0.0,0.0,0.0,0.0,0.0,-3.2,-4.8,-5.6,4.0,4.8,3.2
15.769284963607788,0.0,0.0,0.0,0.0,0.0,0.0,0.0,0.0,0.0,0.0,0.0,0.0,-0.615234375,-0.791015625,-0.87890625,0.703125,0.791015625,0.615234375,0.0,0.0,0.0,0.0,0.0,0.0,-3.2,-4.8,-5.6,4.0,4.8,3.2
15.775962829589844,0.0,0.0,0.0,0.0,0.0,0.0,0.0,0.0,0.0,0.0,0.0,0.0,-0.615234375,-0.791015625,-0.87890625,0.703125,0.791015625,0.615234375,0.0,0.0,0.0,0.0,0.0,0.0,-3.2,-4.8,-5.6,4.0,4.8,3.2
15.782630920410156,0.0,0.0,0.0,0.0,0.0,0.0,0.0,0.0,0.0,0.0,0.0,0.0,-0.615234375,-0.791015625,-0.87890625,0.703125,0.791015625,0.615234375,0.0,0.0,0.0,0.0,0.0,0.0,-3.2,-4.8,-5.6,4.0,4.8,3.2
15.789297819137573,0.0,0.0,0.0,0.0,0.0,0.0,0.0,0.0,0.0,0.0,0.0,0.0,-0.615234375,-0.791015625,-0.87890625,0.703125,0.791015625,0.615234375,0.0,0.0,0.0,0.0,0.0,0.0,-3.2,-4.8,-5.6,4.0,4.8,3.2
15.795966863632202,0.0,0.0,0.0,0.0,0.0,0.0,0.0,0.0,0.0,0.0,0.0,0.0,-0.615234375,-0.791015625,-0.87890625,0.703125,0.791015625,0.615234375,0.0,0.0,0.0,0.0,0.0,0.0,-3.2,-4.8,-5.6,4.0,4.8,3.2
15.802634000778198,0.0,0.0,0.0,0.0,0.0,0.0,0.0,0.0,0.0,0.0,0.0,0.0,-0.615234375,-0.791015625,-0.87890625,0.703125,0.791015625,0.615234375,0.0,0.0,0.0,0.0,0.0,0.0,-3.2,-4.8,-5.6,4.0,4.8,3.2
15.809303998947144,0.0,0.0,0.0,0.0,0.0,0.0,0.0,0.0,0.0,0.0,0.0,0.0,-0.615234375,-0.791015625,-0.87890625,0.703125,0.791015625,0.615234375,0.0,0.0,0.0,0.0,0.0,0.0,-3.2,-4.8,-5.6,4.0,4.8,3.2
15.8159818649292,0.0,0.0,0.0,0.0,0.0,0.0,0.0,0.0,0.0,0.0,0.0,0.0,-0.615234375,-0.791015625,-0.87890625,0.703125,0.791015625,0.615234375,0.0,0.0,0.0,0.0,0.0,0.0,-3.2,-4.8,-5.6,4.0,4.8,3.2
15.822649002075195,0.0,0.0,0.0,0.0,0.0,0.0,0.0,0.0,0.0,0.0,0.0,0.0,-0.615234375,-0.791015625,-0.87890625,0.703125,0.791015625,0.615234375,0.0,0.0,0.0,0.0,0.0,0.0,-3.2,-4.8,-5.6,4.0,4.8,3.2
15.829327821731567,0.0,0.0,0.0,0.0,0.0,0.0,0.0,0.0,0.0,0.0,0.0,0.0,-0.615234375,-0.791015625,-0.87890625,0.703125,0.791015625,0.615234375,0.0,0.0,0.0,0.0,0.0,0.0,-3.2,-4.8,-5.6,4.0,4.8,3.2
15.835994958877563,0.0,0.0,0.0,0.0,0.0,0.0,0.0,0.0,0.0,0.0,0.0,0.0,-0.615234375,-0.791015625,-0.87890625,0.703125,0.791015625,0.615234375,0.0,0.0,0.0,0.0,0.0,0.0,-3.2,-4.8,-5.6,4.0,4.8,3.2
15.84266185760498,0.0,0.0,0.0,0.0,0.0,0.0,0.0,0.0,0.0,0.0,0.0,0.0,-0.615234375,-0.791015625,-0.87890625,0.703125,0.791015625,0.615234375,0.0,0.0,0.0,0.0,0.0,0.0,-3.2,-4.8,-5.6,4.0,4.8,3.2
15.849328994750977,0.0,0.0,0.0,0.0,0.0,0.0,0.0,0.0,0.0,0.0,0.0,0.0,-0.615234375,-0.791015625,-0.87890625,0.703125,0.791015625,0.615234375,0.0,0.0,0.0,0.0,0.0,0.0,-3.2,-4.8,-5.6,4.0,4.8,3.2
15.855995893478394,0.0,0.0,0.0,0.0,0.0,0.0,0.0,0.0,0.0,0.0,0.0,0.0,-0.615234375,-0.791015625,-0.87890625,0.703125,0.791015625,0.615234375,0.0,0.0,0.0,0.0,0.0,0.0,-3.2,-4.8,-5.6,4.0,4.8,3.2
15.86266279220581,0.0,0.0,0.0,0.0,0.0,0.0,0.0,0.0,0.0,0.0,0.0,0.0,-0.615234375,-0.791015625,-0.87890625,0.703125,0.791015625,0.615234375,0.0,0.0,0.0,0.0,0.0,0.0,-3.2,-4.8,-5.6,4.0,4.8,3.2
15.869329929351807,0.0,0.0,0.0,0.0,0.0,0.0,0.0,0.0,0.0,0.0,0.0,0.0,-0.615234375,-0.791015625,-0.87890625,0.703125,0.791015625,0.615234375,0.0,0.0,0.0,0.0,0.0,0.0,-3.2,-4.8,-5.6,4.0,4.8,3.2
15.875996828079224,0.0,0.0,0.0,0.0,0.0,0.0,0.0,0.0,0.0,0.0,0.0,0.0,-0.615234375,-0.791015625,-0.87890625,0.703125,0.791015625,0.615234375,0.0,0.0,0.0,0.0,0.0,0.0,-3.2,-4.8,-5.6,4.0,4.8,3.2
15.88266396522522,0.0,0.0,0.0,0.0,0.0,0.0,0.0,0.0,0.0,0.0,0.0,0.0,-0.615234375,-0.791015625,-0.87890625,0.703125,0.791015625,0.615234375,0.0,0.0,0.0,0.0,0.0,0.0,-3.2,-4.8,-5.6,4.0,4.8,3.2
15.889342784881592,0.0,0.0,0.0,0.0,0.0,0.0,0.0,0.0,0.0,0.0,0.0,0.0,-0.615234375,-0.791015625,-0.87890625,0.703125,0.791015625,0.615234375,0.0,0.0,0.0,0.0,0.0,0.0,-3.2,-4.8,-5.6,4.0,4.8,3.2
15.896009922027588,0.0,0.0,0.0,0.0,0.0,0.0,0.0,0.0,0.0,0.0,0.0,0.0,-0.615234375,-0.791015625,-0.87890625,0.703125,0.791015625,0.615234375,0.0,0.0,0.0,0.0,0.0,0.0,-3.2,-4.8,-5.6,4.0,4.8,3.2
15.902676820755005,0.0,0.0,0.0,0.0,0.0,0.0,0.0,0.0,0.0,0.0,0.0,0.0,-0.615234375,-0.791015625,-0.87890625,0.703125,0.791015625,0.615234375,0.0,0.0,0.0,0.0,0.0,0.0,-3.2,-4.8,-5.6,4.0,4.8,3.2
15.909343957901001,0.0,0.0,0.0,0.0,0.0,0.0,0.0,0.0,0.0,0.0,0.0,0.0,-0.615234375,-0.791015625,-0.87890625,0.703125,0.791015625,0.615234375,0.0,0.0,0.0,0.0,0.0,0.0,-3.2,-4.8,-5.6,4.0,4.8,3.2
15.916010856628418,0.0,0.0,0.0,0.0,0.0,0.0,0.0,0.0,0.0,0.0,0.0,0.0,-0.615234375,-0.791015625,-0.87890625,0.703125,0.791015625,0.615234375,0.0,0.0,0.0,0.0,0.0,0.0,-3.2,-4.8,-5.6,4.0,4.8,3.2
15.922677993774414,0.0,0.0,0.0,0.0,0.0,0.0,0.0,0.0,0.0,0.0,0.0,0.0,-0.615234375,-0.791015625,-0.87890625,0.703125,0.791015625,0.615234375,0.0,0.0,0.0,0.0,0.0,0.0,-3.2,-4.8,-5.6,4.0,4.8,3.2
15.929345846176147,0.0,0.0,0.0,0.0,0.0,0.0,0.0,0.0,0.0,0.0,0.0,0.0,-0.615234375,-0.791015625,-0.87890625,0.703125,0.791015625,0.615234375,0.0,0.0,0.0,0.0,0.0,0.0,-3.2,-4.8,-5.6,4.0,4.8,3.2
15.936154842376709,0.0,0.0,0.0,0.0,0.0,0.0,0.0,0.0,0.0,0.0,0.0,0.0,-0.615234375,-0.791015625,-0.87890625,0.703125,0.791015625,0.615234375,0.0,0.0,0.0,0.0,0.0,0.0,-3.2,-4.8,-5.6,4.0,4.8,3.2
15.942822933197021,0.0,0.0,0.0,0.0,0.0,0.0,0.0,0.0,0.0,0.0,0.0,0.0,-0.615234375,-0.791015625,-0.87890625,0.703125,0.791015625,0.615234375,0.0,0.0,0.0,0.0,0.0,0.0,-3.2,-4.8,-5.6,4.0,4.8,3.2
15.949490785598755,0.0,0.0,0.0,0.0,0.0,0.0,0.0,0.0,0.0,0.0,0.0,0.0,-0.615234375,-0.791015625,-0.87890625,0.703125,0.791015625,0.615234375,0.0,0.0,0.0,0.0,0.0,0.0,-3.2,-4.8,-5.6,4.0,4.8,3.2
15.956157922744751,0.0,0.0,0.0,0.0,0.0,0.0,0.0,0.0,0.0,0.0,0.0,0.0,-0.615234375,-0.791015625,-0.87890625,0.703125,0.791015625,0.615234375,0.0,0.0,0.0,0.0,0.0,0.0,-3.2,-4.8,-5.6,4.0,4.8,3.2
15.962825775146484,0.0,0.0,0.0,0.0,0.0,0.0,0.0,0.0,0.0,0.0,0.0,0.0,-0.615234375,-0.791015625,-0.87890625,0.703125,0.791015625,0.615234375,0.0,0.0,0.0,0.0,0.0,0.0,-3.2,-4.8,-5.6,4.0,4.8,3.2
15.969493865966797,0.0,0.0,0.0,0.0,0.0,0.0,0.0,0.0,0.0,0.0,0.0,0.0,-0.615234375,-0.791015625,-0.87890625,0.703125,0.791015625,0.615234375,0.0,0.0,0.0,0.0,0.0,0.0,-3.2,-4.8,-5.6,4.0,4.8,3.2
15.976161003112793,0.0,0.0,0.0,0.0,0.0,0.0,0.0,0.0,0.0,0.0,0.0,0.0,-0.615234375,-0.791015625,-0.87890625,0.703125,0.791015625,0.615234375,0.0,0.0,0.0,0.0,0.0,0.0,-3.2,-4.8,-5.6,4.0,4.8,3.2
15.982839822769165,0.0,0.0,0.0,0.0,0.0,0.0,0.0,0.0,0.0,0.0,0.0,0.0,-0.615234375,-0.791015625,-0.87890625,0.703125,0.791015625,0.615234375,0.0,0.0,0.0,0.0,0.0,0.0,-3.2,-4.8,-5.6,4.0,4.8,3.2
15.98952579498291,0.0,0.0,0.0,0.0,0.0,0.0,0.0,0.0,0.0,0.0,0.0,0.0,-0.615234375,-0.791015625,-0.87890625,0.703125,0.791015625,0.615234375,0.0,0.0,0.0,0.0,0.0,0.0,-3.2,-4.8,-5.6,4.0,4.8,3.2
15.996193885803223,0.0,0.0,0.0,0.0,0.0,0.0,0.0,0.0,0.0,0.0,0.0,0.0,-0.615234375,-0.791015625,-0.87890625,0.703125,0.791015625,0.615234375,0.0,0.0,0.0,0.0,0.0,0.0,-3.2,-4.8,-5.6,4.0,4.8,3.2
